Price,Close,High,Low,Open,Volume
Ticker,AVGO,AVGO,AVGO,AVGO,AVGO
Date,,,,,
2010-01-04,1.323686957359314,1.3264943166155412,1.2640297783289085,1.2843834257707158,5387000
2010-01-05,1.3335130214691162,1.3503574308246182,1.2703465909696297,1.330003779978418,3011000
2010-01-06,1.3440402746200562,1.354567995400344,1.3047367502402267,1.3300033135796725,5331000
2010-01-07,1.3356183767318726,1.3454443015877842,1.308948128789975,1.3363202583883318,2718000
2010-01-08,1.3454442024230957,1.3545681612831715,1.3229849950745773,1.3264942357644212,2899000
2010-01-11,1.3538662195205688,1.372114302635974,1.335618136405164,1.3475495367497492,5127000
2010-01-12,1.3335130214691162,1.3433389478432216,1.3152649322507182,1.3433389478432216,9167000
2010-01-13,1.2928056716918945,1.3307055261291563,1.2808742685728505,1.3307055261291563,9439000
2010-01-14,1.2935070991516113,1.3243883768114264,1.2738553389740568,1.2970163390523577,10654000
2010-01-15,1.280172348022461,1.3026314738590032,1.273855747641432,1.3026314738590032,1587000
2010-01-19,1.249992847442627,1.2738557364129737,1.2141985558205597,1.2563094477679777,3813000
2010-01-20,1.2605202198028564,1.2640294598223434,1.2240240566666853,1.2429740197054209,1938000
2010-01-21,1.2626259326934814,1.297718337116963,1.248588970924089,1.2542036886983325,3386000
2010-01-22,1.2324461936950684,1.2675385908730887,1.2198129139776062,1.2549053111556265,9235000
2010-01-25,1.2387633323669434,1.2492910561150754,1.2254282490860742,1.2401670121333122,2614000
2010-01-26,1.2464829683303833,1.2633272830194164,1.1819129001330781,1.1952479756229908,7654000
2010-01-27,1.2219188213348389,1.259818587576696,1.2106892175840451,1.2380613453515181,6963000
2010-01-28,1.2436758279800415,1.2450795909331605,1.2106889882525138,1.231744428546708,144576000
2010-01-29,1.2198134660720825,1.2535021993440683,1.2106894219428284,1.243676273486828,33570000
2010-02-01,1.228235125541687,1.2415702872446153,1.213496284624471,1.2198129665890827,5095000
2010-02-02,1.2422724962234497,1.2492909782849568,1.2177078090081745,1.2289374137733484,17729000
2010-02-03,1.2366576194763184,1.241570623557462,1.2268317786478329,1.2310428174313692,12857000
2010-02-04,1.2085835933685303,1.2338501586561672,1.1973539902036041,1.2198131965334564,13767000
2010-02-05,1.2071797847747803,1.2156019444142292,1.1650688192437655,1.2106890249301245,5387000
2010-02-08,1.1938443183898926,1.2134960749957577,1.1840184819203918,1.1987572366246428,4983000
2010-02-09,1.1924406290054321,1.2198127452175027,1.1805092323489792,1.1959498682377339,1896000
2010-02-10,1.1791062355041504,1.1889321619362527,1.1587526682047313,1.183317358784611,5780000
2010-02-11,1.202266812324524,1.2106889715929328,1.1580502879148953,1.1762983693855151,3700000
2010-02-12,1.2184096574783325,1.220515218917374,1.17840432480418,1.1917394078065944,1632000
2010-02-16,1.2268314361572266,1.2289369967946426,1.2120925953621926,1.2212166356797434,4227000
2010-02-17,1.2219188213348389,1.2352539025803706,1.2050744157086482,1.2352539025803706,5077000
2010-02-18,1.2247262001037598,1.2282354408738663,1.2141984777934403,1.2261298796784224,4619000
2010-02-19,1.2303410768508911,1.2366576771542532,1.2184095905737995,1.2282355155274687,3746000
2010-02-22,1.217707872390747,1.2345521967483613,1.20928571021194,1.2282355960309834,8465000
2010-02-23,1.2198134660720825,1.2275337467453649,1.20226725954156,1.2177079045550372,18202000
2010-02-24,1.2450793981552124,1.2542033539365116,1.2219184006842827,1.2282349983277774,8523000
2010-02-25,1.2696447372436523,1.2907001852653226,1.241570806548092,1.2633280526370034,23197000
2010-02-26,1.2738556861877441,1.2766630454067889,1.2605205207300272,1.266837120806329,2807000
2010-03-01,1.2843835353851318,1.319475947417413,1.2717502503201288,1.3124574650109566,8722000
2010-03-02,1.3138606548309326,1.3152643340554213,1.2766626952141489,1.2766626952141489,9810000
2010-03-03,1.3271961212158203,1.3994864963695046,1.3159665175090138,1.3159665175090138,10634000
2010-03-04,1.337723970413208,1.350357254866931,1.298420437372049,1.3342147293797797,3966000
2010-03-05,1.3587793111801147,1.3798347557469,1.3370219849943439,1.3370219849943439,3767000
2010-03-08,1.3552700281143188,1.3700088723177561,1.3398293859807016,1.367201429596346,2220000
2010-03-09,1.3580774068832397,1.40369761968305,1.344040444073113,1.3643940903479357,9227000
2010-03-10,1.3854491710662842,1.4022935722191516,1.3587789319910677,1.36579741155471,5449000
2010-03-11,1.3938719034194946,1.4015922675833585,1.3889589824365407,1.3889589824365407,3947000
2010-03-12,1.3791327476501465,1.4036974292350313,1.364393905232461,1.396678948782207,4984000
2010-03-15,1.3629904985427856,1.3728163396756534,1.3356183691008192,1.3728163396756534,1792000
2010-03-16,1.3686048984527588,1.381238178814898,1.3447420169538564,1.3629900978843772,1623000
2010-03-17,1.3959771394729614,1.4029956202887959,1.3728161360473297,1.374921697025458,3094000
2010-03-18,1.4022939205169678,1.403697600044963,1.3672014303157056,1.3994864777940805,2112000
2010-03-19,1.4114179611206055,1.423349530634532,1.3819403546559186,1.4114179611206055,6365000
2010-03-22,1.3994863033294678,1.4142252293701534,1.3826419837596,1.394573383760497,4734000
2010-03-23,1.419137954711914,1.4247526713554999,1.4001879932057497,1.4022935537805319,2819000
2010-03-24,1.3770270347595215,1.417734233625275,1.3735177949205233,1.417734233625275,1535000
2010-03-25,1.3791327476501465,1.3861512281029706,1.3552698639104122,1.3861512281029706,5835000
2010-03-26,1.3973807096481323,1.4177342677372962,1.3798344263640843,1.3798344263640843,5250000
2010-03-29,1.419137954711914,1.431771150826857,1.399486111791864,1.4100139146657746,2961000
2010-03-30,1.4303680658340454,1.439492109136574,1.4008903746001988,1.423349583857778,3539000
2010-03-31,1.4430010318756104,1.4514232758114887,1.4156289064177883,1.431069631188971,6620000
2010-04-01,1.43878972530365,1.4598451651080435,1.410014007771107,1.4521248873798942,3246000
2010-04-05,1.4219458103179932,1.4528270973250486,1.3889588783328923,1.4521252993326044,6120000
2010-04-06,1.4514236450195312,1.461951285283581,1.403697862798875,1.407207187776108,2358000
2010-04-07,1.4373860359191895,1.4556339486918732,1.4317711519374983,1.444404515395991,1446000
2010-04-08,1.4107160568237305,1.4373863857264075,1.4093122936532456,1.4373863857264075,1402000
2010-04-09,1.404399037361145,1.4135230774506353,1.3917658411861782,1.4107157191155038,1983000
2010-04-12,1.4051011800765991,1.4142252213195408,1.380536415037809,1.3980826160177406,2867000
2010-04-13,1.414225697517395,1.4205422148634268,1.3861516828295408,1.3938719636601509,2367000
2010-04-14,1.5124843120574951,1.5131861100660384,1.4387901664784732,1.447914209924783,4783000
2010-04-15,1.541260004043579,1.5440673630441666,1.515993438370711,1.515993438370711,6148000
2010-04-16,1.5356448888778687,1.542663368995819,1.5209061308303031,1.5419615711841534,3439000
2010-04-19,1.537048578262329,1.546874416490381,1.4949376995703152,1.5216078558084212,4867000
2010-04-20,1.570035457611084,1.6058298225700953,1.5567002954760107,1.5770539375768444,8506000
2010-04-21,1.5328373908996582,1.60232038794864,1.5061670684766146,1.5791593889323128,5402000
2010-04-22,1.5110809803009033,1.5342419919713879,1.4717772729403653,1.5328382283749966,6441000
2010-04-23,1.5082731246948242,1.5173971677500824,1.4794973995721208,1.5040620021564275,1886000
2010-04-26,1.5293283462524414,1.5461728339410215,1.4949379076670786,1.498447064379679,2550000
2010-04-27,1.4738825559616089,1.534241701851246,1.4612493553183517,1.534241701851246,2506000
2010-04-28,1.4745845794677734,1.4942362628734092,1.4514235712632362,1.4865159825831689,3139000
2010-04-29,1.5019567012786865,1.5300306301623192,1.4970436131236171,1.4970436131236171,3185000
2010-04-30,1.4394922256469727,1.5223102527365735,1.4380884622045766,1.5138881740836676,3603000
2010-05-03,1.4823046922683716,1.5068694610835927,1.4310697607970626,1.44931784608829,4239000
2010-05-04,1.4072065353393555,1.4717764451117905,1.3980824117625321,1.4717764451117905,5540000
2010-05-05,1.3749216794967651,1.4079086058441537,1.34754955446384,1.3994863620390137,6266000
2010-05-06,1.347549557685852,1.3742198012431546,1.301929432855455,1.3735180033689747,9155000
2010-05-07,1.3538662195205688,1.3686050623189259,1.2899980122835404,1.3503569792035208,6025000
2010-05-10,1.4556342363357544,1.4675658044044564,1.4036975114111,1.4036975114111,8944000
2010-05-11,1.4500197172164917,1.4598455583049628,1.4156291060730368,1.4268587104600636,2174000
2010-05-12,1.4542309045791626,1.4682678688549844,1.4387901769422333,1.4430012996917425,3533000
2010-05-13,1.435982584953308,1.4619509479238402,1.4261567450185855,1.4619509479238402,2919000
2010-05-14,1.4198402166366577,1.4380883026946465,1.3840459261640268,1.4324734168816782,5049000
2010-05-17,1.440193772315979,1.440193772315979,1.3980828007335233,1.421243889487357,2929000
2010-05-18,1.4093118906021118,1.4654598913567976,1.3994860532201954,1.4458080492592218,3384000
2010-05-19,1.4051011800765991,1.4233492625624822,1.3285996099370803,1.3924678149707854,5790000
2010-05-20,1.4107160568237305,1.4247530191934161,1.3643940475370098,1.3875550521803701,11123000
2010-05-21,1.3903625011444092,1.421243954222789,1.3714126174526495,1.396679184819596,8233000
2010-05-24,1.360884428024292,1.4036971847979445,1.3552696279064056,1.3861509867213446,4802000
2010-05-25,1.3496556282043457,1.3573759934033756,1.2998243626475268,1.3335130996671423,6804000
2010-05-26,1.4051011800765991,1.4331751016444896,1.3672012520929295,1.3728160531398848,9462000
2010-05-27,1.4977450370788574,1.5124837942148968,1.4240509167311504,1.429665633544759,10657000
2010-05-28,1.4493181705474854,1.508273394635019,1.4247533962329428,1.5040622713429448,7955000
2010-06-01,1.4310702085494995,1.47318111055083,1.4275608830491304,1.4500200977167133,4561000
2010-06-02,1.481602430343628,1.481602430343628,1.427559989340802,1.427559989340802,8618000
2010-06-03,1.5202041864395142,1.544067153033347,1.4780933051568932,1.4780933051568932,6463000
2010-06-04,1.4605475664138794,1.504764019941308,1.4444050410096556,1.5019566605957495,3157000
2010-06-07,1.4577395915985107,1.4809005919134177,1.442299036277746,1.465460036592653,7353000
2010-06-08,1.4801990985870361,1.4809008965185797,1.4472122531313791,1.4696714602787089,11924000
2010-06-09,1.4787952899932861,1.5370486932762537,1.4710748445217499,1.4914284876127015,8025000
2010-06-10,1.5300302505493164,1.5419616506312008,1.5082728439290205,1.508974809110619,10099000
2010-06-11,1.539154291152954,1.5426634477241328,1.5040617214385232,1.5089748083722117,7929000
2010-06-14,1.5096763372421265,1.5552965358757609,1.4956393787908149,1.5545945708195745,13409000
2010-06-15,1.5616135597229004,1.593196810213329,1.513887952345309,1.5265211521412012,12082000
2010-06-16,1.6058300733566284,1.6486427576338032,1.547576496476071,1.5595078975478445,26923000
2010-06-17,1.638816237449646,1.662679029689325,1.6163570404395255,1.6346051170935336,20536000
2010-06-18,1.6170587539672852,1.651449345308935,1.6009162383307436,1.6346050320941077,12720000
2010-06-21,1.6135504245758057,1.6423261480177862,1.5707375710477764,1.641624350080312,7111000
2010-06-22,1.5623154640197754,1.617059550776651,1.5510858605652442,1.60653191258001,12008000
2010-06-23,1.5819672346115112,1.593196838705239,1.5096768569670274,1.5791598754215297,11441000
2010-06-24,1.4907268285751343,1.5917929209414499,1.4549324585422712,1.5896875272536677,17771000
2010-06-25,1.5068696737289429,1.5489805684972129,1.4830066994931994,1.5047641122571471,95883000
2010-06-28,1.5265213251113892,1.5342417727878261,1.4401939759452742,1.5117825624571652,9663000
2010-06-29,1.4717767238616943,1.4942359290220038,1.4289640418169949,1.49353413115255,13274000
2010-06-30,1.4780937433242798,1.4956400327270263,1.4507216121762276,1.4661623401572919,13444000
2010-07-01,1.5026578903198242,1.5124837279802241,1.4514229741377414,1.496341208680818,11503000
2010-07-02,1.5138875246047974,1.5223095996445155,1.4928320860048752,1.5075708428246952,5534000
2010-07-06,1.4647585153579712,1.5588063080263592,1.4563364373581371,1.5307323800259593,10588000
2010-07-07,1.5209063291549683,1.5223099249613266,1.4387899504666695,1.4563362367164454,9493000
2010-07-08,1.5293283462524414,1.544067272979949,1.498447064379679,1.5272229526251495,2914000
2010-07-09,1.5447691679000854,1.5447691679000854,1.5089749639807766,1.5258192853937578,3255000
2010-07-12,1.5510855913162231,1.5707372684500238,1.5054653874930959,1.533539307589247,4995000
2010-07-13,1.5777560472488403,1.5791598104529794,1.5538932441150393,1.5658246456819398,6589000
2010-07-14,1.5644210577011108,1.6044263848821854,1.5595079701287442,1.5791598184168236,5384000
2010-07-15,1.6079357862472534,1.6142524706569095,1.5377509616971439,1.561613768577417,8355000
2010-07-16,1.5433658361434937,1.6107434752970657,1.5426640380274683,1.592495385609703,6599000
2010-07-19,1.563017725944519,1.5700362092703986,1.528627107447558,1.547576995694048,5262000
2010-07-20,1.5440669059753418,1.5503835873571663,1.5159929896122204,1.54617246643595,7122000
2010-07-21,1.5279251337051392,1.569334230768682,1.5244158087786182,1.5559990637820178,5036000
2010-07-22,1.603724479675293,1.6100409953687944,1.5363468620518121,1.5461728692055183,8397000
2010-07-23,1.6058300733566284,1.6233761923443701,1.5791597449213093,1.6072336691687266,6317000
2010-07-26,1.6002155542373657,1.6107433619058111,1.537751008294792,1.6065322388384329,6892000
2010-07-27,1.5735450983047485,1.6184633456691637,1.560209933482855,1.6037245849715733,9720000
2010-07-28,1.5300302505493164,1.582668937812947,1.5279246896720693,1.5707373703972887,3550000
2010-07-29,1.5279251337051392,1.5433656948471288,1.4991492382426628,1.537750975765282,5103000
2010-07-30,1.5272233486175537,1.5377509888188383,1.4801993647391678,1.5145899795754236,2775000
2010-08-02,1.5321362018585205,1.600215463125467,1.5159936759085662,1.5426638415937248,10105000
2010-08-03,1.5159937143325806,1.5370491616704722,1.4998511879734817,1.5244157928674447,4176000
2010-08-04,1.5679302215576172,1.5756505009184552,1.4914287238896167,1.522310008666765,6168000
2010-08-05,1.5960043668746948,1.596706332246863,1.551787911116143,1.551787911116143,4639000
2010-08-06,1.5854759216308594,1.595301758512045,1.5714389639909556,1.5833703612515002,2716000
2010-08-09,1.6072332859039307,1.6093388464537686,1.5777556055399475,1.5917925643163684,2267000
2010-08-10,1.5651230812072754,1.601619256620871,1.5581045988072624,1.584774764993784,3722000
2010-08-11,1.4198402166366577,1.456336388752635,1.3531645561941152,1.4415974599106725,23300000
2010-08-12,1.4324733018875122,1.466162112059483,1.4177345415625326,1.4352808282355198,18324000
2010-08-13,1.4029957056045532,1.4422993176969146,1.4001883465742613,1.4303679163178291,39578000
2010-08-16,1.4226473569869995,1.4247529179261744,1.3833438316787006,1.40299559433285,14858000
2010-08-17,1.4296658039093018,1.4535287715451308,1.4240510864266214,1.4310695669468594,7749000
2010-08-18,1.4563360214233398,1.4612489406868814,1.4100140199856477,1.4261565407088967,8339000
2010-08-19,1.4394922256469727,1.4633550328309404,1.4303681816059572,1.4507216638508469,5891000
2010-08-20,1.4338771104812622,1.4422993551244871,1.424051269953364,1.424051269953364,4158000
2010-08-23,1.4317715167999268,1.4437029182176273,1.4191383174558299,1.4345788758393048,5772000
2010-08-24,1.4205422401428223,1.4373867329222065,1.4001886732572024,1.403697914697269,10926000
2010-08-25,1.4240509271621704,1.4331749675514336,1.3833436442971876,1.4212435687348024,11221000
2010-08-26,1.4458088874816895,1.4752865840511773,1.4219460779098299,1.4401941678179013,7769000
2010-08-27,1.4254544973373413,1.4493174618796234,1.404399058506212,1.4472119012631353,10518000
2010-08-30,1.4036974906921387,1.4289640548952889,1.39878457089344,1.4184362500882344,5904000
2010-08-31,1.414225697517395,1.42124418027263,1.3826424414519234,1.3896609242071585,6339000
2010-09-01,1.4738825559616089,1.499149124581933,1.4149273407367255,1.4247531820519046,11095000
2010-09-02,1.4773916006088257,1.4907267640570174,1.4619508762301945,1.4886212031265778,3047000
2010-09-03,1.472478985786438,1.488621511373232,1.4549326968440828,1.4858141519959227,5240000
2010-09-07,1.4444046020507812,1.4731803194318964,1.4366841570294986,1.459143359636168,4393000
2010-09-08,1.4093118906021118,1.4521247307192007,1.3889583344537686,1.4430006910549233,10604000
2010-09-09,1.3805365562438965,1.4247530039693133,1.3679032735127925,1.412821602815952,15500000
2010-09-10,1.3089474439620972,1.37913230987878,1.2921030460220237,1.3714119503645557,25537000
2010-09-13,1.3300033807754517,1.3384255410918173,1.3166683005801136,1.3173700984674572,11641000
2010-09-14,1.3966786861419678,1.4163303607809419,1.306140171458948,1.3215808924851002,12115000
2010-09-15,1.341233253479004,1.4114180763470632,1.327196288905392,1.38966083145811,11064000
2010-09-16,1.3510589599609375,1.3791329699646155,1.3335127560004514,1.3342146376256308,8576000
2010-09-17,1.4065049886703491,1.4261568371430169,1.3545681757074666,1.3615867408287898,15408000
2010-09-20,1.447914481163025,1.4724792567356961,1.388959170389073,1.4135238622948225,12498000
2010-09-21,1.4577395915985107,1.5384521938070894,1.4338767934964127,1.4563359960241282,9719000
2010-09-22,1.4570379257202148,1.5054654914296177,1.452826803948306,1.4598452844568959,14238000
2010-09-23,1.4970430135726929,1.5195022146184374,1.4191379423209676,1.4493174205176715,10337000
2010-09-24,1.5145899057388306,1.5286268702121208,1.49634181845679,1.5005529412655403,7934000
2010-09-27,1.540557861328125,1.5517874633706683,1.5251173049366775,1.5426634221694624,6663000
2010-09-28,1.5651230812072754,1.5735453270208188,1.530732467247066,1.5510861164072494,6547000
2010-09-29,1.5672279596328735,1.579159357779583,1.552489035882676,1.565122399097131,3880000
2010-09-30,1.5798616409301758,1.6142522504689116,1.567930239117512,1.5707375982498215,10464000
2010-10-01,1.588283896446228,1.5903894576432076,1.5686320477190185,1.5875820984918347,6330000
2010-10-04,1.565824031829834,1.588283230288581,1.5384519150833103,1.5861776699747152,7856000
2010-10-05,1.575650691986084,1.5875822624457736,1.5616137274457842,1.5749488939592138,4099000
2010-10-06,1.5637192726135254,1.5924951667558365,1.5328379844124789,1.5735452815566986,10263000
2010-10-07,1.6058300733566284,1.6121465891786457,1.5623154238396164,1.5679301417555849,8158000
2010-10-08,1.5581039190292358,1.593898113452671,1.5475761163554334,1.5896871597168967,11144000
2010-10-11,1.5679302215576172,1.5763524661940196,1.5489803384595082,1.5623155033558798,3876000
2010-10-12,1.5454704761505127,1.5714389989626132,1.525818801950802,1.5714389989626132,8550000
2010-10-13,1.5440669059753418,1.5609112223264663,1.511781868691004,1.5588056618658581,9490000
2010-10-14,1.5735450983047485,1.579159816475127,1.5293284815443864,1.546172970723113,8488000
2010-10-15,1.5924952030181885,1.594600764458684,1.5377509402329406,1.5826693611850882,8650000
2010-10-18,1.5960043668746948,1.5988118936957292,1.5728433582709858,1.5974081302852121,4626000
2010-10-19,1.5714391469955444,1.5946001465320123,1.5510855058472461,1.5700353841345827,5217000
2010-10-20,1.5510855913162231,1.5896873151153126,1.5496818283779104,1.5819668699552367,3061000
2010-10-21,1.540557861328125,1.5588059437305364,1.5370487048150763,1.558104145894681,3467000
2010-10-22,1.5777560472488403,1.5784580125178072,1.5405580793439995,1.5440674036874498,5244000
2010-10-25,1.6044257879257202,1.6226738662130442,1.5728425497617007,1.5791592308612512,6475000
2010-10-26,1.643729567527771,1.6479406889396737,1.588985323840558,1.6002149251610447,14787000
2010-10-27,1.6633814573287964,1.666890781399326,1.6275872554118158,1.6430279801213388,11251000
2010-10-28,1.6444315910339355,1.6879462393735023,1.620568789536082,1.6816295563886177,13518000
2010-10-29,1.732163429260254,1.7511133190167758,1.63951937504272,1.6500471845373739,13607000
2010-11-01,1.6725057363510132,1.7356722399102507,1.6682947811363622,1.719529715030371,8575000
2010-11-02,1.6900514364242554,1.7153179955889826,1.675312679967226,1.6914551992298643,4040000
2010-11-03,1.732163429260254,1.7384801149570464,1.6816302783536252,1.6928598860366377,5849000
2010-11-04,1.7749745845794678,1.7805892993337482,1.7314599595658677,1.7518135933840977,9831000
2010-11-05,1.7805898189544678,1.8037508169087972,1.7651492652074094,1.779888021238804,6295000
2010-11-08,1.7721680402755737,1.7953290420972448,1.7497088362867501,1.7651495599457876,3744000
2010-11-09,1.7426892518997192,1.7862038693098026,1.7391799302912243,1.7777816313163464,4079000
2010-11-10,1.7272495031356812,1.7497087054450247,1.71110698285092,1.74409382120081,2680000
2010-11-11,1.744093894958496,1.7616401788797824,1.6739090939408812,1.712510818167452,12118000
2010-11-12,1.8051550388336182,1.811471721882533,1.7237406264270394,1.741286745117867,10075000
2010-11-15,1.7665534019470215,1.8219994544840905,1.7602367185692585,1.8212976565533814,4987000
2010-11-16,1.7476030588150024,1.7595344571632008,1.7139142570079575,1.7560253011002012,5697000
2010-11-17,1.726548194885254,1.768659085654698,1.7195297130903466,1.7454980789981234,6378000
2010-11-18,1.7595350742340088,1.7658517581631756,1.7321629445414282,1.7384796284705948,6640000
2010-11-19,1.7735713720321655,1.7777824930701724,1.7433918943714433,1.7497085759284536,3454000
2010-11-22,1.8255082368850708,1.8255082368850708,1.7777824777550464,1.7777824777550464,9078000
2010-11-23,1.8234034776687622,1.8290181965825958,1.8009442673457936,1.8177885914211114,6454000
2010-11-24,1.845862627029419,1.8528811091068238,1.8297201015180065,1.833229258889803,8239000
2010-11-26,1.8956938982009888,1.8985012577112392,1.8367386791504463,1.8423533981709472,6268000
2010-11-29,1.8893778324127197,1.9020112053459304,1.8500742843991902,1.8999056431903953,10205000
2010-11-30,1.8325276374816895,1.9125383074079185,1.8311238739974038,1.88937729758709,54355000
2010-12-01,1.885165810585022,1.894991650204734,1.8451603195611417,1.8584954832357685,16522000
2010-12-02,1.993952751159668,1.9988656719671094,1.8830606319808019,1.892184675575712,19060000
2010-12-03,1.863408088684082,1.9651761264351593,1.8563896090920682,1.9651761264351593,26279000
2010-12-06,1.884462833404541,1.8872701907406346,1.845159328698159,1.8844628334045412,8971000
2010-12-07,1.7447963953018188,1.7749758857300382,1.718126062333998,1.7377779130472053,117381000
2010-12-08,1.7826964855194092,1.8065592959952197,1.744796708018552,1.753920753318217,49077000
2010-12-09,1.8535829782485962,1.8606014605953465,1.7946275926688395,1.806558995924933,34051000
2010-12-10,1.8528802394866943,1.873935675836872,1.8360357565395655,1.873935675836872,14052000
2010-12-13,1.8704733848571777,1.878918019040431,1.8542879478583647,1.871880879813931,12177000
2010-12-14,1.85006582736969,1.8824367048073072,1.8275469123403951,1.875399564832984,9460000
2010-12-15,1.857806921005249,1.890881464282564,1.8233248825290147,1.8507697805679764,18005000
2010-12-16,1.945068120956421,1.9457719526956458,1.8592149099623563,1.8718818679237401,24425000
2010-12-17,1.982364535331726,1.9985499771186515,1.9373268645144344,1.950697483333782,36401000
2010-12-20,1.957030177116394,2.0013643379615456,1.9492893744472015,1.9626599890583225,14602000
2010-12-21,1.9619570970535278,1.9767350446278218,1.9471789817005372,1.9668830795782923,14950000
2010-12-22,1.9802531003952026,1.9837717544486864,1.9274746318222278,1.9668826512164808,9600000
2010-12-23,1.9795496463775635,2.0027722286986696,1.9640678689039333,1.9795496463775633,5885000
2010-12-27,2.023883581161499,2.0365505353185234,1.957734490937054,1.9774384181430855,13311000
2010-12-28,1.991512417793274,2.026698284727896,1.9858827730397772,2.024587126000673,5836000
2010-12-29,2.014735460281372,2.017550451085443,1.980957248419385,2.0020686727777988,6296000
2010-12-30,2.032327651977539,2.0358461375233814,1.9950307991870344,2.0154385522445204,6815000
2010-12-31,1.9992541074752808,2.033736155372693,1.9908094695318466,2.033736155372693,6177000
2011-01-03,1.956326961517334,2.019661227861103,1.9478823255600306,2.019661227861103,14436000
2011-01-04,1.9704006910324097,1.991512107233848,1.8979181452962763,1.9563264135647844,16262000
2011-01-05,1.96969735622406,1.9823641409474897,1.9528082539999374,1.9598453939082092,9537000
2011-01-06,2.0069944858551025,2.0076981496074677,1.954215845518232,1.973216109061477,9598000
2011-01-07,1.9901055097579956,2.006290951557463,1.954919803189303,2.0034759608090207,8774000
2011-01-10,2.033735990524292,2.047810274103392,1.9654755641648316,1.988698148848216,15385000
2011-01-11,2.0576624870300293,2.05906998266904,2.029513916479534,2.0506253443924054,13549000
2011-01-12,1.982364535331726,2.06399557584226,1.971808907258639,2.0604769212987755,15599000
2011-01-13,1.9950307607650757,2.016845840509316,1.9718081861624301,1.9985492462431562,9645000
2011-01-14,2.0414764881134033,2.044994974587914,1.9704012493186622,1.9943276620157449,9776000
2011-01-18,1.9528087377548218,1.9626607025112268,1.9162155340553837,1.9457715961032906,100182000
2011-01-19,1.9535118341445923,2.0055866336838784,1.9359189012366849,1.9704009356467063,29795000
2011-01-20,1.9492900371551514,1.9577346740496862,1.919733975802968,1.9485863733401694,20963000
2011-01-21,1.9542157649993896,1.9823643272782794,1.9464749607062946,1.9696975413642452,12490000
2011-01-24,1.9767343997955322,1.9858826980083055,1.9408448705673784,1.9858826980083055,21495000
2011-01-25,1.9718084335327148,1.9809567318134809,1.9281781007920347,1.9809567318134809,14548000
2011-01-26,1.9879944324493408,1.997142733311786,1.9563272113441557,1.9795497954136407,15209000
2011-01-27,2.0562539100646973,2.071735682837525,1.9999567985687805,1.9999567985687805,37302000
2011-01-28,1.9739195108413696,2.066106153477753,1.9612525593845385,2.061883836325476,13722000
2011-01-31,2.020364761352539,2.032327882008259,1.966882466329021,1.9732157745841032,13104000
2011-02-01,2.0456981658935547,2.0759578783305512,2.0238829190198446,2.0351423742161763,15835000
2011-02-02,2.0266976356506348,2.068920461115374,2.0196603302945837,2.0421792376538828,11300000
2011-02-03,2.069624423980713,2.081587542815399,2.0126234839111845,2.0252904340504654,12326000
2011-02-04,2.195589065551758,2.1969965602607693,2.0914393226644483,2.096365470256685,25500000
2011-02-07,2.1667373180389404,2.2152936309743367,2.1505518803938086,2.1934785488346544,9762000
2011-02-08,2.245553970336914,2.2694802177415707,2.181515865615484,2.2096645992299284,34684000
2011-02-09,2.306072950363159,2.318739903074395,2.234294055002113,2.246961007713349,42916000
2011-02-10,2.28566575050354,2.322258954652451,2.2624431659903763,2.3215552908122623,35043000
2011-02-11,2.3426663875579834,2.3468887055644863,2.274406139048418,2.2891840842925086,27725000
2011-02-14,2.395444869995117,2.4172599545599147,2.3630739911062824,2.3630739911062824,25997000
2011-02-15,2.3722219467163086,2.410926296594411,2.3518141924977223,2.3848887302920936,19788000
2011-02-16,2.4193718433380127,2.434853623757829,2.3792601483624773,2.3862972907753557,12605000
2011-02-17,2.3665928840637207,2.422186352240583,2.344074131933665,2.415853042336433,34387000
2011-02-18,2.3820738792419434,2.3975556525610977,2.366592105922789,2.3764442350051413,15639000
2011-02-22,2.294109344482422,2.339146997569357,2.261034810132082,2.339146997569357,20118000
2011-02-23,2.205441951751709,2.3222585160970657,2.1758858949223874,2.32085118868246,33272000
2011-02-24,2.3912222385406494,2.4010742000980816,2.2279603703467683,2.2413309854767904,35331000
2011-02-25,2.417963743209839,2.434149182367599,2.3785557247291473,2.4095191079001705,19132000
2011-02-28,2.3919265270233154,2.4299272237530594,2.3567408209985015,2.4165566051300256,16263000
2011-03-01,2.25681209564209,2.284960644831966,2.2406266630800524,2.269478875666099,101318000
2011-03-02,2.2842581272125244,2.289887772762877,2.254702068626493,2.2596280504277195,26617000
2011-03-03,2.322258710861206,2.3278885243277774,2.276517210477021,2.3074807650964737,32848000
2011-03-04,2.307480812072754,2.332814553741386,2.287776716206627,2.3264810763795585,20498000
2011-03-07,2.2504794597625732,2.3222583540368418,2.2216272364326866,2.3222583540368418,16709000
2011-03-08,2.279331922531128,2.2905913803095204,2.2230346336391658,2.2462572128762703,19603000
2011-03-09,2.1815149784088135,2.2441455622555666,2.1772928294735174,2.2335899382493984,43929000
2011-03-10,2.182220220565796,2.1899610276934918,2.121700755948866,2.168145934272497,36191000
2011-03-11,2.1977005004882812,2.218108253556624,2.161107479010378,2.18010773719246,13135000
2011-03-14,2.1815149784088135,2.193478265024445,2.1618110574487024,2.1878484534796856,16414000
2011-03-15,2.1864423751831055,2.2012203243434056,2.10058900037588,2.128033906912478,19796000
2011-03-16,2.0855507850646973,2.193496998141214,2.074262260310671,2.1836196020608605,28724000
2011-03-17,2.0686163902282715,2.1384639280004047,1.9945356377647976,2.1356418409433986,38143000
2011-03-18,2.1391704082489014,2.1511644090666464,2.106715973936543,2.121532062909335,30697000
2011-03-21,2.1864421367645264,2.197730663819006,2.1575154228595266,2.173037000374093,19947000
2011-03-22,2.166686534881592,2.2083128893232837,2.1483427062658116,2.197729846578888,15176000
2011-03-23,2.1878528594970703,2.188558339740792,2.1412877991756782,2.167392418523049,12364000
2011-03-24,2.1920857429504395,2.210429403971143,2.158925653377722,2.2061963549428354,13371000
2011-03-25,2.1765644550323486,2.200552466764733,2.1709201081347413,2.197730377421829,9122000
2011-03-28,2.1864421367645264,2.2224243272639193,2.1688037817021857,2.1779756994207116,10740000
2011-03-29,2.185029983520508,2.1949075451952322,2.159631019819049,2.1913798085517433,14708000
2011-03-30,2.2217183113098145,2.2287736185257714,2.1596316750941127,2.222423959779665,17353000
2011-03-31,2.194201707839966,2.243589007322094,2.1737414426332946,2.224539702081826,15803000
2011-04-01,2.223834753036499,2.2506450193677536,2.1913803086417065,2.2224237926265045,16029000
2011-04-04,2.158926010131836,2.2287736014997668,2.1137720779370106,2.2287736014997668,18790000
2011-04-05,2.23441743850708,2.285921185863781,2.1596311660049254,2.1695085601365114,20444000
2011-04-06,2.312025308609009,2.318375132721624,2.239355660025915,2.2675768762441373,21373000
2011-04-07,2.290860414505005,2.3261369504546954,2.2795718893587456,2.319081643264757,16580000
2011-04-08,2.297914981842041,2.3381302030555324,2.276749067086954,2.318375416568813,8340000
2011-04-11,2.273927927017212,2.3021491584592537,2.2393568680371683,2.2788666256983885,8896000
2011-04-12,2.213251829147339,2.268988801216871,2.178680776675022,2.2591112375020828,18839000
2011-04-13,2.2435898780822754,2.2781609338524547,2.2090188223120966,2.2485285763049023,8770000
2011-04-14,2.1920857429504395,2.2428838451960065,2.16598095937392,2.2245401841753023,11746000
2011-04-15,2.2393569946289062,2.246412302888256,2.1575153851780846,2.1871475789402632,12119000
2011-04-18,2.2294788360595703,2.2365341419118066,2.1539869120500574,2.214662576021642,8052000
2011-04-19,2.2414722442626953,2.2569938120908737,2.2181897243087123,2.226655988157251,7237000
2011-04-20,2.297210216522217,2.3014434344326213,2.253467245134353,2.2703999485641813,11153000
2011-04-21,2.300032138824463,2.3324865828334693,2.2943879608280175,2.319787098235578,8335000
2011-04-25,2.274632453918457,2.30708689011576,2.257699755793001,2.2957983686282106,6000000
2011-04-26,2.28239369392395,2.298620915258069,2.2471171623740767,2.298620915258069,11000000
2011-04-27,2.3557698726654053,2.363530661971226,2.2689895566048963,2.276044865486142,9822000
2011-04-28,2.3204925060272217,2.3861068721945196,2.3183758972916535,2.3494192117270334,7214000
2011-04-29,2.3607075214385986,2.3635296100927725,2.3084982925952326,2.3240198642990673,8180000
2011-05-02,2.338836193084717,2.380462548649702,2.3226089725799217,2.380462548649702,7082000
2011-05-03,2.268988847732544,2.3585912257098127,2.266872238908253,2.3487138300043084,11762000
2011-05-04,2.2957987785339355,2.300737476026822,2.2520558130389503,2.2753383401978557,7482000
2011-05-05,2.3451857566833496,2.356474279392237,2.263344177308612,2.2929765283929715,8190000
2011-05-06,2.4630093574523926,2.4693591826155905,2.3719958696268693,2.388223088458323,19072000
2011-05-09,2.501814126968384,2.5145136116550484,2.4446660253489454,2.4693596827325113,13743000
2011-05-10,2.5265071392059326,2.5526117503267463,2.512396529507561,2.522979402675472,16750000
2011-05-11,2.530740261077881,2.544851039397984,2.5067522575360144,2.5265072126147654,13834000
2011-05-12,2.47359299659729,2.5448517142904867,2.4573657738480543,2.53709075892447,20255000
2011-05-13,2.4615983963012695,2.4982858825124894,2.460892748031158,2.4735923983522206,10121000
2011-05-16,2.417149543762207,2.4679476317351248,2.4086831116608627,2.448192847780943,7560000
2011-05-17,2.4178545475006104,2.4298485451408047,2.3861056015852795,2.405860549860416,12570000
2011-05-18,2.4432551860809326,2.451721453554535,2.3748185567848696,2.4263223147101534,6843000
2011-05-19,2.455954074859619,2.473592422182662,2.4432545926279556,2.4481932895075884,7067000
2011-05-20,2.4263217449188232,2.4841753160219615,2.419972087857706,2.4580707030714017,13164000
2011-05-23,2.259817361831665,2.393868214179095,2.2421790076800447,2.3931627338408097,24924000
2011-05-24,2.2372395992279053,2.2795714339098083,2.221012379112,2.2668719507899406,28000000
2011-05-25,2.4340834617614746,2.4467829480774306,2.300737930279034,2.3141430650988433,67195000
2011-05-26,2.448899030685425,2.458776425497863,2.3741127530282258,2.436905027240069,18410000
2011-05-27,2.470065116882324,2.477826071801716,2.410800575763182,2.4552490236554827,17129000
2011-05-31,2.3839902877807617,2.4037452467770173,2.361413239845548,2.388928985476882,107163000
2011-06-01,2.3825795650482178,2.416444972116894,2.374113129175153,2.3875182632369083,33826000
2011-06-02,2.364941358566284,2.409389813211233,2.3268427312168427,2.3854018010439404,23147000
2011-06-03,2.391045331954956,2.40868368025926,2.3353083666244037,2.379051329121202,40817000
2011-06-06,2.3515350818634033,2.3995112511143812,2.346596385768875,2.3995112511143812,13823000
2011-06-07,2.4023334980010986,2.4164441072647858,2.35647393378825,2.384695320527355,49845000
2011-06-08,2.357179880142212,2.4108002357686185,2.345891357661113,2.3846956221501876,17524000
2011-06-09,2.4150338172912598,2.4439605238437103,2.381168244735724,2.419972515082567,32459000
2011-06-10,2.3825795650482178,2.4263223684942754,2.3550638166725486,2.41856158108516,14248000
2011-06-13,2.361412763595581,2.4206774604200634,2.3268418866949965,2.382578846898425,23053000
2011-06-14,2.4143271446228027,2.4312600078228113,2.3811672345422963,2.3818727144383947,21844000
2011-06-15,2.374006509780884,2.4263535806351983,2.3690547894638434,2.4150352904868244,19194000
2011-06-16,2.3605663776397705,2.367640288943294,2.310341657981359,2.363396077085459,21770000
2011-06-17,2.2990236282348633,2.393814185431718,2.2770945512908067,2.3824958923248163,20208000
2011-06-20,2.316708564758301,2.345004214076295,2.2770946219820347,2.296194168406143,19129000
2011-06-21,2.410083770751953,2.433427693421012,2.3237819909252697,2.3315632422631767,18439000
2011-06-22,2.5466105937957764,2.5671249884884957,2.3732996714147405,2.40371750883658,38382000
2011-06-23,2.533876895904541,2.5515617545710305,2.463845138926167,2.50982563653479,38113000
2011-06-24,2.51265549659729,2.53458456906003,2.47587109368078,2.531047698055545,102656000
2011-06-27,2.5077035427093506,2.548024812879309,2.475870863353673,2.514777452715577,18084000
2011-06-28,2.613813877105713,2.64423172659883,2.5331712848009036,2.5331712848009036,31148000
2011-06-29,2.667573928833008,2.673233158002013,2.5918831090220125,2.6357414182967065,25680000
2011-06-30,2.6880879402160645,2.7376053030389764,2.6279596296034526,2.673940122266661,26329000
2011-07-01,2.734776735305786,2.75812066000049,2.702944218048233,2.703651558597965,19479000
2011-07-05,2.7559974193573,2.76448617734035,2.7241649142314377,2.74114226154225,9519000
2011-07-06,2.7644872665405273,2.7644872665405273,2.7086033146629993,2.735484279763491,12312000
2011-07-07,2.734776735305786,2.790660686463129,2.7262881427429364,2.768024270973511,23121000
2011-07-08,2.6852593421936035,2.7029442050949903,2.619471949033864,2.7029442050949903,20213000
2011-07-11,2.6449382305145264,2.6965778040680504,2.624423835480224,2.6463529116963223,14573000
2011-07-12,2.5048742294311523,2.6343269879963933,2.4765785850498707,2.630790116776405,34677000
2011-07-13,2.5027518272399902,2.5657096770094627,2.479407907310358,2.5289252774463287,19458000
2011-07-14,2.488603353500366,2.5812716747518722,2.482944294049943,2.5077030586199385,22356000
2011-07-15,2.5119473934173584,2.543072557158599,2.472333303339005,2.5020437865701286,13745000
2011-07-18,2.4758706092834473,2.526095483232374,2.4334271536015746,2.4956776564615017,11983000
2011-07-19,2.560757875442505,2.5791500758506323,2.4857743929511074,2.4970926830988263,17896000
2011-07-20,2.5515620708465576,2.6173494564071382,2.5409511206003352,2.565709892071299,14829000
2011-07-21,2.600371837615967,2.630789666990849,2.5275103802703964,2.5395360102108873,20498000
2011-07-22,2.622300624847412,2.644937201503022,2.566416692179392,2.597541858589383,14929000
2011-07-25,2.5529773235321045,2.591883924941202,2.538829499138864,2.591883924941202,14361000
2011-07-26,2.5932981967926025,2.613812589520879,2.5614656812607812,2.567124742662554,27251000
2011-07-27,2.3789584636688232,2.592590810637839,2.364810641758125,2.5784429887271414,40519000
2011-07-28,2.4504051208496094,2.4617234122869407,2.2926567185476956,2.397350703523831,47042000
2011-07-29,2.3789584636688232,2.426353818859468,2.3223671760260314,2.3782511231698904,38414000
2011-08-01,2.348541021347046,2.4122063992176113,2.3308563253371757,2.4051324870825894,23795000
2011-08-02,2.2671914100646973,2.3916924914307445,2.26648406930348,2.323782887347175,21037000
2011-08-03,2.3188302516937256,2.3230744632453213,2.2155509517279293,2.2693127074866255,17009000
2011-08-04,2.185840606689453,2.2990233556852684,2.183011075912011,2.278508962401954,26030000
2011-08-05,2.0754873752593994,2.298315813762112,2.057802514303184,2.2120140363526617,43748000
2011-08-08,1.9233981370925903,2.051436032960447,1.8689288754060955,2.023847731896689,43697000
2011-08-09,2.0960018634796143,2.1002462437974185,1.9403756533106054,1.9608900457431002,42112000
2011-08-10,2.0691206455230713,2.148348506171706,2.021725464678818,2.0698281545923893,30432000
2011-08-11,2.1723999977111816,2.203525169338207,2.0938794752263616,2.0938794752263616,27065000
2011-08-12,2.195744276046753,2.2636538597961193,2.185840665078136,2.2275767932901527,25743000
2011-08-15,2.236065626144409,2.2919495790673334,2.2063551295973887,2.2063551295973887,17067000
2011-08-16,2.190791606903076,2.2410164784629956,2.1688625397737815,2.216965221785022,17459000
2011-08-17,2.171692371368408,2.2657755589147004,2.1653259704930767,2.216258020772308,19023000
2011-08-18,2.023847818374634,2.11510131672336,2.0005038962701844,2.1087347465161463,23055000
2011-08-19,2.001211166381836,2.1044902923872697,1.99130772551125,2.0252624281119247,12609000
2011-08-22,1.9552308320999146,2.0443623135523166,1.931886908812335,2.036580893352895,25793000
2011-08-23,2.069828510284424,2.072658041081979,1.9283501151978262,1.9679640523296456,35977000
2011-08-24,2.282752752304077,2.366932325250042,2.219794907681484,2.2650678943736153,69346000
2011-08-25,2.1844260692596436,2.2827534929922924,2.1794743479096956,2.271435200482971,25065000
2011-08-26,2.2296993732452393,2.230406882573651,2.100954094707843,2.1632046276297614,20916000
2011-08-29,2.323781967163086,2.3273188382240266,2.245968779958354,2.2615314511303675,13459000
2011-08-30,2.3435893058776855,2.388862478585111,2.2827536276255307,2.302560682848872,17145000
2011-08-31,2.342175006866455,2.4405024524446404,2.3160013758369007,2.3556153240929274,22913000
2011-09-01,2.2325282096862793,2.345003605802121,2.2268691487527428,2.335100164840767,31135000
2011-09-02,2.2021100521087646,2.2311131989071384,2.1582519147200223,2.181595832766255,16862000
2011-09-06,2.2254550457000732,2.2268698957357205,2.1377385598745895,2.1568381077512053,11800000
2011-09-07,2.3131725788116455,2.351371689074348,2.2735586179758815,2.2785103419984205,14595000
2011-09-08,2.340758800506592,2.3591509981820966,2.2707270487369224,2.2756787683179738,19383000
2011-09-09,2.2848753929138184,2.3520776301942643,2.263653660402415,2.313878376749468,19032000
2011-09-12,2.37188458442688,2.382495535329448,2.249505906397538,2.2530427775948323,20470000
2011-09-13,2.4277682304382324,2.4397938608622596,2.3414664588980894,2.3718842894960366,20511000
2011-09-14,2.5862231254577637,2.601078450119737,2.4334266809500584,2.4405005888563847,47206000
2011-09-15,2.606800079345703,2.6685288019739537,2.569195198108954,2.611766742622525,29980000
2011-09-16,2.589062452316284,2.6153150631092146,2.548619492555218,2.594738761067858,18030000
2011-09-19,2.6500813961029053,2.695491184008941,2.5124332514047216,2.553585850549029,41148000
2011-09-20,2.577000617980957,2.679881962582978,2.5734530729072627,2.660724779357782,27096000
2011-09-21,2.5528769493103027,2.6954917898992425,2.5457816895006555,2.5933199133088567,32939000
2011-09-22,2.410970687866211,2.484051853659891,2.3393084720084762,2.472699408350958,35534000
2011-09-23,2.4691524505615234,2.4868906822863615,2.3691091822617856,2.4031665262743207,20868000
2011-09-26,2.4194858074188232,2.4890192814051715,2.3811712715851963,2.470571742420775,25446000
2011-09-27,2.4471566677093506,2.493985572236334,2.437932984807395,2.460637708292984,23268000
2011-09-28,2.3421471118927,2.383299542885513,2.333632734159696,2.3428565869823497,106504000
2011-09-29,2.3534984588623047,2.381170006382484,2.2896411586217473,2.3655605456000006,49076000
2011-09-30,2.3251185417175293,2.368399739757015,2.30099469510397,2.349952032641593,51674000
2011-10-03,2.2626800537109375,2.3577566545113884,2.2470705862519256,2.326537550429055,36639000
2011-10-04,2.2946078777313232,2.322279425940315,2.189597991001023,2.2655173798690957,37205000
2011-10-05,2.31376576423645,2.3201515471361978,2.242103709741689,2.2896419210564605,35119000
2011-10-06,2.337890386581421,2.3520809061739114,2.2910616380933333,2.32369986698893,24844000
2011-10-07,2.332923650741577,2.371947493852801,2.308090157627254,2.352080834692808,18240000
2011-10-10,2.388265371322632,2.416646394951326,2.341436648502438,2.341436648502438,37583000
2011-10-11,2.364851713180542,2.4060043111788008,2.341437344807397,2.385428012179671,13002000
2011-10-12,2.387556314468384,2.4024563037327016,2.3350512762318973,2.3797515823533995,28894000
2011-10-13,2.416646957397461,2.4783758504043636,2.361304016106787,2.3691087486718643,60207000
2011-10-14,2.5330100059509277,2.540814909804097,2.4677335509844034,2.4819240699628367,35004000
2011-10-17,2.487600564956665,2.5323007199957033,2.4698623303258413,2.5081768697624045,21298000
2011-10-18,2.5429422855377197,2.5521659662041785,2.476956217839486,2.478375336722767,13948000
2011-10-19,2.4570908546447754,2.515272052686792,2.4478669999857603,2.5145624082915576,30312000
2011-10-20,2.410970687866211,2.4705709834470406,2.3499514423494365,2.4499946868973668,27141000
2011-10-21,2.4010379314422607,2.4478666737267583,2.37123777658004,2.4350951062868145,27170000
2011-10-24,2.508175849914551,2.526623552297009,2.412389794017167,2.4180659320590276,25690000
2011-10-25,2.4436097145080566,2.508886169793913,2.4379335745546475,2.4719907526037628,24614000
2011-10-26,2.396071195602417,2.4925667469993056,2.3868473424482484,2.468442901441161,23137000
2011-10-27,2.395362138748169,2.4656052673031894,2.3747858328840583,2.4173575643549037,43170000
2011-10-28,2.3832993507385254,2.4116803820079924,2.2059177361400684,2.3918137277850815,71596000
2011-10-31,2.396071195602417,2.4258711804103688,2.3400186015622557,2.342856671187159,35767000
2011-11-01,2.3414387702941895,2.371238939774674,2.290352813803186,2.3194435077993063,16196000
2011-11-02,2.313056707382202,2.376914040431938,2.2988661889267052,2.3719473758889467,21439000
2011-11-03,2.4358043670654297,2.44786628830555,2.3279562126004008,2.377623185938714,31449000
2011-11-04,2.4393527507781982,2.462057651022348,2.3854287395716014,2.3854287395716014,17113000
2011-11-07,2.453542470932007,2.454961590171059,2.384718486541648,2.436513885884835,17289000
2011-11-08,2.464186191558838,2.4734100465064963,2.4031669215194107,2.464186191558838,9475000
2011-11-09,2.3577561378479004,2.4507041237787703,2.3464036927153966,2.4159373134243123,15446000
2011-11-10,2.349243640899658,2.39536276079272,2.3336339963345814,2.388267498565757,9560000
2011-11-11,2.4329655170440674,2.440060772999622,2.3584652449286234,2.3655606700484237,11553000
2011-11-14,2.3478238582611084,2.4343861006690006,2.3293761478438455,2.4209050554926397,16063000
2011-11-15,2.3407273292541504,2.378332204978271,2.3208605098949278,2.339308210312686,16231000
2011-11-16,2.2775802612304688,2.3627233663554934,2.2612611491650747,2.325118478008843,17180000
2011-11-17,2.2137222290039062,2.278998661512885,2.195984170965588,2.2733225235400485,17349000
2011-11-18,2.1186461448669434,2.2406846525670736,2.09381265678942,2.232879919360674,32279000
2011-11-21,2.0895559787750244,2.110132283163772,2.0427272297627277,2.083879838540223,36389000
2011-11-22,2.0867176055908203,2.144189320651823,2.064722353920047,2.100908123281186,24014000
2011-11-23,2.0554983615875244,2.084588870137448,2.034212586490538,2.0576269560136535,23819000
2011-11-25,2.017893075942993,2.0668503997255083,2.0086692249768263,2.0547883106433904,8951000
2011-11-28,2.027827024459839,2.0959415460347453,1.9951887985839127,2.0810415525904697,47653000
2011-11-29,2.048403024673462,2.083169840081323,2.023569536763762,2.0327933892018537,31500000
2011-11-30,2.122903347015381,2.1363842191545777,2.056207784731556,2.0881365311526134,36586000
2011-12-01,2.1221938133239746,2.1555416807850825,2.06614121998223,2.115808199038584,48612000
2011-12-02,2.2108843326568604,2.2449416706461,2.1399317566346334,2.1484461334230147,57689000
2011-12-05,2.2023699283599854,2.266227241077498,2.183922226408739,2.2364270941436177,28980000
2011-12-06,2.186051607131958,2.2137230008529385,2.132837076134385,2.194565817059825,27058000
2011-12-07,2.215141773223877,2.2272036956043624,2.1597986561276814,2.173989172947582,25019000
2011-12-08,2.1768269538879395,2.2449414541328347,2.1704411719125303,2.2123032384775443,29397000
2011-12-09,2.1718616485595703,2.17469971926792,2.113680437798719,2.130709031213191,33703000
2011-12-12,2.0902655124664307,2.1023274366997757,1.9575840075709707,2.030665197336061,36729000
2011-12-13,2.074655294418335,2.134965067903959,2.062593373554067,2.095941066972505,32928000
2011-12-14,2.0370497703552246,2.083169014262903,2.005830511788075,2.05478782397525,21125000
2011-12-15,2.0406134128570557,2.0840761048796406,2.0370508080030865,2.057001021461744,23917000
2011-12-16,2.0520126819610596,2.078375301712652,2.007124762273451,2.0605626243842816,90364000
2011-12-19,1.962950348854065,2.0541507871106033,1.9515502516034122,2.0541507871106033,31124000
2011-12-20,2.0541505813598633,2.0662633002640414,1.989312778935518,1.9900252318565903,29613000
2011-12-21,1.9885998964309692,2.0705379172546245,1.9629498958789846,2.0541503130898935,27523000
2011-12-22,2.06768798828125,2.076238101930687,1.9864625881088296,1.9935876261919245,27874000
2011-12-23,2.0940513610839844,2.1097265184223266,2.0555761756504896,2.0819388089984163,11767000
2011-12-27,2.0904884338378906,2.104026058814196,2.0684008640404943,2.0855009235570052,7993000
2011-12-28,2.0477383136749268,2.0926260785666533,2.0413257272977265,2.091913625593966,13375000
2011-12-29,2.0748131275177,2.0812257130674108,2.0484505023124226,2.0491629551931743,10221000
2011-12-30,2.056288480758667,2.0776636011138216,2.0420384005218972,2.063413520877052,8364000
2012-01-03,2.0627012252807617,2.149626789310134,2.0584261669085295,2.1004639577781994,23032000
2012-01-04,2.02707576751709,2.0726759880566576,2.0021380433923333,2.058425908520896,20254000
2012-01-05,2.0299246311187744,2.04844975828423,2.007837070969176,2.027787103378587,20075000
2012-01-06,2.0171010494232178,2.034201113465098,1.9964383800239935,2.0242260902635323,24357000
2012-01-09,2.1531879901885986,2.165300534426756,2.084074987955791,2.087637590900445,33485000
2012-01-10,2.183826208114624,2.2180263215890217,2.164588623050988,2.1745636419914955,26829000
2012-01-11,2.2230136394500732,2.255076391708735,2.1795509635987447,2.1866760007813046,27103000
2012-01-12,2.2572150230407715,2.2750277096400753,2.1959396393482082,2.2230147259248816,19873000
2012-01-13,2.2493770122528076,2.2800146970570223,2.2237268377801707,2.245814407802063,24275000
2012-01-17,2.255077600479126,2.298540469501779,2.2422525946257523,2.2586402059171826,31782000
2012-01-18,2.418240785598755,2.4937662393677535,2.335590292226536,2.3512652774290133,44274000
2012-01-19,2.3954408168792725,2.44745362787655,2.3940157408744644,2.4139659555699784,31546000
2012-01-20,2.408977746963501,2.4253653518399485,2.375490084351637,2.387602632325653,23462000
2012-01-23,2.3982903957366943,2.4153906254215105,2.371215315192954,2.41182802094573,20124000
2012-01-24,2.41325306892395,2.4396156962187194,2.3933028578128215,2.3933028578128215,30778000
2012-01-25,2.418952465057373,2.4617026890059055,2.4011397868083395,2.4617026890059055,30352000
2012-01-26,2.428215742111206,2.4531534649925386,2.411115681495791,2.419665626866329,25537000
2012-01-27,2.421090602874756,2.456715798468985,2.4082656004105663,2.411115582083238,29468000
2012-01-30,2.4032788276672363,2.423229046658211,2.3762037367412523,2.3940162563275686,16590000
2012-01-31,2.418240785598755,2.4282158070683937,2.3776279069734922,2.4225158433355554,16225000
2012-02-01,2.4666907787323,2.4866409898618818,2.432490659473487,2.4503031720407726,39361000
2012-02-02,2.4937658309936523,2.506590832229514,2.4759531499653997,2.4795157541207766,36188000
2012-02-03,2.503028154373169,2.5279658714111144,2.4916280600093743,2.5137157959249454,23816000
2012-02-06,2.4438905715942383,2.497328445015809,2.4324904760760337,2.4937658408463568,18853000
2012-02-07,2.463840961456299,2.4681160191173994,2.4189531957634247,2.4467409006862373,15076000
2012-02-08,2.4852168560028076,2.493766973995149,2.453866706488212,2.4617042013982626,15032000
2012-02-09,2.503028154373169,2.515853154361001,2.478803060021542,2.494478041131748,11790000
2012-02-10,2.457427978515625,2.5222659462087518,2.4474529588318554,2.4638405639727536,8898000
2012-02-13,2.4802286624908447,2.5058788395474845,2.423940797543545,2.4830786444139497,14360000
2012-02-14,2.458853006362915,2.489490687563806,2.436052816207826,2.463128063251283,18319000
2012-02-15,2.492340564727783,2.527965924059451,2.4802280172997095,2.488065677892342,19864000
2012-02-16,2.555041790008545,2.561454377055663,2.4738161970347807,2.4959039402389585,16769000
2012-02-17,2.5108656883239746,2.5500534815253775,2.482365536859064,2.5415033681361834,18402000
2012-02-21,2.527254343032837,2.556467129340709,2.513716884371229,2.5279669660277224,20449000
2012-02-22,2.5578911304473877,2.5878163592864425,2.5179908819534185,2.5179908819534185,24333000
2012-02-23,2.6498050689697266,2.654792580159017,2.5443543713086174,2.550766788623785,47606000
2012-02-24,2.5878164768218994,2.664766995956905,2.5771290038131687,2.661204391704448,19325000
2012-02-27,2.6348416805267334,2.649804380078991,2.532240991665656,2.5799789018332957,26216000
2012-02-28,2.6369788646698,2.6661916372073726,2.6049161111192256,2.624153865174146,21581000
2012-02-29,2.679729700088501,2.6861422862346407,2.6156043482501006,2.6319919551517916,34503000
2012-03-01,2.659067153930664,2.693267272963132,2.6476670576283987,2.6889922156154915,12550000
2012-03-02,2.6077661514282227,2.6576414116008933,2.5885283981890495,2.6540788080799884,19601000
2012-03-05,2.5258281230926514,2.604203531439819,2.514428029721843,2.6020660033156493,24881000
2012-03-06,2.5158534049987793,2.527966123255602,2.465265682945451,2.47167826851536,19936000
2012-03-07,2.5472052097320557,2.5628802016323475,2.5122924497959973,2.5301051413524576,12857000
2012-03-08,2.594942092895508,2.62344225375992,2.5721418962542346,2.586392146560799,17478000
2012-03-09,2.619879722595215,2.6234421576355578,2.5685793669692023,2.6020670377704445,13307000
2012-03-12,2.6077661514282227,2.6262912820386433,2.5721407957163147,2.617028716733433,8724000
2012-03-13,2.681154489517212,2.684004470875238,2.6277166170883914,2.632704126933515,12902000
2012-03-14,2.644104242324829,2.7338797599676314,2.636266751062145,2.679016981380211,22282000
2012-03-15,2.6998748779296875,2.700589835338762,2.6376689806101203,2.6555442796088604,16248000
2012-03-16,2.7098851203918457,2.774236064134778,2.693439905730884,2.7055950347461173,23520000
2012-03-19,2.721325397491455,2.7284754836877885,2.6898650523218866,2.7005900963806364,10058000
2012-03-20,2.7191808223724365,2.727760995472705,2.6812853419654696,2.6955855168182294,17642000
2012-03-21,2.742777109146118,2.7599372910141224,2.70631170136766,2.723471883235664,13604000
2012-03-22,2.7134599685668945,2.7413453519149518,2.7070248407623865,2.7299051815307633,19680000
2012-03-23,2.7241852283477783,2.7291902713265945,2.682714799178376,2.703449928527332,14863000
2012-03-26,2.7770962715148926,2.7778112290186683,2.7148903659557106,2.749925840713329,16678000
2012-03-27,2.772806167602539,2.789966340882639,2.744205821978537,2.7663710386956866,17597000
2012-03-28,2.7148897647857666,2.7792406990782736,2.7020196802101473,2.776380528753496,16691000
2012-03-29,2.7413461208343506,2.7434909935659904,2.681285252088774,2.6920104681046007,13024000
2012-03-30,2.786390542984009,2.804265668374968,2.7277597839398955,2.74992499397555,24210000
2012-04-02,2.7663707733154297,2.789251115808304,2.7249003443275215,2.7806709447556033,14370000
2012-04-03,2.743490695953369,2.7878212998906116,2.7263305226611,2.760651039717145,12313000
2012-04-04,2.6748502254486084,2.7263309233632915,2.6519700478532737,2.720610921582341,13125000
2012-04-05,2.689149856567383,2.716320285711271,2.6705595988313537,2.6791397702392126,13792000
2012-04-09,2.687004804611206,2.6955849759899935,2.6505394171943544,2.662694546333305,12198000
2012-04-10,2.6312334537506104,2.698444208864966,2.6147882435992225,2.6734190002464073,20072000
2012-04-11,2.67985463142395,2.732050444984595,2.63838420220931,2.6491092456123324,15944000
2012-04-12,2.7277607917785645,2.7492110524559172,2.681285141741874,2.690580271749212,12525000
2012-04-13,2.6655545234680176,2.7120301672466764,2.6605494803643923,2.711315209795157,8941000
2012-04-16,2.6491098403930664,2.6862903628771995,2.6455348819465696,2.6734202738096693,17633000
2012-04-17,2.698446035385132,2.7134613411912536,2.6612655054463445,2.6719907238792886,11296000
2012-04-18,2.67985463142395,2.703449931476389,2.653399331162138,2.684859844879717,8837000
2012-04-19,2.553298234939575,2.659119610785416,2.546148148888025,2.644104310747112,28969000
2012-04-20,2.451051712036133,2.5561581259221744,2.403146154587133,2.5561581259221744,80400000
2012-04-23,2.3759756088256836,2.4188761211756553,2.369540480831743,2.414586206317844,43912000
2012-04-24,2.3366498947143555,2.37812048944304,2.3151996400010093,2.373115447057073,37246000
2012-04-25,2.5011026859283447,2.521837988830222,2.4424719058654416,2.4689273805013796,40196000
2012-04-26,2.5068225860595703,2.520407800675612,2.460346941568636,2.480367284761461,16242000
2012-04-27,2.4739327430725098,2.5246983148528512,2.4667826553370444,2.508968224117751,17007000
2012-04-30,2.4653522968292236,2.475362384457029,2.43746690660475,2.4610622105683015,13464000
2012-05-01,2.4639222621917725,2.4989575671894335,2.4431869599175875,2.468927305762867,11762000
2012-05-02,2.486801862716675,2.4925220329565554,2.4210210130226146,2.440326395801806,8848000
2012-05-03,2.3852713108062744,2.4832276576658243,2.3802662668749868,2.4817975720548033,18368000
2012-05-04,2.2615745067596436,2.385271015532956,2.2572844209291754,2.354525627709939,38604000
2012-05-07,2.2379796504974365,2.2873151359505415,2.231544520471213,2.256569742009522,19848000
2012-05-08,2.2558536529541016,2.2644338220189835,2.209378021305076,2.222963232167322,28533000
2012-05-09,2.221534490585327,2.2336896228640635,2.1965090979139,2.2286845784240863,24596000
2012-05-10,2.2079484462738037,2.2415538294927377,2.1900731481305753,2.2308286165125053,22290000
2012-05-11,2.2122390270233154,2.227254158087661,2.1886437236527634,2.1943637248758905,29039000
2012-05-14,2.2258238792419434,2.248704223090414,2.17863327659916,2.193648576831001,18594000
2012-05-15,2.2201037406921387,2.26371921231968,2.210093654806669,2.2301138265776084,21493000
2012-05-16,2.2000839710235596,2.263719801454813,2.1957940548643964,2.2208192760909076,19452000
2012-05-17,2.1500332355499268,2.2122391472063154,2.1486033204022204,2.195078801661643,18872000
2012-05-18,2.1464574337005615,2.1629026447372652,2.1242920529063545,2.161472559680025,22855000
2012-05-21,2.2100939750671387,2.2100939750671387,2.1235778062322104,2.145028066440029,28360000
2012-05-22,2.2358345985412598,2.2465596447387752,2.2043740766264004,2.212239292340883,28475000
2012-05-23,2.396711826324463,2.4017168709700405,2.2522799778598426,2.265865025981462,47735000
2012-05-24,2.3244950771331787,2.396711063619996,2.3187750766360913,2.392420978011434,27487000
2012-05-25,2.370255470275879,2.3881305974753686,2.3287848751432705,2.330929917682645,15457000
2012-05-29,2.4632067680358887,2.467496853450948,2.3745457415011053,2.3988559982244593,19163000
2012-05-30,2.363821029663086,2.4346069426207735,2.3502358131225547,2.427456855568629,26237000
2012-05-31,2.3666813373565674,2.3867016859821955,2.3216357660383347,2.379551598002659,19157000
2012-06-01,2.2150990962982178,2.3359356175082158,2.2065189237260445,2.3187754428353897,38892000
2012-06-04,2.1829240322113037,2.263005089782374,2.157898637793512,2.2322596928830283,39732000
2012-06-05,2.2458438873291016,2.2515638872012342,2.172912951366293,2.1864981641519527,36053000
2012-06-06,2.3573858737945557,2.35881595937759,2.2579996137404637,2.2737298732677624,25299000
2012-06-07,2.3559563159942627,2.3938517997410544,2.349521185601917,2.390276670477014,23101000
2012-06-08,2.4195914268493652,2.4338915986835423,2.323780139183184,2.3473754397567252,25119000
2012-06-11,2.3766915798187256,2.4496227205769316,2.3695414913777424,2.4374674168028605,15443000
2012-06-12,2.42531156539917,2.4431868664447762,2.3816960899645774,2.3816960899645774,18471000
2012-06-13,2.433891773223877,2.466067076922397,2.406006385006054,2.424596643817936,20580000
2012-06-14,2.3922371864318848,2.4274277232968764,2.344837722741486,2.4267094302652708,23709000
2012-06-15,2.446819543838501,2.4662102116065583,2.3943928601596522,2.3958291044529467,18289000
2012-06-18,2.496372699737549,2.5193541414744676,2.42814615397173,2.438200545433258,17163000
2012-06-19,2.4920639991760254,2.5136092003461536,2.4705187980058976,2.507863881857868,19152000
2012-06-20,2.5329995155334473,2.552390176794254,2.4985272668977947,2.4992453888034496,29267000
2012-06-21,2.4762637615203857,2.541617648892818,2.469800150728098,2.531563257366602,23173000
2012-06-22,2.4992454051971436,2.517199822764411,2.469082059023581,2.4748275479845536,55520000
2012-06-25,2.4568729400634766,2.4877544057547674,2.444664012403106,2.469081867723847,23592000
2012-06-26,2.469799757003784,2.486317756689063,2.438918294220522,2.4633363184678823,18656000
2012-06-27,2.5064265727996826,2.5179173769045273,2.4654907222972797,2.4719541604851485,11415000
2012-06-28,2.4640555381774902,2.494937014720778,2.436764843395669,2.4784190076754817,16941000
2012-06-29,2.578244686126709,2.5811175164657083,2.5150455007372656,2.5150455007372656,18990000
2012-07-02,2.548799753189087,2.5990718893756104,2.5329998704686214,2.5689085391732807,21855000
2012-07-03,2.566753625869751,2.5710626997281896,2.5452084278035723,2.553826575520449,9803000
2012-07-05,2.555263042449951,2.582553558731018,2.547363016473681,2.5667536780044946,8576000
2012-07-06,2.4762637615203857,2.5509539185174517,2.4468187088433204,2.5495175034882718,14716000
2012-07-09,2.3908002376556396,2.4848810222196978,2.3785913135568597,2.477699292089477,21974000
2012-07-10,2.400855302810669,2.4468185255898556,2.3879282534202733,2.4130642303532652,21338000
2012-07-11,2.3771564960479736,2.409474388958563,2.364947563747059,2.399419994266759,18940000
2012-07-12,2.339810609817505,2.3692558329744102,2.3082110210104445,2.3642286373386967,21140000
2012-07-13,2.380746603012085,2.3879283354146823,2.3326288418112773,2.3376562085965014,16791000
2012-07-16,2.3513011932373047,2.376437340259605,2.3254469243996794,2.3678191935717323,13761000
2012-07-17,2.372846841812134,2.38577406431232,2.339092712882801,2.377155915978862,18038000
2012-07-18,2.426710367202759,2.4453829111660235,2.3635110008060223,2.369256491147211,21230000
2012-07-19,2.58829927444458,2.614153549158925,2.471954952617012,2.4798549792852493,34675000
2012-07-20,2.5337181091308594,2.585426488216274,2.5315635719323795,2.581835707036164,14961000
2012-07-23,2.4769818782806396,2.499245369443637,2.422400675675311,2.4877545629120923,15101000
2012-07-24,2.454718828201294,2.5200727226227055,2.425273772348326,2.4906274955437055,9758000
2012-07-25,2.4568729400634766,2.4956542598347715,2.4288641330170955,2.451127622773656,20470000
2012-07-26,2.5452096462249756,2.5660367323602538,2.513610041512685,2.514328163757527,13101000
2012-07-27,2.594762086868286,2.619180111717272,2.553108111348235,2.570344233245291,11498000
2012-07-30,2.583272695541382,2.635699554179597,2.5653184420141764,2.6084088559507705,12044000
2012-07-31,2.6500625610351562,2.7032073613307803,2.6012266643971347,2.6026630797670385,23597000
2012-08-01,2.634981155395508,2.66586263460454,2.614872364852918,2.66514451243547,15423000
2012-08-02,2.6242077350616455,2.667298132449438,2.5926079733297827,2.6105623911877056,13151000
2012-08-03,2.6651430130004883,2.690279158262967,2.633543429400614,2.6680156712866623,14333000
2012-08-06,2.66227126121521,2.6888436590556615,2.6572440646961546,2.6708894102341842,11303000
2012-08-07,2.6859703063964844,2.702488306934632,2.6615524521143508,2.6773521596023215,15424000
2012-08-08,2.6917154788970947,2.707515356762609,2.675197479245962,2.6902792353258573,17173000
2012-08-09,2.6802260875701904,2.698180339113433,2.6579625896381636,2.660117127219523,9996000
2012-08-10,2.668016195297241,2.6881251497019107,2.640725679379636,2.67376168422401,14662000
2012-08-13,2.6048169136047363,2.6680160907403807,2.591889692445622,2.6680160907403807,21116000
2012-08-14,2.596198797225952,2.6407256074856025,2.5839898690247276,2.637852948713434,24324000
2012-08-15,2.6270809173583984,2.6306718701358016,2.5854267555159964,2.5890177082933996,15984000
2012-08-16,2.650780439376831,2.6672984440947056,2.635698849896787,2.635698849896787,25881000
2012-08-17,2.6457536220550537,2.7204438006055485,2.6141540233284934,2.7111075282867363,29985000
2012-08-20,2.5825531482696533,2.6536523433997417,2.5430535383442745,2.6536523433997417,25468000
2012-08-21,2.612717628479004,2.6256446826698348,2.563881728947506,2.5854269334162674,19231000
2012-08-22,2.6206164360046387,2.634261778071803,2.5882987278559813,2.603380313576955,13251000
2012-08-23,2.5868630409240723,2.6069719987700632,2.56531783902011,2.6026629241440618,12060000
2012-08-24,2.589016914367676,2.6098439889022247,2.573935328269899,2.586862377607136,13030000
2012-08-27,2.5689079761505127,2.5947622461966433,2.55957170721091,2.590453343877289,13306000
2012-08-28,2.6048169136047363,2.6155894266779907,2.562444640737652,2.573217153810906,15320000
2012-08-29,2.628516912460327,2.6471894529748816,2.6012262236387396,2.6134351529230195,11952000
2012-08-30,2.5868630409240723,2.621335466706038,2.5746541103010983,2.621335466706038,13671000
2012-08-31,2.6263620853424072,2.642880086956045,2.578962617340317,2.6062531319220623,13266000
2012-09-04,2.577526569366455,2.6277987032361665,2.5373088280254796,2.611998992469876,21527000
2012-09-05,2.5265352725982666,2.5581350257054516,2.5171991764824755,2.5574169039794614,16184000
2012-09-06,2.629234790802002,2.6435982558322104,2.527254120597118,2.5595718313020823,22883000
2012-09-07,2.59978985786438,2.645034966109171,2.592608124547529,2.6364168176385387,15846000
2012-09-10,2.5136094093322754,2.5990720991137874,2.51001845655901,2.5825540930540813,16238000
2012-09-11,2.5107359886169434,2.554544503321704,2.5013997197083877,2.516481305840977,12420000
2012-09-12,2.530127763748169,2.5495184319606263,2.5143278775773155,2.5294096415850635,13803000
2012-09-13,2.518636703491211,2.5423364447865615,2.4741098804944177,2.5337184660048355,21875000
2012-09-14,2.5179176330566406,2.5495172191401614,2.4920633639970347,2.5200721697471073,34024000
2012-09-17,2.5337181091308594,2.541617964707929,2.5049910035598044,2.527254497535419,15298000
2012-09-18,2.536604642868042,2.5373260367156756,2.4998108045401195,2.530832976068484,10544000
2012-09-19,2.52866792678833,2.5553613820584453,2.507024398724881,2.534439419601181,20797000
2012-09-20,2.434880018234253,2.5185677008587644,2.396643403138518,2.494759990629114,40250000
2012-09-21,2.561854124069214,2.6058622243486527,2.476723497554267,2.476723497554267,68640000
2012-09-24,2.4962027072906494,2.5351607122411886,2.4695092530835723,2.525060514217878,44190000
2012-09-25,2.381493091583252,2.524339352178529,2.375721426464772,2.4933171896858006,34009000
2012-09-26,2.4139585494995117,2.4197302158329523,2.3367639098397075,2.3620144125292937,41268000
2012-09-27,2.517845392227173,2.524338448659155,2.3786063216624953,2.3937567866704534,41134000
2012-09-28,2.5156819820404053,2.5265037468124136,2.4601307148937366,2.485381212684897,25908000
2012-10-01,2.502695083618164,2.564017820628742,2.492594716340495,2.535160021563517,20091000
2012-10-02,2.4832165241241455,2.5178459947082894,2.460130382407476,2.5178459947082894,17096000
2012-10-03,2.4940378665924072,2.5286673313332133,2.4839376705452794,2.4911521208655225,27255000
2012-10-04,2.4832165241241455,2.4940382874335945,2.452915930869874,2.4940382874335945,11425000
2012-10-05,2.484659433364868,2.545260962669272,2.4651804318049133,2.5048598284622767,15117000
2012-10-08,2.44425892829895,2.4695095988992803,2.4319943758380314,2.452916340391891,10039000
2012-10-09,2.4233362674713135,2.4341580294781773,2.3836567027875746,2.4168432102671953,20770000
2012-10-10,2.351191759109497,2.431993675349796,2.348306013245073,2.4298293229499603,14476000
2012-10-11,2.375720977783203,2.4154005444566637,2.3490275261691647,2.38149264181164,13768000
2012-10-12,2.3793280124664307,2.381492364724511,2.347584294018618,2.3612918009844432,26733000
2012-10-15,2.3944787979125977,2.4067433485558976,2.3663423847865057,2.3879857398051696,17144000
2012-10-16,2.4781665802001953,2.4954814025779535,2.3973646491243352,2.4024147483158136,18602000
2012-10-17,2.4608516693115234,2.4962025319155714,2.4442584142935457,2.459408710264101,13410000
2012-10-18,2.4565227031707764,2.4817733657782477,2.439208056471804,2.4579656620648853,12752000
2012-10-19,2.3944787979125977,2.4659019210760174,2.3735568364593935,2.4615732156710655,19088000
2012-10-22,2.40962815284729,2.430550106121643,2.3807703574368837,2.415399815132988,12707000
2012-10-23,2.3980865478515625,2.4060225671150364,2.3677859463202084,2.37788614683066,10953000
2012-10-24,2.3612923622131348,2.423336683008567,2.3511921639455298,2.4190079774635644,13522000
2012-10-25,2.4312729835510254,2.434158902458569,2.3836575576562957,2.3858219108338865,15396000
2012-10-26,2.4406514167785645,2.4521945746252416,2.409629255318291,2.431272611778521,12623000
2012-10-31,2.3829355239868164,2.431272330624347,2.3670636622823062,2.4255008383714816,22851000
2012-11-01,2.4889886379241943,2.493317344029486,2.384378985739516,2.401693638154559,18725000
2012-11-02,2.450751304626465,2.5142384022677504,2.4485869522061856,2.504138205643829,19223000
2012-11-05,2.4760026931762695,2.4832171465221147,2.3800504464759156,2.3807718402086593,13881000
2012-11-06,2.5452611446380615,2.5452611446380615,2.4680663544107047,2.4760021999083186,20045000
2012-11-07,2.4500303268432617,2.532996616168372,2.444980227319922,2.509188905840563,20751000
2012-11-08,2.441373109817505,2.5243393999149206,2.4406515441602292,2.5243393999149206,13265000
2012-11-09,2.415400981903076,2.4529162028609086,2.411072276099309,2.4529162028609086,14186000
2012-11-12,2.4247794151306152,2.4420940636831423,2.3966430037289554,2.4226150625607885,7607000
2012-11-13,2.400972366333008,2.4399303792456872,2.393757913126729,2.399529406889299,11113000
2012-11-14,2.3829355239868164,2.444979839732511,2.3713923674749986,2.4298295435641744,12054000
2012-11-15,2.326663017272949,2.3966433594018803,2.3151200311956224,2.3908716943571062,13745000
2012-11-16,2.304297924041748,2.336041475045669,2.2855403164465864,2.3237769251579286,23888000
2012-11-19,2.3627350330352783,2.3685065250534953,2.3093479578394107,2.328826958408493,16664000
2012-11-20,2.3670637607574463,2.4154007414119905,2.344699012339561,2.4038575844199515,11905000
2012-11-21,2.3677852153778076,2.377885412770298,2.346141861534149,2.364899469266537,7802000
2012-11-23,2.4204516410827637,2.434159155295934,2.369950463041041,2.380772058046906,8177000
2012-11-26,2.4558022022247314,2.470231108385367,2.410351130618117,2.4348802366899713,16562000
2012-11-27,2.461573362350464,2.4911527363761374,2.424058142613564,2.442815752482014,20547000
2012-11-28,2.493316888809204,2.4998097747755716,2.424779513338376,2.4255009068888405,20702000
2012-11-29,2.5322749614715576,2.556082669345029,2.5048599417355133,2.5164030988872113,19060000
2012-11-30,2.5322749614715576,2.556082669345029,2.4457015408429696,2.495481309306237,41634000
2012-12-03,2.511352777481079,2.5669042056036533,2.4983668343392544,2.553196696949557,17504000
2012-12-04,2.5192887783050537,2.536603426387807,2.5026955237239754,2.5099099747589624,16899000
2012-12-05,2.4911530017852783,2.536604072075793,2.488988648723242,2.5272252661423438,15875000
2012-12-06,2.533717632293701,2.5358819847637335,2.4861022219651487,2.4918737138811826,11963000
2012-12-07,2.470951795578003,2.4933167141365287,2.449308442525484,2.4695090085781497,85050000
2012-12-10,2.4853811264038086,2.4904312257867245,2.4601306294892304,2.480331027020893,26845000
2012-12-11,2.493316888809204,2.5164030304789073,2.476723633105869,2.5005313403321288,43625000
2012-12-12,2.4940378665924072,2.5164026109833424,2.48538045740569,2.5099097260993677,49274000
2012-12-13,2.4432876110076904,2.5382641066859195,2.4353125474334756,2.5375391480490284,66194000
2012-12-14,2.2576842308044434,2.412111438162792,2.211283434469549,2.40413637691727,98714000
2012-12-17,2.3193109035491943,2.3200360351072438,2.2489848966367485,2.2758102700246203,70583000
2012-12-18,2.339611530303955,2.356286792061393,2.2975608100960967,2.33671152235835,41414000
2012-12-19,2.3193109035491943,2.3562865630443883,2.315685937183556,2.3410613931676334,25023000
2012-12-20,2.3127856254577637,2.3374359466430126,2.277985019499651,2.323660695981085,23788000
2012-12-21,2.273634672164917,2.288860011222143,2.248259395163057,2.2576845474369223,35064000
2012-12-24,2.2584097385406494,2.2714598576489533,2.2460845780338823,2.2685598503866777,7995000
2012-12-26,2.2388343811035156,2.288860152524805,2.2308591453910576,2.2634847011002828,16339000
2012-12-27,2.274359703063965,2.2830597235704637,2.2250588954360615,2.253334351008413,27545000
2012-12-28,2.2584097385406494,2.28161014235111,2.2446344879746802,2.2518845925584334,19617000
2012-12-31,2.2946598529815674,2.3040850045482655,2.245359046874524,2.271459453301065,26644000
2013-01-02,2.3591864109039307,2.3968870265472955,2.3374360956149447,2.3512113471548113,36716000
2013-01-03,2.371511220932007,2.3910866573624316,2.344685853335504,2.344685853335504,23295000
2013-01-04,2.3562867641448975,2.3758620336160186,2.33381148676253,2.3707869765572958,27113000
2013-01-07,2.343235731124878,2.3555608895980873,2.327285434529849,2.3468606963905985,16822000
2013-01-08,2.3272857666015625,2.3707863931337485,2.326560808016197,2.352661045650609,20969000
2013-01-09,2.3787612915039062,2.389636533812325,2.346135910290875,2.356286021207991,29456000
2013-01-10,2.4302382469177246,2.435313304666268,2.3939877109594194,2.4258881480314898,44591000
2013-01-11,2.4896886348724365,2.491863683826186,2.4280626511805603,2.4316877903888594,47871000
2013-01-14,2.5063631534576416,2.5099881187373696,2.438937174407357,2.4534373812384698,49258000
2013-01-15,2.4556124210357666,2.496937993075563,2.451987282912506,2.486787882900192,33736000
2013-01-16,2.505638599395752,2.509263565260568,2.448362721311408,2.451262728574486,27669000
2013-01-17,2.523763656616211,2.5353638579831252,2.5078135309858087,2.521588608056407,21065000
2013-01-18,2.496938467025757,2.519413739945324,2.487513313543586,2.50418857179234,18830000
2013-01-22,2.496938467025757,2.5092636278433345,2.4889634036393558,2.4976634256455754,13809000
2013-01-23,2.495488166809082,2.537538874628259,2.4773629928468366,2.5266636319660174,22791000
2013-01-24,2.45996356010437,2.487514070312675,2.4353132309699177,2.4440134284791055,44567000
2013-01-25,2.476637840270996,2.4860629928790354,2.4519875209220237,2.4527124794746062,35089000
2013-01-28,2.4998385906219482,2.5034637296019016,2.473013219023629,2.4940385756813916,38462000
2013-01-29,2.5063631534576416,2.5165132636682004,2.4780876982801416,2.4867878915212493,23732000
2013-01-30,2.5411641597747803,2.5614643834409185,2.500563366730248,2.500563366730248,25185000
2013-01-31,2.59336519241333,2.6165655996242316,2.5556647467658076,2.575240014725438,67764000
2013-02-01,2.628889799118042,2.6317899785993415,2.5969893805285573,2.604239483519626,27973000
2013-02-04,2.550588846206665,2.625265104859598,2.547688839282306,2.5919145930891934,43401000
2013-02-05,2.56726336479187,2.578863562013921,2.5418880954211884,2.543338012038908,29392000
2013-02-06,2.583940029144287,2.594815274005568,2.544064534650614,2.5542146479503742,20811000
2013-02-07,2.534639358520508,2.5839400071896876,2.5041888460237987,2.5839400071896876,42435000
2013-02-08,2.5607404708862305,2.575965644855219,2.541165197824331,2.5578404624430227,32966000
2013-02-11,2.5665395259857178,2.587564881818263,2.5375391067088833,2.565089608735556,29999000
2013-02-12,2.5476887226104736,2.562914060764303,2.5215883157742947,2.5520388192258534,31224000
2013-02-13,2.549863576889038,2.5730639751682545,2.5295633580367887,2.563638824170828,26590000
2013-02-14,2.583940029144287,2.5861150781165434,2.5368144290284778,2.544064534650614,32372000
2013-02-15,2.5476887226104736,2.5940895226997256,2.5360885225881606,2.5795893158858596,25317000
2013-02-19,2.5766892433166504,2.577414374686748,2.5230385104470234,2.5375387178634687,24396000
2013-02-20,2.5136141777038574,2.590465336633422,2.5136141777038574,2.572340157882652,33262000
2013-02-21,2.4411120414733887,2.514338028676898,2.3896361900455743,2.4991128644914764,61853000
2013-02-22,2.4715628623962402,2.499113362533959,2.4440125351146427,2.4628628409233726,18964000
2013-02-25,2.388911724090576,2.4809880323277804,2.3881865926541024,2.4744630593923786,30632000
2013-02-26,2.401961326599121,2.4215365869105483,2.3678858606602606,2.401961326599121,34556000
2013-02-27,2.4425623416900635,2.4918631527067463,2.438212244709751,2.4505375771060076,35971000
2013-02-28,2.4809889793395996,2.4875141276218216,2.4164629739430197,2.4425633942157186,34786000
2013-03-01,2.4432876110076904,2.471563072120092,2.4113871838546954,2.4592379110122558,31500000
2013-03-04,2.4316887855529785,2.443288820912066,2.3932631930713915,2.4331387035447536,17005000
2013-03-05,2.4889626502990723,2.4911376983563334,2.441836897151882,2.4432868139526693,30510000
2013-03-06,2.5165135860443115,2.5208636832221316,2.4802630643226835,2.487513168667009,24610000
2013-03-07,2.53536319732666,2.5469633956708337,2.4940376311711034,2.515062979866413,30738000
2013-03-08,2.557115077972412,2.56726519294861,2.5360897163387293,2.54116494668301,19688000
2013-03-11,2.5563902854919434,2.5853907146573887,2.5353649224901376,2.5433399886537775,28173000
2013-03-12,2.570164203643799,2.576689175810979,2.5375386513834868,2.5534889482661445,22477000
2013-03-13,2.6093149185180664,2.618015112517447,2.556389141686103,2.5737893568287493,27495000
2013-03-14,2.6578917503356934,2.681092162485504,2.612216057754384,2.6136661483348185,43449000
2013-03-15,2.6100399494171143,2.6665908662684674,2.5962648723443995,2.660790852012179,34447000
2013-03-18,2.5563902854919434,2.6027909375854175,2.5411651120369423,2.579590697966777,28689000
2013-03-19,2.559288740158081,2.5969893443285583,2.5404384380728424,2.5658138846159146,33400000
2013-03-20,2.6049656867980957,2.615840932909703,2.562915138497617,2.5868405070869804,29636000
2013-03-21,2.591845750808716,2.606423047114692,2.5605045463733584,2.580912691691694,27816000
2013-03-22,2.6093385219573975,2.6268314168820863,2.5787263033893573,2.6071519100918112,17306000
2013-03-25,2.5889291763305664,2.6158971451402593,2.5692498524363314,2.614439346647167,12888000
2013-03-26,2.608609676361084,2.62245816007678,2.5918457681197364,2.5998632290090486,9556000
2013-03-27,2.5976767539978027,2.604236589857354,2.569251146156594,2.5852860687798214,14861000
2013-03-28,2.618084669113159,2.6188134817263955,2.586014655054948,2.609338222654073,14740000
2013-04-01,2.5758109092712402,2.6239160265779136,2.5648780228515946,2.610796528119319,18501000
2013-04-02,2.5422825813293457,2.5954898986038057,2.5342651213065106,2.5925743006181734,23020000
2013-04-03,2.500737428665161,2.556859999073109,2.485431320492558,2.5422827035444193,18297000
2013-04-04,2.5218749046325684,2.52770575413243,2.4752274135333026,2.4956357343330047,15348000
2013-04-05,2.5021958351135254,2.508755498051186,2.429309166002426,2.4788720870959646,14449000
2013-04-08,2.526247978210449,2.526976790910759,2.475956252612346,2.4963643984216777,12357000
2013-04-09,2.534994125366211,2.5605044801292176,2.494177662010445,2.5298920891686247,16008000
2013-04-10,2.578725814819336,2.5874720868495134,2.535722745902052,2.5371803710195566,14817000
2013-04-11,2.59694766998291,2.618084800805546,2.551757983962982,2.568521891336097,18282000
2013-04-12,2.5444698333740234,2.589659528224832,2.518959647891789,2.587472916072768,16125000
2013-04-15,2.4621076583862305,2.531349901291913,2.457734434830069,2.52770549040342,24634000
2013-04-16,2.5204169750213623,2.5218747742084813,2.467938637136263,2.4839737330942335,22491000
2013-04-17,2.3615238666534424,2.461378486087456,2.35277742081906,2.459920687190042,64010000
2013-04-18,2.2864508628845215,2.425664145715005,2.277704416755361,2.4125444765212647,41056000
2013-04-19,2.2784337997436523,2.3236234930990602,2.247092591634677,2.2777049869754507,37180000
2013-04-22,2.301757574081421,2.320708096486028,2.228142096569303,2.285722476560192,36395000
2013-04-23,2.359337329864502,2.3629817403358517,2.31196103638729,2.3221652814420355,25542000
2013-04-24,2.377558708190918,2.393593625492827,2.3352844561585417,2.3593370058864376,32062000
2013-04-25,2.3782880306243896,2.4191044926652063,2.370999382894782,2.391407527027656,25126000
2013-04-26,2.3403866291046143,2.3753722370332198,2.3294537460972666,2.3753722370332198,30945000
2013-04-29,2.3709990978240967,2.389949614397626,2.3469465458307783,2.3578794292231695,20430000
2013-04-30,2.329454183578491,2.366626236069599,2.2995706052777263,2.366626236069599,52511000
2013-05-01,2.282805919647217,2.3374708476467223,2.2777038851875986,2.336742035231067,37068000
2013-05-02,2.3389291763305664,2.349133247562378,2.2820776244246663,2.2995703427899223,32536000
2013-05-03,2.323622941970825,2.3607951647340246,2.321436330409751,2.34403125861583,46901000
2013-05-06,2.390678644180298,2.3979672916958603,2.3294540398045864,2.3360137009260478,32848000
2013-05-07,2.37172794342041,2.401611517577724,2.366625907929538,2.399424906113772,16093000
2013-05-08,2.441699266433716,2.4431570655003756,2.3746436373186377,2.378288048097752,25437000
2013-05-09,2.46866774559021,2.4839738558233284,2.43441094008856,2.440241963350053,29769000
2013-05-10,2.482515573501587,2.488346595628445,2.465751667271342,2.4752269261743094,15644000
2013-05-13,2.4504458904266357,2.4876181184504746,2.448259278556111,2.4657519997452266,14952000
2013-05-14,2.4562768936157227,2.4650233416463756,2.4293089105546675,2.4475306193601636,15938000
2013-05-15,2.4912614822387695,2.491990294681716,2.4446141841647795,2.453360454805203,16947000
2013-05-16,2.4934475421905518,2.516042286902743,2.470852797478361,2.49053211928817,24749000
2013-05-17,2.5094833374023438,2.534993512220056,2.504381302438801,2.513856386103214,27443000
2013-05-20,2.510211944580078,2.5182294026134646,2.4956346533693647,2.4956346533693647,13881000
2013-05-21,2.557589054107666,2.5605044785366053,2.5102127554808678,2.522603439635167,20743000
2013-05-22,2.5189595222473145,2.568522265154979,2.4949069635494485,2.549571743299073,33873000
2013-05-23,2.4759552478790283,2.5036520307774546,2.4664799915196953,2.4956345730022544,28513000
2013-05-24,2.485431432723999,2.485431432723999,2.4548190412213984,2.4679385382796113,15118000
2013-05-28,2.510211944580078,2.5226026247316824,2.4788707510995427,2.5167717777574046,20919000
2013-05-29,2.5094833374023438,2.529162664768874,2.489075023773141,2.505110114926441,22858000
2013-05-30,2.7565698623657227,2.7864532725905122,2.6312048501669283,2.6384934995223728,82607000
2013-05-31,2.750009059906006,2.789367717846133,2.7048193802645337,2.7208544727244233,33432000
2013-06-03,2.7186691761016846,2.7500103898565205,2.6669196371849093,2.746365977808801,27210000
2013-06-04,2.7551112174987793,2.7835369933942706,2.7252278164445785,2.725956629023933,33120000
2013-06-05,2.6968023777008057,2.752924950153771,2.6836827069818834,2.7507383383672837,15019000
2013-06-06,2.6785809993743896,2.712837631940517,2.6559862398419667,2.7106511936608517,29731000
2013-06-07,2.7179391384124756,2.7208545624717897,2.6348484231841804,2.6793092917451684,30733000
2013-06-10,2.6844120025634766,2.73397474536461,2.6814964039956832,2.73324593261021,26360000
2013-06-11,2.645052671432495,2.679309471192717,2.6428660597977975,2.6552567432110417,21699000
2013-06-12,2.622457504272461,2.6734780289253193,2.603506988932106,2.6720202301395086,21307000
2013-06-13,2.7206990718841553,2.7243648780939576,2.611460598842861,2.6202582191149166,29106000
2013-06-14,2.7558906078338623,2.7712865773699438,2.7163006972056194,2.722899044776209,21762000
2013-06-17,2.7925467491149902,2.8108754271843557,2.766153543588623,2.7712855314971905,24727000
2013-06-18,2.840935230255127,2.8446010370346135,2.7844831692542766,2.7888818926762577,27383000
2013-06-19,2.7910802364349365,2.849731898111924,2.7910802364349365,2.836535208686395,24035000
2013-06-20,2.717033624649048,2.7815502101985476,2.706769471442983,2.764687885039986,31638000
2013-06-21,2.7404940128326416,2.7478254506625555,2.684775050366244,2.715567159169988,80030000
2013-06-24,2.6899068355560303,2.7119011473792836,2.646651303198389,2.711168056090418,36858000
2013-06-25,2.719965934753418,2.7558900309462815,2.6987047135623037,2.722165383483206,26019000
2013-06-26,2.730963706970215,2.7654216294147393,2.711901929599504,2.7412278619511916,20661000
2013-06-27,2.7360947132110596,2.774218077013171,2.7338952648461956,2.74782487143003,26359000
2013-06-28,2.7404940128326416,2.7580896034606472,2.695039203164336,2.712634618997076,22998000
2013-07-01,2.7573561668395996,2.7764179389778807,2.7375613034022326,2.774951756379708,27147000
2013-07-02,2.8211402893066406,2.857797482166571,2.7727527597724766,2.7822836473955865,40377000
2013-07-03,2.8292043209075928,2.84973245017011,2.795479674458299,2.814541446346617,15203000
2013-07-05,2.8453335762023926,2.872459876883374,2.7976791460903625,2.8314037928165297,14447000
2013-07-08,2.7324299812316895,2.861463520289398,2.7265648998178382,2.854131906329137,22643000
2013-07-09,2.755156993865967,2.7837496549347627,2.740494117645344,2.7654211470566206,13855000
2013-07-10,2.8101425170898438,2.8116088744473813,2.744892673596309,2.75515665071332,17363000
2013-07-11,2.8292043209075928,2.829937412197066,2.747825244737502,2.751491050775372,16769000
2013-07-12,2.855597972869873,2.8577974218745945,2.8358031066226586,2.8365361980258057,18342000
2013-07-15,2.786681652069092,2.8651280021593903,2.783015846560739,2.8577965659379116,21551000
2013-07-16,2.8497328758239746,2.869527741958451,2.797679541000824,2.797679541000824,31254000
2013-07-17,2.8533976078033447,2.9135154534430336,2.848998711206134,2.8599959526991605,23992000
2013-07-18,2.7566230297088623,2.8504655314466123,2.745625786429135,2.8409346455359326,37050000
2013-07-19,2.7749524116516113,2.7969467289751875,2.750025378848655,2.7676209725437526,17757000
2013-07-22,2.7705533504486084,2.802811645668845,2.7522246663581846,2.802811645668845,9869000
2013-07-23,2.7573561668395996,2.7976791598086748,2.750024729462973,2.791814079825475,16501000
2013-07-24,2.7045698165893555,2.7852158045784035,2.7023705426361673,2.7324293842061835,20506000
2013-07-25,2.705303907394409,2.71116898931469,2.661315268606365,2.6759781482023794,25512000
2013-07-26,2.696505069732666,2.7016370581324383,2.6649798732803167,2.6781765647042275,12256000
2013-07-29,2.6825757026672363,2.7053032831534543,2.66717973508259,2.6847751515786533,13094000
2013-07-30,2.701636791229248,2.712634032996055,2.66424651881256,2.6943053549831193,11651000
2013-07-31,2.689173698425293,2.7170332644703152,2.6803759039278647,2.71336745849797,13124000
2013-08-01,2.7419605255126953,2.7507583213246565,2.7001713449964306,2.7148342214861825,19499000
2013-08-02,2.7485580444335938,2.7485580444335938,2.7075019676704057,2.7338951723606852,15183000
2013-08-05,2.7141003608703613,2.7419599249763316,2.709701638723052,2.728763234148692,11773000
2013-08-06,2.7023704051971436,2.708968576311652,2.6906400707337665,2.7075023937507616,10730000
2013-08-07,2.733895778656006,2.735361961311318,2.689173886559017,2.710435108218397,18035000
2013-08-08,2.7360947132110596,2.7566226648894867,2.733161998861088,2.7566226648894867,19396000
2013-08-09,2.7001712322235107,2.7302300753335085,2.6935728856401204,2.7258311776112483,13858000
2013-08-12,2.7639548778533936,2.77128631619802,2.693573034785923,2.7009044731305494,9880000
2013-08-13,2.7874162197113037,2.794747659816152,2.7360961389773646,2.7742195226453843,13754000
2013-08-14,2.7287638187408447,2.7815502437695403,2.72363182947351,2.778617703444674,15271000
2013-08-15,2.640787124633789,2.7082364404979105,2.6209922547161257,2.6495849222840007,25111000
2013-08-16,2.657649517059326,2.6649809570111254,2.6312562982737857,2.6371213803170983,13543000
2013-08-19,2.657649517059326,2.6693798559412683,2.6451860866207992,2.662781507546054,23389000
2013-08-20,2.697239398956299,2.7199669863526776,2.659849105684502,2.66424800484479,17417000
2013-08-21,2.6825757026672363,2.7119014550924327,2.66717973508259,2.686241509118022,14425000
2013-08-22,2.684041738510132,2.7221652820116895,2.6451851037243905,2.6554490808839635,9940000
2013-08-23,2.693572998046875,2.716300404166643,2.6745112236517836,2.697238629771552,18312000
2013-08-26,2.7478244304656982,2.765420014560914,2.7016363718061585,2.708967806914098,13890000
2013-08-27,2.6796436309814453,2.7742192515300204,2.6649807522047033,2.7742192515300204,29863000
2013-08-28,2.8064775466918945,2.892255364616384,2.7786179739057215,2.8541318122964814,67806000
2013-08-29,2.855597972869873,2.859263779476169,2.7954801079298024,2.815274974177017,35955000
2013-08-30,2.8233392238616943,2.858530052676302,2.8072099920244358,2.856330604025983,25073000
2013-09-03,2.8116092681884766,2.8687945912119814,2.788881687337726,2.846067010361231,17351000
2013-09-04,2.857797384262085,2.8687946291409543,2.7976795201132476,2.828471630978804,12588000
2013-09-05,2.843867301940918,2.8739263182729826,2.8387353131319637,2.8702605120978673,14372000
2013-09-06,2.827005386352539,2.872460375675938,2.8028116214476166,2.872460375675938,17155000
2013-09-09,2.8424015045166016,2.8592638306577873,2.8321373507124097,2.849732943065148,16364000
2013-09-10,2.9076507091522217,2.9083838004043874,2.8555973847531106,2.8592631906044255,24344000
2013-09-11,2.877591371536255,2.8937206008348864,2.83580220334801,2.8761251891969764,23927000
2013-09-12,2.8614630699157715,2.89225500468501,2.8306709603512634,2.883457383948915,20006000
2013-09-13,2.858530282974243,2.879791505110077,2.8372690608384095,2.8709937098000036,14480000
2013-09-16,2.879791736602783,2.909117490266698,2.8621963193634903,2.886390083615748,21556000
2013-09-17,2.95870041847229,2.976399295428354,2.9129777042822926,2.9314141663134663,37247000
2013-09-18,2.9992597103118896,2.99999711930892,2.9380503679396517,2.966073843899041,23648000
2013-09-19,3.005160093307495,3.008847490873908,2.9609123774593007,3.005160093307495,25017000
2013-09-20,3.0693199634552,3.1401161761816856,3.011060411566917,3.0353966756259516,87192000
2013-09-23,3.0877554416656494,3.148227557172187,3.0597321386084846,3.140115354059844,29711000
2013-09-24,3.1275794506073,3.140853520437746,3.070794718428369,3.086281367663636,29753000
2013-09-25,3.1128294467926025,3.141590510450498,3.0545699104060247,3.135690534585135,20584000
2013-09-26,3.117255687713623,3.146016412960307,3.100293864680002,3.132004930866918,16874000
2013-09-27,3.1489648818969727,3.1541270969257686,3.085543131793534,3.1054545828545357,21998000
2013-09-30,3.176988363265991,3.1924750075110806,3.0951299846567957,3.1047170051394,35229000
2013-10-01,3.2020630836486816,3.2175497329994043,3.169614614783152,3.1814142178477183,27411000
2013-10-02,3.2013256549835205,3.2042752919945636,3.166664958556426,3.176251982141556,17366000
2013-10-03,3.1932132244110107,3.2145998494789274,3.158552530431526,3.1998506105163895,22817000
2013-10-04,3.2079622745513916,3.224924091767207,3.1924756272997175,3.2020626496435503,17246000
2013-10-07,3.171088695526123,3.2079616072674257,3.16223908418037,3.2079616072674257,14587000
2013-10-08,3.1415908336639404,3.2057500008671775,3.123891607545984,3.1792011616902434,21682000
2013-10-09,3.1120917797088623,3.1755138847982596,3.084805885021096,3.168876499662404,27594000
2013-10-10,3.208699941635132,3.2204995440488817,3.1401159614007166,3.1939507023551457,32464000
2013-10-11,3.1924753189086914,3.207961964664366,3.1548646423238105,3.1895253309149503,18979000
2013-10-14,3.2617969512939453,3.2676969277430414,3.1718267060648277,3.1806763190889042,20183000
2013-10-15,3.225661516189575,3.277283673939452,3.2138619146684775,3.264747014907157,18761000
2013-10-16,3.281709671020508,3.289084468602659,3.2352497121918913,3.2507363651347636,16999000
2013-10-17,3.3259565830230713,3.328168810529553,3.2448355964092066,3.2514726305782324,23286000
2013-10-18,3.3967535495758057,3.412977609884296,3.322269932044063,3.412977609884296,27417000
2013-10-21,3.4697625637054443,3.4815621687388516,3.396016350932949,3.403390796385358,43360000
2013-10-22,3.4564881324768066,3.470499965620894,3.4262522380525713,3.470499965620894,47814000
2013-10-23,3.3473432064056396,3.4343638271417176,3.297195861172842,3.4299390200153392,56673000
2013-10-24,3.354717493057251,3.370204493097475,3.315631991650134,3.339230844666627,30021000
2013-10-25,3.365041732788086,3.3849531848774133,3.3318558620893595,3.3318558620893595,21912000
2013-10-28,3.3561923503875732,3.3738912247634976,3.33480572699851,3.3443927491540566,19048000
2013-10-29,3.377578020095825,3.412976114187761,3.3613539668973345,3.3827402348248676,22162000
2013-10-30,3.3075196743011475,3.396752506059106,3.2743338028950193,3.396752506059106,20740000
2013-10-31,3.3502933979034424,3.363567468436719,3.3185823368525305,3.3185823368525305,17394000
2013-11-01,3.2979331016540527,3.3842163087286385,3.2868709085793837,3.376841513345526,22074000
2013-11-04,3.3215320110321045,3.340706057374612,3.2890835437641064,3.3252190571367373,13911000
2013-11-05,3.320794105529785,3.33333111668832,3.2883459913246162,3.321531866368184,12484000
2013-11-06,3.345867872238159,3.354717133477424,3.316369397041776,3.3318560437724427,10405000
2013-11-07,3.219761610031128,3.355454729949702,3.2138616339611112,3.345129947651945,32309000
2013-11-08,3.270646810531616,3.2735967989782386,3.178463979282192,3.22492427533133,36069000
2013-11-11,3.260322093963623,3.2876083418528403,3.2367232433985422,3.2772835590153466,9140000
2013-11-12,3.328169345855713,3.3318567439425366,3.2676975644902067,3.286133851625052,13438000
2013-11-13,3.3466057777404785,3.3466057777404785,3.2706469994362966,3.2706469994362966,9863000
2013-11-14,3.1674017906188965,3.3252185947388417,3.140115543341356,3.31120676654088,59660000
2013-11-15,3.289820671081543,3.30456990918503,3.162977153061638,3.1696141871308567,48369000
2013-11-18,3.2418854236602783,3.2979327370977005,3.2345109807419417,3.2898205334029265,13463000
2013-11-19,3.1674017906188965,3.2632720089999228,3.1659269723821284,3.233035773599291,12296000
2013-11-20,3.1489648818969727,3.1902629537768648,3.1305282489443336,3.189525193073158,11085000
2013-11-21,3.174776315689087,3.1873133259750297,3.150440055904252,3.1659270543897002,15434000
2013-11-22,3.1932132244110107,3.209437633424519,3.167402144138968,3.1755143486457222,11219000
2013-11-25,3.223449468612671,3.24483609604968,3.2005883742605485,3.2396738794234294,16001000
2013-11-26,3.300145149230957,3.3082573533798785,3.2116497193593023,3.229348945993465,18712000
2013-11-27,3.2942450046539307,3.30456943467892,3.224923630686417,3.2817079958238584,19086000
2013-11-29,3.2986702919006348,3.3252187798884667,3.293508076134957,3.3178443366444594,11401000
2013-12-02,3.3185815811157227,3.4078144146724294,3.314156774729074,3.354717089682203,24454000
2013-12-03,3.302358388900757,3.316370220847092,3.289821375585725,3.313420231934835,16189000
2013-12-04,3.281709671020508,3.3112081580497037,3.2758100439446096,3.280234852163959,26443000
2013-12-05,3.509584665298462,3.5162220514730005,3.3230067728957944,3.3576674672364324,45947000
2013-12-06,3.4631240367889404,3.5626812932608676,3.4623866277261155,3.5626812932608676,27552000
2013-12-09,3.4933605194091797,3.505897530583192,3.432888746057047,3.4727116554986552,20719000
2013-12-10,3.4365761280059814,3.4963108496583573,3.4277265135649166,3.493360860961461,15997000
2013-12-11,3.400440216064453,3.4653367949812064,3.396752818535769,3.4483753289885937,13005000
2013-12-12,3.373891592025757,3.4284640943282785,3.372416773579615,3.425514105786389,13678000
2013-12-13,3.3665173053741455,3.4033902297970355,3.36356731669448,3.394540967057285,15876000
2013-12-16,3.6946873664855957,3.727872884252929,3.5663686948503597,3.6659263031009495,121534000
2013-12-17,3.949850559234619,4.0221219473119145,3.709437890173099,3.7131249367716967,87230000
2013-12-18,3.9379942417144775,3.9602216686987974,3.8535293832366144,3.9602216686987974,42787000
2013-12-19,3.811298131942749,3.927622791286592,3.8016661492798995,3.923177233649992,30366000
2013-12-20,3.8268580436706543,3.854272261440628,3.803148516763957,3.81055789849051,28889000
2013-12-23,3.8572347164154053,3.8735352106046483,3.8379707529544262,3.8735352106046483,12988000
2013-12-24,3.8987274169921875,3.9113228710670414,3.8705723322502927,3.8757587580397197,7448000
2013-12-26,3.906135320663452,3.9231766814214537,3.8868713580493592,3.914285567399771,7010000
2013-12-27,3.910580635070801,3.931326684267242,3.8979851854036913,3.9187308813014967,8043000
2013-12-30,3.904654026031494,3.915767743161455,3.8668669638311903,3.911322185649731,10962000
2013-12-31,3.9179892539978027,3.9491077918077178,3.892798006251886,3.917248386902124,8655000
2014-01-02,3.9009485244750977,3.917989883608482,3.8446387298704296,3.915766928665655,14537000
2014-01-03,3.9157676696777344,3.9239179171793963,3.8498258822055806,3.8861308556882084,11661000
2014-01-06,3.8890953063964844,3.956519192764439,3.884649748250342,3.9120639646017628,12634000
2014-01-07,3.9261393547058105,3.931326131249276,3.8890935248564706,3.913543906810498,13359000
2014-01-08,3.984673261642456,3.9950464644601653,3.916508519118593,3.9350316161019947,22968000
2014-01-09,3.9439234733581543,4.013569963696002,3.9091002281892306,4.000974509751261,12339000
2014-01-10,3.949108123779297,4.002454445436834,3.917248716195524,3.9965271548745736,16691000
2014-01-13,3.9002068042755127,3.984671654359156,3.8816837147637058,3.9728170749187854,13944000
2014-01-14,4.095069885253906,4.137302496372924,3.9076170537282207,3.9505901787667073,34855000
2014-01-15,4.221027851104736,4.236587127567977,4.11359429747446,4.1254488833610985,27187000
2014-01-16,4.106924533843994,4.2202853361646175,4.08617848669296,4.205466932941651,24084000
2014-01-17,4.159530162811279,4.180276212591623,4.092106295947117,4.094329251026525,31181000
2014-01-21,4.157307147979736,4.209912604516245,4.140265789492459,4.194352980402258,16597000
2014-01-22,4.234364032745361,4.236586634853591,4.138044208748132,4.163976333170964,25526000
2014-01-23,4.152862548828125,4.234363964222156,4.129893894254626,4.203245062119647,15551000
2014-01-24,4.0372772216796875,4.148415408763451,4.0120859746443935,4.1269288504006125,17426000
2014-01-27,4.034314155578613,4.093587767052912,3.981708701740666,4.046909603702676,21031000
2014-01-28,4.054318904876709,4.060246195251981,3.923916750127797,4.030609390077035,25223000
2014-01-29,4.00615930557251,4.144711362386987,3.9542947160164736,3.9965273255106153,23974000
2014-01-30,4.078769683837891,4.0950698222811885,4.007641132515226,4.0617283248892715,11989000
2014-01-31,4.048392295837402,4.096551847377901,3.9883774549539672,3.9883774549539672,15784000
2014-02-03,3.9461441040039062,4.08765995706818,3.9239163258766565,4.060245756260995,11421000
2014-02-04,4.001715660095215,4.012829379843478,3.93429176746469,3.964669456535961,13487000
2014-02-05,3.9994900226593018,4.055059290741087,3.9409572863908893,3.980226419550594,9017000
2014-02-06,4.0898823738098145,4.13952399720725,3.972816905314983,4.000231104886,18053000
2014-02-07,4.191391468048096,4.211396304619498,4.084698770801432,4.109890033398799,17039000
2014-02-10,4.172126770019531,4.184722222468042,4.117298695911318,4.163235654586045,12347000
2014-02-11,4.3025288581848145,4.309197017934157,4.163235544442377,4.1639764118257805,17344000
2014-02-12,4.366987705230713,4.430706875457765,4.312159647742059,4.312159647742059,25864000
2014-02-13,4.377361297607422,4.409221064794636,4.251404670065039,4.25510935988656,22614000
2014-02-14,4.303269863128662,4.325497298536142,4.255850816087921,4.260296373829161,28180000
2014-02-18,4.3247551918029785,4.33512803912713,4.277336158350902,4.33512803912713,15872000
2014-02-19,4.275114059448242,4.328460390029808,4.259554786632505,4.311419029351628,14598000
2014-02-20,4.371434211730957,4.373656813749336,4.275114391627534,4.300305647662579,22282000
2014-02-21,4.338094234466553,4.408481602658423,4.326980513867586,4.403295176158984,17998000
2014-02-24,4.413665771484375,4.444784667861911,4.335128193267354,4.335128193267354,20672000
2014-02-25,4.371434211730957,4.445526245157173,4.3262381243357675,4.445526245157173,26929000
2014-02-26,4.586302280426025,4.704108692129474,4.443304607221675,4.445527209722301,49125000
2014-02-27,4.547773838043213,4.610011294020145,4.503318613287895,4.533696297209221,16460000
2014-02-28,4.571482181549072,4.591487009858782,4.5040583177577975,4.530731304404535,15225000
2014-03-03,4.5744452476501465,4.628532790004664,4.508503477417011,4.530730905448941,15340000
2014-03-04,4.693735122680664,4.749304062984112,4.61445665950281,4.630756801910781,36761000
2014-03-05,4.673731803894043,4.758937587064574,4.663358950520157,4.6796590982078605,24656000
2014-03-06,4.7152204513549805,4.73522527874068,4.671506107323627,4.689288333132521,12162000
2014-03-07,4.649278163909912,4.738188576519055,4.6270503841083395,4.738188576519055,15133000
2014-03-10,4.65298318862915,4.698920132470198,4.6285328057317905,4.662615168355341,13519000
2014-03-11,4.5951924324035645,4.715962288755849,4.5796331582690994,4.666320643675026,16191000
2014-03-12,4.6811394691467285,4.690771452086505,4.478868180710141,4.576669744929804,23598000
2014-03-13,4.644092559814453,4.778939936728775,4.596673523407908,4.697438887447157,35377000
2014-03-14,4.644092559814453,4.686324818937142,4.609269326399803,4.6507607182815525,13939000
2014-03-17,4.698180675506592,4.741154163591434,4.650020762420019,4.670025595040794,13968000
2014-03-18,4.748778343200684,4.762916080988899,4.672137015930219,4.70636512983604,13109000
2014-03-19,4.792677879333496,4.827650015923347,4.746544505595876,4.762914343733225,17558000
2014-03-20,4.859645366668701,4.865598002036613,4.784492147667482,4.785980572616424,19966000
2014-03-21,4.754729747772217,4.898339194710542,4.735383412114592,4.884201460590788,23267000
2014-03-24,4.6996684074401855,4.78895904588555,4.639397279710983,4.764404102572602,24811000
2014-03-25,4.762171268463135,4.83509205182505,4.708596822621919,4.739104399540129,16145000
2014-03-26,4.673624515533447,4.8276508201843455,4.622282177443553,4.791190607183203,28414000
2014-03-27,4.671392440795898,4.695947381526035,4.601448150185066,4.670648405441867,25247000
2014-03-28,4.770357131958008,4.812770348361236,4.678090344218595,4.687019124947629,14330000
2014-03-31,4.792677879333496,4.861134082175985,4.780028217039182,4.799374550660291,14819000
2014-04-01,4.840298652648926,4.855924452306853,4.778539134218918,4.803094063626878,21962000
2014-04-02,4.809791564941406,4.859645463708258,4.750264145645767,4.817232270597554,20979000
2014-04-03,4.756963729858398,4.879738455105914,4.722735613886075,4.817234861850047,21592000
2014-04-04,4.598471164703369,4.8172335019372,4.467511731282401,4.803839802561402,38830000
2014-04-07,4.491322040557861,4.608888123162622,4.377476488939047,4.538943843711764,43274000
2014-04-08,4.477184772491455,4.537455885759046,4.468255639827507,4.510668487767202,22055000
2014-04-09,4.648327350616455,4.655024025665151,4.541922456562277,4.541922456562277,19256000
2014-04-10,4.454117298126221,4.654277301276018,4.436259035233831,4.654277301276018,20396000
2014-04-11,4.3551530838012695,4.461557550754885,4.349944483455548,4.410215582374304,21903000
2014-04-14,4.37673282623291,4.43253937653468,4.323902417125724,4.349201391326651,19419000
2014-04-15,4.3856611251831055,4.416912730637829,4.261398383712,4.39459025668712,25014000
2014-04-16,4.41319465637207,4.424355898662299,4.32390365362176,4.424355898662299,17916000
2014-04-17,4.530759334564209,4.588053953536206,4.38417374137947,4.415425351727832,19092000
2014-04-21,4.605168342590332,4.626746785505653,4.525550533812745,4.536712127729417,12560000
2014-04-22,4.720501899719238,4.7465452636356895,4.584333507456301,4.584333507456301,22830000
2014-04-23,4.806816577911377,4.807560613229501,4.745801069303013,4.760682840093692,26984000
2014-04-24,4.86485481262207,4.872295519423053,4.727942401314265,4.868575343427235,27519000
2014-04-25,4.638652801513672,4.838812506073235,4.627491206666296,4.825419159951462,19266000
2014-04-28,4.522573947906494,4.68180884018515,4.488345843841722,4.681064804959079,30708000
2014-04-29,4.5329909324646,4.5798686975438825,4.4652787628208985,4.5374554984154525,21656000
2014-04-30,4.724966049194336,4.737615712392297,4.492066348744228,4.546384822835506,25375000
2014-05-01,4.724223613739014,4.829140066531338,4.656511418298598,4.68181039845217,18863000
2014-05-02,4.782261848449707,4.83583629661154,4.701155963451439,4.81574592290203,13407000
2014-05-05,4.7807745933532715,4.795656367336548,4.689251488210905,4.752499116342202,13529000
2014-05-06,5.010697364807129,5.065759883534497,4.929591480009307,5.054598643681113,127802000
2014-05-07,4.971259117126465,5.105195018420157,4.937031017981591,5.0412033856544625,560280000
2014-05-08,5.056087017059326,5.129007807765013,4.963819886884592,4.971260950438583,53700000
2014-05-09,5.015904903411865,5.1014749821579475,4.961586431551968,5.053853181828135,38700000
2014-05-12,5.1438889503479,5.147609481669428,5.015905653286288,5.054598327487621,27394000
2014-05-13,5.116358280181885,5.15951552745905,5.101476507480392,5.154306924754,23021000
2014-05-14,5.097755432128906,5.1788613153314556,5.026323072700951,5.099987892941324,30243000
2014-05-15,5.054598331451416,5.130495254499352,4.993582824082467,5.109660846777495,32093000
2014-05-16,5.095522403717041,5.129006471366612,5.009207933989672,5.066502902074702,52044000
2014-05-19,5.083616733551025,5.164722601392757,5.07022339045076,5.141655736349987,37789000
2014-05-20,5.02409029006958,5.088081937245774,4.9794449795845175,5.086593866672422,29085000
2014-05-21,5.0903143882751465,5.092546494130947,5.012929041657169,5.024090280554951,16896000
2014-05-22,5.110404968261719,5.1505857137770175,5.050877885304328,5.091802666135184,15679000
2014-05-23,5.249549388885498,5.254013955487846,5.114125384645587,5.143144890156153,32017000
2014-05-27,5.277826309204102,5.303869325865408,5.232436950220256,5.285267373855613,31637000
2014-05-28,5.216065883636475,5.264431373310946,5.196719545842924,5.249549602301245,34927000
2014-05-29,5.267406463623047,5.271871029215354,5.194485698694452,5.2443396005310134,27566000
2014-05-30,5.258477210998535,5.357440977255679,5.16472204534391,5.346279740937327,38938000
2014-06-02,5.330655097961426,5.3574421419105684,5.2532697524048615,5.298659097468084,26599000
2014-06-03,5.316516876220703,5.363394642348604,5.271127535315943,5.307587744119259,22308000
2014-06-04,5.3284220695495605,5.3470243686814465,5.293449931682475,5.302379063650528,19379000
2014-06-05,5.347769260406494,5.3574424291196365,5.30014780696513,5.320982215021314,27288000
2014-06-06,5.329911231994629,5.383485676404127,5.300891726489093,5.378277074503855,15866000
2014-06-09,5.341814994812012,5.394645388973325,5.318004097944549,5.348512020224004,17420000
2014-06-10,5.347024440765381,5.376043942648096,5.320237399309448,5.338839698692113,16409000
2014-06-11,5.338840007781982,5.386461456995037,5.30907646897031,5.332887016172152,24943000
2014-06-12,5.339583396911621,5.3604178005968395,5.2979142347318575,5.308331436574466,13604000
2014-06-13,5.314285755157471,5.39092671780691,5.2763371141004125,5.370836344261272,13508000
2014-06-16,5.274104118347168,5.352977533840752,5.253269711569854,5.31800539251901,15668000
2014-06-17,5.340603351593018,5.351063713936311,5.274107496890306,5.274107496890306,13817000
2014-06-18,5.3211750984191895,5.370486733434461,5.271116015131643,5.348072191942497,13833000
2014-06-19,5.299508571624756,5.328647302504101,5.255426929238088,5.314451483132078,12734000
2014-06-20,5.347325325012207,5.375716960008048,5.2950249635076085,5.316692413906357,21834000
2014-06-23,5.322669982910156,5.376464533303357,5.289048344381018,5.350314172076751,13349000
2014-06-24,5.280080318450928,5.401865187074967,5.277091951286502,5.363013563801852,15304000
2014-06-25,5.351807594299316,5.3570375941984185,5.234505608142716,5.27335723954577,12827000
2014-06-26,5.301748275756836,5.369738266809785,5.25841374126865,5.358531176322714,8126000
2014-06-27,5.3002543449401855,5.317438884844627,5.248701437760911,5.2853114371509875,16935000
2014-06-30,5.384683609008789,5.384683609008789,5.298761949290443,5.298761949290443,17773000
2014-07-01,5.531123161315918,5.538594794234849,5.405602792174646,5.415315701209017,21429000
2014-07-02,5.552791118621826,5.573711122677089,5.497502027522774,5.497502027522774,16081000
2014-07-03,5.617044925689697,5.631240742633516,5.559514565906915,5.5789403831703455,7994000
2014-07-07,5.568480491638184,5.644689221903046,5.561008858882597,5.635723761370224,19066000
2014-07-08,5.483306407928467,5.566239329667778,5.386924403585792,5.553538051683869,19169000
2014-07-09,5.546065807342529,5.546065807342529,5.460891262463119,5.5034787130363485,9798000
2014-07-10,5.465374946594238,5.49451367644914,5.383188758059869,5.384682942277935,15479000
2014-07-11,5.469110012054443,5.490030013301766,5.42951128557899,5.474340012366274,12517000
2014-07-14,5.531870365142822,5.596124913222411,5.484800359363801,5.571469094118998,12242000
2014-07-15,5.485548496246338,5.557274691057489,5.431006847008884,5.529630142207254,14556000
2014-07-16,5.502732276916504,5.557274278370775,5.43548935280839,5.4623864511982125,15180000
2014-07-17,5.371981143951416,5.504226053662413,5.354049510001767,5.473593142554317,17816000
2014-07-18,5.603596210479736,5.6230220277768845,5.425028394761375,5.434741303409949,33949000
2014-07-21,5.634976863861084,5.64095431315663,5.565492311270967,5.567733943823571,15368000
2014-07-22,5.632734775543213,5.711185134499911,5.626010591388969,5.6469305921062105,23997000
2014-07-23,5.501236438751221,5.656642957780009,5.498248071088057,5.655895865864218,24450000
2014-07-24,5.417557239532471,5.520663427441388,5.399625960939887,5.506467609221999,20676000
2014-07-25,5.224045276641846,5.401865974454555,5.2083552779407825,5.400371790654549,36838000
2014-07-28,5.268128395080566,5.286059674552973,5.165769294223889,5.2315180314902525,31813000
2014-07-29,5.221057891845703,5.317439897005664,5.21806952347925,5.259909530746333,19111000
2014-07-30,5.268128395080566,5.307727127116063,5.209103843082968,5.301002585580197,17545000
2014-07-31,5.183698654174805,5.252436085975799,5.140364124340795,5.230768642925322,18476000
2014-08-01,5.2628984451293945,5.283071357398641,5.133641889408564,5.224046804828001,19141000
2014-08-04,5.330142021179199,5.3495678437130785,5.224794537930418,5.253933271731237,15452000
2014-08-05,5.238989353179932,5.336118447206849,5.218069350240928,5.291289360527441,15388000
2014-08-06,5.251691818237305,5.302498009205359,5.212093079606604,5.2150818048166645,10354000
2014-08-07,5.202378749847412,5.296519471229336,5.188930380736049,5.296519471229336,11222000
2014-08-08,5.26215124130249,5.267381242288414,5.179217961363316,5.209850875176164,12822000
2014-08-11,5.291289329528809,5.338359692132888,5.268128050525063,5.268128050525063,14173000
2014-08-12,5.315945625305176,5.333877261478805,5.264392705706656,5.29652016113989,9421000
2014-08-13,5.377211570739746,5.389165756809105,5.310715386461045,5.351808658142039,10836000
2014-08-14,5.516927242279053,5.546065968846049,5.43025851086986,5.43025851086986,18997000
2014-08-15,5.587905406951904,5.595376682233976,5.485546334838407,5.569226684346222,21143000
2014-08-18,5.631240367889404,5.633481643762779,5.555031287922213,5.626757459875626,12531000
2014-08-19,5.649919509887695,5.724634416178068,5.6357240482102835,5.646931141647009,18734000
2014-08-20,5.706703186035156,5.715669003926673,5.6514144507269375,5.6536557270662655,11375000
2014-08-21,5.698484420776367,5.7261289663725,5.659632781027034,5.688024418731101,15550000
2014-08-22,5.694000244140625,5.716414783723717,5.641700245558445,5.716414783723717,15837000
2014-08-25,5.66112756729126,5.768716673380904,5.63497720477566,5.753026313364698,17100000
2014-08-26,5.67532205581665,5.689517515688854,5.6237687912829015,5.667850423630935,13544000
2014-08-27,5.690263748168945,5.716413742697815,5.641699218138934,5.678309210479351,13434000
2014-08-28,5.705209255218506,5.714922165654553,5.599861424714575,5.643943067749933,18587000
2014-08-29,6.133324146270752,6.33580073979809,5.715669679258299,6.113151588032014,62934000
2014-09-02,6.352236747741699,6.36120256465225,6.156484384840592,6.1990718370321725,41604000
2014-09-03,6.379880428314209,6.439652773822647,6.313384611323687,6.370915324648716,32681000
2014-09-04,6.432182788848877,6.5188518926178824,6.385859512043429,6.390342777558409,28061000
2014-09-05,6.565920352935791,6.579368721232622,6.444135452408201,6.452353820530255,26594000
2014-09-08,6.589082717895508,6.699660182104604,6.539023630279697,6.580116900523509,28949000
2014-09-09,6.605518341064453,6.657819052329317,6.57189670972777,6.603277421500305,21896000
2014-09-10,6.649600982666016,6.657072615772729,6.553966786529867,6.595806791872817,18855000
2014-09-11,6.6548309326171875,6.6578200133575836,6.561437657097485,6.642876747258041,17888000
2014-09-12,6.563677787780762,6.654829410023644,6.530056159283407,6.650346858739855,18244000
2014-09-15,6.478503704071045,6.592817682660086,6.445629519644135,6.585346050393129,15998000
2014-09-16,6.56890869140625,6.595058692162791,6.400801238313882,6.453101239826964,21146000
2014-09-17,6.57940673828125,6.631148322798827,6.551661572224631,6.596653694741478,15653000
2014-09-18,6.71288537979126,6.713635558526729,6.601154516975648,6.612402192048544,18165000
2014-09-19,6.681390285491943,6.81486845594172,6.6663931480479865,6.758627223900207,41834000
2014-09-22,6.53741455078125,6.686639320654914,6.4804238557913045,6.646896298979322,23869000
2014-09-23,6.565910339355469,6.595155870676357,6.477424996858925,6.524667668202346,20829000
2014-09-24,6.675394535064697,6.677643641791881,6.550164701577512,6.575660775675296,14503000
2014-09-25,6.483423233032227,6.661893531631646,6.431681642622406,6.661893531631646,17940000
2014-09-26,6.561409950256348,6.573407802552953,6.483422837623013,6.490171584843795,9834000
2014-09-29,6.532167434692383,6.547164576545922,6.45418029466987,6.479675650362041,9826000
2014-09-30,6.523918151855469,6.5929067188557875,6.463928155780162,6.5696604702276025,14885000
2014-10-01,6.414434909820557,6.53291523230881,6.361943854014684,6.53291523230881,22257000
2014-10-02,6.239714622497559,6.40393726750953,6.061993765410056,6.37994155847735,34278000
2014-10-03,6.25921106338501,6.332698544038851,6.227716428819077,6.270459453645853,20650000
2014-10-06,6.214969635009766,6.337199449353565,6.189473564724686,6.3042044507332085,19536000
2014-10-07,6.0762410163879395,6.19997044679853,6.071742089435288,6.180473666396345,15266000
2014-10-08,6.246462345123291,6.280956975721264,5.9465120982274,6.073991337544261,27681000
2014-10-09,6.043996334075928,6.2464623301007745,6.042495976766494,6.2179669834126585,18880000
2014-10-10,5.351110935211182,5.832530729910018,5.155393339862671,5.830281266776565,105981000
2014-10-13,5.177141189575195,5.408852770058252,5.1591444062084895,5.309119388773856,65240000
2014-10-14,5.400603294372559,5.467342023068671,5.178640150189384,5.4036025788806805,69034000
2014-10-15,5.440347671508789,5.50783623369812,5.2386310910681075,5.268626087056378,31955000
2014-10-16,5.669058799743652,5.705802897027545,5.28662247645276,5.299370151273636,33985000
2014-10-17,5.785289764404297,5.976507750687937,5.761293699080301,5.805536366303306,41607000
2014-10-20,5.8482794761657715,5.853528939899097,5.684056827464261,5.749295922694336,14370000
2014-10-21,6.177473545074463,6.183472828669126,5.9210161499459595,5.923265970686073,24112000
2014-10-22,6.063493728637695,6.2232167208580815,6.053744980820639,6.184973338594824,17307000
2014-10-23,6.1024861335754395,6.216467523672881,6.082990069623999,6.15947682862416,18205000
2014-10-24,6.137730121612549,6.179722958597294,6.056743016537422,6.126481733790119,11269000
2014-10-27,6.116734981536865,6.145980513352076,6.008003391029951,6.112236054023734,14977000
2014-10-28,6.313953399658203,6.316952685032007,6.117485904930267,6.160978403399179,18230000
2014-10-29,6.364943504333496,6.3844402854869955,6.2659599561906605,6.341697259673127,14214000
2014-10-30,6.178224563598633,6.341697018486152,6.0874894095395184,6.286956140614426,19976000
2014-10-31,6.467677593231201,6.592906691643082,6.336449209181686,6.382191527365015,25461000
2014-11-03,6.474425315856934,6.589906361323241,6.455678713310171,6.481924242930457,15941000
2014-11-04,6.400937080383301,6.490922049275213,6.363443164560763,6.441430280627813,18288000
2014-11-05,6.502170562744141,6.508169847499458,6.359694522391655,6.433182721311801,14789000
2014-11-06,6.571157932281494,6.590654710293004,6.4744242208592455,6.481923146664501,17114000
2014-11-07,6.376941204071045,6.593655612643851,6.354445138711554,6.586906864549706,19751000
2014-11-10,6.442180156707764,6.454928189022956,6.261460743814055,6.367942498982648,14364000
2014-11-11,6.460927486419678,6.470675519003482,6.402437145505824,6.436931064047911,7927000
2014-11-12,6.527666091918945,6.545663229566987,6.4196839811676885,6.442180045659243,10396000
2014-11-13,6.557662010192871,6.626650570840538,6.488673449545204,6.529166657410455,12281000
2014-11-14,6.675394535064697,6.677643641791881,6.472177551557556,6.565912024354164,12955000
2014-11-17,6.637896537780762,6.677639552314882,6.568157823789718,6.657393313345661,11200000
2014-11-18,6.854611396789551,6.881607102033071,6.6243995113871,6.6251496900620435,20025000
2014-11-19,6.692638397216797,6.8988538556888646,6.681390008247852,6.862110119582029,18763000
2014-11-20,6.74362850189209,6.817866138395187,6.600402333028432,6.661891940860565,15121000
2014-11-21,6.7646260261535645,6.87860740921206,6.7076353346243165,6.876357588457769,17461000
2014-11-24,6.834362983703613,6.850110294643614,6.777372306890234,6.7901203343569225,11876000
2014-11-25,6.835115432739258,6.940847730295599,6.829116863172318,6.886857028507889,25923000
2014-11-26,7.032334804534912,7.038333375583488,6.86736194336624,6.86736194336624,16143000
2014-11-28,7.003835201263428,7.081072120225827,6.949094340371639,7.0585760621552165,8700000
2014-12-01,6.8201165199279785,7.0008366111662905,6.750377803321879,6.97759037229759,17168000
2014-12-02,6.913852691650391,6.929600009365959,6.727883448690321,6.800621467740548,19794000
2014-12-03,7.133563995361328,7.162059339315086,6.976090855306677,6.976090855306677,31727000
2014-12-04,7.7289652824401855,7.78220650618117,7.462009700310902,7.614983909893437,61855000
2014-12-05,7.797954082489014,7.8736913688394745,7.6284823750809405,7.786705694512824,29596000
2014-12-08,7.551997661590576,7.81145442192635,7.473260347344354,7.798706387269506,34818000
2014-12-09,7.696721076965332,7.725966600943821,7.292538567289085,7.490505627561028,22903000
2014-12-10,7.442513465881348,7.761210652960411,7.436514182365531,7.648728914212967,22194000
2014-12-11,7.539996147155762,7.708717655579425,7.487504391416513,7.5047520605888565,15685000
2014-12-12,7.438764572143555,7.587239877933579,7.411019403426316,7.422267077565675,13177000
2014-12-15,7.364526748657227,7.562493818458232,7.291788739656562,7.496504556812248,16749000
2014-12-16,7.298536777496338,7.4747579459275455,7.199553252218351,7.330031405514447,22113000
2014-12-17,7.449809551239014,7.514531220339762,7.187158443169038,7.324880660165317,27875000
2014-12-18,7.64999532699585,7.676335579839234,7.52581933664985,7.593551825514588,33281000
2014-12-19,7.537107467651367,7.702674957488535,7.484426250232287,7.656767562360722,65173000
2014-12-22,7.63193416595459,7.646233264632031,7.52582025538084,7.601078745021908,15924000
2014-12-23,7.5845184326171875,7.713962433483866,7.568714285800718,7.701921281297676,13011000
2014-12-24,7.5800042152404785,7.618386338260742,7.546890860032992,7.595056197064424,6358000
2014-12-26,7.572476387023926,7.625909756121234,7.541620265326771,7.598816628610398,5761000
2014-12-29,7.622901916503906,7.630427907824939,7.464859687352402,7.572479353632667,13677000
2014-12-30,7.589787006378174,7.671818572467803,7.57097274964364,7.606344040352727,11730000
2014-12-31,7.570220947265625,7.753851248531593,7.5581797925231005,7.6086023522942945,15121000
2015-01-02,7.532591342926025,7.692138609199329,7.460343700280255,7.5958086582442865,13500000
2015-01-05,7.412179946899414,7.587531399973783,7.405406841100157,7.531087894689164,15596000
2015-01-06,7.243597984313965,7.456578573851273,7.163071488056524,7.446795363183656,22194000
2015-01-07,7.439270973205566,7.479910314167506,7.264671738339686,7.303806024853835,30907000
2015-01-08,7.811046600341797,7.849428721552169,7.552911440151748,7.565705480555206,33265000
2015-01-09,7.894584655761719,7.962317147576716,7.719986093144181,7.862223464693963,23432000
2015-01-12,7.763631820678711,7.950272167691178,7.730518476975018,7.907374895657322,18692000
2015-01-13,7.719982624053955,8.081221461115046,7.656013156943,7.810292333319228,24337000
2015-01-14,7.780942440032959,7.788468429704256,7.526570305060451,7.609354038291083,20984000
2015-01-15,7.62515926361084,7.942748751901177,7.604839232170145,7.793737580396013,18372000
2015-01-16,7.813300132751465,7.820073233344243,7.549144185610193,7.577742359417532,15375000
2015-01-20,7.89232873916626,7.920174052607305,7.719987371413149,7.803524029454494,12840000
2015-01-21,7.93071174621582,8.043598795423287,7.835133910579405,7.851690237595909,16451000
2015-01-22,7.917162895202637,8.014245753921275,7.640212699359531,7.975863624498099,20639000
2015-01-23,8.051116943359375,8.090251216251223,7.845662369535997,7.90436377887377,15088000
2015-01-26,8.032304763793945,8.057139954235861,7.873509691537958,8.033056932091004,9611000
2015-01-27,7.8863043785095215,7.975861218039819,7.7380453919590035,7.907376576046063,15242000
2015-01-28,7.902109146118164,8.15347119954337,7.8915730465239555,8.061656412302996,23302000
2015-01-29,8.017254829406738,8.022522879700714,7.69665521224506,7.874264585262541,15842000
2015-01-30,7.742562770843506,8.032306978460023,7.722995623957315,7.923935143222505,16938000
2015-02-02,7.707943439483643,7.788469965869908,7.462602300183042,7.770407874183454,21581000
2015-02-03,7.7666449546813965,7.8057792478127,7.628169874019553,7.713964451511574,15390000
2015-02-04,7.887058258056641,7.923182443224212,7.7102017634196915,7.746325948587263,16658000
2015-02-05,7.992415428161621,7.9939204820655805,7.808033047150215,7.882538598278522,16585000
2015-02-06,7.882540225982666,8.060902428209117,7.846416053957614,7.997685127165275,10682000
2015-02-09,7.694395065307617,7.853190132524149,7.662786772606076,7.823086894086802,20346000
2015-02-10,8.055636405944824,8.087244705558723,7.743314251994234,7.754603238021187,20398000
2015-02-11,8.123368263244629,8.150461399393015,8.002203113318261,8.036821522520656,17169000
2015-02-12,8.255818367004395,8.281405716102135,8.162497857647443,8.188085924462754,21072000
2015-02-13,8.289689064025879,8.293452059278518,8.1346569611197,8.278400078267957,14614000
2015-02-17,8.3438720703125,8.379996239539155,8.209912925246176,8.293449528294511,15312000
2015-02-18,8.278400421142578,8.322802762157648,8.224967034690714,8.302482730495367,16681000
2015-02-19,8.346131324768066,8.3611825858378,8.252058610499207,8.278398855659631,13196000
2015-02-20,8.433432579040527,8.440957852182873,8.313018878429117,8.3860194107948,19283000
2015-02-23,8.492886543273926,8.521484735577541,8.425906944309155,8.504175530041572,23854000
2015-02-24,8.517720222473145,8.549328518529595,8.399565196437965,8.54180324640989,23213000
2015-02-25,8.48008918762207,8.571904665135898,8.452243892406017,8.525997285237855,38216000
2015-02-26,9.727117538452148,9.775282859525914,9.260517022269317,9.274816113177431,89263000
2015-02-27,9.604449272155762,9.68572795961793,9.493067340532866,9.68572795961793,33825000
2015-03-02,9.70981216430664,9.84903941630736,9.57359430405398,9.57359430405398,27893000
2015-03-03,9.649603843688965,9.70379011416928,9.60068634074681,9.651109615967274,18682000
2015-03-04,9.738407135009766,9.774531310184216,9.359859052581378,9.609716016957037,36143000
2015-03-05,9.826460838317871,9.899461365938308,9.691748768633687,9.735398220893913,21688000
2015-03-06,9.624767303466797,9.820438723313645,9.5954169493487,9.783562379728085,22329000
2015-03-09,9.56682014465332,9.677449909098838,9.552521049688009,9.617243420103199,17835000
2015-03-10,9.416301727294922,9.552518823067524,9.37039434396526,9.461456224657494,17688000
2015-03-11,9.381683349609375,9.517901173846596,9.371147251545683,9.429848676922477,17742000
2015-03-12,9.491561889648438,9.498334993701137,9.147631460268952,9.24772511972574,22305000
2015-03-13,9.407272338867188,9.538974295154912,9.327498709625797,9.460705720394616,18414000
2015-03-16,9.77377986907959,9.817429319231534,9.535211153407058,9.548005192876428,23077000
2015-03-17,9.715829849243164,9.75345907862747,9.595416889387666,9.694004767011052,19006000
2015-03-18,9.845657348632812,9.909061290832202,9.6380866584189,9.7113026955777,21250000
2015-03-19,9.966423988342285,10.035110795104186,9.813953242160576,9.850184057062483,24461000
2015-03-20,10.060774803161621,10.127952115240811,9.978501077669607,10.071342004615952,55522000
2015-03-23,10.147575378417969,10.286459192056874,10.106060968088315,10.189844177394203,23849000
2015-03-24,10.04794692993164,10.21777732830213,10.029831514677934,10.187585209491584,25819000
2015-03-25,9.392023086547852,10.063798693648462,9.389758479466941,10.010207551701024,48853000
2015-03-26,9.413154602050781,9.445611320817019,8.828182154702027,9.077267261816429,45058000
2015-03-27,9.677336692810059,9.736965812331782,9.423722358054665,9.434289562016406,24297000
2015-03-30,9.853959083557129,9.880377088633155,9.684128022587453,9.799612856112173,19523000
2015-03-31,9.584492683410645,9.774703013822755,9.565622888029068,9.760361710191598,16402000
2015-04-01,9.482598304748535,9.58298747509654,9.330128216697029,9.56034356653689,21830000
2015-04-02,9.436553955078125,9.579211925171514,9.407116950375359,9.518827698231222,14508000
2015-04-06,9.497693061828613,9.565625495458011,9.246343345334537,9.312011172553156,14227000
2015-04-07,9.48410701751709,9.59883748841666,9.465237215252362,9.54902046180749,16132000
2015-04-08,9.570155143737793,9.621481669612118,9.457689276249008,9.470521087676797,13607000
2015-04-09,9.602609634399414,9.65695514332718,9.484105083248357,9.498446389185917,13961000
2015-04-10,9.572419166564941,9.659221405903757,9.51580904177166,9.628274182563947,11669000
2015-04-13,9.461462020874023,9.621480286709602,9.442592220783093,9.604875092977336,10483000
2015-04-14,9.358054161071777,9.460707921039221,9.219170297442371,9.439572794107134,16047000
2015-04-15,9.502978324890137,9.533170442910691,9.408627866096289,9.417685573486144,16893000
2015-04-16,9.459951400756836,9.522600223776834,9.419946479126443,9.44032649426274,15456000
2015-04-17,9.19727897644043,9.38069621033364,9.128591452401073,9.33616280194116,26817000
2015-04-20,9.286345481872559,9.345974580688102,9.223696668804552,9.246340566597091,13295000
2015-04-21,9.291631698608398,9.438818155463457,9.279554277870526,9.38371753275508,20616000
2015-04-22,9.653936386108398,9.661484593595475,9.265212338564185,9.352769673838889,22580000
2015-04-23,9.364850044250488,9.469767721996154,9.250120268795348,9.451653024698897,28053000
2015-04-24,9.019905090332031,9.33918734489529,8.745911379614867,9.33918734489529,55059000
2015-04-27,9.068965911865234,9.20407568734241,8.961028537382823,9.05764359822619,27320000
2015-04-28,8.865168571472168,9.133124235147704,8.64703065582815,9.086326202650628,31023000
2015-04-29,8.833467483520508,8.870452702449047,8.661372481275656,8.75723243883686,20903000
2015-04-30,8.8221435546875,8.977633331313061,8.77534624780298,8.80780224713862,21339000
2015-05-01,9.268987655639648,9.316540793163698,8.897624580670762,8.900643576126111,25334000
2015-05-04,9.145198822021484,9.348240992366568,9.122554919854462,9.271250861194689,14207000
2015-05-05,8.815347671508789,9.108211720653516,8.803270974185708,9.0651878115933,22090000
2015-05-06,8.814592361450195,8.934605653297968,8.709674039882755,8.894601462627525,14475000
2015-05-07,9.244832992553711,9.332390327358663,9.057641622931289,9.057641622931289,23542000
2015-05-08,9.308992385864258,9.4297608395402,9.263703855817397,9.299179571088786,14846000
2015-05-11,9.26974105834961,9.348995073241891,9.253890255371152,9.327106280464012,12418000
2015-05-12,9.280309677124023,9.327862093319036,9.155767120539403,9.210112636214166,10264000
2015-05-13,9.29389762878418,9.422969422587627,9.232003893198833,9.331637957256136,11857000
2015-05-14,9.581476211547852,9.712811864763609,9.33239110378116,9.370130704480498,23279000
2015-05-15,9.65167236328125,9.77470541737781,9.553547819528266,9.645634372795977,22627000
2015-05-18,9.826034545898438,9.842640463817634,9.607141496251943,9.657713639102228,17984000
2015-05-19,9.772442817687988,9.952086748410574,9.75583762060707,9.877361202035802,16053000
2015-05-20,9.745269775390625,9.893211360495258,9.669789125087728,9.807918614364873,18721000
2015-05-21,9.781498908996582,9.814710737344862,9.649408863873054,9.775460918269083,21309000
2015-05-22,10.011712074279785,10.101534005535044,9.798857830217646,9.798857830217646,22856000
2015-05-26,9.910568237304688,10.154369688871995,9.860751226890542,10.141537881981803,26781000
2015-05-27,10.679715156555176,10.931064867521245,9.93472372926413,9.970199442960205,114248000
2015-05-28,10.746892929077148,10.9801272385759,10.265328613328009,10.945406632161397,249123000
2015-05-29,11.176375389099121,11.26468711518784,10.877473276384443,10.878227665247945,118244000
2015-06-01,11.066926956176758,11.35979103678719,10.955971342814292,11.189205599240738,83579000
2015-06-02,10.881247520446777,11.07070278411241,10.80425738501197,11.051077875857919,41264000
2015-06-03,10.798219680786133,11.020132402427896,10.779349879483698,11.020132402427896,30450000
2015-06-04,10.657824516296387,10.826900470054273,10.603479008226943,10.755193941498996,28017000
2015-06-05,10.854827880859375,10.872188901198122,10.515166478752219,10.640464125499191,38593000
2015-06-08,10.463839530944824,10.85180843470326,10.380811415609202,10.836712740931612,54422000
2015-06-09,10.583100318908691,10.622350137369041,10.303823096711623,10.487995487910975,44071000
2015-06-10,10.783121109008789,10.867658717697653,10.55517045724191,10.561963555106326,42617000
2015-06-11,10.717456817626953,10.813316767474026,10.64424077471272,10.731798126646344,31517000
2015-06-12,10.602726936340332,10.678961979137549,10.558193508983122,10.664620669318946,19145000
2015-06-15,10.802749633789062,10.870682074870086,10.492525155442912,10.503847468902025,34565000
2015-06-16,10.717456817626953,10.830677072127976,10.671413175097399,10.771047949242906,20998000
2015-06-17,10.64932918548584,10.786334370587163,10.556225979089136,10.710640507308655,25429000
2015-06-18,10.824182510375977,10.8809525532362,10.652357897989743,10.652357897989743,25298000
2015-06-19,10.815855026245117,10.893062654834447,10.718210530066683,10.824938319130345,26881000
2015-06-22,10.845377922058105,10.98616790511179,10.748489927875013,10.911988508292774,22846000
2015-06-23,10.721236228942871,10.896845565674276,10.662195918043096,10.896845565674276,21497000
2015-06-24,10.594830513000488,10.765141361840293,10.584233457683368,10.75303054460219,22402000
2015-06-25,10.538817405700684,10.676579120811871,10.508540002551927,10.60694102138271,17538000
2015-06-26,10.229988098144531,10.52443609257284,10.199710693535742,10.510054271243396,71798000
2015-06-29,9.992308616638184,10.234527816408658,9.918885759286974,10.055890940016885,40473000
2015-06-30,10.061948776245117,10.171704102991855,10.000636721910261,10.12780211666722,28695000
2015-07-01,10.256484031677246,10.423010171454617,10.167165551108626,10.173977843006648,43059000
2015-07-02,10.418464660644531,10.42679071218035,10.245126287227919,10.26405011599604,32797000
2015-07-06,10.158077239990234,10.416192015634435,10.13309836744821,10.306436713553488,30188000
2015-07-07,10.055135726928711,10.177001862576466,9.549502432009067,10.139155649096189,59268000
2015-07-08,9.69256591796875,9.941597503463754,9.602490202872406,9.847737743532578,51371000
2015-07-09,9.43747615814209,9.943108733784593,9.364809810897931,9.853790283522192,73469000
2015-07-10,9.828056335449219,9.902235733677411,9.575239288500319,9.583566063106803,50948000
2015-07-13,9.778098106384277,9.944623484343191,9.72359834053311,9.944623484343191,25304000
2015-07-14,10.014263153076172,10.02788845759703,9.727384622234647,9.790967692300956,26289000
2015-07-15,9.970359802246094,10.104337493606852,9.902235454520914,9.966575036053545,23100000
2015-07-16,10.195927619934082,10.201226148573255,9.907534625441064,10.114935206274962,33977000
2015-07-17,10.117205619812012,10.218634900070045,9.988526455913354,10.215607375844534,29000000
2015-07-20,10.191384315490723,10.265564428876548,10.124017213949228,10.184572025516685,23563000
2015-07-21,10.181546211242676,10.323092728068998,10.153539082833648,10.226205446413381,31532000
2015-07-22,9.80913257598877,9.840167226748273,9.490462903077932,9.616114546402322,61346000
2015-07-23,9.989283561706543,10.21863549918894,9.87801446025672,9.929485984459891,30608000
2015-07-24,9.72511100769043,10.131586036154905,9.714513952501953,10.105849918199894,36311000
2015-07-27,9.435205459594727,9.650932060747484,9.39357375696164,9.639577763155659,34893000
2015-07-28,9.720572471618652,9.806106179207614,9.349673991366283,9.505602339495315,27869000
2015-07-29,9.732682228088379,9.773556694033056,9.49576148526467,9.716786642547136,33407000
2015-07-30,9.662285804748535,9.748576007143564,9.466996084205656,9.517711077632484,39169000
2015-07-31,9.472294807434082,9.714514038890677,9.458670228319237,9.714514038890677,30593000
2015-08-03,9.52225112915039,9.650173015213873,9.404169054997878,9.569181350847703,27273000
2015-08-04,9.345888137817383,9.503330951839425,8.989371523970815,9.503330951839425,47467000
2015-08-05,9.44277572631836,9.513927597610042,9.158924761261138,9.310311798250924,34158000
2015-08-06,9.330748558044434,9.491976129498722,9.12864724505395,9.464726246604267,46052000
2015-08-07,9.276247024536133,9.384488563222593,9.145296895263735,9.160435955654359,30527000
2015-08-10,9.634281158447266,9.643364453959814,9.310312932024571,9.3474026342764,28907000
2015-08-11,9.401899337768555,9.554800839157318,9.30425483772912,9.510141614818316,26744000
2015-08-12,9.516955375671387,9.58886449086122,9.130161359516721,9.203584236836285,27205000
2015-08-13,9.400385856628418,9.599460350197514,9.38676127729003,9.508628136910986,14571000
2015-08-14,9.231592178344727,9.423853716376476,9.171793872104258,9.386006769348764,26496000
2015-08-17,9.501058578491211,9.501058578491211,9.143784774118176,9.183145471951484,21293000
2015-08-18,9.252784729003906,9.519982873730273,9.21796603450488,9.519982873730273,19502000
2015-08-19,9.192984580993652,9.293656591926817,9.030243287197464,9.202824392990138,30891000
2015-08-20,8.707036018371582,9.131677065650969,8.707036018371582,9.089288829513256,41756000
2015-08-21,8.436050415039062,8.741851990977935,8.42696712129263,8.534451440529901,56472000
2015-08-24,8.32175350189209,8.705519974932738,7.569358898234696,7.651865066149442,69040000
2015-08-25,8.21351146697998,8.704763001689738,8.190046349721749,8.63890965809165,43921000
2015-08-26,8.795594215393066,8.836468674940672,8.415612540296967,8.52309757778561,59354000
2015-08-27,9.557076454162598,9.613089280680233,9.111997757920708,9.121081055547734,91882000
2015-08-28,9.660015106201172,9.667584637734532,9.438232740991474,9.50181579525334,36322000
2015-08-31,9.535120964050293,9.691806517020282,9.461698094438058,9.585835238489276,30087000
2015-09-01,9.035543441772461,9.463211879040944,8.939412698627347,9.19828476488525,49749000
2015-09-02,9.389033317565918,9.391303599792751,9.095341812503113,9.245972331239694,36700000
2015-09-03,9.3685941696167,9.60551486415273,9.326205950146017,9.491974784321911,29954000
2015-09-04,9.170278549194336,9.371623349124233,9.13243160860713,9.177090839688557,24923000
2015-09-08,9.77658462524414,9.789451964169835,9.448074424235255,9.491976413096069,35477000
2015-09-09,9.62595272064209,9.97565698470641,9.56009938589091,9.853790128480892,31502000
2015-09-10,9.743280410766602,9.776586069732597,9.44656133597575,9.729655827834438,36224000
2015-09-11,9.921916961669922,9.932514019495654,9.608545791865506,9.70089178773844,39606000
2015-09-14,9.930241584777832,10.122503068120922,9.885582358799926,10.029399850351865,34643000
2015-09-15,10.171706199645996,10.214851674784649,9.915862317237197,10.001396025408724,30804000
2015-09-16,9.984158515930176,10.166392581489786,9.890763358194077,10.166392581489786,27317000
2015-09-17,9.917335510253906,10.103366142609111,9.886204284935271,9.98567344135042,19918000
2015-09-18,9.688029289245605,9.832298492493376,9.61285766991143,9.76016389086949,44021000
2015-09-21,9.66296672821045,9.823940163797694,9.583998518430514,9.747250078105052,16515000
2015-09-22,9.468584060668945,9.555144811584604,9.392652865980152,9.490603513339193,22483000
2015-09-23,9.532367706298828,9.703971459578046,9.401006958635065,9.477697785203532,21879000
2015-09-24,9.423025131225586,9.517938761836856,9.069946309490293,9.423025131225586,44995000
2015-09-25,9.623483657836914,9.78977225141471,9.506550562744017,9.564257494135198,35087000
2015-09-28,9.176251411437988,9.732065994176516,9.17321439487376,9.564258156663916,39887000
2015-09-29,9.08665657043457,9.300022639000346,8.964407552748018,9.256741876902577,47991000
2015-09-30,9.492122650146484,9.508826962468717,9.187639706634277,9.247624756046307,43955000
2015-10-01,9.274201393127441,9.483770727459854,9.073743831951536,9.347854470397923,45674000
2015-10-02,9.364558219909668,9.36683634391871,8.975791940552373,9.110948562863731,35207000
2015-10-05,9.204344749450684,9.481493122382666,9.184602695393801,9.412395571116782,39085000
2015-10-06,8.892269134521484,9.18839921769235,8.468574231444846,9.16941677999858,115846000
2015-10-07,9.008444786071777,9.076782731404567,8.79431917575346,9.009203678187117,37284000
2015-10-08,8.860377311706543,8.956809453778328,8.64017770980082,8.923400103713629,41409000
2015-10-09,8.877080917358398,8.965919780592992,8.773055527549172,8.850505219986232,34479000
2015-10-12,8.935550689697266,8.958330487814301,8.789763747243507,8.928717039915638,24184000
2015-10-13,8.612085342407227,8.858860698761898,8.596139918001573,8.833803499819624,32475000
2015-10-14,8.918843269348145,8.94162233540368,8.533114033589356,8.580191397686455,33530000
2015-10-15,9.253702163696289,9.26281393854353,8.936310724896332,8.959849416240559,49316000
2015-10-16,9.19295597076416,9.26205280086097,9.104116361629837,9.255978043916071,19866000
2015-10-19,9.032740592956543,9.207382054943858,8.912010874178273,9.187640001819503,18593000
2015-10-20,9.103360176086426,9.117027478108803,8.92947826282898,8.99553809616019,21920000
2015-10-21,9.149674415588379,9.315203381129153,9.120060973796386,9.24534694106969,28197000
2015-10-22,9.517180442810059,9.538441004657738,9.203585707289625,9.234716933937907,34344000
2015-10-23,9.839127540588379,9.858869594735639,9.419988879062085,9.678912983126583,35498000
2015-10-26,9.385819435119629,9.723711738629065,9.319759627312028,9.723711738629065,58129000
2015-10-27,9.224847793579102,9.502755099904247,9.183085554972028,9.34633715229019,32280000
2015-10-28,9.65005874633789,9.707766398185385,9.392653161344752,9.475418006848809,30966000
2015-10-29,9.118542671203613,9.427581880197284,9.014517262804295,9.187640220852922,61582000
2015-10-30,9.349373817443848,9.416952868095947,9.124618657106772,9.17625156020401,25516000
2015-11-02,9.400246620178223,9.507309045444917,9.298499335368735,9.38961633926381,26068000
2015-11-03,9.274201393127441,9.487567359952864,9.224087002833466,9.224087002833466,26222000
2015-11-04,9.423787117004395,9.48073516486458,9.116266355118698,9.301538138865151,43098000
2015-11-05,9.1921968460083,9.491364701965747,9.157268983075362,9.484531052620923,28308000
2015-11-06,9.845962524414062,9.855074298650933,9.356967352992529,9.358485861343057,45287000
2015-11-09,9.605260848999023,9.790532619348735,9.54527578866962,9.747251874381773,28250000
2015-11-10,9.101080894470215,9.421509352086384,9.09424724432745,9.34785626070978,44759000
2015-11-11,9.107911109924316,9.316721513485314,9.09804044658126,9.127653160743897,25953000
2015-11-12,9.10031795501709,9.218770261349048,9.02970263048339,9.127653269739884,26588000
2015-11-13,8.924917221069336,9.103355288622568,8.747998385488566,9.035776258785472,39824000
2015-11-16,9.223326683044434,9.246105750342696,8.88998993274808,8.91960264782247,27796000
2015-11-17,9.268128395080566,9.391136260224798,9.187641659991078,9.222569524212137,19868000
2015-11-18,9.561222076416016,9.574889376427116,9.233200358946021,9.257498666240316,20270000
2015-11-19,9.507308006286621,9.57716444071749,9.340259822004064,9.574886316732382,32780000
2015-11-20,9.597668647766113,9.618169596655955,9.39493293865344,9.583241732265696,28057000
2015-11-23,9.446562767028809,9.624241220218092,9.431376240233089,9.624241220218092,16003000
2015-11-24,9.744970321655273,9.763953478980344,9.370631003979094,9.370631003979094,35659000
2015-11-25,9.74876880645752,9.807994965131083,9.693339279970747,9.795086560522702,21396000
2015-11-27,9.874055862426758,9.905187815316056,9.708526880778734,9.76699342981767,13262000
2015-11-30,9.90518569946289,9.92416813430458,9.652335670154812,9.827736003937867,32615000
2015-12-01,10.090457916259766,10.157277340488683,9.940114754844874,9.95985680808522,43255000
2015-12-02,10.038826942443848,10.250674428305741,9.987953653597925,10.104127871096276,54364000
2015-12-03,10.993279457092285,11.151215925486271,10.849011013314705,10.999354215158883,120661000
2015-12-04,11.204365730285645,11.229422926986217,10.876344772848066,10.994796382959608,60329000
2015-12-07,11.300796508789062,11.368374820877818,11.051743096322442,11.138303844392626,44769000
2015-12-08,11.22107219696045,11.282576496371131,11.068450872877404,11.14969723050712,34560000
2015-12-09,11.059337615966797,11.23777573232188,10.965943203190108,11.172474808450588,30803000
2015-12-10,11.186901092529297,11.347115652534923,11.024409132337377,11.094265577034248,33078000
2015-12-11,10.965938568115234,11.216510427507703,10.956826798307024,10.981124368373361,27777000
2015-12-14,10.820913314819336,11.037316272933076,10.724480453754676,10.944680043921897,36993000
2015-12-15,10.878621101379395,10.951515283969206,10.7297964441033,10.833821853385063,35398000
2015-12-16,10.95859432220459,10.989060948557098,10.693541064944059,10.904517948976201,29644000
2015-12-17,10.69963550567627,11.081982839424487,10.694303990854017,11.038568764572815,24378000
2015-12-18,10.678308486938477,10.808549973426844,10.552635832223793,10.680592902825317,51964000
2015-12-21,11.104833602905273,11.120066919545172,10.804744092925727,10.899188912818257,26627000
2015-12-22,11.051517486572266,11.21374808176861,10.873291619748853,11.21374808176861,21684000
2015-12-23,11.158905982971191,11.170330965606466,10.9974366721532,11.121585389939188,16170000
2015-12-24,11.14443588256836,11.218315847253198,11.098736673250418,11.15129058237498,7436000
2015-12-28,11.146719932556152,11.15052826015656,10.962400653790297,11.11244571051669,13873000
2015-12-29,11.267822265625,11.331801156441182,11.044659919792895,11.196227445491397,22533000
2015-12-30,11.224411964416504,11.340182111384369,11.20537032005818,11.235074994711379,17396000
2015-12-31,11.05532455444336,11.23431163079881,11.053039412133783,11.164239986341558,19673000
2016-01-04,10.836730003356934,10.842061517342067,10.653934615554407,10.820735461401537,30970000
2016-01-05,10.474187850952148,10.914420643336618,10.45057664783893,10.902234426803348,38173000
2016-01-06,10.152006149291992,10.362982235964278,10.075079105821569,10.249496560629012,50824000
2016-01-07,9.829071044921875,10.188569133185124,9.763569680874346,10.00120343177501,50056000
2016-01-08,9.764328956604004,10.164955897081624,9.753665929093925,9.903710996720422,64641000
2016-01-11,9.75214958190918,9.899147654497833,9.552597564673539,9.863350218987584,38941000
2016-01-12,9.895334243774414,10.028622839054156,9.662270054283137,9.890764685282063,41112000
2016-01-13,9.391885757446289,9.899905051408515,9.37436729972284,9.730057073763293,48470000
2016-01-14,9.535075187683105,9.648560913167147,9.161867691906464,9.458910066503844,63942000
2016-01-15,9.137492179870605,9.428441734703362,9.086462186498341,9.155771862354257,75916000
2016-01-19,9.145112991333008,9.505372385743014,9.064378295643543,9.349996466749252,54773000
2016-01-20,9.43149185180664,9.56477973265785,8.924233769146126,8.974502548885575,103988000
2016-01-21,9.484803199768066,9.596765701139109,9.394928706806157,9.505367296123453,48475000
2016-01-22,9.483283042907715,9.633327413532495,9.461956983714208,9.633327413532495,58428000
2016-01-25,9.481757164001465,9.519077756991404,9.44443584464732,9.477186880406824,61359000
2016-01-26,9.474143028259277,9.635612381832779,9.44443835608774,9.520603474428931,119134000
2016-01-27,9.318765640258789,9.551830534244392,9.146633271671002,9.417779995279272,58156000
2016-01-28,9.624950408935547,9.638659812141473,9.292109865741487,9.363704707131507,49969000
2016-01-29,10.18399715423584,10.231980776230248,9.757473890748367,9.858773374656362,259449000
2016-02-01,10.486374855041504,10.56330194160746,10.126876718941759,10.155819439359739,45619000
2016-02-02,10.148200988769531,10.47951755223296,10.030906949823096,10.28301275634826,59005000
2016-02-03,10.005008697509766,10.481038736218665,9.923512813944974,10.453619940593079,56234000
2016-02-04,10.367555618286133,10.455144986666552,9.939509122120901,10.00805757611056,60833000
2016-02-05,9.77651596069336,10.434579477985682,9.671408144414581,10.434579477985682,70953000
2016-02-08,9.281442642211914,9.672168447077016,9.0803676120848,9.672168447077016,91242000
2016-02-09,9.117692947387695,9.57544351628109,9.046098101080771,9.126832792274168,63400000
2016-02-10,9.07884407043457,9.419300378052908,9.036953198679434,9.329425892271136,45473000
2016-02-11,8.85872745513916,8.960026922711663,8.701828445434181,8.873198807649517,66673000
2016-02-12,9.26621150970459,9.31724150485413,8.81455385086731,8.96916847491044,39965000
2016-02-16,9.615047454833984,9.656938342130752,9.364465540030851,9.388837970887346,38521000
2016-02-17,9.953217506408691,9.963880533597392,9.652366876830607,9.672930975109852,32742000
2016-02-18,9.678261756896973,10.052993045091558,9.602858616179407,10.035474593436826,39202000
2016-02-19,9.800127983093262,9.809267826232565,9.520603353373069,9.676741190259236,31118000
2016-02-22,9.950172424316406,10.086507379872954,9.86258305352474,9.901426839551524,24204000
2016-02-23,9.761285781860352,9.939511662512485,9.753669123611612,9.913615315012576,22352000
2016-02-24,9.927327156066895,9.996636869527933,9.551834410790672,9.63561548687259,25680000
2016-02-25,10.089553833007812,10.091077019049525,9.801651332922155,9.960835532928645,25652000
2016-02-26,10.138300895690918,10.279967387317239,10.072799528165156,10.221320721160348,27142000
2016-02-29,10.203800201416016,10.504650834041122,10.122303584479049,10.155815852216627,35911000
2016-03-01,10.543495178222656,10.559489718919565,10.253306851031883,10.310430314430024,44906000
2016-03-02,10.432293891906738,10.529023818501958,10.28605788378397,10.499319152675485,43834000
2016-03-03,10.459715843200684,10.575486708998692,10.228936794239612,10.491704932003476,59437000
2016-03-04,11.124631881713867,11.261728769362676,10.794076601413595,11.120062324428876,72399000
2016-03-07,10.930414199829102,11.13758276760948,10.706489858218085,11.025620233621774,41363000
2016-03-08,10.634895324707031,10.87786058936875,10.618138824040411,10.837493613424984,33216000
2016-03-09,10.812358856201172,10.85577292937843,10.698873136763531,10.720199195230032,31152000
2016-03-10,10.999725341796875,11.104832455567474,10.81540600659324,10.926606591663129,54546000
2016-03-11,11.334850311279297,11.42624802280813,11.101024154261593,11.119303841840248,55822000
2016-03-14,11.283055305480957,11.363028009121448,11.196227176073354,11.204605787667298,28444000
2016-03-15,11.308189392089844,11.42319827219965,11.126155252800874,11.31047453395251,30891000
2016-03-16,11.357861518859863,11.4067685103436,11.221839609243068,11.26845389192161,34906000
2016-03-17,11.580997467041016,11.593988510106977,11.261574930297876,11.261574930297876,44708000
2016-03-18,11.65283203125,11.691805169414403,11.529036676022637,11.610803162349157,70568000
2016-03-21,11.68339729309082,11.69180364879331,11.52597871746253,11.660472392238349,28207000
2016-03-22,11.826297760009766,11.891252255463415,11.58099905265043,11.64595354810408,33945000
2016-03-23,11.69103717803955,11.869088644242257,11.641366446525796,11.830880725586752,27577000
2016-03-24,11.691805839538574,11.71396699415109,11.548142031748954,11.597048301726156,25651000
2016-03-28,11.699443817138672,11.730010590068838,11.620733812047245,11.713198609887973,17224000
2016-03-29,11.778155326843262,11.839288884295787,11.629142371648921,11.71243635175858,26765000
2016-03-30,11.9921236038208,12.01886944595207,11.809487398080321,11.844638868090122,26794000
2016-03-31,11.806428909301758,12.025746248157992,11.802607971022544,11.998999680203493,24968000
2016-04-01,12.05860424041748,12.067774345951829,11.551195620953687,11.771276696239244,25671000
2016-04-04,11.921818733215332,12.09910648142705,11.89507289378026,12.073888871564058,17760000
2016-04-05,11.846929550170898,12.00129165764413,11.802607251848297,11.802607251848297,56915000
2016-04-06,12.038736343383789,12.056312804900283,11.746059618494904,11.821712445991619,28149000
2016-04-07,11.842348098754883,12.070071126947294,11.82095142154534,12.034155171807038,22975000
2016-04-08,11.932514190673828,11.98982679403418,11.817124504966756,11.942448773650169,18526000
2016-04-11,11.891251564025879,12.058604721355897,11.890487813649713,12.030330653279478,18568000
2016-04-12,11.877500534057617,11.949332445733738,11.691807106073096,11.921822119314264,16537000
2016-04-13,12.18698501586914,12.199976059468757,11.891251115853372,11.956970084198838,21730000
2016-04-14,12.13654899597168,12.158710143658164,11.921053351636186,12.019631068856745,27549000
2016-04-15,11.882085800170898,12.09987425515263,11.807961175506854,12.083826746155635,27685000
2016-04-18,11.913414001464844,11.95162265871606,11.753701974484056,11.871384405611554,15297000
2016-04-19,11.544317245483398,11.979893941982565,11.522920577306664,11.955440815143257,24560000
2016-04-20,11.70937728881836,11.77585999954564,11.493117177006068,11.574119159057528,19435000
2016-04-21,11.565718650817871,11.71320340885046,11.496943201354986,11.684164853354146,16117000
2016-04-22,11.487770080566406,11.68721824869458,11.365502970812608,11.493119248398898,25699000
2016-04-25,11.393778800964355,11.528273225501403,11.368561187459855,11.481658208589522,10870000
2016-04-26,11.520630836486816,11.776627899037454,11.465610193771754,11.576415229679577,26309000
2016-04-27,11.579473495483398,11.719317104288766,11.19509560207233,11.249351774003909,38930000
2016-04-28,11.308954238891602,11.769749343428927,11.258519019080802,11.49235490570006,25520000
2016-04-29,11.137781143188477,11.293672234191218,10.946738582486205,11.180574490220783,35067000
2016-05-02,11.162995338439941,11.220307943353646,11.042256482863758,11.16910898418872,19525000
2016-05-03,10.942914962768555,11.15611862399245,10.876432249554842,11.08810768144051,23986000
2016-05-04,10.856565475463867,11.036145932477194,10.795431919943853,10.890189441138503,20888000
2016-05-05,10.895540237426758,11.072827283423553,10.858095327839587,10.990297044013875,16841000
2016-05-06,10.84281063079834,10.889424912010792,10.635720584889688,10.832876045467945,30027000
2016-05-09,10.881781578063965,10.997935754724777,10.794666674337721,10.851214804537861,17300000
2016-05-10,11.050667762756348,11.091168406491269,10.813010154394393,10.88942748085562,18461000
2016-05-11,10.992588996887207,11.173696969312292,10.966606905749156,11.010929210776474,16716000
2016-05-12,10.777856826782227,11.05983524082982,10.661702627134334,11.00940001809208,26452000
2016-05-13,10.702203750610352,10.937567875139779,10.6693442628985,10.770214706092467,21716000
2016-05-16,10.900887489318848,10.975012087404373,10.751110063615538,10.764864858175336,20373000
2016-05-17,10.787789344787598,10.926868429659386,10.68921162042927,10.890188735984117,21248000
2016-05-18,10.994881629943848,11.08428999577089,10.723601530428658,10.738885285833803,22620000
2016-05-19,10.907768249511719,11.054488532615569,10.783972873998533,10.929929406485506,17478000
2016-05-20,11.212669372558594,11.284501264951507,10.981889941882056,11.013984949704062,25889000
2016-05-23,11.317362785339355,11.488536919914278,11.300550799225073,11.324240184141232,17609000
2016-05-24,11.571066856384277,11.590935301712866,11.336466451400883,11.3555704174297,19907000
2016-05-25,11.735363006591797,11.768221768232417,11.499998133965416,11.60316129445874,21737000
2016-05-26,11.693333625793457,11.787326680735163,11.601633279910457,11.750646250874135,18431000
2016-05-27,11.714730262756348,11.762872780217526,11.650540239474775,11.691805358551438,18693000
2016-05-31,11.795732498168945,11.840818556942475,11.714730488234263,11.768222175331813,32058000
2016-06-01,11.82706356048584,11.869092430166852,11.717786750268248,11.723135918887808,30777000
2016-06-02,11.837761878967285,11.884376166688096,11.721607670532823,11.860686783190562,46746000
2016-06-03,12.422351837158203,12.685226295183119,12.318424929223571,12.667649831601171,82985000
2016-06-06,12.443748474121094,12.527806209278298,12.304668639430599,12.48654182093692,34010000
2016-06-07,12.596585273742676,12.681408241325816,12.441459346877023,12.481959996410199,32340000
2016-06-08,12.509464263916016,12.57976718503786,12.481953221162465,12.539266557488565,25620000
2016-06-09,12.543092727661133,12.612631931559394,12.38873056190869,12.390259520720035,29143000
2016-06-10,12.289388656616211,12.454449156142653,12.226726125527776,12.392550375665737,26657000
2016-06-13,12.227487564086914,12.398662408756651,12.199213492644011,12.237422150315478,21568000
2016-06-14,12.149542808532715,12.267224512773225,12.083823829556986,12.17093948203099,25669000
2016-06-15,12.142642974853516,12.27449412117044,12.125777953315957,12.174839236005457,30884000
2016-06-16,12.160273551940918,12.17637168171684,11.927999909972396,12.039153767625471,22804000
2016-06-17,11.958663940429688,12.246131816583587,11.87663950406719,12.186338445706635,43333000
2016-06-20,12.029956817626953,12.234634118934078,12.011558742959329,12.14264447666464,20265000
2016-06-21,11.944101333618164,12.142645720009785,11.928769359468998,12.082085445616846,16126000
2016-06-22,11.892739295959473,12.048355313955309,11.866675234090048,11.937967593154967,16039000
2016-06-23,12.15950870513916,12.160274865076806,11.95636446816047,12.062152293978478,24435000
2016-06-24,11.400594711303711,11.872042676124208,11.376064430223522,11.652033382185056,64177000
2016-06-27,11.010403633117676,11.287906331902265,10.906148855234264,11.230412167898907,37864000
2016-06-28,11.481085777282715,11.493350917464653,11.236546209404215,11.245745247307852,37233000
2016-06-29,11.882007598876953,11.93183505100845,11.558510412370286,11.652800003148338,47860000
2016-06-30,11.91266918182373,12.053720103098449,11.81837960397278,11.88200596985395,42626000
2016-07-01,11.822213172912598,11.94869901983479,11.776218718251078,11.841377407176784,19779000
2016-07-05,11.556977272033691,11.629801952966275,11.462687681983295,11.619836755044377,26321000
2016-07-06,11.547009468078613,11.596070751825268,11.281005765759657,11.449653791563417,20603000
2016-07-07,11.574606895446777,11.728689845451035,11.509447478986047,11.509447478986047,19248000
2016-07-08,11.892739295959473,11.901171442531949,11.64743357465592,11.701860909507172,26741000
2016-07-11,12.062918663024902,12.148009200814961,11.98012806708555,12.042987539478865,25201000
2016-07-12,12.157208442687988,12.335054775662915,12.131144384122276,12.156441551701915,20306000
2016-07-13,12.066750526428223,12.294425009487734,12.06138448332452,12.181737373241434,15734000
2016-07-14,12.325857162475586,12.34655517850709,12.177906410413158,12.23080069043263,23550000
2016-07-15,12.354217529296875,12.385647627795857,12.239230683546248,12.350385268031252,19259000
2016-07-18,12.44390869140625,12.548931079339832,12.414778532766155,12.450808516664624,14626000
2016-07-19,12.305923461914062,12.418611831118833,12.249196928457414,12.377981965106168,14797000
2016-07-20,12.469975471496582,12.55429986420616,12.335822895627938,12.387951021042037,18064000
2016-07-21,12.296730995178223,12.53207084758194,12.251502686482652,12.49604230995004,19530000
2016-07-22,12.239998817443848,12.288293940903916,12.011557422395201,12.23386588287267,19664000
2016-07-25,12.248429298400879,12.318954746577228,12.209333947644401,12.23769721266112,9627000
2016-07-26,12.529001235961914,12.533601120205589,12.293661449463187,12.373385953045716,28631000
2016-07-27,12.699175834655762,12.847892677259722,12.473034470201801,12.720640000628569,30493000
2016-07-28,12.589560508728027,12.799603839544398,12.565796391532256,12.648586990681714,19512000
2016-07-29,12.417080879211426,12.621758189201786,12.349622243993187,12.56656396285735,26030000
2016-08-01,12.534367561340332,12.562731565295993,12.41094854108684,12.478407175578432,17876000
2016-08-02,12.486837387084961,12.571161763735093,12.439309155232603,12.502935517666838,22689000
2016-08-03,12.580357551574707,12.58342511480838,12.363415912075377,12.409410352800647,15019000
2016-08-04,12.801135063171387,12.801902685177131,12.587259488862232,12.592625532216676,19978000
2016-08-05,13.04107666015625,13.047210326441009,12.819535067355224,12.874729291093804,25594000
2016-08-08,12.905388832092285,13.126164214581902,12.867826531511747,13.031875383225845,19084000
2016-08-09,13.121567726135254,13.198224658205232,12.932222413589855,12.950619024547825,32743000
2016-08-10,13.173691749572754,13.198989643326064,13.019608832019223,13.125397365647672,19523000
2016-08-11,13.192091941833496,13.274116376583189,13.100869201962318,13.190559622048516,15745000
2016-08-12,13.221220970153809,13.232719216106268,13.137664222767594,13.195156914666965,16530000
2016-08-15,13.456564903259277,13.477261457754382,13.223523600422975,13.290216072354111,25807000
2016-08-16,13.215858459472656,13.414403567999605,13.192860499283686,13.40060537674121,19069000
2016-08-17,13.264154434204102,13.28331867223402,13.166799461671548,13.20436177760873,16613000
2016-08-18,13.333146095275879,13.35231033220545,13.234257346038243,13.248055538142033,21120000
2016-08-19,13.409798622131348,13.419764547332102,13.294811788862132,13.352304474428283,15349000
2016-08-22,13.486461639404297,13.515591803151562,13.343110762823999,13.41516928111725,15393000
2016-08-23,13.5945463180542,13.604512244948758,13.50102363877652,13.547019549611178,19741000
2016-08-24,13.438163757324219,13.621375376661812,13.366871417516379,13.612177072559367,21802000
2016-08-25,13.494893074035645,13.579217458667141,13.391404455298082,13.455030823754598,18735000
2016-08-26,13.580751419067383,13.694972139672467,13.425136123249473,13.555454977904686,22586000
2016-08-29,13.599145889282227,13.697268449817575,13.560817426603991,13.591479904319154,16726000
2016-08-30,13.56848430633545,13.753995890981631,13.48722603007804,13.65740710592424,27838000
2016-08-31,13.524018287658691,13.669669045416782,13.441993875075536,13.576144926867984,32753000
2016-09-01,13.575377464294434,13.619839578108483,13.401364193507783,13.559279339624348,39128000
2016-09-02,13.270286560058594,13.594549172929298,12.939888818368756,13.568486572547735,80668000
2016-09-06,13.116201400756836,13.338509130833156,13.004280644744249,13.309378970902673,36132000
2016-09-07,12.947555541992188,13.185196758322796,12.856332780121354,13.14073461750327,31437000
2016-09-08,12.907690048217773,12.94218625082986,12.768172917999262,12.90845767024004,18680000
2016-09-09,12.32508659362793,12.805733420787673,12.316654449666702,12.750539211945577,45022000
2016-09-12,12.608723640441895,12.629421653955228,12.16947278386973,12.198602942334421,35673000
2016-09-13,12.666986465454102,12.829501579858515,12.594927945960515,12.608726136989084,36003000
2016-09-14,13.00197982788086,13.026510102451157,12.652417932239914,12.66621758243926,40324000
2016-09-15,13.280323028564453,13.30185194458251,12.93278355580379,13.01966915726766,36322000
2016-09-16,13.166525840759277,13.301081546374624,13.059649746999888,13.257255249844825,83067000
2016-09-19,13.12730598449707,13.346440302575024,13.025043693806436,13.190355753626163,28306000
2016-09-20,12.935088157653809,13.241108152739253,12.93047440030579,13.241108152739253,18722000
2016-09-21,13.05810832977295,13.072718069614233,12.887414007387234,12.94738844131709,17977000
2016-09-22,12.981988906860352,13.16729150575814,12.92278294245822,13.145762597447142,20619000
2016-09-23,12.813600540161133,12.996596247671418,12.725946505522712,12.971223521788781,26875000
2016-09-26,12.816676139831543,12.858195546601946,12.514500035581799,12.694421864560647,32033000
2016-09-27,13.137304306030273,13.138841247084844,12.76515925427131,12.832052853815288,25353000
2016-09-28,13.12500286102295,13.27955051339746,13.054265434663302,13.208043149880647,20843000
2016-09-29,13.260327339172363,13.377967860458172,13.031965464590002,13.071179460534218,38570000
2016-09-30,13.26494026184082,13.428713936767087,13.258788098235332,13.301845910740013,34220000
2016-10-03,13.076562881469727,13.37027997623188,13.04965174450568,13.302617898514699,22807000
2016-10-04,12.998135566711426,13.140380348753222,12.923552858314762,13.118082969909766,19596000
2016-10-05,13.338753700256348,13.387193741772016,13.12346462685337,13.18651294125846,26149000
2016-10-06,13.393345832824707,13.428714542327521,13.168059310964873,13.32491382541001,21014000
2016-10-07,13.394882202148438,13.4517812829926,13.254944311170805,13.446399056416539,21842000
2016-10-10,13.437942504882812,13.52482808324446,13.360284440388183,13.434867155776146,16336000
2016-10-11,13.161141395568848,13.494071018680744,13.035041822350866,13.477924336726776,26181000
2016-10-12,13.107318878173828,13.152683574229783,12.94815747340996,13.12884778704466,21740000
2016-10-13,12.989676475524902,13.063490713076654,12.825134315257202,12.976606609732539,22373000
2016-10-14,13.078102111816406,13.274169188678895,13.02043454809664,13.06964306834111,19570000
2016-10-17,12.985064506530762,13.14422444368361,12.973530115036413,13.048112824996563,12741000
2016-10-18,13.238027572631836,13.291851304444132,13.112699421540174,13.121156996575229,14167000
2016-10-19,13.214964866638184,13.246489762800298,13.079639234271271,13.161142588579493,20440000
2016-10-20,13.333373069763184,13.423333995661066,13.149607398287943,13.198817382776603,18961000
2016-10-21,13.295700073242188,13.332607202177634,13.125005701826208,13.247260016469644,15842000
2016-10-24,13.574806213378906,13.609406456455625,13.344907374520236,13.391040543106865,19772000
2016-10-25,13.351827621459961,13.570962023126805,13.34106316570221,13.53482483588883,21622000
2016-10-26,13.301844596862793,13.438708592001769,13.155756023593604,13.236489414065515,21075000
2016-10-27,13.243412971496582,13.474848741948104,13.208042792726227,13.402572909775477,19840000
2016-10-28,13.021206855773926,13.291858196513699,12.997371059290353,13.262640170712785,20651000
2016-10-31,13.0927095413208,13.198817147767796,12.970455252722912,13.071180631786277,20317000
2016-11-01,12.978910446166992,13.190357149626395,12.750550059596218,13.126538903352714,28452000
2016-11-02,13.268016815185547,13.390271096246613,13.056571552486677,13.294927950444665,43501000
2016-11-03,13.301079750061035,13.481770073096978,13.23649302008812,13.259560337884304,20654000
2016-11-04,13.238027572631836,13.419486333553852,13.088863637415894,13.101934968487063,21753000
2016-11-07,13.60632610321045,13.677064978761587,13.38719177621548,13.408720680394826,26126000
2016-11-08,13.609404563903809,13.687831086249624,13.464082976571513,13.614786790599569,18923000
2016-11-09,13.334138870239258,13.570958298459738,13.16036921789368,13.18420500146492,32506000
2016-11-10,12.912785530090332,13.417179287711301,12.556018748721714,13.357204866187605,51217000
2016-11-11,12.882031440734863,13.071179317300327,12.74286201336866,12.86742316782563,29793000
2016-11-14,12.592927932739258,12.899716324439305,12.534491908934791,12.799759427624949,28187000
2016-11-15,12.798222541809082,12.878955943513605,12.579856655396727,12.67366138878867,25380000
2016-11-16,12.904332160949707,12.930473361879088,12.744402273502264,12.786690157305834,13333000
2016-11-17,12.843588829040527,12.995829605393729,12.765160829177159,12.867424617248377,18100000
2016-11-18,12.929703712463379,13.006593300041288,12.821289232658367,12.821289232658367,19524000
2016-11-21,13.26955509185791,13.283394896163122,13.004287531942408,13.004287531942408,21384000
2016-11-22,13.610946655273438,13.641703086056937,13.325687065910037,13.357211967498923,31024000
2016-11-23,13.615556716918945,13.667840581890864,13.474080400126256,13.560196036466083,22123000
2016-11-25,13.59018325805664,13.610943697669608,13.499453860126728,13.592490136518862,8198000
2016-11-28,13.428715705871582,13.614788248605864,13.420258129664921,13.537130188458255,26570000
2016-11-29,13.490226745605469,13.607867272042983,13.334910629208597,13.36797246260851,18514000
2016-11-30,13.108855247497559,13.52482659938702,13.105011428172702,13.46485216547248,31249000
2016-12-01,12.51681137084961,13.108859462427038,12.395326989394974,13.071952332235368,46389000
2016-12-02,12.626758575439453,12.680580838212967,12.349956690836624,12.576780131486904,26945000
2016-12-05,12.77362060546875,12.810526262558714,12.486822659889036,12.764393091285955,21372000
2016-12-06,12.668278694152832,12.915094112951635,12.567553330100358,12.825901672560509,39184000
2016-12-07,12.959686279296875,12.959686279296875,12.584467434496025,12.668276165027091,32659000
2016-12-08,13.125772476196289,13.177289342511358,12.879726937155874,13.036581481585621,38361000
2016-12-09,13.770102500915527,13.986161499635516,13.601715070581024,13.91311573952525,75744000
2016-12-12,13.698599815368652,13.899280673326016,13.575577033481824,13.690142237427859,37194000
2016-12-13,13.797016143798828,13.989239393298392,13.686294777750257,13.74319386858647,69076000
2016-12-14,13.735150337219238,13.858877860216074,13.627663277651994,13.822532614567905,46795000
2016-12-15,13.919967651367188,14.011990068434601,13.653956479400188,13.788508530487553,38103000
2016-12-16,13.797017097473145,14.003485346390791,13.72432806142351,13.977194697128677,41541000
2016-12-19,13.954769134521484,14.028232513506282,13.773820135886888,13.847282039940369,22219000
2016-12-20,14.079269409179688,14.17283610098639,13.93002406079959,13.996527238183372,27352000
2016-12-21,14.096281051635742,14.227740201463135,14.056842864208143,14.207633938289005,21013000
2016-12-22,13.965591430664062,14.151180514053012,13.871250423894498,14.139581657257116,17557000
2016-12-23,14.069214820861816,14.072307751477618,13.892904501380801,13.9230624185488,8977000
2016-12-27,14.097825050354004,14.205312117699131,14.077718791749678,14.082358924493898,8283000
2016-12-28,13.933886528015137,14.15118072988669,13.906821545124636,14.123342883179587,14039000
2016-12-29,13.90914249420166,13.971005526867437,13.813255752274882,13.89599643383044,13671000
2016-12-30,13.66942024230957,13.988788461210172,13.61142301741517,13.947804561913577,25421000
2017-01-03,13.790837287902832,13.988799695263454,13.651645016319016,13.786971491439672,32098000
2017-01-04,13.692623138427734,13.84186699138471,13.662463747347218,13.784644089597212,23965000
2017-01-05,13.476873397827148,13.687208877417754,13.44594262063883,13.635397502611056,24861000
2017-01-06,13.65550422668457,13.679476280414393,13.40186476543086,13.47146086013925,23142000
2017-01-09,13.684889793395996,13.787736736706725,13.659370536072576,13.660144874882816,20265000
2017-01-10,13.963269233703613,13.97641529103414,13.679473392893701,13.725097424241754,30181000
2017-01-11,13.874343872070312,13.955540297465982,13.74597767899415,13.923060842349125,18787000
2017-01-12,13.831038475036621,13.8495975296515,13.563481597956203,13.771495517490514,23137000
2017-01-13,13.95398998260498,13.97950775780347,13.794693047470446,13.834129743225445,20902000
2017-01-17,13.850371360778809,13.890582402764432,13.730512573560981,13.878983545919075,26316000
2017-01-18,14.307390213012695,14.31125600809966,13.919198604342903,13.947036458776848,35642000
2017-01-19,14.34914779663086,14.451221901835346,14.281098884805013,14.313576875103584,45718000
2017-01-20,14.775997161865234,14.811568068664652,14.5455569190271,14.584222230705448,57623000
2017-01-23,14.769813537597656,14.810797446742477,14.570304038972672,14.77058640146896,33394000
2017-01-24,15.291784286499023,15.437936693711308,14.868796143253173,14.902819856098667,62008000
2017-01-25,15.657549858093262,15.6660572614173,15.313436603113198,15.459589013443017,60888000
2017-01-26,15.788228034973145,15.87329022509863,15.553149191708295,15.809107150721104,38820000
2017-01-27,15.907320022583008,15.913507358282198,15.739517118531312,15.881802240716098,25780000
2017-01-30,15.714765548706055,15.842357353895007,15.51293754599817,15.809879386213078,33234000
2017-01-31,15.427106857299805,15.656772761543712,15.377615553318094,15.656772761543712,26749000
2017-02-01,15.751114845275879,15.812205009500994,15.482010747079373,15.639761984789057,31184000
2017-02-02,15.778953552246094,15.854735500522915,15.543100306137692,15.618109390636834,22712000
2017-02-03,15.942115783691406,15.976140962897528,15.700076685417399,15.848549122003513,24367000
2017-02-06,15.973052024841309,15.980785089090336,15.79828890262063,15.941346903899653,18716000
2017-02-07,15.922784805297852,16.038004933231758,15.847002855026547,16.023313146414853,22840000
2017-02-08,15.998564720153809,16.142397014555367,15.864787028501848,15.927422911583443,21069000
2017-02-09,15.87870979309082,16.06043162686125,15.746477796832323,16.03259377762717,27519000
2017-02-10,15.89262866973877,15.968410628482534,15.763489604348168,15.929746785226227,23842000
2017-02-13,15.984647750854492,16.015580001788067,15.865561829608218,15.990060747274777,12463000
2017-02-14,15.877934455871582,16.00707350153576,15.8369490773605,16.00629916283854,17357000
2017-02-15,15.928971290588379,16.002433170615177,15.836948880952143,15.915825232068917,17088000
2017-02-16,16.098323822021484,16.101416752449783,15.866336340726264,15.965317489087163,17188000
2017-02-17,16.270763397216797,16.270763397216797,15.993151932618176,16.16172914198115,30945000
2017-02-21,16.45171356201172,16.51898958308463,16.309428457394993,16.316388656098063,30333000
2017-02-22,16.560749053955078,16.62029201697412,16.35505370677652,16.47104670258297,23949000
2017-02-23,16.28391456604004,16.69994398673333,16.211225531377963,16.631893610716475,29364000
2017-02-24,16.267677307128906,16.289329299551433,15.667604431575782,16.113791818204394,27651000
2017-02-27,16.49270248413086,16.505848546838443,16.25375623831668,16.29087435949911,26991000
2017-02-28,16.31097412109375,16.57466518427239,16.26225715956076,16.55919906078965,27548000
2017-03-01,16.636537551879883,16.655869479631185,16.282371089733438,16.47646618123876,51155000
2017-03-02,16.802791595458984,17.3974499578061,16.704583297225497,17.330173918047535,71171000
2017-03-03,16.8824405670166,17.012352510724906,16.83449645209628,16.85769417065491,30747000
2017-03-06,16.85304832458496,16.8986723532059,16.63884710166569,16.73164088618894,22771000
2017-03-07,16.95435333251953,17.11829044634612,16.787323288232983,16.80665520980605,29129000
2017-03-08,16.983741760253906,17.10824219179989,16.900226721509807,16.952038110539046,24532000
2017-03-09,17.167783737182617,17.233512573092888,16.866974460047988,16.918011505847357,25675000
2017-03-10,17.50338363647461,17.50802376819503,17.223453604852835,17.223453604852835,39430000
2017-03-13,17.511123657226562,17.61165054322798,17.426834288838737,17.465499610324823,26669000
2017-03-14,17.34873390197754,17.49797925469705,17.283777925638773,17.380439026123273,22165000
2017-03-15,17.470911026000977,17.526588198941134,17.262895597554067,17.347184958310226,20727000
2017-03-16,17.272825241088867,17.54159701270956,17.21145802752821,17.51518565683587,27835000
2017-03-17,17.18116569519043,17.37769519024739,17.155530704625573,17.362935291044575,51635000
2017-03-20,17.185829162597656,17.294580090713158,17.150095444828043,17.181167985215485,17215000
2017-03-21,16.78034210205078,17.320992789859936,16.741502905190696,17.263510363653303,30557000
2017-03-22,16.88909149169922,16.962886545148933,16.731401180423557,16.780339093075277,19131000
2017-03-23,16.845584869384766,16.969872008841552,16.812181756123277,16.876655913439176,19223000
2017-03-24,17.009496688842773,17.198258087,16.913951436154704,16.934925254087812,23794000
2017-03-27,17.01570701599121,17.103484106932893,16.776453548596137,16.84325830947436,15358000
2017-03-28,17.163299560546875,17.22777374251068,16.961332511314495,16.97376182265962,17929000
2017-03-29,17.191267013549805,17.194373971319536,17.064649224306443,17.151649968340074,15927000
2017-03-30,17.092609405517578,17.435176238199666,17.000947505042642,17.237094020823474,34168000
2017-03-31,17.008718490600586,17.16640881105651,16.93647617083369,17.088728945122867,25897000
2017-04-03,16.996288299560547,17.08872806123418,16.830054965578142,17.011824568267727,19210000
2017-04-04,17.008718490600586,17.121354222123358,16.924824709510716,16.94735126316719,12634000
2017-04-05,16.866565704345703,17.128345790588146,16.84093219118907,17.053774358261304,15690000
2017-04-06,16.895296096801758,16.970645328241012,16.74692822109199,16.83315253823921,14615000
2017-04-07,16.953567504882812,17.077076853274384,16.859574995764483,16.895307232123926,16412000
2017-04-10,16.935701370239258,17.015711832171213,16.798984852799702,16.86190630565934,17994000
2017-04-11,16.899188995361328,16.96521739715376,16.625757479095387,16.822286983319717,22219000
2017-04-12,16.250564575195312,16.78966092995051,16.191527941605166,16.75315084801184,61026000
2017-04-13,16.415245056152344,16.62109542181068,16.235028199276865,16.25134083621688,42579000
2017-04-17,16.613327026367188,16.651391326914975,16.482825932900642,16.497585831777954,14507000
2017-04-18,16.55351448059082,16.600899654138363,16.472727663854744,16.550407523273293,8486000
2017-04-19,16.59468650817871,16.687901158502655,16.56594455882508,16.606337969064164,12081000
2017-04-20,16.950456619262695,17.021146194371873,16.64051651704122,16.701105888140436,16916000
2017-04-21,16.907733917236328,16.95977878482131,16.791213389825693,16.889090692115428,14683000
2017-04-24,17.185829162597656,17.237097668940716,17.064648922003126,17.14310516037506,17531000
2017-04-25,17.338077545166016,17.40022113386618,17.240978095220758,17.24641564071177,14848000
2017-04-26,17.220003128051758,17.394782422563384,17.157083174675545,17.360604414121948,14726000
2017-04-27,17.329540252685547,17.407220141285585,17.249529774816825,17.314003978641413,11850000
2017-04-28,17.152421951293945,17.33341515927616,17.071635143457943,17.309335872313046,16490000
2017-05-01,17.192039489746094,17.26505816647197,17.082510733847293,17.251852487725593,15339000
2017-05-02,17.512859344482422,17.51674267112024,17.206024683386314,17.358277460429093,27277000
2017-05-03,17.470130920410156,17.570337316443084,17.365263348295738,17.439836239120176,18002000
2017-05-04,17.353612899780273,17.544704832425523,17.233986905271436,17.49809603213745,16245000
2017-05-05,17.590538024902344,17.593644982327007,17.404107244841374,17.474795341517886,23128000
2017-05-08,17.48411750793457,17.64102998164542,17.389348632177132,17.595976873222863,17448000
2017-05-09,17.746671676635742,17.819690351740597,17.45537334506065,17.526061432012593,19261000
2017-05-10,17.96961212158203,18.131962117124253,17.764538131082382,17.826681719669548,24433000
2017-05-11,17.950969696044922,18.010006330074123,17.729583059245464,17.919122272251876,14823000
2017-05-12,18.32927131652832,18.33626160050237,17.931551123891968,17.981266888781597,25852000
2017-05-15,18.567745208740234,18.63532634324891,18.25469667546969,18.302081847325447,29172000
2017-05-16,18.695920944213867,18.74330464395315,18.541337568816033,18.63843703869232,18128000
2017-05-17,17.957962036132812,18.56308533187394,17.950970270713388,18.487736058262925,31447000
2017-05-18,18.461328506469727,18.535899938909623,17.68608548904804,17.98903684120243,30699000
2017-05-19,18.184785842895508,18.409279439477963,18.02554279570614,18.387529256346934,35812000
2017-05-22,18.517257690429688,18.56386650499428,18.194111836180173,18.295871006919278,20419000
2017-05-23,18.37432098388672,18.559975364860865,18.31994553373109,18.514920785466245,13696000
2017-05-24,18.612022399902344,18.643871304889018,18.4077262535543,18.523468931664368,16392000
2017-05-25,18.70989990234375,18.76427535942647,18.544441461083387,18.72931949678471,19010000
2017-05-26,18.737083435058594,18.767378114132157,18.512589891822554,18.713002669225823,13120000
2017-05-30,18.629108428955078,18.751064992443897,18.565410634226282,18.681929653366044,29364000
2017-05-31,18.602699279785156,18.867586246810003,18.453554976882057,18.838845784199965,44830000
2017-06-01,18.222850799560547,18.788358590499545,18.162261419912937,18.767384773844494,63774000
2017-06-02,19.77177619934082,19.871984080450957,18.9654638271767,19.30647642930095,108613000
2017-06-05,19.591562271118164,19.946556946226668,19.435426190198445,19.73060786511024,39532000
2017-06-06,19.719730377197266,19.834696668654253,19.468049096657197,19.479700555076136,29653000
2017-06-07,19.752355575561523,19.874312148986622,19.650596443718324,19.70574826043228,29290000
2017-06-08,19.804407119750977,19.8937384478911,19.6001094703624,19.80829044635697,28273000
2017-06-09,18.902544021606445,19.885967841141294,18.75573029190183,19.847905022328984,58191000
2017-06-12,18.85049819946289,18.88467769042029,18.31295610505998,18.674166162646692,54872000
2017-06-13,18.87147331237793,19.257540534715755,18.77281964025262,19.028385767136555,30853000
2017-06-14,18.685039520263672,19.027606322068134,18.458991746508516,18.92040816435005,34509000
2017-06-15,18.565689086914062,18.682704352504462,18.353501365632006,18.358962068106695,27527000
2017-06-16,18.42995262145996,18.678026253502278,18.34258137512755,18.639020170011065,35819000
2017-06-19,18.812196731567383,19.09771550871451,18.749788507741847,19.09771550871451,28519000
2017-06-20,18.721708297729492,19.007225632240477,18.710786894025734,18.878509301150412,24429000
2017-06-21,19.121898651123047,19.183527204163507,18.872265738674553,19.00176322118783,34998000
2017-06-22,19.03764533996582,19.222530976968084,18.96275636794846,19.152321542750382,18666000
2017-06-23,19.132822036743164,19.25841966898536,18.940136631076456,18.998645001964466,34985000
2017-06-26,18.93701171875,19.33876602357645,18.816096631373593,19.189766270490384,32103000
2017-06-27,18.358182907104492,18.87773081991324,18.350381690789302,18.82858449626443,33582000
2017-06-28,18.80439567565918,18.85744333592502,18.2934288037706,18.456470159691435,24533000
2017-06-29,18.257545471191406,18.642136598036508,17.986849406888318,18.621074953923397,34513000
2017-06-30,18.180316925048828,18.464274921172525,18.165494169155785,18.431510708688602,26534000
2017-07-03,17.92365837097168,18.351155362436668,17.870612200484338,18.294207841103127,21123000
2017-07-05,18.067981719970703,18.124149580650926,17.872955789877782,18.020396238172136,29699000
2017-07-06,18.335552215576172,18.389379546878647,17.747354409871406,17.752035435531443,26334000
2017-07-07,18.692848205566406,18.737313505645485,18.353503450428715,18.355843964316563,24731000
2017-07-10,18.86056137084961,18.873823284402103,18.629651115907638,18.762268763503297,22499000
2017-07-11,18.791915893554688,18.925313238200268,18.67489916491976,18.878507439504006,20502000
2017-07-12,19.223308563232422,19.282596589593382,18.805173679131023,18.9565124446081,27710000
2017-07-13,19.29273796081543,19.49244334875982,19.233449935542684,19.277915210532665,20400000
2017-07-14,19.52521514892578,19.533797527656006,19.33487024923046,19.395719135876178,14417000
2017-07-17,19.4261417388916,19.686696076511208,19.41365949702188,19.564220122878773,18746000
2017-07-18,19.57124137878418,19.575142730577657,19.19523260444296,19.288844216469993,13003000
2017-07-19,19.84583282470703,19.85675422574554,19.545492808218665,19.658608169219992,25526000
2017-07-20,19.77016258239746,19.892638505923557,19.685911562293487,19.853633927554245,12135000
2017-07-21,19.74519920349121,19.77718224291751,19.538470776007046,19.62194211951838,15504000
2017-07-24,19.73896026611328,19.78966741485345,19.6344272684434,19.75924372078114,13638000
2017-07-25,19.83803939819336,19.846620289816162,19.516636128422896,19.721024128574513,16123000
2017-07-26,20.0494441986084,20.141496453681423,19.862999175139528,19.868459876916237,19971000
2017-07-27,19.576698303222656,20.164897649247187,19.420678483974932,20.143053356864456,32010000
2017-07-28,19.53145408630371,19.589960962770917,19.30756384422195,19.418338708699125,31919000
2017-07-31,19.242036819458008,19.693717199534692,19.148423727241482,19.57904097557825,18902000
2017-08-01,19.376995086669922,19.502591226611194,19.26543905070313,19.364512845016474,17582000
2017-08-02,19.764707565307617,20.07050836854782,19.58528407252818,19.86143936409922,36970000
2017-08-03,19.52521514892578,19.736623181995764,19.286503605158916,19.72180191387306,23447000
2017-08-04,19.437835693359375,19.57825453922657,19.355925195913215,19.56031160210208,13454000
2017-08-07,19.69293212890625,19.72803684553058,19.41677542157602,19.45500032600017,18730000
2017-08-08,19.608684539794922,19.837255819321108,19.535354905907468,19.6570511789838,20439000
2017-08-09,19.437835693359375,19.530667590465022,19.309119409933857,19.46591886736117,21256000
2017-08-10,18.777870178222656,19.2685565283249,18.758367888831643,19.242032700547053,29033000
2017-08-11,19.047788619995117,19.131259975300267,18.62107276710669,18.726385439093498,16976000
2017-08-14,19.573575973510742,19.600099801138892,19.190545774521848,19.257635018543255,16736000
2017-08-15,19.790447235107422,19.819311579296745,19.60166320512089,19.745981950208524,20942000
2017-08-16,19.769386291503906,19.87236143915191,19.643790149307765,19.839595740214566,15394000
2017-08-17,19.2646541595459,19.83412931207069,19.241252008685215,19.7366163823399,22793000
2017-08-18,19.453445434570312,19.618047654152846,19.200692309704642,19.294303916871336,20126000
2017-08-21,19.47294044494629,19.650023352351276,19.20458498995376,19.650023352351276,20693000
2017-08-22,19.907461166381836,19.985471816523397,19.58059878906208,19.64534752452452,26917000
2017-08-23,20.042423248291016,20.197664903858616,19.767047638031052,19.808392740138295,27928000
2017-08-24,19.896547317504883,20.232773362128036,19.588407438764246,20.178946007976418,52119000
2017-08-25,19.158557891845703,19.845829337412155,19.01735937810788,19.67810700069032,69099000
2017-08-28,18.976016998291016,19.318481769728372,18.91750864442522,19.27167597939328,34174000
2017-08-29,18.85744857788086,19.079778031926416,18.72483087828089,18.823123524171386,33536000
2017-08-30,19.192108154296875,19.217072635964115,18.791134952627154,18.844182616258127,21924000
2017-08-31,19.664073944091797,19.699958344202763,19.155446013738466,19.238917380899597,29491000
2017-09-01,19.715559005737305,19.91916579705339,19.682013634094563,19.684354147272387,23242000
2017-09-05,19.42848014831543,19.715558288864287,19.270118324430268,19.51195001702201,24306000
2017-09-06,19.454221725463867,19.604782326572867,19.32316490305725,19.550175317236775,13996000
2017-09-07,19.233449935913086,19.502585074283704,19.200685735829488,19.486202974241905,16088000
2017-09-08,19.043115615844727,19.221759479056747,18.96432525345974,19.184314230255346,18094000
2017-09-11,19.326290130615234,19.365294722332145,19.19133192210424,19.274803295825418,16878000
2017-09-12,19.27947998046875,19.48230708515757,19.151541853560023,19.47606522106213,18396000
2017-09-13,19.20926856994629,19.339545708603517,19.12423638574437,19.176504366542385,29664000
2017-09-14,19.2646541595459,19.308339761610352,18.975235557939676,19.08289021327235,28645000
2017-09-15,19.545495986938477,19.595421974682854,19.12111913939309,19.317705877986857,50066000
2017-09-18,19.56821060180664,19.803982075399627,19.47343199630217,19.664554931527576,25743000
2017-09-19,19.56351661682129,19.727224489820156,19.45150604550691,19.673961463424934,22088000
2017-09-20,19.02695655822754,19.572911772174447,18.63139304746111,19.561945726046826,57010000
2017-09-21,18.828784942626953,19.010509075054017,18.656461132814524,18.991709923836606,28620000
2017-09-22,18.739486694335938,18.8577646084135,18.651758330418264,18.66899026075591,23100000
2017-09-25,18.44732093811035,18.627477842872015,18.135569981565627,18.57891349588163,38692000
2017-09-26,18.585180282592773,18.795103888282224,18.43165562441437,18.6329617697265,39010000
2017-09-27,18.844446182250977,19.008153982509633,18.68778712808289,18.759850771083876,26489000
2017-09-28,19.029306411743164,19.062204549733686,18.759853928669575,18.760636790808856,21932000
2017-09-29,18.997970581054688,19.134263269362293,18.917290974867992,19.02930298913119,17319000
2017-10-02,18.835834503173828,19.214947468650944,18.779437051561857,19.214947468650944,19431000
2017-10-03,18.759855270385742,18.873431543185326,18.633744238390825,18.805285181900846,25611000
2017-10-04,18.955677032470703,18.981524929172707,18.603977710406557,18.70345648052984,23271000
2017-10-05,19.086488723754883,19.248629350281593,18.98465986252397,19.055156306757105,22811000
2017-10-06,19.24863052368164,19.24941487996271,18.82252038342156,18.82252038342156,17489000
2017-10-09,19.301889419555664,19.36690282525359,19.221209808964172,19.26899128568609,16551000
2017-10-10,19.268213272094727,19.438187006524583,19.037141920810612,19.388839793303013,15348000
2017-10-11,19.613645553588867,19.673958815099944,19.20163292028497,19.207115944058703,26603000
2017-10-12,19.48361587524414,19.682571920688815,19.447583300815896,19.615208426684543,20067000
2017-10-13,19.422515869140625,19.648104139489444,19.38413471304101,19.594056778529552,15257000
2017-10-16,19.321475982666016,19.540798420834836,19.239230628607164,19.471084838435306,14899000
2017-10-17,19.004241943359375,19.264295626918017,18.982309848988102,19.256462522640867,26965000
2017-10-18,19.112329483032227,19.1601109528997,18.783346697518883,19.05984934757995,19905000
2017-10-19,19.135051727294922,19.141317612648844,18.670558986667846,18.863249154412696,25844000
2017-10-20,19.13113021850586,19.347319649771624,19.093531926632558,19.344185213772647,23548000
2017-10-23,19.13348960876465,19.24158437699593,19.011295847723233,19.20476892920243,23418000
2017-10-24,19.40058135986328,19.436612431338094,19.12094576343702,19.196142342176927,22887000
2017-10-25,19.254898071289062,19.49850120616394,19.130354244867963,19.259596738956517,20955000
2017-10-26,19.093530654907227,19.41389748247483,19.093530654907227,19.36846609165293,24446000
2017-10-27,19.809465408325195,19.816514155432987,19.017555553097008,19.156982699151982,44753000
2017-10-30,20.46194076538086,20.53792020164328,19.838440567297944,19.84079064699829,50202000
2017-10-31,20.671873092651367,20.890411175733934,20.46743250575387,20.561428263753402,32845000
2017-11-01,20.309993743896484,20.807383211778344,20.122002212115543,20.69772272991614,27333000
2017-11-02,20.326440811157227,20.729053105151003,19.493799611396508,20.53557856836146,67196000
2017-11-03,21.433231353759766,21.77552886536477,20.139231930150576,20.681269847217163,120503000
2017-11-06,21.737932205200195,22.073180971659745,21.151245743387168,21.79902832167158,78088000
2017-11-07,21.252294540405273,21.501382205679967,20.95620973802647,21.347856033255525,36789000
2017-11-08,21.33688735961914,21.448115049156577,20.93270934103002,21.0964171854437,30254000
2017-11-09,20.8073787689209,21.180227315664617,20.561425599543224,21.042367386465553,30980000
2017-11-10,20.754117965698242,20.88571052983307,20.647590438444546,20.819131385553955,20338000
2017-11-13,20.758031845092773,20.83401130491128,20.48701363781229,20.561425879340927,28064000
2017-11-14,20.62095832824707,20.802682461434888,20.464299232116776,20.624091271127778,19718000
2017-11-15,20.80424690246582,20.91390886059678,20.211294546029745,20.54576045560504,29032000
2017-11-16,21.314170837402344,21.513126889194666,20.84419507667375,20.898242446028775,31000000
2017-11-17,21.294591903686523,21.314173918628587,21.02592223640597,21.28754166118163,24069000
2017-11-20,21.531145095825195,21.677619515638515,21.257775282031155,21.354119626851194,28639000
2017-11-21,21.66508674621582,21.791979146329346,21.533492690897575,21.626705582501447,20903000
2017-11-22,21.569522857666016,21.75281268957643,21.475527114371154,21.69876532393334,18642000
2017-11-24,22.118610382080078,22.166390367526013,21.65881635559968,21.671349619034405,11572000
2017-11-27,22.294071197509766,22.377100908227767,21.91417385443511,21.95255501985743,26230000
2017-11-28,21.728534698486328,22.316004098570172,21.684670507846928,22.312871155526206,26796000
2017-11-29,21.26639175415039,21.786497644120125,20.74706872643019,21.77553159657892,47231000
2017-11-30,21.77082633972168,21.802940116364006,21.155942013246936,21.28831740592507,31452000
2017-12-01,21.271089553833008,21.5804904254049,20.68283736317216,21.556991114420736,47729000
2017-12-04,20.64837074279785,21.502942429624454,20.376568187822155,21.455162442427994,48439000
2017-12-05,20.494842529296875,20.84497306700777,20.400846801514863,20.57395491542484,38117000
2017-12-06,20.670305252075195,20.711819359186777,19.91129494486565,20.273958849957978,48751000
2017-12-07,20.670305252075195,21.595373481742907,20.496414225518496,21.531927280760165,79282000
2017-12-08,20.358552932739258,20.909208311661757,20.31077294312162,20.81756264319845,41848000
2017-12-11,20.3616943359375,20.643678691206933,20.270831498540744,20.31391283596014,34941000
2017-12-12,20.26378059387207,20.43453721252246,20.03035913181195,20.31547789447542,28541000
2017-12-13,20.52461051940918,20.623306427735514,20.379701840517004,20.39771812786517,26943000
2017-12-14,20.313907623291016,20.600592067553485,20.107118451951038,20.54889477471849,37595000
2017-12-15,20.814434051513672,20.835583286197174,20.229314687346534,20.494851426343228,45091000
2017-12-18,20.846759796142578,21.013918576272033,20.704833721777565,20.82231815029184,29786000
2017-12-19,20.792354583740234,20.917722534603058,20.600752663467862,20.76081445507701,19094000
2017-12-20,20.945316314697266,21.00129958366593,20.7198101428027,20.98474146972785,19845000
2017-12-21,20.621252059936523,20.993417147496768,20.584982115958045,20.96976205155459,17758000
2017-12-22,20.6859073638916,20.766332279723898,20.398110478908386,20.64411654613541,14617000
2017-12-26,20.350805282592773,20.68591243926526,19.979429678810636,20.28220714533898,22256000
2017-12-27,20.431228637695312,20.627560378035714,20.38234233964553,20.409151148758784,35615000
2017-12-28,20.533729553222656,20.563692072297524,20.386282617764234,20.51322967381145,13641000
2017-12-29,20.256183624267578,20.654367957390814,20.235682240666513,20.482477872393478,17980000
2018-01-02,21.053340911865234,21.091976513488735,20.30901078184125,20.48247696315925,33135000
2018-01-03,21.2835750579834,21.346653796134245,20.9760663974875,21.075415071694035,31161000
2018-01-04,21.290678024291992,21.427874280757976,21.16530856458185,21.414469875940476,19067000
2018-01-05,21.416831970214844,21.624991980389993,21.245729952198797,21.444428827327766,28633000
2018-01-08,21.46808433532715,21.49016182299037,21.214981279212047,21.361638660986877,20971000
2018-01-09,21.170825958251953,21.59266538083423,21.146382811035863,21.530374682837355,26027000
2018-01-10,20.723752975463867,20.98474102945229,20.558170335641236,20.972124679324025,31607000
2018-01-11,20.776580810546875,20.80417766624278,20.62282647055087,20.782100181686054,17726000
2018-01-12,20.838876724243164,20.920089703969648,20.65910158729118,20.767912933547183,19881000
2018-01-16,20.75687599182129,21.052557977437452,20.631506517105436,20.909052775464595,33528000
2018-01-17,20.958728790283203,21.015500133045936,20.53688924441734,20.93270953146474,37365000
2018-01-18,21.273326873779297,21.293828255648695,20.853853140475746,20.9311243406261,30319000
2018-01-19,21.00446128845215,21.24494956194999,20.979230081980468,21.222084016071978,29963000
2018-01-22,20.6669864654541,21.034420265428444,20.549502035243492,20.946110305726364,27230000
2018-01-23,20.729280471801758,20.848341025157104,20.351595918814507,20.637815281331417,35398000
2018-01-24,20.253032684326172,20.758450812777784,20.18522260424192,20.57709956708505,45405000
2018-01-25,19.498455047607422,20.330307364705714,19.47558950095032,20.322422330430317,59520000
2018-01-26,19.7744140625,19.787028907082252,19.33680468284528,19.666390808249403,49014000
2018-01-29,19.354944229125977,19.671914068710656,19.19882421718154,19.576507144091952,50401000
2018-01-30,19.00091552734375,19.320252566596096,18.687887416255897,19.022204964077133,46002000
2018-01-31,19.556800842285156,19.959716585002443,19.306851442955267,19.71213284614672,80482000
2018-02-01,18.82823371887207,19.38884692161233,18.773828059543288,19.059260758044726,66851000
2018-02-02,18.567249298095703,18.762792985230778,18.457649906113854,18.668963657801342,58352000
2018-02-05,17.9853458404541,19.239037348573852,17.94592218454234,18.50416981480946,70776000
2018-02-06,18.9536075592041,18.955185167284316,17.73303218962774,17.78980352177264,77744000
2018-02-07,18.717060089111328,19.16807246182737,18.68709757093271,18.825869914576423,40475000
2018-02-08,18.101253509521484,18.80694655019979,18.096522189727917,18.717848549611716,43200000
2018-02-09,18.56882667541504,18.696561800782224,17.839478434892026,18.35514724900166,43282000
2018-02-12,19.27056884765625,19.355725049271488,18.726513916972117,18.754898816205397,35063000
2018-02-13,19.385692596435547,19.39909699786874,18.92837135570689,19.003276889442212,23719000
2018-02-14,19.52762222290039,19.6056814763834,19.19803453065005,19.317884600559267,25491000
2018-02-15,19.856428146362305,19.8572161986293,19.272949134564083,19.655363528455,25540000
2018-02-16,19.624610900878906,19.89900345283821,19.557590371175124,19.812271091098985,32639000
2018-02-20,19.682165145874023,20.16471764608975,19.5165839953749,19.613567025822103,41693000
2018-02-21,19.603317260742188,19.985733036749817,19.589912856889914,19.908461829532293,28156000
2018-02-22,19.66087532043457,19.95655722952116,19.57571908702489,19.642741101787486,19342000
2018-02-23,20.00465965270996,20.108739682408807,19.73499693726317,19.880867792400146,18280000
2018-02-26,19.944725036621094,20.062209415713763,19.790970726134297,19.866664299837403,28878000
2018-02-27,19.854846954345703,20.159202009208638,19.844596261058758,19.876924445169113,21176000
2018-02-28,19.433002471923828,20.066155570099067,19.395154924831104,20.033828898210086,28834000
2018-03-01,19.184629440307617,19.64274026933608,19.026933331160777,19.385693972158403,26044000
2018-03-02,19.780723571777344,19.805166715628935,18.941776161917,18.957544719308498,27402000
2018-03-05,19.474010467529297,19.81779071798156,19.193308982747972,19.704248037424033,25900000
2018-03-06,19.78782081604004,19.814628115923174,19.500812012842456,19.657720064382815,30030000
2018-03-07,19.479522705078125,19.664817169323715,19.265055281142935,19.608833901747403,31549000
2018-03-08,19.471635818481445,19.57808146839776,19.390421362402936,19.574927757157496,33554000
2018-03-09,20.010181427001953,20.049605092955407,19.525263116975488,19.60016868385363,30782000
2018-03-12,20.724544525146484,20.839663287801017,20.47065190332299,20.551866381164682,53881000
2018-03-13,20.59680938720703,21.592666541000884,20.518750125454087,21.007610088210097,66855000
2018-03-14,20.547130584716797,20.68511485786632,20.118194252315767,20.65830755902283,39619000
2018-03-15,21.112470626831055,21.202358156719395,20.776577099242473,20.79471131322286,57990000
2018-03-16,20.096120834350586,20.78446924345144,20.059850890058456,20.73715905115796,113955000
2018-03-19,19.313941955566406,20.223853173609747,19.14205188987314,19.956556188300446,71267000
2018-03-20,19.109724044799805,19.558372238378272,19.02456781435936,19.325769084517272,61918000
2018-03-21,19.680953979492188,20.04817148067609,19.20573106161546,19.247333114135227,54912000
2018-03-22,19.48654556274414,19.738558214990235,19.320936943220406,19.363338597270108,43078000
2018-03-23,19.399335861206055,19.618546577939963,19.23372880642216,19.471339459269515,59070000
2018-03-26,19.819360733032227,19.907363958796893,19.241732651881325,19.814560085423278,48713000
2018-03-27,19.550546646118164,20.340984080486674,19.32893557630591,19.847361246610163,63917000
2018-03-28,18.935319900512695,19.75536098516906,18.84891585891861,19.527350023138222,41744000
2018-03-29,18.852916717529297,19.268136177828833,18.781712695344858,19.04812579005012,46874000
2018-04-02,18.215280532836914,18.890513074351343,18.03607264835479,18.71690543625929,53088000
2018-04-03,18.94331932067871,18.959320463766566,18.17768308795613,18.46969708252099,45569000
2018-04-04,18.960113525390625,19.034517441735815,18.36088572511768,18.40488656450761,37720000
2018-04-05,18.905719757080078,19.335339647539126,18.80091424558798,19.26173682523765,35798000
2018-04-06,18.31048583984375,18.924115708547,18.221681491390754,18.699304714048452,30248000
2018-04-09,18.780113220214844,19.173731283054412,18.341691649926,18.399293325590833,37494000
2018-04-10,19.180931091308594,19.325737922985045,19.013723270243652,19.165729547964716,33244000
2018-04-11,19.226531982421875,19.258534266663602,18.96731988906608,19.050523996951085,19922000
2018-04-12,19.155324935913086,19.412136644244686,18.96891457387365,19.31533174118788,41036000
2018-04-13,19.756160736083984,20.160980833399062,19.5929524225089,20.00097244347006,48312000
2018-04-16,19.95056915283203,19.99217120992733,19.65535523030806,19.92816816254633,25172000
2018-04-17,20.140178680419922,20.228983045310535,19.972171247358265,20.07217610778632,25084000
2018-04-18,19.968164443969727,20.134572630257892,19.797756735836376,20.08097049219766,20511000
2018-04-19,19.42974281311035,19.7033568669693,19.25373481668939,19.48414608932477,50141000
2018-04-20,18.97052001953125,19.328937366808223,18.80171147800377,19.29853580682764,41530000
2018-04-23,18.676904678344727,19.066524697606706,18.570499985015186,19.040122661123306,31337000
2018-04-24,18.272085189819336,18.89051417841256,18.13607854413191,18.860112621096416,44889000
2018-04-25,18.32088851928711,18.48889746357479,18.069676991123842,18.32088851928711,34023000
2018-04-26,18.434490203857422,18.55129577209902,18.264882097562047,18.480892896678192,32751000
2018-04-27,18.623302459716797,18.736908124178743,18.456894248445934,18.686505901218354,27211000
2018-04-30,18.3544864654541,18.7305056118421,18.266483250600594,18.60729866952296,39682000
2018-05-01,18.431289672851562,18.468890669795048,18.109673808243933,18.468890669795048,44947000
2018-05-02,18.30008888244629,18.67610658824865,18.14488115202172,18.664906093308858,52950000
2018-05-03,18.020877838134766,18.231288481906198,17.815267843334272,18.12008311178344,58011000
2018-05-04,18.442489624023438,18.56809535312071,17.759256594520554,17.89286289263678,51303000
2018-05-07,18.87851333618164,18.952917265023878,18.480894309082032,18.504894493516304,36953000
2018-05-08,19.108922958374023,19.117723126988988,18.786507486496383,18.860110283960253,40149000
2018-05-09,19.044925689697266,19.131329729616876,18.72491044444814,18.8649166373843,35031000
2018-05-10,19.48174476623535,19.499345107189,19.089725935705317,19.17932989103723,25747000
2018-05-11,19.471342086791992,19.56094755986537,19.32893559569636,19.447341901500565,24052000
2018-05-14,19.58175277709961,19.874566403798443,19.504948502446005,19.7033590366501,27580000
2018-05-15,19.327335357666016,19.556145860600353,19.080922990384863,19.3857381451949,24984000
2018-05-16,19.24173355102539,19.37774020732931,19.1201273122684,19.37213996017479,29330000
2018-05-17,19.156932830810547,19.333741979746744,19.04092681430532,19.05052811203296,22825000
2018-05-18,18.88011360168457,19.250530986532688,18.8713119065897,19.18972787579237,25262000
2018-05-21,19.124927520751953,19.24093198373659,18.934517595919523,19.157727877651425,25720000
2018-05-22,19.080120086669922,19.31052974812468,19.007315370206566,19.220126222267854,19218000
2018-05-23,19.245731353759766,19.25133160041384,18.8833145197444,18.89931413450407,23454000
2018-05-24,19.483346939086914,19.54975031119284,19.200932707789622,19.26973640401364,22799000
2018-05-25,20.003366470336914,20.05536940958551,19.52414257679304,19.52414257679304,32214000
2018-05-29,19.976171493530273,20.089777177788395,19.878566953748646,19.892167773958356,28281000
2018-05-30,19.952964782714844,20.163373816832003,19.947364536460956,20.095371262592682,26844000
2018-05-31,20.16657829284668,20.424189659197317,19.920965494045,19.941767283797944,34698000
2018-06-01,20.50819206237793,20.616997066055774,20.204176510679734,20.35058404020683,26360000
2018-06-04,20.67060089111328,20.749805471234378,20.499392038778687,20.640998932732213,25886000
2018-06-05,20.741804122924805,20.90901192074597,20.644199607592657,20.757803737440344,42374000
2018-06-06,21.08262062072754,21.10342240956914,20.77780696708343,20.860209945313724,37465000
2018-06-07,21.17542839050293,21.319435626153123,21.034621078274498,21.041020925118023,46077000
2018-06-08,20.638601303100586,20.795408221777507,20.300184627520057,20.540195653318207,73694000
2018-06-11,20.86741065979004,20.945014515446264,20.50659301614255,20.629798445308893,31859000
2018-06-12,20.91541290283203,20.93941461483841,20.673001562783643,20.827409677380967,27594000
2018-06-13,21.087421417236328,21.286631507382566,20.857809768843442,20.941814998128,34868000
2018-06-14,21.47783851623535,21.526640008010414,21.12902099943282,21.20102460128699,37042000
2018-06-15,21.61944580078125,21.74585114300886,21.307429678259837,21.604244260174138,60969000
2018-06-18,21.16102409362793,21.521040590814756,21.139422707049015,21.521040590814756,30191000
2018-06-19,21.156970977783203,21.17156605025904,20.60565054297463,20.755642052261443,36221000
2018-06-20,21.17885971069336,21.405875073998264,21.139942614536444,21.201561092382285,24951000
2018-06-21,21.05156898498535,21.288312842209848,20.95346592565851,21.20804768684327,18186000
2018-06-22,21.056440353393555,21.201566862053696,20.995632180798438,21.17562263969399,52412000
2018-06-25,20.46538543701172,20.789691996707298,20.30404170576084,20.789691996707298,29705000
2018-06-26,20.3940372467041,20.642943675844496,20.313772087076977,20.512409181599637,24233000
2018-06-27,20.034866333007812,20.68753410134655,20.013785596468253,20.438627696475827,24720000
2018-06-28,19.855690002441406,20.051896149379044,19.642457817279784,19.967576280150954,33238000
2018-06-29,19.672452926635742,20.021893349890902,19.666777581660586,20.021893349890902,42794000
2018-07-02,19.624622344970703,19.638405549834975,19.249237618753053,19.46571264769115,33369000
2018-07-03,19.400850296020508,19.733264746143288,19.377337043598562,19.730832234070963,11591000
2018-07-05,19.896228790283203,19.913254828076767,19.513546554447977,19.603541767475594,25299000
2018-07-06,20.081079483032227,20.155670836497713,19.816769232143574,19.855686325567692,23112000
2018-07-09,20.060808181762695,20.206746491197137,19.906762016646855,20.18809826848839,17955000
2018-07-10,20.314584732055664,20.41512031995694,20.030005553388147,20.134594297258925,16413000
2018-07-11,19.73731803894043,20.069732491369777,19.670024207997105,19.85974468679688,35761000
2018-07-12,17.02448844909668,17.048812021005062,16.00940883887102,16.78936677297826,435083000
2018-07-13,16.414796829223633,17.350421853870174,16.36939405328,17.228807054533156,161678000
2018-07-16,16.478843688964844,16.73261359572919,16.25831398735278,16.34506636087396,102277000
2018-07-17,16.889095306396484,16.952335992865763,16.378312521667574,16.3945282409075,110827000
2018-07-18,16.927200317382812,17.016385217436493,16.7528852198684,16.80072050412004,80834000
2018-07-19,17.056116104125977,17.14611134439466,16.867207441056657,16.887476318886776,63247000
2018-07-20,17.05286407470703,17.124211042910158,16.925572435877626,17.034215851164937,62893000
2018-07-23,17.570947647094727,17.72661449327202,17.058542796446066,17.059353118286232,82211000
2018-07-24,17.621213912963867,17.868498159117884,17.512572022443667,17.658510367479856,81158000
2018-07-25,18.32091522216797,18.538200650466077,17.6512210235783,17.6512210235783,92271000
2018-07-26,18.094707489013672,18.62900198122136,17.964172960188495,18.363881313407376,85069000
2018-07-27,17.9220027923584,18.590075813167086,17.842547978835803,18.161989422482144,79443000
2018-07-30,18.25766944885254,18.48711737874132,17.922012120600893,17.926877145385763,75275000
2018-07-31,17.980382919311523,18.55359588170226,17.96173469362016,18.378468954521725,63860000
2018-08-01,17.577436447143555,18.156323359411868,17.52879083899691,18.1011920825566,42669000
2018-08-02,17.54095458984375,17.69581116592707,17.289617104406055,17.372314805793202,40312000
2018-08-03,17.65932273864746,17.674726587496732,17.3828514099686,17.492305181447612,24832000
2018-08-06,17.589595794677734,17.699859884348697,17.501222767842584,17.563651575887363,22638000
2018-08-07,17.862014770507812,17.98606207033218,17.60500199022071,17.77364173965283,29798000
2018-08-08,17.7930965423584,17.936602376001222,17.751748478479026,17.88066078684585,15801000
2018-08-09,17.559598922729492,17.857149445054766,17.507708937247095,17.849041586497645,27563000
2018-08-10,17.2069149017334,17.389337862424473,17.063409045511886,17.253939865168782,37017000
2018-08-13,17.113679885864258,17.34880319842739,17.06260175707285,17.15989453554428,29842000
2018-08-14,16.80720329284668,17.154212784514943,16.769908386027648,17.154212784514943,36327000
2018-08-15,16.748830795288086,16.829906284015944,16.43992804913441,16.631269171650537,41132000
2018-08-16,16.919893264770508,16.933676462286147,16.757740819813996,16.84530348030183,29239000
2018-08-17,16.966922760009766,17.12258958199535,16.662074782583485,16.861523719785737,39093000
2018-08-20,16.760181427001953,17.026112369328814,16.690455084244803,16.983952434919356,54489000
2018-08-21,17.06745719909668,17.142857320356022,16.791796285698915,16.825038030778508,29952000
2018-08-22,16.826663970947266,17.164753779796104,16.817745790624382,17.062597547417113,26890000
2018-08-23,16.66855812072754,16.951516547435016,16.643424233357667,16.842062821098217,35578000
2018-08-24,16.945039749145508,16.966930817149326,16.594788846749335,16.730186865267424,20541000
2018-08-27,17.266908645629883,17.380415551346594,16.91503569149247,17.04637895484592,28213000
2018-08-28,17.38528823852539,17.509335567716295,17.23448481466932,17.401502413335486,24340000
2018-08-29,17.430683135986328,17.49635476690519,17.305823994723234,17.416089612050534,18125000
2018-08-30,17.565271377563477,17.58878308101761,17.399874492340054,17.429061541208334,26529000
2018-08-31,17.75823211669922,17.781743818822818,17.50040752942911,17.515002599452952,27623000
2018-09-04,17.790666580200195,17.86039137671967,17.604188935640803,17.722560881044895,36663000
2018-09-05,17.952003479003906,17.982812712296813,17.802822335273873,17.83282124691615,37194000
2018-09-06,17.5101375579834,18.06551260118391,17.343930360540227,17.958491366279866,62509000
2018-09-07,18.85682487487793,19.086272781492237,18.16118671142966,18.177402428123674,104703000
2018-09-10,19.50787353515625,19.535438399812595,18.813855965788143,19.025465980638625,60880000
2018-09-11,18.854393005371094,19.434091752405923,18.680079457424593,19.2719392191865,60755000
2018-09-12,18.638729095458984,18.716561751575583,18.06632790804783,18.493601060823657,53077000
2018-09-13,19.08708381652832,19.39517625956201,18.738453626660892,18.946820800074764,43757000
2018-09-14,19.161672592163086,19.222479204175382,18.946818233088994,19.066002038037993,28095000
2018-09-17,19.039241790771484,19.48273206873595,18.997081868571147,19.458408501399667,36739000
2018-09-18,19.58245086669922,19.71886540669703,19.185459564565704,19.196079070991594,50511000
2018-09-19,19.750722885131836,19.807902442833043,19.585717015446235,19.642898131173535,31160000
2018-09-20,20.007221221923828,20.097892139084255,19.745011573933738,19.84875121838026,39986000
2018-09-21,20.266159057617188,20.320889404209268,20.027637700851212,20.121575778369902,135321000
2018-09-24,20.37643051147461,20.429526477866165,20.20162467382581,20.262071406655213,45326000
2018-09-25,20.22940444946289,20.368269799131635,20.078286778890792,20.338047199833156,47037000
2018-09-26,20.04806137084961,20.262078118506157,19.996599756634126,20.06521524225477,33428000
2018-09-27,20.131385803222656,20.24819574646617,20.00558916139927,20.069304667367334,29572000
2018-09-28,20.154253005981445,20.173857652695947,19.91899880343389,20.05704773629078,26739000
2018-10-01,20.381338119506836,20.596171265727918,20.231036869341473,20.248190740163402,27709000
2018-10-02,20.266159057617188,20.561043572499624,20.25145596376643,20.35111199767298,24888000
2018-10-03,20.373985290527344,20.530004493786624,20.179574759338767,20.32415804899872,19607000
2018-10-04,20.271879196166992,20.399308619967794,20.11095999422245,20.148534917669416,25660000
2018-10-05,19.950035095214844,20.425443391738348,19.800550280264254,20.289846821516196,33860000
2018-10-08,19.71642303466797,20.047249780119795,19.63555520948474,19.874893060774564,33397000
2018-10-09,19.988428115844727,20.07256464889216,19.63473123079794,19.652701505457568,24675000
2018-10-10,18.9371395111084,20.018654450191182,18.92161845200629,19.843847002977927,56327000
2018-10-11,18.69780158996582,19.245094242908024,18.558119837556077,18.9485768660036,37424000
2018-10-12,19.028635025024414,19.250819035112002,18.71496210664157,19.17648556301911,32589000
2018-10-15,18.98941993713379,19.22304135294272,18.790924231205096,18.871793602299967,30099000
2018-10-16,19.4672794342041,19.503219989626395,19.129100433088233,19.27776888024232,30355000
2018-10-17,19.373336791992188,19.583269924961293,19.10786002269059,19.583269924961293,20262000
2018-10-18,18.625917434692383,19.34474875116163,18.50420596997455,19.23120601888425,37442000
2018-10-19,18.647153854370117,18.876690081679417,18.536879867629935,18.787653551680812,32231000
2018-10-22,18.6749267578125,18.986148739057384,18.62755029473444,18.833396726656076,25619000
2018-10-23,18.71005630493164,18.750082008252267,17.874413412798205,18.200338555007047,35990000
2018-10-24,17.865428924560547,18.494407401434234,17.794362654723788,18.493589437440104,37810000
2018-10-25,18.153779983520508,18.247718088973986,17.901371863606247,17.961002220530283,35193000
2018-10-26,17.411251068115234,17.753511996948742,17.088593222943953,17.60892873826404,53324000
2018-10-29,17.276477813720703,17.86379627232809,17.00936658216597,17.659582582903433,28636000
2018-10-30,18.05330467224121,18.098231927747545,17.23563360771108,17.46271910308351,29697000
2018-10-31,18.255887985229492,18.43396110330561,18.110486689699233,18.379232294980937,28146000
2018-11-01,18.77785301208496,19.133184303313072,18.274669689446185,18.392297566696705,36830000
2018-11-02,18.0336971282959,18.458461856496108,17.787007023613437,18.40618383980671,40241000
2018-11-05,17.978151321411133,18.060653488782958,17.456997751694484,17.890747603257452,27609000
2018-11-06,18.644704818725586,18.719038255085106,17.947927398020664,17.995305420788565,29464000
2018-11-07,19.147071838378906,19.219770911504373,18.72312348768179,18.950208961764705,29004000
2018-11-08,19.624935150146484,19.81852932795906,19.009026902547788,19.009026902547788,29796000
2018-11-09,19.522008895874023,19.524459671650163,18.995137286774415,19.19608376212564,33611000
2018-11-12,18.26732063293457,18.94040835575212,17.99367352423065,18.869342090846025,50306000
2018-11-13,18.365341186523438,18.772952066802485,18.16031113759292,18.419253575829668,26697000
2018-11-14,18.477256774902344,18.830953816278505,18.42987873401004,18.52300044554584,25411000
2018-11-15,19.3055419921875,19.548146970019395,18.449478108698994,18.47888430054938,36694000
2018-11-16,19.409282684326172,19.53916289511873,18.922438332374405,19.09969501505799,36005000
2018-11-19,18.716590881347656,19.692731949173655,18.668396444021933,19.321063141800018,35326000
2018-11-20,18.600597381591797,18.712507317539274,18.181550542303032,18.292642514275844,32123000
2018-11-21,18.787654876708984,19.058033224988954,18.584257642593002,18.805625153528958,19926000
2018-11-23,18.77948760986328,19.00738950142552,18.589977050508548,18.589977050508548,8066000
2018-11-26,19.221405029296875,19.45339205161387,18.91426815920195,19.132368491772198,28714000
2018-11-27,19.263885498046875,19.471366365348967,18.985338355558735,19.08009286979787,30406000
2018-11-28,19.214052200317383,19.441137665488498,18.919985621795018,19.31860979460198,31080000
2018-11-29,19.25979995727539,19.492604986972527,19.013109793263855,19.136455654282994,17920000
2018-11-30,19.3929443359375,19.464010598569246,19.064569997239,19.2287579456015,40083000
2018-12-03,19.773603439331055,20.179580036296404,19.724591032780303,20.02927875053302,35241000
2018-12-04,18.95429039001465,19.69681138350722,18.916715473001986,19.64453181555267,36455000
2018-12-06,18.562204360961914,18.563020766835777,17.775572373070936,18.480518590807748,57859000
2018-12-07,18.670028686523438,19.46400986596459,18.338385620715815,19.118481668533622,78396000
2018-12-10,19.543245315551758,19.6306490427907,18.50257243754749,18.62020032038115,43344000
2018-12-11,20.163236618041992,20.44913600645621,19.88387159202912,19.887140331256116,57730000
2018-12-12,20.828153610229492,21.253734693774447,20.58473227373135,20.62067282168311,68703000
2018-12-13,21.099353790283203,21.36074700723332,20.795484097677367,21.1124240743413,54355000
2018-12-14,20.815902709960938,21.36809682874061,20.7995652463105,20.859195586410934,42727000
2018-12-17,20.758726119995117,21.346044467563956,20.67295676057877,20.74729020540627,56238000
2018-12-18,20.609317779541016,21.097992285873776,20.538329226380103,21.05589321465816,51849000
2018-12-19,20.132205963134766,21.126063257950467,20.019118312396895,20.554017059196614,59728000
2018-12-20,19.967105865478516,20.5127374127067,19.683146962273142,20.174298013104686,75365000
2018-12-21,20.216392517089844,20.78018362164202,19.96710291439535,19.96710291439535,102138000
2018-12-24,19.29930877685547,20.116517877290246,19.275370923249024,19.976189216800325,28494000
2018-12-26,20.483016967773438,20.512734600015847,19.27454138360979,19.62783876570441,36741000
2018-12-27,20.70672035217285,20.738088006700135,19.987744047876248,20.22382567844131,37507000
2018-12-28,20.932897567749023,21.30187962655326,20.73231020634835,20.884195280106702,28702000
2018-12-31,20.989852905273438,21.338198692502328,20.714973834987706,21.28289318982215,26590000
2019-01-02,20.926286697387695,21.02451624560842,20.346812659518836,20.541621738865633,30346000
2019-01-03,19.06488037109375,20.350949697163166,19.01287646599597,20.187508177808166,68580000
2019-01-04,19.25225257873535,19.51805179139239,19.123480377385956,19.339752304737537,54248000
2019-01-07,19.644346237182617,19.830900522825946,19.048362533460896,19.28692070178362,53433000
2019-01-08,19.486692428588867,19.96793719010424,19.26381718828725,19.82017870558322,36795000
2019-01-09,20.329486846923828,20.362504522012927,19.63362175000405,19.68067244870047,52971000
2019-01-10,20.59693717956543,20.68361035223377,20.170999545626994,20.27087915920981,29594000
2019-01-11,20.68360710144043,20.877591235495924,20.58042431940143,20.589505714158527,20158000
2019-01-14,20.7083797454834,20.76698845800943,20.298125055580915,20.48055284075126,25498000
2019-01-15,21.17228889465332,21.645278893797776,20.802481713338523,20.864390459369403,39247000
2019-01-16,20.776884078979492,21.24327067274565,20.74881803609803,21.23088766886016,24484000
2019-01-17,21.076528549194336,21.243271647691973,20.530897003296577,20.641509587899446,35154000
2019-01-18,21.52970314025879,21.622154492587796,21.214376642613193,21.39019952865947,34634000
2019-01-22,21.320865631103516,21.417443622097906,21.041033338649903,21.29692620473176,37156000
2019-01-23,21.257305145263672,21.53713586106993,20.93785038876325,21.424048247491044,31771000
2019-01-24,21.75505256652832,22.019200178104533,21.462013908338704,21.55198865715702,35999000
2019-01-25,22.117435455322266,22.147976524925422,21.537134665087013,21.888782065471393,30333000
2019-01-28,22.091020584106445,22.192553350344895,21.350581455846683,21.590791279061357,31320000
2019-01-29,21.98371124267578,22.089370627808282,21.77817068313417,22.068734385859635,27870000
2019-01-30,22.355173110961914,22.597032987298615,22.070387577998012,22.287484590212333,28727000
2019-01-31,22.14302635192871,22.370028164666735,21.98618807745116,22.333707307828686,21063000
2019-02-01,22.02415657043457,22.254459968082763,21.865668295410234,22.217315680863287,22878000
2019-02-04,22.462478637695312,22.46413022975814,21.87062298592658,22.08111516672303,20761000
2019-02-05,22.2874813079834,22.66966979769293,22.280051505174118,22.449271207682884,22619000
2019-02-06,22.80009651184082,23.112946512823832,22.51448597572788,22.557410057038364,27064000
2019-02-07,22.212366104125977,22.66471973681925,21.98206109445185,22.523564494796755,28646000
2019-02-08,22.62262535095215,22.641611580411986,22.044800972129707,22.06708881226848,23903000
2019-02-11,22.759647369384766,22.782760213444945,22.558233418288953,22.65068636897409,18012000
2019-02-12,23.062585830688477,23.14513235879483,22.870253317633793,23.001502124134046,19809000
2019-02-13,23.221904754638672,23.291243283623107,22.945375647538068,23.112943759250456,19190000
2019-02-14,23.23676109313965,23.34737367258841,23.026268920564835,23.162469367655778,16015000
2019-02-15,23.272258758544922,23.45055828387405,23.013062707855646,23.45055828387405,17352000
2019-02-19,23.249969482421875,23.346549042004256,23.12532387952308,23.207870417447253,15152000
2019-02-20,23.395254135131836,23.660228429814605,23.30115273317815,23.381222685288922,16150000
2019-02-21,23.190536499023438,23.389472260280275,23.024618409284628,23.380392439973928,13254000
2019-02-22,22.82402992248535,23.11294201253083,22.67214486237888,23.108815394212627,27225000
2019-02-25,22.99738121032715,23.18145895878406,22.98747480578636,23.177330765410577,19245000
2019-02-26,22.700210571289062,22.948675185495944,22.65480989823541,22.94207039206204,27211000
2019-02-27,22.410472869873047,22.708464767321715,22.252809606042856,22.55327810415665,29146000
2019-02-28,22.729930877685547,22.758821934218286,22.174396008895638,22.285007032636845,31460000
2019-03-01,22.514488220214844,22.96106371215043,22.380764334895225,22.925569431053987,19035000
2019-03-04,22.691131591796875,22.83063522561836,22.35847041259849,22.700211411854983,17382000
2019-03-05,22.866130828857422,23.149264731401363,22.661415276230933,22.74148521827527,21699000
2019-03-06,22.398914337158203,22.859522656324625,22.327099222419548,22.83723482688476,19973000
2019-03-07,21.91684913635254,22.314722238635536,21.798808321901564,22.30233923401178,25411000
2019-03-08,21.807891845703125,21.85494254793048,21.395985651193648,21.59079482961673,22167000
2019-03-11,22.209888458251953,22.332882477847768,21.796332304957716,21.865670834931212,27161000
2019-03-12,22.256935119628906,22.289954360933013,21.814487992373607,22.26766653049715,23324000
2019-03-13,22.387361526489258,22.54172319123517,22.206585410289456,22.32957942192004,32089000
2019-03-14,22.138900756835938,22.474038596129997,22.113311309722345,22.46000557194225,43094000
2019-03-15,23.96234703063965,24.726725690717004,23.40185894006825,23.646195415674892,144066000
2019-03-18,24.255386352539062,24.51458085046889,23.955742801322906,23.957394393588576,56746000
2019-03-19,24.706911087036133,24.844763135454823,24.277670327289375,24.281798520342434,51556000
2019-03-20,24.23802375793457,24.901793119519656,24.176392808373407,24.818509211726933,41263000
2019-03-21,24.718570709228516,24.932609518278426,24.235525932339645,24.308814947888884,27379000
2019-03-22,24.37294578552246,24.68859039783191,24.26884128230255,24.64528288636822,23307000
2019-03-25,24.33213233947754,24.50036490489313,24.06895621843409,24.33546344148948,23878000
2019-03-26,24.737722396850586,24.94093549971012,24.504529376614204,24.516189027626023,28009000
2019-03-27,24.64944076538086,24.875139186272957,24.35711554540459,24.782694363549204,21862000
2019-03-28,24.907617568969727,25.25990735858871,24.624453296702008,24.744382479278208,33030000
2019-03-29,25.044206619262695,25.207443325884167,24.841827478372775,25.08668174405081,24493000
2019-04-01,25.467287063598633,25.547238273372983,24.964254149505056,25.24408735498596,27040000
2019-04-02,25.23909568786621,25.597215428465244,25.202450382176643,25.498106786249377,22857000
2019-04-03,25.334869384765625,25.601376631682243,25.136653706479006,25.503101965243605,22266000
2019-04-04,25.151647567749023,25.484781646502213,25.124163192141232,25.380677147610054,15228000
2019-04-05,25.34153175354004,25.35485775137559,25.134989112394294,25.318212448709204,18875000
2019-04-08,25.35818862915039,25.4264817861265,25.151645989833664,25.32987187681842,13899000
2019-04-09,25.272403717041016,25.327370871347867,25.00922759676857,25.199947085841455,11621000
2019-04-10,25.610538482666016,25.632193031224954,25.234929281891667,25.284900583869895,14992000
2019-04-11,25.768779754638672,25.83374022832185,25.50393723460261,25.663842871684913,16669000
2019-04-12,26.403398513793945,26.437545094196395,25.865386543357285,25.93034860167317,30087000
2019-04-15,26.350933074951172,26.444211897804426,26.08192705911212,26.403401519269952,16216000
2019-04-16,26.52582359313965,26.651581038185885,26.3259431688123,26.65074865978069,21116000
2019-04-17,26.69489097595215,26.72903755374642,26.470857274210545,26.670736116353165,18138000
2019-04-18,26.535823822021484,26.854799570349012,26.497513754779053,26.737370644245864,26548000
2019-04-22,26.234329223632812,26.475018415277606,26.1677024193036,26.427547432740017,13504000
2019-04-23,26.287633895874023,26.49167940766207,26.16687388737554,26.380912706453202,19777000
2019-04-24,26.178531646728516,26.40173137847217,26.08358808605563,26.199352226790747,23335000
2019-04-25,25.9694881439209,26.063599324150644,25.532249617979172,26.063599324150644,26732000
2019-04-26,25.8520565032959,25.89702875986638,25.410652955204714,25.74711964945654,16404000
2019-04-29,26.044445037841797,26.20684779232901,25.854559497883873,25.921186309686536,13404000
2019-04-30,26.517498016357422,26.519162773354445,26.02862337977981,26.09441781685974,18953000
2019-05-01,26.559141159057617,26.917260915162366,26.541651678234384,26.69239480014189,18158000
2019-05-02,26.302627563476562,26.833144967723182,26.170206307045465,26.64908606125003,20428000
2019-05-03,26.2934627532959,26.371750805801327,25.875380026345784,26.230168632443714,19214000
2019-05-06,25.948667526245117,25.978650622273996,25.430643817811234,25.55057302490995,14371000
2019-05-07,25.592214584350586,25.786265184884517,25.29572425258742,25.705480000487515,21734000
2019-05-08,25.26740837097168,25.623029330180724,25.244089067974915,25.426480011488916,15099000
2019-05-09,25.32320785522461,25.472284600732404,24.722732627216335,24.98507637392489,22282000
2019-05-10,25.314878463745117,25.43480766508309,24.706908673444964,25.2540814847151,21025000
2019-05-13,24.433738708496094,24.625292169789223,24.002330011277905,24.47038400855805,37864000
2019-05-14,25.151647567749023,25.368183527557157,24.608638145701597,24.62612762526707,34277000
2019-05-15,25.349029541015625,25.63219390787592,24.86931582747603,25.00756690836208,18166000
2019-05-16,24.75937843322754,25.24325556786649,24.543673288010332,24.964256305136495,34233000
2019-05-17,24.143077850341797,24.449561457486098,24.01981755171549,24.383767033762883,39094000
2019-05-20,22.7022762298584,23.315243551249598,22.373305642270186,23.152839203642923,65162000
2019-05-21,22.93047332763672,23.301085076532875,22.873839821406133,23.077051364042003,25060000
2019-05-22,22.421607971191406,22.907983813019293,22.4007858036886,22.526544833049474,31809000
2019-05-23,21.661231994628906,22.110962604919536,21.501326365629044,22.035174859950295,46607000
2019-05-24,21.315601348876953,22.13178012814071,21.298944250073603,21.878598898064933,27963000
2019-05-28,21.194007873535156,21.46468017552486,20.828393600904924,21.36807027105399,61965000
2019-05-29,21.164024353027344,21.35141114126688,20.952484296712953,21.049092603487594,28132000
2019-05-30,21.372238159179688,21.432201182544425,21.164029157418984,21.20900142494254,17310000
2019-05-31,20.95748519897461,21.29894783944592,20.904184380031495,21.074083321739217,22192000
2019-06-03,21.085744857788086,21.514654937246252,20.920843349542135,21.033274824179518,28911000
2019-06-04,22.12845230102539,22.15343795292822,21.300613747783373,21.400553178377468,36805000
2019-06-05,22.130117416381836,22.612328239784894,21.85361526932512,22.404119251027783,23651000
2019-06-06,22.718923568725586,22.90298081002642,22.093464441185706,22.23837766912534,32687000
2019-06-07,22.89216423034668,23.142015999877906,22.759742967231087,22.884669646251055,25963000
2019-06-10,23.336894989013672,23.71666764344986,23.046236069351995,23.047068447772677,23280000
2019-06-11,23.609233856201172,24.297988927736494,23.27026995759844,24.193052052409282,37105000
2019-06-12,23.296918869018555,23.582581933121677,23.103700643005336,23.458489241068182,27057000
2019-06-13,23.453495025634766,23.56009825428181,23.103703826968307,23.44600044170777,37735000
2019-06-14,22.14760971069336,22.327501969438448,21.443029844014923,21.496332254185628,100797000
2019-06-17,22.15093994140625,22.37830477436056,21.765337406836558,22.056828745869446,35785000
2019-06-18,23.156999588012695,23.570918763053587,22.191742568952247,22.332492339665407,54920000
2019-06-19,23.110368728637695,23.241956028027168,22.79555647589671,23.217804340980106,28920000
2019-06-20,23.240283966064453,23.77329837880574,23.082877094915073,23.52844412841129,57291000
2019-06-21,23.03765106201172,23.627066669037962,23.035128381303817,23.257945397726594,45399000
2019-06-24,23.475719451904297,23.496739653531005,23.12257461186446,23.166297336892985,20506000
2019-06-25,23.24953842163086,23.785142218845355,23.208338376266457,23.472357055449233,24436000
2019-06-26,23.664058685302734,23.881831916217912,23.383224859702967,23.42358453839457,24774000
2019-06-27,24.023090362548828,24.253475402918312,23.730485083334784,23.78934228274699,21813000
2019-06-28,24.203866958618164,24.32494600059201,23.948258320681827,24.203866958618164,49265000
2019-07-01,25.254053115844727,25.70809712691894,24.916042788099052,25.365881796993815,44832000
2019-07-02,24.83196258544922,25.280959642442966,24.711723897054974,25.130453597817695,19011000
2019-07-03,23.954143524169922,24.28122275699837,23.796909807021596,23.854086287344032,49411000
2019-07-05,23.766643524169922,24.00039162520115,23.70862667841202,23.84988396983053,24565000
2019-07-08,23.119213104248047,23.64304387654968,23.071285373474684,23.54298661963316,34291000
2019-07-09,23.167137145996094,23.204974149521465,22.90480080205199,22.992246250033357,26131000
2019-07-10,23.080533981323242,23.442085615462478,23.03849197474526,23.363048567582155,30134000
2019-07-11,23.211698532104492,23.32857256579336,22.950202584342478,23.14275061432152,20712000
2019-07-12,23.996187210083008,24.041592257000943,23.23860836442623,23.23860836442623,21971000
2019-07-15,24.244224548339844,24.76132910329357,24.154256435411273,24.476291890239267,30334000
2019-07-16,23.890243530273438,24.197983315155867,23.74394087813765,24.130717709533222,14617000
2019-07-17,23.97011375427246,24.15593567586135,23.811199349861898,24.01047342630189,15453000
2019-07-18,24.365306854248047,24.409029576442663,23.86249474714072,24.062610838479397,19357000
2019-07-19,24.383804321289062,24.64950369347734,24.344284997737148,24.537675009471375,22047000
2019-07-22,24.900907516479492,25.22378335433433,24.572147562489764,24.636048518443637,33905000
2019-07-23,25.290205001831055,25.4230554717271,25.158196494520965,25.18258133474851,19692000
2019-07-24,25.541608810424805,25.634939951137017,25.266659144517803,25.325517935418876,19006000
2019-07-25,25.257413864135742,25.403716493435436,25.174173431899632,25.403716493435436,15741000
2019-07-26,25.30198097229004,25.47855418996485,25.269189330235953,25.358317099940837,14996000
2019-07-29,25.37093162536621,25.439037597523907,24.969018665127926,25.328049255772775,12068000
2019-07-30,25.187625885009766,25.302819200303333,24.980783736544158,25.148108169325788,11164000
2019-07-31,24.382963180541992,25.294412632513634,24.10381005522001,25.22714703172668,20819000
2019-08-01,23.99198341369629,25.041327195896184,23.73805546849191,24.31065428464608,21911000
2019-08-02,23.419382095336914,23.865858052061647,23.199086175052084,23.717032733153403,20080000
2019-08-05,22.505407333374023,22.890503365340685,22.204393691589022,22.866118525982465,27765000
2019-08-06,22.402830123901367,22.885462398479625,22.244756033956858,22.713094187198394,22199000
2019-08-07,22.70636749267578,22.930866837726086,22.113588827707897,22.20019391847767,22244000
2019-08-08,22.784561157226562,22.917411636037546,22.07154549439733,22.73411235942897,29163000
2019-08-09,23.18395233154297,23.589228260125772,22.666847721918174,22.666847721918174,30735000
2019-08-12,23.176380157470703,23.392471043090946,22.915726199914985,22.986354827979845,20040000
2019-08-13,23.854084014892578,24.005430394071286,22.87284480614629,23.14779449710575,22340000
2019-08-14,22.833330154418945,23.55559460542125,22.734113272646447,23.441243244075363,27108000
2019-08-15,22.587814331054688,22.935913833224706,22.26914343391482,22.870330543082847,20010000
2019-08-16,23.01999282836914,23.185634954737367,22.868644822854087,22.88293894370726,17458000
2019-08-19,23.440404891967773,23.548870542558067,23.17386514565375,23.500944419182787,17489000
2019-08-20,23.574092864990234,23.960029296802347,23.291576709591254,23.388270907271053,17920000
2019-08-21,24.173601150512695,24.23750371925973,23.883518514052444,23.93312696054775,19381000
2019-08-22,24.183691024780273,24.334198690767163,23.925559664638495,24.24843555831915,12294000
2019-08-23,22.88125991821289,24.003756718324468,22.79045142257019,23.878474255877897,25742000
2019-08-26,23.309236526489258,23.370616412209223,23.122574188582163,23.28653400350303,14249000
2019-08-27,23.170499801635742,23.561481630337184,23.115005637634347,23.47151510685222,14298000
2019-08-28,23.211698532104492,23.24112713024641,22.741679716974243,23.06623625915252,17202000
2019-08-29,23.826339721679688,24.004593647469576,23.631268994426605,23.668265636897946,16429000
2019-08-30,23.76495933532715,24.039067099153566,23.534574292134014,23.993662056914285,16720000
2019-09-03,23.042692184448242,23.614448921337672,22.780355891425792,23.54297993062833,22210000
2019-09-04,23.79690933227539,23.908738006496886,23.391633428410604,23.441241866381255,19865000
2019-09-05,24.46956443786621,24.693223382141262,24.24590709732944,24.24590709732944,20938000
2019-09-06,24.54439926147461,24.661273298028927,24.32494530834798,24.53935390060135,13748000
2019-09-09,24.60325813293457,24.989194587488484,24.417437768004053,24.804214581514564,21686000
2019-09-10,24.757125854492188,24.757966213348112,24.284584371860557,24.49731223530421,20850000
2019-09-11,25.057300567626953,25.12204348543541,24.766376013202247,24.915201329766703,19260000
2019-09-12,25.273393630981445,25.420536638509535,24.9278152474264,25.344862633569804,33109000
2019-09-13,24.410709381103516,25.055619108411772,23.870061895990588,25.02703086732745,62557000
2019-09-16,24.271133422851562,24.406506590035328,24.02225085491514,24.11474165940534,22176000
2019-09-17,24.285430908203125,24.32495023682009,23.858294354953212,24.217324937568577,21912000
2019-09-18,24.193777084350586,24.44770499650587,23.869220535119993,24.256839283875454,16510000
2019-09-19,24.437620162963867,24.54776814707879,24.150900543616235,24.257685487594163,19421000
2019-09-20,24.1210994720459,24.47240195212277,23.914050233978156,24.410457284550116,35524000
2019-09-23,24.222929000854492,24.367183882324536,23.93611703964742,24.066794362739696,14850000
2019-09-24,23.955636978149414,24.514835308966767,23.738405732391342,24.380763986902203,20292000
2019-09-25,23.400676727294922,23.52286989754931,22.911059191647144,23.05955615012075,55588000
2019-09-26,23.49741554260254,23.645912519783426,23.13847528519312,23.357402719692846,27477000
2019-09-27,23.26236343383789,23.868234305940245,23.162233586336182,23.473654794709013,28660000
2019-09-30,23.426136016845703,23.4812927282828,23.123200577531367,23.40237650148737,19826000
2019-10-01,23.32261085510254,23.729918196765432,23.197871788077844,23.61281681002631,19429000
2019-10-02,22.91699981689453,23.23351118091203,22.768502853581133,23.204661498393648,19543000
2019-10-03,23.286968231201172,23.29290810884733,22.675157596656415,22.911056519458253,17096000
2019-10-04,23.88096046447754,23.90387188627439,23.35230967238039,23.631485573564387,25884000
2019-10-07,23.426979064941406,23.846166097227105,23.394733784112105,23.760461918350725,18658000
2019-10-08,22.939064025878906,23.326853947132186,22.818568648822303,23.255575402013072,22757000
2019-10-09,23.178356170654297,23.32770122613087,23.082468403659156,23.223329305627608,16329000
2019-10-10,23.28866195678711,23.656087859050515,23.220777416780706,23.297995818032536,17340000
2019-10-11,23.836837768554688,24.10583174124423,23.68240091612366,23.716342387852137,23697000
2019-10-14,23.900480270385742,23.984486667307255,23.749437403171143,23.795258632811347,13312000
2019-10-15,24.63532829284668,24.660785608050972,23.946299165540335,23.983636237474204,21230000
2019-10-16,24.47919273376465,24.616659641109496,24.314572328986184,24.52331777403006,20046000
2019-10-17,24.559812545776367,24.753282676807284,24.465622564887813,24.620059432995344,13125000
2019-10-18,24.330698013305664,24.60308434122536,24.099041126026858,24.56574888576325,16981000
2019-10-21,24.571683883666992,24.769397642894145,24.35869476642622,24.47579613355924,13031000
2019-10-22,24.39263916015625,24.68114889900098,24.373971435129405,24.573381388084353,13046000
2019-10-23,23.786767959594727,24.060003953214494,23.65439284819172,24.01078712989285,20957000
2019-10-24,23.955636978149414,24.05661492017542,23.64930754825075,24.004852193105766,16896000
2019-10-25,24.59290313720703,24.724428564005535,24.032855103205673,24.036249088488166,20869000
2019-10-28,24.739696502685547,24.818611087689078,24.4656124467886,24.70660151449587,12999000
2019-10-29,24.452043533325195,24.92214531770594,24.444405852160088,24.801649932018048,13272000
2019-10-30,24.6285400390625,24.690484715366566,24.31287677924582,24.609022602447894,17281000
2019-10-31,24.850019454956055,24.954393015138145,24.421498402022003,24.59120902105211,27881000
2019-11-01,25.167381286621094,25.167381286621094,24.78552955093627,24.861899898073236,21234000
2019-11-04,25.881010055541992,25.920043308665136,25.380360879086304,25.416000147393788,34075000
2019-11-05,26.648103713989258,26.880608651147885,25.836035044713697,25.88100817261615,38711000
2019-11-06,26.573436737060547,26.668474798776284,26.195828765283036,26.480094858735104,18076000
2019-11-07,26.45293426513672,27.11141578702536,26.36044212180218,26.77878104171489,23981000
2019-11-08,26.594648361206055,26.610771813176317,25.89204328844837,26.29425883713685,17830000
2019-11-11,26.538646697998047,26.5802258517885,26.37657215999016,26.4071212657821,9154000
2019-11-12,26.77454376220703,26.84836819996749,26.581921750693088,26.644714522749133,16875000
2019-11-13,26.616714477539062,26.789819061209666,26.475005472472738,26.515734915486284,12625000
2019-11-14,26.217891693115234,26.461428356036887,25.97520474042369,26.368936183618388,17268000
2019-11-15,26.55221939086914,26.564947238493485,26.312076758186723,26.497910778580877,18120000
2019-11-18,26.396085739135742,26.59464761451521,26.13812346281807,26.4597265981121,15850000
2019-11-19,26.958677291870117,27.634978499006632,26.8695791258595,26.8695791258595,31743000
2019-11-20,26.447002410888672,26.88485889685475,26.22043729614126,26.805942667044636,19927000
2019-11-21,26.75078010559082,26.788965265312967,26.288316112731646,26.402023500358453,19317000
2019-11-22,26.72278594970703,27.10972782226682,26.62011019752332,26.868737041380456,13216000
2019-11-25,27.121604919433594,27.169125568624334,26.837338826954955,26.86618851095158,19636000
2019-11-26,26.837337493896484,27.16912421908543,26.818668148125308,27.068992757028596,30793000
2019-11-27,27.02147102355957,27.148754353641863,26.854304730977276,26.979043786363924,20182000
2019-11-29,26.832250595092773,26.966321932533493,26.72957483938093,26.886557603512752,9229000
2019-12-02,26.36638641357422,26.978195492753777,26.35280885534116,26.96037585797657,23158000
2019-12-03,26.00998878479004,26.220430390363187,25.722327153194566,25.9505900097692,18736000
2019-12-04,26.281532287597656,26.421543482992824,26.061755157031282,26.284078181113287,14439000
2019-12-05,26.406265258789062,26.514032767351043,26.225523034810053,26.35535225260397,15494000
2019-12-06,26.818668365478516,26.84327758999099,26.480093667353614,26.699022702021747,16937000
2019-12-09,26.676959991455078,26.912010865550716,26.63962291723721,26.81442691237469,24694000
2019-12-10,26.73465919494629,26.806785822186807,26.581070459226517,26.73805317971703,14563000
2019-12-11,27.13008689880371,27.268400276099246,26.744841301463218,26.744841301463218,20829000
2019-12-12,27.815723419189453,28.01598311013281,27.105482255567324,27.13093795352062,38935000
2019-12-13,26.765214920043945,27.134337178101156,26.357907489187998,26.9892341688643,70952000
2019-12-16,27.41944694519043,27.798751076562443,26.944255047927484,26.981592120614426,37921000
2019-12-17,27.476299285888672,27.573881608863974,27.302343403294206,27.47120749944801,20248000
2019-12-18,27.785173416137695,28.1042306512691,27.455084516362014,27.527211145353732,35155000
2019-12-19,27.501754760742188,27.939609547241734,27.468659767638442,27.93536908940078,31787000
2019-12-20,27.343183517456055,27.640617382183137,27.16403883375343,27.640617382183137,50540000
2019-12-23,27.388612747192383,27.62861784303696,27.22403983290646,27.47518670289703,20254000
2019-12-24,27.47175407409668,27.487184162772106,27.34403812821454,27.428897076370717,7024000
2019-12-26,27.25575828552246,27.578047424308895,27.156327544482384,27.537760464515582,15848000
2019-12-27,27.131465911865234,27.373182723504982,27.019178415453077,27.368897677523556,14487000
2019-12-30,26.86832046508789,27.200037954672858,26.807461695208296,27.130609092873613,13104000
2019-12-31,27.087751388549805,27.116894933723994,26.81174929630775,26.839177842105315,12487000
2020-01-02,27.633756637573242,27.643186681630905,27.199181689393725,27.37061132353976,20329000
2020-01-03,26.93089485168457,27.42890028626316,26.921466441872663,27.215468685062397,22870000
2020-01-06,26.890605926513672,26.90774938031068,26.540029980346596,26.644602432684774,20789000
2020-01-07,26.798032760620117,27.13575192374902,26.76460417114199,27.021749430820996,18565000
2020-01-08,26.463741302490234,26.870889290769885,26.435454443536685,26.827173979155106,31979000
2020-01-09,26.251171112060547,26.828035452413243,25.97602569161084,26.770606677016698,42397000
2020-01-10,25.64773941040039,26.190316901716685,25.61173749721564,26.18174517332889,40705000
2020-01-13,25.815732955932617,26.04030628664322,25.686302021505607,25.71630387929752,22054000
2020-01-14,26.415748596191406,26.49889256310808,25.85088428453668,25.886027880431772,28911000
2020-01-15,25.98373794555664,26.39002930619102,25.77459303723992,26.34117226039785,22733000
2020-01-16,26.318891525268555,26.388320405042947,26.07545965250505,26.14317516740781,21508000
2020-01-17,26.468036651611328,26.480893428019048,26.06346018709448,26.456893240116536,26896000
2020-01-21,26.40631866455078,26.52974959190203,26.25717418683554,26.383176796201194,21967000
2020-01-22,26.82632064819336,27.250610506382746,26.614602425323906,26.640317606231346,29264000
2020-01-23,27.39889907836914,27.411755851754183,26.642033385145346,27.015751209574837,30266000
2020-01-24,27.771760940551758,28.421482474457036,27.49489890164805,28.328908477487026,55782000
2020-01-27,26.488603591918945,27.418615606374495,26.455174998486946,27.12118335979081,38843000
2020-01-28,27.284042358398438,27.362901275006738,26.809180398753707,26.87432422359406,23166000
2020-01-29,27.215471267700195,27.894336457257335,27.18375767122246,27.49919008060598,23668000
2020-01-30,27.0174617767334,27.044890318403716,26.45088263513734,26.94203124352811,21128000
2020-01-31,26.156885147094727,26.964322899006152,26.024882507729455,26.928322625058303,22123000
2020-02-03,26.162879943847656,26.280309151753197,26.026592285593495,26.197165211490564,21288000
2020-02-04,26.708887100219727,26.963462297435267,26.54174252836024,26.725173870289606,22559000
2020-02-05,27.204326629638672,27.41261486519395,27.07403898840956,27.214611721629993,24825000
2020-02-06,27.40232276916504,27.418609538572408,26.93431766001803,27.32946555255493,22683000
2020-02-07,27.020036697387695,27.302038826488772,26.989178153780628,27.284897007695655,15883000
2020-02-10,26.931751251220703,26.966036526075854,26.59746205565624,26.774891745428064,19218000
2020-02-11,27.44261360168457,27.496614013422132,27.08689590306372,27.141754631972407,15527000
2020-02-12,27.831758499145508,27.865185451412422,27.568609942803036,27.603753529124546,15310000
2020-02-13,27.769193649291992,27.896911263950614,27.510334960104107,27.55576201643929,13857000
2020-02-14,27.237756729125977,27.917478567130182,27.180326315605168,27.843764649889625,19137000
2020-02-18,26.636035919189453,27.001182051762136,26.404604166506513,27.00032536942411,26693000
2020-02-19,27.059463500976562,27.15717921848559,26.717459307139773,26.828888478754873,20525000
2020-02-20,26.506601333618164,27.059465455725505,26.239169340555367,26.91117768698654,25521000
2020-02-21,26.100311279296875,26.52460112761886,25.910879877930626,26.443172175640324,24522000
2020-02-24,24.994585037231445,25.61173469973339,24.86258403123546,25.217445046301833,36849000
2020-02-25,24.230003356933594,25.34858840602721,24.09200231045862,25.209729042416836,31892000
2020-02-26,24.50429344177246,24.7031532713794,24.343148886627663,24.37314911578282,23074000
2020-02-27,23.481706619262695,24.455432143971425,23.446563032675357,24.02599896562556,34837000
2020-02-28,23.367706298828125,23.4971372497386,22.520839953236173,22.571411997553497,44586000
2020-03-02,24.426292419433594,24.463151010959063,23.24170682496727,23.72257043512563,31976000
2020-03-03,23.507423400878906,24.727152564828447,23.277706668090765,24.398863420522215,29930000
2020-03-04,24.46743392944336,24.490577428057648,23.55199378999125,23.78942555155919,23477000
2020-03-05,23.489421844482422,24.265145951144714,23.353135802985555,23.765425560987055,24374000
2020-03-06,23.095989227294922,23.222848496470835,22.500268104770036,22.884272641187426,30169000
2020-03-09,21.233394622802734,22.309122606846437,20.93596241237585,21.521398424422113,43934000
2020-03-10,22.534555435180664,22.601412617357646,20.863106262078865,21.99369139275677,55071000
2020-03-11,21.083396911621094,21.985122097866277,20.785107970651342,21.761405392138965,36030000
2020-03-12,18.752798080444336,20.808250450149664,18.541938143071306,19.456520130786245,64281000
2020-03-13,20.076242446899414,20.097670949321465,17.242492621413955,19.32966178209871,84714000
2020-03-16,16.078474044799805,18.754505250086726,15.448467757642689,17.84421024463696,76935000
2020-03-17,17.101064682006836,17.143921690571226,15.555617803131366,16.44191296922077,70662000
2020-03-18,14.389029502868652,16.069905458940365,13.343302502829665,15.91390427647246,98993000
2020-03-19,16.667343139648438,17.783356606934266,14.14302731397833,14.369315698685506,74438000
2020-03-20,16.75625991821289,18.19111592259036,16.380547511179145,17.6088055864322,74044000
2020-03-23,16.86522102355957,17.08315172233907,15.494872350686732,16.813789365346175,46921000
2020-03-24,18.54677391052246,19.06545005263763,17.54690839444918,17.926107355672364,62970000
2020-03-25,18.96433448791504,21.270042386639275,18.238190680113924,18.497091538409155,64442000
2020-03-26,21.197683334350586,21.339774247204844,19.703551470798367,19.703551470798367,60213000
2020-03-27,20.109773635864258,21.103537103211583,20.049624549393126,20.31114072627001,39448000
2020-03-30,20.930938720703125,21.039904085536083,19.913638234239862,20.2414055728057,52343000
2020-03-31,20.668554306030273,22.02931480994806,20.57789668473333,20.747009519574842,50191000
2020-04-01,19.49434471130371,20.434061454530486,19.150013683029975,19.87441504372312,41858000
2020-04-02,20.665058135986328,20.742642069485576,19.30429992230237,19.3871129816611,45049000
2020-04-03,20.42098617553711,21.143643386290854,20.097576647702375,20.628455372051537,28960000
2020-04-06,22.00577163696289,22.09032886160657,21.231682966881028,21.320598074287624,38868000
2020-04-07,22.078128814697266,23.144245704398724,22.013621829448038,22.825195754853926,45892000
2020-04-08,22.760684967041016,22.856573353379858,22.11037944474278,22.383228467214675,27565000
2020-04-09,22.16791534423828,23.31858939607178,21.907270363003242,23.169525180875077,34828000
2020-04-13,22.65782356262207,22.797299102474234,22.037156911476078,22.09817725232645,25729000
2020-04-14,23.329919815063477,23.395298033321236,22.867034847023362,23.198288809162552,23094000
2020-04-15,22.441631317138672,22.867032801837716,22.330050572583524,22.751965418808858,25926000
2020-04-16,22.515731811523438,22.818219772498214,22.151350605158807,22.818219772498214,26896000
2020-04-17,23.1773681640625,23.312485813705944,22.57239225157047,22.945490880862174,34089000
2020-04-20,22.51485252380371,23.123314912275987,22.482599875481153,22.664789595689044,23801000
2020-04-21,21.588212966918945,22.210623610614842,21.514117332644233,22.190573362573403,29138000
2020-04-22,22.66218376159668,22.85832177914387,21.857583098896704,22.208887379416446,35438000
2020-04-23,22.571521759033203,23.118092746894046,22.535780799291114,22.686589160406058,21659000
2020-04-24,23.084089279174805,23.106753257668995,22.567157366198526,22.648227935298245,23373000
2020-04-27,23.401403427124023,23.642871071500043,23.043997128753322,23.043997128753322,16588000
2020-04-28,23.077123641967773,24.09529717586114,23.023949480984047,23.906132438383278,18988000
2020-04-29,24.061296463012695,24.145853696355335,23.469397492293812,23.63066577398334,28871000
2020-04-30,23.67774200439453,23.889570731685176,23.431914801290016,23.844241093279777,23379000
2020-05-01,22.63864517211914,23.34909986574442,22.5078870577701,23.187831580136592,26836000
2020-05-04,22.861804962158203,22.876624424592773,22.256829047921325,22.59592920775594,17046000
2020-05-05,23.089319229125977,23.44411001656833,22.988200072109873,23.23576967010688,26462000
2020-05-06,23.0291748046875,23.578361159710653,22.980358535384013,23.390940604246502,22727000
2020-05-07,23.340383529663086,23.577493295139675,23.187832666223866,23.536521541713306,18238000
2020-05-08,23.974992752075195,24.02032237825552,23.53913134557498,23.728294371307133,16757000
2020-05-11,24.007251739501953,24.124061634866983,23.689071387686763,23.830291082833355,20851000
2020-05-12,23.401403427124023,24.20949069115996,23.381354835558444,24.110115652124332,18764000
2020-05-13,22.93938446044922,23.56528174941264,22.609001793394324,23.542616106790202,21927000
2020-05-14,23.240131378173828,23.270641545342954,22.207140251797657,22.748480402066107,19912000
2020-05-15,22.700536727905273,23.01871539206657,22.383229307806474,22.614235348011917,21650000
2020-05-18,23.844236373901367,24.12318742805242,23.362172399983642,23.41621945769431,26531000
2020-05-19,23.70650291442871,24.062166666039065,23.676863991347947,23.844235951013715,18702000
2020-05-20,24.293174743652344,24.522438300867993,24.06652658136229,24.14411053432989,18605000
2020-05-21,23.95494842529297,24.364659312822766,23.94187311192235,24.31409888501413,14847000
2020-05-22,24.1162166595459,24.16851957197094,23.58097847893482,23.86254495713105,17452000
2020-05-26,24.584331512451172,25.026295042517223,24.529413203415224,24.844105256537112,23573000
2020-05-27,25.06987762451172,25.088183724190188,24.40823931610554,24.671499651490695,22812000
2020-05-28,24.681964874267578,25.21894723898676,24.620073284717392,24.844106074293233,18543000
2020-05-29,25.390674591064453,25.45431032531074,24.57474120696553,24.661042588776564,27300000
2020-06-01,25.279090881347656,25.375852168895168,25.050698594890232,25.316574324650823,18444000
2020-06-02,25.982576370239258,26.005242020268433,25.28781400783898,25.369755852791133,31847000
2020-06-03,26.982437133789062,27.097504525643078,26.19614439790625,26.24321651493048,31926000
2020-06-04,26.92664909362793,27.284926600164816,26.334748488904197,26.65292881633729,34997000
2020-06-05,27.64059066772461,28.602101612736718,27.46711832439177,27.868981315910982,50958000
2020-06-08,27.678943634033203,27.79401101945589,27.316306622354585,27.677199483420416,23916000
2020-06-09,27.48716926574707,27.797503438406395,27.160273140879248,27.19775825407477,22335000
2020-06-10,27.462764739990234,27.826273119033555,27.43312580826682,27.603113212205255,25914000
2020-06-11,25.606863021850586,26.897012657610492,25.57635284998786,26.81594205979825,45115000
2020-06-12,26.173479080200195,26.496017276648836,25.517944433627864,26.397511833250054,39439000
2020-06-15,26.50822639465332,26.740103713481442,25.49005285490387,25.715829801705745,29824000
2020-06-16,27.08617401123047,27.42004337183489,26.500375459090204,27.023409524355557,30387000
2020-06-17,27.323280334472656,27.608333407988315,27.179446931743925,27.3215361838321,20279000
2020-06-18,27.782686233520508,27.81842719864667,27.155917465523927,27.20822038420525,33625000
2020-06-19,26.665069580078125,28.015187671573212,26.665069580078125,27.978198272886434,58465000
2020-06-22,27.613582611083984,27.66994691959512,26.73199873201306,26.905496116535446,27195000
2020-06-23,27.416311264038086,27.957063732880705,27.415431043936152,27.747457121584542,22419000
2020-06-24,27.03496551513672,27.387246705990748,26.818312120813957,27.231362090059303,19096000
2020-06-25,27.20053482055664,27.25601891348673,26.68532226656045,26.954819071920813,15029000
2020-06-26,27.073713302612305,27.81086224754415,26.69853466069313,27.61622780724413,31425000
2020-06-29,27.282434463500977,27.337918543890225,26.813018649742165,27.131832896948826,14516000
2020-06-30,27.7958927154541,27.924475386653288,27.01558776907617,27.29741438960632,25125000
2020-07-01,27.542251586914062,27.905100463969394,27.47267556754999,27.751858185244497,15661000
2020-07-02,27.7835636138916,28.127917779059953,27.712225477116398,27.984362965302015,16638000
2020-07-06,28.075952529907227,28.26970673595276,27.94825009237748,28.18251793116541,17561000
2020-07-07,27.57659339904785,28.020467790855573,27.526392309136845,27.94824944528241,16150000
2020-07-08,28.14464569091797,28.168423384671385,27.66466216000875,27.84256399219874,18023000
2020-07-09,28.314620971679688,28.563857554257503,27.764179563491616,28.183394312802147,25225000
2020-07-10,28.133201599121094,28.44585103604195,27.7809204251392,28.35073688286644,13280000
2020-07-13,27.417184829711914,28.493404760019025,27.352893505817544,28.330473380983925,21549000
2020-07-14,27.749210357666016,27.849610856929562,26.878194157317445,27.212862488195935,18363000
2020-07-15,27.634723663330078,27.986124622247537,27.316789542395668,27.825835551967923,15253000
2020-07-16,27.419832229614258,27.64353073487426,27.240168241523307,27.35554089385431,12929000
2020-07-17,27.54048728942871,27.760663230157018,27.301816650310062,27.66730951822743,13354000
2020-07-20,27.929752349853516,27.975548976812913,27.324708742106818,27.464740962206935,14323000
2020-07-21,27.684045791625977,28.1147102713759,27.536968404851876,28.1147102713759,14312000
2020-07-22,27.636484146118164,27.802057896285415,27.33440406361005,27.74304955986577,14404000
2020-07-23,27.272750854492188,27.83816280894138,27.159140331649283,27.598611965114618,19417000
2020-07-24,26.931039810180664,27.38195935451564,26.789245447832762,27.00149604147704,15631000
2020-07-27,27.537843704223633,27.56250330096213,27.080759264814265,27.152095715406492,20646000
2020-07-28,27.06842803955078,27.487642841815692,26.96362307912784,27.40573703704798,13974000
2020-07-29,27.20053482055664,27.410141393848082,27.07635493651617,27.17235266412043,16562000
2020-07-30,27.486764907836914,27.559863484807472,26.949536729837103,26.949536729837103,21259000
2020-07-31,27.89629364013672,28.041610580983136,27.42511721708019,27.715749418963743,24719000
2020-08-03,28.290847778320312,28.489884999943353,27.942969390848152,28.006378825067873,20796000
2020-08-04,28.921432495117188,28.93904697414273,28.21687013218724,28.22655591189936,25258000
2020-08-05,29.0227108001709,29.202376465818645,28.693330465719892,28.90910194887608,22299000
2020-08-06,28.989242553710938,29.14072436558136,28.658978674846697,28.866824796365812,14193000
2020-08-07,28.70477867126465,29.039447068022913,28.312865734905277,28.92143374901546,14192000
2020-08-10,28.830720901489258,28.998933641340173,28.54008702226213,28.55418062196803,11989000
2020-08-11,28.537443161010742,29.355617687489033,28.42559475367407,28.849212365397268,19316000
2020-08-12,29.383798599243164,29.58107873934859,28.65457667164344,28.697730967375023,18471000
2020-08-13,29.012144088745117,29.363543352690183,28.873872283150327,29.257859843479228,15095000
2020-08-14,28.871232986450195,29.050015076547883,28.710942235709787,28.888844105801734,10140000
2020-08-17,29.091411590576172,29.220874495227203,28.975158706454213,29.02007344817679,10594000
2020-08-18,28.943449020385742,29.343290652138382,28.89941450119151,29.22703777446402,8857000
2020-08-19,28.993650436401367,29.33536057382905,28.90822206213987,29.016546235150464,11273000
2020-08-20,28.96018409729004,29.062346738014007,28.716228755334363,28.859785256308914,8910000
2020-08-21,29.064985275268555,29.103738472502144,28.622872943829325,28.913506804798846,11508000
2020-08-24,29.41550636291504,29.60837868189551,29.163622350944063,29.240245162332304,11996000
2020-08-25,29.603967666625977,29.68763557876851,29.327427478214947,29.50356885974887,11140000
2020-08-26,29.914867401123047,30.07691860581173,29.37235618451419,29.480680368048493,14844000
2020-08-27,29.868188858032227,30.058420522392463,29.60397504011466,29.98708238840053,12552000
2020-08-28,30.368427276611328,30.368427276611328,29.741367940435236,29.855860375941727,14589000
2020-08-31,30.57362937927246,30.875709434360278,30.253934846857995,30.253934846857995,22229000
2020-09-01,31.664817810058594,31.887637742061248,30.597406758748804,30.82462779008236,29205000
2020-09-02,33.02726745605469,33.37514580476326,32.019741582497176,32.221422801183614,37053000
2020-09-03,31.00870132446289,32.48916427138271,30.83872478375055,32.23464292996227,41795000
2020-09-04,31.965137481689453,32.80885174275397,31.132872798148114,31.79075987847247,58514000
2020-09-08,30.8721866607666,31.947526414321196,30.82462791086402,31.05889406166277,26685000
2020-09-09,31.707971572875977,31.86826229553281,30.92150521439202,31.367141711359498,26273000
2020-09-10,31.448169708251953,32.39492691268972,31.211259512246425,31.892926043288895,22851000
2020-09-11,31.678909301757812,32.081388129015906,31.236793706212914,31.749363842166577,17362000
2020-09-14,31.899085998535156,32.2240651754415,31.648085602738046,32.09372208867061,16447000
2020-09-15,32.313899993896484,32.684674142238556,32.17650842074224,32.260176344396314,16618000
2020-09-16,32.32535171508789,32.76218274452953,32.26458293655054,32.42575391248886,18498000
2020-09-17,32.22671127319336,32.59660860077746,31.264983596863882,31.264983596863882,22862000
2020-09-18,31.681554794311523,32.3958062425684,31.269386767055995,32.33239681056542,35295000
2020-09-21,31.264739990234375,31.279846932898266,30.526201703926528,31.106544263442952,24198000
2020-09-22,32.13569641113281,32.1543597224832,31.367829130899715,31.67177836174578,19500000
2020-09-23,31.246973037719727,32.10193264370088,31.110108712377475,32.01039593861689,15542000
2020-09-24,31.329618453979492,31.778429621458816,31.024784327815986,31.123433756755606,13611000
2020-09-25,31.710002899169922,31.79176551807924,30.952801106014086,31.287855957952093,18183000
2020-09-28,32.643165588378906,32.74359150416943,31.908183630308024,32.143697353828934,22192000
2020-09-29,32.372989654541016,32.954223876117844,32.34899348193367,32.66005209070683,13722000
2020-09-30,32.378326416015625,32.97199952763063,32.146369036603666,32.25656904855627,22403000
2020-10-01,32.758705139160156,32.94622653589169,32.42276207574671,32.792475399372094,16016000
2020-10-02,31.712665557861328,32.43165242479383,31.652234385384272,31.99439517541215,17100000
2020-10-05,32.53651428222656,32.60316993242798,31.985500795039403,32.06903987629739,18923000
2020-10-06,32.34810256958008,33.06086816903649,32.17391166156985,32.53740380995702,16672000
2020-10-07,32.59339141845703,32.87067633785048,32.53295687379812,32.736476796967594,12747000
2020-10-08,33.179073333740234,33.26439230892053,32.73293028924267,32.87334757105215,17045000
2020-10-09,33.47856903076172,33.77185253536114,33.2386141145859,33.410136891071296,17253000
2020-10-12,33.987815856933594,34.22510604708378,33.75319040117388,33.93093767771097,18839000
2020-10-13,33.904273986816406,34.465064976113,33.648320480629316,34.16378725274887,16731000
2020-10-14,33.79853057861328,34.10425644546321,33.580791841909914,34.08648137039064,17298000
2020-10-15,33.76563262939453,33.81540146002556,33.32926372632836,33.33193185096778,14361000
2020-10-16,33.65188217163086,34.06336334128612,33.60744280199172,34.06336334128612,10295000
2020-10-19,33.39592742919922,34.09269461624206,33.34082572625399,33.88206528008373,14803000
2020-10-20,33.50434494018555,33.87316654106089,33.377254744007494,33.50612142970984,13297000
2020-10-21,33.06531524658203,33.49279495499345,32.91067249317791,33.395922020460866,11896000
2020-10-22,33.1826286315918,33.26616772399805,32.62627882106689,32.97910867476212,13547000
2020-10-23,33.12485122680664,33.233278102403084,32.95066034230457,33.17284356158693,8868000
2020-10-26,32.26456832885742,32.87956945827843,31.781986889926948,32.84757568938627,15509000
2020-10-27,31.958833694458008,32.454748840601894,31.9250634450631,32.454748840601894,9620000
2020-10-28,30.857702255249023,31.537582527555585,30.708395746859768,31.46115278356995,22331000
2020-10-29,31.55091094970703,31.94462038891391,30.69417168118337,30.862144882552045,15697000
2020-10-30,31.072771072387695,31.371384040094615,30.60974128934378,31.051439637410265,18530000
2020-11-02,31.21674346923828,31.584680195897818,30.959010111633688,31.55357467965223,11757000
2020-11-03,31.439817428588867,31.9268434002232,30.808817826120983,31.634451524384538,15457000
2020-11-04,32.4058723449707,32.792469028470286,31.740210842774754,32.03704733797338,21277000
2020-11-05,33.849185943603516,34.00737832437677,33.061766849319255,33.092872378424815,21783000
2020-11-06,33.82695770263672,34.09802155498348,33.52034371451553,33.77630062379432,13545000
2020-11-09,33.37548065185547,35.006304932796596,33.32837655410064,34.58060173409352,24088000
2020-11-10,32.27256774902344,33.16752203493186,32.026388278243736,32.91156847906859,26784000
2020-11-11,33.40925216674805,33.51767906405787,32.75425633908691,32.95955277979095,15133000
2020-11-12,32.900901794433594,33.64743778000535,32.73026383536076,33.52568041566175,12160000
2020-11-13,33.19417953491211,33.53456718310205,33.023544978617934,33.3274908544289,10997000
2020-11-16,33.843841552734375,33.893610382347724,33.238614613866886,33.31059973370205,12100000
2020-11-17,33.8251838684082,33.98870908141221,33.50790413659676,33.65276942563896,11950000
2020-11-18,33.82695770263672,34.21088967630735,33.73808575344821,33.76207853533602,13517000
2020-11-19,34.156673431396484,34.20200103738456,33.26972033109767,33.569221555345905,14555000
2020-11-20,34.06780242919922,34.55838139331406,34.01181249400536,34.15489788394522,16140000
2020-11-23,34.39398193359375,34.58505974284561,34.03848723118372,34.24911660492087,12212000
2020-11-24,34.8587760925293,34.91032141613918,34.32109300330558,34.53794340675594,13455000
2020-11-25,34.73434829711914,35.14938572307173,34.57171136883235,34.912983800920514,11787000
2020-11-27,35.10050582885742,35.47555190873236,34.92720318016999,34.94053363156948,6846000
2020-11-30,35.68973922729492,35.74128454586619,34.90409689998421,35.017856645094646,15454000
2020-12-01,35.95547866821289,36.143000066054796,35.55999267703829,35.856829231663795,18181000
2020-12-02,35.88082504272461,36.030131563499474,35.6479760313745,35.97058524808418,10031000
2020-12-03,35.53154754638672,36.13944267177986,35.380464552593835,35.9492531719866,16120000
2020-12-04,36.587364196777344,36.65135512364039,35.7617303742177,35.76262200938406,20083000
2020-12-07,37.405879974365234,37.57918262013944,36.73488567981173,37.0077259772924,19707000
2020-12-08,37.62985610961914,37.92224808908532,37.163273163662474,37.262810858799895,18121000
2020-12-09,36.990848541259766,37.86891587416391,36.76422066381421,37.279684070854984,20908000
2020-12-10,36.44161605834961,36.90464595497314,36.261200622524264,36.566038158747794,26244000
2020-12-11,36.06656265258789,36.171433171952636,35.39645654435147,35.90481395446964,26664000
2020-12-14,36.59803009033203,36.820213369952675,36.0825632542932,36.12966735718396,26116000
2020-12-15,37.154380798339844,37.27258180134574,36.70379308267933,36.90731307153482,21207000
2020-12-16,37.762271881103516,37.962235477642984,37.05661553044545,37.149043856586566,23160000
2020-12-17,37.86891174316406,38.21640529782541,37.73115922006117,37.90446187501228,17152000
2020-12-18,38.949867248535156,39.04756220416458,37.824106662462455,38.07507120042486,45243000
2020-12-21,38.440757751464844,38.720405364782785,37.97647002255196,38.375325769461575,19096000
2020-12-22,38.819000244140625,38.85933235856885,38.36188243247849,38.44075845382002,17929000
2020-12-23,38.13422393798828,39.07892750096725,38.10016251578119,38.989298297821634,10533000
2020-12-24,38.6720085144043,38.72040979167538,38.32334562598655,38.40580490854848,4123000
2020-12-28,38.70964431762695,39.19275432789535,38.644215762278634,38.93013403589342,10625000
2020-12-29,38.455101013183594,39.06369337884031,38.253433588572,39.06369337884031,9593000
2020-12-30,38.97405242919922,39.25817904865048,38.55009690411637,38.69081820373196,10553000
2020-12-31,39.2447509765625,39.30300962513855,38.81452458465714,39.10672047929065,10211000
2021-01-04,38.11271667480469,39.63822892643879,37.75598801425287,39.3774035965668,24171000
2021-01-05,38.370845794677734,38.48646725316386,37.85995185187214,38.09747230012487,15069000
2021-01-06,38.13422393798828,38.95165362220428,37.69324100994579,37.940622260651196,17226000
2021-01-07,39.741294860839844,39.848850576113634,38.59492059347721,38.72578112978626,21267000
2021-01-08,39.942962646484375,40.332856819489386,39.31644726520797,40.06486163235667,15271000
2021-01-11,39.953731536865234,40.22441424705796,39.47510383610194,39.49213455066066,11660000
2021-01-12,40.279083251953125,40.76040173606222,39.939385343042204,40.13388284232151,13846000
2021-01-13,40.44221115112305,40.64656944085858,40.164358550994756,40.36064768173857,13118000
2021-01-14,40.519287109375,41.09560957457904,40.45295932011259,40.648356015858155,19692000
2021-01-15,39.961795806884766,40.33376355806836,39.49661558366544,40.170636603302576,18165000
2021-01-19,41.16462326049805,41.18434482728628,40.17958433792133,40.17958433792133,18819000
2021-01-20,41.3985710144043,41.74902553406937,40.781912885521834,41.18704279616004,14710000
2021-01-21,41.84134292602539,42.07886339485556,41.26591618533554,41.41918232997453,15749000
2021-01-22,41.68001174926758,41.90677906103444,41.44338707037583,41.563494455864216,16248000
2021-01-25,41.65938949584961,42.12636464743535,40.878708741138944,42.086928348509545,14692000
2021-01-26,41.57693099975586,41.8601618611163,41.398564999724584,41.46758023369685,10742000
2021-01-27,39.85870361328125,40.95757221174978,39.57278196194911,40.83029837231149,21857000
2021-01-28,40.489715576171875,41.09382545747208,40.06755496806063,40.82941690360102,16946000
2021-01-29,40.37857437133789,41.05976867322175,40.121335736080994,40.32479821322902,22069000
2021-02-01,41.83417892456055,42.06542531345067,40.655537966273705,40.85810122774971,17027000
2021-02-02,42.74302291870117,42.75108865736043,41.94710307637125,42.10485511124228,16141000
2021-02-03,41.695247650146484,42.89002336649976,41.641468074821184,42.74751039815253,17857000
2021-02-04,42.182838439941406,42.23034390425511,41.00419757678068,41.23006564735526,15243000
2021-02-05,41.76874542236328,42.74661463083393,41.710483360914324,42.51446903669436,12488000
2021-02-08,42.36838150024414,42.43291426862533,41.730210067583144,42.01434024944585,17610000
2021-02-09,42.54135513305664,42.59154802938801,42.0026738916322,42.30562631529983,12758000
2021-02-10,42.130855560302734,42.79770661800198,41.72213896207548,42.772610164731994,14587000
2021-02-11,42.878379821777344,42.96442579243872,42.053776591930934,42.45711494244625,17123000
2021-02-12,43.58914566040039,43.65188679578021,42.56466668846637,42.87747997101481,13551000
2021-02-16,43.84099578857422,44.347410659182124,43.651876613064715,43.9978520095692,15163000
2021-02-17,43.244956970214844,43.57121081188071,42.57989764306887,43.40180977870805,14084000
2021-02-18,43.31487274169922,43.507578618610694,42.58617639839437,43.04329083571674,16715000
2021-02-19,43.91539001464844,44.379677734631706,43.62946829453532,43.672491266459446,17992000
2021-02-22,42.69643020629883,43.615141722361614,42.603214308605814,43.38120787413294,16967000
2021-02-23,42.296661376953125,42.54045935261895,40.87691358968208,42.22854195771731,21303000
2021-02-24,43.10154724121094,43.149049279792635,41.468476185163986,41.91842405612314,15125000
2021-02-25,40.97551727294922,42.9671089514099,40.800737908332245,42.55211822756202,23148000
2021-02-26,42.11470413208008,42.64262867614679,41.29637886247201,41.90496761541822,22640000
2021-03-01,43.88134002685547,43.91898470677135,42.472348551239214,42.99579081624211,24677000
2021-03-02,43.068389892578125,43.996066281923866,42.98682641833621,43.952147488101296,18546000
2021-03-03,41.50433349609375,43.147262086322144,41.406635130737804,42.843413810473926,23991000
2021-03-04,39.75922393798828,41.8574751391411,39.56562227040168,41.37974337289413,34575000
2021-03-05,40.3463134765625,40.87154741774253,38.8100445444115,40.71469457004676,42414000
2021-03-08,37.756874084472656,40.150907671067294,37.57850809065689,40.04962264730123,45243000
2021-03-09,39.76012420654297,40.055903330477925,38.594927398094846,39.05114601954473,37884000
2021-03-10,39.221439361572266,40.69496680674673,38.9982587541997,40.09623526711035,19914000
2021-03-11,40.664493560791016,41.00150401762331,39.624779067083615,40.245919639399595,26170000
2021-03-12,40.438629150390625,40.64657070022281,39.84258497497839,39.917874333666006,18906000
2021-03-15,42.19538116455078,42.23661251041713,40.619676337354534,40.79804233949481,31241000
2021-03-16,42.859554290771484,43.38120495735304,41.89423318119868,42.24020524610999,31190000
2021-03-17,43.344451904296875,43.674292456025476,42.127267133116824,42.15325939875906,23754000
2021-03-18,41.60202407836914,43.322929140942705,41.56617103478192,42.535078510049885,28728000
2021-03-19,42.85853576660156,43.05907111928242,41.019393366615404,41.28587216977832,108602000
2021-03-22,42.93260192871094,43.47458761532589,42.60650632282663,42.718517479122205,31805000
2021-03-23,41.91908645629883,42.940732586928064,41.791720538021956,42.797105650082166,24712000
2021-03-24,41.305747985839844,42.45476024553043,41.269614679631914,42.4059806267359,20882000
2021-03-25,41.705909729003906,41.915480134577926,40.58670769261965,41.097077687357604,17537000
2021-03-26,43.54323959350586,43.629958130550754,41.248830299273315,41.248830299273315,28925000
2021-03-29,42.692325592041016,43.46375399464289,42.29938369678035,43.395102101074556,28410000
2021-03-30,41.205474853515625,41.913671710602664,40.79536911858169,41.902831031001085,27935000
2021-03-31,41.882965087890625,42.190994120608416,40.86583627510812,41.46202205550736,28684000
2021-04-01,42.993125915527344,43.050034310417466,42.38338769820873,42.64264049856919,23528000
2021-04-05,44.124977111816406,44.22976230698253,43.07171515797123,43.38606729760834,22966000
2021-04-06,43.70853805541992,44.1014763846426,43.154805552136295,43.64078899821802,18063000
2021-04-07,43.581180572509766,43.712161199810424,43.178304272978494,43.35987014162438,12074000
2021-04-08,43.85398864746094,44.0798166339085,43.3698140785559,44.0798166339085,18121000
2021-04-09,43.81875228881836,43.838624570059096,43.04642109212528,43.35896758997457,16614000
2021-04-12,43.69049835205078,43.84857728576063,43.232519129324345,43.533322234267516,23247000
2021-04-13,43.80701446533203,44.101494351305874,43.38516864311549,43.81062917414429,15281000
2021-04-14,43.115074157714844,44.18911120232938,42.924476680705006,43.582088285963074,18220000
2021-04-15,43.35897445678711,43.56763861165291,43.0681092712166,43.507118942725356,18370000
2021-04-16,43.249671936035156,43.519762001259906,43.06810605110441,43.40233048937827,16263000
2021-04-19,41.733009338378906,43.069910500651,41.55686379832064,43.04552069407538,26319000
2021-04-20,41.30483627319336,41.735713624104754,41.059132600592264,41.55324494667788,19128000
2021-04-21,41.53337478637695,41.5830572127821,40.883891980599806,41.12056061774492,25947000
2021-04-22,41.110633850097656,41.655328118936836,40.55871016317036,41.109727588440286,27057000
2021-04-23,42.106075286865234,42.261445728047754,41.32651807981428,41.41594507286288,22890000
2021-04-26,42.622772216796875,42.801626204413814,41.87482733516575,42.186471035845386,18271000
2021-04-27,42.125953674316406,42.840473798314854,42.009428410937815,42.789888546765354,13267000
2021-04-28,41.480079650878906,42.09162355460704,41.19553765073043,42.03742360159057,15940000
2021-04-29,42.120540618896484,42.42766686524004,41.46473447470811,42.42766686524004,14650000
2021-04-30,41.209083557128906,41.61828645099546,40.99590191612961,41.526147571826286,19367000
2021-05-03,40.66168212890625,41.537895781422385,40.4936653698885,41.52976354837245,15098000
2021-05-04,40.155826568603516,40.44127484285412,39.502732440078965,40.39791556770388,23497000
2021-05-05,40.09168243408203,40.77910406743222,39.95979900931707,40.68606238394572,16388000
2021-05-06,40.52077102661133,40.56683875299255,39.73127584655988,40.088987313977675,13495000
2021-05-07,40.88208770751953,41.406010241248104,40.57676716806372,41.06365358466491,11712000
2021-05-10,39.39344024658203,40.516257186352284,39.363630093454155,40.50270805652928,25239000
2021-05-11,39.752044677734375,39.90470322304486,38.21460820753815,38.390753743161405,17887000
2021-05-12,38.15408706665039,38.92009517134623,37.86141627175238,38.77827729823509,29940000
2021-05-13,38.89661407470703,39.27780907380389,38.44856935961293,38.83247625182782,21841000
2021-05-14,39.892051696777344,40.20821287143247,39.02758515094235,39.41962073464731,16964000
2021-05-17,39.74029541015625,39.9390250915773,39.098944914847436,39.9390250915773,15725000
2021-05-18,39.18024826049805,40.14679165402716,39.13869462019712,40.09981767404688,17824000
2021-05-19,39.90110397338867,39.97156151967822,38.45399687444857,38.48109513551479,21369000
2021-05-20,41.10069274902344,41.48911715396885,40.227190968689285,40.26512990428703,21886000
2021-05-21,40.761051177978516,41.370786088713025,40.589419692653166,41.370786088713025,13216000
2021-05-24,41.47917938232422,41.77275644893383,41.22354469725901,41.27412994483614,14420000
2021-05-25,41.51079559326172,41.81973086801583,41.236191437502576,41.72397726622598,9600000
2021-05-26,41.59660720825195,41.7420397821354,41.14856599147556,41.6218998297969,9873000
2021-05-27,42.24609375,42.31474564965125,41.52073300210121,41.55234878181813,19098000
2021-05-28,42.66613006591797,42.87298856183774,42.246089918708506,42.45565686156057,19946000
2021-06-01,42.30299377441406,43.178301014265934,42.2027261149062,42.94705273734266,16277000
2021-06-02,42.792598724365234,43.1512129956829,42.40778556666397,42.62096724560756,13286000
2021-06-03,41.985939025878906,42.4339837379313,41.84682959203935,42.34726518425266,20389000
2021-06-04,42.90731430053711,43.21444047757541,42.41229908705511,42.50082326535975,23865000
2021-06-07,41.89380645751953,42.860353560231594,41.775475551417344,42.72666100068143,24142000
2021-06-08,41.871219635009766,42.67155201487106,41.86941400350766,42.27951633549235,16615000
2021-06-09,41.9073486328125,42.201828492885035,41.707716104776345,42.201828492885035,12126000
2021-06-10,42.33551788330078,42.414104196479926,41.571315435743514,42.04916680791769,15413000
2021-06-11,42.518882751464844,42.648057734450184,42.19820750160225,42.31473617553228,14508000
2021-06-14,42.98229217529297,42.988615331301496,42.0997553354433,42.4999232413127,14675000
2021-06-15,42.52250671386719,43.04913773118489,42.32467980354716,43.04823146960304,11131000
2021-06-16,42.07174301147461,42.55682026291941,41.686027152258404,42.48003959561795,20437000
2021-06-17,42.56135177612305,42.92899766286532,41.90825758992105,41.99316707043708,20881000
2021-06-18,41.868507385253906,42.43398361400557,41.59841730593918,42.20905844289026,28537000
2021-06-21,42.297298431396484,42.36739760883519,41.735595129078376,41.98412857636106,18591000
2021-06-22,42.2827262878418,42.65871619495353,41.99777673887514,42.47663895149796,13722000
2021-06-23,42.483917236328125,42.594981947471446,42.15435916032498,42.22901120468684,17674000
2021-06-24,42.79344940185547,43.120277844860624,42.6605336118317,42.77797097904733,12502000
2021-06-25,42.07789611816406,43.011036448613424,41.87761078138071,42.91089378022175,19100000
2021-06-28,43.04289627075195,43.36062244139244,42.37922714782014,42.42383570908846,13987000
2021-06-29,43.43892288208008,43.45348795363333,42.855368463057914,43.00375924569951,14184000
2021-06-30,43.41069030761719,43.570010070728365,43.01831555577845,43.52813115749797,15381000
2021-07-01,42.755218505859375,43.50173212486471,42.69058210490232,43.50173212486471,11153000
2021-07-02,42.62139129638672,43.56910009181146,41.487052366454094,43.404317560135524,37054000
2021-07-06,43.08658981323242,43.40249270801695,42.63322172030075,42.82440124580412,13870000
2021-07-07,42.7461051940918,43.27594855762019,42.45751614746442,43.24317542156533,12581000
2021-07-08,42.8335075378418,42.886311987547415,42.019624445460366,42.279996744850635,16011000
2021-07-09,43.71475601196289,43.77848252037575,42.60864094046213,42.74883925897043,16782000
2021-07-12,44.221839904785156,44.974726084545786,43.08477142376932,43.81853965036918,33142000
2021-07-13,44.06344223022461,44.38389461151997,43.88045507866692,44.18361274141913,11806000
2021-07-14,43.843116760253906,44.79082539679682,43.766644953910465,44.53591590281793,14020000
2021-07-15,43.456214904785156,44.10349576099051,43.07203254622585,43.996980442397316,12624000
2021-07-16,42.61228942871094,43.72386750215659,42.53855072366569,43.6127992939544,13980000
2021-07-19,42.393795013427734,42.42110538479572,41.65820349631585,42.19441957850451,14938000
2021-07-20,42.65962219238281,42.99281980162753,42.175297255097746,42.59589568390244,20727000
2021-07-21,43.60915756225586,43.63282840425772,42.65143307224616,42.754308857548565,13660000
2021-07-22,43.36426544189453,43.60642622244178,43.19857648678325,43.388846167618226,12583000
2021-07-23,43.98513412475586,44.02428338265557,43.40977234860632,43.70109450315034,13489000
2021-07-26,43.90229415893555,44.02792741526619,43.669235716899585,43.895011625252295,11160000
2021-07-27,43.27595138549805,43.86314864370153,42.587701592035515,43.767558876947625,14715000
2021-07-28,43.48443603515625,43.61462219890607,43.181278381079466,43.39794855357529,8359000
2021-07-29,44.07254409790039,44.22913075587853,43.46531889557882,43.559088913810925,9162000
2021-07-30,44.18997573852539,44.27554984826615,43.6592224739793,43.87680248791859,11548000
2021-08-02,44.12442398071289,45.02752407818274,44.01791215789086,44.52226144034847,15619000
2021-08-03,44.316524505615234,44.40483174716331,43.69473081114554,44.198173770806484,11135000
2021-08-04,44.408470153808594,44.60693570801028,44.06343708631635,44.47492979037956,12123000
2021-08-05,44.396636962890625,44.64790350762906,44.14355065270766,44.64790350762906,8372000
2021-08-06,44.192710876464844,44.43760476251913,44.06525784218669,44.15993773519828,9964000
2021-08-09,44.12442398071289,44.320156385214766,43.789403144853146,44.28920301459811,5952000
2021-08-10,43.90412521362305,44.28557446355832,43.5008248859133,44.235503128632644,9319000
2021-08-11,44.02156448364258,44.241877672166865,43.67926101511242,44.1362722283573,9816000
2021-08-12,44.08618927001953,44.15355878116535,43.400672630856754,43.905935282364865,8702000
2021-08-13,44.2591667175293,44.514982646836145,43.89045935961642,43.935981273240195,8582000
2021-08-16,44.439422607421875,44.50952177324546,44.098938960373296,44.13808822449661,9188000
2021-08-17,43.579124450683594,44.264644839494615,43.19949489683224,44.207287486260725,16499000
2021-08-18,42.694217681884766,43.43253881526488,42.63777370340496,43.39339302523077,15616000
2021-08-19,43.10935974121094,43.31874738027055,42.11977194266593,42.45570274249136,14044000
2021-08-20,43.258663177490234,43.35516632195438,42.82805245002922,43.04472611082748,10007000
2021-08-23,43.92141342163086,44.26189705952326,43.306905779251615,43.36425964065584,15707000
2021-08-24,43.82856750488281,43.97513851991519,43.71294639829656,43.916874761611716,9429000
2021-08-25,44.008811950683594,44.26918077696392,43.841303247993224,43.841303247993224,10017000
2021-08-26,44.2209358215332,44.43669610304835,43.75299911261107,43.97148904229244,10836000
2021-08-27,45.149532318115234,45.19505076972184,44.30287592145853,44.42759585375027,16459000
2021-08-30,45.4180908203125,46.233793786229555,45.35982706692593,45.519143374168515,19614000
2021-08-31,45.26514434814453,45.63658139622331,44.85456150598465,45.63658139622331,17378000
2021-09-01,44.89644241333008,45.44995326986741,44.8718616873896,45.179568757357124,12586000
2021-09-02,44.78171920776367,45.15315617284553,44.62331282855485,45.13585798647675,16991000
2021-09-03,45.30792236328125,46.06535787557602,45.06758141398724,45.14678286602318,25191000
2021-09-07,45.20869827270508,45.300645043123055,44.699792554685715,45.300645043123055,12398000
2021-09-08,45.00750732421875,45.50912708254339,44.43669827445262,45.48454982934199,13987000
2021-09-09,44.92647171020508,45.40078097910755,44.86820797176906,44.86820797176906,13174000
2021-09-10,45.35071563720703,46.064456077469316,45.2014150048273,45.250576451454904,16110000
2021-09-13,45.42446517944336,45.74401116154986,44.90554720330611,45.7012223594726,14927000
2021-09-14,45.689388275146484,46.01257379797051,45.36984228368275,45.70122369773795,14134000
2021-09-15,46.40584945678711,46.49324681209514,45.46633656931226,45.71214032880312,23346000
2021-09-16,46.18826675415039,46.352135917672015,45.5382528685592,45.992534335101475,17569000
2021-09-17,46.06536865234375,46.21285300084604,45.61017724877183,45.88056174819123,34470000
2021-09-20,45.04755401611328,45.79224776510318,44.46673289895223,45.42809677954196,30105000
2021-09-21,45.02647399902344,45.27958202652037,44.66057071872652,45.25573770548683,16935000
2021-09-22,45.906837463378906,46.12784867180438,45.13926456049547,45.32542584476603,20610000
2021-09-23,46.247074127197266,46.521273318173115,45.90684477929985,46.082920533375415,18370000
2021-09-24,46.30392837524414,46.35711631866565,45.92885262347986,46.06090942933481,10605000
2021-09-27,46.29750442504883,46.38645883777512,45.61246309230976,45.832557746890345,9831000
2021-09-28,45.02922439575195,45.9857118489307,44.98520545895474,45.577622756254655,20124000
2021-09-29,44.888004302978516,45.32727017939581,44.72018099181652,45.26857942227483,15783000
2021-09-30,44.47073745727539,45.35019265511875,44.42947167136885,45.35019265511875,15735000
2021-10-01,44.692665100097656,44.81279975160665,43.789365585364834,44.73851713927323,16052000
2021-10-04,43.647220611572266,44.62021292892518,43.35651303331133,44.47073466043526,20093000
2021-10-05,44.51566696166992,44.916420098380875,43.59035984888366,43.64630093855207,16557000
2021-10-06,44.82380294799805,44.8760778421766,43.99111982133382,44.30566824601858,12042000
2021-10-07,45.29515838623047,45.84356013322012,45.176860360062285,45.176860360062285,13261000
2021-10-08,45.197044372558594,45.66932702119095,45.05306540178912,45.561114529930364,10279000
2021-10-11,45.1502799987793,45.815143372347045,45.01363692169828,45.049403404547135,11186000
2021-10-12,44.50284194946289,45.5501171221357,44.20388184356832,45.47125174075648,20991000
2021-10-13,44.47806930541992,44.51199918173294,43.97735962435156,44.12592133766065,16424000
2021-10-14,45.632652282714844,45.77479817727353,45.01089124420918,45.10626504194388,19233000
2021-10-15,46.15077590942383,46.39012512980788,45.95177591817072,46.2562352350161,25103000
2021-10-18,46.16086959838867,46.217727248516795,45.729856216284716,45.888507006351816,16042000
2021-10-19,46.80555725097656,46.84957618543611,46.015053030926566,46.248902964314254,16383000
2021-10-20,46.71385192871094,47.0843414381519,46.62673410485196,46.861497102222884,13458000
2021-10-21,47.15037536621094,47.20906612025144,46.64140965092498,46.716608819361205,11787000
2021-10-22,47.26591873168945,47.81340052389547,47.0467406056378,47.20447483265874,15367000
2021-10-25,47.876678466796875,48.09952280118299,47.244828493581124,47.4566672193272,12416000
2021-10-26,48.958805084228516,49.061514773051556,48.05367245318906,48.166467701714986,24043000
2021-10-27,47.97205352783203,49.16055434413236,47.85742167991237,48.77080676086279,23500000
2021-10-28,48.5644645690918,48.599310995173006,48.00139096174785,48.06650455763677,11872000
2021-10-29,48.757049560546875,48.8010684962473,48.00781460093233,48.00781460093233,15564000
2021-11-01,48.42507553100586,48.84050051409654,48.138954201989655,48.63508114914732,16896000
2021-11-02,49.25225830078125,49.5961538192596,48.299437107575386,48.37005001285376,16262000
2021-11-03,49.7382926940918,49.86851638568077,48.94962513394181,49.43382987807108,14038000
2021-11-04,50.31146240234375,50.352731689431636,49.60532975268906,49.86944339484902,15956000
2021-11-05,51.25602722167969,51.32480703389637,50.42059091147658,50.438015876872605,18674000
2021-11-08,51.2587776184082,51.711802206352054,51.18082880128556,51.53572645626603,17231000
2021-11-09,51.15331268310547,51.52930498955352,50.90937718381145,51.280783237003014,15838000
2021-11-10,50.32521438598633,51.43760298667984,50.259187728892066,50.83234696902788,18450000
2021-11-11,50.9332275390625,51.09096178588844,50.32888802516951,50.68470575705888,14157000
2021-11-12,51.650352478027344,51.890621756086,50.858935239519276,51.20925009982498,13592000
2021-11-15,51.88420486450195,52.06028060308519,51.33947623297505,52.06028060308519,13972000
2021-11-16,52.15932083129883,52.229017186630195,51.60633624181451,51.73014058931124,13194000
2021-11-17,52.239105224609375,52.396839446574766,51.731056130870535,52.101545618582996,12532000
2021-11-18,52.71322250366211,52.889298244862516,52.23910677105843,52.372996678929425,12712000
2021-11-19,52.15474319458008,52.933321840605785,51.89888201740685,52.84803361545254,19612000
2021-11-22,50.738807678222656,52.45920199674586,50.665445112586355,52.4261886672952,25898000
2021-11-23,50.90754699707031,50.97540675737833,50.303207520191734,50.65994178133462,17109000
2021-11-24,51.23859405517578,51.27069082710998,50.19865164793614,50.73421471123015,12084000
2021-11-26,50.125301361083984,51.107466320859864,49.82542473327568,50.60033370193499,14219000
2021-11-29,51.75307083129883,52.047448148050044,50.77549214017303,51.00658895112248,18703000
2021-11-30,50.775489807128906,51.81267925378537,50.621425273574935,51.654945017785934,22574000
2021-12-01,50.87452697753906,52.13272401035083,50.74338673111531,51.67419667075964,21980000
2021-12-02,50.66269302368164,51.273451875330935,49.8877840723924,50.07761159528656,22619000
2021-12-03,51.18265914916992,52.18041584882336,50.474693481081985,51.80808975113211,20305000
2021-12-06,51.81175231933594,52.122634475546796,50.98365211915353,51.78148864965676,22482000
2021-12-07,54.142913818359375,54.387765871813635,52.45553292163697,52.45553292163697,29562000
2021-12-08,53.97416687011719,54.19242842079226,53.412013328353446,54.19242842079226,17998000
2021-12-09,53.5028076171875,54.128238232086346,53.41385319405963,53.41385319405963,29080000
2021-12-10,57.92851257324219,59.12710237895576,56.728089665573115,57.22238001061313,57087000
2021-12-13,57.00962829589844,58.17979110113772,56.97019561167902,58.14127496795321,26898000
2021-12-14,56.39061737060547,56.73084321588949,55.540505785486154,56.65931375356342,35956000
2021-12-15,58.67866516113281,58.77036923661774,55.971519852902965,56.451138394638654,29092000
2021-12-16,56.91975784301758,58.75203433413104,56.07790221140969,58.44940457207552,42748000
2021-12-17,58.22930908203125,58.6905896254134,56.40803822502088,56.630882565520864,50661000
2021-12-20,59.152774810791016,59.24998517881248,57.32416830725199,57.43513393535192,32770000
2021-12-21,59.642860412597656,59.940962159000776,58.448601557198145,59.81452099639305,36534000
2021-12-22,60.469783782958984,60.65068256051706,58.99864952399506,59.37335735542015,28383000
2021-12-23,61.35580062866211,61.90308796519479,60.55562394260776,60.55562394260776,23596000
2021-12-27,62.23072052001953,62.41714673763741,61.32440998412855,61.355793185968814,19442000
2021-12-28,61.74341583251953,62.55189411531439,61.56160169252488,62.53250933829548,17247000
2021-12-29,62.076602935791016,62.48176105257294,61.75450434534833,61.81726371786966,14797000
2021-12-30,61.38163375854492,62.36177260781987,61.267191045881916,62.121811172709876,11473000
2021-12-31,61.41209030151367,61.956610344505094,61.214588068468274,61.55606435260566,12046000
2022-01-03,61.21921157836914,61.992617201630914,61.025398965427534,61.49609076333154,22591000
2022-01-04,61.920623779296875,62.03783374256682,60.65714177826167,61.17859444195979,21103000
2022-01-05,59.343833923339844,61.94739374983231,59.25245858766155,61.94739374983231,34961000
2022-01-06,58.792850494384766,59.86528381245075,58.55289252287545,59.08172458685231,28581000
2022-01-07,57.14265823364258,59.05864254997779,57.078976455225984,58.683934712811926,27832000
2022-01-10,57.32816696166992,57.409381650985246,55.70474630016611,56.19297445348686,29793000
2022-01-11,57.410308837890625,57.959444499510155,56.71996283966653,56.809486299218776,19037000
2022-01-12,57.40570068359375,58.23540525633021,57.19711888210363,57.91422906555061,18806000
2022-01-13,55.11592102050781,57.948362283823414,54.835352246922426,57.91052570537486,30048000
2022-01-14,55.040245056152344,55.4103337875084,54.636928293264994,54.98579093836313,25661000
2022-01-18,53.32545471191406,54.54832580692088,53.159328641312,54.2972918728697,35825000
2022-01-19,52.049991607666016,53.96597641048333,51.99092540533481,53.67525747041663,22692000
2022-01-20,50.55022430419922,52.6194135528451,50.46254568972638,52.42190782712587,25225000
2022-01-21,49.212921142578125,51.259036248751265,49.03848630295128,50.45055791140354,38010000
2022-01-24,49.983558654785156,50.16168314815023,47.382766426702055,48.99695583578128,54256000
2022-01-25,49.29690933227539,50.336117991171236,48.38137105952817,48.73023371684212,38158000
2022-01-26,51.417781829833984,52.99136046984115,50.76712076637793,50.94524527043879,49715000
2022-01-27,50.050926208496094,52.63049215110686,49.93279384523022,52.58065363008428,34183000
2022-01-28,51.69279861450195,51.72971629585735,49.135384857660284,50.14782920848369,30254000
2022-01-31,54.072105407714844,54.11732834683798,51.31441445271732,51.62820778406072,40288000
2022-02-01,54.70337677001953,54.812281483848494,53.14364143769966,54.071178093756636,25719000
2022-02-02,55.69182586669922,55.8182670134523,54.78736362239303,55.28297461283476,24443000
2022-02-03,53.607872009277344,55.28482091104847,53.540500570601566,54.9756431831205,30602000
2022-02-04,54.467105865478516,55.05500751304904,53.173170200662284,53.19532222039157,20548000
2022-02-07,54.23361587524414,55.5210912992949,53.91336212419926,54.46711340478109,18671000
2022-02-08,55.39556884765625,55.54600684362651,54.17454605312267,54.30283202778132,14570000
2022-02-09,56.4218635559082,56.45693642039272,55.51924603152079,56.05361960281061,22004000
2022-02-10,54.57786560058594,56.726425182002345,54.3203677033809,54.94149393587798,24920000
2022-02-11,52.92213821411133,55.353114749297845,52.521592222858516,54.57786092298282,27281000
2022-02-14,53.39836120605469,53.78875355196847,52.612953882423426,53.06795393300564,19291000
2022-02-15,55.630924224853516,55.93271916185527,54.2908428882407,54.362829928486086,34284000
2022-02-16,55.11777114868164,55.45002330507007,54.195772470903115,54.82704875150948,22931000
2022-02-17,53.437129974365234,54.598164115150894,53.42697637826233,54.424655211981964,21424000
2022-02-18,53.528499603271484,54.24376131955311,52.909218242024885,53.61617823146428,19708000
2022-02-22,53.29499816894531,54.471723931602334,52.58896411961688,53.52849919743643,20204000
2022-02-23,52.16257858276367,53.9973447720276,52.121045302516166,53.550649889324944,22416000
2022-02-24,53.5294189453125,54.05456122890885,50.67021003113417,50.90647829011692,35316000
2022-02-25,54.26868438720703,54.395125540181134,52.975674497895675,53.51373768798957,22380000
2022-02-28,54.216068267822266,54.66460790965717,53.195318617920094,53.62170624152589,25005000
2022-03-01,52.617576599121094,54.232688459301855,52.17272656254081,53.971500925359265,24898000
2022-03-02,54.062862396240234,54.501251958298774,52.93690123537521,53.023653917284676,21771000
2022-03-03,53.40021896362305,54.79382836828922,53.00612982511222,54.79198353991783,26454000
2022-03-04,55.00517272949219,55.9207109790535,53.89951507453661,54.70983826455815,44757000
2022-03-07,52.671112060546875,55.262673524214776,52.606507858864624,55.10577861174786,26494000
2022-03-08,53.155643463134766,55.010713380253065,52.01675772155713,52.806777277214294,26993000
2022-03-09,55.100242614746094,55.5266338820601,54.175476562093266,54.34068024984618,22560000
2022-03-10,54.24283981323242,54.45418882612704,53.19440351706959,54.04256681097509,19323000
2022-03-11,53.330997467041016,54.861201576885506,53.26362602699135,54.636931713664175,19813000
2022-03-14,52.403465270996094,53.52758544735274,52.121974019788986,53.248861438853304,25234000
2022-03-15,54.70707321166992,55.07623954727962,53.07165757846393,53.27746859391423,28260000
2022-03-16,56.03239440917969,56.086845014558804,53.90413479423707,55.06609508127467,29454000
2022-03-17,55.62168502807617,56.021312150592344,55.156534815962274,55.81088554577978,18174000
2022-03-18,56.336029052734375,56.59444584260616,55.00517554356524,55.74166691536455,41538000
2022-03-21,55.86958694458008,56.27005556513501,54.71463847696766,56.27005556513501,25789000
2022-03-22,56.80339813232422,57.00409678917103,55.687474185723595,55.90954601073152,19262000
2022-03-23,55.692115783691406,56.806182322663986,55.67167481366409,56.49305303271723,13839000
2022-03-24,58.20550537109375,58.27890784741821,55.93556152625527,56.36576121510807,26016000
2022-03-25,58.432212829589844,58.5753031566316,57.61454926074461,58.26589203429365,14538000
2022-03-28,58.8048095703125,58.843837753021525,57.21594322300122,58.15439893303102,14427000
2022-03-29,59.602970123291016,59.959763811646475,58.53721813927798,59.466380331964935,23001000
2022-03-30,58.63848876953125,59.86498238943347,58.28912434985873,59.36137672951107,18626000
2022-03-31,58.50747299194336,59.37345480633446,58.35602125488191,58.58180765527863,21731000
2022-04-01,58.25659942626953,58.96183231840699,57.48632193475823,58.69423179726231,16267000
2022-04-04,58.987857818603516,59.161611390431936,58.02803246858461,58.20457199556403,16484000
2022-04-05,57.061702728271484,58.74720558624301,56.95763702492985,58.49540273777256,19778000
2022-04-06,55.93556213378906,56.82662829528839,55.170859954706366,55.94299489222859,23742000
2022-04-07,56.033119201660156,56.4596042537034,55.12161214206608,55.73393031795474,16583000
2022-04-08,54.54182052612305,55.618719858430765,54.44611622637273,55.506289193341324,20464000
2022-04-11,53.948081970214844,54.75366605738742,53.83844081300934,54.1311256013016,23512000
2022-04-12,54.36248779296875,55.61871607737708,54.09302992914856,54.73786866331867,17350000
2022-04-13,55.05657196044922,55.44403238168082,54.45354383610125,54.68118755560286,20266000
2022-04-14,53.31996536254883,55.4765533396207,53.22797922235524,55.284216105054384,27385000
2022-04-18,54.4953498840332,54.933914438650966,53.22704226041757,53.22704226041757,21375000
2022-04-19,55.52858352661133,55.6289310716985,53.83193342083613,53.83193342083613,16581000
2022-04-20,55.537872314453125,56.997585071008245,55.297220397618155,56.139968204589934,13920000
2022-04-21,55.074222564697266,57.2243063850781,54.881888879108814,56.26448108258977,20352000
2022-04-22,54.53717041015625,55.63265334480954,54.47305799695912,54.83078739845918,21064000
2022-04-25,54.62357711791992,54.70534454119938,53.06630273584441,54.02984262255635,26959000
2022-04-26,52.039581298828125,54.398725213331225,52.00613211567293,54.24448396566975,35809000
2022-04-27,51.99033737182617,52.96967506743206,51.5684990903671,51.64190156716153,19313000
2022-04-28,53.792903900146484,54.357832420026774,51.84445114022532,52.584994050887495,22334000
2022-04-29,51.51181411743164,53.731582197872214,51.4198279818788,53.205678264056644,26108000
2022-05-02,53.55226516723633,53.67212860134561,51.696730151722164,51.76734668180346,26725000
2022-05-03,54.00011444091797,54.51858564637396,53.126699796248694,53.52066787362593,17064000
2022-05-04,56.08980178833008,56.12789777565745,53.33204645113801,54.05772396932467,23896000
2022-05-05,53.89046859741211,55.551808618925975,53.36084652869491,55.213595117587516,32806000
2022-05-06,53.900691986083984,54.818706723382704,52.909278319909156,53.421245418894735,20745000
2022-05-09,52.30439376831055,53.70556970328017,52.0581663741938,53.2298377348406,30074000
2022-05-10,54.02056121826172,54.92742514390966,53.12949500660037,53.93693647828285,29271000
2022-05-11,52.693721771240234,54.32719209840083,52.57757648387906,53.387807539722914,26660000
2022-05-12,53.108131408691406,53.29767918673343,51.87141518624524,52.34900455567393,25518000
2022-05-13,54.65703582763672,54.96830429890327,53.2874481740137,53.617303858190155,19449000
2022-05-16,54.13948440551758,54.74065521004123,53.67304607010831,54.29837245121343,14189000
2022-05-17,56.50699234008789,56.585973813092,55.1559919673452,55.32695603721371,24676000
2022-05-18,53.01520538330078,55.816628768609284,52.6073039548391,55.74973039649933,35024000
2022-05-19,50.75176239013672,52.10276631735232,50.07812127442346,51.84724531789023,34884000
2022-05-20,50.471153259277344,51.56756475398163,47.61397926709855,51.46628501373762,40281000
2022-05-23,48.907379150390625,49.76313525689162,47.783090283861526,48.68809683189036,58586000
2022-05-24,48.7066764831543,49.140597857337596,47.96241884656213,48.935252405605596,25060000
2022-05-25,49.39704895019531,49.93782203753378,48.67880766697075,48.67880766697075,17842000
2022-05-26,51.16524124145508,51.528542539957215,49.03374106032034,49.388680949203106,39743000
2022-05-27,54.196163177490234,54.398722659232604,52.034003401151935,52.22726927749905,37301000
2022-05-31,53.903480529785156,54.544601092888925,53.51973471692135,54.30952461642583,30009000
2022-06-01,53.2985954284668,54.90790626895633,52.81635936733234,54.59570562287882,18345000
2022-06-02,53.5884895324707,53.68419381491164,52.78848098565343,53.682336511700676,29488000
2022-06-03,52.341556549072266,52.9250687770992,52.12413155489378,52.85724176316747,20562000
2022-06-06,52.14736557006836,53.21497120691346,51.804505237144504,53.10347274734222,14557000
2022-06-07,53.24005889892578,53.384077890004036,51.803572961506006,52.083253078409456,15895000
2022-06-08,52.531105041503906,53.544820470102046,52.23191616557088,53.1313436411352,24004000
2022-06-09,51.681861877441406,53.30045943846724,51.65491325275734,52.1408675262593,18787000
2022-06-10,50.292762756347656,51.20055535649179,50.148743745633496,51.11228381084242,24018000
2022-06-13,48.09529113769531,49.52434082066043,47.94662533867253,48.94640398905418,31619000
2022-06-14,48.33222579956055,48.778226749136074,47.81375456932841,48.778226749136074,24380000
2022-06-15,48.93989562988281,49.6014571374827,47.90016023432464,49.166610687856796,19141000
2022-06-16,46.19607925415039,47.7988859809821,45.740791816403885,47.56845276258758,37244000
2022-06-17,46.33266830444336,46.491552807089164,45.33102886814113,45.99352258841564,43504000
2022-06-21,47.19646072387695,47.86538318490375,47.11401898166814,47.22550546286304,21901000
2022-06-22,46.47787857055664,47.19645250716349,46.29987191280332,46.497552652048206,24721000
2022-06-23,46.522857666015625,47.00721542203216,46.00102444050504,47.00721542203216,16707000
2022-06-24,47.69486618041992,47.94875653905146,46.97910129470595,47.311687979361416,21201000
2022-06-27,47.378211975097656,48.158620903481896,47.10746011809858,48.136137767057434,13207000
2022-06-28,46.69805908203125,48.16893753949271,46.66620528533436,48.02466089047962,15667000
2022-06-29,45.94480895996094,46.46195683269867,45.59442084265202,46.41979961199962,14444000
2022-06-30,45.51385498046875,46.25678848764074,45.03605166938615,45.7218391943584,18890000
2022-07-01,44.767173767089844,45.36957606483606,43.9792703880273,44.914263026385406,21315000
2022-07-05,44.62289047241211,44.68191272268875,43.46211240259058,44.220038150542074,20711000
2022-07-06,45.21405792236328,45.63002634605967,44.547944489733446,45.01918976758916,22975000
2022-07-07,46.70648193359375,46.973488396461036,45.72933212899576,45.72933212899576,21319000
2022-07-08,46.72052764892578,46.80859463123813,45.906392320149706,46.18651479968157,12713000
2022-07-11,45.23747253417969,46.05816593736702,45.06134213333453,45.85861605076129,21449000
2022-07-12,45.09788513183594,46.14998230080441,44.9760916442795,45.70216366866228,21159000
2022-07-13,45.13160705566406,45.497920258041255,44.24720608868841,44.499223767980034,17665000
2022-07-14,45.40424346923828,45.59536265892717,44.35401534202963,45.19906829710747,19957000
2022-07-15,46.324241638183594,46.35047375268163,45.54383265800962,45.98416050039019,18714000
2022-07-18,46.005699157714844,47.06904310537206,45.736820031625086,46.858246302100284,18042000
2022-07-19,47.68643569946289,47.90659599906231,46.458204763897534,46.543459117532,27257000
2022-07-20,47.945945739746094,48.49307821471486,47.26203461335626,47.73702521286554,27412000
2022-07-21,48.499637603759766,48.511813734572755,47.40725247188492,48.01902531384767,13912000
2022-07-22,48.0162239074707,48.69732616059698,47.46909486316042,48.60551375270936,17867000
2022-07-25,48.07148742675781,48.09116150870272,47.455029285294046,47.82321873928308,15061000
2022-07-26,47.88225173950195,48.41813739870149,47.67894927321926,48.21390215557213,17958000
2022-07-27,49.44680404663086,49.671653250234016,48.42936988823659,48.54835073042615,25699000
2022-07-28,49.992061614990234,50.26468971830467,48.771325002312246,49.521756336245446,14867000
2022-07-29,50.167266845703125,50.38743077814696,49.679160076639725,49.83936539771725,18482000
2022-08-01,50.250633239746094,50.571040210609176,49.69507007471416,49.787822376531274,11485000
2022-08-02,49.767215728759766,50.515770837786164,49.39434448704897,49.955525837708834,13072000
2022-08-03,51.22216033935547,51.340204822854076,50.0398356557978,50.14944941157696,19228000
2022-08-04,51.789913177490234,51.82270332037601,51.060095730220056,51.37863007847795,16293000
2022-08-05,51.662498474121094,51.71496269958171,50.89801465475588,51.04978922743038,14357000
2022-08-08,51.10881042480469,51.80771037404259,50.47267813038433,51.46669291559639,13722000
2022-08-09,49.91618347167969,50.529832690998774,49.44306905479083,50.50547327759276,20072000
2022-08-10,51.56599807739258,51.623147626835085,50.51951910046749,51.15846042674046,19519000
2022-08-11,51.09943389892578,52.25552655126244,50.98888378542866,51.897644101597415,14268000
2022-08-12,52.29862594604492,52.31548740332261,51.1200465356761,51.32240904000724,18399000
2022-08-15,52.36701965332031,52.44477964020726,51.57443102698222,51.923882792668635,14329000
2022-08-16,51.68217086791992,52.271457034455885,51.1537796542708,52.23210886664767,14782000
2022-08-17,50.458621978759766,51.03198300195169,49.75128777891733,51.000129214679134,19022000
2022-08-18,52.31924819946289,52.51692542194042,50.743437802526415,50.91020115505835,23459000
2022-08-19,51.380496978759766,52.05035574253155,51.32803275606595,51.60815525190818,16923000
2022-08-22,49.5367431640625,50.88020597199247,49.377477809293616,50.8314907298496,18555000
2022-08-23,49.63325119018555,50.3677539678161,49.55174222103193,50.0145531999605,9003000
2022-08-24,49.73255920410156,49.775656353372206,49.03928085611134,49.612641984877165,11883000
2022-08-25,51.53976821899414,51.572558359639245,49.86559119715842,49.9770776753518,17345000
2022-08-26,48.79756164550781,51.62033707844132,48.71699260701894,51.41891090836185,25682000
2022-08-29,48.17173767089844,48.97369339692554,47.96750244339662,48.71699394313491,16580000
2022-08-30,47.44191360473633,48.52118264259059,46.97348103634124,48.42093595723077,18282000
2022-08-31,46.75988006591797,47.79511572127453,46.51910572921978,47.79511572127453,32445000
2022-09-01,46.09471130371094,46.21462852205029,45.04823218682361,46.04411977534437,31930000
2022-09-02,46.86386489868164,48.699183265613314,46.68398911738702,48.52961091316916,40426000
2022-09-06,46.67462921142578,47.218012803803404,45.941062791259,46.70554665280893,24738000
2022-09-07,47.323875427246094,47.72672777573285,46.75707237271412,47.11589122476091,20440000
2022-09-08,47.960941314697266,48.03682502346961,46.721466901034596,47.086843760171305,22535000
2022-09-09,48.94184112548828,49.2763005540394,48.28978015292389,48.28978015292389,23019000
2022-09-12,49.56578826904297,49.77189975524725,49.14420179105363,49.34937335284273,18157000
2022-09-13,47.185218811035156,48.55491388825462,47.000654102322805,48.13988184862164,35136000
2022-09-14,47.85039138793945,48.061184630965606,47.10277263472855,47.511246638859895,20605000
2022-09-15,46.85637283325195,47.92627121698583,46.5884300620684,47.679878802733924,36574000
2022-09-16,47.077476501464844,47.188962974697375,45.89327894077887,46.62965433354042,59012000
2022-09-19,47.01564025878906,47.160856791412414,46.320489328250616,46.320489328250616,17948000
2022-09-20,46.19308090209961,46.73365187329533,45.88016823059341,46.46851810335346,17132000
2022-09-21,45.54877471923828,47.22470797396515,45.513817623720556,46.38485114076676,20669000
2022-09-22,45.120819091796875,45.6498605208627,44.685300510998665,45.5761731223606,23540000
2022-09-23,44.277183532714844,45.15671854663174,43.64611060126872,44.86952255747734,29649000
2022-09-26,43.67068099975586,44.71365322334537,43.580931338357644,44.30553083720805,19361000
2022-09-27,43.905906677246094,44.39149320964517,43.12745894367086,44.3593759249326,17850000
2022-09-28,44.02022171020508,44.283798243074706,43.11234258120169,43.583758893716066,27605000
2022-09-29,42.52472686767578,43.586593791460196,42.02874690075654,43.54219106833803,39997000
2022-09-30,41.946563720703125,43.251224088398374,41.91160661720183,42.42364529551849,27202000
2022-10-03,43.1529655456543,43.54691401489475,42.22619162700021,42.44064441034993,21479000
2022-10-04,45.33338165283203,45.361722129413835,44.01077082037069,44.260177104999435,27277000
2022-10-05,45.80006408691406,46.11087587599497,44.53980688195616,44.64278254502298,18493000
2022-10-06,45.29936981201172,46.26298560365879,45.22568241474929,45.704655902691634,17250000
2022-10-07,43.50251007080078,44.717420533982974,43.36458090034254,44.62672668966055,28425000
2022-10-10,41.350440979003906,43.46661412248551,40.79683222123024,43.45716849762547,33454000
2022-10-11,40.69479751586914,41.44490469637058,40.2054306214054,41.11425382431685,28046000
2022-10-12,40.676849365234375,41.16338007991394,40.435000310899454,40.835561793566036,15046000
2022-10-13,41.375946044921875,41.92388234526293,39.212534112391324,39.43454412170587,27980000
2022-10-14,40.34903335571289,41.94183375240133,40.283847375566275,41.877591974311244,22816000
2022-10-17,41.130313873291016,41.68486675920751,40.943260974645916,41.52521013320999,24120000
2022-10-18,41.07929992675781,42.37545493620772,40.638112562637495,42.34333405126543,20341000
2022-10-19,41.12369918823242,41.4071183382901,40.70613489013297,40.92814487589353,12702000
2022-10-20,40.65134048461914,41.774616496338496,40.447281138436765,41.1076423085463,23402000
2022-10-21,42.4869384765625,42.5747997234738,40.544592269618676,40.82045063738211,26980000
2022-10-24,43.12840270996094,43.342855497447545,42.61730831230435,42.77035192946189,25287000
2022-10-25,43.46377182006836,43.85960864262815,43.15768102704485,43.26726971162779,18246000
2022-10-26,43.56864547729492,44.568159081129764,43.01692872924451,43.26727923125354,29291000
2022-10-27,43.02259826660156,44.4746333648805,42.976307136121456,44.02872490582524,18512000
2022-10-28,44.67584991455078,44.81188706469808,43.04620428406822,43.16996320568547,23094000
2022-10-31,44.41322326660156,44.66735055537262,43.930469351254466,44.10429982623705,19259000
2022-11-01,44.20349884033203,45.047132605394026,43.75664618684626,44.949829335525195,16324000
2022-11-02,43.08211135864258,45.38911765129039,43.05282307667907,44.4283380313235,21070000
2022-11-03,41.956939697265625,42.7826262093831,41.69619943330004,42.60124214799277,23887000
2022-11-04,43.957862854003906,44.29701875675743,42.82230863564318,43.16052033643601,28891000
2022-11-07,44.895023345947266,45.133091960748914,43.605481411947665,44.096733079493404,17687000
2022-11-08,45.545936584472656,46.177957240895736,44.73253185587036,45.46469197333423,20743000
2022-11-09,44.35181427001953,45.25213612658468,44.310247758020594,45.204897194793276,23695000
2022-11-10,47.85674285888672,47.91342382398579,46.02587344738457,46.385809108004786,33970000
2022-11-11,48.94504165649414,49.03101448449762,47.42498828833693,47.68950897811959,26728000
2022-11-14,48.48496627807617,49.599737264582785,48.46418302304374,48.689973430109326,21608000
2022-11-15,49.543052673339844,50.31299887786827,48.73909357708657,50.06642523389557,23315000
2022-11-16,48.34421157836914,48.98756639567736,48.20722659091282,48.81562791072455,25405000
2022-11-17,48.38010025024414,48.4396174070065,47.53268621496881,47.708405079429966,20375000
2022-11-18,48.66823959350586,48.91103283001207,48.275235362791236,48.829788218476004,14536000
2022-11-21,48.88365173339844,49.20580127759064,48.2856437805327,48.45852648610696,18622000
2022-11-22,50.0749397277832,50.096667187307055,49.03196761326654,49.40607705856627,18920000
2022-11-23,50.414085388183594,51.15474696003742,49.956842973772915,50.10327356231406,13964000
2022-11-25,50.061702728271484,50.50288646353446,50.02108042438666,50.13539011715837,7455000
2022-11-28,49.334266662597656,49.95305764756654,48.770268216739495,49.620514793946334,23505000
2022-11-29,49.256805419921875,49.67815015521497,48.63707015058824,49.40890482935296,12694000
2022-11-30,52.05696105957031,52.11647822217015,48.92048767661148,49.513770898540685,47349000
2022-12-01,52.030513763427734,52.188282009475,51.200102413081865,52.05696583812249,23006000
2022-12-02,51.090511322021484,51.27000700730953,50.64460291292115,50.73624096149875,19320000
2022-12-05,50.13066864013672,50.965804445848164,49.64413795731546,50.80425581826062,18548000
2022-12-06,49.675315856933594,50.4074724039478,49.29081303173295,50.13161406968212,19655000
2022-12-07,48.98377990722656,49.59784996740034,48.7523242831162,49.08769978853207,16524000
2022-12-08,50.1722412109375,50.298832749950776,49.16138649133355,49.20201240357475,27514000
2022-12-09,51.460838317871094,52.209057117137824,51.109400577083235,52.048456289798565,37028000
2022-12-12,52.58599853515625,52.60867379757274,51.22654591833166,51.46367034879577,23416000
2022-12-13,53.947349548339844,54.967646382301325,53.37957056844193,54.39892680415301,40414000
2022-12-14,54.26854705810547,55.3275776482092,53.634637985617076,53.71210579056316,35218000
2022-12-15,52.71543502807617,53.51750229457883,52.687094549177104,53.261482970892565,36876000
2022-12-16,52.51798629760742,52.885482719872215,52.041848975254425,52.66347270165972,49549000
2022-12-19,52.35794448852539,53.010475524516266,51.98547401127984,52.77613661715001,25092000
2022-12-20,51.82353591918945,52.297933507883045,51.528227526527864,51.93308328650843,29831000
2022-12-21,53.46296691894531,53.527744712361354,52.10264779278429,52.17123390705189,25619000
2022-12-22,52.68755340576172,52.86378638898069,52.12647282191166,52.712322030905966,27553000
2022-12-23,52.62467575073242,52.73803507425318,52.15027815602209,52.39319306864887,13761000
2022-12-27,52.73041915893555,53.165759696867575,52.101700935477204,52.54084979464256,16677000
2022-12-28,51.906410217285156,53.13336543493935,51.673975459207625,52.549420482161786,15410000
2022-12-29,53.137168884277344,53.59346600279578,52.440816754097185,52.56942024883997,18176000
2022-12-30,53.26292037963867,53.3124576246099,52.20362570108141,52.5665681465033,14376000
2023-01-03,52.72469711303711,54.06691579705673,52.468445817039395,53.82209673126179,20173000
2023-01-04,53.368656158447266,54.12312158046387,52.96761235752058,53.63062357122344,17074000
2023-01-05,52.871395111083984,53.330552120696254,52.4998803506908,52.93712498105143,16277000
2023-01-06,56.054046630859375,56.29886570261965,53.564894660241464,53.64300884537392,35261000
2023-01-09,54.95474624633789,57.315298489612374,53.39914517789475,56.422708688054676,37739000
2023-01-10,54.768035888671875,54.787088395725064,52.39224313094047,54.4889237464362,44635000
2023-01-11,55.073822021484375,55.09287452895529,54.00023884445268,54.584183844554,22502000
2023-01-12,55.43581008911133,55.737786687424844,54.656579645275464,54.8309048122345,19514000
2023-01-13,55.155738830566406,55.43485093167513,54.93378060830153,54.979505891712776,19647000
2023-01-17,55.17860412597656,55.76159699433788,54.730879324658495,54.76517601541592,15835000
2023-01-18,54.707069396972656,55.97117397209699,54.652771751157445,55.556790124871334,15703000
2023-01-19,53.65252685546875,54.304109406453875,53.37531891980897,54.21456300156519,22692000
2023-01-20,54.37269973754883,54.427953093287464,53.26101166821151,53.63443423243759,22950000
2023-01-23,55.40627670288086,55.70730121698381,54.27744385972991,54.48892195701298,23429000
2023-01-24,55.73017120361328,55.88830376244603,54.834725057718146,55.10240863804026,13825000
2023-01-25,55.79208755493164,55.91497132434577,54.87377702981519,55.02904969906337,13766000
2023-01-26,57.02094268798828,57.20955632293858,55.84733300914234,56.24266433902527,24525000
2023-01-27,56.297916412353516,57.084767150124804,56.22171001778737,56.519874668044714,19344000
2023-01-30,55.389129638671875,56.166452244876616,55.22814087195293,55.53678201484731,16984000
2023-01-31,55.7282600402832,55.93973814574939,55.32150009569324,55.44819581613929,23719000
2023-02-01,57.418174743652344,57.94686995225688,55.50820379755751,55.59107837950428,26553000
2023-02-02,57.705867767333984,58.40793615308289,57.13239926824795,57.88305282127151,24188000
2023-02-03,56.92949295043945,57.92210565082304,56.7989852788638,56.96569016925566,19093000
2023-02-06,57.280052185058594,57.46294971095664,56.41889921984296,56.52177839680546,18709000
2023-02-07,58.53271484375,58.776581805115875,57.12953046120971,57.219076865745286,24025000
2023-02-08,57.31910705566406,58.12596234335772,57.21527216857116,57.792548935166344,15290000
2023-02-09,57.100013732910156,58.5784527349344,56.725639038478235,58.356494469926574,18837000
2023-02-10,56.51319885253906,57.00950514920292,56.168356878208,56.80469526769819,21035000
2023-02-13,57.262901306152344,57.29719436362323,56.53416020779368,56.67990842746541,19847000
2023-02-14,57.37626266479492,57.687763701541186,56.51987374228024,56.60084417077244,17571000
2023-02-15,57.88876724243164,57.94496905058967,56.84185321651005,57.04761884337803,12683000
2023-02-16,57.2076530456543,58.00784015398665,57.11334622672322,57.22765763251525,17449000
2023-02-17,56.73611831665039,57.237188760898846,56.43700155901069,57.156218323741555,14215000
2023-02-21,55.397701263427734,56.497957102644456,55.235760418648574,56.20360443437407,22737000
2023-02-22,54.88615798950195,55.54535727568672,54.498446929371134,55.465338928240485,23475000
2023-02-23,55.613006591796875,55.81686445798237,54.64897063179136,55.79876402782372,18939000
2023-02-24,55.03666687011719,55.273862023263874,54.642287638571176,55.01570657040138,15353000
2023-02-27,55.77017593383789,56.18455980741652,55.65681659981804,55.81018874444512,18321000
2023-02-28,56.612281799316406,57.0209495695541,55.45867656779989,55.78065778584996,27822000
2023-03-01,56.5436897277832,56.98569846154487,56.23218867408334,56.584654618280965,15484000
2023-03-02,57.027610778808594,57.24575707001764,55.834948595832046,56.14549754388279,27525000
2023-03-03,60.276947021484375,60.55987113702225,58.65656807563305,58.84232548907134,46088000
2023-03-06,60.29218673706055,61.352433552984415,60.17882740313286,60.490328459828326,24983000
2023-03-07,59.552001953125,60.56461912240883,59.395777231423274,60.47793258950206,19334000
2023-03-08,60.229305267333984,60.27407483707815,59.41101782787516,59.80253716341145,20912000
2023-03-09,59.30146789550781,61.19905812127984,59.24050206068503,60.02163658544126,21775000
2023-03-10,58.56892013549805,60.02925850639981,58.377446636617364,59.84159696212856,26098000
2023-03-13,58.725154876708984,59.47961677092878,57.811608352037325,57.83161294088646,22364000
2023-03-14,60.24835968017578,60.33504985501881,58.91852527565155,59.38435051135547,25893000
2023-03-15,59.63679122924805,60.02069033394356,58.69942825495505,59.79206388878891,22963000
2023-03-16,60.63321304321289,60.687510685801456,58.85279399683468,59.237648797639615,31716000
2023-03-17,60.106422424316406,60.92566200576967,59.735859725468295,60.63321349067858,79303000
2023-03-20,61.32004165649414,61.41815679305814,60.166436585820186,60.275031872526796,25857000
2023-03-21,61.093605041503906,62.03771098380189,60.861415202142474,61.701901501284645,25000000
2023-03-22,60.534244537353516,62.220974525189966,60.51026023531468,61.108001161222106,25799000
2023-03-23,61.33155822753906,62.19027531529685,60.59277363259578,61.299895141743825,27162000
2023-03-24,61.037960052490234,61.33827073293292,60.30685062468132,61.21642038164777,17228000
2023-03-27,60.14278030395508,61.31907976628673,60.061227093920905,61.30948677806756,14707000
2023-03-28,59.937461853027344,60.11400066138964,59.37713761597877,59.98831091519464,12439000
2023-03-29,60.01420974731445,60.8307117059514,59.93169760998782,60.71269709647837,26395000
2023-03-30,60.80576705932617,61.02644238222911,60.37880772544132,60.70790101419487,21523000
2023-03-31,61.55318832397461,61.618432356921026,60.05355279928216,60.49778392296695,22097000
2023-04-03,61.64241409301758,61.779614674867155,61.06385923054335,61.30948143209442,15682000
2023-04-04,60.86909484863281,61.81224553156675,60.637863938789444,61.707663294077406,13429000
2023-04-05,60.35098648071289,60.60907849306248,60.03340403259367,60.555348974353365,16908000
2023-04-06,59.739810943603516,60.29246004901029,59.387688605222316,59.885649257812844,14493000
2023-04-10,60.195556640625,60.24161104058488,59.14590941083126,59.29942285734778,15400000
2023-04-11,59.63714599609375,60.5304028622033,59.56518577694495,60.52080621429078,16518000
2023-04-12,59.16988754272461,60.20802380929559,59.127672538851286,60.190755698642356,14112000
2023-04-13,59.89332580566406,60.110165416438115,59.20922968261289,59.3972866670197,17265000
2023-04-14,59.44237518310547,60.25695933270529,59.026930349317084,59.53256610880422,17465000
2023-04-17,60.19267654418945,60.28670320477517,59.276390579833134,59.353149128910744,13201000
2023-04-18,60.6685676574707,60.97367667075271,60.170610656978354,60.60140575643996,16806000
2023-04-19,60.87773132324219,61.09744772795322,60.019014274435776,60.137987828958224,19060000
2023-04-20,60.735721588134766,61.66736134457123,60.171561693511386,60.24064145120648,20239000
2023-04-21,60.72421646118164,60.8105679964673,59.67744611658101,60.503541128795845,14807000
2023-04-24,60.88156509399414,61.295092062900444,60.617715826297065,60.795213559463534,12338000
2023-04-25,59.68032455444336,61.02068942382426,59.653459794285375,60.828796711246206,23670000
2023-04-26,59.12095260620117,59.78681793812769,58.863819547907966,59.48363048759342,17179000
2023-04-27,59.333961486816406,59.49515005324066,57.87750347156966,59.12096126402745,18250000
2023-04-28,60.110164642333984,60.137029402610544,58.964569279042045,59.39728590209609,16183000
2023-05-01,61.20874786376953,61.308531789851045,60.08138311566032,60.1101694039863,17030000
2023-05-02,58.751564025878906,60.110159489193244,58.04923726735945,60.039158203099554,28357000
2023-05-03,58.834083557128906,59.67361100932544,58.75732866472511,59.18908271210108,19816000
2023-05-04,58.542396545410156,58.906992284889824,57.69135838911289,58.52704630165793,17684000
2023-05-05,60.457489013671875,60.58701449146281,58.850394391933484,59.09793449307888,24876000
2023-05-08,60.35578155517578,60.516014839614336,59.54215998629295,60.42486497973499,13934000
2023-05-09,59.34355926513672,59.87701876514947,59.08929930296546,59.7484485546793,16990000
2023-05-10,60.08808898925781,60.2540758599154,59.32052186659336,59.68415868960593,19174000
2023-05-11,60.22241973876953,60.300137222814314,59.293663962006576,60.117841153876824,14430000
2023-05-12,60.556312561035156,60.70502767275293,59.89044716320609,60.290541761609234,11942000
2023-05-15,61.38624572753906,61.40735323105763,60.29917818591527,60.62539470769538,14614000
2023-05-16,61.5435905456543,62.068419598080666,61.28358067157052,61.449563889330925,14967000
2023-05-17,63.08160400390625,63.410693615052054,61.84485893679086,62.11062970690165,24133000
2023-05-18,65.04178619384766,65.1818635885457,62.94056671259341,62.94056671259341,26389000
2023-05-19,65.45915222167969,65.7182105018822,65.0907243522004,65.2432752015765,22968000
2023-05-22,65.08688354492188,65.69230693908762,64.67911745291029,65.3776012604634,17796000
2023-05-23,65.86692810058594,67.06529412463334,65.4370919099546,66.26414593179197,36088000
2023-05-24,65.19817352294922,65.65679225461027,64.86524086072922,65.38142483700787,23021000
2023-05-25,69.92542266845703,70.26986982507478,66.27660327900594,67.10557496529503,49263000
2023-05-26,77.97817993164062,78.19405692563356,71.67357031771542,71.71290120133158,82500000
2023-05-30,77.0772476196289,88.44109183747791,76.64260949451239,80.12641238490289,116912000
2023-05-31,77.52051544189453,78.83593699909034,75.80980128864901,76.2674611171267,89998000
2023-06-01,75.79254913330078,77.31233349809445,75.33296402237974,76.81628697284017,80792000
2023-06-02,77.90812683105469,79.03741280261589,75.52867080958781,75.85872665362771,62815000
2023-06-05,76.97746276855469,77.63948505111436,76.22716011217763,77.63948505111436,26222000
2023-06-06,75.79731750488281,76.94866623514615,74.49053384119621,76.94866623514615,37823000
2023-06-07,76.04967498779297,77.27970042650975,75.55843049461394,75.78006843832455,28957000
2023-06-08,77.1597671508789,77.2374846363322,75.68028008886323,76.26842804061187,21909000
2023-06-09,77.2000503540039,78.45982443299012,77.12905273176492,77.31327029659289,19241000
2023-06-12,82.06836700439453,82.32166436564175,77.82371284767699,77.82371284767699,51065000
2023-06-13,81.66156005859375,82.82634152635792,80.69058553108589,82.62197900339086,38990000
2023-06-14,85.0254135131836,85.25184610741402,81.28736150273085,82.12016906247598,43524000
2023-06-15,84.7615737915039,85.19716357876013,83.57087923322601,84.85560045801327,33814000
2023-06-16,83.29166412353516,85.38712988919173,83.03644892235715,85.32284479248312,68299000
2023-06-20,83.28400421142578,84.15135537064562,82.61045998189144,82.76877175362085,27535000
2023-06-21,81.76287078857422,83.53189465587087,81.46771213012683,82.9531531983991,23229000
2023-06-22,81.25838470458984,81.8834295025842,80.57161181139826,81.5149669372015,23464000
2023-06-23,79.30223846435547,80.6401000703066,78.98393547782541,80.44622468177553,37413000
2023-06-26,79.2520751953125,80.73461642560603,79.11607175796829,79.57713378688935,21372000
2023-06-27,81.83424377441406,81.98857874913176,79.19131988469499,79.93210862968866,24923000
2023-06-28,81.78986358642578,82.81134284313644,80.74041240755989,80.90149564987925,19445000
2023-06-29,83.20104217529297,83.22707865713156,81.6422899628354,82.41780622318393,23386000
2023-06-30,83.66981506347656,84.35852341417618,83.37080027808531,83.774954466875,23145000
2023-07-03,84.53889465332031,84.56686657684263,83.42770796764503,83.78460204158915,9038000
2023-07-05,83.13255310058594,84.5832738184372,83.12194864291307,83.66692651450472,14440000
2023-07-06,81.79566955566406,82.3647632320369,81.44166756155762,81.50629514995448,23939000
2023-07-07,81.67509460449219,82.75927349899786,81.47349951447971,82.03005326593856,19409000
2023-07-10,84.66333770751953,84.80223329685917,81.82267490396842,81.82267490396842,30622000
2023-07-11,85.08002471923828,85.17166018251122,83.39973704993335,84.98935329754008,25498000
2023-07-12,85.84204864501953,86.57898125810303,85.07520866178483,85.75041316934956,28197000
2023-07-13,85.88159942626953,86.70919614307294,84.7154327226267,86.70919614307294,25912000
2023-07-14,85.70989227294922,87.13456178504482,85.4764617412478,85.4764617412478,18510000
2023-07-17,87.80976867675781,88.08563176490604,85.82563853819485,85.94428189056975,26819000
2023-07-18,87.14227294921875,87.76634632383022,86.64358384352029,87.38823599769155,24513000
2023-07-19,86.94357299804688,87.38727495750302,85.42534003319989,86.54809519297542,24118000
2023-07-20,85.68673706054688,87.48662473754409,85.46102622997536,86.09185529024144,28268000
2023-07-21,86.49795532226562,87.88693332811853,86.2163006107372,87.24452833273898,74287000
2023-07-24,86.96479797363281,87.33616005912626,86.25487329564166,86.88860188871517,19992000
2023-07-25,88.54669952392578,89.04730940687602,86.87123199855418,86.87123199855418,20042000
2023-07-26,86.1449203491211,87.8358127184106,85.6201946524107,87.67955701082113,19877000
2023-07-27,86.1873550415039,87.76153939538528,85.46103428429278,87.63132018103377,21922000
2023-07-28,86.79116821289062,87.15481793763328,86.2278588568216,86.7458361820414,18791000
2023-07-31,86.68122863769531,86.90790356252825,85.94333191952772,86.57030495929759,14952000
2023-08-01,88.7405776977539,88.80037771592944,86.58958002207763,86.71305094318878,19683000
2023-08-02,86.0687255859375,88.06538846831042,85.8748428121583,87.99786875186679,26877000
2023-08-03,85.3626480102539,86.36097566665123,84.98646572128142,85.52083914613075,18281000
2023-08-04,85.04144287109375,86.19603354401079,84.24277488367339,85.36264534093505,21156000
2023-08-07,86.52784729003906,86.55774729752672,85.39061673205305,85.62307585991915,11146000
2023-08-08,85.18709564208984,85.90473263472917,84.24566853135661,85.85554443514549,14081000
2023-08-09,82.05897521972656,85.22276801803318,81.86509985507071,85.14464386274047,24672000
2023-08-10,81.30371856689453,83.09782183555896,80.74137330296271,82.28950617181485,20186000
2023-08-11,80.0362777709961,80.6767546198403,79.43052849648886,80.44622357646668,20331000
2023-08-14,82.3840560913086,82.39176842453864,79.8067164868313,80.16843080259765,17688000
2023-08-15,81.26707458496094,82.4342051827844,80.68254892398046,81.91237166328742,14035000
2023-08-16,80.34784698486328,82.42263391930726,80.24849182001348,81.77540872166449,16003000
2023-08-17,79.77971649169922,80.96807088623846,79.7710327568601,80.68738019620982,19228000
2023-08-18,79.65816497802734,79.88291176501689,78.32319555605449,79.09485562776862,17759000
2023-08-21,83.44894409179688,83.66115101298344,80.23017073082355,80.45105402737697,30012000
2023-08-22,82.54706573486328,84.37588950974434,82.07345636517482,84.2466416989415,17079000
2023-08-23,84.55239868164062,84.70769768261435,81.9885706168993,82.06284597191176,19692000
2023-08-24,82.41876220703125,87.76248833405599,82.22585088193533,87.03809578481447,30934000
2023-08-25,82.16413116455078,83.86370719838173,80.7992615688109,82.66571248039908,24181000
2023-08-28,83.05732727050781,83.35152188264391,81.70981777657336,82.6049415139017,14306000
2023-08-29,85.84009552001953,86.12078613944006,82.60781888945154,82.79880213509156,27822000
2023-08-30,86.06678009033203,86.6870047265372,84.7964455278454,86.07739190719734,23234000
2023-08-31,89.01932525634766,89.09455728719688,86.21049105908759,86.61947277819597,55203000
2023-09-01,84.1607894897461,86.991804421117,83.40264066506455,86.991804421117,65017000
2023-09-05,84.12704467773438,85.17167590551594,83.62835544588242,83.8704623895657,24808000
2023-09-06,84.13668060302734,84.6286141572476,83.60327853745981,84.1588682803498,20142000
2023-09-07,82.66667175292969,83.11615799699884,81.07416330949472,82.9049151371615,27789000
2023-09-08,82.71681213378906,83.03319435737093,82.00013928242733,82.47084909278662,16810000
2023-09-11,82.87019348144531,83.82126099590785,81.5689875293015,83.79907332089138,15710000
2023-09-12,81.46000671386719,82.7862927061162,81.1841362249676,82.01174033256883,16680000
2023-09-13,82.27119445800781,82.86730334105883,81.43298602266105,81.71753284280413,17413000
2023-09-14,84.07591247558594,84.5610903553491,82.47086407066756,82.8595862712902,19648000
2023-09-15,82.1506118774414,83.74022799081189,81.30371982328211,83.74022799081189,50190000
2023-09-18,81.98857116699219,82.59914799958659,81.02399974149816,81.27286228953231,16541000
2023-09-19,81.9113998413086,82.08791510868632,80.87930875884699,81.60177325247967,13126000
2023-09-20,80.55074310302734,82.43414429452083,80.52941127710048,82.43414429452083,13681000
2023-09-21,78.3967514038086,79.76808500929089,77.10979799665216,77.11173658065438,53654000
2023-09-22,80.40624237060547,80.5517175896808,78.59267449022092,78.67607801340982,27764000
2023-09-25,80.87273406982422,81.32564511125665,79.81756699242776,80.30151018343736,15648000
2023-09-26,79.15613555908203,80.52164613009086,78.67316173092783,80.4149648074459,17641000
2023-09-27,79.21627044677734,79.88253674531565,78.01078172001039,79.45388022005945,15352000
2023-09-28,80.6894302368164,81.35473462941971,79.00969868746779,79.542128660809,16180000
2023-09-29,80.55171203613281,81.85709695070842,79.80785802485246,81.12099727639362,16481000
2023-10-02,80.97553253173828,81.32563937915087,79.86507887985867,80.40430128643644,14676000
2023-10-03,79.02424621582031,81.0531153468308,78.45010707671571,80.20451853536578,18761000
2023-10-04,79.89513397216797,80.55170725858522,79.16679607719318,79.55763535477085,16417000
2023-10-05,79.89999389648438,80.36259781773362,79.08727573608874,79.53630956742306,11474000
2023-10-06,81.97541046142578,82.27896165220017,78.72261435457688,79.46744499609092,21103000
2023-10-09,83.0053482055664,83.07615090876354,81.25481444698201,81.50987879901582,15760000
2023-10-10,83.25072479248047,84.62205092994505,82.98983727376645,83.12852001471931,14718000
2023-10-11,84.81700134277344,84.89264312141327,83.07034440180708,83.37681088224174,14334000
2023-10-12,87.82734680175781,89.02314264563539,84.99836754551059,84.99836754551059,43871000
2023-10-13,85.65299987792969,89.79706439464834,85.54728783472382,88.15708858501158,28312000
2023-10-16,87.53348541259766,88.81559250660113,86.4084850317008,86.4084850317008,21150000
2023-10-17,85.77131652832031,86.6034205508036,83.98683486465302,85.8440504361535,33008000
2023-10-18,86.0263671875,86.86041706004177,84.87905841737124,85.33973109053575,20404000
2023-10-19,84.16431427001953,86.26495542735178,83.95483616910712,86.02541447016418,26620000
2023-10-20,82.78716278076172,84.84997929871868,82.61356329317498,84.84997929871868,26953000
2023-10-23,83.62023162841797,84.72389269274734,81.73876920258215,83.20708384852418,16456000
2023-10-24,85.45223999023438,85.63553979288008,83.70752154014527,83.792871042568,14972000
2023-10-25,82.39923095703125,85.2214249835438,82.05494725912965,85.06043369407585,21432000
2023-10-26,80.1802749633789,82.86377875058699,79.36464892396212,82.23242180622097,27917000
2023-10-27,81.30622863769531,81.48565125299854,80.35385851589548,80.49545654422893,18236000
2023-10-30,81.58650970458984,82.37982714499095,80.21905321172572,81.57196292480839,20889000
2023-10-31,81.59815979003906,81.99869943287692,80.74762440599952,81.84255460286921,14747000
2023-11-01,82.72023010253906,82.80654888468182,81.03564500327569,81.65924012072894,18684000
2023-11-02,84.5008316040039,85.39307603750379,83.40493225092189,83.59889424997456,18759000
2023-11-03,85.60448455810547,86.07194225436392,84.47755316806409,85.10211755290631,18041000
2023-11-06,85.42507934570312,85.91580750558285,84.49210982718147,85.49587466299948,12870000
2023-11-07,87.07281494140625,87.45589991172946,84.97217390063867,85.56959082011304,19365000
2023-11-08,88.36366271972656,88.53629292824677,87.18726750080639,87.2842485193257,15280000
2023-11-09,88.38789367675781,90.17431375218683,88.11440533071018,88.4965135815243,24486000
2023-11-10,92.8626708984375,93.00135366620209,89.05028952970771,89.39264203366653,36272000
2023-11-13,91.83562469482422,92.36611604304916,91.21008352709333,92.1382066128435,16893000
2023-11-14,94.3600845336914,94.72959203652769,92.64252836279529,93.33013388630549,23886000
2023-11-15,94.59671783447266,95.21255869300722,93.77333747453794,94.99531147205069,16099000
2023-11-16,93.05953216552734,93.9469226663365,92.18378056756876,93.49110386709488,26198000
2023-11-17,94.82266998291016,95.42007937497995,92.23032461545904,92.92956885349187,19789000
2023-11-20,96.56643676757812,96.96988429149313,94.36396815153009,94.36396815153009,18674000
2023-11-21,95.1592025756836,96.10962664162098,94.23107962406878,94.55790859578167,43344000
2023-11-22,94.2669677734375,95.81772408356674,94.16998677309462,95.4006991228339,33743000
2023-11-24,94.93325805664062,95.0292697817903,93.757832143759,94.55405761719892,23158000
2023-11-27,92.1566390991211,95.1407861549097,92.06838172242277,94.66945121585373,96962000
2023-11-28,91.77938842773438,92.21677599831776,90.5971700685731,91.15773174447175,39025000
2023-11-29,91.24402618408203,93.04790089112822,91.10242815349578,91.9723640709377,34843000
2023-11-30,89.77959442138672,91.39823086156636,89.06580326880469,91.26051738955093,49571000
2023-12-01,90.19371795654297,90.57194908507174,88.06010608283317,89.46247209461096,29612000
2023-12-04,89.6089096069336,90.28778404122836,88.87862569504233,89.28595775479558,25009000
2023-12-05,88.5566635131836,88.95914180583743,87.85160323138028,88.40925708711043,37066000
2023-12-06,87.63724517822266,89.31795318508027,87.58487381121726,89.25879677377651,24813000
2023-12-07,89.44305419921875,89.62344609903424,87.63724101212408,87.82151007992574,43517000
2023-12-08,91.58056640625,92.20416163226342,88.30546875570451,89.98423099604975,69668000
2023-12-11,99.81825256347656,100.81425566178345,92.72398168737632,92.81320095310238,101184000
2023-12-12,103.99237823486328,104.68192969697954,99.36631685381435,99.69703044980062,90242000
2023-12-13,105.68083953857422,106.65938795961507,103.04776137916507,103.57729080654339,71654000
2023-12-14,107.3101577758789,108.76198725485614,105.73806947610909,105.92233857553803,66964000
2023-12-15,109.56498718261719,111.51821429156193,106.15896144221743,106.21715596228096,118544000
2023-12-18,111.23890686035156,111.7063646262118,108.48848501813744,108.69797049967399,54741000
2023-12-19,111.02749633789062,112.08751521506593,110.33867658759902,111.26326999934332,36020000
2023-12-20,108.18257904052734,111.20091130126299,108.07345967770354,110.3571763043442,34523000
2023-12-21,109.83009338378906,110.62218998424619,108.6327015829798,110.35231281158805,24106000
2023-12-22,109.312744140625,110.28897590448034,108.48947274679277,109.89731321340794,19089000
2023-12-26,110.27825927734375,110.62997593954665,109.41406816496612,109.53293244514633,16793000
2023-12-27,109.72098541259766,111.02653040110363,109.40824094619023,110.67870866281864,20055000
2023-12-28,109.35464477539062,110.31236793601462,109.0272866679593,110.25878200058155,21247000
2023-12-29,108.75447845458984,109.54657499191288,108.60054433931965,109.2620841717991,20558000
2024-01-02,105.74687957763672,107.3661352751028,104.93919551067518,106.4035433224118,28831000
2024-01-03,103.13578796386719,104.73556110189391,102.81719361172073,104.26790137241268,34735000
2024-01-04,102.2033920288086,104.19969651217397,102.04360798624765,103.07537315314715,25658000
2024-01-05,102.22969818115234,102.83180215506938,101.47267890983025,102.45573432523327,22475000
2024-01-08,104.720947265625,105.02784919489633,102.49470410013471,102.93313648955078,33110000
2024-01-09,105.46530151367188,106.05572053370118,103.73302415068878,103.82167991868435,23225000
2024-01-10,105.27823638916016,105.51108878756335,103.52745038040402,105.25680647584225,17643000
2024-01-11,107.16932678222656,107.29792856503063,104.68782006162705,105.64359570676389,25757000
2024-01-12,107.91952514648438,108.69992933783034,107.1722507256937,108.350160131306,26882000
2024-01-16,108.62881469726562,109.72780588572951,107.0378051336568,108.37355117567915,26145000
2024-01-17,107.5288314819336,108.44855609297028,106.21745160180305,107.7840949777763,18314000
2024-01-18,111.44934844970703,111.70655943209789,109.30300482700538,109.59723314004118,32228000
2024-01-19,118.00532531738281,118.57040460153956,112.62727144391988,112.75490691817377,53077000
2024-01-22,118.91140747070312,119.9665575964224,117.7149819521411,118.49733365013604,31222000
2024-01-23,119.47746276855469,119.54274112926126,117.25706935455541,118.96011949517543,16952000
2024-01-24,122.16259002685547,125.15169511774744,119.93537302064838,121.0353453192274,34805000
2024-01-25,119.83697509765625,124.805831231192,119.72005829965786,124.805831231192,36356000
2024-01-26,117.38956451416016,118.98057391129218,116.93652588727838,118.83345603206325,25818000
2024-01-29,118.64542388916016,119.22024807892089,117.40028862786053,118.36677553658217,21526000
2024-01-30,117.70913696289062,119.64211819534755,117.33208791784732,118.54799582696697,20683000
2024-01-31,114.9655532836914,116.6432710530846,114.41118525075765,115.88625169698281,27400000
2024-02-01,116.91508483886719,117.21516308242131,114.87883430532204,115.68164209671606,19411000
2024-02-02,119.2855224609375,120.29391028206285,117.41587213302806,117.76661507661954,26689000
2024-02-05,121.11328125,121.56632732335085,119.07215441349987,119.54078790609987,22045000
2024-02-06,119.1208724975586,123.93968194037737,118.07741481716022,123.10764675355756,25354000
2024-02-07,122.47339630126953,122.7120912225401,119.51546582369735,120.22669670785065,25768000
2024-02-08,124.19786834716797,126.26432757045986,123.2479426035075,123.44182274883319,29326000
2024-02-09,125.04354095458984,125.26860336774223,121.68713920547644,121.9833224710313,26293000
2024-02-12,123.2469711303711,125.68950569964007,122.66240200295394,125.68366320464177,24778000
2024-02-13,121.94630432128906,122.35744947195104,119.55346065472398,120.3358123731996,31907000
2024-02-14,122.97612762451172,124.02640907887499,120.9398767638485,123.66007867380064,27306000
2024-02-15,123.25379180908203,124.7083946314712,121.283785795427,124.70352588575774,21873000
2024-02-16,121.34516906738281,124.28751209386589,121.0441170336832,122.66630143837534,21268000
2024-02-20,119.50083923339844,120.58911907443505,118.13781348035978,120.40789767584704,26329000
2024-02-21,119.58853149414062,119.64698617469715,117.171329361616,118.6678331093782,20579000
2024-02-22,127.13435363769531,127.7267201104394,124.36446133143605,124.8749882862246,40819000
2024-02-23,126.30329895019531,128.56852204838032,125.56772434544446,127.47245211044563,23115000
2024-02-26,127.54647827148438,128.48764025879638,126.79920385981089,127.63124647853013,16282000
2024-02-27,126.28965759277344,127.82025742832079,125.89896862866041,127.5464778254629,12126000
2024-02-28,125.62617492675781,126.51277725997458,124.99775735360973,125.97497039176221,10967000
2024-02-29,126.7047119140625,127.47537125499659,125.41768301453344,126.97945786363334,27536000
2024-03-01,136.3189697265625,137.15587379695302,128.60555219360145,129.18330515367936,44488000
2024-03-04,136.6199951171875,140.11865354493338,134.95689101966082,136.70671082471296,34854000
2024-03-05,130.822021484375,135.91266301705733,129.81071982824417,135.91266301705733,36040000
2024-03-06,131.5283966064453,135.89611532323545,131.24195080274646,135.57947586024076,43196000
2024-03-07,137.082763671875,137.79398696762044,133.75850351973887,134.64510570012112,62832000
2024-03-08,127.50651550292969,137.66635990224626,126.81088705275656,135.8395770342929,74025000
2024-03-11,125.98666381835938,126.56148805981252,122.03496643777623,124.50672851570538,31105000
2024-03-12,125.86582946777344,127.41591894513451,122.68966092503261,127.33894074171855,42789000
2024-03-13,122.55230712890625,124.98898430192996,122.01547401791834,124.98898430192996,37838000
2024-03-14,122.9809799194336,124.039058659259,121.56242818450593,123.00728601139497,38029000
2024-03-15,120.3728256225586,123.47786617018107,119.84378997274176,122.12263786817671,88823000
2024-03-18,120.54235076904297,123.04041864851733,120.00259642990383,122.17330620907126,25737000
2024-03-19,120.61738586425781,120.83757211759732,117.30579115524759,118.5655401752654,24491000
2024-03-20,124.8481216430664,126.02126104130306,120.01367953774488,121.22987622368494,40946000
2024-03-21,131.89285278320312,137.3339116630625,128.76186823686632,129.9672931815352,72468000
2024-03-22,132.42803955078125,134.65396979991644,131.71183148129816,132.08852300554412,38624000
2024-03-25,132.24313354492188,132.91432860536116,130.86255322085793,131.60226072946674,21237000
2024-03-26,130.2774658203125,135.01797811174566,130.18157227451763,133.52585781789924,23522000
2024-03-27,129.02896118164062,132.08852164131173,126.8069425395915,132.08852164131173,25583000
2024-03-28,129.68255615234375,130.14046530414598,128.3244899632877,128.947745659259,19856000
2024-04-01,132.11395263671875,133.35852305904842,129.68254497772136,129.70895563338104,17252000
2024-04-02,130.98880004882812,131.34200721774997,127.53003325433487,128.74132572352647,24694000
2024-04-03,133.38104248046875,134.71269810000894,129.66885928785766,129.93598168647654,28650000
2024-04-04,128.9086151123047,137.37010322098553,128.66400673448248,135.5443489165496,27014000
2024-04-05,131.0543212890625,133.1873142401752,128.58573828303858,129.74029766182892,19438000
2024-04-08,130.72848510742188,131.35468187634797,128.7373695867248,130.48877370571296,17139000
2024-04-09,130.5308837890625,133.01609874338106,128.0417423202271,132.80965067213126,17986000
2024-04-10,129.38514709472656,130.6942889822178,128.71101075994738,129.44679188646822,17467000
2024-04-11,135.2645263671875,136.18522672187913,129.5103618987482,130.39388727276585,31713000
2024-04-12,131.50831604003906,133.70392415363622,130.77938782194025,132.28519849041163,27823000
2024-04-15,128.24229431152344,134.04538287430884,127.78341475571405,134.04538287430884,24370000
2024-04-16,130.0397186279297,130.75005948314998,128.2726675561929,128.70121006251384,18923000
2024-04-17,125.49681854248047,131.79499162138106,125.37842593716422,131.4143885082251,24718000
2024-04-18,123.18380737304688,126.47721207020356,122.83841597089464,126.02224405320784,24888000
2024-04-19,117.87286376953125,123.28262197699547,117.17327992976246,123.18380222315295,44797000
2024-04-22,119.80528259277344,120.66043411693767,117.46487103815817,119.80919417738775,25162000
2024-04-23,122.22494506835938,123.07716287996155,120.15360431167987,120.16828021842464,22025000
2024-04-24,122.97148895263672,125.78937498777448,121.81106964800318,123.66422010940437,20108000
2024-04-25,126.65039825439453,127.98203892512282,122.98909557117906,124.50078109546978,30410000
2024-04-26,131.50831604003906,132.65894887980795,127.50261481464197,128.1747952005887,24100000
2024-04-29,130.97506713867188,132.38010220947274,129.71093867713907,131.5092969754423,13372000
2024-04-30,127.22276306152344,131.92708484942125,127.10340002940568,130.02206877247386,22113000
2024-05-01,121.6055908203125,126.44981162685187,121.45784640413184,125.07609162949711,30958000
2024-05-02,121.18585205078125,123.71803568781345,119.69276142850553,122.91865412645328,29480000
2024-05-03,125.0545654296875,125.61912498251701,122.02435665686117,123.18478336627757,24898000
2024-05-06,128.20513916015625,128.25013731200056,124.75713711294637,125.8480810252115,16287000
2024-05-07,127.50067138671875,129.05442150842597,126.8793564664723,128.80491615117975,12413000
2024-05-08,129.67864990234375,130.9056034239553,126.07018350686843,126.5603856427205,13918000
2024-05-09,127.75112915039062,129.31074642910377,127.39203975320491,128.94090764035087,12170000
2024-05-10,130.4056396484375,131.5014805922975,128.6943660698664,128.6943660698664,16300000
2024-05-13,130.86647033691406,132.90943704464695,130.14242414814535,131.8928431710952,18507000
2024-05-14,135.0267791748047,135.21855132607573,129.72072965312037,130.36061711154602,19420000
2024-05-15,140.51968383789062,140.79168822287514,134.04342948080546,135.02381874194919,32757000
2024-05-16,138.1675262451172,141.4227704132394,137.4757730494092,139.52462197906328,28395000
2024-05-17,136.5198516845703,138.89157049596628,135.19797515531482,138.1959057257247,18174000
2024-05-20,138.35342407226562,138.63814856259697,136.31142798183623,136.5893146652056,27170000
2024-05-21,136.9024200439453,137.8994410808292,136.34079417183352,136.85153958852086,15333000
2024-05-22,136.22140502929688,137.4698869509865,135.43669956431066,136.5902733307317,21002000
2024-05-23,136.3241729736328,139.8181586014699,134.82815608747003,139.76239612622123,31039000
2024-05-24,137.74778747558594,138.30941335748344,136.19990486132235,136.9601556231381,16730000
2024-05-28,138.19883728027344,138.66164338046747,136.25077877627277,137.9591258462041,22919000
2024-05-29,136.0678253173828,136.8926471027237,135.3173684262947,136.8926471027237,26861000
2024-05-30,133.46617126464844,135.2958372656457,132.64036413369047,134.92598352321224,21717000
2024-05-31,129.9897918701172,133.31647507107772,127.90670888363367,133.20003824775029,73091000
2024-06-03,129.339111328125,132.38203974739855,127.44388932835145,132.35268794027604,26278000
2024-06-04,130.21189880371094,130.32637983267387,127.88225166750802,129.19236372457044,23048000
2024-06-05,138.261474609375,138.38474923655997,131.16293429934956,131.69716416304826,32947000
2024-06-06,137.10494995117188,139.20075283561036,135.8300571922577,139.12052057200086,20172000
2024-06-07,137.63040161132812,139.42680448000752,136.689142882739,137.74194150222192,17859000
2024-06-10,140.9404296875,141.7799274347376,137.8740159883158,137.93957235694677,31042000
2024-06-11,142.95205688476562,143.3414834242145,138.5686792813026,140.71830362685802,34844000
2024-06-12,146.32569885253906,147.33251370109582,144.45591691060216,146.76502049694244,56697000
2024-06-13,164.2779998779297,169.84137701413988,161.68808342999114,167.31211997641827,89061000
2024-06-14,169.76214599609375,170.95583621630348,164.5823270898338,165.04805946619322,69705000
2024-06-17,178.9427490234375,180.32528490148076,174.02221540481284,176.11801814865436,87528000
2024-06-18,176.36460876464844,181.16872123041227,174.6513795666703,179.9916627659835,86797000
2024-06-20,169.71514892578125,176.58278560053418,168.50776835994412,176.45655490369413,68157000
2024-06-21,162.2859649658203,167.70354026611724,161.58050610404638,165.9090931110086,99289000
2024-06-24,156.28184509277344,163.03387466583757,156.12970752125827,161.1738513202931,58575000
2024-06-25,155.16090393066406,157.63930217441938,153.51289692825517,157.0592085022487,53329000
2024-06-26,156.26123046875,158.83089955096497,154.45421121684325,156.812852705157,46479000
2024-06-27,155.73709106445312,157.5980878478136,154.20000441367165,156.26123028855886,31649000
2024-06-28,157.58924865722656,160.89704996713795,155.67231237059372,156.64206577218593,69377000
2024-07-01,161.05116271972656,161.831485599053,156.408480472783,157.8513461672716,47623000
2024-07-02,162.6883544921875,162.85717656039432,159.20584518207514,161.0511458722478,32539000
2024-07-03,169.7299346923828,169.7299346923828,163.3734807798238,163.91725502743586,39954000
2024-07-05,167.186767578125,173.2880266409701,166.46927369866185,172.3153226478249,45240000
2024-07-08,171.3632049560547,172.44682935461094,167.3526324570858,167.3526324570858,36398000
2024-07-09,170.13137817382812,173.82885427618757,167.40760946931252,172.41347165704315,37802000
2024-07-10,171.24835205078125,173.38811773288228,169.44919595608087,171.3769455745444,41074000
2024-07-11,167.44589233398438,173.22912692122205,163.77002818382326,173.2085184061522,51026000
2024-07-12,166.92764282226562,169.40505298158084,166.00891639814714,167.94451430616778,30453000
2024-07-15,168.25563049316406,170.307046053288,166.13549992544833,166.86184511358684,22999200
2024-07-16,166.25332641601562,169.62000297459605,163.32832508793032,169.21756779509778,22244900
2024-07-17,153.10067749023438,159.8340456771577,152.7375123109736,159.31383042903647,43343400
2024-07-18,157.556884765625,158.52860027225907,151.0590764913081,155.95696896290187,37973500
2024-07-19,154.44537353515625,160.9235305850633,154.21960848067468,158.85247993501903,26309500
2024-07-22,158.08689880371094,159.98127961625116,154.98522745934437,157.2722184519054,28813300
2024-07-23,160.74688720703125,162.27808794619298,156.9483153979826,157.43908563372005,21570200
2024-07-24,148.5463104248047,158.43042876866735,148.3107503302029,157.38999841186433,37162600
2024-07-25,146.50469970703125,150.7155159789399,142.8337485723704,148.46778030596994,30872100
2024-07-26,148.83096313476562,150.74496375846167,147.15252260191423,150.6664387358079,20839900
2024-07-29,147.44699096679688,152.13875259044912,146.39673561473697,149.21376657294806,16625800
2024-07-30,140.87066650390625,150.6369893863232,140.70380645199108,150.45049433503084,31102300
2024-07-31,157.7139129638672,158.35192324525528,148.2126085579133,148.673933769475,45827500
2024-08-01,144.3060760498047,155.97659098854038,143.47176070595933,154.59261540847046,40320000
2024-08-02,141.16513061523438,142.6668860492589,137.02302942500108,139.3100051033164,33745800
2024-08-05,139.45726013183594,142.73560143342496,126.12793986482096,127.21745029464459,41309300
2024-08-06,141.26329040527344,146.16118231795446,137.6610389897477,139.11371456588614,24751300
2024-08-07,133.7545166015625,147.32922234394192,133.32263642244305,145.5133665845855,29749800
2024-08-08,143.0496826171875,143.56989775584736,135.84516573962532,138.5934814579193,27583200
2024-08-09,145.523193359375,146.78938902828995,141.4498061570675,141.53814121012115,18438700
2024-08-12,145.87652587890625,148.34020180786044,143.6680600330506,145.34650066583262,17778500
2024-08-13,153.27734375,153.49328382390073,147.0445565732709,148.7524421639992,22053600
2024-08-14,154.77911376953125,157.2918548896827,151.86393747605845,155.10302391070806,20184200
2024-08-15,163.06332397460938,163.59334924140512,157.38019623472672,158.2243216426748,27945000
2024-08-16,162.66085815429688,163.02402326913696,159.67696728372638,161.43393279106274,19296900
2024-08-19,164.6141357421875,164.731915789402,157.45869833156905,161.8167398039081,20441700
2024-08-20,162.88661193847656,165.26193769855934,161.1198363797449,163.96631227356718,19417500
2024-08-21,162.71975708007812,163.39702231398465,159.87329607245155,162.07193685833124,16097700
2024-08-22,159.34324645996094,169.2371743416614,158.50894620299854,167.6863388922819,30044500
2024-08-23,163.2890625,165.17361828178983,160.44260131416618,161.98361196309557,18848000
2024-08-26,156.67347717285156,162.641244728472,155.73120675608521,161.91491440244755,18521200
2024-08-27,158.4108123779297,159.03899766585957,152.9534498808292,154.69078066819722,16683100
2024-08-28,155.2600555419922,159.28437723139257,153.36568973144605,157.12499131539744,18063600
2024-08-29,154.0331268310547,160.1873892946142,152.54119621579977,155.56434242637079,23519300
2024-08-30,159.81442260742188,160.22666779748943,155.78029077525986,158.14579186751985,25158500
2024-09-03,149.96954345703125,157.7728012196881,148.58558294641287,157.419446094673,37179100
2024-09-04,151.27503967285156,154.8772920488937,146.39678146070773,147.52556219065684,20324100
2024-09-05,149.9990234375,153.47367014896548,147.339042145085,147.79055735610302,31548500
2024-09-06,134.47103881835938,140.85105160901145,134.07842863747427,140.60566650167868,76634600
2024-09-09,138.22052001953125,138.97629530957235,132.4097879364111,136.54207942207105,39516700
2024-09-10,145.47410583496094,147.09364146582834,138.4364481534656,138.61313320939013,36067500
2024-09-11,155.34837341308594,155.9372885535099,142.36258563598315,145.65075133419825,39700800
2024-09-12,161.52227783203125,163.24979843587147,153.93497510920878,155.18153554909492,43530700
2024-09-13,164.5945281982422,164.97732839266175,161.01189640096842,163.66206772230936,29850000
2024-09-16,160.9922637939453,162.44493942115773,157.44890228059847,162.14066428746307,26126900
2024-09-17,159.4708709716797,162.95534240863688,157.73354025935018,162.43512719159145,19844300
2024-09-18,158.68563842773438,164.37857587794207,158.38136329286934,160.7468793073828,26557600
2024-09-19,164.86997985839844,167.41068499860143,163.1367922937915,165.12601432007654,32453100
2024-09-20,168.49392700195312,169.3999123835458,163.9344432093499,164.63362055672863,91758500
2024-09-23,170.30592346191406,170.68014042487118,165.78583814922814,169.3802383596811,29431100
2024-09-24,172.1769561767578,173.30944919939392,169.06508347345525,170.1778769146741,34223400
2024-09-25,172.8466033935547,174.44192385107553,171.11340089513442,171.98984442167554,16613800
2024-09-26,175.37744140625,177.50454524969186,172.33450995115714,175.78120015018027,24340000
2024-09-27,170.05972290039062,175.75168524259593,169.1438801219307,175.45625160353208,20580900
2024-09-30,169.87261962890625,170.28622072570673,167.04633795424647,169.25221047051573,16902000
2024-10-01,164.91920471191406,169.62639759099375,163.27464289257153,169.5377720200633,23770400
2024-10-02,168.06063842773438,170.207427089388,164.4760807799327,164.99800701515593,14317800
2024-10-03,169.2718963623047,172.27544399343554,166.61302379715116,167.03646713829866,13072300
2024-10-04,173.94952392578125,174.2055583508475,169.9710654157359,173.61470620999242,17921400
2024-10-07,172.41331481933594,175.59411367936042,171.21189574037092,172.157280353437,15588300
2024-10-08,177.9772491455078,178.83400816229985,172.22620334343438,172.74812957051148,20774200
2024-10-09,183.1177520751953,183.58059460501644,173.7329067813826,176.5099619603093,25504100
2024-10-10,182.8616943359375,183.47224609488148,179.74982177325916,180.76413228793322,16318000
2024-10-11,178.7158203125,179.80891417571664,174.69796219436256,178.3810025592497,23070000
2024-10-14,179.53317260742188,182.13296127755726,177.38638413402418,180.50809899361414,17195800
2024-10-15,173.2996063232422,178.93248496730726,170.72935919709928,178.036341767938,27657500
2024-10-16,174.12681579589844,176.51979662111293,172.65950496400075,175.7910623441153,15285100
2024-10-17,178.76504516601562,182.6844200394716,177.93784313719354,178.60747858156097,25232400
2024-10-18,177.15003967285156,179.9270946011859,175.95846294210907,179.5430354117756,17835200
2024-10-21,177.24853515625,178.9521809097611,175.5350320982212,176.64782560944496,13695100
2024-10-22,176.64779663085938,177.93784109522744,174.70780128285693,175.9387620353267,12062600
2024-10-23,170.8672332763672,176.25391994681758,169.94156320378403,174.88509188224342,19513700
2024-10-24,168.74012756347656,171.64519230597523,166.91829940601593,171.605793142081,20485200
2024-10-25,170.364990234375,174.10711441242884,170.0892561921753,171.5368674269129,19977700
2024-10-28,169.39991760253906,171.32021358064068,168.7401243703902,170.36498673038895,13195800
2024-10-29,176.50994873046875,177.48486013505394,168.6022572029014,169.8135185070353,23702300
2024-10-30,173.94952392578125,176.46068684695004,172.94505575203848,174.7668836623549,17911500
2024-10-31,167.1842041015625,171.79291489269812,164.8306072605073,171.79291489269812,26086600
2024-11-01,166.34713745117188,168.72043377359887,164.94876761248818,165.69718646200965,17847000
2024-11-04,165.98277282714844,169.82336487239834,165.85474808351398,166.7016497943099,13621300
2024-11-05,171.2512664794922,171.74365081672636,167.4599160986156,167.4599160986156,13441800
2024-11-06,176.8152313232422,177.46518230183625,173.27991513195957,176.8940146260759,24300800
2024-11-07,181.01034545898438,182.0541979524026,179.0211083334563,179.21807410883096,18970600
2024-11-08,180.84291076660156,182.23143814241791,179.0604819489995,180.20281716710556,13503200
2024-11-11,176.1849822998047,180.8330920449433,174.1268191995828,180.60658441135388,17036700
2024-11-12,173.5359344482422,176.82505816595025,170.56192888798333,176.17510724409112,15862000
2024-11-13,170.93614196777344,172.91552152043272,169.97107291002868,172.04893533702756,17472500
2024-11-14,167.78489685058594,172.8958488363226,167.28265519390186,172.10803086665146,20638900
2024-11-15,162.32925415039062,166.56376218086552,160.94072680323902,165.90396901498798,20836200
2024-11-18,163.14662170410156,163.8162722049967,159.7491728406013,163.1367794270212,17856900
2024-11-19,162.83151245117188,164.2594240775195,161.8073445764773,164.12155705896961,18003400
2024-11-20,160.7634735107422,163.0185869869749,158.40987716422802,163.0185869869749,17196700
2024-11-21,161.44296264648438,163.80640121676498,158.15383921115813,163.71777565131404,24835300
2024-11-22,161.72854614257812,162.3981966174276,159.92641776606803,161.7974871585909,17332500
2024-11-25,162.30958557128906,164.6828667361483,160.40897415223242,162.88073819838587,26850600
2024-11-26,162.23080444335938,163.83596724002217,160.21202556082613,162.0929374235286,16308800
2024-11-27,157.23800659179688,160.71423868106405,155.14044458487646,160.71423868106405,19722700
2024-11-29,159.61129760742188,160.21200705867804,156.65699178676067,157.13953381363083,11024000
2024-12-02,163.9738311767578,165.8153588676171,160.27110626636727,160.4680570015112,21472400
2024-12-03,165.5888671875,165.70704966106547,161.53162455273014,161.97476750605742,17024400
2024-12-04,167.96214294433594,172.7185774517316,165.99260559268777,170.7982815391501,32748200
2024-12-05,167.87350463867188,169.77410082621398,166.62284430783703,168.14923864488134,18490000
2024-12-06,176.79554748535156,177.92802563338358,166.75090838840444,167.5091845976253,27830800
2024-12-09,176.2145233154297,178.0363364952308,173.33900035576553,176.2243655934773,20886300
2024-12-10,169.19313049316406,175.7812363784599,167.14480952099458,175.10174348067534,27762600
2024-12-11,180.4096221923828,182.05418411236207,173.7427339097342,177.26820764634724,41295200
2024-12-12,177.9083251953125,179.22791170815157,173.30945695629623,178.17420193764522,46967200
2024-12-13,221.37600708007812,225.2165990049884,207.89452115368664,210.6420192189874,121336600
2024-12-16,246.19216918945312,248.04353911019862,227.29445587825032,228.25952497408727,111623200
2024-12-17,236.5709686279297,238.77685581385265,230.23891341986442,236.98456965784453,70382100
2024-12-18,220.21397399902344,236.19678097240765,215.88099768798963,235.76348033602866,53960100
2024-12-19,214.99472045898438,224.57651617779257,214.2659861753479,224.4386491540104,40845200
2024-12-20,217.4270782470703,226.78238105135233,215.57572327847583,217.00363491174852,131910400
2024-12-23,229.42408752441406,230.46085311505627,222.29500575780116,223.8353587038701,40643800
2024-12-24,236.66175842285156,237.20483541444264,231.8432213701201,237.09622001612445,22827200
2024-12-26,242.27024841308594,244.16606856382742,234.60797342050913,236.9777448422762,28459000
2024-12-27,238.70570373535156,242.68495376498825,233.37371058860117,242.54671735204698,29282200
2024-12-30,232.6134033203125,235.76323487956245,228.7032639548135,231.7444801131707,27316800
2024-12-31,228.9204864501953,234.4697252763065,228.3971618285117,232.9096200594737,17927700
2025-01-02,229.05873107910156,236.48403786452985,227.3406520959289,233.18610124475066,31525800
2025-01-03,229.6215362548828,233.51192284516952,226.11623785128432,230.64843306383892,24973200
2025-01-06,233.43295288085938,238.7057040090578,230.3621157136926,233.521815917858,34028400
2025-01-07,225.7607879638672,236.4840310605519,224.7338910762655,236.4840310605519,25928600
2025-01-08,226.42237854003906,229.54258940300946,223.21330463096496,226.80746680646232,18756500
2025-01-10,221.48532104492188,224.96099883392392,218.46385722681998,224.43767418917497,23864000
2025-01-13,222.4529571533203,226.37296486678346,216.74574485310887,217.2197111479152,23772100
2025-01-14,221.87039184570312,227.36037339327964,220.29054938691223,223.7168535302087,18143100
2025-01-15,225.12884521484375,227.43937448395022,222.73932156047226,225.67192219689144,21745600
2025-01-16,226.52110290527344,235.5953780262294,226.32362446679943,232.2579366694541,23471900
2025-01-17,234.44998168945312,235.10167409555768,229.7301762027668,234.09451447399962,31196600
2025-01-21,237.28382873535156,239.69310478421554,234.41047008363404,238.45884574825152,30903200
2025-01-22,237.87628173828125,243.8797195638094,237.65905094021053,243.6427364022853,29610500
2025-01-23,237.25421142578125,237.37269547375817,233.14659367400705,235.40776470049263,17653900
2025-01-24,241.6185302734375,246.44695070784712,238.86367091227962,241.6185302734375,25387800
2025-01-27,199.5846405029297,215.67936728902913,193.7589284474536,210.71270982183037,90569400
2025-01-28,204.74876403808594,207.3061451505733,196.3854235855615,205.39057271162832,50316000
2025-01-29,203.75148010253906,208.78724774192142,200.21656054706654,206.21011436805136,32533700
2025-01-30,212.9442596435547,219.1649285799728,211.00893472704968,215.81761847164222,42449500
2025-01-31,218.48362731933594,223.94398872866887,213.57621161221792,216.89390089214783,41104700
2025-02-03,214.9881591796875,218.15774282875134,210.8212997116411,212.74675574890747,24507300
2025-02-04,219.6289825439453,220.22143290754073,212.58877925195617,216.58778153962874,23768500
2025-02-05,229.0784912109375,234.93380920688526,224.6351584072771,230.99406376362234,29196000
2025-02-06,228.446533203125,231.843216423545,225.68178999580834,231.54699124657566,21169500
2025-02-07,222.03826904296875,232.68251825902365,221.28784493817844,232.04070955711714,22117500
2025-02-10,232.08018493652344,232.85037642470857,224.25992161006852,224.5660154357296,23901600
2025-02-11,232.08018493652344,234.89430152292462,227.0740381964697,229.55242487948408,18476200
2025-02-12,233.37371826171875,233.50207096368783,227.10367596388608,227.4591431897995,16397300
2025-02-13,232.8306121826172,233.9661243940651,227.82445063134233,233.08733262115527,20962000
2025-02-14,230.1053924560547,232.7714042413032,226.01752680308408,231.57663476915081,16988800
2025-02-18,225.6521759033203,229.2759586749795,221.47544748657205,227.20241250589544,26080500
2025-02-19,225.8496551513672,226.1853850656415,221.5741799683335,224.9807470202307,16375500
2025-02-20,223.8847198486328,226.09650239223797,219.94495959287823,225.7706561996593,16104000
2025-02-21,215.90647888183594,224.88200741697443,212.91463603678977,222.80844610787895,24883600
2025-02-24,205.3115997314453,216.71615745274067,204.92651147384188,215.8472492441157,33050400
2025-02-25,199.9894561767578,206.01264637995664,198.38986126595105,204.3932991056499,33100800
2025-02-26,210.25848388671875,210.85091914506262,203.40587575874747,204.30441989386895,21368300
2025-02-27,195.30914306640625,216.48902404771235,194.91417115472873,214.54383069928443,27572900
2025-02-28,196.9186248779297,198.6564713180188,190.7177084196682,193.29484200035554,39747200
2025-03-03,185.01048278808594,201.49031141533052,182.20624994781224,201.43106939381798,37435600
2025-03-04,185.1190948486328,191.50762054172455,178.2072445527557,186.8371887747405,37910500
2025-03-05,189.16749572753906,191.6360140217183,184.74391516302907,189.44396857115592,25644500
2025-03-06,177.1902313232422,184.4773017862713,175.37340556515207,178.76020526420137,56864100
2025-03-07,192.50491333007812,193.0183542234015,179.27364787960005,185.36594846360015,74528900
2025-03-10,182.1272735595703,189.5624493268275,178.1578919929955,187.21243019700833,44217100
2025-03-11,187.6962432861328,193.1566042532924,183.0159424952184,185.68193909594572,42153200
2025-03-12,191.7841033935547,197.4616950054078,190.02651971730342,193.74904921886423,30409700
2025-03-13,188.9502410888672,193.847787396342,187.08404209642964,190.71769333533186,27236100
2025-03-14,193.07760620117188,195.01293103212828,190.76707686215164,193.7292985993485,25900900
2025-03-17,192.05072021484375,194.24276563033922,185.13886910171314,185.68194613107278,26830600
2025-03-18,186.2941436767578,190.46100391609374,184.54642844146616,188.04185891204946,24951000
2025-03-19,193.1072235107422,195.77321980176936,184.5463902636735,186.9556661197523,37962700
2025-03-20,188.70986938476562,191.9781761277567,187.12524634517226,189.68046743106606,31430000
2025-03-21,189.8191375732422,190.2252032106022,185.570333928145,186.4022773372371,43086500
2025-03-24,189.41307067871094,194.80082266264003,188.8386396835771,192.43377888060837,33180300
2025-03-25,186.4517822265625,189.75971345480707,185.87735123617549,189.0565262612658,23417300
2025-03-26,177.54812622070312,186.2536921282797,175.8743561552768,184.86714509242734,30578500
2025-03-27,170.3380584716797,176.66668254810136,168.8227551795949,175.95359686803442,32151700
2025-03-28,167.49562072753906,171.63548025841092,164.87107965947507,170.2786286444527,30391500
2025-03-31,165.8218536376953,166.3269648388469,159.077265046445,162.91010457469025,35656400
2025-04-01,166.90138244628906,167.0895599286941,161.85036151357497,164.77202396545763,20472400
2025-04-02,170.4370880126953,171.76421381104404,163.91038797349552,164.48481894119044,19523700
2025-04-03,152.53074645996094,161.8602666444248,152.22372639178627,158.99802536207517,44354900
2025-04-04,144.8848876953125,151.33236925300955,137.83327965451377,146.74683525709935,72302200
2025-04-07,152.6595001220703,158.88907865220165,136.7735693661445,143.102193451176,68503500
2025-04-08,154.53134155273438,168.149273764319,151.6195776291734,166.01001678632772,58888200
2025-04-09,183.37164306640625,185.5307121997461,155.997123652336,158.95841038273477,72708300
2025-04-10,170.64508056640625,175.25041178546903,164.80174034695347,173.61626589799,51212200
2025-04-11,180.1925048828125,180.90559063490795,171.6453894814829,171.95240957514568,33964100
2025-04-14,176.64686584472656,184.21348359881225,174.13126900840334,183.30232194501684,25748300
2025-04-15,177.23118591308594,180.50939101329985,176.3695470810812,178.003692820172,17242400
2025-04-16,172.93289184570312,174.38877387550843,165.31675098410085,168.79303240159078,34638600
2025-04-17,169.34767150878906,174.55714453800246,168.2879414483614,174.55714453800246,22501800
2025-04-21,164.6135711669922,166.3863716921887,160.05774780195713,165.38607811229897,23469800
2025-04-22,167.95120239257812,168.88217620188036,163.63307916440144,165.82184386631172,18504900
2025-04-23,175.21080017089844,178.7167921635705,174.13127314251213,176.07243906904878,24380500
2025-04-24,186.3428192138672,186.75879842604172,176.5874372166349,177.96408570653676,27576900
2025-04-25,190.46286010742188,191.5126763898808,185.09492101876484,185.12463165979833,21242300
2025-04-28,190.62135314941406,191.24530692138265,185.87735198227506,188.69998416646294,16385800
2025-04-29,189.33383178710938,191.39385543396716,188.27411687540774,189.87855212126914,14630000
2025-04-30,190.62135314941406,191.34433736770387,182.25251726763258,184.11444984811442,22768900
2025-05-01,195.43467712402344,199.46557753361037,194.35515003546442,196.23689477904858,24939700
2025-05-02,201.68405151367188,203.70445080772564,199.14864255163207,201.94154879155016,17766800
2025-05-05,198.79209899902344,201.2779851760631,198.07901334201384,198.32661210869134,14025400
2025-05-06,198.16815185546875,199.97067819064242,194.05801823694938,194.553215786758,16348800
2025-05-07,202.8428192138672,204.2491784507252,196.5240936025469,197.3758339980784,20253700
2025-05-08,205.7744140625,209.131853171768,201.73359985017396,206.0022007261089,18460900
2025-05-09,206.20025634765625,207.9433613916802,204.5363998371569,207.319407644128,13289200
2025-05-12,219.45175170898438,219.66963984357437,213.80650256785768,217.3818295426096,25437700
2025-05-13,230.1876220703125,233.02015259609766,219.8677071775199,219.8677071775199,28790500
2025-05-14,229.8905029296875,231.2572529866786,226.15672432972298,228.01865681835304,19751400
2025-05-15,230.405517578125,232.2080439305699,225.8794197878664,227.94934193896447,18803700
2025-05-16,226.4142303466797,230.40552149525794,224.2155519581043,230.08860291331544,23094600
2025-05-19,228.41482543945312,229.02886556201938,219.47155894670163,219.7191577202822,15355500
2025-05-20,229.4547119140625,229.5438589515193,224.16600611266193,224.31457443360412,11787200
2025-05-21,227.52346801757812,234.22844725063823,225.6417233234588,226.19634217594742,17642900
2025-05-22,228.31578063964844,231.4454327749845,225.24554979221128,226.1468129579581,14340200
2025-05-23,226.52316284179688,228.4346180833418,224.00755088757305,224.76026081666186,15385600
2025-05-27,233.38661193847656,234.20864172956445,228.91003672429085,230.63331462000428,17941700
2025-05-28,237.1302947998047,238.67532387132286,232.17831923171224,234.87219514973296,20443000
2025-05-29,239.64588928222656,243.70651499526016,235.11977669093983,243.54804816176355,20743700
2025-05-30,239.7449493408203,240.83437488452728,232.64380316824696,238.9031074601209,27088600
2025-06-02,246.3211669921875,247.59876999598578,240.85418191925186,240.91360320609414,19197000
2025-06-03,254.38299560546875,255.40310138207488,247.00453978500002,247.67801633287195,30380200
2025-06-04,258.5723571777344,262.88058220367765,255.1158877130409,255.58137465100648,31536000
2025-06-05,257.433349609375,262.3457302754634,256.5717108471228,260.42436167309313,41970900
2025-06-06,244.55824279785156,252.86767178716102,243.76593884648406,248.7278126137887,41146700
2025-06-09,241.93373107910156,245.78636768846786,238.79418020158676,242.69633959193212,25334100
2025-06-10,242.2803497314453,243.91449554477873,239.08136278878112,241.87428412761793,25491300
2025-06-11,250.4808349609375,252.32297049991425,241.4583347579636,243.9937438627423,24599000
2025-06-12,253.6104736328125,255.41299991979733,247.10357074841298,247.78694576683625,20410900
2025-06-13,246.31126403808594,251.56036121180188,245.9646348124157,248.25244512831424,19028400
2025-06-16,249.67861938476562,252.73893672260704,247.17292090413724,247.94542789985974,20363000
2025-06-17,246.97483825683594,251.52076356414582,245.53876828539958,248.5396644360515,22014300
2025-06-18,248.84666442871094,253.1845997510796,247.01444258282,248.4802230819787,30435500
2025-06-20,248.171630859375,251.67595317122704,242.39395704231367,251.36821046956638,42134900
2025-06-23,251.92413330078125,252.3609352546579,244.66730716540255,247.29802554970544,19747000
2025-06-24,261.85137939453125,263.9361104778464,256.8877483845425,256.8877483845425,32764900
2025-06-25,262.7250061035156,267.9070385395564,261.5138788201313,264.0651926516576,18894200
2025-06-26,268.204833984375,269.69392319110216,262.2087596291865,263.1518312827552,23569600
2025-06-27,267.3907775878906,269.8725928053472,264.9387429412197,268.3338491931666,27477600
2025-06-30,273.64495849609375,275.6899719512188,270.15057333780976,272.73166739926404,24708400
2025-07-01,262.8143310546875,272.50334870317,260.7494738372011,272.4040700215716,28847600
2025-07-02,267.9367980957031,270.02152919641304,260.81896813352466,262.0697825574709,17582100
2025-07-03,273.1783752441406,273.7938606111024,268.15518333852646,268.76076204497446,10592700
2025-07-07,272.1856689453125,275.5410884312071,270.6767359905836,273.1287709767681,16760600
2025-07-08,269.8229675292969,274.3398898913374,269.17770156203375,274.3398898913374,14869400
2025-07-09,275.8786315917969,277.41737552791653,270.7363166496009,270.9745612660417,20133000
2025-07-10,273.39678955078125,279.13474577768363,270.71644698686737,277.75487211273963,17891600
2025-07-11,272.38421630859375,274.4590104060256,269.9123377950849,272.1459717180673,14274700
2025-07-14,273.5953369140625,276.33524052626194,267.6191060163645,272.13602824085694,11934200
2025-07-15,278.8965148925781,281.29889545026657,275.8289944178167,277.7747293836108,17918400
2025-07-16,278.7674255371094,279.4623459548126,273.664828920469,278.0725051194062,15031000
2025-07-17,284.3664245605469,286.1831001282647,277.8739869021022,279.09505100210833,17231100
2025-07-18,281.279052734375,285.4385781557984,278.95607693910864,285.021619799704,15012400
2025-07-21,286.1136169433594,288.4266860141065,281.5669441610343,281.89453048535637,17726800
2025-07-22,276.5635681152344,285.9051246067818,274.41927604521186,285.55766440317495,16564800
2025-07-23,281.6264953613281,281.93423805668573,271.0142499629409,274.76675375060375,20556200
2025-07-24,286.6099548339844,289.08186351873803,281.4378601375051,287.68211602861425,16413800
2025-07-25,288.06927490234375,290.4617486254771,285.1804380904839,285.97463720980545,12476200
2025-07-28,292.1593017578125,293.3009610977826,288.4762961240998,290.3326892276984,13683400
2025-07-29,295.25665283203125,299.99194610967925,292.72518273237233,295.33605760149004,19210800
2025-07-30,300.41876220703125,301.0541214416499,293.6483630541554,294.98854932450763,16738900
2025-07-31,291.5636901855469,304.7173120254918,288.11892914092226,300.59747415612446,25488500
2025-08-01,286.54052734375,290.51143245464056,279.5616325275822,284.45579610141215,21428100
2025-08-04,295.554443359375,296.308924960564,289.2804065493592,290.0746056810316,17164600
2025-08-05,290.7992858886719,299.0091511605925,289.3300704645004,295.64379471514013,18477500
2025-08-06,299.4757080078125,300.6074000537923,289.77675423005445,290.7694803701338,17392100
2025-08-07,301.5505065917969,308.08263136281226,297.69872426240624,303.9429802612503,16319400
2025-08-08,302.751708984375,305.63060889154826,300.34929826174954,301.83838755465973,12458700
2025-08-11,301.6894836425781,306.0674097840865,299.09848282375026,302.83111270408006,12396400
2025-08-12,310.5545349121094,311.1601136694585,302.4539154908001,304.3996504295538,17609600
2025-08-13,306.84173583984375,315.0416639014681,302.53330779094256,314.44602212561466,17371200
2025-08-14,308.9661865234375,311.8848039787792,304.76694378570727,304.7768807423116,15717600
2025-08-15,304.11175537109375,309.23422644951773,297.57962998514586,308.7676439008357,22806900
2025-08-18,303.5359802246094,303.94300161229654,296.8251412495918,300.49824040001744,14724700
2025-08-19,292.764892578125,300.6967653651437,290.263233415247,300.2202761697002,20149600
2025-08-20,289.0521240234375,293.3406785246083,279.81975145019646,293.31089794805854,23600500
2025-08-21,287.4934997558594,290.2632142034538,284.0884563245245,287.9501453031351,14946300
2025-08-22,291.86151123046875,297.90721032762787,286.9078170439723,289.62787721594987,16301300
2025-08-25,292.0898742675781,296.22952603132046,289.58818456717273,290.6801895716669,15124700
2025-08-26,295.84234619140625,298.06604319710254,291.85156745616973,292.2089646438564,25689100
2025-08-27,298.0660705566406,298.9892987415418,291.6431302057609,295.36585381804196,13830300
2025-08-28,306.40496826171875,308.73788113974086,300.13093073738776,300.7265725800576,18907100
2025-08-29,295.22686767578125,304.7768891479581,291.523987936555,304.7768891479581,21610700
2025-09-02,296.0706787109375,296.5372612785509,285.08122171732384,287.23542079872874,19693000
2025-09-03,300.19049072265625,302.23550427484207,294.24404017250083,300.09121204335025,18529400
2025-09-04,303.8735046386719,306.5340036604204,300.0515025993778,302.8410608781425,31220800
2025-09-05,332.4541015625,353.74806100941083,329.00934033406895,353.1921367444998,78401600
2025-09-08,343.13580322265625,351.5938497927474,338.7678140240304,340.2569033164437,43535600
2025-09-09,334.2211608886719,348.4270711438003,333.3872441761201,347.0074495775188,26972300
2025-09-10,366.8818359375,370.2570990221587,348.00016386753055,348.9631095115502,51086800
2025-09-11,357.01416015625,371.5079700346033,356.1504931321263,368.48013667582694,29430900
2025-09-12,357.2523498535156,361.7394913791574,354.56207050667996,360.2702457908928,31949800
2025-09-15,361.4416809082031,362.841428494914,353.74805280742174,357.2523751047279,21792200
2025-09-16,357.38140869140625,363.03002282464877,354.39329332970084,362.7719043348916,21306500
2025-09-17,343.65203857421875,357.3119303496726,339.0159939361556,356.2397993943744,45197100
2025-09-18,342.8379821777344,348.14907314270187,341.289331806406,347.4541527190247,24663900
2025-09-19,342.43096923828125,343.75128172100693,333.9828597941897,342.14307016475516,41240100
2025-09-22,336.9019470214844,344.73803699049046,336.0566779638623,340.52164568402986,28660000
2025-09-23,337.0511474609375,343.2961488752548,335.14183394144476,338.3438906430618,21944100
2025-09-24,337.4190673828125,338.1847653485593,331.94971816245834,337.86657173075366,19677300
2025-09-25,334.2269592285156,336.1760278754911,325.47598241305116,331.134275121943,21678200
2025-09-26,332.66571044921875,337.19034180427343,328.73771110108834,335.5495430902156,15464700
2025-09-29,326.0726318359375,339.1493418032052,325.7245762901725,334.1274972132583,21336000
2025-09-30,328.0714416503906,329.205072741046,322.8009599171497,328.2802628399181,20109500
2025-10-01,331.5320739746094,336.0666592395998,322.69160226111455,326.3212552000971,21122700
2025-10-02,336.29534912109375,345.6727893830656,333.381685003865,345.6727893830656,19917600
2025-10-03,336.4842834472656,342.4806774766384,333.8689353926916,339.5968450377662,14749100
2025-10-06,333.6203308105469,342.2121953344511,332.6955209110659,334.04795751834985,18465700
2025-10-07,334.5351867675781,336.22569443914506,324.7599524782247,335.1517266447086,18086700
2025-10-08,343.5745849609375,344.6087977081947,330.7663582405116,331.9596829756167,21478300
2025-10-09,343.0972595214844,345.37450629286593,338.50301074117135,343.8232022981501,17643700
2025-10-10,322.82086181640625,348.6461338163463,322.24407712615806,343.4651773234566,28941000
2025-10-13,354.712158203125,357.37721554392255,341.60558597971203,350.8040366415935,45984300
2025-10-14,342.2121887207031,348.7157501848421,337.75714457061156,348.17875107559985,22078000
2025-10-15,349.3720397949219,357.39707331833375,345.56339757170997,352.49455527791184,23918500
2025-10-16,352.1763610839844,361.2157000299587,347.5423270287998,354.81158690197896,20317200
2025-10-17,347.3832092285156,349.01408425686975,338.88086957101905,347.6616476056118,20937900
2025-10-20,347.2936706542969,354.60271506615925,345.90147894430004,351.8282552797169,15640200
2025-10-21,340.7503967285156,349.14336395422873,339.40791406219176,348.0494880650942,16092600
2025-10-22,338.4035339355469,346.0705888161216,333.6402499212292,345.3645237166866,19268800
2025-10-23,342.3713073730469,344.6385998982523,338.50297147066453,338.50297147066453,12859200
2025-10-24,352.156494140625,356.3032383927899,348.92460587875416,350.5455270010784,16143700
2025-10-27,360.0323486328125,360.728459798305,353.10118996944504,359.5252114069626,20065800
2025-10-28,370.8914794921875,371.9754013976442,360.5096580622546,360.59915286022726,21056000
2025-10-29,383.8289794921875,384.32619303766535,371.1102485015621,371.1102485015621,24975200
2025-10-30,374.3719787597656,384.2466327695093,367.9976972843224,384.2466327695093,24295300
2025-10-31,367.5700988769531,376.7088864792694,363.06534526598335,376.1619333582533,21598400
2025-11-03,360.529541015625,372.76101282722396,359.962740620075,369.9268894594445,17198900
2025-11-04,349.9786682128906,366.8938825186382,349.04390433189366,356.52198503236366,24047500
2025-11-05,356.97943115234375,362.83659066034375,348.13896016507175,348.93452000871264,17087600
2025-11-06,353.60833740234375,361.4742595953492,350.7443824294534,358.1031370779865,19896900
2025-11-07,347.482666015625,352.52441886645397,335.39042842916786,352.21614888283403,21903200
2025-11-10,356.39276123046875,357.9937743768501,352.63379746590385,355.90547129015016,16409000
2025-11-11,349.9985656738281,359.87325018105065,347.721349386598,356.9695095961331,16446800
2025-11-12,353.2403869628906,356.8700397188604,349.7201066184198,356.0446785991217,12190500
2025-11-13,338.0853271484375,351.5796794627396,332.29775430112113,349.62065691534923,22616600
2025-11-14,340.5514831542969,342.8187756417505,327.22616659303407,329.62273945414825,18500800
2025-11-17,340.74041748046875,350.23721387342283,335.63900193520993,337.9262023242612,14799600
2025-11-18,338.6024169921875,346.03078841146703,333.64023562911325,341.2873822174715,21726800
2025-11-19,352.4448547363281,357.6854744587365,335.91745137694255,338.8112377860541,21851900
2025-11-20,344.8871765136719,373.9840896518858,343.2563016806294,363.96027892935587,28867000
2025-11-21,338.3041076660156,346.6572891403912,329.95089584413364,343.2364575279554,30280300
2025-11-24,375.8536376953125,379.8711314572402,345.7225103496172,345.79212752621737,47262400
2025-11-25,382.8842468261719,385.9669767585517,369.6782567823203,382.78479805141666,33507600
2025-11-26,395.3543701171875,397.64154019645565,381.1241214391412,383.40133753669346,28693000
2025-11-28,400.7143249511719,400.75411053140465,394.9466600651565,397.1244577834378,13365500
2025-12-01,383.92840576171875,393.2163816866779,382.9538866150901,392.64955094985896,23252000
2025-12-02,379.4435729980469,391.307081554401,377.67349389386123,386.1460022440912,22207000
2025-12-03,378.4889221191406,380.16950651535853,368.58443570198494,377.8823360937948,21336400
2025-12-04,378.90655517578125,381.7506324510507,374.4316332437718,378.5584996226792,15845900
2025-12-05,388.0652160644531,391.33688967246087,383.0035858418701,384.0179208913015,24779900
2025-12-08,398.8647155761719,405.02022174829125,395.1853231699673,400.23702982872936,30410600
2025-12-09,404.0257873535156,404.6622049048363,393.30586463113883,396.5277986633077,24546000
2025-12-10,410.6685485839844,412.2993931991623,397.3332779247453,399.9585799580881,31531000
2025-12-11,404.1053161621094,407.0189801403217,391.9932019552537,402.57389000512023,45681600
2025-12-12,357.92413330078125,379.87114634278277,353.1707730499734,377.8425065927604,95588500
2025-12-15,337.916259765625,359.9825988464731,335.62908964676296,359.8732264357258,65894900
2025-12-16,339.39794921875,345.5634092347465,333.1927339698805,334.14737546643596,58061100
2025-12-17,324.2030944824219,344.67834370968916,319.6287543506516,344.67834370968916,73300900
2025-12-18,328.0415954589844,334.1573156602813,321.82642648459625,334.1274840631045,54501900
2025-12-19,338.4631652832031,341.5359714746588,330.72652429698275,331.48229854187196,159095200
2025-12-22,340.19683837890625,344.9692364534412,335.9823521806034,344.7600156991574,28739600
2025-12-23,348.0379333496094,348.8250120003124,337.29749931207215,339.5591570141213,28232600
2025-12-24,348.93463134765625,351.5649262658627,345.8659488754865,349.4029075800455,11424400
2025-12-26,350.8376159667969,351.95350047354117,346.4736865949722,349.7715357876288,15028100
2025-12-29,348.1076965332031,349.0442186073641,343.4249341345299,347.4401421635981,21946900
2025-12-30,348.56597900390625,351.38557889791855,348.01797938252247,348.68553371240546,16633600
2025-12-31,344.82977294921875,348.5958986291571,344.1522759371943,348.4464552302656,15346100
2026-01-02,346.3441467285156,359.3362953283135,344.2917098528593,351.48521194505133,25398600
2026-01-05,342.15960693359375,353.7269817780168,335.2649910643092,353.43803761093864,31136000
2026-01-06,342.50830078125,347.7689211606285,336.7594885063058,342.3389417342706,27135500
2026-01-07,342.2392883300781,348.41654528894907,334.6472600739357,340.4459068416692,20249300
2026-01-08,331.2597351074219,342.4186103632603,329.286991203525,341.5219196453333,24385200
2026-01-09,343.7038879394531,346.1150194031593,332.27598406295414,336.6797751012507,22482500
2026-01-12,350.9173278808594,352.6011277594498,339.698674448018,339.698674448018,20949600
2026-01-13,353.3085021972656,358.17059657442337,349.62210011368643,351.58487107154133,18308000
2026-01-14,338.642578125,349.4029286863791,333.19265245524537,347.68924007343315,30094700
2026-01-15,341.76104736328125,348.3966076801905,340.4160264171507,347.8386654077994,22218800
2026-01-16,350.4191589355469,353.2089007262952,342.78726872505104,344.99912218243014,31291200
2026-01-20,331.3793029785156,344.1323124647733,330.58222088214137,342.837095865828,32293900
2026-01-21,327.5932312011719,334.56753991024675,323.01013837395254,334.2786261557405,32006600
2026-01-22,324.2953796386719,335.75317243641445,323.69760607803045,334.11920736137336,24275400
2026-01-23,318.8753662109375,320.8082486122757,312.9571642861103,318.1281188002833,30259500
2026-01-26,323.6577453613281,327.4736751610913,316.4343542276309,318.6262615696849,25006400
2026-01-27,331.568603515625,333.5313744429392,325.81976109514653,328.54972543001713,25537600
2026-01-28,332.0169372558594,338.7421634956658,325.5009621688594,337.6063633193964,23001700
2026-01-29,329.51617431640625,334.7170172246241,319.1045154719265,331.3394445196304,20447500
2026-01-30,330.08404541015625,336.95874524698775,327.12494473425943,331.21987595904915,28313000
2026-02-02,329.8947448730469,334.82658953615237,324.55443174960084,324.9130958822625,17278200
2026-02-03,319.154296875,337.6561477130813,307.51717263997887,335.50407179473007,36914800
2026-02-04,306.9194030761719,318.33736523318174,294.21619728396405,318.33736523318174,43330300
2026-02-05,309.3703918457031,325.33158511694234,305.574377544834,313.18632179759084,42775800
2026-02-06,331.6981506347656,333.7705033667693,315.1391228076482,318.92519452201884,33003400
2026-02-09,342.67767333984375,351.04683756640543,329.4364418037815,329.55599651471385,30091000
2026-02-10,339.1905212402344,346.73274516127924,338.5927172761311,346.1947185530291,19542700
2026-02-11,341.50201416015625,345.9257209328718,332.51509984715887,345.52716468586686,17004700
2026-02-12,329.9545593261719,345.01906131494906,328.3504525077073,342.56806806976016,22007300
2026-02-13,323.9765625,333.09297375277924,323.4983132676261,328.6393784947527,18397200
2026-02-17,331.31951904296875,334.51772917618604,315.14907549970434,318.5067020490309,23469700
2026-02-18,332.28594970703125,336.6399059158725,326.0289999980731,328.31057326826937,13565300
2026-02-19,332.76416015625,337.19783966179045,328.46998140899325,331.7877764705465,15180900
2026-02-20,331.4291076660156,338.8617195900129,328.37036782936144,331.14016350541874,17658900
2026-02-23,329.1275939941406,337.2576490951474,324.1260291692235,331.03058762736407,16472400
2026-02-24,324.2953796386719,327.1050369959775,313.2959204448514,321.3562249469424,23614400
2026-02-25,331.0903625488281,334.67715600899425,328.07148438768274,329.5261174222931,20182300
2026-02-26,320.519287109375,325.3813506633246,306.79980723320375,325.30165766317515,33025300
2026-02-27,318.377197265625,318.8255578686076,308.8622591852136,309.55970225528097,28004200
2026-03-02,317.6498718261719,318.8653953895662,306.07252449915245,308.22457009461783,20567200
2026-03-03,312.68817138671875,314.72069289120583,306.2718044142909,311.85125792147716,20826200
2026-03-04,316.3645935058594,321.4558544873858,310.59583557195833,314.52137733361707,34895800
2026-03-05,331.54864501953125,334.88635581406487,321.84440283626805,328.9681545763323,57076600
2026-03-06,329.26708984375,342.24926618150187,326.1983769711768,327.0751520776263,39152200
2026-03-09,344.4810485839844,347.2109826665509,322.42229092163143,326.0489462013272,40605800
2026-03-10,341.3226623535156,351.8439334106809,339.54919645898224,347.4501151786214,29531700
2026-03-11,340.3163757324219,344.5408043378694,336.9786648345567,341.33262117838166,20104100
2026-03-12,334.7369384765625,338.58275707480584,330.9807859154956,336.5004313521793,21982700
2026-03-13,320.9776306152344,337.07832476483355,320.25029887308415,336.44065906121017,34725000
2026-03-16,323.7275085449219,327.99179909070955,318.8853296584693,324.8234470564934,31363100
2026-03-17,320.1307373046875,326.2382440667771,316.0856406013058,324.5644172389447,38026500
2026-03-18,314.7704772949219,324.24558375015846,314.39186709294574,319.2539615498681,25460600
2026-03-19,318.6661376953125,322.0835418062096,307.377733798167,311.32319151685414,23524800
2026-03-20,309.3703918457031,320.3300202096048,308.78256088212635,318.9451071216726,43325900
2026-03-23,322.0003967285156,325.9641247660054,314.4323571755344,317.4975134386726,27369200
2026-03-24,317.78704833984375,323.8873787245429,314.3424878240393,319.4943376753773,19799000
2026-03-25,318.30621337890625,323.7875283200097,316.21951965730335,322.08023899676266,19900000
2026-03-26,308.9310607910156,316.41920911815595,308.6814558467776,313.52376738951216,20343700
2026-03-27,300.2048645019531,307.01409499464205,298.3977270632729,306.5747878358005,23593900
2026-03-30,292.94635009765625,304.2883841263782,289.50178968312434,300.39455309431185,28054500
2026-03-31,309.02093505859375,309.8196587444799,295.8717323324701,298.9169311322916,29289500
2026-04-01,312.99462890625,315.29101284198265,309.98940587806464,312.8748233993929,19171000
2026-04-02,314.0529479980469,314.19274140072105,301.27318625357447,304.0088468607454,14021100
2026-04-06,313.9331359863281,315.9000242460939,309.78969983648585,314.56214534661507,12111300
2026-04-07,333.4422607421875,333.621968992959,321.29147840912157,326.2137111638498,33310900
2026-04-08,350.0759582519531,353.58042168937504,341.9887513414019,351.19418361323665,31573100
2026-04-09,354.34918212890625,358.13320177979557,350.9445668848811,351.74329055349165,20514900
2026-04-10,370.9628601074219,375.95495904827993,360.2498352807269,360.36964078021094,29958100
2026-04-13,379.1499328613281,380.25816425440775,368.89617211078104,369.07588036868225,24115800
2026-04-14,380.17828369140625,381.6759133656677,375.72533999135464,377.3028298417277,24423000
2026-04-15,396.0931091308594,396.4525256379757,384.9607343182478,389.2639212714563,29559300
2026-04-16,397.8403625488281,399.0484420471456,391.73003788508925,394.3758444183283,18872900
2026-04-17,405.8976135253906,406.0873157340535,399.1782369795804,400.2665109575457,20581700
2026-04-20,398.9985046386719,405.7777835286593,395.2743878615366,405.0589200627321,16922000
2026-04-21,401.5345153808594,402.96224842135666,393.9465185989584,398.778866907118,16275500
2026-04-22,421.98211669921875,422.5312658634436,404.2202201647497,406.3368957065317,23702500
2026-04-23,419.27642822265625,428.63161720765004,417.1397951490632,421.722569007754,19501600
2026-04-24,422.09197998046875,424.328430664838,408.2139198726521,424.3084732370687,22491100
2026-04-27,417.5391845703125,422.0819826033756,413.9748184690356,419.81558056108463,17451600
2026-04-28,399.19818115234375,405.16874261392576,394.0263738242293,399.6774336324243,25519200
2026-04-29,404.809326171875,404.9990283742698,396.15301296947183,402.8623953449198,15962500
2026-04-30,416.7703857421875,417.71889677620834,403.59126215971867,414.8634001949257,21821600
2026-05-01,420.6142883300781,422.5013163603417,412.626930002147,414.43406738629307,11882600
2026-05-04,415.84185791015625,423.160261834928,408.88287049778353,417.5591412312245,15140400
2026-05-05,426.6846923828125,432.70519332765383,418.6873701051219,420.9937175205983,21175200
2026-05-06,424.7677307128906,436.98837956106627,417.119831234386,434.87173441749127,20707000
2026-05-07,411.9080810546875,425.816061920845,405.65796319255526,421.1534583953846,22791700
2026-05-08,429.3205261230469,434.3126252640125,413.34580887195676,419.13663168773485,22561400
2026-05-11,427.75299072265625,432.96474333546047,424.37832689893474,426.9442731163034,16825500
2026-05-12,418.6374206542969,428.6615642339731,407.7646445984097,422.7608994088061,19004300
2026-05-13,416.13140869140625,417.96849751881496,404.1603342331478,415.1529462908859,16981200
2026-05-14,439.0950622558594,441.6609780428996,414.9332903643237,416.0715035872308,19733800
2026-05-15,424.51812744140625,432.12608162585786,419.13662996428303,432.12608162585786,18957100
2026-05-18,420.0451965332031,421.3431605888268,413.7152184916585,420.74410259925855,17863300
2026-05-19,410.4204406738281,417.28957387627776,405.218651499627,409.17241590505034,20652100
2026-05-20,417.0998840332031,423.4997588934565,410.76990587471755,412.15769361465635,16312600
2026-05-21,413.9149169921875,421.58277398795553,409.85134096401595,412.896509263339,16865300
2026-05-22,413.485595703125,419.32632722976456,409.56178268396343,416.83027769894267,14086400
2026-05-26,421.3431701660156,434.6221419680613,416.34107697305205,417.8387067463364,22562900
2026-05-27,421.193359375,432.11607435121795,415.8318499600915,424.3983088494184,17601000
2026-05-28,425.9059143066406,429.00102184903426,413.3558002995021,420.474538506201,17855600
2026-05-29,446.06402587890625,448.19066503671235,430.78821434578,432.26588669428304,41798400
2026-06-01,459.2431640625,465.3135431382977,441.5212123254821,449.37877140364344,30586000
2026-06-02,480.8090515136719,488.047595381557,469.71659120447544,488.0176440050159,38306700
2026-06-03,478.4727478027344,494.21781760890264,471.8931647559405,493.9981640267467,50126400
2026-06-04,418.248046875,425.80609216039676,402.3731779666581,408.3437089388015,80979400
2026-06-05,385.1204833984375,409.8513310665424,384.9806900000674,406.96588319695917,51146100
2026-06-08,395.9732971191406,402.2034268949122,390.73159319104514,401.98377332105593,37099000
2026-06-09,391.5403137207031,407.22548029921717,369.7447923517003,400.9753625803298,37026900
2026-06-10,371.51202392578125,385.2003512300928,370.5835007988036,380.8971642108943,38193500
2026-06-11,384.9607238769531,388.8845063199887,369.964439203457,372.23087161615763,35187600
2026-06-12,381.4662780761719,384.3716834858954,376.40428214162193,383.11366472907446,27600900
2026-06-15,393.3175048828125,395.5739434179131,387.9859467199298,394.88503130709665,32394200
2026-06-16,376.1147155761719,391.1709032730324,375.8651106253426,389.59338292095293,31573700
2026-06-17,392.2791442871094,400.016897953316,382.04534105115863,388.09576277066986,40005500
2026-06-18,410.70001220703125,412.0478851010793,404.7394444719192,408.93278956863384,45076100
2026-06-22,392.1300048828125,414.6400146484375,391.9100036621094,413.6600036621094,26403700
2026-06-23,380.1499938964844,391.0199890136719,376.6600036621094,377.8699951171875,33122200
2026-06-24,382.07000732421875,388.739990234375,376.9599914550781,386.6199951171875,29938700
2026-06-25,378.9100036621094,388.79998779296875,372.70001220703125,386.5799865722656,23353700
2026-06-26,365.0199890136719,373.69000244140625,363.8299865722656,370.45001220703125,34839300
2026-06-29,372.45001220703125,376.2099914550781,360.4599914550781,373.6199951171875,24285200
2026-06-30,377.75,379.6199951171875,370.6400146484375,374.7900085449219,28517400
2026-07-01,369.3399963378906,373.75,368.0299987792969,371.8699951171875,23712600
2026-07-02,360.45001220703125,374.0,356.42999267578125,365.7300109863281,26749500
2026-07-06,373.8999938964844,383.1600036621094,371.17999267578125,373.6099853515625,24544000
2026-07-07,370.7799987792969,372.9599914550781,362.010009765625,366.55999755859375,24116700
2026-07-08,388.69000244140625,395.0899963378906,376.8900146484375,377.5199890136719,31624100
2026-07-09,401.1099853515625,407.5199890136719,387.92999267578125,402.19000244140625,28074000
2026-07-10,399.9700012207031,402.44000244140625,395.70001220703125,398.5,14595900
2026-07-13,384.04998779296875,395.75,383.4200134277344,393.4800109863281,21294500
2026-07-14,389.1099853515625,397.3299865722656,384.6400146484375,395.7200012207031,20118700
2026-07-15,394.2799987792969,399.0,386.739990234375,396.0899963378906,16324100
2026-07-16,374.45001220703125,386.739990234375,371.8999938964844,384.5400085449219,23407200
2026-07-17,370.8299865722656,377.3500061035156,357.79998779296875,366.04998779296875,23272200
2026-07-20,378.1600036621094,383.5899963378906,375.9599914550781,378.760009765625,14420500
2026-07-21,386.5,390.5799865722656,379.2200012207031,390.2099914550781,17291100
2026-07-22,396.80999755859375,398.5899963378906,380.0,380.20001220703125,16966200
2026-07-23,392.4700012207031,397.6099853515625,386.82000732421875,392.19000244140625,16348700
2026-07-24,381.9200134277344,389.2699890136719,378.75,387.67999267578125,15149400
2026-07-27,383.2200012207031,389.8999938964844,373.5,389.82000732421875,18502100
2026-07-28,380.9100036621094,385.79998779296875,371.5199890136719,374.3599853515625,20262800
