Price,Close,High,Low,Open,Volume
Ticker,CAT,CAT,CAT,CAT,CAT
Date,,,,,
2010-01-04,39.05194091796875,39.47881057941645,38.358276445944306,38.45165641068689,7325600
2010-01-05,39.518829345703125,39.64555547743022,38.838504889620395,39.05193971376277,5697200
2010-01-06,39.63888931274414,39.97238156505103,39.385434488574596,39.4721431865907,4718800
2010-01-07,39.798946380615234,39.9523549871321,39.11862472900616,39.55216293662595,5432900
2010-01-08,40.24584197998047,40.2658506993726,39.51882882472238,39.51882882472238,6651300
2010-01-11,42.77370834350586,42.96713443287709,40.58600029483255,40.65270026237967,21958800
2010-01-12,41.51311492919922,42.12673942618076,40.806110468276096,42.02669073698671,13561900
2010-01-13,41.57313919067383,41.87328013749039,40.93950349696764,41.419730538480295,8398700
2010-01-14,41.339698791503906,41.913305865641036,41.18629266261624,41.41973621867487,6224100
2010-01-15,40.3726806640625,41.41355932905192,40.29881140934732,41.26582338132412,9397000
2010-01-19,40.91661071777344,41.09792539968061,39.855584629954066,40.13091376284236,8056500
2010-01-20,40.13093566894531,40.58086550928699,39.82874692918054,40.406264952126435,6953500
2010-01-21,38.1767578125,40.22494129463938,38.0760291151225,39.9563263115614,13874900
2010-01-22,36.43077850341797,38.64012955649851,36.2763257406696,37.995456487191454,14757600
2010-01-25,37.028446197509766,37.733557562894035,36.82027194929055,37.041877207347,9777300
2010-01-26,37.50523376464844,38.23720711546695,36.66581490186129,36.92771573888146,15218300
2010-01-27,35.886837005615234,36.15545208664256,34.26843741859859,35.564500445404406,34041000
2010-01-28,34.825801849365234,36.14872648005875,34.382588898419044,36.14200969621122,15623100
2010-01-29,35.08099365234375,36.1151557270574,34.91982410624253,35.4436206480912,13962000
2010-02-01,35.55107116699219,35.927131786408935,35.255596612831205,35.470487663439805,7159100
2010-02-02,35.96070098876953,36.07486327800141,35.336173194738386,35.91369374076313,7665400
2010-02-03,35.853275299072266,36.262912310976354,35.65852941444503,35.72568449278423,6340800
2010-02-04,34.51689910888672,35.49733956806524,34.503468101838735,35.457046546921305,11640200
2010-02-05,34.75193405151367,34.906386784338316,34.04010607433255,34.38930455964578,15988800
2010-02-08,34.100555419921875,35.020560455532724,33.9125263903738,34.678076081194845,8668700
2010-02-09,35.947265625,36.430771616428295,35.28916167094625,35.389892939728,15494200
2010-02-10,35.69210433959961,36.29648460847421,35.2220290893389,36.02787200954239,8581500
2010-02-11,37.70668029785156,37.787263757116065,35.369736923863094,35.658497094738046,16405500
2010-02-12,37.74026107788086,37.975297263127686,36.67252050745531,36.994856945094796,13447700
2010-02-16,38.35807800292969,38.43866404634766,37.73355025580524,38.12304178055068,7364200
2010-02-17,38.61326217651367,39.184065897050615,38.42523319783377,38.98260591107891,8450800
2010-02-18,38.82145309448242,38.98262011731196,38.17677731805335,38.37823993914573,6844000
2010-02-19,39.11690902709961,39.27136175104695,38.48566712552752,38.673696083080394,8005800
2010-02-22,38.96917724609375,39.60042181823718,38.94903201479653,39.439252282750836,6994800
2010-02-23,38.04918670654297,39.204228142445906,37.753712122297316,38.875174746739724,10311000
2010-02-24,38.25062561035156,38.58639304561456,37.914858175088575,38.05587988309049,5810100
2010-02-25,38.136478424072266,38.290931187562954,36.40391666006669,37.15603780624278,9965600
2010-02-26,38.31108093261719,38.43867425439555,37.6731220088355,38.23721165405148,6108500
2010-03-01,38.848304748535156,39.210934319567535,38.445384710745714,38.499108748692635,8398500
2010-03-02,39.04975891113281,39.49968610428295,38.96245864914003,39.13705661142301,6583600
2010-03-03,39.33180618286133,40.245094226119555,39.2109296735064,39.25122269719232,8833800
2010-03-04,39.251216888427734,39.62056058492981,38.82143494619241,39.47953886545306,6195600
2010-03-05,39.775020599365234,40.010059403268116,39.553415365534256,39.89589711298319,6626900
2010-03-08,39.560123443603516,39.94961494069181,39.33180146020409,39.93618393440919,4755100
2010-03-09,39.74142837524414,40.10405777024803,39.21763206803977,39.257922515238945,7692500
2010-03-10,39.47282791137695,39.95633394865176,39.237791677536606,39.69443569902885,6529900
2010-03-11,39.553428649902344,39.60715013971821,38.89532182730563,39.479559359914724,6166500
2010-03-12,40.53385543823242,40.621155710739295,39.85560361304521,39.97648012522308,9688800
2010-03-15,39.93619155883789,40.45998809534806,39.20421822775684,40.31896634501117,7906700
2010-03-16,39.92274475097656,40.07719744903719,39.51310810921916,40.057052224590755,7281000
2010-03-17,40.43984603881836,40.62787505403415,39.949625705074894,40.057071222584376,7925400
2010-03-18,40.13765335083008,40.5540043967609,39.84889305205623,40.03020783698654,7204200
2010-03-19,39.86903381347656,40.5002783779943,39.586990331911224,39.86903381347656,9425500
2010-03-22,40.25851821899414,40.47340918446878,39.392237573466915,39.41909958457684,7512500
2010-03-23,41.910518646240234,41.97767115264136,40.29883287557405,40.35927115601663,14315300
2010-03-24,41.675453186035156,41.997789602553475,41.24566873564195,41.60829816486335,11447400
2010-03-25,41.72917938232422,42.78348899833667,41.668741137253974,42.09180885274571,11361900
2010-03-26,41.930633544921875,42.42757044250126,41.62844492307579,41.9037740988192,7887300
2010-03-29,42.62904739379883,42.709630887677356,42.145541307121476,42.145541307121476,6986500
2010-03-30,42.41415023803711,42.72977250585097,42.179114014156184,42.561888756878105,6183200
2010-03-31,42.20597839355469,42.64247721651518,42.05824241917205,42.14554013440174,6660800
2010-04-01,42.97153091430664,43.112550104653806,42.50145584576959,42.50145584576959,7829300
2010-04-05,43.6430549621582,43.649771746211044,43.11254173689565,43.219989788120756,6695600
2010-04-06,43.844520568847656,43.96539707324362,43.36101455126379,43.522181515989935,6389000
2010-04-07,43.29386520385742,43.90495943110167,42.97824291272219,43.817661719611294,6973000
2010-04-08,43.300575256347656,43.41473496671725,42.676044994487086,43.01181502673898,5418000
2010-04-09,43.831092834472656,43.99897660607052,43.52890409495894,43.58262813148772,6022900
2010-04-12,44.81153106689453,44.99284325556641,44.160141322404925,44.274301038361486,11837000
2010-04-13,44.44890213012695,45.16072757207063,44.428756900397275,44.79138128234212,7001400
2010-04-14,45.18087387084961,45.24131468487409,44.45561484298852,44.56977968650021,5497400
2010-04-15,45.8121223449707,46.14117308789229,45.10029682502436,45.10029682502436,7129500
2010-04-16,44.912254333496094,45.81883058892151,44.549624856006915,45.697954096425114,10385300
2010-04-19,44.98613357543945,45.462922867439126,44.16685995808003,44.72423530410732,7969400
2010-04-20,45.32862091064453,45.8658510596888,45.2614684228656,45.46964267200221,7695400
2010-04-21,45.496482849121094,45.61064253587832,44.79136925744841,45.489766066545975,6357500
2010-04-22,45.61812973022461,45.71273067996606,44.57751412770355,45.0505188764108,8718700
2010-04-23,46.47629928588867,46.59117113698172,45.266752619000606,45.40865405070944,9044500
2010-04-26,48.41560745239258,49.2129616792234,47.739883706107584,47.89529728074982,20131900
2010-04-27,46.3073616027832,48.36832171839916,46.13843061479385,48.1453315769657,14323100
2010-04-28,46.604679107666016,47.483117101407686,46.3546594039077,46.91551148902362,8232800
2010-04-29,47.807472229003906,47.81423091239711,47.043905977249416,47.27364965896912,7916800
2010-04-30,46.010066986083984,48.219688424071705,45.827623686015976,47.969668566957964,9428100
2010-05-03,47.2601432800293,47.40880340083672,46.010049621620794,46.199256692426495,7885900
2010-05-04,45.070796966552734,46.32764424844798,44.766723173183145,46.32764424844798,12558100
2010-05-05,44.57074737548828,45.57082100575445,43.30038831224158,44.50317601724315,11419500
2010-05-06,42.908470153808594,45.232962155164635,39.732567122950876,44.49642038039632,19363500
2010-05-07,41.96244430541992,43.55039410431118,40.97588823821359,42.6043823905161,15724700
2010-05-10,45.06403350830078,45.273506290675236,44.05044754656925,44.516693583317696,11852100
2010-05-11,44.64507293701172,45.25998409268717,43.92204865006368,44.04367914484763,7481300
2010-05-12,46.050594329833984,46.15195396684709,45.00322000630739,45.04376695433181,7791600
2010-05-13,45.21269226074219,46.21951950923514,45.050514799833465,46.05058852064537,6531000
2010-05-14,43.84096145629883,44.72616320391636,43.18551107575535,44.570744450324874,9938400
2010-05-17,43.09767150878906,44.42208979534992,41.88812763093153,43.92881421255843,11881200
2010-05-18,42.69899368286133,44.280187762694915,42.469247446383555,43.86124223068783,9594300
2010-05-19,41.51648712158203,42.68548948683232,40.05692319169743,42.530073255604194,18582700
2010-05-20,39.64472579956055,40.820486692461074,39.19199195734093,39.91501643033934,22798500
2010-05-21,40.60425567626953,40.881302415981274,38.65141370882789,38.71898507844246,15889900
2010-05-24,40.01637268066406,41.293490518952105,39.92852784642984,40.58398089520122,11176700
2010-05-25,40.00959777832031,40.11095735963,37.664838402323,38.077027674702045,13793600
2010-05-26,40.360992431640625,41.48945280229509,40.036645235259144,40.293421065692044,11566900
2010-05-27,41.93541717529297,41.9759589508884,41.09751858467276,41.462410031120996,9555100
2010-05-28,41.05697250366211,42.17867378697384,40.57720927630717,42.17867378697384,7704900
2010-06-01,40.05016326904297,41.65162848646071,40.0163775833312,40.57047107758852,8340800
2010-06-02,41.124549865722656,41.15157943569935,40.056905050778475,40.47585565237215,9453500
2010-06-03,41.29349899291992,42.13815409397725,40.827247727419284,42.09085361453266,8982700
2010-06-04,39.029823303222656,40.67859177474137,38.759535206914094,40.19882827720527,10279600
2010-06-07,37.72567367553711,39.3811954800167,37.70540020189712,39.19874968335237,8904600
2010-06-08,38.25271987915039,38.637882190088874,37.09047426569031,37.847284103959446,11604900
2010-06-09,38.387874603271484,39.76634936131858,38.2392145246099,38.847367048514535,9749300
2010-06-10,40.509647369384766,40.543433048055064,39.191985279786564,39.40146061183372,9704700
2010-06-11,40.698848724365234,40.70560740662421,39.86095256199348,40.01636874408369,7341400
2010-06-14,41.21916198730469,42.27329230379814,41.13807583301516,41.50296481615925,9783000
2010-06-15,42.881439208984375,42.94901314738005,41.55702094861532,41.75973760843798,11870300
2010-06-16,43.50986099243164,43.59770324245848,42.3881594348452,42.509789941616916,10561900
2010-06-17,43.888267517089844,43.915297093134186,43.023341705128736,43.672036064099565,10574600
2010-06-18,44.49644088745117,44.53022916214047,43.63151467122086,44.0099186019799,11005600
2010-06-21,44.64507293701172,46.18572243403269,44.29369881617122,45.65189999333443,11652400
2010-06-22,43.32067108154297,44.922139003389404,43.165254852822535,44.80050846305467,8659600
2010-06-23,43.46931457519531,43.83420605661635,42.327339669749676,43.28686625680299,9037100
2010-06-24,42.82062911987305,43.55040969882412,42.604397646281434,43.11794932932339,8658200
2010-06-25,43.72610092163086,43.72610092163086,42.51655430148662,42.93550505179253,12068800
2010-06-28,43.51662063598633,44.12477318327692,43.25308872472112,43.55040373811319,6836700
2010-06-29,41.11779022216797,42.475996438373265,40.712356992732076,42.3949103080224,13057100
2010-06-30,40.590736389160156,41.854339420253325,40.48262066314709,41.232674640098736,9630300
2010-07-01,40.52316665649414,41.01644483736892,39.23253399758001,40.32044740659621,11598200
2010-07-02,39.989341735839844,40.989412826718144,39.61093541320393,40.7461518034295,7878200
2010-07-06,40.4150505065918,41.65838268167154,40.00961458868705,40.9488704697588,9357300
2010-07-07,42.01650619506836,42.077321440327395,40.320438009333984,40.442068499852056,7592900
2010-07-08,42.68548583984375,42.807116371749096,42.01652049204698,42.624673151573695,6058800
2010-07-09,43.73284912109375,43.820691367117476,42.57060325498822,42.65168939658011,6456900
2010-07-12,43.43553924560547,43.98963273661831,43.158492500099044,43.58419935508589,4915400
2010-07-13,45.13159942626953,45.51676183901509,44.1315257963988,44.516688209144355,10081500
2010-07-14,45.070796966552734,45.2127035691822,44.27344229476291,44.834294554446835,6851200
2010-07-15,44.9423828125,44.99643678811749,44.16529955959096,44.85453543581693,8101700
2010-07-16,43.49351119995117,44.7519268552034,43.3642696050774,44.731520970446496,8504100
2010-07-19,44.078521728515625,44.37101828565035,43.23504274157734,43.77922147757838,6826400
2010-07-20,45.1872673034668,45.41854090472955,43.235025721350816,43.235025721350816,9468600
2010-07-21,45.48658752441406,46.28925217157466,45.02403492791985,45.56821109516725,11432400
2010-07-22,46.2552375793457,46.67697837850745,45.207691870226185,45.85390786199166,15905800
2010-07-23,47.146339416503906,47.37081465648381,45.79949835602244,45.91513522884882,8865900
2010-07-26,47.60886764526367,47.6700904927678,46.989866616522924,47.214341741210845,8878400
2010-07-27,47.057891845703125,47.73811577802628,46.31644506082859,47.73811577802628,11948000
2010-07-28,47.42521667480469,47.513643923837,46.73138530957628,46.73138530957628,7609900
2010-07-29,47.20755386352539,47.812952901011954,46.39808551892508,47.50684894034134,7671300
2010-07-30,47.44563674926758,47.785748840660176,46.52053144550381,46.52053144550381,7218100
2010-08-02,48.329925537109375,48.77206706092861,47.66330361969419,48.11905253206986,6304100
2010-08-03,47.867340087890625,48.31628499795963,47.53402676302568,48.003382741924966,5878900
2010-08-04,48.37755584716797,48.61563332290359,47.80616471570273,47.80616471570273,6204800
2010-08-05,48.948917388916016,49.14618296753552,48.16665876741027,48.173462460382574,7415000
2010-08-06,48.67683029174805,48.928515053029756,47.81975174409203,48.30271018625623,5463400
2010-08-09,49.02375030517578,49.098575370780424,48.58160360561142,49.01694661111227,3625400
2010-08-10,48.581581115722656,48.969308462684154,48.01019563165123,48.214259651807204,6082400
2010-08-11,46.738182067871094,47.724509805490676,46.493301056441155,47.62247518577881,9221200
2010-08-12,45.915130615234375,46.25524269386574,45.42536839165345,45.915130615234375,7639900
2010-08-13,46.26203155517578,46.568130251917665,45.71785032797154,46.07836818537321,6659300
2010-08-16,46.588539123535156,46.92185261165102,45.61581862065438,45.99674757997292,5432500
2010-08-17,47.43880844116211,48.132639653846724,47.13951348501798,47.23474440602238,5946900
2010-08-18,47.44563674926758,47.914993096092935,46.97628040244222,47.493252234474596,4988000
2010-08-19,47.13270950317383,47.955779709466405,46.5409129065537,47.52724056758724,9625400
2010-08-20,46.840206146240234,47.30275848710024,45.887891892740775,47.20752758071981,8022000
2010-08-23,45.46617126464844,47.44562566517503,45.38454770318999,46.7313883642289,8878600
2010-08-24,44.24177551269531,44.78595167181542,43.74520964267147,44.615895649022015,9669800
2010-08-25,44.0104866027832,44.20095366429272,43.085384229086756,43.731597487542196,8679500
2010-08-26,43.50033187866211,44.77235022392025,43.37789133261063,44.09892981548613,7075100
2010-08-27,44.82676696777344,44.996822984199206,43.09899721812384,44.051311948047726,7486300
2010-08-30,43.85404968261719,45.00363010181802,43.84724598832716,44.99002271323796,5133900
2010-08-31,44.323394775390625,44.79274576874471,43.47991334647346,43.62956344481995,6760700
2010-09-01,46.36407470703125,46.62255798313664,45.132865621832,45.60902558059173,9071200
2010-09-02,46.622562408447266,46.79261844063899,46.085184723957624,46.49331816327812,5293400
2010-09-03,47.67009353637695,48.0170039988298,47.30277199698866,47.581661105413296,7837700
2010-09-07,47.411617279052734,47.64969986372685,46.799419746170685,47.46603645210385,6841700
2010-09-08,48.11903762817383,48.6224070548904,47.581660119995796,47.60207119650853,6323200
2010-09-09,48.051021575927734,48.860489773570414,47.62248233642715,48.67682639257222,5355900
2010-09-10,48.472755432128906,48.67681948353286,47.86735659048,48.248280304857815,5018300
2010-09-13,49.13938903808594,49.30264656367594,48.77887108437983,48.948927114595776,7694600
2010-09-14,48.86049270629883,49.227814300645655,48.68363300760648,49.16659144007247,6040400
2010-09-15,49.06454086303711,49.1597717799339,48.15984715251759,48.55437301264898,5506100
2010-09-16,48.976131439208984,49.21420881798784,48.48636929446528,48.92171226986021,6233000
2010-09-17,49.7787971496582,49.86722440957785,48.35712615901036,49.12578267178805,11341800
2010-09-20,50.84672164916992,50.88073491009752,49.57470146002424,49.83318978780608,8886300
2010-09-21,51.96231460571289,52.452076750569546,50.8263416912078,50.873957166974556,14968300
2010-09-22,51.819461822509766,52.037133283558994,51.35690931906802,51.86707729243625,8386100
2010-09-23,51.87389373779297,52.71737020800554,51.016809878715044,51.30250276850826,8745800
2010-09-24,54.234256744384766,54.37029945581552,52.79898382309417,52.92142433926056,14218600
2010-09-27,54.10502243041992,54.4043226779395,53.66967944659021,54.213855581528485,8361900
2010-09-28,54.19343185424805,54.377095196488106,53.349955749389785,54.03698327795055,7784800
2010-09-29,54.41114044189453,54.417944138027664,54.02341279749906,54.14585337939761,7939900
2010-09-30,53.52003479003906,54.47234961058461,53.200328618383935,54.44514002260351,11940800
2010-10-01,53.20712661743164,53.6560717968184,52.73777035697019,53.25474209387717,8540800
2010-10-04,52.56089782714844,53.23432321649949,52.04393140604814,53.0710657459133,6418700
2010-10-05,54.009796142578125,54.25467724084806,53.193524085112294,53.38399119797638,7140300
2010-10-06,53.792118072509766,54.349901575065076,53.38398468839326,54.145832288158054,6252200
2010-10-07,53.56084060668945,54.27507793990654,52.955441613264476,54.05060275635858,8978100
2010-10-08,54.669586181640625,55.098125287810994,53.6900622935992,54.01657198617817,14296600
2010-10-11,54.40431213378906,54.92808227573821,54.08460605675527,54.4383202164266,4593700
2010-10-12,53.96895980834961,54.2478540884479,53.26153154453647,54.2478540884479,10034200
2010-10-13,54.61520767211914,55.22741055766669,54.472361197107944,54.66282316378954,8493200
2010-10-14,54.356693267822266,54.98249799795058,53.9213452058891,54.75121917787057,5663900
2010-10-15,54.24786376953125,54.73762587780209,53.73769577169867,54.60838165764805,6522900
2010-10-18,54.5811653137207,54.76482867641947,54.18663938843891,54.38389975623151,6542700
2010-10-19,53.43159103393555,54.22064808311437,52.90101201657273,53.71728383503323,9857200
2010-10-20,54.63556671142578,54.94846898685395,53.60842748381282,53.669650314709045,9662300
2010-10-21,53.958465576171875,55.5384367348835,53.01458758314535,55.3948034675719,17736900
2010-10-22,53.57544708251953,53.97215149565687,53.25397989319391,53.86955480697868,6445800
2010-10-25,54.067901611328125,54.71767187756062,53.69171552985636,53.835348792340895,6484700
2010-10-26,53.794307708740234,54.07473304014939,53.26081128748294,53.42496282826594,6240500
2010-10-27,53.500205993652344,53.63016213780848,52.747839028173374,53.48652365306539,6782800
2010-10-28,53.17189025878906,54.03369495591409,52.51527889564536,53.94478062760658,7055800
2010-10-29,53.76012420654297,53.862720909074405,53.062476022242286,53.08299431909156,4563900
2010-11-01,54.21836471557617,54.84078066781744,53.69855064848337,54.013176600128986,7470500
2010-11-02,54.54667282104492,55.01177318674566,54.389357236613584,54.71082435650305,4941400
2010-11-03,54.63561248779297,54.68349025860144,53.72593484243218,54.594575889467336,5771800
2010-11-04,56.892704010009766,56.961100061569645,55.23749555815305,55.27853214543213,13044100
2010-11-05,57.13892364501953,57.34411176262086,56.72170102212852,56.94057147853993,6271600
2010-11-08,56.85164260864258,57.14575019843649,56.35918290310096,56.9405569150335,4283800
2010-11-09,56.02407455444336,57.0910677862827,55.682089009029696,56.90639266951955,6030100
2010-11-10,56.400230407714844,56.66013742790675,55.60682700917574,56.1950423028106,5944000
2010-11-11,56.38656997680664,56.537044429242236,55.75731270132284,55.90095120103646,5006000
2010-11-12,55.428993225097656,56.448108236983934,54.74502243784564,55.97616672392948,6156900
2010-11-15,55.962486267089844,57.16627624198857,54.580867655273565,54.64242251767979,15814200
2010-11-16,54.97072219848633,56.20870738665564,54.51245790393296,56.00351410740596,12510000
2010-11-17,55.51791000366211,55.70942099763533,54.724506568875455,55.10068738752764,5402900
2010-11-18,56.84482955932617,57.06370006802225,56.270291212571124,56.42760683676731,6638700
2010-11-19,57.433048248291016,57.439889419713666,56.434451170263294,56.83115040193442,5740500
2010-11-22,57.45357131958008,57.69296015642127,56.6259669303375,57.37149291054084,6411200
2010-11-23,56.516510009765625,57.029488152283605,56.09245141831887,56.961092110271245,5739200
2010-11-24,57.92551040649414,57.993906468441864,56.94059041593487,56.94059041593487,5865900
2010-11-26,57.542484283447266,57.62456269049115,57.07738374676887,57.337296093265266,2520700
2010-11-29,57.22782897949219,57.37830337305266,56.4617851115952,57.25518843452886,5085700
2010-11-30,57.86393356323242,58.08280402913707,56.60542968885159,56.653307440196876,7768400
2010-12-01,59.813209533691406,60.05260334887978,58.13748413705307,58.158002414176636,8858600
2010-12-02,60.61349105834961,60.7981608688109,59.813241297596534,59.813241297596534,6349200
2010-12-03,61.133323669433594,61.208560893903304,60.07317179257895,60.43567557323241,4996600
2010-12-06,61.01020431518555,61.338512654652035,60.57930451177705,61.0649232414773,4341500
2010-12-07,61.796783447265625,62.92533672567661,61.52319398306221,61.52319398306221,11247700
2010-12-08,61.297489166259766,62.1729713008524,61.071777460792404,61.73523023355609,5246500
2010-12-09,61.33167266845703,61.72153589381602,60.887090515749804,61.64629867328322,3832300
2010-12-10,61.51634216308594,61.666816590500886,61.14015609454856,61.413745488186315,3313200
2010-12-13,62.67225646972656,63.17839873150486,61.694177799376924,62.00196785882874,6637100
2010-12-14,62.98687744140625,63.54773858686783,62.59017828678088,63.05527870577833,4944100
2010-12-15,63.69136428833008,64.51896834980572,63.376738339046355,63.438293207733444,8314300
2010-12-16,63.746070861816406,64.05386082569487,63.294652887057,63.73923491158192,4863400
2010-12-17,63.328895568847656,63.88975700372265,63.09634784849253,63.88291583009852,6467000
2010-12-20,63.81449508666992,63.985487833184806,63.287834505164746,63.86237284696271,3523200
2010-12-21,64.72415924072266,64.9019931216985,63.77344018279874,64.08806614558158,4108200
2010-12-22,64.68310546875,64.8267386819584,64.36847958958653,64.8267386819584,2611800
2010-12-23,64.60103607177734,64.7993882179939,64.29325131767604,64.49160346389259,2206200
2010-12-27,64.34112548828125,64.43003980339161,63.75291025100967,64.19065109480027,2620200
2010-12-28,64.08122253417969,64.58051826954576,63.657158782016026,64.48476278007055,2991800
2010-12-29,64.14278411865234,64.44373295612483,63.951273119636525,64.12226582851255,2779400
2010-12-30,64.20435333251953,64.38902318830752,63.96495933144208,63.992318794944765,2325500
2010-12-31,64.06070709228516,64.22485862178092,63.821313139678495,64.1769808749162,2542700
2011-01-03,64.39586639404297,64.84728451039447,64.36850692967558,64.55317679130022,5231500
2011-01-04,64.09489440917969,64.73098737623877,63.13049842457665,64.73098737623877,6119300
2011-01-05,64.64891052246094,64.7651895114105,63.60243614989235,63.79394711764575,4118100
2011-01-06,63.97863006591797,64.77887465963303,63.814478532964834,64.77887465963303,4106300
2011-01-07,64.10858154296875,64.79255230203121,63.47248852830935,64.19749586306507,4547800
2011-01-10,63.87604522705078,64.27274962189338,63.274152682598775,63.75293024997149,4154500
2011-01-11,64.25904846191406,64.77202651313195,63.78027103475707,64.34796799715936,5302800
2011-01-12,63.9444580078125,64.7173487065899,63.903421410810324,64.69682518980333,5699000
2011-01-13,64.38902282714844,64.65577107194828,64.08807394859105,64.35482219339089,4539900
2011-01-14,64.30009460449219,64.47108729979954,63.684519857729164,64.25221685853745,4572500
2011-01-18,66.12802124023438,66.29294468696955,64.55436204975865,64.70554406044167,8819200
2011-01-19,65.65388488769531,66.51974248051097,65.38588222086585,66.20363166252484,6478100
2011-01-20,64.32757568359375,65.47517671878072,64.12141748584318,65.214047545408,7160800
2011-01-21,63.736602783203125,65.28277374020806,63.475473575658015,65.1109769672075,6189000
2011-01-24,64.98726654052734,65.0697308579947,63.57166316900175,63.709098455293905,4615000
2011-01-25,64.86360168457031,65.04227183088499,63.88779708430682,64.86360168457031,5436900
2011-01-26,65.79816436767578,66.07991359327183,64.870462837688,65.23467115930515,6090700
2011-01-27,66.40287017822266,67.20000952180871,65.64009227775743,66.72584886940597,11534600
2011-01-28,65.75005340576172,66.79457535537954,65.214048376167,66.66401338844032,7240800
2011-01-31,66.66401672363281,66.79457869710403,65.86687723463724,66.05928876844415,6012900
2011-02-01,67.35121154785156,67.38556775838744,66.31355752174915,66.89766552907587,7553400
2011-02-02,68.09334564208984,68.21703949060127,67.1244148644336,67.16564439966413,6527600
2011-02-03,67.98340606689453,68.19643234649237,67.4474010776997,68.19643234649237,5032400
2011-02-04,68.43695068359375,68.52628834882951,67.82535467417985,68.03838620889374,6027100
2011-02-07,69.04167175292969,69.27531279276882,68.36822625413302,68.45756391051168,5697900
2011-02-08,69.1379165649414,69.19976090707922,68.2445709533586,69.11042844305021,5044700
2011-02-09,68.57440185546875,69.02794261862311,68.16209064092254,68.79430151941483,4800800
2011-02-10,69.13099670410156,69.24094911767713,67.85970206834709,68.22391026338177,5634800
2011-02-11,71.1513900756836,71.15826341825874,68.85618123823613,68.91803083576404,6445100
2011-02-14,70.95893859863281,71.22006779885655,70.64283317431314,71.16509157476061,4057400
2011-02-15,70.78028106689453,70.85587207775097,70.09996721200878,70.7527929499629,4421900
2011-02-16,71.1582260131836,71.74920733620958,70.71842669039516,71.39874044864266,4852100
2011-02-17,71.02765655517578,71.30253243398676,70.75278067636481,71.00016844301256,2993500
2011-02-18,72.74563598632812,72.74563598632812,71.08951235021715,71.37126161325232,8745400
2011-02-22,70.09999084472656,72.36083810703337,69.77013857316649,72.05847396167198,8241900
2011-02-23,68.73245239257812,70.18241761320137,67.37182485160508,70.03124085306558,8907600
2011-02-24,69.11043548583984,70.03126931315262,67.8734960887999,68.67063597640869,6350900
2011-02-25,70.0931167602539,70.53291628912761,69.50213516030036,69.71516158255433,4623200
2011-02-28,70.73217010498047,71.02766077476294,69.7701070933988,70.58786143966645,4010800
2011-03-01,68.62252044677734,71.22008745995242,68.2720534749421,71.03454920593538,7283700
2011-03-02,69.38526153564453,70.175527512418,68.32699308959951,68.61561032684271,5420000
2011-03-03,71.63926696777344,71.76296087584795,70.03811950292616,70.0518661831691,7413400
2011-03-04,70.80777740478516,71.60491191706299,70.10684344870383,71.47434990000693,5677000
2011-03-07,70.18241882324219,71.60489595486939,69.4402607166527,71.06889083901301,6002100
2011-03-08,71.55677795410156,71.7766775768029,69.52957847116184,70.01748059519227,6165000
2011-03-09,70.34048461914062,71.18572196809215,69.95566145167147,71.18572196809215,6402200
2011-03-10,67.61231994628906,69.2340814802902,67.41303511239349,69.09664619482709,11824400
2011-03-11,68.73245239257812,69.06230451201431,66.66402296759709,67.16566662160477,8172400
2011-03-14,70.16177368164062,70.49849375741026,68.98668484174223,70.49849375741026,7985500
2011-03-15,69.2341079711914,69.66703400458788,67.72229828135626,68.04527185005529,11762200
2011-03-16,68.99359130859375,70.51227428976055,68.05901635974928,69.88693146308026,13046600
2011-03-17,70.86273193359375,70.99329391064728,69.59830500945077,70.0174895379549,9854900
2011-03-18,72.19588470458984,72.59445453417624,71.92101402208273,72.14778181086888,11512900
2011-03-21,73.9344711303711,73.9963207069801,73.26790392510767,73.46031550954021,7688600
2011-03-22,73.38472747802734,73.85888836095332,72.86246369703807,73.57026572975077,7012000
2011-03-23,73.36412048339844,74.01007300552557,72.5944687899006,72.89683289142177,7096400
2011-03-24,74.47046661376953,74.8346749315571,73.49465696426796,74.147487843559,8360800
2011-03-25,74.9652328491211,75.69365468802823,74.69723031875658,74.73159176842225,7659000
2011-03-28,75.17827606201172,75.92730754696228,75.17140272244814,75.27448184461414,5445700
2011-03-29,75.9616470336914,76.13344377334346,74.63537599386473,75.34317772237992,5767700
2011-03-30,76.6419677734375,76.77253498540303,75.96852742742992,76.76566164718882,5616900
2011-03-31,76.51826477050781,76.9511958983961,76.15405653092073,76.15405653092073,5168600
2011-04-01,77.73460388183594,78.05757740340863,76.82751715172706,77.02679678997484,6092600
2011-04-04,77.91326904296875,78.29122403312701,77.32916107503252,78.1675301493317,3883600
2011-04-05,77.17796325683594,77.7620763478454,76.90309267614944,77.63150915204513,5338700
2011-04-06,76.27776336669922,77.85829569575029,76.18155759809484,77.54905837424664,5715400
2011-04-07,75.48749542236328,76.20904391270494,74.95836370751483,76.08535003558411,8402700
2011-04-08,75.46688079833984,76.27776171821023,74.82092330068109,75.96165630779582,5394700
2011-04-11,74.95149230957031,75.7967346989157,74.43610201536052,75.60431791844091,5004400
2011-04-12,73.23352813720703,74.91713441438598,73.07547279930816,74.63539043311596,8736300
2011-04-13,73.96195983886719,74.19560622384469,73.1029757994929,74.05129753436852,5835000
2011-04-14,73.9275894165039,74.05815140027971,72.39515987790146,73.40532575293615,5770700
2011-04-15,73.67330932617188,74.29177860493624,73.39156541423597,74.27116383611413,5319100
2011-04-18,71.39871978759766,72.66314116401638,70.2030160524504,72.55319398654603,11445300
2011-04-19,72.91056060791016,73.13046030140247,71.9072679286751,72.27834964447254,7152000
2011-04-20,74.7184829711914,74.87029454902725,74.08363934083656,74.48386890701204,5317800
2011-04-21,75.50515747070312,75.5603626521399,74.80821179752328,75.21533816514383,4051200
2011-04-25,75.1117935180664,75.54652753126382,74.49074868825106,75.3809120668775,3708600
2011-04-26,77.24407958984375,77.42348852267337,75.80187457580895,76.00889136249614,6700000
2011-04-27,77.70639038085938,77.76849224150294,75.73285052904407,77.7408949243197,6070600
2011-04-28,77.72708892822266,77.7684901675476,76.83692543015806,77.47867096296491,6262600
2011-04-29,79.63853454589844,80.21817301094333,79.0312882324367,79.63163258379421,11800000
2011-05-02,78.92088317871094,80.42518977382007,78.61035805981027,80.21127106578061,7623600
2011-05-03,78.16182708740234,78.92778169448691,77.79610205719443,78.74837279284262,6302000
2011-05-04,76.43669891357422,78.60345686586058,75.86396244327587,78.12732153624285,8966500
2011-05-05,75.48442840576172,76.91282903320239,74.7943796917391,75.96056370312657,8779100
2011-05-06,76.13997650146484,77.77539393324153,76.02266947755348,76.95423423655372,7987300
2011-05-09,77.05086517333984,77.61670507890955,76.16070143201883,76.45742267912583,5075800
2011-05-10,77.88580322265625,77.95480704376405,77.18885252076313,77.80989744004145,4923900
2011-05-11,75.89157104492188,77.52698336827324,75.21532088928575,77.52008140601495,9670400
2011-05-12,74.9599838256836,75.63623382699294,73.83520640838255,75.35331135017015,9274800
2011-05-13,73.3729019165039,75.62935953737582,73.15898317428463,75.53965507428734,9250400
2011-05-16,73.207275390625,74.71158200012246,72.50342792409619,73.05546907543005,8290800
2011-05-17,70.44017791748047,72.61383254074815,70.01924775729053,72.51032417494413,19186700
2011-05-18,72.62762451171875,72.80013668395561,70.23315471872651,70.97150660531413,9472200
2011-05-19,72.66213989257812,73.74551628526967,72.3930212849108,73.56610212527329,8613400
2011-05-20,71.9927978515625,72.8001537433028,71.48905987414172,72.6207395680311,8656800
2011-05-23,70.30907440185547,70.73690656889757,69.26020250365048,69.90884481958913,10095100
2011-05-24,70.07445526123047,71.04051933525308,69.74322953252674,70.64029504658129,7273300
2011-05-25,71.24752807617188,71.71676140144855,69.54310694958374,69.71561912410232,6193100
2011-05-26,71.89619445800781,72.23431693494503,70.40568635087575,71.12333781749618,6640000
2011-05-27,72.17909240722656,72.70353088926191,71.95137507447589,72.26190014585964,4511300
2011-05-31,73.00717163085938,73.55920756110227,71.97899503697842,73.42810185742165,6641900
2011-06-01,69.86054229736328,72.78635313642341,69.69493205173973,72.4344267579004,10597600
2011-06-02,70.51612091064453,71.57189521670641,69.90887431865092,70.26080084222386,9125300
2011-06-03,69.763916015625,70.72308319806591,68.4183232818851,69.34298592668004,9508600
2011-06-06,68.90827941894531,70.11586492110936,68.63916078534972,69.17739805254091,8092800
2011-06-07,68.92207336425781,69.9364459590206,68.87377015806219,69.86054016861966,6772200
2011-06-08,67.65238952636719,68.9082782161093,67.4660733896502,68.45974541306107,9761100
2011-06-09,68.49424743652344,68.80476730006605,67.77659603103007,67.8248992379068,6167600
2011-06-10,66.78978729248047,68.24578988179108,66.53446748146595,68.17678609262954,9603600
2011-06-13,65.8582534790039,67.30045281963673,65.36141754349175,66.8864246282613,9767400
2011-06-14,67.52814483642578,67.9352709135722,66.33435864670695,66.83119439584652,8479700
2011-06-15,66.00318908691406,67.18317226632219,65.9065826463536,66.64493487901211,8143600
2011-06-16,65.87207794189453,66.83814760998514,65.00951667835936,65.8237747217228,8886500
2011-06-17,66.21017456054688,66.89332660435207,65.76854378769626,66.56210089238705,8314800
2011-06-20,67.7490005493164,67.88011152372252,66.27919830198184,66.58281623504378,7484700
2011-06-21,69.96404266357422,70.35737024229967,68.3562278051518,68.60464577746832,9638100
2011-06-22,69.1083755493164,70.7299888754821,69.05317039204307,69.81222287826388,7445100
2011-06-23,69.3843994140625,69.45340323165208,66.90021986360725,67.55576929234276,10640900
2011-06-24,69.01177978515625,69.7639304263958,68.61845219214977,69.72943114627678,8496400
2011-06-27,69.55692291259766,70.03995497900479,68.36313614182765,68.97727916825443,5614400
2011-06-28,71.65467071533203,71.81338426873847,69.97095508582733,69.99855767183954,7884300
2011-06-29,71.32345581054688,72.10320918413697,70.66100948822465,72.07560659595829,8642000
2011-06-30,73.46257781982422,73.78690152401587,71.29582550440087,71.32342808184839,10598400
2011-07-01,74.95309448242188,75.33261812277264,72.97265274434483,73.24867328756157,9153800
2011-07-05,74.82198333740234,75.06349933781829,74.06982749078819,74.47005701413686,6880200
2011-07-06,75.96056365966797,75.98816623997155,74.58046623241232,74.60116685147653,6933200
2011-07-07,77.0301284790039,77.7339810463244,76.7679118887266,76.98872724492153,7403800
2011-07-08,76.18827819824219,76.18827819824219,74.38725070070133,74.88408133394218,8293100
2011-07-11,74.63568115234375,75.54654536285047,74.00773421379853,74.80819335330831,7568600
2011-07-12,73.78691864013672,74.84269246530543,73.60750447743638,74.26995069588236,7892700
2011-07-13,74.96690368652344,76.19518974874144,74.75988693382513,74.8564986124978,6819200
2011-07-14,74.23544311523438,76.25038412915761,73.83521359112999,75.0980040216728,7394300
2011-07-15,75.46372985839844,75.46372985839844,73.93182082886796,75.05659836832805,6660700
2011-07-18,74.70146942138672,75.16575371000425,73.56500967381051,75.15882259448833,6878600
2011-07-19,75.97653198242188,76.20521124921281,74.97866266325626,75.4568092598386,6674600
2011-07-20,76.44080352783203,76.90509310019105,75.95573118285043,76.71798999077527,5761600
2011-07-21,77.3347396850586,77.90990076409409,76.30915647816659,76.95361286249594,9340700
2011-07-22,72.86514282226562,73.78678592228806,71.37526963179592,72.4978728632672,25775600
2011-07-25,73.2185287475586,73.66202498156638,71.92961616531967,72.17908345781058,8662500
2011-07-26,72.89974975585938,73.45412260727458,72.55326804544771,73.39175843710832,7155500
2011-07-27,70.22494506835938,72.49093952963024,69.98933992710593,72.36620584105667,10684500
2011-07-28,69.0468978881836,70.74465672146209,68.9152331024485,70.34274182119034,9438000
2011-07-29,68.45784759521484,69.27554453119427,67.41147149285096,68.13215398616254,12283000
2011-08-01,69.7952880859375,71.25051045195137,68.46479936769009,70.98025509627274,12865200
2011-08-02,67.34220123291016,70.37045399504792,67.30062510972004,68.98452682852324,12058300
2011-08-03,66.71851348876953,68.11137136515937,64.81979530481773,67.85497301086251,16922200
2011-08-04,62.054908752441406,65.63059911604765,62.02025844860634,65.41578203557367,18655000
2011-08-05,63.05275344848633,64.09912991444664,59.92749156949046,63.84273149150757,22791500
2011-08-08,57.2387809753418,61.09166142396231,56.996244820717074,59.75424172915553,21293000
2011-08-09,60.62045669555664,60.70360894208164,56.01917363074315,59.17909117100748,20473600
2011-08-10,57.86939239501953,60.426424513921255,57.786234858762896,60.093804942680215,15335900
2011-08-11,60.4610481262207,61.52821224619919,58.167341287391935,58.998895135403274,14157600
2011-08-12,62.23506164550781,63.267581256241705,61.542098018547414,63.10126617920832,11463400
2011-08-15,63.316070556640625,64.30700847386548,62.837924097725626,63.37150361305066,10460200
2011-08-16,61.916297912597656,62.62312376021203,61.3411368435746,62.380582265566375,10816200
2011-08-17,60.7313232421875,62.92109053094365,60.39177259339912,62.44294400425744,10620900
2011-08-18,57.74465560913086,58.763312903854086,56.47653100603082,58.52077142462095,16793000
2011-08-19,55.41630554199219,58.901911956578566,55.312359934101934,56.76758258388581,13740200
2011-08-22,55.36086654663086,57.54370313979851,55.13218726926527,57.474407830961624,9459400
2011-08-23,57.50212478637695,57.515981732850754,55.29850021453418,55.81129182435246,11696900
2011-08-24,59.17908477783203,59.39390177400482,56.96159837495383,57.68228105937234,10137700
2011-08-25,57.68924331665039,60.19084335969937,57.377411683750765,59.761203848533455,8204700
2011-08-26,59.01278305053711,59.53250575350354,56.16470221532964,56.9546803008872,9456900
2011-08-29,61.08473587036133,61.36192233812198,59.83739940888446,60.36405316894048,7643500
2011-08-30,62.248924255371094,62.96960706619787,60.53730324051914,60.98079954150593,9851600
2011-08-31,63.059688568115234,65.01384573864046,62.290498537354935,63.57941127609421,12664700
2011-09-01,61.36192321777344,64.32780630547781,61.17482010242363,63.19134652957038,10690900
2011-09-02,59.16523742675781,60.07994927800932,58.4653479125979,59.07515405113446,11950700
2011-09-06,59.38698196411133,59.60873011792426,56.899245028737845,56.98932839885488,8647900
2011-09-07,61.45891571044922,61.47277264997881,59.885886085879,60.84217880702099,9318700
2011-09-08,60.31553649902344,61.65988722089893,59.87204033473506,60.509565410038185,9947800
2011-09-09,58.18122482299805,59.76811214510389,57.612994866833354,59.61565930300483,11669500
2011-09-12,58.11886978149414,58.30596766185586,56.303302910513395,56.77451845711713,10842300
2011-09-13,58.915767669677734,59.768115292252396,57.77930769750694,58.10500146152414,9802300
2011-09-14,59.2137451171875,60.260121768029485,57.1902924139263,59.32462184514923,10622100
2011-09-15,60.01063537597656,60.765968306596235,59.43547442768047,60.04528566419361,8298500
2011-09-16,59.525569915771484,60.606591360393104,59.04742337516162,60.606591360393104,10488600
2011-09-19,58.624725341796875,59.01278859153602,57.051700139352256,58.15350983538688,8936500
2011-09-20,57.97333908081055,59.43548745743743,57.862462363722386,59.345404089972945,8999300
2011-09-21,54.99361038208008,57.78625379191395,54.94510312509392,57.59222476396934,16459600
2011-09-22,51.21001434326172,53.053294886911566,50.30915949140507,52.86619702928539,20947300
2011-09-23,51.18229675292969,52.318756741312704,50.600204524769026,50.891253282295956,12104700
2011-09-26,53.25425720214844,53.35820281045655,50.75265792016128,51.771315365172924,10016400
2011-09-27,53.82246017456055,55.33312043427414,53.44133351801102,54.917343496724385,10814900
2011-09-28,52.0276985168457,54.84805962395456,51.889102650922744,54.14123392497673,9380700
2011-09-29,52.24252700805664,53.55222782989372,50.72493498498805,53.28197244042847,10260900
2011-09-30,51.16842269897461,52.5889999997444,50.74571982463819,50.90509847021429,10537000
2011-10-03,48.888587951660156,50.995192809388186,48.85393765416946,50.433893940912036,10783200
2011-10-04,50.26760482788086,50.4200577405412,46.802785128855945,47.64127086159254,14700000
2011-10-05,51.4594841003418,51.702020329752855,49.53997175566012,50.47547166161321,9672300
2011-10-06,53.42057418823242,53.48987479435409,51.00213212499631,51.674307823982275,15808200
2011-10-07,52.332603454589844,53.905633628205855,51.76437357151741,53.891771396947505,14024700
2011-10-10,54.834232330322266,55.26387185808111,53.49681177168538,53.54531903394081,10302400
2011-10-11,55.89443588256836,56.22705538664411,54.01650023128676,54.1065888657632,17854600
2011-10-12,56.61514663696289,57.37741113118979,56.17165017862804,56.82996903392448,10423700
2011-10-13,56.434974670410156,56.76066850869959,55.672710245947926,56.28252178551771,7952500
2011-10-14,58.27128982543945,58.36137845113816,57.09325415904062,57.412016688926286,7353700
2011-10-17,56.49037170410156,59.165210740363534,56.35871225863585,58.7840840582699,10196700
2011-10-18,58.70787048339844,59.29688842025835,55.96373556819751,56.44187680372787,13574600
2011-10-19,57.904029846191406,59.19294241204218,57.56447920285414,58.67321977377629,8731100
2011-10-20,58.712318420410156,59.2279484833885,57.48594999858296,58.46147021330556,9446500
2011-10-21,60.89329528808594,60.96994364252912,59.43698718597984,59.52059970634899,11480300
2011-10-24,63.94530487060547,64.73269191844162,63.26941364049014,63.93834070137768,16383300
2011-10-25,62.63528823852539,64.44696534334307,62.02907093770794,63.65958405335356,10711700
2011-10-26,63.805938720703125,64.27976265809207,62.72589722166453,63.980138619505546,9747800
2011-10-27,67.12267303466797,68.09122356696622,65.92417747397063,66.19592875620359,13928100
2011-10-28,67.48503112792969,68.25150952169625,66.6488738467586,66.6837106323817,8699300
2011-10-31,65.81967163085938,66.634925664684,65.3946235654655,66.22381656453842,9273900
2011-11-01,63.847740173339844,64.80235746049979,62.015159290155715,62.711958832741736,13543700
2011-11-02,65.45734405517578,65.66638070693507,64.24490914710798,64.82325398434236,9303400
2011-11-03,66.89276123046875,67.1366400258897,65.40858000448497,66.51648881060828,11159000
2011-11-04,66.71158599853516,66.88578588230124,65.35979851549817,66.40499781809467,6818800
2011-11-07,66.19593811035156,67.06693729601409,65.07409073392567,66.61401665623815,7285300
2011-11-08,66.81611633300781,66.89276471787312,65.45735917613975,66.8648920946349,7316700
2011-11-09,63.85472106933594,65.48523505479338,63.513290720973146,65.15076887546687,11208500
2011-11-10,64.24488830566406,65.08105058991917,63.54808906019632,64.78839618270025,7323000
2011-11-11,66.98333740234375,67.0321131571595,65.060174512901,65.19953229347213,9818400
2011-11-14,67.26205444335938,68.33512630426195,66.80913370809763,67.91704767023506,8584900
2011-11-15,67.63833618164062,68.10519063239451,66.75340303892567,67.03908810723811,8760700
2011-11-16,66.71853637695312,68.42569262253767,66.61401541339228,67.05996656283862,8117500
2011-11-17,65.36678314208984,66.93458258668356,64.6630192190409,66.68373425025575,10084000
2011-11-18,65.4504165649414,66.04966492021381,64.90691347903422,65.87546494056862,6065700
2011-11-21,63.49236297607422,64.17522340816794,62.34264290765478,64.15432027684064,9853100
2011-11-22,62.704978942871094,63.562044577131246,61.72249451527103,63.26939009368933,7490600
2011-11-23,61.151123046875,62.43323152141089,60.921177945629516,62.2869042704796,7643800
2011-11-25,60.426456451416016,61.59707988142162,60.363741728940745,60.83060145709667,3078700
2011-11-28,63.74325180053711,64.02893697097369,62.705016209701384,62.95586457778081,8339500
2011-11-29,63.08823776245117,63.98014041881706,63.02552303271589,63.85471627550566,6054600
2011-11-30,68.20270538330078,68.22361382536268,65.95204689151201,65.95204689151201,13076500
2011-12-01,67.4640884399414,68.28631158803539,66.72548309740375,67.74977862180913,7491800
2011-12-02,67.09479522705078,68.28632121438345,66.89969230273749,68.11212141536716,7897900
2011-12-05,67.48503112792969,68.26544848887215,67.12269772373111,68.09821809586961,7484800
2011-12-06,66.86487579345703,67.54077212276734,66.119300581118,67.32476599053093,6443200
2011-12-07,66.11933898925781,66.39109051223845,65.359829685584,66.1820537417247,8146300
2011-12-08,64.74661254882812,66.56525978947255,64.5236369067187,65.73606662842877,7842300
2011-12-09,66.87184143066406,67.09481703322693,65.10893974225169,65.2413280175449,7139000
2011-12-12,64.96957397460938,65.84754269912176,64.32155032587649,65.74999120930455,6326700
2011-12-13,63.39481735229492,65.9729732336223,62.78163042377658,65.52702200351332,8464700
2011-12-14,60.62156677246094,62.57260782953255,60.12683968156731,62.42627523151686,13564500
2011-12-15,61.10930633544922,61.93152985465261,60.68425826863133,61.868820459297986,7645200
2011-12-16,60.76091384887695,62.37052429761498,60.76091384887695,61.889730944804604,11556900
2011-12-19,60.795719146728516,62.516813708401216,60.57971313517049,61.38102781655864,7919100
2011-12-20,63.91743850708008,64.03589317962161,62.175439265611374,62.19634240592343,7844300
2011-12-21,63.847740173339844,64.11252740186404,62.642279941714854,63.95226116795947,7177300
2011-12-22,63.9731559753418,64.45394929830509,63.42268377042273,64.12645270533925,4766000
2011-12-23,64.27973937988281,64.39819399229323,63.86166083739141,64.2448972862764,3368600
2011-12-27,63.79196548461914,64.3703047494994,63.764092880166785,63.89648110612082,3216200
2011-12-28,62.272945404052734,63.96616764513441,62.13358237662788,63.93829503964944,5248800
2011-12-29,63.11611557006836,63.31121862765651,62.33569802355612,62.33569802355612,3570800
2011-12-30,63.13003921508789,63.70141464292964,62.99068142923723,63.21365707629355,3279800
2012-01-03,65.4852294921875,66.2726111353289,64.64209728837454,64.64209728837454,8177000
2012-01-04,66.09142303466797,66.55131319743694,65.08803549835335,65.08803549835335,7335200
2012-01-05,66.55828094482422,67.004237482483,65.42946924121915,66.08445710745978,5555900
2012-01-06,66.72553253173828,67.03212074694025,66.41893900037714,66.91366608842678,5474100
2012-01-09,67.65922546386719,67.8752369081378,66.892747132868,66.95545653154926,6536300
2012-01-10,69.65206146240234,69.6660004262651,68.48143835731335,68.5998929693614,9545000
2012-01-11,69.42909240722656,69.993498225068,69.26186203826569,69.56148599557261,7226500
2012-01-12,71.03172302246094,71.10140188989594,68.74622214718931,69.67296118477276,10471800
2012-01-13,71.40800476074219,71.56129616297586,70.06318170779777,70.18163632977004,9914300
2012-01-17,72.0281753540039,73.02459897788628,71.99333324812648,72.34173304226493,8864700
2012-01-18,72.9730453491211,73.14102323745513,71.74119504152299,71.85318386035954,6794400
2012-01-19,74.01593780517578,74.02293844340892,72.53211755517279,73.24603313712534,9464800
2012-01-20,73.93892669677734,74.13490179463074,73.37899326869257,73.73595096259463,6601100
2012-01-23,74.44988250732422,75.05880450209813,73.93894274281993,74.12792258527686,7003800
2012-01-24,74.39387512207031,74.75083283124252,73.59597342386502,73.79194853010195,5577300
2012-01-25,76.32563781738281,76.48661507651558,74.18389695391072,74.19089759037071,10649400
2012-01-26,77.90743255615234,79.79020309227982,77.48048455100879,78.53735628012812,18539000
2012-01-27,77.886474609375,78.37641789981915,76.75961198325359,77.36153880242118,7835100
2012-01-30,77.27752685546875,77.51549511251648,73.10603366089235,77.00455541367668,5968400
2012-01-31,76.3746337890625,78.3903846139056,76.08766642508158,77.89344620937584,7608300
2012-02-01,77.3544921875,77.9634192840229,76.94854612973806,77.5154747555187,6737900
2012-02-02,77.2215347290039,77.7044718943652,76.89257420163278,77.55049525637503,5125400
2012-02-03,79.74821472167969,80.24515309474879,78.32038930867289,78.50936376719517,10225500
2012-02-06,79.63621520996094,79.9651756490752,78.9503024704598,79.25826100373945,5029600
2012-02-07,79.6572265625,79.86020230388512,78.7333401113215,79.12529566085739,5139200
2012-02-08,79.8182144165039,80.02119017124535,79.24428499755004,79.66423244118823,4123800
2012-02-09,78.9713134765625,80.238156357639,78.80333023868987,80.06317782312915,7566200
2012-02-10,78.21538543701172,78.23638200153383,77.22150889022059,77.69745059909405,6351700
2012-02-13,79.58025360107422,79.69224245199355,78.1664290677128,78.88033930259539,5702400
2012-02-14,80.10516357421875,80.12616548195656,79.23727161827698,79.3142625935538,6425000
2012-02-15,78.76133728027344,80.28014968172991,78.34839050104287,80.13316835319422,8201900
2012-02-16,79.76220703125,79.82520207450997,78.66334215143594,78.89431507685484,5456900
2012-02-17,79.7552261352539,80.14018110623077,79.11130631100345,80.05618947440257,4296000
2012-02-21,80.49015045166016,81.49802882696056,80.06320226989666,80.14019327578337,7520200
2012-02-22,81.0570297241211,81.50497420770427,80.1401441936492,80.32212330882969,5004800
2012-02-23,81.33001708984375,81.50499561657742,80.49012229749044,81.10604478922147,5064900
2012-02-24,81.1900405883789,81.85495688826356,80.95906763960676,81.39301633064039,4473500
2012-02-27,80.93108367919922,81.54001100564766,80.175180339376,80.3781507749368,4909600
2012-02-28,81.0220718383789,81.34403173972609,80.63011624289044,81.05706434552779,4013200
2012-02-29,79.93722534179688,81.47003963179871,79.56627155323939,81.28105974786584,6780300
2012-03-01,79.36327362060547,80.7561014344945,79.0973081372258,80.25916297506518,7465000
2012-03-02,78.73332214355469,79.7482006188744,78.2503851283252,79.20226856866374,5404800
2012-03-05,77.05354309082031,78.32039128217829,76.6545922550687,78.0754224075801,8392200
2012-03-06,74.1418685913086,75.00276490957457,73.63092917088889,74.58981299335835,12630800
2012-03-07,75.78672790527344,76.0247015702702,74.41489636681654,74.6528700318133,7385800
2012-03-08,77.18653106689453,77.38250617313427,76.05267356938715,76.70358859800292,6171200
2012-03-09,77.14454650878906,77.75346846521238,76.85058381672803,77.60648711918186,6526500
2012-03-12,76.24864959716797,77.6554732010723,76.06667042206546,77.06754787524741,6499200
2012-03-13,79.30030822753906,79.35629732442521,76.50764576580072,76.80161388908918,8077600
2012-03-14,78.579345703125,79.40524447111902,77.87243637842592,79.23726659930065,6181000
2012-03-15,79.40524291992188,79.42624482591913,77.96342175681326,79.00629214469667,5316700
2012-03-16,79.49626922607422,79.96521053581885,79.11831485496106,79.80422789370822,5776000
2012-03-19,79.60124206542969,79.85320625757943,78.93632039027248,79.4402594544148,4736500
2012-03-20,77.5224838256836,78.39037577660395,77.34750530832511,78.38337514073184,8086900
2012-03-21,76.29061889648438,77.93541557535127,76.29061889648438,77.5854586079362,7925000
2012-03-22,74.49188232421875,75.5487544572533,73.98094251396735,75.08680843648443,9449700
2012-03-23,75.47173309326172,76.01766519642904,74.05090842991076,74.60383582881686,6025000
2012-03-26,76.11566162109375,76.78057790848202,75.67471764166037,76.15065946355462,4570800
2012-03-27,75.63272857666016,76.68960053945813,75.50674380400926,76.0666773135514,4211400
2012-03-28,72.9730453491211,75.56972601178475,72.47610698035568,75.56272537562727,10244900
2012-03-29,74.20488739013672,74.37986590772704,72.4271103505492,72.52509789320614,8316800
2012-03-30,74.55484771728516,74.8418150619662,73.8969320932413,74.68083246910986,4780300
2012-04-02,75.06578826904297,75.54873071353457,73.51897872731986,74.18389499559945,5211700
2012-04-03,74.3378677368164,75.65370417759267,74.0649016950592,75.33874500323289,5828000
2012-04-04,74.37289428710938,74.77884051880532,73.0290547858877,73.33001814554642,5583200
2012-04-05,74.09989166259766,74.98878002777833,73.77793188702357,73.98790286765728,4576600
2012-04-09,72.4901123046875,72.99405137490157,71.9511807289939,72.4901123046875,6335700
2012-04-10,70.2923583984375,72.55308281249519,69.85141453113967,72.46909121590146,9162300
2012-04-11,71.21625518798828,71.74119072991448,70.34136261811128,71.23025111954131,6178100
2012-04-12,74.49887084960938,74.54086399378868,71.48223694791587,71.51023415734264,8973200
2012-04-13,74.1139144897461,74.83482526407191,73.65896919004952,74.30289431481343,6321600
2012-04-16,74.70882415771484,76.26263420218476,74.30287806729403,75.53472294982406,6813500
2012-04-17,75.87769317626953,76.43062063823446,74.69483659122739,75.52073547582752,5321000
2012-04-18,76.43762969970703,76.80158807672241,75.34576524850415,75.34576524850415,4871700
2012-04-19,75.46062469482422,77.15454985416494,74.76478027584247,76.76094175656043,5628500
2012-04-20,75.72065734863281,76.3462151015717,75.63631049472316,75.74876760409688,4014600
2012-04-23,75.13729095458984,75.23569296322717,73.88617510548046,74.73665267299293,5462600
2012-04-24,76.19163513183594,76.46575589548407,75.27789567800245,75.38332797844625,5703200
2012-04-25,72.70533752441406,75.28488556472175,71.90406105065368,75.1021366994323,15948300
2012-04-26,73.37310028076172,73.48556282328381,72.39610473326499,73.07789415040499,7317200
2012-04-27,73.4925765991211,73.83698906164214,73.1762851304882,73.79481293331828,4687200
2012-04-30,72.23445129394531,73.18333670132367,72.07982332006736,73.09195953208905,5325600
2012-05-01,71.7705307006836,72.74752603191838,71.5104651505497,72.26254080903637,5732800
2012-05-02,72.13604736328125,72.1993088913015,70.74435809695326,71.39803195311028,5620200
2012-05-03,70.75839233398438,72.66318206212215,70.6389049260865,72.32580522070364,6102000
2012-05-04,69.19098663330078,70.37884122034075,68.8817200517596,70.28746944057102,9055000
2012-05-07,68.31239318847656,69.02229276802204,68.19993066349411,68.64977003840725,7245700
2012-05-08,67.82035827636719,68.1436798993999,66.0139710452345,68.06636327622829,10411600
2012-05-09,67.46894073486328,68.38971023541251,66.1264528506782,66.66063375995697,7733500
2012-05-10,67.08238983154297,68.45299389803606,66.89964083517371,68.2843054042778,4982000
2012-05-11,67.12451934814453,67.9609417764431,66.28107203536969,66.42164479999641,4531900
2012-05-14,65.78907012939453,66.61143223241623,65.68363785304368,66.3021710142976,5213300
2012-05-15,65.14242553710938,66.53411976259018,64.86830484099332,65.96478762545755,5304800
2012-05-16,64.5660629272461,66.12644543935255,64.46063066189959,65.6695758645229,5803400
2012-05-17,61.71240234375,64.41143868504416,61.57182418273977,63.97565442967523,12695100
2012-05-18,62.33094024658203,63.12518687535078,61.8670402839761,62.035734104474294,8655900
2012-05-21,64.65040588378906,64.87532553369158,62.78075693693704,62.92835995445049,6811300
2012-05-22,64.30598449707031,65.35327133039858,63.88426088272999,65.19863808722224,7210500
2012-05-23,64.99482727050781,65.2197469700553,63.16032379255458,63.61719344046595,6668600
2012-05-24,64.25678253173828,65.33920985518722,63.37818944736479,65.33217960901038,6421600
2012-05-25,63.21656799316406,64.4325385242868,62.99867313533968,64.23573441722714,4637400
2012-05-29,65.02995300292969,66.02100872285878,63.88426938175957,64.1021587829465,8238800
2012-05-30,63.38523864746094,63.96159566865619,62.907283652139874,63.95456542037711,6350800
2012-05-31,61.58587646484375,62.204404203254654,60.45424789158052,62.14817294635153,12370400
2012-06-01,60.10985565185547,61.009539976926455,59.54755898150941,59.8005943600435,9572500
2012-06-04,58.521358489990234,60.4120880923313,58.14883569673182,60.40506320520099,9812600
2012-06-05,58.79548263549805,59.60378979045598,58.352668045276886,58.352668045276886,9212900
2012-06-06,60.9111328125,60.91113281250001,59.406975805250745,59.547553982918934,8464000
2012-06-07,61.24848556518555,63.16733537435732,61.09385231197302,62.42931497948194,7773300
2012-06-08,61.57184600830078,61.621047041467676,59.97632219345123,61.03063464346498,4399100
2012-06-11,59.87791442871094,62.8791878912897,59.807622648724475,62.696438915842755,6436400
2012-06-12,61.18526077270508,61.18526077270508,59.575676645488386,60.32072230622693,5270100
2012-06-13,59.94819641113281,61.150111757345,59.51944232498285,60.622955621505824,8308300
2012-06-14,60.36994552612305,60.62298100628063,59.392949507602474,59.96227665670117,6124300
2012-06-15,61.100887298583984,61.114942430644966,60.22932432310156,60.72836463013212,6571800
2012-06-18,60.967350006103516,61.2133550787213,60.21527429123864,60.69322930197108,4722600
2012-06-19,62.44340133666992,63.111135685593375,61.290686970381344,61.55075260470013,6254700
2012-06-20,61.26960372924805,62.35906196895419,60.79867883337917,61.951393240063254,9413700
2012-06-21,59.73030471801758,61.46640102341241,59.631897309453784,61.213365658555404,8578400
2012-06-22,59.71622848510742,60.48236462754495,59.63891184607681,60.0957814323919,6408200
2012-06-25,58.26127243041992,59.027408496964156,57.72006137332583,59.00631775544767,7390700
2012-06-26,58.14884567260742,58.704112151680796,57.49517176922528,58.55650905898292,5590300
2012-06-27,57.81145477294922,58.24723909809368,57.43190172121232,58.07854527787102,7407600
2012-06-28,58.07851791381836,58.12771891424127,56.90471878765268,57.39673415438861,9716100
2012-06-29,59.68109130859375,59.70217669087082,58.90792487504638,59.266392461281235,7053400
2012-07-02,58.81654739379883,60.08172383281167,58.36670807381819,59.990346701794934,6420600
2012-07-03,60.77056884765625,60.939257337801244,58.957150150438785,58.97121065274861,4357800
2012-07-05,61.00249481201172,61.54370596224137,60.187157599967954,60.89003228793328,5547600
2012-07-06,59.4702262878418,59.92006564786914,58.92198490296524,59.92006564786914,6952000
2012-07-09,58.437007904052734,59.287485731600434,58.31049023104925,58.99930986462574,6291200
2012-07-10,56.41975402832031,59.252343785636114,55.61145235288574,58.732212607736926,15154700
2012-07-11,56.047218322753906,56.750092912975326,55.70281127504752,56.5954596451254,8184100
2012-07-12,55.9769401550293,56.461925409492295,54.9999447601751,55.51304564587593,8743600
2012-07-13,57.68491744995117,57.73411845680473,55.9136758407154,56.19482138701714,7619500
2012-07-16,57.03828048706055,57.53029061057474,56.370546333710536,57.53029061057474,4989800
2012-07-17,57.57247543334961,57.83956591752775,56.19483615440621,57.558414934835035,6462700
2012-07-18,58.37178039550781,58.9588948717693,56.6528825532276,56.96412500267105,7457800
2012-07-19,58.449581146240234,58.99425534086869,58.039313455557455,58.683012943938145,5616100
2012-07-20,57.26121139526367,58.40714497438724,57.056080234220204,57.95443167327458,5897000
2012-07-23,57.70685958862305,58.42836978402848,55.733309852526105,56.34871957564301,7567700
2012-07-24,57.600746154785156,58.92352096887018,56.780199965059346,58.53446796567812,8780500
2012-07-25,58.42837142944336,60.44436141122848,56.79435934895997,60.218004736023985,19877300
2012-07-26,58.92354202270508,59.8784842664771,58.0747002751978,59.30551460279796,10138200
2012-07-27,60.946598052978516,61.25783512137788,58.02517585182897,58.838647042393426,11229000
2012-07-30,60.61415481567383,61.51958184288423,60.12607086638009,61.27200498337682,6504600
2012-07-31,59.567237854003906,61.08807449657448,59.51772249339787,60.67072611709253,9192500
2012-08-01,58.463768005371094,60.17559146466458,58.35766208586074,60.126076088462575,9366200
2012-08-02,58.79622268676758,59.6309141980888,58.074706849864725,58.3293588632692,8097300
2012-08-03,60.140201568603516,60.83342200792355,59.46820662373542,59.79359404732825,6941300
2012-08-06,61.08098602294922,61.54077449797744,60.4655817319012,60.64242303792987,6384800
2012-08-07,61.69639205932617,62.47449268044754,61.363929560185795,61.54077085574829,6049800
2012-08-08,61.69639205932617,62.16325027329177,61.08098240793219,61.18001310170575,6139600
2012-08-09,62.531105041503906,62.806977127242384,61.71763371829842,61.83081477745777,6700600
2012-08-10,62.913047790527344,62.92719271661632,61.99347108850339,62.43203935199844,5500300
2012-08-13,62.67964172363281,63.14650003064825,61.965201236069674,62.84233272578625,5403400
2012-08-14,62.15617370605469,63.415282729205884,62.078363112779726,63.30210172198141,5485600
2012-08-15,61.972267150878906,62.05715291983463,60.946589743980155,61.71761524078007,6345200
2012-08-16,62.665496826171875,62.83526840413619,61.703484868222084,62.06423732866466,4979200
2012-08-17,63.669960021972656,63.73362031638025,63.0262549290802,63.56385413452373,7848500
2012-08-20,63.97414016723633,64.0024354360077,63.11822852479212,63.47898105889318,5296000
2012-08-21,63.86802291870117,65.13420763836193,63.627515875232056,64.3702517074879,7159700
2012-08-22,62.75746154785156,63.86094988702151,61.9864304260898,63.69118369563458,8843500
2012-08-23,61.98642349243164,62.75745452794766,61.63981598306281,62.700864004892125,5469400
2012-08-24,61.873260498046875,62.0713219724815,61.11637963687433,61.48420731842857,4979000
2012-08-27,61.27907943725586,62.248172243428684,61.21541912427525,62.000595364996556,4273400
2012-08-28,60.84051513671875,61.53373038395038,60.74855415724949,61.0951671776364,4697200
2012-08-29,60.89708709716797,61.0668586855375,59.73700822715915,60.53633461461506,8731900
2012-08-30,59.75114822387695,60.70609030702501,59.74407305972607,60.522173816484894,5170100
2012-08-31,60.359493255615234,60.79098659835926,59.595537298287766,60.25338736208032,5481300
2012-09-04,58.470821380615234,60.21800923072745,58.15250374071998,60.14727377634048,11287600
2012-09-05,58.53448486328125,58.767916732583075,57.84833958508655,58.428378977528645,6234700
2012-09-06,59.9775390625,60.07656982993366,58.95893071544286,59.100407095185275,6982600
2012-09-07,62.318885803222656,62.559392826796675,61.363943667009224,61.7247015039856,10698000
2012-09-10,61.61151885986328,62.69378694594396,61.59737392791146,62.205708540453536,5591600
2012-09-11,62.67255783081055,63.04039076985507,61.83079688319661,62.03592804920915,5877800
2012-09-12,63.040401458740234,63.83264719082463,62.715014047809966,63.30212318233128,6016400
2012-09-13,64.14385986328125,64.34899636552217,62.46033306812835,62.69375942185297,7836600
2012-09-14,65.90521240234375,66.69038818241943,65.0634515095174,65.2261424784236,11375700
2012-09-17,65.07054138183594,66.13866464277737,64.88663026422539,65.74254174728426,7996500
2012-09-18,65.83448791503906,65.83448791503906,64.91491087108187,64.91491087108187,6596500
2012-09-19,66.44990539550781,66.65504200292298,65.65057906372293,65.9971919849259,6785200
2012-09-20,65.45958709716797,65.77789933118024,64.54708519042528,65.77789933118024,7094100
2012-09-21,64.8795394897461,66.08205821704667,64.63196273962755,66.08205821704667,10786300
2012-09-24,64.27828216552734,64.92198173625896,63.98118465919034,63.98118465919034,8604700
2012-09-25,61.54787063598633,63.34457956514366,61.54079547023892,62.715024732879385,13936300
2012-09-26,61.505393981933594,62.198614162351745,60.69192842514705,61.470028964594064,8864800
2012-09-27,61.484195709228516,62.21278116551746,61.36394489342283,62.134970544285686,7585300
2012-09-28,60.86171340942383,61.25076110138321,60.430220128022775,61.088070098292484,7519300
2012-10-01,60.45850372314453,61.64687745959829,60.295807354677216,61.34271021167357,7385000
2012-10-02,60.45850372314453,60.78389106331104,59.666252766585984,60.57167934735683,8819000
2012-10-03,60.32410430908203,60.57875621669267,59.80773072742643,60.48680068213204,5584500
2012-10-04,60.805152893066406,61.18713100591828,60.26755346792986,60.49391026849706,5076900
2012-10-05,60.43023681640625,61.78130215835922,60.13314459211552,61.43469456335337,6547700
2012-10-08,60.43729782104492,60.699019549167865,59.72285729947408,60.083615142591746,4532600
2012-10-09,59.949222564697266,60.93953528523804,59.77238120019963,60.6353679224313,5810600
2012-10-10,58.82451248168945,59.68042401503424,58.42838416615359,59.34088622982779,10634900
2012-10-11,58.60520935058594,59.206468728268426,58.180791283796445,58.987187229727034,7643800
2012-10-12,58.583984375,59.48941094784064,58.329332476792565,58.71131032410372,6012400
2012-10-15,58.576908111572266,58.85278009665283,58.07467948753412,58.64764894612049,6357300
2012-10-16,60.097755432128906,60.15434595153401,58.85986615317944,59.12866302520021,6943000
2012-10-17,61.27907943725586,61.3781101886287,60.27462158946198,60.56464407331904,7339000
2012-10-18,61.64198303222656,62.28956971231605,61.07978929537285,61.471186287038925,6813600
2012-10-19,59.67787551879883,60.830729341205085,59.41456789071123,60.72398271201503,9874300
2012-10-22,60.546058654785156,61.22922931329595,58.5605913834767,59.02315637718359,17158300
2012-10-23,59.47861099243164,59.87712590287202,59.051629955622886,59.706334574020204,7496100
2012-10-24,58.873748779296875,59.87715442224977,58.72430018734119,59.82734003471822,5509000
2012-10-25,59.44302749633789,59.45014538533177,58.61041365288458,59.34339876785759,5983300
2012-10-26,59.955406188964844,60.00522055260033,59.23665143134562,59.40744818897451,7165300
2012-10-31,60.35393142700195,61.14384892080691,60.097741676072815,60.86631092886023,5914600
2012-11-01,62.37499237060547,62.524435508811784,60.48915298576546,60.64571401513212,8550000
2012-11-02,61.05131149291992,62.979846246224994,60.98726136838694,62.972728359197546,6982000
2012-11-05,61.74876403808594,61.75588193106584,60.90903183538806,61.094059047334795,4044600
2012-11-06,62.68098831176758,63.05103716313706,62.12591232003363,62.16149091244562,7048900
2012-11-07,60.50338363647461,62.076106399681116,60.375288741758794,61.720287850954975,8209200
2012-11-08,59.53553009033203,60.65991197197056,59.43589595537842,60.60298516117068,6240600
2012-11-09,60.45354461669922,60.69550395448061,58.99469241914852,59.065855014016705,7282200
2012-11-12,60.617244720458984,60.89478273828537,59.9411916881865,60.09063481860379,5800500
2012-11-13,59.25088882446289,60.617230346592734,59.18683868126631,60.28987802958404,7695300
2012-11-14,57.713748931884766,59.70633433482072,57.55718795216514,59.70633433482072,8497000
2012-11-15,57.85609817504883,58.75987489958911,57.28678632553546,57.8916767722933,7794600
2012-11-16,58.304420471191406,58.50367796537836,57.04482535187561,57.90590548281751,8050900
2012-11-19,59.50708770751953,59.6636432863655,59.17261744987337,59.32917845807876,5674800
2012-11-20,59.30072021484375,59.613836843545975,58.77410485730976,59.56402246425061,5535900
2012-11-21,59.10145568847656,59.59248153205149,58.81679979939343,59.03028764418616,4517100
2012-11-23,59.891361236572266,59.91270947385061,59.24376908255084,59.507076677486765,2663700
2012-11-26,60.240074157714844,60.35393325637931,59.64229624430792,59.64229624430792,4240800
2012-11-27,59.784610748291016,60.5745280525737,59.70633026376873,60.13331126975336,4195600
2012-11-28,60.446468353271484,60.553209594811726,59.0658903828314,59.51421988538406,4884700
2012-11-29,61.37869644165039,61.54237535441314,60.83073829422009,60.88055267125921,7846300
2012-11-30,60.6599235534668,61.44984089105094,60.51048046653983,61.43561054297335,5663400
2012-12-03,60.126190185546875,61.14383100088957,60.0834937160252,61.14383100088957,4714100
2012-12-04,59.891361236572266,60.46066747164239,59.59958751547907,59.81308074697938,4468400
2012-12-05,61.23634719848633,61.606395935820004,60.183122373315804,60.21870638412151,8604400
2012-12-06,61.165199279785156,61.43562482032955,60.546078551400974,61.07980631275812,4132300
2012-12-07,61.90530776977539,62.30382822461407,61.570837475094365,61.69893236604965,7337200
2012-12-10,62.076087951660156,62.2326435059113,61.4711922551029,61.777196333242266,4336600
2012-12-11,62.14726638793945,62.73792645682188,61.94089098690728,62.33940600718461,5371600
2012-12-12,62.58845138549805,63.17199331632757,62.239750890447596,62.54575491694099,7093300
2012-12-13,62.880245208740234,63.55629818113038,62.49596058055152,62.51730882166877,6100000
2012-12-14,63.335689544677734,63.691508025265804,62.85177619390358,62.8731244340414,5866400
2012-12-17,63.791141510009766,63.82672553245882,63.26453163979285,63.513603508857635,6092800
2012-12-18,64.59528350830078,64.82300711493505,63.812483949830394,63.812483949830394,6653300
2012-12-19,64.60950469970703,65.34960761150215,64.57392068852774,64.69490306892263,7065800
2012-12-20,64.05840301513672,64.50931494762698,63.442869320263384,64.34469864587885,6893600
2012-12-21,62.91319274902344,63.11359794658432,61.89684898388921,62.62689726937986,10727800
2012-12-24,62.612613677978516,62.86312028985657,62.383578281313646,62.6340848931917,2326700
2012-12-26,62.74859619140625,63.47149133823462,62.67702365800332,62.74859619140624,3236100
2012-12-27,62.741455078125,63.278257374985195,61.94698724192108,62.891759065969616,3953800
2012-12-28,62.13306427001953,62.69849658240618,62.047179411846756,62.33346955326859,3309200
2012-12-31,64.13713836669922,64.27313002824906,62.03287163197582,62.133074289759286,7213000
2013-01-02,66.92134094238281,67.59413478054346,66.52768381140918,66.52768381140918,11590000
2013-01-03,67.56549072265625,67.98777241174311,66.48472765403805,66.7209218838493,9329000
2013-01-04,67.93769836425781,67.93769836425781,67.30785229264627,67.68719171422114,5658600
2013-01-07,68.14527130126953,68.47450943498606,67.56552648544651,67.68720037952164,5368800
2013-01-08,67.27925109863281,68.13097953547704,66.97148409326675,67.75879338633597,5616100
2013-01-09,67.5941390991211,67.83032793216098,67.35078591334386,67.35078591334386,3546100
2013-01-10,68.05224609375,68.13097756684577,67.44387099671349,68.07371732084201,4596400
2013-01-11,68.13093566894531,68.27408073528841,67.36509809667785,67.6800183347595,4288500
2013-01-14,67.7301254272461,68.33850566264717,67.38657505448532,68.22398523130377,3685800
2013-01-15,68.47451782226562,68.58903829704799,67.40807183887955,67.42954306274206,4789800
2013-01-16,68.13093566894531,68.47448601242243,67.87327018102035,68.06651656664695,3809700
2013-01-17,68.49595642089844,68.9182436447233,68.05935687486127,68.5031153123217,4824100
2013-01-18,69.87017822265625,69.87017822265625,68.77509711786887,69.01845029469979,8330900
2013-01-22,69.94178009033203,69.94893898517368,68.74650130170586,68.989849119954,8330100
2013-01-23,69.31908416748047,69.94177693533192,69.1401500289683,69.77000169133848,4971000
2013-01-24,69.14012908935547,69.95606807700665,68.710688379113,68.710688379113,5816300
2013-01-25,68.41007995605469,68.911093204442,67.75160384084997,68.65342768794714,8902700
2013-01-28,69.74850463867188,70.67180517903348,69.01845596942324,70.18510424598942,15997500
2013-01-29,70.57157897949219,71.00101955108737,69.94173317186144,70.08487820884879,6961900
2013-01-30,70.60739135742188,70.82926787643777,70.32109572797997,70.736224117639,5681000
2013-01-31,70.42132568359375,70.65036118382405,70.07061626838046,70.1350299431466,7154500
2013-02-01,71.2086181640625,71.35892216388258,70.82211982425267,70.85790883114898,6138500
2013-02-04,70.32826232910156,70.7648619832135,70.07775567361985,70.68613053997132,5765000
2013-02-05,70.45709991455078,70.92948314562472,70.37120957224829,70.55730258358574,4178000
2013-02-06,69.92744445800781,70.67896986615527,69.68409670185213,70.04912379672106,4489600
2013-02-07,68.7894287109375,70.25669057640991,68.14526483193411,69.727041686654,6210100
2013-02-08,69.31908416748047,69.78431401973937,68.78228175194401,68.78228175194401,3934200
2013-02-11,69.14012908935547,69.41926582404483,68.92541146455169,69.39779460762794,2739200
2013-02-12,69.58389282226562,69.7198844839893,69.19023562287356,69.19023562287356,4149000
2013-02-13,68.98265838623047,69.78428495876462,68.72499289722428,69.49083047270535,3718500
2013-02-14,68.76081085205078,69.19741058892242,68.48167403151142,68.75365195749843,3586300
2013-02-15,68.4315414428711,69.01128604224024,68.20250606750996,68.89677108487672,4377200
2013-02-19,68.42439270019531,68.97551273744047,68.08799574822604,68.52459535048808,4368800
2013-02-20,66.72096252441406,68.06654528185608,66.59928862062849,67.99497271849025,8570800
2013-02-21,65.5113525390625,66.41318194196245,64.82424624277911,66.39171072342788,7193400
2013-02-22,65.5185317993164,66.19847941391275,65.16782237941366,65.8406110987279,5851800
2013-02-25,63.8150634765625,66.00521523092782,63.75780325093102,65.71176067004322,7540300
2013-02-26,64.38044738769531,64.55938137761179,63.34263243043256,64.12278200536502,7114200
2013-02-27,66.0267105102539,66.10544198402772,64.45924539138692,64.45924539138692,6147300
2013-02-28,66.11256408691406,66.67799641996068,66.01236144162829,66.19844894822494,5446500
2013-03-01,65.3896713256836,65.81911203011201,64.50931324006574,65.5185040830756,4924400
2013-03-04,64.23733520507812,64.95307153048289,63.83652461025459,64.85286888177701,6350500
2013-03-05,64.56658172607422,65.33241947625588,64.40911884013556,64.76698704976505,5352500
2013-03-06,64.15858459472656,65.16777513299385,63.993968347044564,65.11051493352481,7135900
2013-03-07,64.16576385498047,64.70256610899207,63.89378055147491,64.344697939651,4738200
2013-03-08,64.78130340576172,64.93160739521119,64.42343520403382,64.72404318293276,5084900
2013-03-11,65.26084899902344,65.50419676819472,64.48785233112227,64.76698910664729,4846300
2013-03-12,64.23018646240234,65.24653635516162,63.98683869441598,65.24653635516162,6593300
2013-03-13,63.900962829589844,64.35188038278763,63.793601247369565,64.27314891986855,5836100
2013-03-14,63.48580551147461,64.09418571472138,63.106466158809305,64.036925502076,7328500
2013-03-15,63.57886505126953,63.87947302554314,63.06353397500888,63.42140217123041,7379400
2013-03-18,63.958213806152344,64.43059705462223,62.7486173788683,62.90608028190364,7159800
2013-03-19,63.17806625366211,63.98685209333958,62.58400903539032,63.98685209333958,7509300
2013-03-20,62.22613525390625,62.89892387442225,61.85394920281232,62.705677415280796,9389000
2013-03-21,62.14738464355469,62.49809390385686,61.86108902956664,61.86108902956664,5449600
2013-03-22,62.612613677978516,62.719969754044406,62.24758663745073,62.276216744613166,5115500
2013-03-25,62.01139831542969,62.95617010015537,61.58911648058064,62.934698882876276,6685300
2013-03-26,62.269073486328125,62.548210275450444,62.02572570530291,62.31201592753588,4173000
2013-03-27,62.19748306274414,62.38357602224375,61.410174256508775,61.861086141560584,4838700
2013-03-28,62.24758529663086,62.97048047016593,62.01854990489944,62.30484550972234,6213400
2013-04-01,61.295654296875,62.22611364079532,61.131038011196964,62.168853428109735,5666900
2013-04-02,60.75168991088867,61.5676287852945,60.458240892861234,61.5676287852945,6514300
2013-04-03,60.20774459838867,60.565612778563185,59.83555863305154,60.05744061799159,9222400
2013-04-04,60.57276916503906,60.64434717307335,60.00733675750729,60.24353107849562,7646200
2013-04-05,60.55131912231445,61.09528050191907,59.4419305980776,59.69959622733045,8985600
2013-04-08,60.257850646972656,61.08810205050551,59.91429476440477,60.615718855189606,6722000
2013-04-09,61.48174285888672,62.018545027979506,60.157631933918005,60.393820738236954,10533700
2013-04-10,61.9613037109375,62.18318026107482,61.48176160422458,61.8253120392349,6258700
2013-04-11,61.338626861572266,62.26908666262496,61.05233657875955,62.19035519666033,6920000
2013-04-12,60.873382568359375,61.07378788522268,60.33658027220325,60.83043467143486,4934500
2013-04-15,58.883628845214844,60.35804948285008,58.62596877541414,60.29363036992354,10345400
2013-04-16,59.126976013183594,59.92860263275243,58.776266756149866,59.8570246344465,6566500
2013-04-17,58.31102752685547,58.41838904610843,57.70265286526697,58.36112884108903,9405300
2013-04-18,57.958072662353516,58.59196460041735,57.662738581745145,58.59196460041735,6886900
2013-04-19,57.936466217041016,58.46231247673061,57.63392724359837,58.311037494296784,7009500
2013-04-22,59.57882308959961,59.88136204356565,57.259346784435664,58.51993125500631,18449600
2013-04-23,60.58012008666992,61.02672937945798,59.60046489299718,60.443260291945236,12932500
2013-04-24,60.34956741333008,60.97625982404433,59.996605375339996,60.70973432842105,7022000
2013-04-25,60.87543487548828,61.242801300798526,60.52246721800727,61.01229461413384,6556100
2013-04-26,60.997901916503906,61.2860367033967,60.688157982344094,60.760190305138806,6160700
2013-04-29,61.08434295654297,61.58857470319587,60.55849656727878,61.30764480210156,6065100
2013-04-30,60.990684509277344,61.502121040509365,60.047048634327965,61.09153083962096,6954300
2013-05-01,59.845359802246094,60.760181713378316,59.54282079186031,60.558489039787794,11607000
2013-05-02,60.69535827636719,60.91145522842008,59.859768007098104,60.03264666788312,5798600
2013-05-03,62.65468215942383,63.01484932280225,61.57418066928858,61.65341238917424,11890000
2013-05-06,63.09407043457031,63.353391188259906,62.58263380804748,62.762717359458925,6381000
2013-05-07,64.67877197265625,64.69317623041239,63.32454641944086,63.468610979845,10406900
2013-05-08,65.05335235595703,65.11818526433395,64.23937703234827,64.65717201078596,7431000
2013-05-09,64.79401397705078,65.32706487081298,64.50588489423984,64.81562860440059,5166100
2013-05-10,63.83600997924805,65.01015258487271,63.317368547456304,64.80125503619476,6967500
2013-05-13,63.439815521240234,63.74235448399119,63.209308859756796,63.52625758018864,5483600
2013-05-14,63.06525421142578,63.38940236614923,62.568221911517526,63.25974200511721,6856900
2013-05-15,62.66904067993164,62.79870098392545,62.26565551004459,62.647431545217806,6925400
2013-05-16,62.51058578491211,63.13727836486522,62.02075842828165,62.34491203682808,8192200
2013-05-17,63.15167236328125,63.288537564359366,62.741082255758464,62.94997974845764,6690800
2013-05-20,63.627113342285156,63.92965234992774,62.86355544755602,63.0796578791368,5603200
2013-05-21,63.46142578125,64.09532323329306,63.19490571228863,63.85761168877691,4730000
2013-05-22,63.17332077026367,64.17458508461199,62.77714017222286,63.45425072921234,6479100
2013-05-23,62.633056640625,62.94280056718997,61.79026694359258,61.97035049402073,6026800
2013-05-24,62.099998474121094,62.467370382461766,61.78304973000657,62.136017375302366,4637400
2013-05-28,62.0855712890625,62.94996964114975,61.87667382990409,62.69785391310019,5800400
2013-05-29,62.30171203613281,62.42417304381286,61.46612710633447,61.754261925329075,5110500
2013-05-30,62.24404525756836,62.66903955453732,61.941500889875314,62.28726352621994,3568000
2013-05-31,61.80467987060547,62.633059848430086,61.80467987060547,62.11442381303424,5522300
2013-06-03,62.042388916015625,62.16484991909153,61.76145898937944,61.88391999245535,6092700
2013-06-04,61.8911018371582,62.28728777305822,61.54534456192984,61.91271097989588,5105500
2013-06-05,60.81058883666992,61.75423001871824,60.6737291275377,61.566941658781,7359000
2013-06-06,60.50807189941406,60.73137373946208,60.00384016520444,60.724174354483175,7009400
2013-06-07,60.97627258300781,61.49491392857554,60.2487337234913,60.97627258300782,5474100
2013-06-10,60.36399459838867,61.06271399903188,60.24153363515526,61.01949571536866,4965200
2013-06-11,60.16230392456055,60.48645757943826,59.52120699059476,59.809341740803866,5275900
2013-06-12,59.93899917602539,60.7817887452594,59.79493455581399,60.63051924532352,4748100
2013-06-13,61.3292350769043,61.43008139520268,59.9245860036682,60.01822744331322,6352100
2013-06-14,60.41440963745117,61.32923132482173,60.07585180571415,61.235589890905636,5147500
2013-06-17,60.450435638427734,60.817807563884585,60.09026859268537,60.18391554183469,4389500
2013-06-18,60.90424346923828,61.13475013535544,60.47924354050553,60.57288498446447,3723900
2013-06-19,60.68812942504883,61.43727732016685,60.688129425048835,60.86821289515284,4711700
2013-06-20,59.93178939819336,60.27755215244041,59.31950656876608,59.924590014770274,7628100
2013-06-21,59.87416458129883,60.522460790390156,59.01696535518553,60.522460790390156,9736500
2013-06-24,58.721622467041016,59.24746868012686,58.24620490743882,59.110603468013004,7525600
2013-06-25,59.30508804321289,59.55720379520007,59.04576741382289,59.31228742490452,6249000
2013-06-26,59.13943099975586,60.09747671204659,58.85129624848702,59.73010476678599,6950600
2013-06-27,59.75890350341797,59.91017297259949,59.46356944331458,59.46356944331458,4658000
2013-06-28,59.420345306396484,59.924582362965744,59.290684977074314,59.61483854823566,8448800
2013-07-01,59.58604049682617,59.96781670887183,59.261886838809694,59.816547200082795,4676300
2013-07-02,59.41315460205078,60.212720337995286,59.09620586281008,59.622046639409284,3659900
2013-07-03,58.9593391418457,59.42755735957882,58.75044161406593,59.175441548710985,2928200
2013-07-05,59.16823959350586,59.52120174616294,58.63519392479946,59.44916943888577,4819500
2013-07-08,59.93178939819336,59.93178939819336,59.247474264547435,59.35552546873167,4879100
2013-07-09,61.46610641479492,62.128812428393395,60.30636814314123,60.55848396399796,7882100
2013-07-10,61.199581146240234,61.78304997686166,61.07712567487498,61.53093415472356,4216800
2013-07-11,62.45295715332031,62.58982237534857,62.020757841725036,62.280078527824685,5434500
2013-07-12,62.791542053222656,62.863574386880195,62.337733405036836,62.40256085661419,4876100
2013-07-15,62.957183837890625,63.41099221556047,62.805914378667346,62.841927776171076,4161800
2013-07-16,63.511844635009766,63.77116530312803,62.97159415904871,63.18769654771795,5432100
2013-07-17,62.431365966796875,64.10974603015315,61.862301269515456,63.71356000808569,15077400
2013-07-18,62.17747497558594,62.815785829806565,61.95986610977125,62.29352897906998,7045900
2013-07-19,62.1267204284668,62.300804257074006,61.76404255735376,61.9816459596065,5086200
2013-07-22,62.38058090209961,62.779528691245886,61.930858442882354,61.930858442882354,4835000
2013-07-23,62.03242111206055,62.65622749784205,61.742283240183255,62.01066132507227,6891800
2013-07-24,60.52366638183594,61.8583178827931,59.94337975201421,61.350571232216666,16602100
2013-07-25,59.580692291259766,59.89985043910037,59.00766085946528,59.51541296139557,9941300
2013-07-26,59.52267074584961,59.53718095494817,59.06569877166436,59.39210653407906,5727000
2013-07-29,60.21901321411133,60.4583818653822,59.479153014029094,59.783801006179225,9068800
2013-07-30,60.34231948852539,60.748516755044996,59.95788199928038,60.54541812178519,5266000
2013-07-31,60.13922882080078,60.85732923608938,60.08844862173721,60.62521569104541,7012900
2013-08-01,61.249046325683594,61.51742443342488,60.284321770872744,60.65425478324864,6570400
2013-08-02,61.1474723815918,61.42310548618599,60.5671857535769,61.140217276885174,4864700
2013-08-05,60.61071014404297,61.14022214935693,60.56719058038183,61.009657924349646,3758400
2013-08-06,59.863616943359375,60.43664872442727,59.58798371478058,60.429393616457176,7223600
2013-08-07,59.79105758666992,60.03767581477636,59.334085587166086,59.75478759593728,4292400
2013-08-08,60.90082931518555,61.35780115436865,60.14645915159795,60.168218924794054,6400600
2013-08-09,61.299800872802734,61.50289954729878,60.56719019635015,60.78479908132381,5478600
2013-08-12,62.6126594543457,62.706953636308576,60.97335518393133,61.067654899915105,8608300
2013-08-13,62.79404067993164,63.41784700431136,62.70699600652122,62.8303106773588,6710300
2013-08-14,62.250022888183594,63.10594279340921,62.17023332238951,63.00439344313028,4462900
2013-08-15,62.27900695800781,62.76499368441097,61.56815632381879,61.6261860764101,5138900
2013-08-16,61.77126693725586,62.67070606067871,61.75675673057511,62.271758387293936,4706500
2013-08-19,61.074951171875,62.017915848681376,60.89361223664494,61.76404244616431,3766000
2013-08-20,60.82831573486328,61.263527949967525,60.40035309062723,60.784796173559926,4690000
2013-08-21,60.16098403930664,60.82105463477915,60.08119449543305,60.581686003158374,5562600
2013-08-22,61.05318069458008,61.28529426967009,60.248035520418824,60.42937442389615,4739900
2013-08-23,60.85008239746094,61.22001531244835,60.49465969389808,61.2055051010238,4487200
2013-08-26,60.61071014404297,61.495644831978595,60.58169525692759,60.91536369174255,4123300
2013-08-27,59.98689651489258,60.59619800119336,59.82732295645548,60.11746072381252,5569900
2013-08-28,59.80557632446289,59.95790589413793,59.08747571810518,59.34134911085539,6762900
2013-08-29,59.863616943359375,60.248054655386035,59.493683913247,59.84185715347498,3706400
2013-08-30,59.87086486816406,60.030444020204875,59.63149614010284,59.90712933561182,4425700
2013-09-03,59.849082946777344,60.59619821500189,59.27605144638589,60.31331001701441,7544200
2013-09-04,60.5961799621582,60.7412488026508,59.69674097625673,60.023148634375836,4482200
2013-09-05,60.16823196411133,60.58168434650329,59.99414820679442,60.47288545694451,3728400
2013-09-06,60.487388610839844,61.0894349433758,59.76928828768332,60.36407951642339,5566500
2013-09-09,62.08319091796875,62.40234919280213,60.94438270479706,60.95889291766662,6702200
2013-09-10,62.82304763793945,63.026146316225685,62.51114451513589,62.968116541279926,6298400
2013-09-11,63.200225830078125,63.200225830078125,62.5691700558263,62.74325383485885,4382900
2013-09-12,62.989891052246094,63.26552978067885,62.8303174348682,63.06243105490223,3980600
2013-09-13,63.113197326660156,63.25101113848794,62.65621972052873,63.178476679522085,3276000
2013-09-16,63.23649978637695,63.990870254860106,63.12769534239906,63.80227625423334,4866600
2013-09-17,63.156707763671875,63.43234088149929,62.86656443573457,63.36706153807584,3415400
2013-09-18,63.71524429321289,63.838558972448745,62.52566134571114,62.60545091826523,5564700
2013-09-19,63.64994812011719,64.01262588718339,63.3307899142114,63.86030188909841,4765200
2013-09-20,61.4738883972168,63.57742078841017,61.4738883972168,63.548405899715014,13435200
2013-09-23,61.677005767822266,61.93813431115795,61.20552336824251,61.65524597821526,6048400
2013-09-24,61.73503112792969,61.97439986446283,61.31432344566394,61.7495358086171,3720900
2013-09-25,61.29253005981445,62.05415542801283,61.24175540420272,61.75675706369954,3824700
2013-09-26,61.074951171875,61.54643351027819,60.857347770014,61.35783946811189,3475100
2013-09-27,60.78480911254883,60.87184825368317,60.48015551650441,60.65424486682257,3017600
2013-09-30,60.49464797973633,60.806551056677115,60.08119557858441,60.16823469418074,5401500
2013-10-01,60.75577163696289,61.14746422854341,60.26252972912327,60.61069723229084,3866000
2013-10-02,60.980655670166016,61.11121992222137,60.44389398239398,60.58170780721213,3324900
2013-10-03,60.90811538696289,61.12571876358828,60.50916756211295,60.85008560625299,4223500
2013-10-04,61.074951171875,61.18375563981807,60.5962192605607,60.90812245051741,3212000
2013-10-07,60.588932037353516,61.04590945368012,60.422103404426494,60.53815738376414,3364300
2013-10-08,60.095703125,60.850073522348666,59.936124026750015,60.59620019968887,5671300
2013-10-09,60.581695556640625,60.85007911326777,59.805565308042,60.240783082902,4577500
2013-10-10,61.459381103515625,61.618954683509585,60.98064376146197,61.249027319948766,4317100
2013-10-11,62.09770965576172,62.27179349592187,61.183759810376266,61.39411365366481,4110300
2013-10-14,62.554649353027344,62.68521354890657,61.5536608739684,61.69872974315747,4689600
2013-10-15,62.199249267578125,62.92460494416796,62.15572969787062,62.55467199958024,4896500
2013-10-16,62.57642364501953,62.73600275855653,62.090436733083344,62.42409963683165,3549500
2013-10-17,62.70792770385742,62.81018829512936,62.05053420797764,62.328103446673694,3850700
2013-10-18,63.7962532043457,64.10304044251458,63.0146872056995,63.04390530327665,6752700
2013-10-21,64.05921173095703,64.1322597626836,63.68669351850705,64.07382356641531,3883500
2013-10-22,65.13292694091797,65.13292694091797,63.94231917820812,64.19066455323048,9152900
2013-10-23,61.18128204345703,61.83136922454406,60.66267348173485,61.46615145661738,20968800
2013-10-24,61.74373245239258,62.08703814318243,60.721121297830734,60.859905872264704,8368700
2013-10-25,61.919029235839844,61.92633515291193,61.07172675728061,61.59033541376069,4886400
2013-10-28,61.56111145019531,61.88981081372446,61.46615682843696,61.72180817377205,3979200
2013-10-29,61.407737731933594,61.42964991437713,60.83799869727009,61.290870901307116,5324100
2013-10-30,60.98408889770508,61.61226418834693,60.77956774685116,61.4807855095432,4657000
2013-10-31,60.88911437988281,61.55380790334151,60.88911437988281,60.947550567575014,4651300
2013-11-01,61.057098388671875,61.210494741735936,60.48005927022491,61.19588291154869,5880200
2013-11-04,61.2762565612793,61.349299024034835,60.95486303781569,61.217820361961785,3892500
2013-11-05,61.39314270019531,61.49540328549635,60.88914012065167,61.07174910480123,4010900
2013-11-06,61.51730728149414,61.619567853180136,61.2470440147336,61.57574348610991,3664100
2013-11-07,61.10094451904297,61.670683446351845,60.99137805468776,61.32007187497153,5431600
2013-11-08,61.53190612792969,61.59034232550035,60.99138523235736,61.005991495358764,4557300
2013-11-11,61.4661750793457,61.6999143177384,61.225129922408016,61.49539318074267,2522500
2013-11-12,61.24702453613281,61.56111207007324,61.02059128123904,61.34198473162872,3483000
2013-11-13,61.502689361572266,61.53921337904084,60.62616867015299,60.9621684542898,3952800
2013-11-14,61.18128204345703,61.50266988974152,61.035191592617835,61.356585011683194,4496300
2013-11-15,61.16668701171875,61.43695024041477,60.99138399534474,61.35660186358034,4743900
2013-11-18,61.38582992553711,62.065135493627245,61.16669693991449,61.39313584446675,4803100
2013-11-19,61.11557388305664,61.72183705192238,60.976794843675606,61.436967480582375,5010300
2013-11-20,60.39242172241211,61.1447695746529,60.23172498255836,60.757639559249924,7443000
2013-11-21,59.983375549316406,60.691893424643865,59.80076664301126,60.66268090368282,6208500
2013-11-22,60.53849792480469,60.58962819170004,59.895716630580154,60.05641334733157,4403800
2013-11-25,61.64878845214844,62.043224490104,61.26165833326151,61.64878845214843,8111400
2013-11-26,61.61956024169922,61.96286593543145,61.36390884406325,61.940953754603015,3834900
2013-11-27,61.846004486083984,62.03591937484559,61.597658962366374,61.67070143564899,3053600
2013-11-29,61.794857025146484,62.21851105435207,61.743726750779054,61.82407512089673,2284400
2013-12-02,61.53920364379883,62.15276691617267,61.378506908810884,61.867897457887416,4834700
2013-12-03,61.26163101196289,61.32006162010307,60.82336522783547,61.21050074685215,3924300
2013-12-04,61.334686279296875,61.63416201678348,60.706511134970306,61.17398953454606,5246700
2013-12-05,61.65610122680664,61.780274000863386,61.13748679815263,61.29818359883032,5291900
2013-12-06,62.45225524902344,62.510691445203754,62.03590710360791,62.130861742814126,5759300
2013-12-09,62.883216857910156,63.20461040092255,62.496086766254145,62.598347334888444,6023400
2013-12-10,63.12425994873047,63.45295939953729,62.75904205191146,62.7955660707065,4987000
2013-12-11,62.29155349731445,62.97816481537979,62.17468668711424,62.839380253783965,5624100
2013-12-12,62.50339889526367,62.5983535547781,61.97017824344612,62.35731394635169,4551700
2013-12-13,62.85398483276367,62.98546346205095,62.50337329707049,62.576415741612024,4226200
2013-12-16,63.82548522949219,64.16879098495967,63.13887929134075,63.18270366087838,6976200
2013-12-17,63.48947525024414,64.02269580982751,63.09503926906931,63.708608208491036,4764400
2013-12-18,64.40250396728516,64.61433095492986,63.29224433398255,63.5552015894876,6963200
2013-12-19,63.942352294921875,64.16147969705803,63.737831157148236,63.913134193413775,4299700
2013-12-20,64.9576416015625,65.08912023949858,64.1395516796511,64.16876977394598,7389700
2013-12-23,65.70999908447266,65.7903474624079,65.20599663611209,65.23521473470512,5733300
2013-12-24,66.4039306640625,66.45506095439765,65.73192539750725,65.7392313169219,2675700
2013-12-26,66.57920837402344,66.95903244723183,66.25050899890348,66.46233599901682,4790800
2013-12-27,66.37469482421875,66.783737037606,66.1482559651375,66.57191001344984,3373800
2013-12-30,66.37469482421875,66.49156163970845,65.94373485844388,66.36008298929367,2625000
2013-12-31,66.33087158203125,66.6011348275808,66.07522017288048,66.46965616390571,3098900
2014-01-02,65.64427947998047,66.06792808693453,65.24984340637447,66.03871555358647,4898000
2014-01-03,65.60771179199219,65.92179925790505,65.43970918673544,65.73919039569478,3722000
2014-01-06,64.7458267211914,65.95835278395701,64.55591185910394,65.87800440279626,5233900
2014-01-07,64.9576416015625,65.1767745223832,64.82616296362642,64.84076922438301,3512100
2014-01-08,65.11103820800781,65.60773470963353,64.76773253548652,64.84808090874819,4421600
2014-01-09,65.52737426757812,65.59311636667577,64.78233243875201,65.1986804904333,4466400
2014-01-10,66.11173248291016,66.17746901671458,65.22060009501617,65.30825437953717,5416000
2014-01-13,65.65885925292969,66.65955808622299,65.60772898102604,65.92912244600993,5213600
2014-01-14,66.14824676513672,66.2578132207074,65.63694406951542,65.63694406951542,3712100
2014-01-15,67.49957275390625,68.07661211305826,66.38200133517732,66.38200133517732,10121900
2014-01-16,67.64659881591797,68.27152550256099,67.41868015386157,67.55837169423152,4771000
2014-01-17,67.2275390625,67.83041045404832,66.91139884441967,67.74953698366487,6833400
2014-01-21,66.60997009277344,67.52898183690442,65.90416974638515,67.34517948807823,5544900
2014-01-22,65.90415954589844,66.77170672244934,65.69094818115609,66.6026061196531,4787300
2014-01-23,65.05130767822266,65.4924320437933,64.73516752121024,65.21304897854473,5014800
2014-01-24,63.352970123291016,64.69105053109763,63.139758800005275,64.68370247833647,8087400
2014-01-27,67.11724853515625,67.86715945104133,65.48508321382872,67.4701458099724,22202300
2014-01-28,67.98480987548828,68.13184950263688,67.16137337953032,67.19813609091858,9409600
2014-01-29,66.62464904785156,67.6098265255772,66.38202870451907,67.13193950031022,8145900
2014-01-30,68.5215072631836,68.99939444918131,66.7055449311155,67.29370902917252,14764700
2014-01-31,69.04348754882812,69.61694973503198,67.6465891718802,67.75687165596558,9697300
2014-02-03,67.94805908203125,69.06558063749931,67.60250972750103,68.9185353753571,9084100
2014-02-04,68.00687408447266,68.11715662374752,67.26431096983833,67.99217236353071,6839700
2014-02-05,67.60982513427734,68.01419236484361,66.94813585207801,67.8156827755838,5134500
2014-02-06,68.98468780517578,69.27877263780783,67.48486020703382,67.59514272042104,6844200
2014-02-07,69.74932098388672,70.02134488442478,69.02145960600772,69.23467101485282,9140200
2014-02-10,69.477294921875,69.83019793555928,68.83766066359858,69.82284427028169,5933400
2014-02-11,69.81547546386719,70.09485298259209,69.31553290827397,69.56550699067152,6006100
2014-02-12,70.70503997802734,71.05058906539612,69.96983106335296,70.07275986267146,8002000
2014-02-13,70.66096496582031,70.88152999542469,69.92575567940804,70.05809357533032,4387000
2014-02-14,70.98446655273438,71.08004175103083,70.46246296661637,70.47717029509417,4145300
2014-02-18,70.9917984008789,71.27118148615295,70.46980054313138,70.46980054313138,4871700
2014-02-19,70.73444366455078,71.80784792578825,70.66092390047669,70.71974195541534,5865200
2014-02-20,71.25650024414062,71.69762480280154,70.06546449667643,70.95506727925017,7718400
2014-02-21,71.68289184570312,72.0137337182338,71.25646919415642,71.39616072705635,5554600
2014-02-24,71.55056762695312,72.2269588251674,71.44763877545103,71.71966823110756,4887800
2014-02-25,70.88155364990234,71.30062285864037,70.447777109375,71.19768836372594,5989200
2014-02-26,71.46233367919922,71.98433715958889,70.83005330357344,71.06532563794693,4753900
2014-02-27,71.09475708007812,71.78585581157269,70.96241914445584,71.4697154992085,4337700
2014-02-28,71.29324340820312,71.69760513890682,70.80065454628331,71.04326934102491,5411100
2014-03-03,70.80802154541016,71.0726974006725,70.28602350008806,70.81537521061273,4859200
2014-03-04,71.32999420166016,71.6534880449932,70.99179864235792,71.46233208218722,6261300
2014-03-05,70.85213470458984,71.24179480455639,70.49187804569003,70.9771189613333,5384800
2014-03-06,71.75641632080078,72.16078362179115,71.065323491655,71.27852922213971,6714300
2014-03-07,71.35208892822266,71.95496053364661,70.94772143285135,71.88878875749326,5259200
2014-03-10,71.13147735595703,71.16824005305098,70.47714173392505,71.05060390971038,4640300
2014-03-11,71.19766998291016,71.98434936364053,71.03592863940894,71.38147231839996,5731200
2014-03-12,71.18295288085938,71.49173939154224,70.80064657370929,70.80064657370929,4448600
2014-03-13,70.29338836669922,71.85203469503975,69.88902085416628,71.46236890605165,8434600
2014-03-14,70.1316146850586,70.763895131856,69.99192312310049,70.17572544811829,5002000
2014-03-17,70.33748626708984,70.91094873680012,70.24926472356698,70.57275306515567,4697200
2014-03-18,70.88155364990234,71.05800236694898,70.35954994624989,70.668342212586,4921300
2014-03-19,70.60951232910156,71.10945495170039,70.02869622275863,70.64626943403812,5109200
2014-03-20,70.73444366455078,70.75649903285317,69.91836138217187,70.36683923498184,4396000
2014-03-21,71.6020278930664,71.77847654121916,71.07267633940671,71.36676115912891,8339700
2014-03-24,71.20503234863281,71.75643942248779,70.88889206858784,71.75643942248779,4808600
2014-03-25,72.4842758178711,73.03568274436176,71.42557833326589,71.57997159957912,9070400
2014-03-26,71.90348815917969,73.22686183504737,71.90348815917969,72.99159502983514,5610200
2014-03-27,72.38135528564453,72.70484918127889,71.52851539152029,71.91817543351515,4947700
2014-03-28,73.07244110107422,73.24154168318299,72.62396304548248,72.71954383027477,5821500
2014-03-31,73.05775451660156,73.98411425121326,72.82248775094115,73.52093438390742,5772600
2014-04-01,73.38121032714844,73.57971990325632,72.74158207106667,72.74158207106667,4814300
2014-04-02,75.45453643798828,75.55011724700917,73.43271064867153,73.55034684155802,9358300
2014-04-03,75.39571380615234,75.8735953501475,74.70461528893846,74.932528370487,8230200
2014-04-04,75.1163330078125,76.00593558975737,74.92518262799751,75.64568460250409,4889200
2014-04-07,74.33699798583984,75.04279810034944,73.82235382188514,74.70460256272197,5215100
2014-04-08,75.27806091308594,75.91034120136848,74.22671165319292,74.24141897666019,6626900
2014-04-09,75.71920776367188,75.8736010507598,74.8810695713648,75.46923928244439,4062000
2014-04-10,75.18250274658203,76.25590762517906,74.98399309929256,75.66038990171401,4538900
2014-04-11,74.58698272705078,75.0648699034104,74.23408539717427,74.32966058876542,5363900
2014-04-14,75.56482696533203,75.60158968180113,74.21939231508622,75.12370241371785,4114100
2014-04-15,75.35894775390625,75.79271851685353,74.44728985897197,75.45452293662309,6317900
2014-04-16,76.12067413330078,76.28337345497978,75.58820567770742,75.89141907578723,3801400
2014-04-17,76.04673767089844,76.49785656196593,75.87664135040151,76.20943702731365,3556800
2014-04-21,75.90621185302734,76.15765781293662,75.10011780163461,76.09849339387213,3821400
2014-04-22,76.68272399902344,77.015513959193,75.99495319140772,76.00974147402961,4528500
2014-04-23,76.45346069335938,77.37049216704743,76.3055553032698,76.58657780133159,6427400
2014-04-24,77.85861206054688,79.42643570537278,77.49623977684553,78.4058689684962,8849200
2014-04-25,77.4222640991211,77.85858897470077,76.38690938187926,77.67370440527291,5731800
2014-04-28,77.10426330566406,77.96212478377053,76.35732805671364,77.64412309498803,4036200
2014-04-29,77.87340545654297,78.02131089803551,76.786282970657,77.49623924583682,4975800
2014-04-30,77.94731903076172,78.56852834372512,77.64410569308096,77.82159890440886,5199300
2014-05-01,77.70327758789062,78.23574598875112,77.37787897798063,77.79941552162374,2970800
2014-05-02,77.65888977050781,78.08042622007527,77.45182002576975,77.59972537423198,2677000
2014-05-05,77.29654693603516,77.50362241639246,76.77147537728935,77.40008749732877,3166400
2014-05-06,76.81584930419922,77.25957117915942,76.61617079301777,77.06728963119242,2836300
2014-05-07,77.3705062866211,77.40008849848334,76.49045382096652,76.98594317464179,3399800
2014-05-08,77.60714721679688,77.66630598981288,77.02291131126631,77.31872774526308,3118400
2014-05-09,77.69587707519531,77.87337029552255,77.13383213751086,77.62192438783983,2761800
2014-05-12,78.53895568847656,78.76081940849059,78.13221305808923,78.17658354520053,3664200
2014-05-13,79.24150848388672,80.02541706378459,78.25792145749129,78.76080759080243,3951500
2014-05-14,78.78301239013672,79.16017849431441,78.61292174468456,79.01966441502228,3082300
2014-05-15,77.64411926269531,78.93831119977894,76.94156018231298,78.75342663733842,5151000
2014-05-16,78.41324615478516,78.4280400806428,77.03770444596051,77.68850177018781,4403300
2014-05-19,77.93995666503906,78.04349159648915,77.44446725849502,77.96214191574542,3924300
2014-05-20,75.10750579833984,77.51100520472546,74.48629635234408,77.49621692172859,9277600
2014-05-21,76.08370208740234,76.17244871905443,75.04835292927666,75.04835292927666,5460200
2014-05-22,76.23157501220703,76.82320200062387,75.81003859659711,76.09845795242353,3112300
2014-05-23,76.93415832519531,77.0229049407229,76.28336673801259,76.28336673801259,2888600
2014-05-27,76.67530822753906,77.26694094740742,76.51260894746389,77.05986554589406,3443400
2014-05-28,76.10588073730469,76.80843978764844,76.06150460750054,76.56439082152653,3353300
2014-05-29,76.61617279052734,76.66794024991854,75.84705222083686,76.37952074156334,3071200
2014-05-30,75.6030044555664,76.15765819204043,75.10011817547411,76.09849377268144,5939300
2014-06-02,76.7344970703125,76.86761419257346,75.44030502030908,75.74351279520765,3747000
2014-06-03,77.27432250976562,77.3334869027284,76.20939164757095,76.48301709112644,3643600
2014-06-04,77.1412353515625,77.72547126354603,76.96374774609575,77.22258501286585,2879900
2014-06-05,79.10101318359375,79.21934201581392,77.481422556513,77.50361344422622,5389200
2014-06-06,80.0032730102539,80.13639016237336,79.11582909094474,79.18978181051537,4299600
2014-06-09,80.42479705810547,80.83154541506143,79.61870294988542,79.67786173089087,3900400
2014-06-10,80.83893585205078,80.97944994514039,80.16595888235665,80.239911589477,4752700
2014-06-11,80.38040924072266,80.59487599706337,80.11417503576376,80.55789682995236,2738800
2014-06-12,78.87176513671875,80.23990993809281,78.71646276229325,80.21772469063627,3408600
2014-06-13,78.9604721069336,79.30066456212995,78.44279774855188,78.79777848160458,2009100
2014-06-16,78.9900894165039,79.04185687535306,78.1913922860069,78.76083433334762,2137200
2014-06-17,78.88653564453125,79.1305845960183,78.39104642222374,78.76821247068294,2138400
2014-06-18,79.48556518554688,79.57430615513431,78.42802537421164,78.85695322575069,2218700
2014-06-19,79.31547546386719,79.441195609302,78.90133585903298,79.12319394352461,2592400
2014-06-20,80.89070129394531,81.0016331729743,79.60390616700644,79.90711959353702,7762900
2014-06-23,80.44696807861328,81.23827376219113,80.08459592428707,80.79455195086103,2839500
2014-06-24,79.72958374023438,80.86107588900386,79.13055981258623,80.28423719686465,2864200
2014-06-25,80.1955337524414,80.52092676243005,79.38943408460025,79.4855776730625,2176200
2014-06-26,80.25467681884766,80.46175223841891,79.75918761703001,80.27686770261577,1522900
2014-06-27,80.44696807861328,80.52092077346347,79.67045631934283,80.12156945059769,3632100
2014-06-30,80.36563873291016,80.63187301544103,79.84796409589477,80.37303569693334,2249200
2014-07-01,80.73536682128906,81.16430024047584,80.61704366833642,80.66881110567085,2346300
2014-07-02,81.0238037109375,81.31222315871415,80.8315278405722,80.8463161220508,1849000
2014-07-03,82.14793395996094,82.2070983912341,81.11997594607024,81.27527834648926,2876200
2014-07-07,81.467529296875,81.68199040570344,81.0311988330752,81.48231757801784,2697100
2014-07-08,80.94985961914062,81.63023348401263,80.90548912776224,81.50451333028768,2450600
2014-07-09,81.45274353027344,81.56367539775366,80.9202750801517,81.19390626763902,2270600
2014-07-10,80.87593078613281,81.03123319401662,79.72225253200686,79.9736929136575,2303600
2014-07-11,81.31962585449219,81.34181109938874,80.35083254581541,80.97943893421048,1992300
2014-07-14,81.415771484375,82.11833627840579,81.415771484375,81.66721744881401,2375100
2014-07-15,81.2382583618164,81.65979484900349,80.90546847696321,81.53407472736808,3212900
2014-07-16,82.38455963134766,82.42893011946254,81.2900405726063,81.48232209148564,3974100
2014-07-17,81.17150115966797,82.36224360361199,81.06731155069211,82.16130812284649,3164700
2014-07-18,81.99009704589844,81.99009704589844,81.15658057249053,81.43937999341034,2424900
2014-07-21,82.0347671508789,82.27291556468467,81.45427506919044,81.86359531693755,2075900
2014-07-22,81.90824890136719,82.81619153140517,81.714757212731,82.48873532308819,2879400
2014-07-23,80.65797424316406,81.84872211506622,80.53145912709412,81.70731952774884,4471400
2014-07-24,78.17230987548828,79.05792715263404,77.46530252991644,78.58906827512989,8690300
2014-07-25,78.0309066772461,78.40301401064059,77.47274567715434,77.50251494517477,4126200
2014-07-28,77.50994873046875,78.0681096589005,76.78061595237239,77.97880186630505,4474300
2014-07-29,77.91182708740234,79.21420261728416,77.91182708740234,78.1425317929084,7947100
2014-07-30,76.93692779541016,78.38070639594072,76.6764537380744,78.20209642489742,5856900
2014-07-31,74.97965240478516,76.42343115139633,74.97220866584853,76.08853103415798,6711400
2014-08-01,74.80845642089844,75.05404862565081,73.75911668463151,74.80845642089844,6011900
2014-08-04,75.76847839355469,75.94709396628045,74.49587224689117,74.6893696117243,5183900
2014-08-05,75.53778839111328,76.25967752361174,75.12102999623058,75.24754512640465,5685400
2014-08-06,75.53033447265625,75.79825216979437,74.87542770071114,74.98706102083644,5526900
2014-08-07,75.86524963378906,77.00389723581819,75.82059289004738,76.4010851354281,5752800
2014-08-08,76.86248016357422,76.98155722060693,75.74615830447217,75.91733015448006,4690200
2014-08-11,77.77043151855469,78.03090551246122,77.3462293919334,77.85229558491206,5197900
2014-08-12,77.64391326904297,78.26161277112784,77.49506693714522,77.83740498364953,4200900
2014-08-13,78.26158142089844,78.51461156690462,77.64388216625314,77.64388216625314,4664900
2014-08-14,78.63371276855469,78.88674299238043,78.1350847004694,78.52207944949362,4178800
2014-08-15,78.6932601928711,79.199326412159,78.23928877507278,78.8942013399792,4099200
2014-08-18,79.61609649658203,79.70539863276952,79.09514276455393,79.40027353761569,3478600
2014-08-19,79.8542251586914,80.15190644260113,79.53421266837256,79.82445589471912,3639200
2014-08-20,80.15190124511719,80.48680118465872,79.77979398645293,79.92119656167532,5341600
2014-08-21,80.35286712646484,80.79939483899662,80.03285455820061,80.50170780467279,4118100
2014-08-22,79.86167907714844,80.24123017079243,79.2886362461161,80.06262022939254,4603700
2014-08-25,80.35286712646484,80.62078488956548,80.17425717703371,80.34542338918206,3014100
2014-08-26,80.41985321044922,80.85149917721799,80.36032033889137,80.41241515019736,2865800
2014-08-27,80.78451538085938,81.05987121130578,80.43473353124661,80.4719408629217,3281900
2014-08-28,80.85893249511719,80.98544763799796,80.22635110280548,80.39007357587643,3227800
2014-08-29,81.17150115966797,81.19382669331883,80.56124530227743,81.04498601704127,4437200
2014-09-02,81.05986022949219,81.66267797120432,80.992883634806,81.14172429715794,4040200
2014-09-03,80.7175064086914,81.61056724221042,80.41238140705441,81.45427719596728,4669000
2014-09-04,80.98543548583984,81.4840579232495,80.4942567845144,80.59844637806546,4604000
2014-09-05,80.77704620361328,81.25334305115202,80.5165722522884,81.1193842079126,4305000
2014-09-08,80.30818176269531,80.71749629192195,80.01793291169813,80.54633015287068,3496900
2014-09-09,79.92862701416016,80.52399512234126,79.77234267284116,80.24119569679813,3578500
2014-09-10,78.83466339111328,78.97606600103114,78.42534303498661,78.59651491425073,8154700
2014-09-11,78.58164978027344,78.6337502748715,77.83743486876979,78.6337502748715,5460100
2014-09-12,78.15744018554688,78.20953499735519,77.69603061750428,78.12023285020302,6904200
2014-09-15,78.03834533691406,78.06811460299785,76.81783381701351,77.63646876164336,7051900
2014-09-16,78.03834533691406,78.7602344252018,77.22714845037497,77.55460469938967,5289700
2014-09-17,77.39089965820312,78.44768904671098,77.30903557153191,78.27651713515063,5122200
2014-09-18,77.65135955810547,77.80764964264131,76.95180159670876,77.62159596647804,3915800
2014-09-19,76.28944396972656,78.14253682461049,75.96943144894759,78.03090349356533,8285400
2014-09-22,75.0912857055664,76.10341843943422,75.03174714994849,75.98434132819838,5093200
2014-09-23,74.41402435302734,75.23265936643202,74.33216028389614,75.06149316945398,5710300
2014-09-24,75.31450653076172,75.53032942112782,74.33958733454425,74.45122064720341,5797000
2014-09-25,74.05680084228516,75.31451973014435,73.8186523832313,75.16567907245087,4960800
2014-09-26,74.70426940917969,74.8977668206499,73.85586510692019,74.00471145340018,2935900
2014-09-29,74.29496765136719,74.49590315667294,73.12655059837523,73.9377420356021,3156400
2014-09-30,73.69953918457031,74.49584823645593,73.52837307992534,74.44375346401124,3746100
2014-10-01,72.64277648925781,73.67723417137084,72.38974061130969,73.40931650196976,4827300
2014-10-02,72.49394989013672,72.91815200245071,71.55623786579268,72.67255981166181,4460800
2014-10-03,72.47906494140625,73.18606659390962,72.21114721083698,72.96280560370671,3921900
2014-10-06,72.93304443359375,73.0297903056323,72.12185309335058,72.79164181623077,3982400
2014-10-07,70.47713470458984,72.56838201754049,70.46969664516764,72.25580750666185,6479500
2014-10-08,71.92833709716797,72.08462147067624,69.6882497210699,70.38781321212194,6214200
2014-10-09,69.58407592773438,71.83160187118503,69.39057851181101,71.60089712621604,6414500
2014-10-10,69.30870056152344,70.38037135463757,68.17749691827471,69.39056461810335,6179100
2014-10-13,68.22960662841797,70.00083564060041,68.18495556157798,69.42779279715862,5852400
2014-10-14,69.06311798095703,70.70783158536948,68.75798726589562,68.8472950630151,6791300
2014-10-15,68.90681457519531,69.02589161496631,67.01651483102987,68.0435287484787,9377600
2014-10-16,69.91915893554688,70.60155589115297,67.6920032926165,67.6920032926165,7439400
2014-10-17,71.2764892578125,71.68892209900426,70.47411346291145,70.63908316669101,7442600
2014-10-20,70.51156616210938,71.4639217023235,69.94165292582464,70.88650802682008,4270800
2014-10-21,71.90636444091797,72.22881473657428,71.26896429029314,71.26896429029314,3990500
2014-10-22,70.91654205322266,71.97388142429014,70.52660482234022,71.63643013257925,6211300
2014-10-23,74.44093322753906,74.94335952534193,72.99365783008638,73.18862914384336,11670100
2014-10-24,74.56845092773438,74.74842144752398,73.76607544727112,74.62094256772133,4133800
2014-10-27,73.8935775756836,74.06604770940677,72.8512391671708,73.99856088868766,4346100
2014-10-28,75.85826873779297,75.85826873779297,74.26101214463488,74.5684673330279,5069600
2014-10-29,75.13087463378906,76.36817857193182,74.86841067487588,76.13571637865951,4426400
2014-10-30,75.1083984375,75.42334840418114,74.28352130405608,74.71095503631248,2650900
2014-10-31,76.04572296142578,76.76561076129485,75.61828368030761,76.00072604063669,5367700
2014-11-03,75.15338134765625,76.30820348565935,74.81593008823302,76.19571973251828,4434300
2014-11-04,73.9460678100586,74.98840619852518,73.51863412357345,74.80093518302887,4849000
2014-11-05,74.54592895507812,74.71839897352189,73.82603568828391,74.57591926346672,3515600
2014-11-06,75.6707763671875,75.73076272260144,74.41846608364787,74.62093791179278,3427700
2014-11-07,76.3082046508789,76.36069630699144,75.66330389226127,75.93326261545755,2708200
2014-11-10,76.6456527709961,76.90061633865801,76.38319448161,76.38319448161,3308100
2014-11-11,76.88560485839844,77.08807674028344,76.18821251632056,76.72062946461386,2464400
2014-11-12,77.23054504394531,77.40302086670836,76.12821474153732,76.61564044465683,2808700
2014-11-13,75.82075500488281,77.37301431428865,75.4983047270275,77.28302619448266,3924100
2014-11-14,75.99322509765625,76.26318373596648,75.47580914186135,75.7382673398964,2660500
2014-11-17,76.26319122314453,76.54815076998116,75.32583633730863,75.92574575270768,2477000
2014-11-18,76.5181655883789,76.82561505957034,75.97074774003765,76.26320204823773,2761200
2014-11-19,75.96324157714844,76.71312547930721,75.65578643110646,76.38317473158611,4679100
2014-11-20,76.55562591552734,76.59312238983749,75.04086332463265,75.23583469295966,3052600
2014-11-21,79.82515716552734,80.32758384178453,78.13791800374733,78.2129109878667,8738000
2014-11-24,79.45768737792969,79.84012972082147,78.81278684723351,79.78763808326059,4108600
2014-11-25,79.66768646240234,79.9601408084094,78.9852948954398,79.5627031444081,3321500
2014-11-26,79.3302230834961,79.81764879108977,79.07525956765737,79.70516505531269,2463800
2014-11-28,75.43832397460938,78.44536020602293,75.07838288365762,78.2803848221865,5780900
2014-12-01,74.23851776123047,75.34084818276784,73.33115878624363,75.16837234136524,7431800
2014-12-02,74.62094116210938,74.95838659550348,74.02853225275297,74.59844556270438,3900400
2014-12-03,75.12335968017578,76.08321003348365,74.95838432798361,75.0183764053552,6930700
2014-12-04,74.74091339111328,75.64077734068472,74.62093496386588,74.75591427024364,3390100
2014-12-05,74.07353973388672,74.95840307233168,74.0210480833502,74.84591932942173,3605000
2014-12-08,71.4264144897461,74.0585075862531,71.3889180204484,73.98352036881566,7192100
2014-12-09,71.576416015625,72.11633333938092,70.33911215670453,70.61656553835233,6562900
2014-12-10,69.75418853759766,71.25395613714416,69.55172242896899,71.1714741826357,6749600
2014-12-11,69.50672912597656,70.70654202503235,69.3867449754914,70.2491124633362,4664900
2014-12-12,67.86450958251953,68.98933570819665,67.4595714907364,68.98933570819665,10327200
2014-12-15,67.30209350585938,68.45691562971375,67.03213479009283,68.42691958116622,6924100
2014-12-16,66.99462890625,69.17679393255594,66.85215484707612,66.9121469357601,7649500
2014-12-17,67.30209350585938,67.59454782774625,66.01229202412172,67.03963523252003,8671600
2014-12-18,68.75687408447266,68.90684861409876,67.90200667904836,68.90684861409876,8344400
2014-12-19,68.77184295654297,68.97431478740818,68.14943802634163,68.6743601216712,9689200
2014-12-22,69.22927856445312,69.59672005837668,68.87683223060078,69.33426184843128,4577200
2014-12-23,70.11414337158203,70.44409411233715,69.47674321243602,69.73170098763042,3554200
2014-12-24,70.27911376953125,70.47408516810637,69.94166261186359,70.21912168979128,1654200
2014-12-26,70.66156768798828,70.98401801790008,70.27912526852066,70.45159537454293,3127800
2014-12-29,70.27162170410156,70.69905531116022,70.18163357376699,70.63906322427052,2390500
2014-12-30,69.43173217773438,70.21161194755291,69.3717458271013,70.18911635092064,3197400
2014-12-31,68.63687896728516,70.16664295504424,68.5768868765117,69.6567216257912,3251100
2015-01-02,68.89936065673828,69.26680804688323,67.98450670637692,68.81687293414758,3767900
2015-01-05,65.26237487792969,67.80448006127273,64.93992467101688,67.75198843322453,11301400
2015-01-06,64.84246063232422,65.74981944916765,63.8676092906392,65.4498647500984,8660600
2015-01-07,65.8473129272461,66.09477602302312,64.80497461357302,65.51736785403769,6511100
2015-01-08,66.52220153808594,66.94963514159254,65.86980047119258,66.87464789418371,7617800
2015-01-09,65.72734069824219,66.65719535469657,65.25491006671565,66.55971248400073,4857100
2015-01-12,65.15741729736328,65.81731312731213,64.54251267456802,65.78732280331683,4351600
2015-01-13,64.76748657226562,65.91480823768741,63.890117897683204,65.74983283355805,5078100
2015-01-14,64.54251098632812,64.65499472243052,63.19271759542041,63.6576477014354,10366700
2015-01-15,63.748661041259766,65.1473200317772,63.73354292900387,65.04147594177503,6683900
2015-01-16,63.4008903503418,63.74866463252215,62.7885058282493,63.688180643950616,10424800
2015-01-20,63.48405456542969,63.884750896683265,62.894350095428535,63.824266907947084,5937300
2015-01-21,64.54251861572266,64.56519867556716,63.19677546153645,63.19677546153645,6613100
2015-01-22,65.63877868652344,66.04703716048577,64.58789337631563,65.0566358689554,5567800
2015-01-23,64.72395324707031,65.77483813046773,64.41397710329855,65.61607197197652,5027500
2015-01-26,65.04148864746094,65.21537869675936,64.18717382039235,64.53494815091774,8140500
2015-01-27,60.369197845458984,61.50324666823431,59.80217343407132,60.28603380367648,27489500
2015-01-28,60.49017333984375,61.38984826210584,60.45236940049125,60.78502560896504,14269300
2015-01-29,60.482608795166016,60.61869489567798,59.582928143555186,60.41456862894557,9157000
2015-01-30,60.45991516113281,61.10254158164047,60.044095011826215,60.112140930835366,8150700
2015-02-02,61.117679595947266,61.14792159556991,60.09703662298763,60.54309890733203,7149000
2015-02-03,63.44624710083008,63.589895124069464,61.35203957796223,61.40496162314459,10895300
2015-02-04,61.95687484741211,62.99264167927914,61.73763044955242,62.58438334631122,8806500
2015-02-05,63.181640625,63.22700073268565,61.896387583960596,62.29708391670568,6640200
2015-02-06,62.90948486328125,63.61259555628714,62.59951443307015,63.204337176341255,5581500
2015-02-09,64.01329803466797,64.16450806080982,62.71292065021156,62.78852854731884,7693800
2015-02-10,63.43112564086914,64.26276020758863,63.09846950695333,64.26276020758863,6569100
2015-02-11,63.060672760009766,63.25723705440062,62.176110362970334,63.17407301905443,5722600
2015-02-12,63.151397705078125,63.695742061611675,62.98506962190725,63.5672179130053,4623000
2015-02-13,64.36105346679688,64.63322566553363,63.529418756466136,63.58990274909008,5645500
2015-02-17,64.550048828125,64.70125877972501,63.65793030192945,64.1569144901047,3924400
2015-02-18,64.111572265625,64.8751611038633,63.94524415652074,64.2022924938117,3568600
2015-02-19,62.97752380371094,63.506744366200664,62.15344519289519,63.3630963129228,5733500
2015-02-20,63.83940505981445,63.9754911808562,62.297097610698586,62.97752821590734,6029400
2015-02-23,63.12116241455078,63.491622554800145,62.856552148709234,63.43113856030173,5180000
2015-02-24,63.88477325439453,64.02842133589773,63.20434256315923,63.33286675815016,3678700
2015-02-25,64.37617492675781,64.53494107536865,63.63526046516977,63.8998707128545,3449500
2015-02-26,63.355533599853516,64.33837250989895,63.17408162452467,64.33837250989895,4457000
2015-02-27,62.67512130737305,63.64284238444296,62.667559364188016,63.64284238444296,4370500
2015-03-02,62.75070571899414,62.80362777020298,62.176119328676,62.67510361270593,4155000
2015-03-03,62.62973403930664,63.347968426846045,62.486091776255265,62.53145188373774,4331700
2015-03-04,61.79054260253906,62.45584916737511,61.11011215664391,62.425607173327485,6863600
2015-03-05,61.624237060546875,61.79056520461391,60.52798600559266,61.79056520461391,7123500
2015-03-06,60.527984619140625,61.39742349989306,60.142412040987345,60.762358711354096,7913800
2015-03-09,61.0949821472168,61.49567843403095,60.558199784874255,60.611121827131406,4740500
2015-03-10,60.4145393371582,61.05716559041744,60.286009472051745,60.497697577307186,4850500
2015-03-11,60.25579833984375,60.59601648439015,59.92314790473303,60.59601648439015,4612200
2015-03-12,60.626258850097656,60.84550900642946,60.331406583875534,60.686737077167166,3612500
2015-03-13,59.90046310424805,60.414565482958785,59.114188538686285,60.407003542193266,7272700
2015-03-16,60.45991516113281,60.48259521144594,59.77192287192913,60.15750103146163,3598500
2015-03-17,59.31074905395508,59.99117947748712,59.159544856757016,59.99117947748712,6979900
2015-03-18,61.48814392089844,61.57130798346336,59.15956170522451,59.15956170522451,12154300
2015-03-19,60.55062484741211,60.86060086271509,60.1499286466107,60.86060086271509,5236200
2015-03-20,61.38230514526367,61.42766526767813,60.62627234196917,60.951366678108705,8216600
2015-03-23,61.30668640136719,61.93419490139229,61.2537643452248,61.38229428277475,4704000
2015-03-24,60.84552001953125,61.38985877011018,60.633825998221766,61.35206059235914,3978700
2015-03-25,60.37677764892578,61.26889655083858,60.3540975886515,61.26133460805639,4803000
2015-03-26,60.391883850097656,61.08743824700744,60.112155471146885,60.21043763563348,4238500
2015-03-27,60.23312759399414,60.391893778760966,59.54514079333789,60.074361409227315,6336900
2015-03-30,61.51837158203125,61.63177185175596,60.482604896670324,60.4901668373422,4621200
2015-03-31,60.50530242919922,60.97404482906271,60.338974294793715,60.86820070136327,4848600
2015-04-01,60.21041488647461,60.87572126685287,60.02140680213282,60.505267036602284,4446200
2015-04-02,60.66408157348633,60.8606517532157,60.029016671693306,60.18022095267062,3555300
2015-04-06,61.60911178588867,61.99469013225938,60.46750640109955,60.74723484793477,4495400
2015-04-07,60.89086151123047,61.563730010909296,60.86061951743843,61.40496386955401,3526300
2015-04-08,60.81528091430664,61.420103699793515,60.422140624071226,61.11768942301379,4196200
2015-04-09,60.996707916259766,61.39740425506075,60.69429373495332,60.860621823075405,4291900
2015-04-10,62.44829559326172,62.59950558375798,61.0420744060389,61.31424662086082,6831900
2015-04-13,62.10051727294922,62.45585351767117,61.692258976975324,62.448291576614906,5293900
2015-04-14,62.75070571899414,62.93215192770003,61.64689881658758,62.41049335666172,5898700
2015-04-15,64.38373565673828,64.81467398574064,62.75070255647419,62.969952691309864,9643800
2015-04-16,64.29228973388672,64.71918109459273,64.0331108862075,64.33803162503197,5692300
2015-04-17,63.484222412109375,63.72053310189614,63.01160103253584,63.6519290239102,5314000
2015-04-20,64.49047088623047,64.60481685800424,63.94161487441849,64.0026001681482,3914600
2015-04-21,63.97209930419922,64.7725151879262,63.735788591197355,64.53620447492433,5620900
2015-04-22,64.69630432128906,64.74966500718733,63.33940750753019,64.13219899507479,6520700
2015-04-23,64.63530731201172,66.70113608602797,63.91874467469244,66.20564076907054,18917600
2015-04-24,64.49047088623047,64.92498092626866,64.04833623050664,64.56669959545376,5848100
2015-04-27,65.04694366455078,65.51194629534223,64.33800570415373,64.62005247583322,5912000
2015-04-28,65.71012115478516,65.72537038000046,64.41421617350271,65.11552932064673,5736500
2015-04-29,66.70111083984375,67.02127477606493,65.14602138635836,65.32135257955109,7021800
2015-04-30,66.2284927368164,66.54866253244421,65.73300335590949,66.2056247119593,5460100
2015-05-01,66.60204315185547,67.29573198250236,66.1370404541775,66.84597851654901,4850100
2015-05-04,66.54865264892578,67.05176656869013,66.44955013476178,66.87644119357347,2754500
2015-05-05,66.3199691772461,67.24997427326028,66.09127730200865,66.75447908749646,4623700
2015-05-06,66.3123550415039,67.03654221693017,65.87784506259891,66.89170361866954,4464700
2015-05-07,65.88548278808594,66.22851490752845,65.47384075522808,66.05318944768115,3892800
2015-05-08,66.55628204345703,66.96029932926554,66.09127948012522,66.91456327906116,3577100
2015-05-11,67.66926574707031,68.18001039204579,67.15090230109598,67.38721889726867,6882600
2015-05-12,67.20423126220703,67.34143939408357,66.51816152344747,67.22709928418645,4066400
2015-05-13,67.41771697998047,67.89796319613404,67.24238567294587,67.53205716296054,3178300
2015-05-14,67.64639282226562,68.29434562892439,67.57778872296352,67.67688547169263,3228400
2015-05-15,67.41004180908203,67.50913849864133,66.77733279698293,67.46340245974854,3205000
2015-05-18,67.30337524414062,67.46345732633146,66.81550437959343,67.37960397624872,3074400
2015-05-19,66.50293731689453,67.01368186870585,65.94646251979584,66.99843263773248,5676800
2015-05-20,67.0289077758789,67.18136515052528,66.41906664554128,66.80021589803329,3841500
2015-05-21,68.09612274169922,68.3171899927254,67.03652834890607,67.25759559993226,8155500
2015-05-22,67.56250762939453,68.2257093559553,67.56250762939453,67.98177409145171,3483800
2015-05-26,66.96029663085938,67.19661311776987,66.54103595050374,67.18136389106547,3149600
2015-05-27,67.02127838134766,67.70734815006693,66.81546035866968,67.07463904025495,4517100
2015-05-28,65.56531524658203,66.66302146048783,65.35187253320807,66.5715493352577,5899100
2015-05-29,65.03933715820312,65.80926061933488,64.87925509881747,65.35950127697444,4685700
2015-06-01,65.19940948486328,65.83974344269787,64.56670014277897,65.60342688146143,3976900
2015-06-02,65.687255859375,66.07602969624705,64.84872872986469,64.95545004730006,2817800
2015-06-03,65.7330322265625,66.36573585037837,65.41286229031262,66.01507907817961,2841800
2015-06-04,65.1536636352539,65.86260158071669,65.03931767968696,65.17653166319192,3775200
2015-06-05,65.59578704833984,65.93881904069832,64.72676723954754,64.80299592497433,3937600
2015-06-08,65.67203521728516,65.92359518811443,65.38998260006346,65.40523183119849,3355800
2015-06-09,66.11415100097656,66.79259619595521,65.87783451283585,65.90832715052741,3984900
2015-06-10,67.44818115234375,67.6235065694636,66.594404646054,66.66300872687222,4717100
2015-06-11,67.21187591552734,67.66163517902255,67.02130123788376,67.55491382481236,2872900
2015-06-12,66.96793365478516,67.39482484348088,66.7544909683758,67.04416235480606,2212800
2015-06-15,66.41908264160156,66.61728192907609,65.82449059505544,66.42670725693297,2721000
2015-06-16,66.00743103027344,66.33521965121447,65.74062769133924,66.15989423529055,2895000
2015-06-17,66.51055145263672,66.73924335418269,65.80161353689618,66.23612349713221,3402800
2015-06-18,66.65541076660156,66.88409692336516,66.19040802054026,66.19040802054026,3372600
2015-06-19,66.71636199951172,67.0517751997801,66.43431527735513,66.52578737497305,3910900
2015-06-22,67.28810119628906,67.32621845622744,66.86121580119041,67.05941508429078,3648600
2015-06-23,67.42530822753906,67.55490340842121,67.0899008014001,67.40244020028831,2539000
2015-06-24,67.21187591552734,67.6997466250247,67.13564720764543,67.68450320979936,3413600
2015-06-25,66.10653686523438,67.3338381014323,66.060800809386,67.24998478845902,3239100
2015-06-26,66.18276977539062,66.28186650799414,65.41284649631028,65.93883443554739,4387300
2015-06-29,65.02407836914062,66.12178449056469,64.87161514680585,65.7253917442488,4747300
2015-06-30,64.65817260742188,65.7482599322673,64.64292919309024,65.6262893541052,4077900
2015-07-01,63.99495315551758,65.13840084131628,63.682413812321286,65.09266479496456,5296200
2015-07-02,64.3227310180664,64.62765151336642,63.918713833540664,64.43707693078825,2582200
2015-07-06,63.38515090942383,64.14744976385856,63.06498678637213,63.766300336641194,4896600
2015-07-07,64.02546691894531,64.12456947324367,62.3941481475038,63.26316821020151,5192000
2015-07-08,62.71432113647461,63.44613311901117,62.3255529271077,63.30891909927037,4325100
2015-07-09,62.272186279296875,63.804402567817974,62.096855009131886,63.5985844658553,4570700
2015-07-10,62.62285232543945,63.20220108575793,62.40940957581652,62.99637713727958,3495000
2015-07-13,63.758670806884766,64.0559668719366,63.02686466092037,63.171703293183974,4228500
2015-07-14,64.38374328613281,64.55144991968628,63.66718069399605,63.67480530894225,3797700
2015-07-15,64.1550521850586,64.68865887219896,63.84250697125017,64.45234817016204,3661700
2015-07-16,64.43972778320312,65.30907727638471,64.17046076049917,65.20137046730314,3686000
2015-07-17,63.978111267089844,64.35508501009566,63.67037508379592,64.27815243166707,2931500
2015-07-20,63.27800750732422,64.07811918805811,63.19337991525569,63.901168985665976,4291400
2015-07-21,63.25492858886719,63.77038329212784,62.50867029361384,62.93180825574074,4691900
2015-07-22,61.36235046386719,62.40864975985928,60.89305419715404,62.31632716212645,10180700
2015-07-23,59.14666748046875,60.80843937073372,58.96972313467435,59.77752402334796,13909900
2015-07-24,58.54657745361328,59.308219868491975,58.35424309544137,59.16974476540385,9175900
2015-07-27,57.94648361206055,58.25421969753658,57.52334576083379,57.83877686258057,10269600
2015-07-28,59.839080810546875,60.123737850921366,58.30810054760276,58.408112327938476,15699000
2015-07-29,59.49286651611328,59.592878271731145,58.86201004084756,59.469787331707536,13794800
2015-07-30,60.2775764465332,60.29296647953901,58.9927845607054,59.22358809917002,7386200
2015-07-31,60.49298858642578,60.80841969056838,60.12370997671184,60.46990940701587,6203600
2015-08-03,59.43900680541992,60.339130118950834,59.04664310353017,60.33143510177464,6443300
2015-08-04,58.93124771118164,59.900614545201904,58.715834163528015,59.492866634346264,5822300
2015-08-05,59.14666748046875,59.946779219902304,59.02357652725259,59.62365886443286,4581900
2015-08-06,59.59291076660156,59.739086840316865,58.608159231130806,59.2236318755911,5609500
2015-08-07,59.462120056152344,60.123751042506946,59.192852996492135,59.6390644655369,7851300
2015-08-10,61.67009735107422,61.785493281409366,59.931392942545735,60.039099723911455,9041600
2015-08-11,60.03908920288086,60.72379899425377,59.4159278099541,60.56993386771675,8992500
2015-08-12,60.71610641479492,60.86997741708817,59.17743160933385,59.477472726832474,7236800
2015-08-13,59.82368850708008,60.454545052494296,59.77752426355639,60.43146586552225,5662500
2015-08-14,60.38526153564453,60.569906648004675,59.70055205197551,59.74671626485339,3811500
2015-08-17,60.42375946044922,60.50069202571878,59.40053932058648,60.108328312392,5226800
2015-08-18,60.6391716003418,60.77765256248248,60.14679615041453,60.40067889260219,5146400
2015-08-19,59.554420471191406,60.42376975910889,59.277458493352654,60.20066117309548,5862700
2015-08-20,58.78507614135742,59.877533888790204,58.78507614135742,59.45439595231612,7767300
2015-08-21,57.7003173828125,58.70045856527984,57.669543175858756,58.42349657227595,11805500
2015-08-24,56.023155212402344,57.60798854728178,54.030573951137754,55.253817730293235,15209300
2015-08-25,55.43846893310547,58.07729729560175,55.415389742841434,57.86957871364498,9427200
2015-08-26,56.83097457885742,56.99253478174778,55.80005907095358,56.79250534834903,8288100
2015-08-27,58.208091735839844,58.63891895874144,57.10793861771838,57.73110026078401,8537700
2015-08-28,58.43117904663086,58.48503243525273,57.415653811490515,57.84648679004461,6649500
2015-08-31,58.80815505981445,59.06203195097423,57.62337471261327,57.946495024692105,7019600
2015-09-01,57.623374938964844,58.42348657409736,57.28486458998371,57.315638791670985,9053100
2015-09-02,58.54657745361328,58.592741690888126,57.66183823210674,58.39271231490727,5325900
2015-09-03,57.277156829833984,58.47732695032274,56.76170227279672,58.4311627232725,11077100
2015-09-04,56.23856735229492,56.669400322742426,55.661564255240776,56.16163477993684,12007300
2015-09-08,57.16176986694336,57.40795759455747,56.59245597780325,57.37718339490841,5647800
2015-09-09,56.130863189697266,57.85417754296211,55.99238220517549,57.700312391084275,5859200
2015-09-10,55.715431213378906,56.40014125242404,55.41538999939646,56.0770208480707,6109100
2015-09-11,55.87697219848633,56.100080744641396,55.299969159333756,55.56924193993438,4413800
2015-09-14,55.98468780517578,56.077010419069964,55.39999552591741,55.6615674609152,4231800
2015-09-15,57.377193450927734,57.500284401518705,55.89237180770394,56.17702293258399,5109400
2015-09-16,58.19269561767578,58.369645848361685,57.3771996396157,57.58491820908342,5225800
2015-09-17,56.977149963378906,58.223479189356304,56.86175400043926,58.00806556576094,7745000
2015-09-18,55.28459548950195,56.54630857174041,55.09226110660487,56.41552260006949,9260100
2015-09-21,55.5153923034668,56.03853612613407,55.323057944105415,55.62309907514286,7594900
2015-09-22,55.1461181640625,55.23844078703753,54.34600637368542,54.71529099600559,5717300
2015-09-23,54.00748825073242,55.246122051690314,53.97671991704547,55.138415275048686,4754300
2015-09-24,50.622406005859375,51.31480500764651,49.737666774090535,50.93013628684083,22589600
2015-09-25,49.99155807495117,50.59932959237625,49.80691283133811,50.006942243795656,12365100
2015-09-28,49.07603073120117,49.48377859147658,48.46056143226024,49.42223019418793,12572000
2015-09-29,49.476097106933594,50.306983088856434,48.92986813814538,48.9683373643673,8784400
2015-09-30,50.283905029296875,50.49931861398178,49.35300725572001,49.96847380202259,7850300
2015-10-01,49.53763961791992,50.8532059977388,48.93755732567753,50.491616444828864,7933000
2015-10-02,50.54546356201172,50.568548613877596,48.54518754619236,49.076032217117906,8782700
2015-10-05,53.22277069091797,53.453574298316724,51.176330038692974,51.307121879994696,10661900
2015-10-06,54.484474182128906,54.73835693165776,53.14582875577996,53.49972325379964,9664100
2015-10-07,54.14598083496094,55.938538939722505,53.199698827438134,54.89993430261537,8307700
2015-10-08,55.26919937133789,55.5307771554812,53.73821949539371,54.099809034591836,6091600
2015-10-09,54.85377502441406,55.7692828070845,54.515264591061474,55.26921217679007,5573500
2015-10-12,54.23830795288086,55.03072484625101,54.099826931834954,55.0153406748374,4643500
2015-10-13,53.98439407348633,54.64602458601504,53.284300219741176,53.822833953391296,4724800
2015-10-14,54.39985275268555,54.66911969798853,53.52280849108204,53.93825143651199,4042700
2015-10-15,54.492183685302734,54.56142125199146,53.66899268704957,54.21522167938764,4547900
2015-10-16,53.60744094848633,54.49218030869329,53.16891877789048,54.33062012685059,8310000
2015-10-19,53.29201126098633,53.44588229780168,52.930427531024996,53.276627092094735,5712000
2015-10-20,54.06135177612305,54.76914684480305,52.70732179599653,52.97658878809099,6385800
2015-10-21,53.599727630615234,55.31535237137024,53.53049009185439,54.307516529310995,8679400
2015-10-22,55.14004898071289,56.65702629575247,52.751787974745966,52.83736132798705,13909200
2015-10-23,55.81686782836914,56.34586416505551,54.96892104752667,55.785749698543306,7942500
2015-10-26,55.637935638427734,56.24473021898286,55.56014328764146,55.847981514244175,6254500
2015-10-27,54.75886535644531,55.295642613331324,53.164095615503726,54.59549965547465,8280500
2015-10-28,55.988006591796875,56.096917063070144,54.828884613145384,55.03892454055081,5486900
2015-10-29,55.988006591796875,56.45476660227881,55.451229315396105,55.614595022306005,4321300
2015-10-30,56.78150939941406,57.00711140232943,55.723516664792854,56.22139490047616,7388700
2015-11-02,57.83169174194336,58.065074643013766,56.657014029363836,56.78926157022266,5876500
2015-11-03,58.150665283203125,58.594088179059334,57.7227984823,57.909507232789814,5006100
2015-11-04,57.99507141113281,59.06861984819428,57.823924717867676,58.60963499487646,5477800
2015-11-05,57.73836898803711,58.780799623004086,56.95265253612045,58.072881462799536,6238900
2015-11-06,57.442745208740234,57.45052622433511,56.26806706647894,57.116013775866605,5538600
2015-11-09,55.92575454711914,57.26380388508644,55.60680423851468,57.12377532796953,5914800
2015-11-10,56.345855712890625,56.46254719843908,55.72350508008251,55.847977580714335,4373800
2015-11-11,55.941314697265625,56.67256963975776,55.87129745346796,56.43141166315464,4190700
2015-11-12,53.413055419921875,55.225640662908845,53.218571540767215,55.09339304952615,8731700
2015-11-13,54.16762161254883,54.55658918219705,53.28855704180652,53.444141695596166,6429600
2015-11-16,54.75886535644531,54.93779308713243,53.856463493677516,54.05094731890574,5167600
2015-11-17,53.980926513671875,54.735524655673856,53.71643137760001,54.55659693672676,4812000
2015-11-18,54.704429626464844,54.80555911497592,53.97316828363525,54.37769810803447,3788300
2015-11-19,54.471046447753906,54.54106373592179,53.36637935371449,54.066522559506176,6296000
2015-11-20,55.34231948852539,55.396774724796096,54.579946180735504,54.82888525156953,6495100
2015-11-23,55.24896240234375,55.93354926495286,55.14783294999255,55.21785021329363,3847600
2015-11-24,55.544586181640625,55.7857442452461,54.797768944354424,55.06226411925387,3846500
2015-11-25,55.61458969116211,55.925764980046374,55.01558215657925,55.8090735048179,3493000
2015-11-27,55.404544830322266,55.64570283843818,55.000015210388106,55.373426710698524,1642100
2015-11-30,56.516998291015625,56.62590875349766,55.3500953914152,55.49012397677426,5632900
2015-12-01,55.669063568115234,56.50923534896857,55.116730064547845,56.26807723851468,6578400
2015-12-02,55.25672912597656,56.11245654774322,54.93777882171367,55.38897666834961,5068200
2015-12-03,54.175418853759766,55.40455816647232,53.965378914709945,55.35010292781674,8130800
2015-12-04,54.439910888671875,54.47880408969698,53.52194706499609,53.9575889015965,5252000
2015-12-07,53.17966079711914,53.467499012179886,52.68178264984023,53.428599870758596,6805900
2015-12-08,51.763816833496094,52.24613886789282,51.48375964386903,52.1138853529422,6866300
2015-12-09,51.27371597290039,52.13721865345361,50.69026452633671,51.577110250299505,8578000
2015-12-10,51.639339447021484,52.19167275897067,51.27371486727266,51.328170097037365,5768700
2015-12-11,50.90031814575195,51.4215334872975,50.16128182178,50.86141899810011,7572600
2015-12-14,51.43708038330078,51.4837545986062,50.3557508707762,51.05588784105695,7371100
2015-12-15,51.92717742919922,52.09054311787908,50.75249355134889,50.923640254301574,6061200
2015-12-16,52.681766510009766,52.806233041109515,51.452627613840285,51.51486384697709,6747600
2015-12-17,50.48800277709961,52.51841440984998,50.47244074721031,52.261694333255015,6800000
2015-12-18,50.651371002197266,51.24260352874944,49.86565463857174,50.25462231271844,13490900
2015-12-21,50.75251007080078,51.203714082688606,50.08348506977451,51.02478630722384,5311500
2015-12-22,53.21855926513672,53.51417255660062,51.42930561556026,51.538216087950936,9697200
2015-12-23,54.369895935058594,54.83665591336801,53.66975300000689,54.13651297831631,7586300
2015-12-24,53.973148345947266,54.37767802091317,53.72420929026642,54.26098654024319,2322100
2015-12-28,53.350791931152344,53.8175518159173,52.922925241266334,53.770877607992986,3884000
2015-12-29,53.825340270996094,54.12095352067891,53.381917428884485,53.848677378184895,3539500
2015-12-30,53.43638610839844,54.16764137014335,53.343031720969265,53.41304899533521,3158500
2015-12-31,52.86849594116211,53.75534193757893,52.852939842618326,53.249682674841694,4356400
2016-01-04,52.891822814941406,52.961840082772866,51.12591218090739,52.02831410113282,8586900
2016-01-05,52.33949661254883,53.241904591815924,51.6704716445202,53.19522442846232,6139100
2016-01-06,51.5148811340332,52.004978280308215,51.048121099222364,51.32817830714404,6639300
2016-01-07,49.7411994934082,50.9703361561981,49.52337848249096,50.628048539832754,8601500
2016-01-08,49.23551559448242,50.20015350371923,48.9554584699985,50.044568850194416,8278500
2016-01-11,47.81968688964844,49.55448236314982,47.33736483623209,49.531142284702035,9669400
2016-01-12,47.920806884765625,48.62094974817424,46.979506009861915,48.57427256808458,8593100
2016-01-13,47.36848831176758,48.8232267488821,46.97952059304052,48.2864523653705,7237300
2016-01-14,48.442039489746094,48.98659488322429,46.97174200466665,47.640766948003744,9241800
2016-01-15,47.15812683105469,47.33141638599035,46.27593119680124,46.882441634332764,12674500
2016-01-19,46.496490478515625,47.68588233692106,46.06326949227116,47.465331122033106,8501100
2016-01-20,46.32319641113281,46.772171197751675,44.39339086957722,45.74819366694978,10857700
2016-01-21,47.01633834838867,47.59134096627439,45.88208697944544,46.472843464159325,8798300
2016-01-22,48.03242874145508,49.27695688070077,47.733111352754875,48.22934752262113,7815600
2016-01-25,45.61427688598633,46.74852824580703,45.49612438809668,46.44133535698535,10971500
2016-01-26,46.598873138427734,46.99271080964661,45.756060762398775,46.00024120026195,8141900
2016-01-27,45.937217712402344,47.17386754379707,45.25981655538511,46.02386246570582,11013800
2016-01-28,48.111202239990234,49.19031641328037,46.13413582252339,48.84373740525842,13567000
2016-01-29,49.0249137878418,49.06429695333421,47.859151657014465,48.59168995319647,8221000
2016-02-01,49.38723373413086,49.68655113990224,48.347502750653774,48.81223122090053,5955700
2016-02-02,47.78826904296875,48.48142429384061,47.638611786252184,48.26875155761595,6282300
2016-02-03,49.83621597290039,50.09614725620733,47.10298175431317,48.41840105144976,8332100
2016-02-04,51.95507049560547,52.76637522470687,50.09615600527232,50.09615600527232,12598000
2016-02-05,52.08108139038086,52.585192989253976,51.340664850386595,51.72662397869914,7463700
2016-02-08,50.868072509765625,51.7030064079061,50.14340966854293,51.52971687972925,6315500
2016-02-09,50.35607147216797,50.73415818002415,49.71805353299561,50.332442179705275,5638500
2016-02-10,48.946144104003906,50.71053514535607,48.83587003951226,50.623890379043225,5955400
2016-02-11,48.37114334106445,49.08005236115298,47.662234320975934,47.9773056642915,7055000
2016-02-12,49.74170684814453,49.993762756724664,48.69409703675432,48.8280034283557,4297400
2016-02-16,51.36431121826172,51.63212397453021,50.02526246063497,50.537255668358185,4819400
2016-02-17,52.97905349731445,53.39652053255196,51.766032559188616,51.98658072803206,7373800
2016-02-18,52.08108139038086,53.246837209218334,51.309157124271486,52.8923858070209,6175500
2016-02-19,51.52971267700195,51.60847899898031,50.474230741624645,51.13587505762502,4994900
2016-02-22,53.0184211730957,53.18383226075536,51.52971537467332,51.52971537467332,5787700
2016-02-23,51.813297271728516,52.96330286589161,51.75028178477743,52.8609072067118,5599400
2016-02-24,51.892051696777344,51.96294560567219,49.678685809443465,50.96259451111819,6439200
2016-02-25,52.356781005859375,52.356781005859375,51.07286635081775,51.899927864685225,4277200
2016-02-26,52.67186737060547,53.56193859860795,52.341039064991676,53.08145602159672,4149800
2016-02-29,53.32563781738281,54.01879621876744,52.3725510249671,52.884541387038524,8643200
2016-03-01,54.420494079589844,54.73556546220304,53.04206203895804,53.90850984351603,4451600
2016-03-02,54.6489143371582,55.0821381891411,53.72733560783396,54.15268102355732,4801300
2016-03-03,56.51570510864258,56.775639410652325,54.65679084312557,54.83795881378002,7172700
2016-03-04,57.374267578125,58.25646610230594,56.350293265070164,56.783511086540585,9521500
2016-03-07,58.89447784423828,59.650651398853704,57.34276259580147,57.34276259580147,10740400
2016-03-08,56.49994659423828,58.37461146834149,56.33452950846338,58.114677201535294,8748400
2016-03-09,56.6102180480957,57.263983888349145,56.12973570161192,56.97254791422556,4907900
2016-03-10,56.208526611328125,56.736267777059574,55.523246733036046,56.736267777059574,6352400
2016-03-11,57.342777252197266,57.579076290111125,56.933182637967384,56.99619811853921,4787000
2016-03-14,57.287628173828125,57.846876925067875,56.81501817831444,57.287628173828125,5060000
2016-03-15,57.05919647216797,57.08282576791807,55.814668147124685,56.271521229910476,4674400
2016-03-16,58.55576705932617,58.689676400417284,56.87014273944058,57.177335563472155,6641200
2016-03-17,59.784584045410156,60.09965551262279,57.90991212071361,58.44553181212856,13316000
2016-03-18,59.445865631103516,60.60374947408806,58.79209358228431,59.92634812389964,13750200
2016-03-21,59.77668762207031,60.13901759703552,59.1071647116023,59.49312398783901,4315700
2016-03-22,59.50886535644531,59.92633226210051,59.26468195146046,59.54036707694172,3625600
2016-03-23,58.03591537475586,59.17016971084092,57.94927061244461,59.05201721591781,5352900
2016-03-24,59.30408477783203,59.35134338133901,57.287637568378265,57.445170253059324,7036100
2016-03-28,59.327701568603516,59.50886952632021,58.650300350248756,59.19379821391339,3425400
2016-03-29,59.871212005615234,59.90271974442129,58.437642942116454,59.05202882511783,4085000
2016-03-30,60.26502990722656,60.847907859732025,59.87119231590143,60.60373047614556,4886800
2016-03-31,60.288665771484375,60.75339129534142,60.052360787142746,60.0996253897023,4348700
2016-04-01,60.4855842590332,60.548599722445665,58.815710535515116,59.587634938604374,4878300
2016-04-04,59.642784118652344,60.682515438856846,59.40647908745227,60.304428590834036,4349500
2016-04-05,59.26469802856445,59.745180524526,58.76058623107802,59.32771350562192,4386800
2016-04-06,59.24894332885742,59.52462851128041,58.051673380211476,59.4852423382973,4929800
2016-04-07,58.4218864440918,58.82360260459692,58.09894263585231,58.6739423466763,4800800
2016-04-08,58.56367111206055,59.272580250508895,58.28798589418815,59.099290682278514,4911000
2016-04-11,58.78420639038086,59.69003420137441,58.76845552830942,58.76845552830942,3904800
2016-04-12,59.942100524902344,60.44621233199034,58.658191705207415,59.12291733601266,5129600
2016-04-13,62.328758239746094,62.352393551990325,60.30443250721865,60.54861599117996,9365700
2016-04-14,62.26575469970703,62.79349587650986,61.73013508473904,62.57294768378555,5372300
2016-04-15,62.360252380371094,62.840734796608224,62.013679333033735,62.52566347308599,5508500
2016-04-18,62.42327880859375,62.9116397462844,61.54895858679331,61.80889292505543,4822200
2016-04-19,63.32123565673828,63.715073423484746,62.58869717021035,63.00616424144362,6283500
2016-04-20,62.809207916259766,63.486608952010535,62.4626349745733,63.21092388152681,5356800
2016-04-21,62.562679290771484,63.29440504353226,62.18886115870744,62.634258387677974,6509100
2016-04-22,62.29224395751953,62.97625018878073,61.401443592414445,62.777411309183435,10099600
2016-04-25,61.075347900390625,62.721733497574895,60.60608501284109,62.43540503997061,8079800
2016-04-26,61.759376525878906,61.830955632234556,60.82085647802398,61.361698642348564,6085900
2016-04-27,62.57859420776367,62.745618196582235,61.7196084926255,62.02184757836846,4459300
2016-04-28,61.83888244628906,62.968285659708414,61.71957792248726,62.061580987743,4844600
2016-04-29,61.81505584716797,62.833110334864834,61.49691230274184,62.05365895442501,7702700
2016-05-02,61.91046142578125,62.09339583774378,60.94013293493001,61.520738978828206,3330100
2016-05-03,60.733375549316406,61.32193720210291,60.112998933124715,61.123098231883326,4790900
2016-05-04,59.047218322753906,60.69360473742767,58.77680023856694,60.59021065842979,6938100
2016-05-05,57.893951416015625,59.333543522106396,57.822366236132154,58.97563582693928,8071200
2016-05-06,58.34727478027344,58.39499416424685,56.96335803232123,57.39285069232303,6942800
2016-05-09,56.29526138305664,57.76666784611193,56.128237456036615,57.528064836689424,9405000
2016-05-10,57.671234130859375,57.83030281776774,56.14414682336449,56.29526632358444,6507300
2016-05-11,57.60761260986328,58.54613256255793,57.55193795453742,57.94166054181841,4691900
2016-05-12,57.027000427246094,58.25184891547034,56.61341813926189,57.99733533792259,4526500
2016-05-13,55.73056411743164,57.0906214034743,55.72260886273018,56.97131685527798,6417200
2016-05-16,56.23163986206055,57.0269954814282,55.75442770405631,55.985081561842755,4515900
2016-05-17,56.51002883911133,57.408778658055724,56.03281053148352,56.23164947030082,4841900
2016-05-18,56.144142150878906,57.16220229384326,55.73851521259566,56.168007913202274,5166000
2016-05-19,55.22153854370117,55.770335839479415,54.91135035080431,55.61921633644911,6137100
2016-05-20,55.571502685546875,56.295273187736015,55.47605782091529,55.67489673783613,5731600
2016-05-23,55.993045806884766,56.43048782692,55.34880352546706,55.51583357226325,4002000
2016-05-24,56.54182434082031,56.669084144209194,55.87372857727293,56.29526605685612,3872400
2016-05-25,57.71897506713867,57.822369145413184,56.67706082240321,56.97133860983211,5035400
2016-05-26,57.3292236328125,58.53020602137592,57.31331312531538,58.2518328209831,4146400
2016-05-27,57.233787536621094,57.424671179186234,56.867924693337244,57.384907040529356,3002100
2016-05-31,57.671234130859375,58.19616565212212,57.22583088496937,57.28946078696529,4072600
2016-06-01,57.48035430908203,57.655333535619185,56.68499860160952,57.24970649382759,2699900
2016-06-02,58.5540771484375,58.56998158931141,57.48829756744896,57.742811098000054,4615300
2016-06-03,59.68349075317383,59.76302510728792,58.14049879741486,58.57794684716578,6619300
2016-06-06,60.78107833862305,60.868567947040646,59.739164361390735,59.93800327723398,4775100
2016-06-07,61.09129333496094,61.46511163146408,60.797015494119165,60.86859462251263,4235200
2016-06-08,62.12522888183594,62.59448579189212,61.4491778084605,61.64006146101878,5987800
2016-06-09,61.36962127685547,61.64003918123034,60.95603309970838,61.55254960791383,3784600
2016-06-10,60.470890045166016,60.89242757537127,59.95390765095721,60.701543915446315,4879500
2016-06-13,59.83460235595703,60.717441458307626,59.83460235595703,60.20841437763636,4086700
2016-06-14,59.540313720703125,60.08911096214608,58.81653729688235,59.69938239482061,4058400
2016-06-15,59.70735168457031,60.407262510531126,59.126739358201064,59.802796552325944,3802000
2016-06-16,59.64370346069336,59.763007991737965,58.33932100892151,59.18240191171101,4064800
2016-06-17,60.391361236572266,60.97197359341802,59.842563837315026,59.93005345366278,5442000
2016-06-20,60.789024353027344,61.520749995752084,60.75720940315915,61.17079768336443,4090800
2016-06-21,60.836761474609375,61.162860254738625,60.454994101087756,60.80494651546874,3292100
2016-06-22,60.789024353027344,61.31395585564945,60.59018546741206,61.154887174389714,3056800
2016-06-23,62.21270751953125,62.23656721338466,61.4173520279864,61.767310386051996,3600800
2016-06-24,58.084815979003906,60.13683479438403,58.05300102821335,59.81073609984192,12179500
2016-06-27,56.77247619628906,57.83030051962857,56.096425201672204,57.663276584587784,7337400
2016-06-28,57.67919158935547,57.98143063313965,56.875886716759936,57.45649296851384,4743700
2016-06-29,59.03924560546875,59.17445459368045,57.89393166277825,58.259794490452975,4015400
2016-06-30,60.295902252197266,60.32771720233984,58.83245095412666,58.991519636758234,4695500
2016-07-01,60.804927825927734,61.23442054018912,59.90617826176368,59.95389765176568,4630100
2016-07-05,59.15854263305664,60.40725058290638,58.617700625397326,60.176602817183316,4776300
2016-07-06,59.5164680480957,59.54828300403079,58.4268285626278,59.32557831248516,3740500
2016-07-07,59.691429138183594,60.232271088614304,59.158536373260006,59.707333577278376,3080900
2016-07-08,61.53667449951172,61.58439390112583,60.272055743994336,60.383405059815665,5491500
2016-07-11,61.87868118286133,62.467242752167834,61.49690774423258,62.03774990924159,4511300
2016-07-12,63.46938705444336,63.58073636658836,62.276353508819106,62.61040144525412,5545800
2016-07-13,63.38188934326172,63.890916438903716,62.888766689572826,63.612543194112256,5162500
2016-07-14,63.67615509033203,64.42379115165552,63.604576012842166,64.02611342849715,5441700
2016-07-15,64.18518829345703,64.26472870023997,63.75570165085075,64.01816436175879,4642100
2016-07-18,64.09687042236328,64.15308141441925,63.3340060835268,64.14504952225735,4136700
2016-07-19,64.03260040283203,64.05668994257056,63.55882311721148,63.711392244400855,3308400
2016-07-20,63.99247360229492,64.12898512200117,63.382178519468496,63.79974496990468,4185500
2016-07-21,64.24943542480469,65.34956553933918,64.03261725701658,64.60275897819571,6472300
2016-07-22,63.74354934692383,64.07278957837222,63.32598279584776,64.06475768511899,4133800
2016-07-25,63.189453125,63.59096190098492,62.90839208058037,63.5588404637216,5798100
2016-07-26,66.44971466064453,66.65046908560116,63.22961196890931,63.470519729472805,11007600
2016-07-27,67.5337905883789,67.68636591919962,66.42562831470723,66.42562831470723,8460900
2016-07-28,66.58621215820312,67.22059674247798,66.20879293862488,67.21256485174253,5065600
2016-07-29,66.45771789550781,66.76286228430506,65.95181304178601,66.48983932483429,4274200
2016-08-01,65.8072738647461,66.55408029618079,65.47000802513988,66.45772212859991,3377100
2016-08-02,65.23713684082031,66.00000710498031,64.98017149826485,65.84743182684092,3909500
2016-08-03,65.87152099609375,66.08833914027413,64.98820301898772,65.16486783971632,3101700
2016-08-04,65.66278076171875,66.28110806762402,65.36566801547714,65.70293411331203,2407500
2016-08-05,66.29711151123047,66.61831968165266,65.84742374856117,66.02408854862018,3286100
2016-08-08,67.0037841796875,67.28483908784978,66.4898534543229,66.65045450854778,3544800
2016-08-09,66.5139389038086,67.25271351020854,66.40954271110749,67.06801679533999,2314900
2016-08-10,66.36940002441406,66.8993884079722,66.23288851479701,66.8993884079722,2290300
2016-08-11,66.84319305419922,67.17243325894019,66.64243862492955,66.65047051753125,2229300
2016-08-12,66.65045928955078,67.27681202311012,66.31319337556312,66.85924557624988,4342800
2016-08-15,67.5739517211914,67.67834183369368,66.61835854156494,66.65047998999792,4056000
2016-08-16,67.68634796142578,67.74255894315081,67.16438534452904,67.62210508901502,3161800
2016-08-17,67.78272247314453,68.03968787493017,67.3249965332211,67.78272247314453,2983400
2016-08-18,66.95561218261719,67.14030894532803,66.2569907196045,66.97970785939238,5003100
2016-08-19,67.32500457763672,67.75863489368882,66.45775007207169,66.6986517188523,3823900
2016-08-22,67.12423706054688,67.27681236235071,66.650459625633,67.14833273441431,2885000
2016-08-23,67.4615249633789,67.99954540202177,67.41333973085338,67.43743541038586,3178400
2016-08-24,66.77090454101562,67.53376869472936,66.62636114987083,66.97969080078859,2200600
2016-08-25,66.52198791503906,66.78698524468427,66.32123347619377,66.70668469445401,3082900
2016-08-26,66.37744903564453,67.3731893134108,66.07229837480872,66.81910511476822,3596800
2016-08-29,66.73076629638672,66.9315207113136,66.17668827723475,66.25698881789778,2253600
2016-08-30,66.23290252685547,66.77092291495958,66.09638486181954,66.53804704700283,3468700
2016-08-31,65.8072738647461,66.1204501624571,65.53425088788485,65.89560626938629,4041700
2016-09-01,65.40579986572266,65.84746212326291,64.69914638019809,65.51822187190749,4102200
2016-09-02,65.59849548339844,66.14454757808136,65.4218306694515,66.00000419635539,2449400
2016-09-06,65.91167449951172,66.03212834365893,65.4298652494599,65.85546352244796,3071000
2016-09-07,67.22864532470703,67.23667721743665,66.17669405907384,66.24896271402311,3996700
2016-09-08,67.08409881591797,67.42136477664643,66.71471141228126,67.05197737300972,3400500
2016-09-09,64.87579345703125,66.65046164021875,64.85170390897366,66.56212921298216,5311600
2016-09-12,65.78321838378906,65.94382562380999,64.32172619556734,64.45823775468031,4110800
2016-09-13,64.42611694335938,65.25322424773373,64.18520916712602,65.12473846666546,4740600
2016-09-14,65.06047058105469,65.54228594841649,64.42609219199963,64.54653990730318,5324800
2016-09-15,65.87152099609375,66.1284863371889,64.83562774171538,64.90790249862117,3499400
2016-09-16,65.8875961303711,65.91168567797867,65.21305816466887,65.54229831940714,6715400
2016-09-19,65.7510986328125,66.12851799842812,65.325500157217,65.99200643579181,4351200
2016-09-20,65.6065444946289,66.3854726540292,65.57442917756444,66.21683967001557,2774600
2016-09-21,67.0278549194336,67.04391256973585,65.85545039822381,66.08832615008912,4264300
2016-09-22,67.05197143554688,67.81483572581504,66.89939612687795,67.42939069812482,3925200
2016-09-23,66.20077514648438,67.11621475136411,66.16062181450928,67.06000376252196,3031500
2016-09-26,66.14456176757812,66.39349526252151,65.85547494211055,66.00804411971872,3340800
2016-09-27,66.55410766601562,66.55410766601562,65.58245694192668,66.00002959495578,4295600
2016-09-28,69.53329467773438,69.58951179414937,66.76288626354166,66.85121869428181,9497100
2016-09-29,70.23994445800781,71.34810644588417,69.28435163506539,69.28435163506539,10616400
2016-09-30,71.28385925292969,71.45249831567149,70.51296320462129,70.65750659658768,6379100
2016-10-03,70.89038848876953,71.62113740160555,70.80205606795336,70.85024128710435,4294600
2016-10-04,70.27206420898438,71.42840526052227,70.00706695958588,71.06704983064245,4743300
2016-10-05,71.80582427978516,72.16718583523756,70.69766232144673,70.76190519262104,5189500
2016-10-06,71.70146179199219,71.99858059056945,71.2357099866137,71.43646444135894,3786900
2016-10-07,71.0429916381836,72.06282163308558,70.617393149133,71.88615672218756,3774200
2016-10-10,70.84223175048828,71.87009356083261,70.77798885570685,71.5488852134651,3785700
2016-10-11,70.23994445800781,71.72552566592151,70.07131151158343,71.5488608287519,6471900
2016-10-12,70.32827758789062,70.46478909925234,69.87858359967318,70.26403471435418,3950000
2016-10-13,69.83843994140625,69.91874047413151,69.26829819455764,69.78222895584479,5677000
2016-10-14,70.40054321289062,71.00280634181095,70.31221079719266,70.5290289544649,3601000
2016-10-17,70.09539031982422,70.4406880505243,69.782214020647,70.16765894584822,4479700
2016-10-18,70.0392074584961,70.82616140379432,69.67784580372361,70.75389274876326,3715700
2016-10-19,70.6655502319336,70.89039418424363,69.7501106395066,70.1114661162137,5943900
2016-10-20,70.17948150634766,70.69794885892667,69.85544404644956,70.52782733829466,4576600
2016-10-21,69.93645477294922,70.17948287260408,69.15065093809969,69.45039239302102,3592500
2016-10-24,69.66104125976562,70.58456197718928,69.29649588522183,69.76635903776953,5096500
2016-10-25,68.43775177001953,71.0057860879288,67.95168326692769,69.55569572977171,11639200
2016-10-26,68.15423583984375,68.36486519310687,67.14160303845206,67.89500208991228,6582100
2016-10-27,67.24690246582031,68.32433877539138,67.00386818751855,68.2757343919784,5003200
2016-10-28,67.95171356201172,68.18664512841484,67.23882224992744,67.49805601619632,4974000
2016-10-31,67.61148071289062,68.35677713198815,67.57097910047835,68.20286111582719,4679400
2016-11-01,66.62312316894531,67.76537572353543,66.14516354212691,67.6195563799839,5139600
2016-11-02,65.70769500732422,66.55020594864564,65.07581334648765,66.55020594864564,5228600
2016-11-03,65.83732604980469,66.16136975556945,65.35936637378187,66.13706755924552,3859000
2016-11-04,66.6798324584961,67.15779828106116,65.28644894948494,65.89402853674312,5745800
2016-11-07,67.84638977050781,68.17853625727567,67.21450796512636,67.83828697846924,3786400
2016-11-08,68.59976959228516,68.85900323960956,67.28739577610789,67.86257023796462,3407700
2016-11-09,73.88166809082031,75.5018801645718,72.39107594966586,72.73131900180522,19281900
2016-11-10,75.70441436767578,76.91957354648676,74.40014302130247,74.56216795351546,14174400
2016-11-11,75.34796905517578,76.42540545608537,74.38394083163772,75.65580714391866,7369900
2016-11-14,76.28767395019531,77.36511632052046,75.35605089450529,75.5423779778904,7552800
2016-11-15,76.50643157958984,76.52263098413275,75.04823794593547,75.71252478335138,4645400
2016-11-16,75.6233901977539,76.47400392876459,75.21023442721004,75.96363321791098,3297200
2016-11-17,75.16165161132812,75.7449290592935,74.85381348295518,75.7449290592935,3942200
2016-11-18,74.80518341064453,75.66389995437869,74.44874098138745,75.34795911585041,4715900
2016-11-21,75.25887298583984,76.02847146259313,75.16165800936373,75.44519396497702,3783200
2016-11-22,75.84210205078125,75.91500860111509,75.17781558729108,75.66387779803232,3172800
2016-11-23,77.91598510742188,78.11040879134728,76.32817829735978,76.80613780797174,6535900
2016-11-25,77.61627960205078,78.12665050676902,77.130217077107,77.7377967784418,2006900
2016-11-28,76.87903594970703,77.65673671830747,76.53069023433864,77.37320094547653,4916000
2016-11-29,76.18238067626953,76.61173593328003,75.85023419858565,76.14997568962092,3806000
2016-11-30,77.41372680664062,77.68916605851427,76.43349929560269,77.56764892329409,4641900
2016-12-01,77.96463012695312,78.89625362654522,76.1905014976058,77.77020634167273,9361600
2016-12-02,77.0735092163086,77.89171827090861,76.90338764308646,77.25173358271853,5038300
2016-12-05,76.5145263671875,77.76209062831904,76.27149822111959,77.66488184213974,4980300
2016-12-06,77.13829803466797,77.21120461149258,76.20667485354704,76.23097704582192,3663100
2016-12-07,78.84762573242188,78.84762573242188,76.90336991705453,77.16260361372892,4901100
2016-12-08,77.9888916015625,78.90431521627026,77.8754772709891,78.79090088569686,3861600
2016-12-09,77.3894271850586,78.01321228227681,77.11399410465877,77.95650510804046,6550200
2016-12-12,77.0248794555664,78.29674561995697,76.88716291982269,77.7782782778244,3596700
2016-12-13,77.78638458251953,78.1752382278923,77.10589842889097,77.55955586464334,3803300
2016-12-14,75.93932342529297,77.77016444381395,75.83401188596423,77.58383737202901,5647400
2016-12-15,76.57931518554688,76.74134008544299,75.38036182940552,75.9879412976255,4200100
2016-12-16,74.99961853027344,76.53882123960041,74.9591107560996,76.43350349899588,7872700
2016-12-19,75.10492706298828,75.16163423617479,73.7196465346164,74.47304536730479,3856300
2016-12-20,76.4253921508789,76.82234851535681,75.58288740408723,75.8583204596503,4302400
2016-12-21,76.004150390625,76.3930040193508,75.89073603654221,76.36059903523875,2829300
2016-12-22,76.2471694946289,76.51449974422498,75.92312589866857,75.9717302748465,2534900
2016-12-23,76.40924072265625,76.47405072251937,75.85836808506328,75.97988528965118,1545900
2016-12-27,76.59552001953125,76.79804650696458,76.23096863378052,76.4253923311435,1735200
2016-12-28,75.46138763427734,76.87907336907894,75.19405112665184,76.63603905657952,2700300
2016-12-29,75.57479858398438,76.02845602082552,75.33986707401478,75.56669579243534,2387200
2016-12-30,75.12920379638672,75.54235944995635,74.79706366044677,75.37223798804325,3471200
2017-01-03,76.14186096191406,77.11399186712495,75.54238425443589,76.14996375246085,5054900
2017-01-04,75.80162048339844,76.55501933358865,75.68820613439074,76.52261435092667,3772100
2017-01-05,75.33987426757812,76.52262854128725,74.8700112027757,75.48569362628854,4698800
2017-01-06,75.37228393554688,75.82594144386809,74.86191923868552,75.70442427396205,4023100
2017-01-09,74.82948303222656,75.73679767037471,74.69176033412128,75.28314035130064,3095000
2017-01-10,76.01224517822266,76.50641031781623,75.15352864121748,75.32365633504709,3980200
2017-01-11,76.67655944824219,76.75756883886098,75.65582382070843,76.53074007288022,3720500
2017-01-12,76.14186096191406,76.44970519650906,75.16163344677466,76.44970519650906,3102700
2017-01-13,76.53882598876953,76.66033695759351,75.89073864548641,76.20667952566671,2609500
2017-01-17,75.80162048339844,76.38489781007712,75.51808461087921,76.34439003659502,5040300
2017-01-18,76.23454284667969,76.30805436004478,75.58107809011507,75.79345507078384,3425700
2017-01-19,76.27539825439453,76.76550005185466,75.93233198169503,76.43876759751565,3540100
2017-01-20,77.25557708740234,77.59864327781627,76.47142312421262,76.78998547701151,5045200
2017-01-23,77.15754699707031,77.38625776546023,76.4224007901734,77.27190238126528,3254900
2017-01-24,78.61151123046875,79.0117613674584,77.43528335381694,77.61498024759979,5768200
2017-01-25,80.1716537475586,80.53105375948854,79.49368514465836,79.90209906468473,7557900
2017-01-26,79.41199493408203,80.84961352049842,78.43179789392946,80.41668957775452,9097300
2017-01-27,80.85779571533203,81.2417058427155,79.64072383448645,79.79592313668043,6371400
2017-01-30,79.0607681274414,80.53105451417383,78.88106500384144,80.37586146080271,5221800
2017-01-31,78.13776397705078,78.9300818465403,77.26375209588004,78.89740798100941,5724700
2017-02-01,77.6884994506836,78.84022351029958,77.10855240904688,78.26027646866287,3582500
2017-02-02,76.59393310546875,77.7048193110978,76.37339236154138,77.41076083126063,3807500
2017-02-03,76.19369506835938,77.14938208467335,75.80978501089099,77.04319671571673,4677900
2017-02-06,75.85879516601562,76.06300210292348,75.49938896284942,75.80978126346496,4621300
2017-02-07,76.21820831298828,77.53330171256486,75.98132747739785,77.04320622564428,4995600
2017-02-08,75.89148712158203,75.96499864508658,75.23802227488474,75.96499864508658,4083500
2017-02-09,76.74913024902344,76.92883334084135,75.7117618079393,76.01398406972324,3994300
2017-02-10,78.66869354248047,78.92191443074383,77.19023702852384,77.49246559688227,5600200
2017-02-13,80.45755004882812,80.90680789719171,79.36300362830953,79.79592142842219,6995100
2017-02-14,80.12263488769531,80.65357419729668,79.4446725585966,80.28600418475037,4342600
2017-02-15,80.88229370117188,80.88229370117188,80.04913200802328,80.13898357311507,4326000
2017-02-16,80.2614974975586,80.9231259894038,79.88575747552913,80.90679217622915,3062400
2017-02-17,80.74344635009766,80.82512790351116,79.67340366700378,80.10632150880808,3631500
2017-02-21,80.13079071044922,81.029299873371,79.98376148510563,80.75975148682473,3916600
2017-02-22,80.21248626708984,80.64541022940969,79.73873088642341,80.08179706163403,3031100
2017-02-23,78.04792022705078,80.45756040635807,77.69668392726973,80.40855271910131,6024800
2017-02-24,77.9907455444336,78.0070793635193,76.37342325119428,77.48430990612758,5018200
2017-02-27,79.59170532226562,79.65704681206961,77.69666501611177,77.99072353188579,5445000
2017-02-28,78.95457458496094,79.72238844470267,78.7748714799465,79.42832995138839,3951700
2017-03-01,80.52288818359375,80.84145053560253,79.58353494196967,80.21248962283525,5564900
2017-03-02,77.07587432861328,80.6454141795308,75.83429254051077,80.44937101389245,23059200
2017-03-03,77.69666290283203,78.33378759237928,76.95334661042585,77.07587202731607,8163300
2017-03-06,78.13776397705078,78.36647480386448,76.86350814895609,77.04321129342473,4706100
2017-03-07,78.3582992553711,78.60335011362586,77.40261212560146,78.12958844468116,4683100
2017-03-08,76.15283966064453,77.99070175510843,75.85061120607091,76.86347568208791,9370400
2017-03-09,74.64990234375,76.14469891765818,73.84941448023471,75.5157379358509,9260900
2017-03-10,75.4013671875,76.04666185422695,74.1761255693377,75.05830103007082,7169000
2017-03-13,75.6709213256836,76.39789751564155,75.3605290280064,76.2345344604222,4376100
2017-03-14,75.0337905883789,75.14814596412009,74.02092601814249,74.51102137587621,5781100
2017-03-15,76.25904083251953,76.61027702163713,75.19716224256366,75.45038308804929,6434600
2017-03-16,75.84244537353516,76.85530990548723,75.67091231640701,76.75729457678563,3717900
2017-03-17,75.89148712158203,76.22638333738497,75.67911011162002,75.95682862072965,7141400
2017-03-20,77.92536926269531,77.99071697891036,75.87512984773204,76.07116676447596,6516200
2017-03-21,75.49940490722656,77.91721480299378,75.22168017379184,77.90904477885975,7720200
2017-03-22,75.49940490722656,76.07118195855911,74.91945783175998,75.14816865229301,5035600
2017-03-23,75.33604431152344,75.96499908882384,75.1154972759162,75.51574122510736,2585700
2017-03-24,75.27069091796875,76.16103032211994,74.78875922478886,75.34420243637292,3634600
2017-03-27,74.74791717529297,75.12365723281897,73.79222386890746,74.2496516957276,3425700
2017-03-28,75.92414855957031,76.09568789755478,74.74792065616255,74.78875831080951,3866100
2017-03-29,75.85063171386719,76.16919406448557,75.47489166523788,75.76895017840894,2513700
2017-03-30,76.14468383789062,76.267209246748,75.4748853322917,75.94864692285955,3672600
2017-03-31,75.76893615722656,76.16100994763286,75.16447919650766,75.66274457207025,4020600
2017-04-03,75.36872100830078,75.83431274491055,74.33135213266266,75.49941648688065,3685800
2017-04-04,76.88800048828125,77.41893981790442,76.01399496975758,76.69196355632407,5797500
2017-04-05,76.97785186767578,79.01175762263519,76.74914107560846,77.53329503351142,6061300
2017-04-06,78.2684555053711,78.75855103891944,76.99420587176482,77.12489510582307,5421600
2017-04-07,78.02338409423828,78.92189960655887,77.94170256545492,78.30927879283183,4463800
2017-04-10,79.3466567993164,79.95927768642163,78.4971550880356,78.66868818859683,5168300
2017-04-11,79.31401062011719,79.48554378054786,78.1459461384096,79.47737998617313,4250400
2017-04-12,77.48429870605469,79.04443682722297,77.32093561119713,78.97909532842151,4773900
2017-04-13,76.04667663574219,77.4842954920877,76.03850661176742,77.27191849205995,4706000
2017-04-17,76.89615631103516,77.06768937380846,76.36521707946032,76.52858635250672,3719100
2017-04-18,77.1003646850586,77.2228900841831,76.06299626719252,76.37338854399403,3310400
2017-04-19,76.34890747070312,78.39097729186497,76.20187819430338,77.4842977927169,5550400
2017-04-20,77.96319580078125,78.21027588685998,76.5795259542712,76.82660604034993,4852500
2017-04-21,77.68315887451172,78.44911902818079,77.26311458800494,78.39970427106246,4128700
2017-04-24,79.73394775390625,79.93985093995283,78.90210340651798,78.93504238665885,6739400
2017-04-25,86.00164031982422,86.38873931083731,84.00849900829559,84.73327595330605,18383500
2017-04-26,86.1993179321289,87.28648656754966,85.35922936440969,85.49101042745072,9856100
2017-04-27,84.56856536865234,85.85339936862091,84.4697295672443,85.69691720430885,6727400
2017-04-28,84.22264099121094,85.2686264116545,84.19793361426868,84.69210000411341,4016000
2017-05-01,84.00849914550781,84.82387399543465,83.52257064700254,84.54384868110955,4512100
2017-05-02,83.60492706298828,84.59325979101793,83.39078600123756,84.23086819169615,4516400
2017-05-03,83.62963104248047,84.14850476107489,83.00368365552578,83.21782470858032,4278400
2017-05-04,81.85885620117188,83.59667929814175,81.24114674822994,83.54726455267935,7271600
2017-05-05,82.06477355957031,82.35303676411552,81.5541313946141,81.94946827775223,4086800
2017-05-08,81.8424072265625,82.44364105926417,81.48825346676547,81.93300513839432,5094600
2017-05-09,81.77650451660156,82.53422668121337,81.74355925505328,82.13065822366279,9742000
2017-05-10,82.65779113769531,82.94605439593039,81.78476347456403,82.13067938444611,4696700
2017-05-11,83.1766357421875,83.94259572099725,82.48480416579962,83.92612623360657,5220300
2017-05-12,82.94603729248047,83.14370258827346,82.50128566419642,82.84720150275075,4112000
2017-05-15,84.35440826416016,84.46971353541838,83.52256399060664,83.67080823908208,3756100
2017-05-16,84.28849792480469,84.66736519405077,83.40723282529305,84.62618205671308,3115900
2017-05-17,82.4765625,84.28850764587007,82.27065935689362,84.28850764587007,4618500
2017-05-18,82.54247283935547,82.91309607249909,80.49991040433413,81.65296953941069,5931500
2017-05-19,84.36266326904297,84.71681704081931,83.40726936056082,83.65435572549028,4636500
2017-05-22,84.24734497070312,84.87329239055265,83.85200810457019,84.56031553879473,4376300
2017-05-23,85.35099792480469,85.44983372955191,84.05792599344876,84.25559760294321,3327200
2017-05-24,85.61454772949219,86.40522154419118,84.95566126213232,85.10391181693001,5170900
2017-05-25,86.49580383300781,87.25353229998626,85.85338692612723,86.0263448407746,5220000
2017-05-26,87.0229263305664,87.06410319793713,86.16636831505582,86.47933889847316,2894100
2017-05-30,86.86641693115234,87.18762532398439,86.48755591098288,86.69345904914009,3211700
2017-05-31,86.83348083496094,87.10527451407926,85.32626819657655,86.68523030850237,4131400
2017-06-01,87.01470184326172,87.65711888290559,86.61113329234885,87.1135313671038,4211300
2017-06-02,87.26177978515625,87.92891047298059,86.62760064935699,87.03116919032016,3702800
2017-06-05,86.64408111572266,88.26659965675125,86.59466634876121,86.95705806292709,4319500
2017-06-06,86.10871887207031,86.90761799233483,85.70514408464781,86.30638418032476,3800200
2017-06-07,85.25215911865234,86.22402243331547,84.3791253143052,85.90281395745507,5121700
2017-06-08,86.48756408691406,86.80053462437964,85.25214514118288,85.25214514118288,4649300
2017-06-09,87.23704528808594,88.14301789347314,86.50403057506367,86.55344532040635,3881000
2017-06-12,87.360595703125,87.59120624546401,86.3969703867801,87.23705254582453,4167400
2017-06-13,87.0970458984375,87.8465364963239,86.89938060334283,87.45119962246811,3522700
2017-06-14,86.24049377441406,87.29471713151825,85.64749156512623,87.13823497560448,4100200
2017-06-15,87.63238525390625,87.83005052605242,85.49099366860321,85.49099366860321,5974100
2017-06-16,88.6207275390625,88.87605175551231,87.63239478714844,87.92889586945594,7350400
2017-06-19,88.53015899658203,88.98314865690777,87.85479659261267,88.90902021991425,4347600
2017-06-20,88.15949249267578,89.0984103437012,88.06065671963849,88.99957457066391,5314100
2017-06-21,85.21918487548828,87.9288707066773,84.95562913148903,87.82179706202272,6274100
2017-06-22,85.52394104003906,86.19930949653133,85.23567784743037,85.30156837250273,3652500
2017-06-23,85.74632263183594,85.8780974023724,84.25558558724713,84.42030562133434,12089800
2017-06-26,85.86161804199219,86.99820122733485,85.19449381186344,86.19930224181812,2857700
2017-06-27,85.59806823730469,86.6687672617088,85.40040294855814,86.06752722536915,3380700
2017-06-28,87.67357635498047,87.82182690408497,86.28167505448093,86.35579718719981,4118300
2017-06-29,87.00643157958984,88.1018378081299,86.32283163693715,87.6735557519545,3550000
2017-06-30,88.50540924072266,88.98310605679569,87.162922964861,87.38529560204509,4702100
2017-07-03,88.10186767578125,88.81840683459538,87.69829913822305,87.72300651836596,2404900
2017-07-05,88.53015899658203,88.85136756166084,87.83832709754104,88.12659038880811,3483600
2017-07-06,87.72297668457031,88.85955977027449,87.55001879872393,88.31597874099518,2921700
2017-07-07,88.06065368652344,88.60424099400743,87.17938849587392,87.8053358028862,2767900
2017-07-10,88.81838989257812,89.3537394003377,87.5006108390927,87.90418558333683,2951500
2017-07-11,89.1478271484375,89.33726081355346,88.16773241541398,88.87603976271885,2559900
2017-07-12,89.74085998535156,90.59741814733007,89.64202417616137,89.7079147156215,3611600
2017-07-13,89.33728790283203,89.97970492805285,88.92548147295537,89.68320379584826,3051100
2017-07-14,89.5843505859375,90.0702853462907,88.99135472040412,89.40316107027427,4480200
2017-07-17,89.64198303222656,90.08673454394851,88.93368205096361,88.95015153643561,2969500
2017-07-18,88.82073974609375,89.77473233532358,88.4059609098219,89.77473233532358,3984400
2017-07-19,89.46781158447266,89.59224652600803,88.87882627883086,89.011558570875,2857900
2017-07-20,89.02812194824219,89.71665627961123,88.81243519873648,89.49267218192624,3759700
2017-07-21,88.42254638671875,88.72118764538949,87.19480461575905,88.52209558261652,4258100
2017-07-24,89.74156188964844,90.00702012903395,89.00325596357548,89.47610365026293,5980400
2017-07-25,95.01753997802734,95.3078839080189,92.7445536459211,93.93911243346103,14264600
2017-07-26,94.17140197753906,95.01755450750034,93.80640083646021,94.77698197757111,5741200
2017-07-27,94.87651824951172,94.89310661906018,93.94741132922034,94.33730446835175,5583500
2017-07-28,94.65253448486328,95.31618319176205,94.1382127495887,94.94287842074782,4704500
2017-07-31,94.52809143066406,95.11708293011367,94.31241099914267,94.9843506685412,4477200
2017-08-01,93.82298278808594,94.92629614429009,93.34183776115162,94.79356386278123,3683700
2017-08-02,93.8146743774414,94.22116219486954,92.98511670288687,93.86445214165016,2830600
2017-08-03,94.20458221435547,94.33731450095141,93.61559693288952,93.61559693288952,2438900
2017-08-04,94.85993957519531,95.10051211293698,94.11333623893223,94.47004637020103,2631900
2017-08-07,95.15859985351562,95.39087508681035,94.81848435591276,94.96780505289156,2269400
2017-08-08,94.90971374511719,95.60653927981079,94.72721001107155,95.05902807767387,2601200
2017-08-09,94.85162353515625,95.78073042932829,94.66082881010867,94.89310395139594,3170100
2017-08-10,93.86444091796875,94.67740379757078,93.62386846163123,94.47831175161015,3186700
2017-08-11,93.61560821533203,94.29584544355814,93.53265369072388,93.79811196688469,2130300
2017-08-14,94.32903289794922,94.8765441780226,93.9640253779003,94.12164341228957,1968900
2017-08-15,94.27923583984375,94.76038083485807,94.0054802741608,94.56957977510304,2826800
2017-08-16,94.66915130615234,94.9926783858872,94.26266337190118,94.4119840493961,2268600
2017-08-17,93.85614776611328,94.87650641419488,93.85614776611328,94.56956781914086,2905100
2017-08-18,94.50321960449219,95.1005022113151,93.48286709202262,93.73173062551649,3875700
2017-08-21,94.2377700805664,94.64425165315552,93.96401447230218,94.36220502332506,3137400
2017-08-22,96.07939147949219,96.1125745535089,94.56959642136471,94.74380281318432,3881100
2017-08-23,95.19174194335938,95.71436099322769,95.19174194335938,95.39913135935798,2447600
2017-08-24,95.21664428710938,95.44062843975209,94.89311724797994,95.39914801770009,1861200
2017-08-25,95.68949127197266,96.75962159689749,95.52358224304852,95.7890404867414,3282200
2017-08-28,95.45721435546875,96.27847479297577,95.11709895368247,96.02961125413735,2011000
2017-08-29,96.23697662353516,96.72641255778224,94.81843392128253,94.88479371762273,4355700
2017-08-30,97.5145263671875,97.63066395816018,96.12915996797214,96.32825840594592,3401000
2017-08-31,97.4647216796875,98.57633216650153,97.34858412078455,97.84631742022894,3357700
2017-09-01,98.12010192871094,98.56806392921794,97.39009329586108,97.46475046476684,2992200
2017-09-05,98.13667297363281,98.82520101621196,97.73848251504907,98.00394071109736,3826800
2017-09-06,97.04167938232422,98.87500145820287,97.04167938232422,98.50999398153097,4292600
2017-09-07,97.6969985961914,97.82973085396553,96.6434631984545,97.37347162914497,3270100
2017-09-08,97.73848724365234,98.59293065573893,97.05825018780472,97.24905124217477,2787000
2017-09-11,98.60952758789062,98.6510016761121,97.44814552429666,98.56804717064605,3527500
2017-09-12,100.32672119140625,100.70001966545871,98.76714849495461,98.87499505827654,5554000
2017-09-13,99.239990234375,100.37648661750087,99.05749284781366,99.96170774718063,2532200
2017-09-14,99.94511413574219,100.20227499656707,98.89157231612633,99.37271729943085,2904900
2017-09-15,100.68342590332031,100.8493349208992,99.80409038888688,100.38478460845964,4610100
2017-09-18,102.72413635253906,103.22186973019838,101.91116698344432,102.54992998680946,4349000
2017-09-19,103.47904205322266,103.63666006637962,102.66607892320285,102.83198795777147,3050000
2017-09-20,103.57027435302734,103.9269844060769,103.01447223030584,103.6698235523747,3151600
2017-09-21,103.52050018310547,103.72788959616665,102.71582824778443,103.29651607274671,2615400
2017-09-22,103.22186279296875,104.04312312736337,103.1554966593349,103.3462977112765,2616700
2017-09-25,103.13063049316406,103.51222634036803,102.57482825891202,103.17211091680485,3268500
2017-09-26,103.28823852539062,103.75278884595348,103.13062052561818,103.44585019613963,2301900
2017-09-27,103.29652404785156,104.04312725831856,103.14720340575816,103.86892089738011,2140600
2017-09-28,103.88550567626953,103.92697976071001,102.5499173742493,102.79048984848514,2067800
2017-09-29,103.45413208007812,104.15096378577356,103.28822308440051,103.98504846107345,2273500
2017-10-02,103.46245574951172,103.55370761905571,102.82369266270379,103.19699749148124,2502600
2017-10-03,104.11781311035156,104.13440148347071,103.15552291480417,103.67814843891246,2166100
2017-10-04,105.13813781738281,105.42848173744166,104.19244257546383,104.26710605720626,2792300
2017-10-05,104.85609436035156,105.27917055872972,104.5325673642456,105.18791870556927,2496200
2017-10-06,105.29576873779297,105.34554017905454,104.5076913823749,104.6238289646676,2697400
2017-10-09,105.25428009033203,105.29576050749012,104.47450014574919,105.28746315825389,1979600
2017-10-10,106.34100341796875,106.42395159300831,105.57780552513364,105.78519494980148,4414300
2017-10-11,106.68112182617188,106.88851124445134,105.9096266079886,106.32440544454752,2177800
2017-10-12,107.8342056274414,107.97522891178384,106.49861727802723,106.51519931756484,3372300
2017-10-13,108.43150329589844,109.0121912119093,107.17886294345298,108.67206948322892,3478200
2017-10-16,109.06195831298828,109.60116578681397,108.62229371850353,108.87945459549876,2914200
2017-10-17,108.29046630859375,109.06196162102694,108.10797524361567,108.78820603648917,2380300
2017-10-18,108.91261291503906,109.21125416059802,108.25726797347488,108.25726797347488,2511400
2017-10-19,109.12833404541016,109.19470019015395,107.34477713279604,108.67207471157641,4837600
2017-10-20,109.62068176269531,110.07966249674764,108.88631258821157,109.60398808139853,3086800
2017-10-23,109.88770294189453,110.43847975231714,109.45376915205819,110.11302304316673,5549500
2017-10-24,115.362060546875,117.19797034911097,114.01850600035071,116.88085414137694,18886700
2017-10-25,114.19377899169922,115.01994437837308,112.4830394295123,114.50255481915956,7438600
2017-10-26,114.27720642089844,115.36206631899208,114.20210396800742,114.2271381189711,5745400
2017-10-27,115.00321960449219,115.49557487344451,114.24381642004643,114.26051009815114,4064600
2017-10-30,113.9017105102539,115.00325163459604,113.89335730210233,114.57765822598301,3044500
2017-10-31,113.32586669921875,114.01015469195086,112.72502162906379,113.91001809144014,3988300
2017-11-01,113.73480224609375,114.57766134521201,113.017126670716,113.2174126685712,3629000
2017-11-02,113.88501739501953,114.31896401394661,113.23410383340345,113.84328955470075,2722600
2017-11-03,114.01850891113281,114.28554409271668,113.79318882443563,113.89332542583641,2105400
2017-11-06,114.91983032226562,115.53735663138275,114.15207357362847,114.16042678335259,2780900
2017-11-07,115.83772277832031,115.9128252278772,114.043540793331,114.99487668835404,3222100
2017-11-08,114.56926727294922,115.7876510416244,114.47747114836721,115.495568990624,1933300
2017-11-09,112.94200134277344,114.11865746667114,112.36619035731086,113.85996273025678,2940300
2017-11-10,113.89334106445312,114.23549147761345,112.71669763579362,112.73337858262057,2016900
2017-11-13,113.93507385253906,113.95176753363906,112.54979119283837,113.1005680672082,1894100
2017-11-14,114.7779312133789,115.2619461437122,113.88501655815381,115.16180951452219,3041300
2017-11-15,111.90721130371094,114.12698662636086,111.66519753757134,113.89332606608191,3746200
2017-11-16,113.79322052001953,114.66945422697583,112.74174771180138,113.05051080781924,2812900
2017-11-17,113.60128784179688,113.79322062596918,112.67498581933188,113.32589937743712,2312700
2017-11-20,114.252197265625,115.00324742593881,113.70142035683564,113.85997850332487,2124000
2017-11-21,114.8280029296875,115.1618001555598,114.46915881500423,114.96986738736062,2221400
2017-11-22,115.1701431274414,115.51229356818774,114.4941954535829,115.34539495163165,4887500
2017-11-24,114.65274810791016,115.51228803890078,114.6110202723815,115.245252811903,944400
2017-11-27,114.48582458496094,115.38709215534655,114.23547035981856,114.7194851328152,2585400
2017-11-28,115.98799896240234,115.99633943871503,114.552647556419,114.75292085633654,2592700
2017-11-29,115.21182250976562,116.17151143505144,114.49414730021724,115.30361862029656,3098200
2017-11-30,117.79049682617188,117.9407145021375,114.4190987608133,115.91285864466936,7507800
2017-12-01,118.09925079345703,118.83360715415287,115.47890339228363,118.16601277780147,5481600
2017-12-04,118.08259582519531,121.16192491977169,118.03252750390963,120.37748726349416,4922300
2017-12-05,116.94766998291016,118.65840982453342,116.60551946787531,118.2912251482571,3884100
2017-12-06,117.11451721191406,117.78212426349967,116.4135355378446,116.95595910463862,2881400
2017-12-07,119.24252319335938,119.33431933295736,116.15485454054468,116.64720986495807,2977100
2017-12-08,120.05201721191406,120.43589552205225,119.27592011685944,120.06035768669234,2490100
2017-12-11,119.97692108154297,120.76135869284975,119.73490723113558,120.69459669044599,1913500
2017-12-12,119.68482208251953,120.83644417832978,119.50958299270816,120.20221161145543,3397100
2017-12-13,123.98246002197266,124.38301900539157,120.22718612687655,120.31896948678002,6486500
2017-12-14,122.07150268554688,124.34135939246904,121.73770547187199,124.21618862072783,4616900
2017-12-15,122.41368103027344,123.37335778866215,121.41227642726993,122.96445801866801,7931700
2017-12-18,124.98394012451172,125.01731475452317,122.50545682245615,123.29823480409772,3534800
2017-12-19,125.935302734375,126.08550770133819,123.94917439196652,125.09244353013395,3554100
2017-12-20,127.27880096435547,127.34556294210498,125.75999462103087,126.78643297014597,3076000
2017-12-21,129.0479278564453,129.43180598279628,126.68627580284345,127.42064470531842,4017400
2017-12-22,129.97427368164062,130.01600151685147,128.47216074888328,129.15646159240788,2486400
2017-12-26,130.550048828125,131.00067621735624,129.89913552504433,130.21623897170926,1870600
2017-12-27,131.4513397216797,131.59320416081113,130.44158223503723,130.96732489394205,2520500
2017-12-28,132.20242309570312,132.3943558872305,131.20935903774287,131.80186382926144,4064000
2017-12-29,131.5014190673828,132.2691628378481,131.44299755213402,131.89363779290437,2616100
2018-01-02,131.05075073242188,133.0118439396176,130.2079046803636,132.1022359131075,5108400
2018-01-03,131.2510528564453,131.42630465270625,129.68217809703833,131.050766908368,4146100
2018-01-04,133.0536346435547,133.17046497067068,131.03413171280647,131.7601478360594,4865800
2018-01-05,135.1565704345703,135.23167290355488,133.22051078820056,133.73790033038108,3945400
2018-01-08,138.552978515625,138.88677569778153,135.64890228351513,136.95072912089037,5929200
2018-01-09,138.88682556152344,139.70465059845466,137.76859059292468,138.80338260279942,4522900
2018-01-10,138.4194793701172,139.80476211820752,137.27621044600153,138.44451352659064,5478600
2018-01-11,141.19839477539062,141.47378324854833,138.22755582891293,139.27902867170184,4199000
2018-01-12,142.1163330078125,142.42509606326294,141.22340573544332,141.85763826042998,4127900
2018-01-16,141.2901611328125,144.56977522728738,139.83812933239102,144.28603360556022,8530600
2018-01-17,140.61424255371094,141.95779754680052,140.61424255371094,141.29854349604634,5571400
2018-01-18,140.8896026611328,142.50019259349457,140.2720638423909,141.30685552239296,4668800
2018-01-19,142.86817932128906,142.90170885507277,141.3590944480365,142.21424467498784,5796700
2018-01-22,143.27059936523438,143.287370528647,141.2501027277715,142.79272994549532,3540900
2018-01-23,142.0465850830078,144.24314733808436,141.85376144437893,144.20122581856026,5036500
2018-01-24,141.1327362060547,144.57847485739214,140.57102373787512,143.69817423399277,8241000
2018-01-25,141.99627685546875,145.12344039067534,136.20308647539545,145.12344039067534,16937100
2018-01-26,140.0596160888672,141.68607365576332,137.95528906773632,141.52677957346827,9045300
2018-01-29,136.30368041992188,139.070334106019,133.65439930025795,138.8188178086192,9496800
2018-01-30,137.2928924560547,138.08936246183768,133.981299121859,134.4172596314491,8694800
2018-01-31,136.4713592529297,138.99487593048354,135.7252023088921,138.08104571222475,7014000
2018-02-01,136.01861572265625,137.27618424260172,134.2915442094397,135.18023670935926,4323600
2018-02-02,132.03631591796875,134.8113484158447,131.23146643333882,134.7861980687608,7602800
2018-02-05,126.662353515625,133.24362372623204,119.76249505891586,129.8901063319904,11390500
2018-02-06,131.13087463378906,131.25662637840392,123.08243036955126,124.13879619491406,13908700
2018-02-07,129.3954620361328,132.53938450696918,129.34516132342395,130.25061253014323,7156500
2018-02-08,122.39496612548828,129.26967200222862,122.33627344959349,128.98462618612402,9101900
2018-02-09,125.09453582763672,126.50300640276171,119.78759523911194,124.67534632894738,9528100
2018-02-12,127.67675018310547,128.64927302970088,125.96646241206707,127.32463248885198,5756800
2018-02-13,129.0852508544922,130.11645372375594,126.59526352206979,126.80485832922554,5512100
2018-02-14,132.51417541503906,132.9585152372225,127.71864677501424,127.76056828124142,5560100
2018-02-15,134.1239013671875,134.42571839209324,132.0279533588563,133.97299925106034,4914500
2018-02-16,131.0302734375,134.97904491438274,130.86260016383838,134.24965913799676,5991600
2018-02-20,130.4182586669922,132.67350062973404,129.33675519109903,130.0912913098477,5094600
2018-02-21,130.14158630371094,132.7992465603698,129.98229222520314,130.53562551076178,4179400
2018-02-22,133.1848907470703,133.95619790524555,130.95479949840038,131.1308647202,4723300
2018-02-23,136.16116333007812,136.2198432194808,133.48673174548603,133.63763385479362,4450800
2018-02-26,137.2342987060547,137.53611574166155,135.44016765901708,136.69773650860375,6254400
2018-02-27,135.19700622558594,137.99720208328014,135.18024785464524,136.87376439042458,4127700
2018-02-28,129.6385498046875,136.10244477772554,129.25288983312274,135.39820948284913,7298600
2018-03-01,125.94969940185547,130.94644489471983,124.50768620289836,128.83372579976972,9434800
2018-03-02,122.72196197509766,125.65628942819966,122.28600117155123,125.02750497396352,9509400
2018-03-05,126.69583892822266,127.31624403540394,120.73496332463276,121.69071493736388,8453000
2018-03-06,128.90081787109375,129.9320208321197,127.15698738526402,127.97021633280607,5795600
2018-03-07,127.02281951904297,127.65999585586437,124.75919838847089,125.75687161678816,5491000
2018-03-08,128.76663208007812,129.08522020495903,125.99997872399622,127.20724657338823,4105000
2018-03-09,132.6735076904297,132.81603061854926,129.38706277912456,130.04937671481574,4576700
2018-03-12,129.52955627441406,133.5873075884384,128.98461503821537,132.6650983585138,4880400
2018-03-13,128.8504638671875,132.35488176477455,128.4396535731625,131.03863345528842,4819100
2018-03-14,127.88633728027344,130.15835018112185,126.85513460957254,129.78108215941657,4873600
2018-03-15,129.58822631835938,130.4433635434531,127.14014879364153,128.4228674239283,5268800
2018-03-16,131.17282104492188,132.00280830222385,128.53191877287867,129.3786899895145,10897600
2018-03-19,127.5593490600586,129.80621124424093,126.44431634088383,129.31157074586304,5479200
2018-03-20,129.16070556640625,130.11645740235096,127.88636552092925,128.2720256057658,3557600
2018-03-21,130.6194610595703,131.86025849548176,128.44806234856293,129.24451990284427,3887400
2018-03-22,123.15787506103516,128.691181806246,122.61293380562526,128.16299892082029,8225600
2018-03-23,120.9697265625,124.55800123130668,120.550536971429,123.82860264384041,6533100
2018-03-26,125.07776641845703,125.38796255818646,121.78293026041136,123.92919126960076,5454900
2018-03-27,123.23334503173828,126.69584191788508,122.22727990605016,125.67301842137842,4915300
2018-03-28,121.69910430908203,124.28131328299602,120.41638540348157,123.23333948478331,4933900
2018-03-29,123.56031036376953,124.72565674930517,122.04284630699102,122.57940839545385,4209400
2018-04-02,120.63436126708984,123.5351584154512,118.84860979288173,122.77223040798069,5397500
2018-04-03,121.61530303955078,122.10994377188509,119.3684525852947,121.39732902004414,4845700
2018-04-04,121.71589660644531,121.95065457191879,115.7382610942248,117.27249669758156,6188200
2018-04-05,124.18913269042969,124.81791718005087,122.79741994983138,122.83094949384376,4584800
2018-04-06,119.87979888916016,123.24169354304287,118.06051828149945,122.21049111778694,5707400
2018-04-09,119.95526885986328,123.06564778610328,119.72052376326586,121.3972817633322,4050800
2018-04-10,124.15557098388672,124.92687830236972,122.08477336439329,123.03214594126916,3991600
2018-04-11,123.06565856933594,124.37354066981123,122.67163217403152,122.97343635954569,3218900
2018-04-12,125.8742446899414,126.72939500230638,123.77829682125805,123.77829682125805,3958000
2018-04-13,125.94969940185547,128.19656223453438,124.91011741608472,127.22403932497707,3603200
2018-04-16,127.55094909667969,128.6240729286561,125.99156402948817,127.215602696429,3055600
2018-04-17,128.53187561035156,130.40145709902205,128.28035936519262,128.55702595560268,3817200
2018-04-18,130.74517822265625,131.72607993546427,129.58822411640998,130.10801490627938,3087100
2018-04-19,130.53562927246094,131.0554330372,129.07685775914112,130.27573378641662,4013200
2018-04-20,129.1284942626953,131.56360858312215,128.38700189426856,130.81369484034877,4057800
2018-04-23,129.75205993652344,131.22661086053776,128.2269421808951,130.30816651364043,5350300
2018-04-24,121.70519256591797,135.74291701602965,120.79518267531736,134.60540143851375,24122300
2018-04-25,122.33715057373047,124.36782056434295,119.7840724645772,121.19121354878904,9963700
2018-04-26,123.2808609008789,124.19929223951759,121.34287743408404,122.44669474399456,6558900
2018-04-27,121.94112396240234,123.52521673832312,121.46926982244153,122.74159172534024,3860600
2018-04-30,121.63777160644531,123.18815296803271,120.99740005023992,122.35398695589373,4764800
2018-05-01,121.6883316040039,121.69675297831142,118.21682254442966,120.55925030791754,5004400
2018-05-02,121.21646881103516,123.5673177802877,120.89627661146577,121.32601095447923,4637600
2018-05-03,121.14906311035156,122.30342134044024,116.40521958099933,119.38803167072706,7703200
2018-05-04,123.33135223388672,124.02229037361009,118.84872712497909,119.85142313615785,4678400
2018-05-07,126.2383804321289,127.6202443804524,124.70484174736042,124.85650362674546,6844600
2018-05-08,126.33106231689453,127.29163904356301,125.18513820169875,126.93773558791631,3853600
2018-05-09,128.58921813964844,129.2127469215398,126.81133118811086,127.02198123991835,4668200
2018-05-10,129.73519897460938,130.97382272825521,128.75777931674165,129.0863929948275,3911000
2018-05-11,130.48507690429688,132.06916950889064,129.5666457057014,129.97109023091653,3507900
2018-05-14,130.8389892578125,131.78269759281048,130.08907541509552,131.1170489330305,3563900
2018-05-15,128.5723419189453,130.09744599235162,127.8308625982792,129.60874926473255,4127200
2018-05-16,129.59190368652344,129.65087901046365,128.37013605886534,128.53865351491166,2693400
2018-05-17,129.4992218017578,130.81367600594427,128.71559696030315,129.50764317489197,2885800
2018-05-18,131.20127868652344,132.15340813987845,129.76884810577687,129.8868116157969,3889300
2018-05-21,133.906005859375,136.1641808047852,133.72063280948845,134.19248680663344,5849700
2018-05-22,131.6141357421875,134.2683338257423,131.563581792282,133.99869561683647,3512400
2018-05-23,132.9117431640625,133.1308145594806,129.5244871936491,130.30809910795992,4010000
2018-05-24,132.87803649902344,133.46785401226194,131.47089583991962,132.46517066828525,2891000
2018-05-25,131.31922912597656,132.76850230886274,130.79680832755022,132.2208045363093,2359700
2018-05-29,129.4402618408203,131.20972772121578,128.61451709659758,129.97952555132144,3795800
2018-05-30,130.99066162109375,131.4288045645837,129.62564025342596,130.26602477509232,2688200
2018-05-31,127.99942016601562,130.86425616645437,127.65395094245696,130.85583479163373,4546000
2018-06-01,129.3560028076172,129.920543470796,128.2943181916466,129.17062971140203,2755500
2018-06-04,128.4965362548828,130.54404866119512,128.14264569788043,130.42608514219432,2470900
2018-06-05,128.92628479003906,129.0021285987088,128.09211860823004,128.41229802292779,2916600
2018-06-06,131.8753662109375,131.90064319096757,128.92626520820173,129.4655288772767,3689300
2018-06-07,131.68997192382812,133.07183565698796,131.0496004377007,132.38091021893703,3149100
2018-06-08,130.87271118164062,131.99335849260967,130.63677122152507,131.6057694763357,3254100
2018-06-11,131.69839477539062,132.35562180772885,130.36708510917663,130.763108174439,2758300
2018-06-12,132.70115661621094,134.1335748866234,131.7742909286753,131.82484490125665,2595600
2018-06-13,130.35867309570312,132.583136947253,130.19014278234235,132.43988360948478,4189300
2018-06-14,129.0358123779297,132.591586753792,128.71562014234968,131.1928671381179,3967600
2018-06-15,126.40687561035156,127.23262014109243,125.067131626906,127.1062352639078,8852500
2018-06-18,125.27778625488281,125.93502621152061,124.46889729711936,125.058714840709,3651600
2018-06-19,120.7446060180664,123.2724065089245,119.91886145769571,123.01962388842706,6792000
2018-06-20,120.60136413574219,121.91581831862908,119.49755999131943,121.51979521775188,4128300
2018-06-21,117.56800842285156,119.9778455818057,117.22253924473941,119.8598820645307,5914900
2018-06-22,117.91348266601562,120.07053727859272,117.77024216439007,118.72237171720221,5114700
2018-06-25,115.08236694335938,117.10460280918316,113.90271864074376,117.0034948730106,6078200
2018-06-26,114.20606231689453,115.71432436171814,113.98699082271885,115.22561454511435,4285300
2018-06-27,113.42241668701172,117.50903291695917,113.39713970885197,115.24243625686826,5665000
2018-06-28,114.618896484375,115.20029264048189,111.79618086100824,113.06008107617703,4215900
2018-06-29,114.31553649902344,116.15241112109133,114.23970558734241,115.10758252872807,4107900
2018-07-02,114.83800506591797,114.95596860990258,112.23437286557464,112.7399382581156,3172600
2018-07-03,112.76519012451172,115.73114652884799,112.34389001025608,115.43623130604539,1837400
2018-07-05,114.43352508544922,114.66945210047432,112.98425178911906,113.75944238949552,3366300
2018-07-06,114.09648895263672,114.47565644724777,112.33545773169219,113.84370633721005,3179600
2018-07-09,118.78134155273438,118.8487511060937,114.67788302705024,114.7789909285604,5562300
2018-07-10,119.01725769042969,119.53124423792372,118.0819711157129,119.32059422431233,3761700
2018-07-11,115.23397064208984,117.45001274232128,114.45878018984307,116.38834137758114,5231700
2018-07-12,117.47533416748047,117.73653820754059,115.29300244116989,116.70014342189347,4250800
2018-07-13,118.59598541259766,119.01728553839729,117.18042316129944,117.57643345105636,2838700
2018-07-16,116.34624481201172,118.70552809861526,116.19457008036413,118.70552809861526,3723100
2018-07-17,117.07929992675781,117.39949212989265,115.04020890360584,115.41937643744176,3306000
2018-07-18,118.9077377319336,119.22792992656059,116.5568887989681,117.12142939782278,4394800
2018-07-19,118.19563293457031,119.14512750850649,117.88196339194354,118.32280570236821,3576700
2018-07-20,115.99144744873047,117.48351220111685,115.83884271429577,117.29700249008188,5247000
2018-07-23,115.53362274169922,115.97446496342442,114.95714770519692,115.82186025995037,3542300
2018-07-24,116.96640014648438,119.19603123141978,116.44926182040835,117.75481715370556,5064700
2018-07-25,119.09422302246094,119.57745609093715,115.8642350330091,116.99176592356463,5041800
2018-07-26,120.87458038330078,121.69691513584701,118.74669057489918,119.32316573476184,5385600
2018-07-27,120.85759735107422,122.03599233865356,119.34857392628602,122.03599233865356,4649400
2018-07-30,118.47538757324219,124.36736311582426,117.89042652371025,123.52808242379346,13837700
2018-07-31,121.90885925292969,122.73966703235672,118.83146186103285,120.357444573374,7608700
2018-08-01,117.44957733154297,121.28997187364669,117.08504390817357,121.20519004054651,6364500
2018-08-02,117.00027465820312,117.59372168194527,115.03346269048959,116.2033848464587,4195000
2018-08-03,117.42414855957031,117.50045738579063,116.20337550663966,117.16134298006666,3594100
2018-08-06,118.2464828491211,119.25532718227569,116.96635992809931,117.43263414962772,3125200
2018-08-07,120.70501708984375,121.50191979291519,118.9416609446392,119.20446653056867,4813000
2018-08-08,118.44146728515625,120.72194837868281,118.0599619989517,120.65413844004574,3435100
2018-08-09,117.4326171875,119.45029262648157,117.20371661437753,118.77208978682826,3338500
2018-08-10,115.22845458984375,116.5848865581054,114.21961009213456,116.5848865581054,6268600
2018-08-13,114.46541595458984,115.91508916589662,114.21108346295543,115.2284004936052,3879400
2018-08-14,114.38069152832031,115.67777365690385,114.1687498349453,114.95717966096542,3537900
2018-08-15,111.92215728759766,112.96490665000937,109.72643182237168,112.96490665000937,5682200
2018-08-16,115.5167007446289,115.7625603633554,113.304028855565,113.36337874142825,5539400
2018-08-17,118.12781524658203,118.86538111178238,114.82153011255963,114.9995538850641,6611700
2018-08-20,117.55977630615234,119.15358142907913,117.46652147585579,118.53471552032369,3311100
2018-08-21,118.6788330078125,119.50116752007753,117.89888940630242,117.89888940630242,3021400
2018-08-22,118.3736572265625,119.28076078281187,118.14475661723557,118.95861826379132,2209500
2018-08-23,115.96597290039062,117.98366129347144,115.65230343742566,117.88193345378336,3905300
2018-08-24,117.16984558105469,117.45808316497467,116.05078728692718,116.83921707340679,2565400
2018-08-27,120.41675567626953,120.70500613599742,118.09388359654865,118.17865249044071,4770900
2018-08-28,120.38284301757812,121.8833933448465,119.95048675943546,121.58666989544709,3234000
2018-08-29,120.26415252685547,120.88301843086636,119.7809194274171,120.74737269040403,3369900
2018-08-30,117.89044952392578,119.93357062322444,117.37331125679822,119.56055116026097,4773300
2018-08-31,117.71240234375,118.87383849322428,117.31395099076833,117.43263780213145,4552200
2018-09-04,117.19525146484375,117.8395493800731,116.08466642827894,116.87309603928367,3955600
2018-09-05,119.18750762939453,119.61987689047197,116.72050362687894,117.27155969894208,4579400
2018-09-06,120.018310546875,120.27263015013914,118.7381748429575,118.97554842993088,4588100
2018-09-07,119.80636596679688,120.50152775839908,118.72969890792265,119.30617390896398,4173400
2018-09-10,120.42523193359375,120.81519727308812,120.12003548117252,120.18785835236501,3069100
2018-09-11,120.40833282470703,120.76439337351208,119.00103665378971,119.20450536849104,2583200
2018-09-12,122.3157730102539,122.71422437643395,119.2129439214065,120.02680560906371,5630600
2018-09-13,123.38391876220703,124.163875250212,122.5192063298393,122.96852149642909,3670700
2018-09-14,122.84138488769531,124.79125080919215,121.42561610595394,123.46026386851737,4699600
2018-09-17,123.96045684814453,125.52034458401975,122.54468790935509,122.79902052487466,3827100
2018-09-18,126.3765640258789,126.55458775475583,124.00281513235726,124.62168108303311,4496400
2018-09-19,129.5048370361328,129.80156055686726,126.63090842723015,126.96153692432893,6000100
2018-09-20,132.2515869140625,133.70974647131962,130.94603206836976,131.7514077348348,6774100
2018-09-21,132.5737762451172,133.34523420138112,131.23430314960163,132.78571794499192,5932100
2018-09-24,130.55609130859375,132.3364068189781,130.3611085605082,132.25162496195213,3844500
2018-09-25,130.63233947753906,130.97992685406322,129.54719937083618,130.65777143817348,3454600
2018-09-26,129.8524169921875,131.5309913470136,129.6150433636623,130.51367394820664,3096100
2018-09-27,129.25897216796875,130.59844492372753,128.18230498365094,129.72524637660177,2674100
2018-09-28,129.27593994140625,129.6320003788656,127.63974359510122,128.8605296297575,3599900
2018-10-01,129.0979461669922,130.9799897733647,128.58928083817386,130.22547772835205,3736300
2018-10-02,131.25123596191406,131.72598320531887,128.4366445390253,129.10637448542306,4344000
2018-10-03,134.13360595703125,135.10853217984715,132.07352679982375,132.25156344240284,6043300
2018-10-04,132.88739013671875,134.41337232355272,131.57334956094815,133.97253015049193,4130800
2018-10-05,129.97105407714844,132.93823623430788,128.52985390227707,132.68390374794527,4955100
2018-10-08,130.0050048828125,130.26781044208607,127.91102048126443,128.81812395797937,3463200
2018-10-09,126.70721435546875,129.37767423725083,126.38505887587729,129.37767423725083,4996900
2018-10-10,121.8410415649414,126.46136788737067,121.8410415649414,126.06291646946869,9419300
2018-10-11,119.5096435546875,123.68065314799675,118.5516632780998,121.18821758880084,7608300
2018-10-12,120.44222259521484,122.41750764422771,118.47539762047965,122.09536509111263,5596200
2018-10-15,120.2132797241211,121.38318857545279,119.63679183770486,120.38283041922392,3741700
2018-10-16,121.83255004882812,121.9851418354544,119.76399736861171,121.5273535396832,3573400
2018-10-17,119.82331085205078,121.67144850007709,119.62832818423131,121.29842918015125,4807500
2018-10-18,115.12670135498047,119.36553415202769,113.99917027865898,118.82296407144129,10250200
2018-10-19,112.0382308959961,116.82449954575117,111.9955698150801,116.19316241419743,7055100
2018-10-22,109.81146240234375,113.58247038485885,109.7688013196642,113.19853365907758,7858900
2018-10-23,101.51011657714844,104.51327054846675,98.64346634994284,102.10733266232997,24113300
2018-10-24,95.84505462646484,103.77953325899954,95.76827249897248,102.38033585636256,15304200
2018-10-25,98.65200805664062,99.89763501214786,95.9815892933787,97.96947621605524,13568900
2018-10-26,98.15715026855469,99.33452179555066,95.86212230801559,97.3466353653873,10820400
2018-10-29,97.24427795410156,100.97262509674093,95.6061873063714,99.71846469062766,8069600
2018-10-30,100.21331024169922,100.45219671160967,96.493489900947,97.2613439179221,8057600
2018-10-31,103.50654602050781,104.84602216684215,101.74901855070009,101.87699530540324,10341300
2018-11-01,106.39024353027344,106.84242887328261,103.18233061091065,104.59005520406599,10138900
2018-11-02,107.32019805908203,109.46165544383766,106.01484969411493,108.39519351047667,7683900
2018-11-05,107.84915924072266,108.30986504103832,106.2622634555612,107.57613875288123,4844200
2018-11-06,110.34041595458984,110.48545321127718,107.76384035039803,107.84062899222283,4728200
2018-11-07,115.26321411132812,115.3655902938584,111.66283748455524,113.91520462856313,7551900
2018-11-08,112.09796142578125,114.9219509254867,111.67990360459024,114.17969748504117,6269400
2018-11-09,108.2757568359375,110.57078513811335,107.26901644965784,110.56224511039667,7248400
2018-11-12,106.64620208740234,109.55551360474713,106.29639942015521,108.50611211217334,5870100
2018-11-13,107.46522521972656,110.73285932946985,106.88506972213727,107.07276804623476,5820200
2018-11-14,106.7315444946289,110.05890813544121,105.56270599270222,108.58292146462912,5516300
2018-11-15,110.41720581054688,111.15093217226745,105.05076835524976,106.06604224140978,5815200
2018-11-16,110.87793731689453,112.55014259906471,109.24838010404619,109.87971733537452,5957700
2018-11-19,107.4823226928711,110.47695019093607,107.15811403791814,110.18686259623976,5385600
2018-11-20,104.31703186035156,105.7674239152869,103.42974130876374,105.66504123202674,7746200
2018-11-21,105.68212890625,107.68707632019044,104.52181763936647,104.78629815298163,4759500
2018-11-23,104.35971069335938,105.83569704292253,103.7198334597484,104.05256910049268,3130100
2018-11-26,106.4755630493164,107.32019908605405,105.07636550009093,105.49441675940209,4696600
2018-11-27,106.30492401123047,106.30492401123047,104.41942009777297,105.79302358603469,4049400
2018-11-28,111.56898498535156,111.57751199419674,105.65651327211735,106.90214653522082,5745200
2018-11-29,111.1082763671875,111.68843848040902,108.85590908301783,111.59458930113797,4999600
2018-11-30,115.74950408935547,116.00545754210792,110.77552435992197,110.9546956823487,8458200
2018-12-03,118.54792022705078,121.49989294320258,118.18959053636225,121.04771407030974,9365800
2018-12-04,110.33190155029297,117.80566273781128,110.09300207973122,117.80566273781128,8113400
2018-12-06,109.52136993408203,109.79439043630595,105.83568428239755,106.8338910842774,6595200
2018-12-07,105.40907287597656,110.89494539570029,104.72653481121895,110.14416524096463,6413700
2018-12-10,105.27259063720703,106.10869966328596,103.37002617891078,104.43648812029522,5970900
2018-12-11,105.14461517333984,109.18864359055203,104.29997912812065,108.50610533614898,4449900
2018-12-12,106.96186828613281,109.1801078030867,106.73150886366365,107.27753685217023,5544100
2018-12-13,107.41404724121094,110.15272070526896,106.6803209102483,107.88328658643871,4544100
2018-12-14,108.15632629394531,108.98390199253338,105.06785596622733,105.29820893458766,4483300
2018-12-17,106.19402313232422,108.90710277124742,105.52001835466447,108.18190989956742,5662300
2018-12-18,106.02336120605469,109.845563080581,105.45173925552454,107.38843748856372,5377900
2018-12-19,104.36824035644531,110.0162190305838,103.06289188957243,106.70592327430373,6416500
2018-12-20,103.7027587890625,106.2537338566178,103.02875408047204,103.86485657323809,7563500
2018-12-21,102.44007110595703,105.56267488997878,102.01348631639127,103.8563357317157,10034100
2018-12-24,99.7781753540039,102.03054242461941,99.5392889236609,100.81904323692731,2986600
2018-12-26,106.44145202636719,106.44997903664043,99.04446588937898,100.67402311677151,5093700
2018-12-27,108.07099151611328,108.08805855322281,103.17379984164442,103.91605973588915,4599000
2018-12-28,107.16661834716797,109.41898524194127,106.68884552378168,108.46343308600215,3813500
2018-12-31,108.4122543334961,109.29955144557606,106.21960885288358,108.01126360399037,3455200
2019-01-02,107.82357025146484,109.10332463421645,104.9398593856315,105.81862302032081,4783200
2019-01-03,103.66862487792969,107.07276926547662,102.7557337987421,106.91066498206173,6165800
2019-01-04,109.33368682861328,109.70908356231422,105.5370844415667,105.93807522362582,5456600
2019-01-07,109.40192413330078,110.5707752306126,108.0965758064371,109.70906568187658,4653400
2019-01-08,110.71583557128906,112.19181550658367,109.40194694352908,110.82673877977734,4202600
2019-01-09,111.14237976074219,112.80605746279042,110.83523826049239,111.84197188899736,4865600
2019-01-10,113.43741607666016,113.57391329506015,108.56581277721538,109.72612375277787,3418500
2019-01-11,112.70372009277344,112.89141846410253,110.95471964266297,111.83348337282365,2908600
2019-01-14,112.44776153564453,112.95112850054495,110.16980015134723,111.17653408114806,4482300
2019-01-15,111.50074768066406,113.56541674625855,110.53666177537161,112.71224706535159,3224100
2019-01-16,112.32830810546875,113.06203445244942,111.11680888479543,111.56044768560464,3636900
2019-01-17,114.7854232788086,115.94573436479654,110.1953800422539,111.31303004791127,6878500
2019-01-18,117.292724609375,118.25441767653759,114.76826720598783,116.00473720781709,6122400
2019-01-22,113.54898071289062,115.86735555155973,112.63021002343653,115.85876058304278,5188700
2019-01-23,113.18834686279297,114.62230469547534,111.75437592802432,114.23589796696815,3123600
2019-01-24,113.96969604492188,114.19295555604113,112.65595008365844,112.836274065556,3943600
2019-01-25,117.5159683227539,117.54172702202214,114.96575227851775,115.7213757292796,6417400
2019-01-28,106.79134368896484,109.73654215607148,105.74377943083311,109.04102442261483,17421400
2019-01-29,108.64602661132812,110.2431314699303,107.85606259876259,107.85606259876259,8550800
2019-01-30,111.72003173828125,112.7847727451375,108.45712758367031,109.84815638557048,7181600
2019-01-31,114.33892059326172,114.49347276882146,110.8012401616995,111.90033463026336,6643300
2019-02-01,112.40695190429688,114.9399910594616,111.72002270067132,114.22730315713251,5646700
2019-02-04,112.38119506835938,112.75041182395321,111.71144268679635,112.38119506835938,4541700
2019-02-05,113.34288787841797,113.42875894340227,112.14077158114752,112.16653028022581,3614500
2019-02-06,112.0892333984375,113.42875116912481,111.93468121456056,112.71606330527379,3098200
2019-02-07,110.57801818847656,112.00339415432242,109.35872493764853,111.01592921804239,3682100
2019-02-08,110.42345428466797,110.42345428466797,108.66320228213701,109.46175470289383,3135000
2019-02-11,110.70682525634766,111.68570844601493,110.50075561817592,110.72400209355793,2648100
2019-02-12,113.918212890625,114.68241837296313,111.62559644361063,111.8488429197462,4505600
2019-02-13,114.28742218017578,115.32639136063825,113.72928643755276,115.23193842586116,3189600
2019-02-14,113.87525177001953,114.41621065471276,112.71607100550045,113.15398199181855,2877500
2019-02-15,116.9492416381836,116.99217716765276,114.78541935336163,115.14606731923534,5217500
2019-02-19,116.60578155517578,117.61899190198567,115.91885240200638,116.2193880009192,3881300
2019-02-20,120.47834777832031,120.8046421352839,117.06947317158755,117.11240870835954,6199000
2019-02-21,119.25045776367188,121.05363216407942,118.84688735218157,119.99748622226325,4051100
2019-02-22,119.07868194580078,119.94593488778926,118.43468846313493,119.16455298432194,3485000
2019-02-25,121.42284393310547,122.40171363389318,120.36668504645561,121.0622091067187,4444100
2019-02-26,118.4776611328125,119.37925491166888,116.15070462296038,117.23260929633702,7275600
2019-02-27,119.85152435302734,119.90304175351874,117.75639605247316,118.37463106254113,3441000
2019-02-28,117.92813873291016,119.35351478782682,117.75640967737387,118.9671211373484,4024000
2019-03-01,118.03974914550781,119.78282432224538,117.58466132707396,119.23328357345252,3811000
2019-03-04,118.7953872680664,120.01468054567991,117.72206433684819,119.18178090288765,3859800
2019-03-05,117.75639343261719,118.88982862655355,117.63618180011653,118.54635746077649,3122900
2019-03-06,115.77291107177734,118.20291586203315,115.68703999285044,118.09986794690343,3886000
2019-03-07,114.02982330322266,115.75572174590282,113.01659970997461,115.38650497094608,4290800
2019-03-08,112.7847900390625,113.45454256640073,111.82308368789158,112.05492513261262,4238000
2019-03-11,114.29598236083984,114.54498744959814,112.99941332224829,113.26559524191224,3914800
2019-03-12,113.75506591796875,114.52786637152147,113.27421929020507,114.40765471458054,4208800
2019-03-13,114.63085174560547,115.32636268233553,113.93534080887541,115.0430039484673,4285200
2019-03-14,114.79401397705078,115.1203082775393,113.3600563912427,114.06414928451092,3742200
2019-03-15,113.918212890625,115.51531810228634,113.32573647470562,114.94860039122537,7049900
2019-03-18,115.14607238769531,115.23193034832883,113.797972695111,113.94394302006417,4095400
2019-03-19,115.18901824951172,116.52853634915205,114.63947740174414,116.21941880340233,3315900
2019-03-20,114.21012115478516,115.18899096747008,113.39439849456176,114.91422715970663,3522100
2019-03-21,115.1117172241211,115.57539999343106,113.35146527797743,113.48027187037884,2635700
2019-03-22,111.42807006835938,114.4591322427496,111.18764683824958,114.19295031670542,5745800
2019-03-25,112.81051635742188,113.34288023860296,110.964393401376,111.27351087156464,3199800
2019-03-26,113.20552062988281,114.68241413020348,112.59588050133718,113.93538551277047,2638200
2019-03-27,112.65596008300781,113.74645973202877,111.84023736372778,113.57473070198326,2378300
2019-03-28,113.66060638427734,114.02983630341456,112.62163707418392,113.2570358946118,2487200
2019-03-29,116.33964538574219,117.01797983876165,114.73394507436574,115.06023949844771,4681600
2019-04-01,120.4267807006836,120.52981546476695,117.05226115614454,118.22861838636591,5081500
2019-04-02,120.37532806396484,120.80465728133994,119.55101020168595,120.34097438940559,2529000
2019-04-03,119.57674407958984,120.6844205676069,118.84689242283947,120.0833624084933,4821800
2019-04-04,120.32379150390625,120.95919025915731,119.35350343439798,119.47371507204704,2988900
2019-04-05,120.52124786376953,121.19958197772438,120.14343621464735,121.1566595556643,2812300
2019-04-08,120.0575942993164,120.31518127440127,119.01861212549876,120.21214648436732,2497300
2019-04-09,117.07808685302734,119.27625042539294,116.83766353118037,119.05299083932907,3316500
2019-04-10,118.09125518798828,118.67514954735687,117.01793249261132,117.77355586282347,3310600
2019-04-11,119.24188232421875,119.86011739191589,117.61901854703545,118.14280067099868,2762900
2019-04-12,121.2425308227539,121.86076575250051,120.0489964921205,121.07080180939847,4383000
2019-04-15,120.4267807006836,122.29864879262944,119.92875750414585,121.64607344996665,3030200
2019-04-16,121.95524597167969,122.10981128975372,119.86011747438526,120.69301713277012,2672800
2019-04-17,122.56491088867188,124.07614503182334,122.32448757276342,122.78815736713314,3469400
2019-04-18,123.8434066772461,125.06145673444182,123.03137330578228,123.35964548101335,4504500
2019-04-22,122.99678039550781,123.68786003812933,122.17610025227107,123.48917529995062,3637500
2019-04-23,122.69447326660156,123.64472793548049,122.18479720852314,122.66855842849618,5930500
2019-04-24,118.9798583984375,121.19999284266846,117.96914017593116,120.72486551204467,8694400
2019-04-25,117.59768676757812,118.74662626011187,115.83539868072009,118.39243922932607,5094700
2019-04-26,120.1028823852539,120.1028823852539,117.39035285424687,117.96913953330679,5119200
2019-04-29,120.09420776367188,121.32952521603814,119.92143784340037,120.5088582086235,3374300
2019-04-30,120.43981170654297,120.94085396905274,118.85030650365425,120.93222008196891,3862000
2019-05-01,119.34268188476562,120.88035714685844,118.90211644950469,120.57801297103401,3652000
2019-05-02,116.76836395263672,119.67957813990424,116.08591796014659,119.66231037002106,5405700
2019-05-03,120.12879180908203,120.24973210699473,117.31260305396981,117.58903237141146,4154800
2019-05-06,118.14189147949219,118.77252091931206,116.02542990293189,116.43144654114374,4866500
2019-05-07,115.47254180908203,117.48534376567103,114.0817221387137,116.79425087192578,5622900
2019-05-08,113.98674011230469,116.12048314931135,113.84851884461467,114.9110800107878,4140500
2019-05-09,113.33882141113281,113.75347195463182,110.72995149604937,112.4922393735506,5906200
2019-05-10,113.4597396850586,113.7966456578059,110.50533042062064,112.7600129094681,5240600
2019-05-13,108.24202728271484,110.15979744253373,107.18811345829343,110.15116355861304,8580700
2019-05-14,110.11663055419922,111.05823817085812,108.58758917439668,109.2786822915931,4019100
2019-05-15,109.96976470947266,110.53991087354878,107.9656027734974,108.76899564300375,2875900
2019-05-16,109.3736801147461,111.03229526788395,109.20954405797958,110.94590370700637,4316600
2019-05-17,106.04782104492188,108.44071859450773,105.66771922548888,107.44727485146791,6122600
2019-05-20,105.76275634765625,106.28107287358337,104.79522733270734,105.01119310107299,6312500
2019-05-21,107.93968200683594,108.04334794218907,106.01327115780745,106.54022812870356,5492900
2019-05-22,106.73892211914062,108.36298895901707,106.70436680438236,107.334989764904,4620400
2019-05-23,105.61588287353516,106.91167725879761,104.88160070670332,105.47766164221332,4964900
2019-05-24,106.16876220703125,107.18812079327222,105.57269463815896,106.70435303981363,3802500
2019-05-28,105.0370864868164,106.65251247694049,104.96798246402433,106.16875136364166,4889400
2019-05-29,104.94210052490234,106.10831448328872,103.88818640565958,104.095511720522,5330000
2019-05-30,105.25308227539062,105.97873074336275,104.76932102391105,105.05439744314126,2878300
2019-05-31,103.49944305419922,104.31147653335486,102.57510973695406,103.48216869093655,4711500
2019-06-03,104.22506713867188,105.12348540534606,103.45622963377065,103.5858103955436,4161800
2019-06-04,105.46040344238281,106.05646446922165,104.31146399629529,105.22715672647676,4060400
2019-06-05,106.35881805419922,106.80802392745225,105.35673378122821,106.60069864677791,3598400
2019-06-06,106.59205627441406,107.07581745096341,105.5899786100259,106.34153521062909,3295700
2019-06-07,107.5163803100586,108.52709836421042,107.18811476678525,107.44726969334279,2547500
2019-06-10,108.62214660644531,109.9524965989887,108.19021504746703,108.38890646452816,3705000
2019-06-11,109.95248413085938,111.95665266437709,109.67604822809,111.43832957977668,4516200
2019-06-12,109.79698944091797,110.15981033056795,108.91585205308914,109.49463869954297,3034600
2019-06-13,109.85743713378906,110.91998474925289,109.50325679221795,110.01293271053383,3495200
2019-06-14,109.90928649902344,110.2721073577966,108.41480068919401,109.37368909505975,2530100
2019-06-17,109.98703002929688,110.77314188302489,109.43415827107572,109.89200457796969,2607900
2019-06-18,112.5872802734375,113.46842433305724,110.75589470538915,110.92001762319138,4756100
2019-06-19,112.82916259765625,113.63254897190022,112.18989914370027,112.57864809279134,3847200
2019-06-20,115.43804168701172,115.58489684675398,113.60664277047724,114.80741207096385,3803600
2019-06-21,115.6626205444336,116.83747479234131,114.50504724794467,115.19614030815576,5742500
2019-06-24,116.07727813720703,116.5783203066639,115.36891726418494,115.44666177802189,3197700
2019-06-25,115.50714111328125,116.54377419888667,114.57416738178492,116.25869779358183,3751800
2019-06-26,116.7510757446289,117.18300723192905,115.91312760474639,115.98223822449476,3343700
2019-06-27,117.05345916748047,117.49402463745508,115.73174957605079,117.22622916463683,3594400
2019-06-28,117.7358627319336,118.58245782068583,117.48534830379333,117.48534830379333,10469400
2019-07-01,118.00370025634766,121.08768455197986,116.59559923867985,120.33612790157032,4834800
2019-07-02,117.35577392578125,118.34057705155489,116.68196195454144,118.00367106593498,3204900
2019-07-03,117.13118743896484,117.90002502392718,116.04272474453063,117.86547630189132,2538600
2019-07-05,117.04483032226562,117.1312087338112,115.08385715724192,116.12912425303635,3071800
2019-07-08,116.48330688476562,117.59769775767519,116.12911982087928,116.7511023588972,2742100
2019-07-09,116.00814819335938,116.13773554301575,115.19612810375696,115.85265919157456,2618700
2019-07-10,114.58277130126953,117.04478576952229,114.5050268060198,116.38824154785415,3933300
2019-07-11,115.72307586669922,115.76625846499877,114.53957477136156,115.06653164932908,3164200
2019-07-12,119.52410125732422,119.54138221046567,116.27598068649777,116.37100615651822,4149800
2019-07-15,120.62980651855469,120.93216378532601,119.43767158060027,119.54134408487948,4498700
2019-07-16,120.15469360351562,121.47640285206269,119.35130739347825,120.43113607245478,4051600
2019-07-17,117.25212860107422,119.65366683611013,117.25212860107422,119.38587139847365,3750200
2019-07-18,116.52647399902344,117.42488567642027,115.79218521135572,116.50919304902465,3548200
2019-07-19,118.5895767211914,119.30340131590012,116.83985635671071,116.83985635671071,4837100
2019-07-22,117.72776794433594,118.96389045339208,117.170642119368,118.71143513476106,3267800
2019-07-23,120.21744537353516,120.33060264967206,117.98022812911834,118.32842684218946,4122200
2019-07-24,114.8290023803711,116.9182215237365,111.81703127770574,114.01942099633833,12664900
2019-07-25,117.26640319824219,117.43178893388844,114.04550570226219,114.10644777560128,4823200
2019-07-26,115.70820617675781,117.28382740437024,115.45576408073039,117.04008562788492,4238000
2019-07-29,117.04879760742188,117.21418337401258,115.64727577059878,116.20440172097335,2715600
2019-07-30,115.73431396484375,116.27403925376322,114.46337667017211,116.05641173097001,3257200
2019-07-31,114.62007141113281,116.97044619142464,114.04553151643698,115.69079519093435,4322000
2019-08-01,110.37197875976562,115.9432448483856,110.04988762488176,114.59395150765786,5530100
2019-08-02,108.41331481933594,110.38066925394618,107.50798363386454,110.16304175671164,5968600
2019-08-05,105.89754486083984,106.90733302665984,104.74847190444366,106.29797867154987,5482500
2019-08-06,106.27188110351562,107.63858177846984,105.01834435755721,106.88123555420907,3713900
2019-08-07,105.14018249511719,105.50579505164004,103.28599883721131,104.46118584972808,5048700
2019-08-08,106.2196273803711,106.2892697743898,104.78329119215488,105.33171010175757,3734800
2019-08-09,103.9215087890625,105.9410922554995,103.42531822399074,105.77569982811957,3805600
2019-08-12,101.60594177246094,103.61681801456444,101.04010886893327,103.54717561135317,4321500
2019-08-13,103.59941864013672,106.20224222522657,101.66688497307597,101.79746282869519,4331900
2019-08-14,100.29146575927734,101.7626299232586,100.14348063927558,101.48406696265211,5543100
2019-08-15,100.32628631591797,100.63096351439786,99.2120344806402,100.17830119686558,4171900
2019-08-16,101.35348510742188,102.60702170123078,100.90952312353713,101.19679303319576,3551900
2019-08-19,102.16305541992188,103.14672934140204,101.59722258449204,102.91169456068175,2630900
2019-08-20,101.56240844726562,102.53738211826635,101.38830908955272,102.36327611908865,2402000
2019-08-21,102.44163513183594,103.86927125229072,102.31976424166044,102.72019811530357,2783000
2019-08-22,102.62443542480469,103.53847368876984,102.04119525023816,103.00746199507046,2118200
2019-08-23,99.2903823852539,101.76263458517634,98.64620675461528,101.19680167761065,6102000
2019-08-26,99.60376739501953,100.69190505658406,99.09886992610193,100.16089334642335,5200400
2019-08-27,98.69843292236328,100.50909552753066,98.4982193182281,100.24794648194585,3160700
2019-08-28,99.9867935180664,100.06513624143604,97.27950649720722,98.2457732675571,3187900
2019-08-29,102.51996612548828,102.83335027620923,101.40571431913139,101.51888487667568,3442900
2019-08-30,103.5906982421875,104.10429599514904,103.11191504750745,103.60810552132826,2912000
2019-09-03,101.87580108642578,102.63314730260906,100.4568719426787,102.63314730260906,3780600
2019-09-04,103.67774200439453,103.79961287581942,102.94651677584524,103.0857949254175,3688400
2019-09-05,107.06403350830078,108.15217111469065,104.89646525598235,104.89646525598235,5355100
2019-09-06,106.81159973144531,108.23923593946279,106.602679141397,107.69081690003628,3315700
2019-09-09,110.77240753173828,110.89427841145798,107.24683905587109,107.41223809611846,4433300
2019-09-10,113.41875457763672,113.41875457763672,110.74629548970367,110.78111669052386,8479700
2019-09-11,115.85620880126953,115.94326514155894,112.70496587019547,113.90627429493976,7592600
2019-09-12,114.68968200683594,115.50796345723846,113.2272317164438,114.90730948692482,5594600
2019-09-13,116.45683288574219,116.63964583988238,114.14998657712287,115.60373675992267,3704900
2019-09-16,115.90840911865234,116.47424862713085,114.89862754457678,115.76913760414737,2876500
2019-09-17,115.0552978515625,115.56889553127623,114.20220182457203,115.42091043455842,2888900
2019-09-18,114.0977554321289,115.09883664840552,112.92256158438776,114.58523892120026,3005700
2019-09-19,113.27075958251953,114.93343690907244,113.05313207746063,114.44595342300912,2725700
2019-09-20,111.56459045410156,114.0281359148085,111.3121416990483,113.1750263548363,6412300
2019-09-23,111.7909164428711,112.19135697274429,109.9802536628378,110.85076384845392,2723500
2019-09-24,109.67555236816406,112.29578931171403,109.3099397643564,112.0694614949555,3370700
2019-09-25,110.21525573730469,110.3980620139667,108.83114158334476,109.55366637310172,2354100
2019-09-26,110.02377319335938,110.4851424928903,109.3795975661727,110.37197856856965,2227400
2019-09-27,110.19786834716797,110.8855721105132,109.38830034484316,110.554780669516,2214300
2019-09-30,109.9541015625,110.64180516933497,109.57978204590536,109.9802157964428,2795300
2019-10-01,106.52429962158203,111.86052295611007,106.46336419380145,110.90296338750223,3718200
2019-10-02,104.4264144897461,106.07167842068206,103.88669571437528,105.4623238690267,4255800
2019-10-03,104.49602508544922,104.51343236385271,102.0673012980966,103.88666407789533,3110200
2019-10-04,105.36653137207031,105.46228800354658,103.89536734435703,104.2174584358194,2442300
2019-10-07,104.67881774902344,105.94105447485865,104.24356278956803,105.2011223720772,2334500
2019-10-08,102.6940689086914,103.76479252227331,102.4503271638586,103.40788686490082,3530000
2019-10-09,103.97371673583984,104.51342868639578,102.72018020803259,104.01723825104945,2557300
2019-10-10,106.80288696289062,107.0988572108403,104.25229208826444,104.49603385515596,3242900
2019-10-11,111.77350616455078,113.49712595198353,109.16198216401376,109.34478851197805,6747800
2019-10-14,111.75608825683594,111.91277369533982,109.69297697749197,110.38938105621361,2851500
2019-10-15,114.06290435791016,114.62873044612375,111.12058346163974,111.41655362215374,3289000
2019-10-16,113.33170318603516,115.61243521923096,113.26206078952694,114.03681418665346,3038300
2019-10-17,114.96826171875,115.6559587721257,113.3229850722484,114.01069540855252,3418300
2019-10-18,114.67875671386719,115.83685510848372,114.0470618123173,114.18742804473264,4329200
2019-10-21,116.01231384277344,117.08268493161785,115.37185028546043,115.76665622113731,4225200
2019-10-22,117.29325103759766,117.79333497206527,114.88053180307776,116.32815798885532,4681600
2019-10-23,118.74085998535156,119.31114702675819,114.669945748862,117.76699837293987,11295900
2019-10-24,117.43363952636719,118.6970159030203,116.14393025790541,118.52154807742988,3916200
2019-10-25,122.59244537353516,122.81178347043988,118.31097482534273,118.44257232855156,8319500
2019-10-28,122.8819580078125,124.25940751123619,121.8379066542281,122.80299951569269,6174000
2019-10-29,123.99622344970703,124.10150145983147,121.75020331814608,122.2853888485052,4427900
2019-10-30,123.1276626586914,123.7067185970003,122.4871989988071,123.7067185970003,3948100
2019-10-31,120.89918518066406,123.12765478775452,119.66211486081257,122.2766217354315,4037600
2019-11-01,126.76866149902344,126.87393951005512,122.15377900120514,122.27660780985413,6220200
2019-11-04,128.900634765625,128.97082457595636,127.23367027910206,127.52319822646736,5437800
2019-11-05,128.41806030273438,129.84814892962254,127.80391632985848,128.8479677774148,4516700
2019-11-06,127.64602661132812,128.50582835710728,126.91782239238447,128.50582835710728,3736600
2019-11-07,128.97959899902344,130.2079006532605,128.75149214583877,129.31299726604092,3816700
2019-11-08,129.988525390625,130.0060627984746,127.91797334096256,128.67249688585653,2776600
2019-11-11,129.84820556640625,129.97980312251713,128.62868579286402,128.7427459330537,2205100
2019-11-12,128.3917694091797,130.26053463125234,128.11102355359998,129.94468717663918,2843100
2019-11-13,126.76866149902344,127.9706300827555,126.06677685502798,126.65460139551504,3194400
2019-11-14,125.84744262695312,127.51440699400305,125.64565530379869,126.52300778905371,2581700
2019-11-15,127.48811340332031,127.98821084748563,126.78622859498579,126.83009890563281,2827400
2019-11-18,125.97904968261719,127.02310136108913,125.47896568957572,126.54933687361101,2638600
2019-11-19,125.61932373046875,127.00554227819161,125.25083728927709,126.64583792983998,2085100
2019-11-20,124.16289520263672,125.19816444033992,122.91705660373977,124.978826376013,3484700
2019-11-21,125.77726745605469,126.28613356319043,123.66284450761258,124.18926141494971,3297700
2019-11-22,126.2334976196289,126.7423637391391,125.48774254732263,126.2685858335469,2258300
2019-11-25,128.46194458007812,128.5935554804485,126.16328543683822,126.99676758983975,3085200
2019-11-26,128.1724395751953,128.66375489479532,127.64603604162606,128.44441674230686,2468100
2019-11-27,127.82152557373047,127.84784508550766,126.07558876424599,127.23370083180531,2660200
2019-11-29,126.9792251586914,127.61970213055412,126.1545116564417,126.50546069321652,1652500
2019-12-02,125.42632293701172,128.12855693471883,125.32103153056156,127.39158402625326,2896200
2019-12-03,122.8819580078125,123.2065740669718,121.56592958981537,122.87318930446587,3839600
2019-12-04,122.93460083007812,124.82968502395669,122.82932283730723,123.68912434871493,2484600
2019-12-05,123.75060272216797,123.81201045059967,122.41702285128851,123.3382458764838,2277700
2019-12-06,125.21575927734375,125.82990339601164,124.73321268862692,125.38245840684026,2271400
2019-12-09,125.31224822998047,125.70705414300957,124.90866022482335,125.43507703375253,1585100
2019-12-10,125.34733581542969,125.97903062808064,124.36470539012176,125.1894188059347,1888900
2019-12-11,126.33878326416016,126.88273763037675,125.71585698402568,126.13699590045711,2265700
2019-12-12,128.77781677246094,129.32177111409467,125.46142493264115,125.93518945804172,3714100
2019-12-13,127.68112182617188,130.19911948488047,127.34772355678479,128.79536336806703,3311700
2019-12-16,127.53195190429688,130.1113702338345,127.41789180253195,129.5937355043928,2414800
2019-12-17,128.41806030273438,128.9620278678541,127.61967983166299,127.65476803554108,2850800
2019-12-18,129.0760955810547,129.2340259925493,127.74252941926555,128.5321413147285,2629500
2019-12-19,127.23367309570312,128.95327663120747,126.6019781760744,128.95327663120747,3576800
2019-12-20,129.47093200683594,129.64639985261945,127.42669880447859,129.30423286777312,6805400
2019-12-23,130.28683471679688,130.3131542184801,128.77778747939325,129.56739930456084,2346500
2019-12-24,129.39195251464844,130.55006432616383,129.22525338535416,130.4623237147444,966200
2019-12-26,130.04119873046875,130.0499674367092,128.96205882003005,129.76043948272073,1576900
2019-12-27,130.09381103515625,130.66408473248143,129.83938473303724,130.40965843036244,1544500
2019-12-30,129.42703247070312,130.2605145904577,128.9795741695631,130.21664429208417,1789200
2019-12-31,129.56739807128906,130.04994457644753,128.7865549583364,129.34805996779298,1952500
2020-01-02,132.06787109375,132.08542189224943,129.83061953552746,130.72552283628383,3311900
2020-01-03,130.23419189453125,131.56777128582993,129.36560820244824,130.52371979189226,3100600
2020-01-06,130.14646911621094,130.33948774087472,128.56723190866055,129.2077088847435,2549600
2020-01-07,128.42686462402344,129.470916252298,127.66355883737253,129.27789762922185,2841900
2020-01-08,129.56739807128906,130.34825457157714,128.49704044257672,128.8216565518036,2153200
2020-01-09,129.24278259277344,129.82183840178945,128.54089798069364,129.6814588019064,2272500
2020-01-10,128.20753479003906,129.60252215741528,127.94432634269657,129.36563321607323,2393700
2020-01-13,128.81288146972656,128.82165017399151,127.69864021067731,128.5584417853603,3355200
2020-01-14,128.6900634765625,129.83062445013869,128.36544732238718,129.3656286773275,2742200
2020-01-15,127.7162094116211,128.74271022660986,127.39157988434873,128.28648317972485,2640500
2020-01-16,129.73410034179688,129.78673934594843,128.3040249754485,128.4707106928165,3070900
2020-01-17,130.56460571289062,130.9975288049233,129.52207438436105,130.06101395556865,3331500
2020-01-21,128.85946655273438,130.64414050440635,128.71810223540095,130.0521925919714,2476700
2020-01-22,126.01457977294922,129.48675504179423,125.91739348525606,129.21287008954363,3602400
2020-01-23,126.12055969238281,126.52697863609689,123.5142180727462,125.29006138049236,3182700
2020-01-24,124.02667236328125,126.0764008557732,123.03713571195628,125.94388024593785,2526200
2020-01-27,119.9183578491211,121.75605336046513,119.77700702612698,120.95205904651922,2920500
2020-01-28,120.81071472167969,121.57053104626544,119.82117802004345,121.05809552677805,2763800
2020-01-29,119.96253967285156,121.71187917905576,119.86535339577118,121.56168465652108,2620000
2020-01-30,119.60028076171875,120.13039009929456,117.42686213638693,119.06134121163817,3862600
2020-01-31,116.04859924316406,119.26456278169462,115.33294756095398,118.23086166015706,6785700
2020-02-03,114.65266418457031,117.6477512525434,114.23741497173624,116.12811870371273,4385300
2020-02-04,117.95696258544922,119.07901975430308,117.22365048178824,117.50637906783435,3501600
2020-02-05,121.42915344238281,121.4556575627962,119.66214018153612,119.75932645013235,4448100
2020-02-06,121.26131439208984,122.21550340177696,120.27179104037488,122.1006431980084,2283800
2020-02-07,117.83330535888672,120.58985592359437,117.50641213536561,120.19226705242626,3812300
2020-02-10,118.672607421875,118.6814376342145,117.31199977213961,117.54170662412861,2331600
2020-02-11,120.32476043701172,121.24360132670088,119.3263937112635,119.70630854190938,2381900
2020-02-12,123.32866668701172,123.63789934845839,122.00340696293576,122.27729181557987,3222000
2020-02-13,123.44355010986328,124.13268421776866,122.30381898285253,123.69093089315027,3318800
2020-02-14,121.91510009765625,123.35520691887675,120.94323728963003,123.24036020974128,2813400
2020-02-18,120.66935729980469,122.42754064043918,119.34409713343273,121.44684757807417,3869700
2020-02-19,120.91670989990234,121.22594259238556,120.209901946541,120.85485796890954,2134900
2020-02-20,120.97856903076172,122.71024813846299,120.33361289813888,120.38662114448559,2678200
2020-02-21,121.22596740722656,121.42917018549473,119.37059783501566,120.59867168138591,2855600
2020-02-24,116.7730484008789,118.26617649062646,116.66703193858544,117.09111126899813,4964800
2020-02-25,113.97235870361328,117.63007572275865,113.30972871115041,117.47988120888273,4840200
2020-02-26,113.30972290039062,115.7305358686243,112.69127096872246,114.54662676372695,3902500
2020-02-27,108.90985107421875,113.5570974837866,108.86567979043309,110.96842298411826,7369000
2020-02-28,109.7668685913086,109.7668685913086,105.16379957408898,105.64089399257787,8300700
2020-03-02,112.73543548583984,112.9828162436534,108.68014361892453,110.48249780664915,6100200
2020-03-03,109.89055633544922,114.46712112016922,109.36045368568593,112.20534621951471,6358100
2020-03-04,112.5587387084961,112.59407978027802,109.82869989376958,111.38367334907304,5074700
2020-03-05,107.76128387451172,110.30578004961473,107.11632119361839,108.803821765677,6015300
2020-03-06,107.26654052734375,107.65527885129461,104.98709186064531,105.13728636627678,5767900
2020-03-09,91.94651794433594,99.82739402879281,91.91117687670732,99.82739402879281,8636200
2020-03-10,94.08463287353516,96.3552449744196,87.56435541908552,95.98417375340853,8293200
2020-03-11,88.96029663085938,92.54733187145581,88.41252002036639,91.70800315693705,6543600
2020-03-12,81.51232147216797,83.29700185293797,77.30682813428892,82.60786777778301,10285900
2020-03-13,88.0326156616211,88.2711662687081,79.63930119044211,86.92823217857122,8718600
2020-03-16,82.52836608886719,93.5191851204455,78.19034485090623,78.63209821164581,9899000
2020-03-17,88.52734375,88.73939015162014,82.13959587997265,84.82545630158741,7206100
2020-03-18,88.4566879272461,90.95700661546861,82.26330444419345,83.04078786695618,6995100
2020-03-19,91.0100326538086,92.23810650311671,85.92103186133151,87.6703782008342,6870800
2020-03-20,84.37488555908203,91.87585517324334,83.19098987678768,91.10720869733072,7650300
2020-03-23,81.15007781982422,85.02867115697408,80.08103566959993,82.96126900049578,6737500
2020-03-24,89.53456115722656,90.14418290600517,84.08332671514617,84.86964709862715,7417100
2020-03-25,92.47663116455078,95.86046294907338,87.02539723948136,89.38435816619358,6578100
2020-03-26,97.62748718261719,98.04273639664441,90.90400087450129,92.63567314144514,6059600
2020-03-27,93.15692138671875,96.86764574628316,91.35456743645001,92.26457799306675,5746500
2020-03-30,98.69654083251953,99.69490105968475,92.70636598828467,93.94327681897954,5725600
2020-03-31,102.5221176147461,103.29077086540545,97.41545000022637,97.83069922504392,8970800
2020-04-01,98.37844848632812,103.14938498583098,96.74396279185004,99.03224141599541,6847000
2020-04-02,103.14055633544922,104.71319697047255,98.18408387886161,98.2724399294209,8106500
2020-04-03,101.31168365478516,103.2288910458566,99.05874623717924,102.04499563074607,5036400
2020-04-06,106.40068817138672,107.54924931878705,104.36862052309989,106.05612117529056,5785600
2020-04-07,107.71710968017578,113.79563864746727,106.47136903396861,108.57411205427027,8489900
2020-04-08,112.5587387084961,113.2478660160728,106.93963636695474,108.66247148744705,4686100
2020-04-09,110.46483612060547,114.50246800950046,108.80384603395763,113.66312590131147,4752100
2020-04-13,100.84344482421875,106.06497217131727,100.34868327521117,105.97661611703401,10519600
2020-04-14,102.91084289550781,104.11240556694236,101.17033396448991,102.9285100601175,7166300
2020-04-15,98.53748321533203,99.92458821192542,97.00902067762222,99.80089783571607,5652800
2020-04-16,100.0306167602539,100.25149340678666,96.17852750547301,98.82021031063108,5926400
2020-04-17,103.69518280029297,103.90916922937488,101.51071447808208,102.04568395203984,4132300
2020-04-20,102.17942810058594,104.38172579255483,99.9682191258401,102.03677274858909,4083800
2020-04-21,97.94424438476562,99.00527207305475,96.82972178866564,99.00527207305475,5743300
2020-04-22,98.64860534667969,99.95036668331372,97.37359145903395,99.88795370150608,3794000
2020-04-23,100.6725845336914,102.74113787546858,98.92500739093542,99.26382656060474,3545400
2020-04-24,101.68011474609375,101.98326159257245,99.15683424273384,101.63553112631497,3045300
2020-04-27,102.71438598632812,103.54359095893022,97.83724147274934,98.83584923157841,5344800
2020-04-28,102.94620513916016,105.21091549232953,101.08272693504922,105.08608952662378,5604600
2020-04-29,107.04764556884766,107.72527709446102,103.90023539169671,104.28363137036553,4261100
2020-04-30,103.7665023803711,105.43383052123687,102.83030754392692,105.21092601696364,4040500
2020-05-01,98.86260223388672,102.17050422578542,98.58620282833222,101.64445286650356,3960400
2020-05-04,96.04510498046875,98.3276451910014,95.02866086780928,98.09582257508592,4500700
2020-05-05,97.10611724853516,99.04983791015708,96.95453702237212,97.40034601136915,3477400
2020-05-06,96.00050354003906,98.29196141128135,95.1356330356685,98.10472245711429,4465300
2020-05-07,95.66171264648438,98.12258065847776,95.20698548282647,97.20420824491191,4377900
2020-05-08,99.95930480957031,100.03954717262425,96.56224205682935,97.15962454569605,3911300
2020-05-11,96.83863067626953,98.76452200210333,96.45523466752638,98.22064128517069,4207300
2020-05-12,93.619873046875,97.48057992036144,93.619873046875,97.28442290748158,3874100
2020-05-13,93.15625,93.87845839053736,91.43542701806716,93.74471433238091,5376100
2020-05-14,94.680908203125,94.76115054996119,89.35794818283657,91.39083593274465,5542400
2020-05-15,96.22340393066406,96.28581691272834,92.97791525831252,93.78037274378512,6583100
2020-05-18,102.55389404296875,103.1245357916498,99.87012890009628,100.0573678540754,5603500
2020-05-19,99.93253326416016,102.92836987440297,99.87012028488445,102.4914722169685,3404900
2020-05-20,103.15129089355469,104.7472879653916,100.79741986534415,101.02923565270177,3735700
2020-05-21,101.69793701171875,103.1423604801313,101.48395061723332,102.49147641033603,2342300
2020-05-22,100.28028869628906,101.78712546060179,99.38867059717029,101.76037120352296,2735100
2020-05-26,104.68484497070312,105.71019995763575,103.4098312956657,103.4098312956657,4185100
2020-05-27,109.15187072753906,109.21428371360916,106.57509532727939,106.74450491911479,4462700
2020-05-28,107.65393829345703,111.3006588707665,107.24379489498902,111.22932780951005,3743700
2020-05-29,107.11006164550781,107.62720168795468,104.82752187540451,106.66425267150294,4219000
2020-06-01,107.43995666503906,108.0640864723818,104.86318148507378,106.86932175475293,2131300
2020-06-02,109.9543228149414,110.40013177977697,108.13542142211175,108.63472528592598,2977500
2020-06-03,113.31571960449219,113.54754217129225,111.46115947760656,111.85346674160863,3712600
2020-06-04,114.9830322265625,115.04543839511025,111.22039739137851,111.81778646001764,3076700
2020-06-05,120.47541046142578,124.26478666749351,118.93291525047627,122.90953720822468,5591900
2020-06-08,122.79361724853516,124.77301005836706,120.65373974845117,120.65373974845117,4139200
2020-06-09,119.64620208740234,120.73397695843165,118.77242039928345,120.38624653933269,3819600
2020-06-10,118.08587646484375,120.7072352590331,116.40963046474785,119.22714628469349,4018700
2020-06-11,108.37616729736328,113.09282038650993,108.34941304407916,112.70943118867284,5969300
2020-06-12,109.80277252197266,111.6038381260779,106.41462095473713,110.91729516875982,4492700
2020-06-15,110.21289825439453,110.8994411009237,105.21983896303014,105.66564794980384,4093100
2020-06-16,116.00840759277344,118.08587896961544,112.69158785691519,117.13184126910876,6892400
2020-06-17,114.33216094970703,116.32938996870215,113.91310624552533,116.05299059301734,3228100
2020-06-18,113.76152801513672,115.00087638918752,112.96798860448563,113.36030266907895,2467700
2020-06-19,113.6456298828125,115.91034042746517,112.10313454652702,115.91034042746517,6488000
2020-06-22,112.15663146972656,112.77185007987651,111.09560384990402,112.66485346865306,2806300
2020-06-23,112.5667724609375,113.74370794842886,112.19229453366877,113.58321643638433,2357100
2020-06-24,108.83089447021484,111.30959150305517,108.62582613289663,111.26501468309742,3766500
2020-06-25,111.19367980957031,111.30067641832399,107.70745697170554,108.42966537390271,2903400
2020-06-26,109.12511444091797,110.95293386033879,108.28699143654875,110.85485534695495,3645800
2020-06-29,111.6751480102539,112.3795270056212,109.91865956392735,110.31097363793067,2798700
2020-06-30,112.78966522216797,113.2889690732274,110.56953853870172,110.56953853870172,2778800
2020-07-01,112.3973617553711,115.37536257975644,112.23687024490985,115.35754001554636,2807800
2020-07-02,113.87744140625,116.21347599433781,113.40488499881253,114.34999781368745,2527500
2020-07-06,115.4021224975586,116.3561603812823,114.27868860547478,116.02626604261746,2491900
2020-07-07,113.4137954711914,114.7958059531831,113.05715374906886,113.8952699590626,2018100
2020-07-08,114.24301147460938,115.31295028599796,112.76292242293329,115.31295028599796,2279500
2020-07-09,112.10311889648438,114.43916018788074,111.559231446207,113.71694508033767,2663500
2020-07-10,114.1360092163086,114.33216625428449,112.18337052578752,112.31711457918064,2691400
2020-07-13,116.41856384277344,117.77381334956925,114.88497985954781,115.39319502334364,3708400
2020-07-14,122.04468536376953,122.42807460217126,115.22379898825672,116.19567302108952,6540800
2020-07-15,123.36426544189453,124.97809182439337,122.24974295618972,124.97809182439337,4915200
2020-07-16,123.54258728027344,125.70922608395456,122.68664162339543,123.31077149924626,3621500
2020-07-17,122.97660827636719,124.35099884564058,122.64424343619824,123.84795572314798,2458200
2020-07-20,120.93754577636719,123.0215845228408,120.60516707058503,121.95261052364332,2478000
2020-07-21,122.05142211914062,123.2281871941748,120.75787422670801,121.06330515629598,3221100
2020-07-22,123.04849243164062,123.84797473983946,121.44054979628311,121.49444532384045,2156800
2020-07-23,122.70720672607422,123.53363718332349,121.90772404516633,122.97668448948822,1613700
2020-07-24,123.5875015258789,124.58461011942295,122.93174962232895,123.2461448358848,2036300
2020-07-27,125.66258239746094,126.06681271295034,123.12040397275939,123.20124729447642,2506900
2020-07-28,123.99172973632812,125.7523949895083,123.89291668068687,124.80918195055114,2029900
2020-07-29,126.23743438720703,126.7314995317466,123.78509211490824,124.48576133556503,2338300
2020-07-30,122.82394409179688,124.95291382054597,122.14124442285446,124.9349440719969,3063500
2020-07-31,119.36551666259766,121.40463768516477,116.96706919711619,118.96127270095623,6780900
2020-08-03,118.37740325927734,119.47332508214713,117.76656877802101,118.84452084941141,2851100
2020-08-04,118.14383697509766,118.97026725306581,117.38028025931814,118.00908441571754,2301800
2020-08-05,121.24298095703125,122.11432894892833,119.12300239533923,119.27571103113796,2767800
2020-08-06,120.721923828125,121.45853266942592,120.10209778042072,120.83870662172164,2446400
2020-08-07,121.19805145263672,121.36872982487363,119.04214730425467,120.37162107219346,2223700
2020-08-10,127.57593536376953,127.70169619004363,121.88073127046563,121.92564878847111,5181600
2020-08-11,128.03404235839844,131.3307848339638,127.81844652775791,129.37250743985416,4206000
2020-08-12,128.0699920654297,129.50725659697244,126.95610074529063,129.30963049651388,2541200
2020-08-13,126.36323547363281,128.22271387234758,125.55477494795838,127.19865747660543,2939900
2020-08-14,125.72545623779297,126.56086455339444,124.65648229743186,125.26731671655085,2038500
2020-08-17,124.61156463623047,126.30036472208324,124.2342821353937,125.89612074334833,2284000
2020-08-18,124.29714965820312,125.86018883448365,124.03664998227413,124.8181627169633,1563200
2020-08-19,123.98275756835938,125.68951365702142,123.47971424567592,124.41393560110197,1849500
2020-08-20,123.49767303466797,123.9468208266108,121.85379047132888,122.1861691580605,2279700
2020-08-21,124.35104370117188,124.86307873284254,122.88683130722832,122.88683130722832,2524600
2020-08-24,127.27052307128906,127.78255817898275,124.93496256948875,125.54579704157521,2921700
2020-08-25,126.79440307617188,130.18995893571446,126.24644227836731,128.1598160604704,2467500
2020-08-26,127.4052505493164,127.95321134459054,125.59068982788219,126.19254615926504,2379900
2020-08-27,128.78860473632812,129.6599523548084,126.91117067461279,127.67472723328926,3010300
2020-08-28,129.02218627929688,131.01640337391802,128.1777863212445,129.606072868043,3698700
2020-08-31,127.83641815185547,128.99522691158577,127.80049236633758,128.90539188744071,2886500
2020-09-01,131.19602966308594,131.2589032057112,126.57879242719501,127.26149191216041,2673900
2020-09-02,134.08859252929688,134.34011420914698,131.51047475047818,131.93267479313442,4515500
2020-09-03,131.83387756347656,135.8223128329711,130.52237346197208,133.47776040870906,4479100
2020-09-04,133.10940551757812,135.44497903551098,131.18705391382724,133.57652296254471,5129400
2020-09-08,133.4148712158203,135.42704466079005,130.89964070270457,132.0494580160883,4775200
2020-09-09,137.16075134277344,139.6669899258406,134.03468662978042,134.56467772088422,5345100
2020-09-10,134.61856079101562,137.66378191111596,133.6214522628287,136.54989058465904,4387000
2020-09-11,138.18482971191406,138.69685113531006,134.95995142606031,135.17553362247773,3237100
2020-09-14,137.89732360839844,139.05613236445484,136.72955053961627,138.33749329427337,2569300
2020-09-15,133.48675537109375,138.75974709420097,133.27115945428474,138.51720340115403,4092400
2020-09-16,135.74142456054688,136.52293720756398,133.28009011912317,134.7443160733282,3302000
2020-09-17,138.2207489013672,140.3586969596661,133.98079228705728,134.6096102149598,4487000
2020-09-18,136.89126586914062,140.32276163878504,136.59482667645645,138.05006116153965,5113500
2020-09-21,130.54928588867188,134.29517645671666,129.23776843538235,133.4507764986003,4278200
2020-09-22,132.18421936035156,132.49862836805508,129.80374101141666,130.26186692755905,2579500
2020-09-23,129.69593811035156,133.76521655231122,128.99526855788864,132.4806465681927,2420100
2020-09-24,130.3786163330078,132.44469885134126,128.21372075532662,129.372529697396,2138800
2020-09-25,131.07028198242188,131.7799293004867,128.46521716031742,129.2557214797008,1848900
2020-09-28,132.6602783203125,135.02279996875043,132.4177483943003,132.9477394714557,2212700
2020-09-29,132.41775512695312,133.81909404277062,131.33980316916296,133.28011121042414,1605600
2020-09-30,133.98077392578125,135.59770863454602,132.71418763524244,132.94773954049097,3642800
2020-10-01,131.78887939453125,135.02273351180628,130.83667508021222,134.67239897309577,2157400
2020-10-02,134.6904296875,135.86719460135626,129.129978340132,129.59709583884265,3220500
2020-10-05,137.87936401367188,138.74171991013205,136.19954231772374,136.69360752241437,2597700
2020-10-06,136.1187286376953,139.64004567932014,135.89415474187558,138.33751982494636,2559800
2020-10-07,139.02919006347656,140.18798515818136,137.61885963345603,137.69072491398902,2334200
2020-10-08,140.7269744873047,140.78984804389722,138.55310105043804,139.90952230329205,1842900
2020-10-09,142.77513122558594,143.17936157886075,141.39174807022954,141.81394817675599,4084200
2020-10-12,146.07180786132812,146.6017988298034,143.29607851094133,143.70030867830553,4279800
2020-10-13,145.6316375732422,146.58382844994472,144.73334222436822,145.27232491645228,3319000
2020-10-14,146.97007751464844,148.0570207324645,145.97296929915984,146.11669982012504,4087100
2020-10-15,148.2546844482422,148.9194280579247,143.86201996716977,143.9698247487058,2958500
2020-10-16,151.58738708496094,153.1683824542951,149.6740130128794,150.23994364420574,5569000
2020-10-19,150.4914093017578,152.72816951524672,149.83565757596486,151.5783526370488,2757700
2020-10-20,151.80300903320312,153.842130588008,150.83284794446286,151.09334769003016,3007100
2020-10-21,150.3746337890625,153.17732455854767,149.78176928444555,152.53952883884426,2502000
2020-10-22,152.40480041503906,152.57547873365186,149.91651832626826,150.89565701979433,2356800
2020-10-23,152.36868286132812,154.23047253757557,151.43778802320438,153.07363208261356,2857300
2020-10-26,147.49728393554688,150.6062975772566,145.35532407487037,150.6062975772566,4506600
2020-10-27,142.71627807617188,146.27718283842952,141.9028656646951,145.47281707669808,4857900
2020-10-28,136.61572265625,140.47486277734313,136.03730259143032,139.00170714745894,5645100
2020-10-29,139.78805541992188,140.5472295068403,135.23299710778295,136.10966734766313,3867200
2020-10-30,141.9390106201172,142.1559095425225,138.31483483119828,139.14632666916282,4373500
2020-11-02,147.56056213378906,148.08475760135477,142.48129546767856,143.88216100109761,4072400
2020-11-03,151.55528259277344,152.73923540628653,147.37981204969654,149.12410557418508,4843600
2020-11-04,140.29415893554688,146.7562123300545,140.29415893554688,143.8640971878437,9081700
2020-11-05,147.39785766601562,149.08794000963834,142.43610147419076,142.49935906649938,4821600
2020-11-06,145.77105712890625,149.61213232629183,145.2920535604823,148.16608876165108,2983000
2020-11-09,154.3841094970703,159.40009056719646,153.75145081198738,157.28524315259605,5969600
2020-11-10,155.7217254638672,158.15290256345182,154.33893936027002,155.36020419423718,3499100
2020-11-11,153.1549835205078,156.11938892053067,151.35645143956742,155.794026679522,2345500
2020-11-12,152.85671997070312,154.63717238151932,151.5191121048045,152.5855824956899,2185500
2020-11-13,155.18849182128906,155.64941590991774,152.91095616736473,153.91415524666021,2120200
2020-11-16,156.5260467529297,158.16189038411724,155.2969023674625,158.16189038411724,3902400
2020-11-17,155.3692169189453,155.88436565356977,153.81471027554178,155.60419534992553,2110800
2020-11-18,156.11940002441406,158.50538536463708,155.48674121755877,155.48674121755877,3165100
2020-11-19,156.26397705078125,156.5803064183817,154.28470510788642,155.9024695940597,2012100
2020-11-20,155.65843200683594,156.46279775563892,154.82695389048197,155.8572652292928,2449800
2020-11-23,157.9630889892578,158.61381342965512,156.57127014156782,157.04122706692408,2403500
2020-11-24,159.87908935546875,161.16247240539445,158.40593352879176,159.29163635466566,3447000
2020-11-25,157.82754516601562,159.49953454606938,156.1555419953351,159.48146882500248,2506400
2020-11-27,158.23422241210938,158.99339630955657,157.14968630280984,157.6286898660057,976900
2020-11-30,156.88758850097656,158.05347555684415,155.83919757384965,156.90566801092714,2382600
2020-12-01,156.58935546875,159.5808872135281,156.3001522315955,158.51441666186773,2710200
2020-12-02,157.140625,157.63770802600962,155.70361444440962,156.58931724217544,1971000
2020-12-03,157.82754516601562,158.23424454004888,156.60743325328912,157.1406616279244,2903900
2020-12-04,164.67820739746094,166.12425105287707,158.72227053075594,158.99340802571703,6086200
2020-12-07,161.5149688720703,163.03331677951886,159.57182831618275,163.03331677951886,4587400
2020-12-08,161.63243103027344,163.34962575760053,160.42136599951982,160.5659744842551,2001600
2020-12-09,162.7440948486328,163.1146351323163,159.96947640671166,162.33738175747226,2915500
2020-12-10,161.6415252685547,162.2560908236775,160.09605093801997,161.9939999347288,3109400
2020-12-11,162.0391387939453,162.48199713010405,159.27356688433636,159.9604503274091,2673400
2020-12-14,160.91845703125,165.69042693930078,160.674431924979,163.22310488006,2533600
2020-12-15,164.2533721923828,165.1752200521326,161.7950836518078,162.61751492386443,2360300
2020-12-16,162.2289276123047,163.82862619163916,161.19861631168436,163.449039269371,2031800
2020-12-17,161.93067932128906,163.34057755751297,161.39745105334202,163.28635282390806,2296500
2020-12-18,163.5484619140625,163.85574460667618,160.3942565134121,162.74409616538296,5262700
2020-12-21,162.8253936767578,163.48515077768363,159.35487356838235,159.9152140822683,2071000
2020-12-22,159.5898895263672,162.82543200455132,159.49950577482952,162.03913197992148,2493300
2020-12-23,161.25283813476562,162.03912433165837,159.97850176760426,160.3761681906013,1862500
2020-12-24,162.28317260742188,162.54527723759054,161.18960357853015,162.18375598746576,585700
2020-12-28,161.20762634277344,163.69302738879225,161.1534016173598,163.11460733334366,1508800
2020-12-29,159.65316772460938,162.12050379565207,158.2613487894227,161.93070340917723,1490300
2020-12-30,162.71694946289062,164.69623478765493,161.4968517054572,162.47293818577754,2720600
2020-12-31,164.50648498535156,164.57878923603985,161.55111252011193,162.90678619160937,1717800
2021-01-04,164.62396240234375,168.08545072824933,162.9067813193881,165.39218297613328,4078300
2021-01-05,165.97056579589844,167.9227386945753,163.77438162785364,163.77438162785364,2933700
2021-01-06,175.20724487304688,178.29817881901414,168.23907696818597,169.14285930761352,8034700
2021-01-07,175.54161071777344,178.37948623976501,173.70693397725202,177.90952943070678,5297500
2021-01-08,175.56878662109375,176.4725691372356,172.91167760776315,175.19824627035192,3186600
2021-01-11,175.20724487304688,176.65330213238056,171.9988148099543,173.12854273423872,2540800
2021-01-12,178.53321838378906,178.9489644701317,174.71022164057595,175.94839945648425,2466100
2021-01-13,177.04188537597656,180.9100718870519,176.9605482919665,179.66284810307914,3154700
2021-01-14,178.4066619873047,178.86759989348212,176.562951734475,177.2317557566114,2486600
2021-01-15,175.8941192626953,176.87925252029638,172.51398204744999,176.83406064397303,3317100
2021-01-19,176.3211212158203,178.18373505241306,175.75779937934638,176.5300932093518,2361200
2021-01-20,174.7583770751953,176.17577671526905,173.01388414402783,175.04913282905528,2501100
2021-01-21,174.62208557128906,176.01222852549293,172.677701618978,174.76746344121807,1951200
2021-01-22,174.39498901367188,175.1945536688662,172.00538983262567,173.40462797921577,2027000
2021-01-25,170.2154083251953,173.87702838058823,169.87923414359233,173.1410720024864,3837100
2021-01-26,170.09735107421875,172.09624878185738,169.75208200929924,170.45170105937288,2506000
2021-01-27,164.11880493164062,168.5890712103634,162.94671471948823,167.36246775373863,4095300
2021-01-28,167.48965454101562,170.46075086749173,164.73662503637186,165.59978367712856,3445400
2021-01-29,166.1267547607422,171.56013825718674,164.20962743104616,166.72642807463686,4541400
2021-02-01,167.83493041992188,169.72480136124605,165.38173749577933,168.961588249557,2738200
2021-02-02,174.90374755859375,175.1581519004683,168.67081345467307,169.45220218014407,5265400
2021-02-03,173.9497528076172,174.0224417549034,171.7782207644378,173.459119743434,2979000
2021-02-04,174.1314697265625,175.0037232374254,172.81401547277935,174.44948214064775,2253800
2021-02-05,175.35809326171875,176.56652116393815,172.64140071185702,174.92197338837667,2240000
2021-02-08,179.40130615234375,179.4830760222655,176.87542405654148,177.17526077692085,2725700
2021-02-09,179.24679565429688,180.50065542093319,177.07526415155456,179.4830242761867,2331600
2021-02-10,179.6466064453125,181.4547074540486,178.32005753819996,180.35530628785276,2816400
2021-02-11,180.2190399169922,180.28263408107284,176.62101326674073,179.52850184755047,2178200
2021-02-12,179.89193725585938,180.5915423444604,178.77436034269445,179.88284247289155,1804200
2021-02-16,183.88064575195312,186.42468938791808,181.0276706481941,181.49104705388814,3722700
2021-02-17,183.80795288085938,184.35309913519845,181.52738071194815,183.8897227394106,2290400
2021-02-18,181.6455078125,184.33494322463144,180.42799922160185,183.12651555253169,2345800
2021-02-19,190.72235107421875,192.13066997777764,184.17140348839928,184.67113133985555,4937300
2021-02-22,198.1273193359375,198.86327570918158,190.20440598269957,190.4679050941056,4578300
2021-02-23,200.0535430908203,200.56236565427037,193.7842712577099,199.4629645355263,4125100
2021-02-24,202.13421630859375,205.95029527192867,199.7809692320035,200.26252129434832,4925000
2021-02-25,201.5436553955078,203.88780789517716,199.63560881503506,203.17910804848682,4313000
2021-02-26,196.1466522216797,202.0706562453413,196.09213897360917,200.5714864674024,4461300
2021-03-01,199.6719207763672,202.23415363541773,198.8905320885712,199.26305766549635,2871200
2021-03-02,196.09210205078125,199.2903321567123,195.35613174840768,198.69975359515047,2854300
2021-03-03,195.26527404785156,197.66395347422372,192.63035211403567,192.74847336775755,2664000
2021-03-04,193.32089233398438,196.8643913471253,189.41394863744628,194.87457503051652,3568400
2021-03-05,200.035400390625,200.598722381195,192.16699890479933,194.74739404973107,3602300
2021-03-08,201.32557678222656,203.7969451822681,198.26362983252682,200.77133576904083,3048700
2021-03-09,196.98251342773438,202.00702008578153,196.38284009561374,201.14386148809118,2902400
2021-03-10,200.8531036376953,201.75261362646052,197.33686126488064,197.82749425439084,2435800
2021-03-11,199.6719207763672,203.1609201869888,199.11767980172127,202.61576012983025,2960000
2021-03-12,208.0673370361328,208.08551273788083,198.1818626129585,198.98142712189122,4756500
2021-03-15,209.64830017089844,210.61140444867425,205.1871148667115,207.94922550984214,4215300
2021-03-16,205.75949096679688,210.0752975247609,204.2239702047766,206.90431045218662,3539200
2021-03-17,212.27410888671875,212.88286316183826,206.36826768941296,207.27685864284462,3518500
2021-03-18,209.59376525878906,216.04476690541978,208.7397013644112,212.61029403399056,4336200
2021-03-19,204.69644165039062,208.65789860422433,203.56979778594066,207.84017232428502,7485100
2021-03-22,205.35975646972656,206.41371156887968,203.13371113244713,205.90490279053003,2211600
2021-03-23,198.29995727539062,204.651012444459,196.8462063385406,201.76168627006865,4017600
2021-03-24,201.0076141357422,206.3501344784912,200.35342740544638,200.35342740544638,4258000
2021-03-25,203.7515106201172,204.4056971813952,196.2919731835431,199.1903803912059,2901800
2021-03-26,208.52163696289062,208.8305545791797,204.62378762701167,205.6595808246857,3040100
2021-03-29,209.17579650878906,210.65680410095155,206.8952383582539,207.24958825198638,3003200
2021-03-30,211.77438354492188,213.26447217126653,210.0117148565878,210.06622809618608,3139100
2021-03-31,210.67498779296875,215.34514491322386,207.93105299334678,212.92830342359636,4512300
2021-04-01,211.46543884277344,213.51884916712936,206.78618765964933,210.15706580410568,3787100
2021-04-05,212.3468017578125,214.1185513770048,211.12927932103602,213.5188780092788,2323400
2021-04-06,209.5574188232422,215.04530213099991,209.1848932016367,211.24739856633278,2614500
2021-04-07,209.3484649658203,212.7829379897388,208.38536068114462,210.75678385137397,2449600
2021-04-08,209.41201782226562,209.92992126790446,206.40458428972036,209.0940193392209,2158900
2021-04-09,209.65736389160156,210.97481800999518,206.7407808116287,210.15709169209507,2482900
2021-04-12,209.82090759277344,210.15709568166815,208.00372563938936,209.2485047049761,1688200
2021-04-13,208.38534545898438,212.15599245596442,207.20417441983466,212.07422259565354,2286400
2021-04-14,211.320068359375,212.81015684678323,208.56703910437074,208.61247142113248,2491000
2021-04-15,211.26556396484375,212.10146594504974,209.64827324122825,211.8379668152039,1860200
2021-04-16,212.02883911132812,214.37300602816416,211.03847804878922,213.1736590113638,2128400
2021-04-19,211.14744567871094,211.79255133920205,208.89414405411736,211.61082206199507,1712600
2021-04-20,206.8225860595703,210.15711356408767,204.9781473290607,209.79366882408624,2815800
2021-04-21,211.21109008789062,211.3473732052786,205.35976127203824,206.5409324573997,1977700
2021-04-22,207.96737670898438,212.09237341705875,207.8583502342327,211.9288337049312,2410700
2021-04-23,210.02098083496094,211.42652991833407,207.98566777288946,209.33645719318778,3458300
2021-04-26,210.43170166015625,212.52178840558892,209.88409107821113,210.440837555524,1864800
2021-04-27,210.23086547851562,210.7054723639461,208.16817289927357,210.18522779068573,1959300
2021-04-28,212.01976013183594,213.31578969366228,209.35468349286901,209.96618951612507,2965300
2021-04-29,207.61143493652344,214.666587248632,203.71421020608273,214.4840504165897,5442400
2021-04-30,208.195556640625,208.45111098527642,205.247545783396,205.83167198926594,3953500
2021-05-03,208.25035095214844,210.76939302291623,207.37416846086816,209.92059036407161,3182900
2021-05-04,213.03285217285156,213.57134067231763,205.6765082224051,207.1824544128893,4040700
2021-05-05,217.11260986328125,218.4360192094419,211.6090419064431,214.1372053994075,3690600
2021-05-06,216.37332153320312,219.9419601287455,215.39672798845567,217.22212398835785,4527000
2021-05-07,219.95111083984375,220.77253352447218,212.80468334757438,215.0681706404769,3327900
2021-05-10,221.42965698242188,224.3229079012569,221.41139912339685,222.24195762571208,3752900
2021-05-11,218.4086151123047,221.77647266646548,215.8895599392205,217.93400829428427,3163100
2021-05-12,216.6015167236328,221.99555183433216,215.79833795042057,220.2066713824818,3668500
2021-05-13,219.1114501953125,219.95113081690053,214.09161040146984,215.43326386110735,2228100
2021-05-14,221.0828857421875,222.1051172178492,219.1205901415324,220.8729690512344,2041600
2021-05-17,223.4193572998047,224.02174137614898,220.0697570110429,221.54833737358504,1998400
2021-05-18,218.56382751464844,224.10389805392717,218.50906785381017,223.4193744401117,2436200
2021-05-19,216.19076538085938,216.3824380837849,211.6911710385203,215.48799796568625,3143100
2021-05-20,214.47488403320312,216.85702610370078,212.28440072232516,216.74749288582484,3339200
2021-05-21,216.52853393554688,218.49995153569614,214.4932068475794,215.9444076231564,2479100
2021-05-24,218.1804656982422,218.7828497372434,215.5975286158582,216.93919582696697,2372700
2021-05-25,216.464599609375,220.77253561428006,216.07214612404147,218.6003097509591,2265700
2021-05-26,216.95748901367188,218.59121261697888,215.9626374199985,216.68367677620827,2070000
2021-05-27,220.2158203125,222.12335620576607,218.07097397445582,220.41661503038793,3594700
2021-05-28,220.0332489013672,221.11022592210702,217.94316255524146,220.79078995866743,2290700
2021-06-01,221.5666046142578,223.54715798875063,220.69954413073978,222.70747733643125,2476000
2021-06-02,222.2054901123047,223.7023144699455,219.6864343915586,221.849538403069,2348500
2021-06-03,222.55230712890625,224.92532782106872,219.84159258752632,221.26539943215656,1923200
2021-06-04,222.7165985107422,225.15350081303643,221.16501449647262,223.72055808389638,1837900
2021-06-07,218.82846069335938,222.9994971090599,217.78798556263015,222.74394279110294,2330700
2021-06-08,219.19358825683594,220.15192408747342,215.45152031879192,218.49992875859593,2212300
2021-06-09,214.16461181640625,218.3082691484209,213.98207497473197,218.1348542744964,2919600
2021-06-10,206.02333068847656,215.9899919052415,205.88643154914396,215.52452090484334,6281800
2021-06-11,201.4324188232422,208.02209861437538,200.82091291638235,206.54353250903264,8734900
2021-06-14,199.88999938964844,202.5915918058329,196.77770955377463,200.85747104269694,7213300
2021-06-15,200.30076599121094,201.5055204508816,197.38012042190098,200.69321955766821,5055900
2021-06-16,198.2015380859375,200.23685110707294,197.78169079969322,199.89002134568284,4156900
2021-06-17,191.1645965576172,199.21459973897868,189.7316679151752,198.02808953351726,7995300
2021-06-18,190.62612915039062,193.31858580846557,187.5594629221874,188.18009095654534,7156400
2021-06-21,194.5963592529297,196.43999930458537,192.94436406802956,193.08127713285577,5633900
2021-06-22,194.52333068847656,196.07491451504356,192.74355843349315,194.85190252806328,3776400
2021-06-23,195.125732421875,197.8455829508671,194.02137545330382,194.95233147083363,3283400
2021-06-24,200.19117736816406,202.55506186218415,196.5312633763415,197.63562016507944,6827600
2021-06-25,197.42572021484375,202.39080001738137,196.47652033573158,201.87055542498274,11274200
2021-06-28,197.3892059326172,197.8546769121596,194.91578815504877,197.55348489245569,3172000
2021-06-29,196.32135009765625,199.60705462076908,195.855865193382,199.00467058386508,3443400
2021-06-30,198.63047790527344,198.92253403474152,195.3721392340193,195.88324790558855,3249500
2021-07-01,197.79080200195312,200.60189976121816,197.27967939178328,200.02690945561116,2426300
2021-07-02,198.7491455078125,199.30589194023773,196.75947021182415,198.65788404818116,2433600
2021-07-06,194.87930297851562,198.56659718929507,192.88961387081693,198.42969804442333,4348100
2021-07-07,195.94712829589844,196.28482208634955,192.72530559421008,194.12173236625446,2707700
2021-07-08,193.5924072265625,195.22613080482233,191.60271799638917,191.6666135523743,3723800
2021-07-09,198.43881225585938,199.50666732412515,195.68246019127562,197.05150729315488,3163800
2021-07-12,199.49754333496094,199.8352371601348,196.09318347559423,197.16103853303633,2509000
2021-07-13,196.40354919433594,199.92656518561915,195.95632201421475,199.84442568110836,2373300
2021-07-14,193.16343688964844,196.81422950818396,192.78010533590242,196.46739975288912,3185200
2021-07-15,192.95350646972656,194.76064478771437,191.77611813517825,191.92215317191824,2737500
2021-07-16,189.79556274414062,194.13087861942316,188.9376243216074,193.9118399935287,4368800
2021-07-19,186.3454132080078,186.96020090012428,182.81266270700175,185.60216262502232,5391100
2021-07-20,190.82325744628906,191.43804504464254,185.63883199522593,186.3086731096405,3934300
2021-07-21,193.36500549316406,193.57606265890487,190.47458362894753,191.5206425323349,3407300
2021-07-22,191.9243927001953,193.96145704623274,191.35547362965755,193.61276606765196,1931500
2021-07-23,192.263916015625,193.0346934045551,190.7315321585595,192.23638925183505,2302600
2021-07-26,193.64028930664062,194.59459701969078,192.23636849928798,192.54834778949873,2157600
2021-07-27,192.60340881347656,193.6678236112615,189.9423858204191,190.42871061569232,2472000
2021-07-28,194.0165252685547,195.16352041509938,190.9517575973246,192.6951846195103,3246900
2021-07-29,195.044189453125,196.83349872379867,192.4106936035028,196.36552983805413,3419700
2021-07-30,189.7129669189453,191.47474950230472,186.4096158242693,190.76819668455948,5834900
2021-08-02,188.25401306152344,193.52100554186435,188.06131172622577,190.85998253970922,3977100
2021-08-03,191.3187713623047,192.04366606200446,186.66655279123793,188.39163780003804,3580500
2021-08-04,187.666748046875,192.31895273916078,187.5291002385466,191.061850631241,2948700
2021-08-05,190.11672973632812,190.54800100424285,187.83191050852912,188.33659114134474,2685800
2021-08-06,191.18113708496094,193.05302681216733,190.53880866742733,191.78673981936632,2677100
2021-08-09,191.67665100097656,192.5850761910609,189.134905853985,190.20849162331805,2747200
2021-08-10,196.42977905273438,197.1913713983634,191.7408630135507,192.69515667647377,4193600
2021-08-11,203.39434814453125,204.2293639281907,196.88859537151131,197.9529961711621,7794100
2021-08-12,202.09133911132812,205.32126680696737,200.4671903430177,203.92653102987902,4444500
2021-08-13,200.55894470214844,202.37578068294678,199.78815349694094,201.76099310362113,2049400
2021-08-16,199.76980590820312,200.0359025537357,196.67749826061632,199.4486417484964,3132500
2021-08-17,195.8516845703125,198.55858986070726,193.22735955624563,198.40260022717572,4022800
2021-08-18,192.52085876464844,195.95267363384866,192.43827846600686,194.98919481214256,2947700
2021-08-19,187.6025390625,191.74090685832888,186.46472874284348,191.0159980242831,4788100
2021-08-20,188.05213928222656,190.1809548664197,186.81337899733413,188.49258147181743,2765500
2021-08-23,191.90603637695312,192.46577052470928,188.86879570687137,190.17178041118476,2827400
2021-08-24,195.0717315673828,195.6957041322318,192.26389002907212,192.46576227051705,2485900
2021-08-25,197.06289672851562,197.92543914224947,194.66797079307705,195.60392256132042,2599800
2021-08-26,193.8330078125,196.83353701885983,193.13562580621743,196.83353701885983,2513900
2021-08-27,195.29197692871094,196.39308943312497,194.73224275543475,194.76894043830632,2511400
2021-08-30,194.02569580078125,196.1269987458315,193.4292639263343,195.64984484543058,1922100
2021-08-31,193.4934844970703,194.8056541965323,193.0805690536947,193.86970225718366,2857900
2021-09-01,190.82325744628906,193.60357201859645,189.58449732930333,193.49345098507143,4122900
2021-09-02,194.32850646972656,195.40209225711908,191.70418098896516,191.70418098896516,2921600
2021-09-03,193.03466796875,195.2644335517644,192.6951619258062,193.75039173579069,2512000
2021-09-07,191.07102966308594,193.0071579706384,190.72235267027438,192.73187634369913,2641100
2021-09-08,189.73138427734375,190.9701308384465,187.89619174112525,190.05253457033723,2603100
2021-09-09,188.4925537109375,190.99758667214206,188.01539990833572,189.48355899261685,2777900
2021-09-10,188.11634826660156,190.74985827041735,187.94201679023925,190.03413452062307,2551200
2021-09-13,189.20828247070312,190.73149511110694,187.1253357396161,190.0891807450942,2699100
2021-09-14,185.65721130371094,189.11655234801447,185.02406778616577,189.0614848235893,3757600
2021-09-15,188.7770538330078,189.5661870896466,185.2351320999183,185.51041374784464,3342700
2021-09-16,186.82257080078125,189.3826577487514,186.1068469658044,188.5201151780344,3120100
2021-09-17,183.289794921875,186.51973665515905,183.01451333072293,185.9324757946895,6351100
2021-09-20,175.095703125,178.00448122473753,172.94851750444226,177.1511095290812,9151100
2021-09-21,174.1964569091797,176.82996748878307,171.57213125235342,176.17846803491003,5699900
2021-09-22,175.58201599121094,178.47243805059426,175.4076704953069,176.17844784428843,3924400
2021-09-23,180.4177703857422,181.31702479270862,176.95844260058973,177.01349613542286,3367800
2021-09-24,180.6012420654297,181.49129725793426,178.86697227411022,179.52764247992627,2199500
2021-09-27,183.51919555664062,185.34521659293443,181.31697081052232,181.31697081052232,3033100
2021-09-28,184.02391052246094,185.25348600205228,182.37223465361865,183.7027462696783,3247500
2021-09-29,181.564697265625,184.58359563425478,181.4087076419229,183.959623138044,2954700
2021-09-30,176.1509246826172,182.48233218087927,175.83894536851966,182.25293315555953,4978100
2021-10-01,178.31642150878906,179.7295131021782,175.48105340167123,177.00425202791067,3695500
2021-10-04,177.21533203125,179.76624796489014,176.554661746137,178.69266225193266,2864600
2021-10-05,176.63723754882812,178.3806644227743,175.0130886390249,176.87580747851837,3074600
2021-10-06,176.0499725341797,176.53629730349863,172.32453494215716,174.34324338102508,3777700
2021-10-07,179.6194305419922,180.2066914662112,177.6557755140031,177.76588256185514,3510500
2021-10-08,179.0780487060547,180.381033418543,178.69266004473317,179.66530961874525,2713200
2021-10-11,176.99510192871094,180.9224119115688,176.8024005971528,180.16080550816068,2015200
2021-10-12,174.2698211669922,177.62822570477525,173.95784190428745,176.4720598481267,4706700
2021-10-13,173.37057495117188,175.49021928108766,172.25110681133194,174.80202234273045,3253200
2021-10-14,178.31642150878906,178.7476927226565,176.73815536472154,177.60069779245646,5212900
2021-10-15,182.61997985839844,183.0145394609745,179.20652124411768,179.81213803083966,4736300
2021-10-18,181.8491668701172,182.30796486585538,179.43589893348877,181.11510127805903,2809400
2021-10-19,184.5652618408203,184.87724112548833,182.10611124204337,182.2345741240481,2626900
2021-10-20,187.36395263671875,188.27236382809176,184.00554750131326,184.5836375332092,2936000
2021-10-21,185.48287963867188,185.62969837860652,183.28065454527479,184.9873838931495,3071300
2021-10-22,185.1322479248047,186.7007856320606,183.79438994983423,185.12302636699894,2632400
2021-10-25,186.5716094970703,187.5865299041651,185.00307182287253,185.71352596293863,3294700
2021-10-26,184.20034790039062,187.10672925377892,184.0434969589065,187.06982894701744,2933600
2021-10-27,180.9618377685547,184.92927606981263,180.7680724091552,184.76320354351193,3406700
2021-10-28,188.30621337890625,188.68450843730528,181.810674637606,182.0966978012247,4462700
2021-10-29,188.23239135742188,193.52847973287058,187.52195129436143,191.9045986303859,4292200
2021-11-01,189.49644470214844,190.88043856861762,188.04785769746147,188.49073179269178,3215200
2021-11-02,191.10189819335938,191.73853772319413,187.30053228951977,189.83785477127432,3429600
2021-11-03,187.8079833984375,190.6036500744767,186.21178097148686,190.30839127156244,3137000
2021-11-04,187.84487915039062,189.0443433703678,186.94067372616166,188.22317420292518,2543500
2021-11-05,189.95777893066406,192.72576670643843,189.35803979868462,189.5887054466658,2591300
2021-11-08,197.68045043945312,199.72876241744487,194.91246280202787,199.19361645143042,5944700
2021-11-09,193.5838623046875,198.89840856233667,192.79960744285785,198.53855658731888,3310300
2021-11-10,190.68666076660156,193.7129926971383,190.4652166941064,193.0855889431378,3261800
2021-11-11,192.40283203125,194.16512098694528,191.80310696905892,191.80310696905892,4819800
2021-11-12,193.08558654785156,194.39576561675773,192.19060279084954,193.15940123776758,2018000
2021-11-15,191.6463165283203,194.39584801930775,190.76977551320547,193.75920836779005,2392600
2021-11-16,189.54257202148438,192.07989418301378,189.38572106821735,191.91382167204188,2138000
2021-11-17,187.2820587158203,189.32114934475305,185.31679686624423,189.14584119056744,3135700
2021-11-18,185.8426971435547,187.9556023582251,185.1414786436607,187.54962856612875,2119900
2021-11-19,184.93849182128906,187.22669110280918,184.21881612727296,185.38136592251888,2980100
2021-11-22,186.7284393310547,188.71215805412857,184.615534343748,185.90727027766488,2596500
2021-11-23,189.4503173828125,189.67176147986638,185.99955411697283,187.34664773630064,3127100
2021-11-24,191.05577087402344,192.1537276541628,187.37434165528362,187.90948770744458,3880500
2021-11-26,183.36070251464844,185.87034547439876,181.40466264964454,185.45515019269473,3496000
2021-11-29,180.76805114746094,185.91651003795772,178.33222249720893,185.66738719909281,4559900
2021-11-30,178.3968048095703,181.56153051199416,176.73600944911323,178.8489004363664,6358000
2021-12-01,176.66220092773438,183.08392444083464,176.56070748330856,182.2996697145565,3425300
2021-12-02,181.57078552246094,182.336597248622,176.9759292442099,177.43726059162873,3445700
2021-12-03,182.50265502929688,183.96968510348736,180.6019724307286,182.38270439272463,3250900
2021-12-06,185.71353149414062,187.5403995442929,183.00090113192746,184.1450078519406,2838400
2021-12-07,188.67527770996094,190.2622584877989,187.36509852429725,187.5680713412637,2818000
2021-12-08,188.3984832763672,190.25303008058881,187.86333726548656,188.60147017976033,2341200
2021-12-09,188.34312438964844,189.11815760852778,185.3444708863687,187.39278302106,1646600
2021-12-10,187.7249298095703,189.97621461974546,186.47932972767623,189.5148833418163,3315200
2021-12-13,185.68585205078125,188.45383990743886,184.9477191399297,188.05710173910077,1868500
2021-12-14,186.0457000732422,188.20472734049793,184.3480041406333,184.53253385874905,2248800
2021-12-15,186.88531494140625,186.93145088776515,183.27770074833887,185.45518507656553,2193700
2021-12-16,190.225341796875,192.12602445276323,188.8228907378967,189.14582827130877,2856800
2021-12-17,185.79656982421875,189.37650534394828,185.66739761880143,189.0997037384213,6079600
2021-12-20,180.34361267089844,182.2719738552706,178.12921429456534,182.2719738552706,3605100
2021-12-21,182.97323608398438,183.62833278953119,181.52466297937843,181.7645502108115,2303400
2021-12-22,186.5162811279297,187.66960963868542,185.29837354150456,185.43676733130837,3558700
2021-12-23,190.25306701660156,191.26800173060818,187.5681148830435,187.68806555253076,2669600
2021-12-27,190.4191131591797,190.89888757769538,189.27500645923612,190.01313935988637,1711200
2021-12-28,190.6405487060547,192.15371486087358,190.1976745842994,190.2345748949813,1393000
2021-12-29,191.295654296875,192.4213038878472,190.14232595192112,190.31763411294855,1334900
2021-12-30,190.14231872558594,192.75345568877137,190.00391088222256,191.2956470267077,1465900
2021-12-31,190.7512664794922,191.6739290576636,189.76401076306624,190.25302080319997,1374500
2022-01-03,190.9911346435547,192.4674002529608,189.88394247585626,191.2956149534464,2055600
2022-01-04,201.21426391601562,201.98929713044006,191.85846560270866,192.17216751158796,5242300
2022-01-05,202.75511169433594,206.08592433127998,201.30652461637052,201.30652461637052,5378200
2022-01-06,204.82191467285156,205.48623299774005,201.1958426429422,204.36058328494104,3913200
2022-01-07,206.85171508789062,208.4940532668562,205.04329033240595,205.29241315782812,3673400
2022-01-10,204.49896240234375,208.29110670212913,203.54862093770768,207.5529737186708,3734900
2022-01-11,202.93960571289062,204.9141028185363,199.8394592772429,204.83106657584236,2944300
2022-01-12,205.20016479492188,206.39040748048612,203.0503732404248,204.9418203829124,2506900
2022-01-13,209.4444580078125,210.25640578633625,205.42164759041685,205.65231329306863,5002300
2022-01-14,211.234375,211.8802359954007,206.28890296866723,207.34073775509518,3970600
2022-01-18,212.09242248535156,212.60911122816674,209.3152134533638,210.0994822028805,5411900
2022-01-19,205.509765625,213.06594765080584,204.8329435361009,212.92688237063615,4991700
2022-01-20,200.84625244140625,205.70445480341562,200.29922933556182,204.9720207573587,3545600
2022-01-21,198.49130249023438,201.662118047617,196.9429811422948,201.662118047617,3754700
2022-01-24,198.7138671875,199.30723607019578,191.60270689985364,195.77483583516064,5107300
2022-01-25,198.69528198242188,201.03167769525666,192.01061350415398,196.62776467128091,4554300
2022-01-26,198.6767120361328,202.93229298161532,196.7760874284433,199.33498728861443,3558500
2022-01-27,196.711181640625,202.02368689625695,194.8383559311272,199.52969358024902,3678100
2022-01-28,186.50341796875,192.84504986717207,182.46108847296082,190.61063988448194,10747300
2022-01-31,186.87423706054688,186.91133056321974,180.49551271533215,184.917972131827,6179000
2022-02-01,190.3881072998047,190.79603680769296,185.9285542967837,186.16961962761135,4026400
2022-02-02,190.00799560546875,190.80533624295165,186.7259134349118,188.3947675769723,3492300
2022-02-03,185.97491455078125,190.87021012750526,185.51134478672006,190.0636032650873,2748200
2022-02-04,183.9537811279297,186.36433572677922,182.17367469973934,185.6226353253045,3930800
2022-02-07,185.26104736328125,186.84644820573052,183.60145950587827,184.35244034146243,2402000
2022-02-08,186.81863403320312,187.56961486430345,184.7140231278399,185.66897580776106,2407100
2022-02-09,188.7656707763672,189.22924068087985,187.36568061063926,187.87561033500936,2743700
2022-02-10,188.2742462158203,191.68611316870943,186.874256359378,187.81067641371942,3538500
2022-02-11,186.57757568359375,189.73911092526458,185.5484501755757,188.59873319379403,3826700
2022-02-14,185.32594299316406,187.0040634863651,183.67563555753875,186.3087087529153,2730500
2022-02-15,188.58949279785156,189.55371187662783,185.43720927906162,186.07693794584952,2752600
2022-02-16,188.80270385742188,190.45301118113738,188.20933509099638,188.31132101086766,2253900
2022-02-17,180.55117797851562,187.05968804353762,180.27303325804667,186.3550670124406,4699600
2022-02-18,177.96444702148438,181.36704772526207,177.2505455537514,179.27171727944236,4385200
2022-02-22,177.2783660888672,180.69949927046963,176.6664505681146,177.96444032695885,3488000
2022-02-23,173.06915283203125,178.3075002236212,172.79100811395097,177.75121078746062,3550400
2022-02-24,171.2334442138672,171.7711869712931,166.5791986663069,168.76724906164722,5919500
2022-02-25,173.4307098388672,174.237316663947,170.70491748884123,171.4651786572815,3594600
2022-02-28,173.91281127929688,175.0161094347185,170.28769281063285,170.90887451431044,5168500
2022-03-01,169.5089111328125,174.50619231421345,167.47847342837048,174.0889823817861,5110600
2022-03-02,178.5763397216797,179.45711941757435,171.52080755839648,171.70623262905443,5849900
2022-03-03,180.65316772460938,182.25711536915776,178.32603813273775,179.234645181952,4429700
2022-03-04,181.4041290283203,181.7286193848939,176.44392674200913,177.17637491401248,4334700
2022-03-07,182.36834716796875,188.6728989550871,179.5127556483026,180.59750722720705,6912300
2022-03-08,194.6993408203125,199.23305347639004,188.20936279296876,189.01596982074636,9318600
2022-03-09,194.49534606933594,198.03702616674593,192.3351090824441,197.082073501115,4798300
2022-03-10,196.35888671875,201.6714067330526,193.01191224699124,194.13375737088327,4886300
2022-03-11,199.17738342285156,201.90317585661322,196.83172158498755,196.83172158498755,4045500
2022-03-14,199.74298095703125,202.5614794446864,197.4158512358294,200.54032167180034,3530700
2022-03-15,200.68862915039062,201.54159582146056,195.17213762207038,200.37339095803907,4364200
2022-03-16,200.33631896972656,203.49786828271854,196.85027929709247,201.65285545482286,4378700
2022-03-17,205.546875,205.6210478759311,198.72312603166313,199.63173315154705,3600400
2022-03-18,204.81442260742188,205.54685670312048,202.11644284208705,203.48860555709476,4105100
2022-03-21,207.41041564941406,210.5070586600929,204.88859469003907,204.89786099353395,2902200
2022-03-22,206.4832763671875,209.39449428385063,205.21308543476061,208.10577074440167,2461500
2022-03-23,205.9826202392578,208.40245536090848,205.53759715568665,205.53759715568665,2001700
2022-03-24,206.0196990966797,208.60641238556852,205.37069005163573,206.32564271879411,2110900
2022-03-25,207.0859375,207.4938812582016,205.02768609964096,205.9084660428326,1581100
2022-03-28,205.68594360351562,206.45545708829349,203.08066922001316,206.1402329924774,3072500
2022-03-29,204.93492126464844,205.29650512566224,200.7627932620153,204.7124168252719,3667800
2022-03-30,206.82632446289062,209.42231843333414,204.6197274659593,205.82501189656116,2507400
2022-03-31,206.5852508544922,208.78256716233923,206.22365283216044,206.94683472979648,3152100
2022-04-01,203.75747680664062,209.08852958391446,202.27404776632724,208.00377793383424,2618300
2022-04-04,204.72169494628906,205.22235825784293,200.81844511194095,203.19192024915526,2181300
2022-04-05,200.2807159423828,206.16804437241723,199.4648285038279,203.9707278764339,3582100
2022-04-06,200.4568634033203,201.30983015581498,197.99066861959113,199.44627046608952,2783300
2022-04-07,200.16946411132812,200.54959479983322,197.99996051605422,199.76153450942843,2253600
2022-04-08,201.21710205078125,202.00517635312147,198.43568330891318,200.0674438778793,2450200
2022-04-11,200.3085479736328,202.82108880084866,200.03040321623203,201.21714097724728,2494700
2022-04-12,200.91114807128906,203.48859502214768,199.31646683085498,199.75222357370777,2508200
2022-04-13,202.3667449951172,203.6740009536804,200.6329844898437,201.12436729883385,1898900
2022-04-14,211.21168518066406,212.51895550583245,202.6820030775096,203.88728747347275,5337900
2022-04-18,213.16790771484375,217.30295602364995,211.3878016094598,211.3878016094598,3644000
2022-04-19,215.24473571777344,215.96790348337314,210.9891682939689,213.4738956635621,2689400
2022-04-20,217.9519500732422,219.14795377455275,215.6341013794401,216.53342780439735,2907700
2022-04-21,215.62486267089844,220.56650426907896,214.77188179304147,219.95460288735032,3571400
2022-04-22,201.5020294189453,214.0691138882778,200.84992214355097,212.77421007896888,5053700
2022-04-25,201.87466430664062,202.1541429232418,195.23246641956197,200.5797604574323,4145500
2022-04-26,195.9125213623047,203.2720444272005,195.02751758334225,201.34366896902952,4176700
2022-04-27,199.3221435546875,200.80336185889277,193.11777748458832,196.66711781216,3358300
2022-04-28,197.9060821533203,198.3905107311919,188.1803244941917,193.2388283740412,6092800
2022-04-29,196.13609313964844,202.34978372871802,195.78210015652778,198.14832213633935,3404000
2022-05-02,197.56141662597656,198.2135238733591,193.4531196451589,195.6330271070684,2639500
2022-05-03,199.00538635253906,200.62635102503003,196.36899640477935,197.40305737923723,2121100
2022-05-04,207.36172485351562,208.01383221219206,199.20103659020572,200.244408364088,3023700
2022-05-05,201.15733337402344,207.8833846025554,199.14511866523526,207.1846951886348,3005600
2022-05-06,199.96490478515625,202.1634480451642,195.95909684642882,202.1634480451642,2268400
2022-05-09,192.17686462402344,197.54280894021815,191.38502507380298,197.52417324054417,2929900
2022-05-10,189.10264587402344,195.18590127233304,187.61210259897743,193.99347233824588,3040400
2022-05-11,191.17074584960938,195.36288233505255,189.66156704873652,191.49679238066477,2552400
2022-05-12,189.139892578125,191.2918538287533,185.6650809962636,189.6802141300157,3282000
2022-05-13,190.3509521484375,192.33523470063665,189.03741259374587,191.11484520873202,2323800
2022-05-16,193.01527404785156,194.8970814402577,189.7453986251012,190.99373446424755,2540800
2022-05-17,198.5116424560547,199.14512828032892,194.83188087471513,198.24148879083913,2275900
2022-05-18,193.71395874023438,202.99254559764177,193.32269439948794,199.2103094222214,4723300
2022-05-19,192.6147003173828,194.96230082344948,187.91020277824714,191.7762786726527,2887700
2022-05-20,184.2863006591797,192.49356887663907,180.76489343176553,192.32587604920482,5404500
2022-05-23,190.1832275390625,191.43156326287124,185.5346236863333,186.2519344880372,3246600
2022-05-24,191.58062744140625,191.6272095776283,187.51891250162114,188.18965546157628,2467800
2022-05-25,194.990234375,195.71687020970128,190.80742295483762,190.97510158675078,3080200
2022-05-26,198.41845703125,199.02398209202238,196.00563909870752,197.0769712564434,2016000
2022-05-27,202.2845916748047,202.74107395067148,199.50846926238728,200.29099812255194,2020400
2022-05-31,201.08279418945312,203.1695372172444,198.8842512031225,200.09530133252102,3773500
2022-06-01,202.68515014648438,204.01731115416953,199.6388602874427,203.51426102504567,2314000
2022-06-02,204.94886779785156,205.73139642696532,202.38700695037844,204.56691422356843,1784100
2022-06-03,207.65048217773438,208.76839657985377,203.3186136215741,203.3186136215741,2222500
2022-06-06,208.33055114746094,209.3832335068209,207.0449581074162,207.65048323258011,1565400
2022-06-07,211.5631561279297,211.72152401956964,206.48600177977124,206.81206251924146,1799000
2022-06-08,214.0784454345703,216.45399235330018,209.2528230183609,209.87698387365697,4171300
2022-06-09,208.36781311035156,212.59722098691952,208.32123097314533,211.87057091922213,3045700
2022-06-10,200.45863342285156,205.15383399791992,200.30026553647232,204.48309105862444,2604100
2022-06-13,192.7264404296875,195.51187237666102,190.8818906404372,195.24171879745677,3559400
2022-06-14,192.5494842529297,195.38149902124525,191.22663403356296,193.82575233618286,2359000
2022-06-15,191.9066619873047,194.37535850653308,189.23301546857013,193.28540489908863,2343100
2022-06-16,181.46360778808594,187.48165884326326,180.0289717836553,187.3139802075609,4789900
2022-06-17,179.46070861816406,184.211802431462,177.81179758203743,182.2927235218828,7226100
2022-06-21,182.9354705810547,184.84522401737837,180.60650644282313,183.615538344124,2755400
2022-06-22,174.97976684570312,179.60042456760894,174.8679810956983,177.00130637589587,4008700
2022-06-23,166.4464111328125,174.42078225015217,163.9777147757632,173.81525724630816,6667900
2022-06-24,172.79986572265625,172.90234073551542,167.0985506120209,168.93377588739838,4868900
2022-06-27,174.75616455078125,177.0758181474045,173.1072680351634,175.21264667811135,3061100
2022-06-28,174.61643981933594,179.88921871374987,174.60711486407507,176.97335069126248,3327200
2022-06-29,170.92739868164062,174.73759630032998,169.66976608568288,174.5046997957221,2436900
2022-06-30,166.5302734375,169.67903800816197,165.00247328540812,167.9276521454452,4197100
2022-07-01,166.09243774414062,168.9151559949456,161.83509772954747,167.04265930733618,3423100
2022-07-05,161.8723602294922,162.4872103326415,158.9285596003827,161.88168518597405,3724900
2022-07-06,160.52157592773438,162.72011938157678,157.70818232322762,161.61152980489,3190600
2022-07-07,167.94630432128906,170.01442614917016,164.26654287226788,170.01442614917016,4677600
2022-07-08,166.8470001220703,168.84059289849677,164.32239668761775,167.8996822689844,2491100
2022-07-11,163.04615783691406,167.47119058071226,162.6735149716711,165.2726474278303,2773300
2022-07-12,162.55242919921875,165.11429043037884,160.79173241258,162.78532567477876,2718400
2022-07-13,161.97483825683594,163.2604313664265,160.10235568776216,160.4656736254891,2389000
2022-07-14,158.31370544433594,159.02170559006984,155.64936928043636,158.13670185418437,2531200
2022-07-15,161.51840209960938,161.51840209960938,157.62436482113648,160.46570526089377,2282100
2022-07-18,161.62086486816406,164.61124805314577,160.89422890462413,164.08025140973183,2476400
2022-07-19,168.375,168.57198763255164,162.17432687778356,163.13115257793956,2671400
2022-07-20,168.8252410888672,169.60384451322437,166.10483121272446,167.7089303276066,2175900
2022-07-21,169.7821044921875,169.85715216790132,165.55137944633933,167.3712462192279,2214500
2022-07-22,167.558837890625,171.47999616537854,166.35810385287246,170.25112104188793,1961500
2022-07-25,170.55126953125,171.29235617162323,166.7614560275915,168.07475419374134,1845600
2022-07-26,170.00718688964844,172.27732478447584,169.39744437217422,169.94152913746163,1767700
2022-07-27,173.77828979492188,174.65069215237972,169.15358968210808,171.59257463476143,1856500
2022-07-28,176.20787048339844,177.78384272742116,172.79328065420646,175.2791861009478,2229200
2022-07-29,185.97325134277344,187.1364687614197,177.4086274192827,177.47429949848961,5188100
2022-08-01,182.79318237304688,184.97889749313032,181.42358741934748,182.99955989091774,3185100
2022-08-02,172.14601135253906,177.73694053426473,171.81769393259964,176.35797015443632,8193100
2022-08-03,171.54563903808594,173.956496808838,170.35429500823523,171.96778391527394,4155900
2022-08-04,172.26797485351562,174.41615883925616,169.90402345903786,171.5362779980142,2478900
2022-08-05,173.90960693359375,174.57564603459906,171.8833628584587,172.21169461360816,1908500
2022-08-08,174.3035888671875,176.35797393893068,172.75577194912586,175.20414652157785,2655000
2022-08-09,174.5099639892578,176.2454072006908,173.69384391417606,174.434916326257,2460000
2022-08-10,178.90956115722656,179.6600235838118,175.84205368226992,177.04278783925426,2304300
2022-08-11,181.9864044189453,183.46856345095043,180.02583267264905,180.8888592645994,2538900
2022-08-12,184.65057373046875,184.77252799101385,181.79883366308113,182.82133139169375,1864800
2022-08-15,183.81565856933594,184.3316023036995,181.11401428427604,181.42356621101612,1752400
2022-08-16,185.2884521484375,186.1139478542652,182.87759416537583,183.22469141304998,1959300
2022-08-17,183.79693603515625,184.7068694755694,181.86450479102322,182.92453359176628,1576200
2022-08-18,185.1289825439453,185.39164222229155,183.1590206424696,184.84755737032324,1750900
2022-08-19,183.48731994628906,185.00699557565227,181.8081591061056,183.17775374144168,2003600
2022-08-22,179.88511657714844,181.9207360221574,179.68812899653196,181.15152256519258,2008900
2022-08-23,184.9976348876953,185.8700370966361,180.56053324136192,180.81381730461598,2444900
2022-08-24,182.1365203857422,186.37660616862394,181.47048129491412,185.32596747040597,2503200
2022-08-25,186.5642547607422,186.5923958496694,182.5211560942198,183.38418288704227,1888700
2022-08-26,180.03524780273438,187.96197408985088,179.8570113659479,187.05204072280014,2560400
2022-08-29,179.90390014648438,181.20782293817635,177.2960545631004,178.2341289258681,1996600
2022-08-30,175.3636474609375,180.07278540889578,173.159166683758,179.64126484536334,2691200
2022-08-31,173.271728515625,176.41426916355252,173.07472659375284,175.07282964381318,2656600
2022-09-01,171.1422882080078,171.8646094717407,168.94719764505095,170.982817284772,2686200
2022-09-02,169.63201904296875,174.23796842237616,168.7127100111011,173.4030826629095,2185400
2022-09-06,169.4724884033203,172.2867110032537,168.4687421386834,171.57376545038971,2141700
2022-09-07,169.6600799560547,170.57938855347683,167.15542386130153,168.01845030372073,2166900
2022-09-08,171.80833435058594,171.93028861276343,167.05230420611056,168.55321477760654,2245700
2022-09-09,177.7556915283203,178.0089612651879,175.6262590119542,175.935825226447,2279600
2022-09-12,180.48548889160156,180.7669140432812,178.80634219924676,179.03148518336604,1937200
2022-09-13,172.89646911621094,178.28102066317854,172.13663123585349,176.21726009969316,2207500
2022-09-14,173.21542358398438,173.67508517002523,170.60757802733184,172.53063331406938,2295000
2022-09-15,171.18919372558594,174.9883834017721,170.42934147647003,173.23418894319337,1933100
2022-09-16,168.35618591308594,169.17230592588172,166.7614625591925,168.8533641178784,5088300
2022-09-19,170.83273315429688,171.41433471410403,165.85156027561396,166.27369090172814,2923700
2022-09-20,166.9678497314453,169.5287885613547,165.39187746497024,169.40683432197116,2512400
2022-09-21,161.3018798828125,169.31304276131968,161.2362221222364,168.17796651193567,4061900
2022-09-22,159.98855590820312,163.8065104168778,159.74464745801242,162.00540969040796,2508400
2022-09-23,154.06935119628906,158.94733542207322,151.71477519073548,158.21563850389958,4047200
2022-09-26,152.54965209960938,155.57964267295304,152.17442807069037,153.8441993329745,3213400
2022-09-27,152.38079833984375,154.37890126789443,150.65474498662925,154.27571251776322,2753500
2022-09-28,157.37132263183594,158.0467372009153,153.41264836290614,154.31320589297073,3694800
2022-09-29,155.62655639648438,156.2738301024028,153.41269996734079,155.43894435615988,3518100
2022-09-30,153.91925048828125,157.3901229329851,153.7410140606494,155.61716287550334,2963000
2022-10-03,160.62646484375,162.63394335396364,155.76724664490587,157.0617794975531,3444700
2022-10-04,168.50631713867188,169.03163653766003,163.42195536435057,163.5063786290708,4008200
2022-10-05,167.3336944580078,169.09726436898092,165.74834663637645,166.17985278891805,3067400
2022-10-06,167.73703002929688,169.77264913895334,165.93592944813366,166.42373199528464,2415000
2022-10-07,166.55508422851562,167.87777234267287,164.2943218740557,165.77648089139916,2759200
2022-10-10,167.60577392578125,169.9415846496756,165.16678874530183,168.67517831339575,2633900
2022-10-11,168.618896484375,171.74268638169568,165.72962521916057,165.8703449867531,2542400
2022-10-12,168.38433837890625,169.90401417826376,167.70892373166336,168.36557288485005,2260800
2022-10-13,171.79893493652344,173.49684721041464,162.0148263907841,162.9904174112832,3745900
2022-10-14,167.1554718017578,172.91524777559044,166.53633929140804,172.37116293139326,2830200
2022-10-17,169.60386657714844,172.89650280488956,168.10294170368147,171.01097827831856,2940000
2022-10-18,172.1835479736328,174.04093115898846,169.70703228853247,173.4499397443341,2674000
2022-10-19,172.9902801513672,174.2003896656557,170.729517717687,171.61130982469106,2088700
2022-10-20,169.3599090576172,174.23790632820285,169.28487571814395,173.11220584183616,2953900
2022-10-21,179.63450622558594,179.81393527891703,169.23720355452156,169.72825585771915,3483800
2022-10-24,180.65440368652344,181.4476553075359,177.96299676064763,178.15186413569958,2919500
2022-10-25,183.99740600585938,184.78121932327153,178.40684797301904,179.70060465820214,2545000
2022-10-26,185.9994354248047,188.47363118029412,183.74243643015072,187.26486268832545,3546000
2022-10-27,200.33470153808594,205.04702012026092,195.8301414126583,198.45543710101992,7872200
2022-10-28,207.13400268554688,207.28510234603016,199.4564367115703,200.67464350128205,5161000
2022-10-31,204.41424560546875,206.69012080690425,203.0449249816788,203.35656257408004,3786100
2022-11-01,206.3407745361328,207.256796518654,204.6503919225167,206.46354482543722,2717500
2022-11-02,202.60113525390625,209.36269447718254,202.02508034558912,205.49086253131145,3150000
2022-11-03,207.0584259033203,209.4476331362987,199.5980576563399,199.76803394501593,3570400
2022-11-04,215.17042541503906,216.94579586200408,211.15693283870593,211.55355861120842,4973800
2022-11-07,215.8881378173828,216.37920449748847,210.27868913936274,215.31208298389055,3405600
2022-11-08,217.02134704589844,219.68442434750807,214.0560848531992,215.88812848741478,3676600
2022-11-09,212.98895263671875,216.38862255025302,212.53566811813252,213.48947200452534,6248300
2022-11-10,219.51443481445312,219.64664340682359,213.7350100484646,219.29723807191363,4590800
2022-11-11,223.32962036132812,225.13332020106782,219.08947828801925,220.0338294875366,3585400
2022-11-14,223.33905029296875,226.50263245632954,221.4503479649098,222.86687471095402,3217700
2022-11-15,221.5353240966797,226.0776506437695,219.79772150741928,223.90565461202124,3371000
2022-11-16,219.48611450195312,221.6014664769593,217.99403780659026,220.978191197316,3062000
2022-11-17,217.61630249023438,217.70129064368834,212.96064337461922,215.0759953439637,3256900
2022-11-18,218.5511932373047,218.93838069105536,214.96267017320912,218.0034822169451,2868700
2022-11-21,219.25003051757812,220.66655740895126,215.5670663638706,218.6645373469007,2522600
2022-11-22,224.0567626953125,224.26452111409785,220.3737987434922,220.97818294096157,2523300
2022-11-23,223.73568725585938,226.29488537877472,222.4985894745802,224.40618295614246,2311300
2022-11-25,222.58358764648438,224.27398446025296,222.10197369450597,223.8112471583985,1034800
2022-11-28,219.37278747558594,221.88476513544927,218.68341513166982,220.92152287308517,2862100
2022-11-29,222.03582763671875,222.611882388297,218.664501678205,220.31711611523147,2277900
2022-11-30,223.2540740966797,223.58458837598835,217.9468104721858,222.77244575506512,3850000
2022-12-01,222.57418823242188,223.81128628567063,219.03287041144608,223.7168453799143,2504700
2022-12-02,222.9896697998047,225.19944831134092,220.59100950670936,220.8743177693912,2218300
2022-12-05,219.62777709960938,222.78190681586779,219.33501610803725,221.73367635212244,2064500
2022-12-06,215.58595275878906,220.08107418610982,213.0078777346628,219.64666624620418,3633800
2022-12-07,216.23753356933594,217.04967617707632,213.21561261367026,214.36772222952652,3044000
2022-12-08,218.069580078125,219.5616567217801,216.76637079488,218.06014175348406,2189400
2022-12-09,214.6416015625,219.85442479568695,214.54717507788712,219.089502544933,2257000
2022-12-12,220.09048461914062,220.41156056335652,214.38660980850472,214.88711478321054,2709200
2022-12-13,222.38526916503906,224.6800356632647,219.21224855822854,224.58560918910504,2945200
2022-12-14,221.4314422607422,224.96332056807856,220.1471241862248,222.92351873037666,3513800
2022-12-15,217.82406616210938,219.9677331579083,215.04767113849812,219.24059305908193,2953200
2022-12-16,219.76943969726562,220.24161535587788,215.35932077498597,215.9070462681351,7610700
2022-12-19,219.36334228515625,223.74513144410895,218.0790240277224,220.88374835160624,2622400
2022-12-20,222.0547637939453,222.60248927633543,218.9572926870654,219.5050181694555,2649900
2022-12-21,228.27798461914062,228.44797530811363,224.4344831814482,224.4344831814482,4143600
2022-12-22,224.3211669921875,227.39976097930628,220.07158679518506,226.78592408283512,3129900
2022-12-23,226.52151489257812,227.1542284594859,223.3390559995725,223.7640111523129,1959900
2022-12-27,229.6095733642578,231.41328779660955,226.37989366347097,227.29591557269012,3381500
2022-12-28,226.0587615966797,230.2516826131275,225.01996966570255,229.60951639861793,2270000
2022-12-29,226.83316040039062,228.16469908030706,225.01056946051062,227.78696435577262,1652500
2022-12-30,226.22877502441406,226.79539151793907,224.47228118607373,226.06823704683504,1521100
2023-01-03,225.58665466308594,227.28647556207414,223.0557855569553,227.28647556207414,2651900
2023-01-04,227.9286346435547,228.65578919297425,225.27500974604743,226.64431627494372,2387900
2023-01-05,226.90870666503906,228.0985839973334,224.3400702314923,227.1447944665808,2355900
2023-01-06,235.01124572753906,236.00281739275692,228.7596452478124,229.37346777836547,3945100
2023-01-09,232.8958740234375,237.0038072549022,232.31038092650093,235.15287267637788,3417100
2023-01-10,236.56942749023438,236.88106513326346,232.7353637039208,233.207539330997,3011900
2023-01-11,236.7771759033203,237.87262677011742,233.3775201779701,237.49489204829715,2402400
2023-01-12,240.8756561279297,243.05710499138982,237.04157833284103,237.9764911641761,3881500
2023-01-13,244.07701110839844,244.19032864503473,241.0267606668029,242.50938460653393,3067800
2023-01-17,241.9994354248047,246.0034750869583,241.69723613954136,244.45472536446638,4100100
2023-01-18,238.75088500976562,244.50198054514786,238.04262158689622,242.96268342835498,3361400
2023-01-19,233.18109130859375,238.3997932503934,231.80525460143102,237.66917092459596,4885200
2023-01-20,236.9385528564453,237.13780426864622,232.2417097287302,234.24379405735615,2964100
2023-01-23,239.775634765625,240.70550853086453,236.52106934809814,237.92537057210558,2610200
2023-01-24,244.43450927734375,245.80086271912884,236.97652328462559,239.9464439052174,3505100
2023-01-25,245.22206115722656,245.93370232782908,241.31278362646395,241.5120350463417,2424900
2023-01-26,248.71385192871094,248.8467055193871,243.7513591310394,246.7022840915071,2677200
2023-01-27,251.01011657714844,252.4333991155316,248.71387467425035,249.03648190813965,2783000
2023-01-30,248.12554931640625,251.44654137226638,247.9452645739765,249.87143880810524,3426900
2023-01-31,239.38661193847656,244.2257925133134,233.80735460847237,243.8557251789743,10992100
2023-02-01,236.77723693847656,239.77562179044614,232.76358490843975,238.87421256324123,6022000
2023-02-02,232.37454223632812,236.76774473534607,229.43310094831963,236.57797666489,6130300
2023-02-03,235.0883026123047,238.11515228903332,230.69511393795548,231.52061313038044,4134700
2023-02-06,238.5611114501953,239.2442881772153,235.31602923603913,235.4204038603999,3528800
2023-02-07,236.89109802246094,239.11141482819838,232.80153606158225,237.7355782337906,3467900
2023-02-08,236.1415252685547,238.6939473843292,234.4430812893645,235.41091738614247,2300300
2023-02-09,233.6839599609375,239.08294611200853,232.92487322209465,237.2137009899378,2464900
2023-02-10,235.00289916992188,235.91380627473595,232.12786988546907,233.68399139414444,2820300
2023-02-13,235.4583282470703,235.67657528979186,230.23962650533622,231.04615892950014,3068100
2023-02-14,231.8621826171875,234.66130166050488,229.29077948240678,234.3766422964574,2512900
2023-02-15,235.980224609375,236.0466514059016,230.7899868429318,231.7103773083186,2398200
2023-02-16,233.91171264648438,235.81890577221702,232.01400285748113,233.89273149464887,1934900
2023-02-17,235.11676025390625,238.02975188223473,233.06724457799174,235.18318704962172,3759300
2023-02-21,228.39889526367188,235.316041899007,227.4879880858344,231.9950493722065,3105900
2023-02-22,225.72312927246094,229.84115675126685,224.3283111782881,228.85435386097913,3145200
2023-02-23,225.78001403808594,228.5127207042373,223.55021377451564,228.36090044981194,3219000
2023-02-24,224.09107971191406,224.58448835727137,221.10219230529196,223.199153710899,2105500
2023-02-27,227.70620727539062,228.91125711810315,226.5106552483576,226.8712247631167,1720900
2023-02-28,227.2981719970703,228.76889984414242,226.50113743370395,228.61707960015588,2647700
2023-03-01,235.95172119140625,236.9290404763609,229.214860803776,229.63234475360957,4117700
2023-03-02,239.28224182128906,239.5763990268215,233.54168077704242,233.90223582401657,2676500
2023-03-03,242.2521209716797,242.33751443038545,237.128310752077,239.48146664390282,2314700
2023-03-06,240.9901580810547,242.62218963097848,238.71291216312108,242.57474399135978,2317100
2023-03-07,233.55116271972656,241.72080462494927,233.37087795812727,241.0566090388291,3018400
2023-03-08,235.99920654296875,238.26696931567278,234.12996111560938,235.3065464768967,2068600
2023-03-09,228.63607788085938,237.337075378805,228.30397288205268,236.21741909348285,2518800
2023-03-10,215.3995361328125,225.95081200055975,214.25142986236085,224.2238892091351,5767500
2023-03-13,213.2076873779297,216.6520352050163,210.20930250007265,211.19611967732058,4885100
2023-03-14,214.1280975341797,217.84760724776302,210.8355696578149,217.2783029575975,3754900
2023-03-15,206.14820861816406,209.8677180572989,201.69809133664003,208.1787575078544,5471700
2023-03-16,207.52407836914062,208.56781015670816,202.40975062276365,204.63955113146108,3555000
2023-03-17,204.01332092285156,206.281083933609,200.6164180758998,206.281083933609,7203000
2023-03-20,209.04220581054688,210.52241703255814,205.40809006503167,206.23360361451927,3464200
2023-03-21,213.41641235351562,214.44117723878736,212.17341492588386,212.60039667515338,3074600
2023-03-22,208.7006378173828,215.0010339390193,208.61524434895998,213.65366168318727,2930200
2023-03-23,208.21670532226562,213.77699518144783,206.47081591733402,209.23197245727317,2957400
2023-03-24,205.91099548339844,206.30951280176097,202.23893167404765,205.7591897038151,2976800
2023-03-27,206.85037231445312,207.7612794070577,202.97904250804342,203.93738076389005,3209500
2023-03-28,208.89990234375,209.27943851982096,206.5752106889671,206.9926946912943,1802000
2023-03-29,211.59463500976562,211.80338423844896,210.17135271149365,211.34793795694725,1857300
2023-03-30,213.05587768554688,214.76381943978137,212.5340190614666,213.53980296163328,1921100
2023-03-31,217.1359405517578,217.34468977717455,213.39745012359083,214.80176572700827,2746700
2023-04-03,218.11326599121094,221.88971882693826,217.15492777744424,218.2461050948853,2242500
2023-04-04,206.32850646972656,217.75272820263268,205.18988342270958,217.19289277724192,4282100
2023-04-05,202.6090087890625,206.73653386702884,200.73027992634232,205.1424499241311,4265300
2023-04-06,198.47201538085938,202.10613207529966,198.25378276636752,201.79300816143942,4180100
2023-04-10,204.5067138671875,205.0380703425287,198.6143325151057,199.46829621070717,3839000
2023-04-11,209.3173828125,211.49973735467987,205.1139483562573,205.1139483562573,3882000
2023-04-12,209.22251892089844,211.80340557334029,208.6437168154969,210.78812381535,2385100
2023-04-13,210.33265686035156,210.81656763083498,205.5788991837018,208.69114199259297,2909100
2023-04-14,212.23985290527344,214.2798995871492,210.1144272372652,211.58515519899507,2246900
2023-04-17,213.72007751464844,215.31414675694788,212.82815161453385,213.50183046870453,1751800
2023-04-18,213.68212890625,215.8644981569185,212.6004348572581,214.02371726268836,2567100
2023-04-19,213.16024780273438,213.6346752534223,211.03482208981362,213.30258472496683,2078400
2023-04-20,210.9019775390625,212.75224165331198,209.63050100047118,211.0442999792446,2826800
2023-04-21,210.13876342773438,210.82564844725735,207.49616452087423,210.52035974659537,2712500
2023-04-24,213.15341186523438,213.4014625767683,210.38680212756594,210.38680212756594,2790700
2023-04-25,208.57420349121094,212.96261955981038,208.23076096784516,212.13263952707933,2505600
2023-04-26,206.24644470214844,210.25326476113614,206.17965733196402,207.71560671955558,3254700
2023-04-27,204.4719696044922,206.14147897672612,194.65524634385542,200.79904316279095,7711100
2023-04-28,208.7364044189453,210.41544884321402,203.20316965771704,203.43213621614993,4669500
2023-05-01,207.27674865722656,211.75103612504506,206.57077945027066,209.25153218293806,2876400
2023-05-02,205.25424194335938,207.12409880448604,200.90397994612664,207.12409880448604,2858000
2023-05-03,205.7217254638672,209.08936338734028,204.97760241067277,205.7217254638672,2635100
2023-05-04,200.70367431640625,206.9523984644483,199.70196566710462,206.11288355427328,3211000
2023-05-05,205.19699096679688,205.75985058499316,202.63071444967434,203.7659830552682,2716600
2023-05-08,204.91079711914062,208.07810178188987,203.80416200669066,206.48491463778385,2414100
2023-05-09,203.67062377929688,205.48322826717404,202.20144727033036,203.90912513596322,4111900
2023-05-10,203.36532592773438,206.05562809752578,200.52239395982238,205.52137285471952,2446100
2023-05-11,200.3697509765625,200.60825232415704,198.83380171577502,199.38712658903037,3263300
2023-05-12,199.90228271484375,202.77384825088328,198.36633345697544,201.97248721816075,2172600
2023-05-15,201.57177734375,203.49887216309867,199.53020654440874,200.63685620755678,1925600
2023-05-16,197.66990661621094,200.59871004298412,197.5268116357681,200.38882770035696,2771500
2023-05-17,202.3445587158203,204.00451885732363,199.05322831738917,199.65425640005358,2897400
2023-05-18,204.8440399169922,205.7408073188868,200.5605504458654,201.29513867717841,2643600
2023-05-19,204.9012908935547,209.77625936119028,203.1554591603774,209.36604400201765,4402100
2023-05-22,204.40521240234375,207.1718370758709,202.1442240342806,204.3956775878892,2540600
2023-05-23,202.92649841308594,205.35920057796028,201.62905046523483,203.3939517503992,2298300
2023-05-24,200.05496215820312,202.70709643901267,199.59704356732863,202.06791446340443,2964000
2023-05-25,200.32205200195312,202.04879946568056,199.005534434325,200.04539683799982,2243600
2023-05-26,202.05831909179688,203.47024281540752,200.54145420621052,202.00108110471288,1973900
2023-05-30,200.24574279785156,203.09822440032158,198.67163959146282,201.46686863774582,2885900
2023-05-31,196.28659057617188,201.085236073088,196.1434956038844,199.5111331500629,5937000
2023-06-01,199.4539031982422,200.88491120664295,196.56325362886372,198.12782180243656,2989100
2023-06-02,216.20626831054688,217.30336879848693,204.1667091584339,205.0634766458826,8358200
2023-06-05,212.23757934570312,216.54968776551496,210.5966889175526,216.54968776551496,3438400
2023-06-06,216.2539520263672,217.77083178046854,211.26450751558053,211.65565325027822,3230100
2023-06-07,224.7159423828125,225.48868431594326,215.87230952783423,217.33193641418458,5586400
2023-06-08,223.66656494140625,225.4123965844702,221.08121843823824,223.75242193443384,3546800
2023-06-09,224.21986389160156,224.96398685904364,220.78543899804916,224.85904569404718,2488500
2023-06-12,226.95790100097656,227.90237167971782,222.58856865241688,224.41070808106437,3644200
2023-06-13,234.15109252929688,235.3340499332102,228.65601199562352,229.0376228976661,4335100
2023-06-14,232.12860107421875,236.89862807748347,230.4590916230761,235.44853579254018,3122400
2023-06-15,236.2785186767578,236.9558689244396,232.28123367079536,232.77732056105668,2743900
2023-06-16,233.98890686035156,239.35041251177404,233.7027023310052,237.92893923543292,5261200
2023-06-20,230.05841064453125,232.03320893225887,229.48601610323877,231.18414465591886,2979800
2023-06-21,230.37322998046875,233.97936938545442,227.08191411807297,227.85465619671734,2892500
2023-06-22,226.4236297607422,229.8962087059181,225.09756288610825,229.1807046824041,2421600
2023-06-23,223.6570281982422,225.01171411875882,220.6423676420106,223.6570281982422,3354000
2023-06-26,226.05157470703125,228.5987673566552,224.31529246333682,224.6301159895106,1748300
2023-06-27,229.6195526123047,229.76264759363323,224.49654848321117,226.5571889991749,2283000
2023-06-28,230.74526977539062,230.9169983083325,226.9197135552841,228.28393422097727,2200100
2023-06-29,233.0063018798828,235.50579155998886,230.26829627464667,230.8120863814004,2070000
2023-06-30,234.73300170898438,235.57251645540904,232.67234681355373,235.22908852980257,2377900
2023-07-03,235.9541473388672,236.96539069093782,233.9888986271878,234.63761528437783,1045700
2023-07-05,233.56915283203125,236.1163456013797,232.89180256685646,233.7313320094466,1820600
2023-07-06,229.51463317871094,232.65330470784934,227.85465845324336,231.58482326081804,3079700
2023-07-07,233.90304565429688,236.40254979367893,229.0662456666433,229.14256784830826,2903900
2023-07-10,237.3660888671875,237.89079476543031,232.86318207003274,233.26386260406335,2771900
2023-07-11,241.2202911376953,242.76577535512354,238.34872533004364,238.34872533004364,3293300
2023-07-12,241.93576049804688,245.78995023073685,239.87510546613143,243.73883001173132,2986200
2023-07-13,244.09182739257812,244.6642219105128,241.115335139809,242.85161743493518,1949400
2023-07-14,243.86288452148438,244.68334440173254,241.2775377337225,244.68334440173254,1936800
2023-07-17,245.6182098388672,246.94429125318507,240.41888358048774,242.5749449930355,2674500
2023-07-18,251.67611694335938,252.01002459604308,245.11255631456623,245.78037161993367,3832400
2023-07-19,251.90625,252.06924693636617,248.98213587070396,249.4039793150636,2771900
2023-07-20,250.31475830078125,254.4468813705604,249.6915897865617,253.26766244962025,2102300
2023-07-21,247.0167694091797,250.95716477601783,246.88256242842064,250.9475681137791,2249900
2023-07-24,248.66575622558594,251.60906388362875,247.44817985041496,247.63990826532535,2195300
2023-07-25,251.2447509765625,252.98964638680772,248.73288336261885,249.36564859682144,2016600
2023-07-26,247.6591033935547,251.70494455570403,246.63325542581308,249.77788818278364,2622800
2023-07-27,247.63987731933594,250.32433811563877,246.2209760454806,248.28223911139082,2284400
2023-07-28,249.68199157714844,252.1267700905364,248.30141834227575,249.20262668332074,2101200
2023-07-31,254.22642517089844,254.26475330176666,250.861273796899,251.90628589630376,3568700
2023-08-01,276.7373962402344,276.8620358159447,259.3364533720682,261.4935957753479,11823200
2023-08-02,275.70196533203125,281.7515486816023,274.2830345421328,275.87452969268907,6288300
2023-08-03,269.83453369140625,276.0566811868776,269.4510183368063,273.75573534984665,4743500
2023-08-04,265.03125,271.7998795811969,263.99580550276835,271.512272364249,3888200
2023-08-07,270.0262756347656,270.3234795687863,264.50401120093335,265.6832302752364,2438200
2023-08-08,271.2151794433594,272.231431036477,263.43986290569023,266.5269750823648,2519500
2023-08-09,272.7873840332031,275.2704906606234,272.164215525769,272.91202358631216,3088600
2023-08-10,272.106689453125,275.7882082469073,269.5852254849765,272.7490220123816,2647100
2023-08-11,273.44891357421875,274.2350790288532,270.9466135925435,272.2217406057136,1874100
2023-08-14,272.7969970703125,273.81324836082507,269.6619317659708,272.336796213847,2194000
2023-08-15,265.9228515625,270.97537579443065,265.61605103729835,270.86030365389865,2593600
2023-08-16,263.18096923828125,270.0838073575397,262.76869312157464,265.5681974629867,2831300
2023-08-17,263.81365966796875,268.01287110147706,263.3246981671864,265.58728617451663,2534700
2023-08-18,262.500244140625,264.31225775919154,259.92125827835406,261.74286855885447,2533000
2023-08-21,261.4935302734375,264.8394876226824,257.70653618859876,263.41098970715655,2207400
2023-08-22,259.048828125,262.8166295728434,258.5407024533426,262.6344685529932,1668800
2023-08-23,261.7619934082031,262.4618766878628,258.00375975762125,259.1446505484348,1677800
2023-08-24,258.1859130859375,263.3534805446604,258.0900635162694,260.3910090924009,1433600
2023-08-25,261.3113708496094,262.32762201491045,257.73529845141394,260.3142837458409,1291700
2023-08-28,263.4493408203125,265.56812525189304,261.7715638557247,262.21257132271745,1550700
2023-08-29,268.4731140136719,268.5689928486119,262.14549126309436,263.6507041231261,2065800
2023-08-30,270.67816162109375,272.0970922059106,268.2621731467293,268.4730948653087,1431000
2023-08-31,269.5277099609375,273.0558285585585,269.24967013016783,271.93413109122736,2579000
2023-09-01,274.43634033203125,275.22250560401045,271.94363759005824,273.0461707476315,2336600
2023-09-05,270.007080078125,277.4659968021559,269.7673976265069,274.5226892743388,2515600
2023-09-06,271.2245788574219,272.72979124519634,267.5238969063419,268.8469483423167,1688900
2023-09-07,269.8153381347656,271.78075190741885,266.19134042546693,269.33597320359854,1593200
2023-09-08,270.63031005859375,271.6945155996685,267.60071967117284,269.9496199336906,1240100
2023-09-11,270.40972900390625,273.2379936236058,268.3964198258006,272.8161501699941,1515300
2023-09-12,270.1796569824219,272.95996769883055,268.271793941438,268.69363741654695,1587300
2023-09-13,264.53277587890625,271.0712917831283,261.7620323297722,268.6457062239534,2119300
2023-09-14,270.898681640625,271.49308941710046,266.36387929275816,267.4856059979311,2660500
2023-09-15,267.62945556640625,270.2372021605426,265.8845600623492,270.2372021605426,4940900
2023-09-18,269.34552001953125,271.0808184085714,267.34177848904034,267.5431035306014,1363200
2023-09-19,268.1280212402344,271.79994411967317,266.19136799256455,268.52107477735666,2313500
2023-09-20,267.1116943359375,274.7719652990921,266.6035687145412,269.8824374894025,2380300
2023-09-21,260.8033447265625,264.81082947334863,260.3910978105793,264.81082947334863,2277600
2023-09-22,261.7908020019531,263.74661932357066,260.40063184892705,260.7841472415664,1707800
2023-09-25,262.9508056640625,263.48769199906286,258.92415815155994,259.57608737861597,1257400
2023-09-26,258.3968200683594,262.1358893317215,258.04209475810705,259.9595541718892,1756400
2023-09-27,261.4552307128906,262.9125189299838,258.09010855803655,259.8158107267763,1991600
2023-09-28,264.83953857421875,266.7665950384408,260.98545490388926,262.2030313456268,1994700
2023-09-29,261.7333068847656,268.0129770866285,260.160975539436,267.5623727872347,2257800
2023-10-02,260.5060729980469,265.38600436710834,259.0871423035444,261.3881173234106,1778200
2023-10-03,257.8695983886719,262.28932945827034,256.49862156847297,260.0171441354515,2187900
2023-10-04,254.0921173095703,256.7669812183965,251.9349756026701,256.46018070924725,2970100
2023-10-05,250.03671264648438,254.96459771475483,249.68198731240864,253.0087807890734,2639300
2023-10-06,255.06045532226562,257.34223666936276,247.61110689402392,250.77493243088026,2293400
2023-10-09,260.1033935546875,260.4005974640568,253.7278459784986,255.06049449828112,1640800
2023-10-10,261.9346008300781,263.7466144752046,260.6115488208968,261.39771439999237,2009000
2023-10-11,261.57025146484375,263.0850610086976,258.76118003313275,262.2413740614544,1538200
2023-10-12,258.4831237792969,262.5002039267006,255.20428429293185,262.5002039267006,1910500
2023-10-13,256.88201904296875,262.63439681490996,255.1179600372129,259.32676789280123,1918300
2023-10-16,259.61444091796875,262.6631945447453,258.45435683799246,260.88953863018685,1678600
2023-10-17,261.3976745605469,264.1875817942396,257.4956372459996,257.4956372459996,2110100
2023-10-18,248.5219268798828,257.8983026613348,248.07132272721333,257.4189377864996,4257100
2023-10-19,242.4532012939453,249.2697713969235,241.3698318369604,247.2660294378219,3850000
2023-10-20,240.1499786376953,244.28419000621508,239.14775404497183,242.18335186284304,3103500
2023-10-23,238.33828735351562,242.47248443541443,237.60587824569302,238.63702698238095,3193200
2023-10-24,240.48727416992188,242.57846606822508,238.2707986831032,241.16184982991538,2304600
2023-10-25,236.04469299316406,241.66297085159627,235.62066980314702,240.79564667983965,2542400
2023-10-26,233.62583923339844,237.76968220672478,231.67920868924597,236.61326467349684,3859200
2023-10-27,229.8964080810547,235.06175390702214,229.22183235287105,234.22335369518302,3229900
2023-10-30,233.36566162109375,234.75336858092535,230.4938734440794,232.1899662637168,4478300
2023-10-31,217.84071350097656,222.16764410510805,215.63386949029592,219.38259867020815,12093300
2023-11-01,223.4108123779297,224.20102543074503,215.7880701525637,216.93485620297332,4932800
2023-11-02,230.43606567382812,230.88899823644235,224.42268816958475,227.23664310253287,7749900
2023-11-03,232.0068359375,235.3700971290825,229.53016192866016,232.73923020898863,3929500
2023-11-06,229.62655639648438,234.09804828411708,227.77628541242737,232.73925070523805,2891500
2023-11-07,226.3885955810547,228.52797478444532,225.08763127930487,226.06094661954566,4074000
2023-11-08,226.29225158691406,229.1543791294582,225.93567855872806,227.42939148611322,2532500
2023-11-09,225.64654541015625,230.59024778008083,225.32854271101291,228.81707319953435,2708800
2023-11-10,230.9757080078125,231.42864053465587,226.0994707150529,226.79332417299818,2525200
2023-11-13,232.89344787597656,234.47388862271217,230.20477670917307,230.20477670917307,3035700
2023-11-14,238.85865783691406,240.4872857474336,235.80378207593932,237.78896827291084,3441800
2023-11-15,241.97132873535156,243.74450315584275,239.57176581234694,240.45835302259252,3739900
2023-11-16,239.19598388671875,243.73492675655314,237.64445224160178,241.40281351628306,2625000
2023-11-17,243.87945556640625,245.02622688591657,240.9209393726791,241.00766738173795,2792500
2023-11-20,241.35459899902344,243.71562131164907,239.62961150830762,243.43615948637517,2661400
2023-11-21,240.3523712158203,240.77639442491346,239.30195944170603,240.38128055238147,1765500
2023-11-22,237.07583618164062,238.63701386987844,233.0283673360723,233.05727667246123,3593700
2023-11-24,238.37680053710938,239.8608669645478,237.74076576621593,237.78895289212838,982200
2023-11-27,238.40573120117188,239.20559050801168,237.37459719669485,237.99135423147345,1743300
2023-11-28,238.51171875,239.83196073011916,237.07582472526664,238.7430081345818,2149900
2023-11-29,240.3909149169922,242.44356606480198,239.29231600083642,240.6125580681107,2224700
2023-11-30,241.6147918701172,242.36646402152587,238.83937795436373,241.9231630248414,3210500
2023-12-01,247.43545532226562,248.0907532306172,241.8942589149,242.76158313463566,3731500
2023-12-04,245.49842834472656,246.25010047202073,243.25304350639777,244.3612886102316,3028700
2023-12-05,245.92247009277344,247.85948393243825,244.5636724121887,244.5636724121887,2682200
2023-12-06,246.6741180419922,251.53109212807175,246.2886504435747,247.47396257347614,3632600
2023-12-07,248.06187438964844,249.9603328349503,246.5199742792162,247.86912584735748,2162500
2023-12-08,250.07595825195312,252.13825580062837,247.66674863488228,248.03295320216458,3258200
2023-12-11,251.44439697265625,252.71643727268318,250.07595299881507,250.4036019707384,2898300
2023-12-12,251.93585205078125,252.9573545393165,249.70974479658685,250.54814500799824,2375700
2023-12-13,258.23834228515625,258.48890947755496,249.863927930191,251.90693282708702,3708300
2023-12-14,274.8136901855469,275.09313728031395,260.72460996633447,262.5556325005585,6464100
2023-12-15,275.36297607421875,276.43268029365777,269.81217785879585,269.92781519942855,7321200
2023-12-18,275.3341064453125,278.3889972109444,274.2355221415803,276.3266996412773,2691700
2023-12-19,282.3207702636719,282.3882351813194,275.7677328268556,276.38447510583825,3659600
2023-12-20,279.1888427734375,287.4379742601498,279.0057404873413,281.32822211845337,3818400
2023-12-21,279.5357666015625,280.1718014379438,276.19178264305066,279.37192741566156,3209300
2023-12-22,279.8151550292969,282.195454689585,278.41783145961585,279.7669826131763,2833800
2023-12-26,284.8938293457031,286.30079937438506,280.43196891486957,281.00053879351987,2019000
2023-12-27,287.2934265136719,288.2860197092165,284.02655353388826,284.8938631226354,1876500
2023-12-28,286.09844970703125,288.3342031692085,285.28895884851096,286.31046131826,2267400
2023-12-29,284.9323425292969,287.4089870265619,282.55204286445723,286.06948211738006,2300600
2024-01-02,282.0798645019531,285.8671640210489,280.76926870784865,282.7737179839186,2433100
2024-01-03,273.9752197265625,278.4370792396461,273.0308286756243,277.91671130070426,3043400
2024-01-04,275.7099304199219,277.752935291578,273.4838232805895,274.0813025080405,2995400
2024-01-05,278.4371337890625,280.43196617368307,275.10279630902227,275.8544684440439,2684800
2024-01-08,281.6365661621094,282.0509431019961,274.88113389811116,277.11688717874046,2369100
2024-01-09,281.6751403808594,281.7425758944167,277.54092872873497,278.72627036586016,1974500
2024-01-10,282.6966247558594,283.8530275726963,280.8752484110984,281.54019252972927,2048000
2024-01-11,281.4535217285156,284.86497102059957,278.89976523683805,283.90128710605717,1941400
2024-01-12,279.8633728027344,285.08652172543594,278.43711041095804,284.5468612332592,1955600
2024-01-16,276.7989196777344,279.67067869615397,275.2281103145951,278.3889921303078,3140100
2024-01-17,268.51116943359375,271.7780415844277,266.8825417770767,268.7038885103599,3789200
2024-01-18,271.6624450683594,272.2695705404255,267.57643535188083,269.8507149006998,2479300
2024-01-19,276.193359375,276.96786623473247,270.0649933357628,273.32764853933855,3116000
2024-01-22,279.4753723144531,281.33420043546835,276.98722418552836,276.98722418552836,2072200
2024-01-23,279.6303405761719,283.5513600414918,278.3620683035771,281.2471617002739,1866300
2024-01-24,281.4213562011719,283.2898754318108,279.15589260027843,281.57626348314017,2765900
2024-01-25,291.1899719238281,293.6490770337082,283.79333380890534,284.6356181557528,4647100
2024-01-26,289.8926696777344,293.3296142411456,289.1472060426417,291.41266976377847,2920500
2024-01-29,293.59100341796875,294.02668201784553,287.9757544948041,289.49572503397826,2101400
2024-01-30,295.05291748046875,295.9920226155164,290.93828675757186,290.93828675757186,2150200
2024-01-31,290.7446594238281,296.0113893693833,290.376758284569,295.83712973885406,2813000
2024-02-01,297.88958740234375,298.2574885263767,292.32273403053273,293.58131514855035,3196300
2024-02-02,305.05389404296875,307.26127134507726,296.2534281064486,297.2215765643128,4661500
2024-02-05,311.16290283203125,324.20386350589774,305.84777734886825,324.20386350589774,6557500
2024-02-06,312.44085693359375,317.0008276847345,308.9071211362886,312.89588786939214,2825700
2024-02-07,313.28314208984375,317.3784205220227,310.8724619908722,312.65385152915155,3203000
2024-02-08,311.7437744140625,316.03266459224477,311.1822613608092,314.3287435559822,1986100
2024-02-09,307.0579528808594,312.06326360885663,305.51860045633083,311.74378763399193,2823000
2024-02-12,311.38555908203125,312.79904740274975,306.42864424865434,307.10633036751307,2483600
2024-02-13,302.87548828125,305.93484022900475,300.89079623089145,305.73153737375543,2923200
2024-02-14,306.6222839355469,307.7259873382021,303.9695666664603,305.94459775536956,1887100
2024-02-15,312.7797546386719,312.91528007003626,305.4121289155032,305.88654178915,2362900
2024-02-16,311.65667724609375,317.8431306002096,311.2016462837764,313.40902361159215,2513200
2024-02-20,303.7469482421875,308.8394195998845,302.77879959140415,307.1548504020982,2701600
2024-02-21,307.0386047363281,307.6969385723603,302.9336353360589,302.9336353360589,1779700
2024-02-22,311.8309326171875,313.0701614589249,310.1366728193526,310.77565434571585,1875800
2024-02-23,313.5639343261719,314.72569477446024,311.79220606285054,312.71195893676565,1575000
2024-02-26,315.01617431640625,316.8169164054747,311.9858646815829,313.34126671833576,1650000
2024-02-27,317.19451904296875,317.50433367466616,313.45745021879856,316.5652283848986,1640900
2024-02-28,319.0630187988281,321.1154889012056,316.57487005117997,316.9621530894417,1471000
2024-02-29,323.3228759765625,324.223276567339,319.58583681909664,320.4571645901414,2699800
2024-03-01,325.9755859375,327.0114822957982,322.97431991621465,323.3615733764187,1815500
2024-03-04,327.8634338378906,329.4221680499199,324.1263953771308,324.91059317942586,1551000
2024-03-05,322.906494140625,328.19257546839094,321.17350044938894,324.7363085688175,2030000
2024-03-06,324.9396667480469,326.97278438806086,323.5164873545917,325.53991405559816,1542300
2024-03-07,329.3834533691406,331.4359232719079,327.65045944176666,327.727927860104,1732500
2024-03-08,328.3862609863281,333.5271266709361,327.33098276670984,331.1745331296161,2307400
2024-03-11,324.3006896972656,327.43748124215364,320.97025664283433,326.26602988239114,1868000
2024-03-12,326.4983825683594,327.6117769521173,322.1417144266704,324.6008198282879,1645900
2024-03-13,330.6420593261719,332.17175047504213,326.6436309090559,327.36974227141224,1818800
2024-03-14,331.0293273925781,335.79260116881824,328.1442344068317,333.5755329698871,2110200
2024-03-15,335.9184265136719,336.2282410695304,330.2837961543573,332.0458332020674,4406000
2024-03-18,340.6914367675781,342.085572911996,336.7801087209865,336.99310256376,2528200
2024-03-19,342.6277160644531,342.72453681447007,338.48404205541067,340.40098654178604,2207600
2024-03-20,345.09649658203125,346.7713743446226,337.0511860311361,339.93624925018634,2563900
2024-03-21,352.94818115234375,353.56781031514174,345.3579011813363,346.27765398688183,2616300
2024-03-22,346.70361328125,353.87759655222334,346.4615761785001,352.9869165596087,2052000
2024-03-25,344.6124572753906,347.4394342422739,343.721747689255,345.59026713219754,1774800
2024-03-26,345.0383605957031,348.13641719292383,344.6607686055405,345.10610851694275,1637200
2024-03-27,353.03533935546875,353.1902466586263,346.4809847445294,347.2942259269459,2262800
2024-03-28,354.7586669921875,355.52351262139587,351.95104209912216,353.00632047585316,2028600
2024-04-01,352.154296875,356.21084111889024,351.08935724931877,355.7751920571693,1953800
2024-04-02,353.2095642089844,353.3644714968871,349.9662907381362,350.7698409019909,1968900
2024-04-03,363.8205261230469,364.0916065160356,352.98694225179304,353.84857903661384,2623700
2024-04-04,358.0115661621094,368.89354353972846,357.1305476684865,365.35011723573825,2492200
2024-04-05,367.2186279296875,368.8644918111029,359.94785449440474,360.6352314951071,2068300
2024-04-08,361.5743713378906,369.8423666541344,361.01285828579563,367.03471275702924,2690000
2024-04-09,360.05438232421875,365.14685233837156,353.8679294415695,363.08469152897374,2042700
2024-04-10,360.2190246582031,360.7514945226297,352.78365116237234,354.53599760888994,2148500
2024-04-11,360.1318664550781,361.47757741965927,355.2136558465614,360.76115703040944,2535700
2024-04-12,353.9840393066406,360.964379717852,351.12799023215746,356.89817491082846,2072900
2024-04-15,352.31890869140625,362.5328630991493,350.5762237406917,361.0903313521428,2171000
2024-04-16,348.417236328125,351.8831944549366,345.8032239393779,351.45720681313276,2513900
2024-04-17,346.906982421875,351.3507805530364,341.6402521451916,351.0990524849702,2313800
2024-04-18,346.5293884277344,351.9026303752418,344.82546714437984,349.6468278057681,2380700
2024-04-19,344.6151123046875,350.72697149017046,342.16649591720085,348.142306032314,2929600
2024-04-22,347.4815979003906,351.74727662114987,343.2353717089033,346.01438494941016,2085400
2024-04-23,352.9618835449219,355.16758099266286,348.87112920578244,349.80393138657087,1810700
2024-04-24,353.22418212890625,357.7425060730536,348.73503697588217,353.64202597618123,3032700
2024-04-25,328.4270324707031,332.2554446297516,320.96455553607717,321.0811521048608,6459600
2024-04-26,333.65472412109375,335.71467629042485,328.7477334919014,328.8546334684437,3324600
2024-04-29,339.89276123046875,341.0102140241192,334.2376209899346,334.2376209899346,2171400
2024-04-30,325.0941467285156,337.92027187489293,323.68520249899314,337.19151375339726,4201700
2024-05-01,321.6933288574219,328.9128867285087,321.3726586249544,323.93790187169924,3520600
2024-05-02,325.93951416015625,326.63912317030014,319.9248278564422,324.0738802486909,2492000
2024-05-03,327.2124328613281,331.93477177908665,325.49257417891863,328.5144772911617,1977100
2024-05-06,332.410888671875,332.84812576807053,330.0788685324306,331.21571463578397,1653900
2024-05-07,335.2287292480469,338.6684758162828,333.6740393556681,334.71374137185353,1965600
2024-05-08,334.742919921875,336.4627785304851,329.14604767884504,330.3703708953193,2260300
2024-05-09,341.81671142578125,342.8855626116268,335.64655334013315,336.1226954816541,3208900
2024-05-10,344.74151611328125,347.3844804642248,343.5074665398667,344.94556011353757,2210600
2024-05-13,346.5779724121094,348.3950048485895,344.3333994431341,344.75121371022084,2051200
2024-05-14,348.0354309082031,350.3966000558747,346.9180077425071,347.5884675725734,1563400
2024-05-15,349.8428039550781,353.02017896422944,347.9771699553884,351.2322957767019,1913900
2024-05-16,340.7867736816406,348.60876660646403,339.7081961113189,346.64598850300365,2821700
2024-05-17,346.17950439453125,346.3155534671412,341.60291204069466,342.97298076384146,2104300
2024-05-20,352.4760437011719,354.10845492599975,344.72204590336946,346.3058851102815,2247900
2024-05-21,348.90020751953125,352.9520856297314,347.37466690056084,351.99986076567245,1841100
2024-05-22,345.8589172363281,349.02659560904635,342.57464229952757,348.3464094475713,2104200
2024-05-23,340.7673034667969,351.10593641518136,338.9113959250415,350.1925572134119,2749200
2024-05-24,339.018310546875,343.8864248382999,336.8611850770532,342.65240495478025,2635200
2024-05-28,336.6571350097656,339.33897464096185,334.64575528636846,338.14380053287516,2264900
2024-05-29,328.53387451171875,335.5299645693611,328.15493569577075,335.22874690816695,3040000
2024-05-30,329.6416015625,334.7914806025469,328.8836942763564,328.8836942763564,2745800
2024-05-31,328.9322814941406,331.2351822519791,325.5702853928613,329.72906422116085,8319400
2024-06-03,321.9750671386719,331.73071829822374,316.52397017444457,331.2157303694113,3878600
2024-06-04,318.2923889160156,320.974198509621,315.3093320323978,319.400085787599,3706600
2024-06-05,320.1191711425781,321.88760169426496,317.44705795992974,320.14832028207724,2616300
2024-06-06,318.99200439453125,321.6543911688309,317.82597957118844,320.86733479170954,2452100
2024-06-07,319.6236572265625,323.45206964359033,314.55149856995325,316.96126988243884,2499100
2024-06-10,320.27459716796875,322.50947314450707,319.1377511320575,319.4000933742117,2640500
2024-06-11,318.039794921875,319.3321427439753,314.5612021390114,318.47706170597604,3247000
2024-06-12,319.4195861816406,325.6771922598648,316.76689567459556,323.7143845417172,4817300
2024-06-13,317.1166687011719,318.60336380908325,312.34575805987896,318.224395333754,3183900
2024-06-14,312.36517333984375,313.5408948353799,306.9043504254713,312.2874521857213,4195300
2024-06-17,313.2688293457031,314.6680473593956,309.848535119591,312.3651763607232,3198900
2024-06-18,315.9311828613281,316.37814613241636,311.9084244618173,313.9003511368043,3275300
2024-06-20,319.8082275390625,321.7224334434047,315.3870770223104,315.8534929080074,4463300
2024-06-21,318.5548095703125,321.18804780101283,316.94182105037527,321.16862492242916,8265100
2024-06-24,320.65362548828125,324.21969552220156,316.8349394287914,320.03173755680524,2447300
2024-06-25,318.1272277832031,320.1386074527851,315.18304595725914,318.71996651555276,2990400
2024-06-26,317.4762268066406,318.4284518582168,314.60976608056734,317.0098108924577,2198600
2024-06-27,318.185546875,319.90543524984434,315.47458765077556,316.7960549876129,1995100
2024-06-28,323.66583251953125,324.72495760413716,319.02121451894595,319.2058356454895,8891500
2024-07-01,319.7596435546875,325.7937826499475,316.1547280518536,325.6188581498593,2950200
2024-07-02,318.47705078125,320.741046478668,316.35877113587077,318.7102439097061,2119800
2024-07-03,321.2463073730469,322.02366722145166,318.962888804801,318.962888804801,1352200
2024-07-05,319.05035400390625,323.9961895552862,317.37906730327654,322.1791571415997,2280900
2024-07-08,319.740234375,323.8212922289402,317.8746299556113,321.0034034161851,1913400
2024-07-09,316.8251647949219,320.77017309155383,316.60166829368376,319.2349356816294,1896100
2024-07-10,319.1766662597656,319.1766662597656,312.5303950854512,316.8640688450947,2904400
2024-07-11,321.7516174316406,324.9581417400256,319.9734307680879,320.653616968411,3016400
2024-07-12,326.0852355957031,328.6504783264342,323.9864087214439,325.4633774403168,2451300
2024-07-15,335.9769287109375,338.0466065933588,328.2715330185315,329.4958561947796,3394300
2024-07-16,350.36749267578125,352.0193564415934,335.4814145198101,337.0069258010402,4637000
2024-07-17,347.66619873046875,352.4177159539469,346.11153844818193,348.8030744564662,3061000
2024-07-18,345.9464111328125,358.77256866332596,345.6743425623228,346.40310083898265,3876300
2024-07-19,337.7842712402344,346.3933200943043,336.8708919715447,345.2856231076832,3462700
2024-07-22,339.39410400390625,340.2331654907637,333.06224310326206,339.52094130329283,2659600
2024-07-23,335.78424072265625,340.1648314274833,333.0622113060434,337.306228621964,2027800
2024-07-24,327.852294921875,336.41836644909597,327.27667401824954,334.59393431282354,2835800
2024-07-25,335.91107177734375,339.7160715662874,325.8132747538011,327.3352627597733,3291300
2024-07-26,341.94049072265625,344.3405439609443,338.4281995361306,340.14532628821223,1894900
2024-07-29,336.13543701171875,342.8185409599852,334.7695543255206,341.6477673580957,2190300
2024-07-30,333.3939514160156,337.2964909246783,330.3694773419993,335.2866854596381,1970800
2024-07-31,337.7648010253906,342.43807057557837,332.5451485605665,336.9355054381547,2568100
2024-08-01,323.44244384765625,341.3063149669086,320.08625769489777,337.86232525349214,3747900
2024-08-02,313.0519104003906,315.5202650711983,309.92013126032447,314.8861084528186,4246700
2024-08-05,309.08111572265625,312.7690143500352,299.56867571503454,301.47117562616427,4681300
2024-08-06,318.4862365722656,324.07663487181514,302.9346149862211,306.3981067262171,5071700
2024-08-07,317.8617858886719,327.0132444994987,316.5447028109252,325.38395115967467,3011700
2024-08-08,327.9693603515625,328.23277099872837,319.62766590321644,321.95944709949106,2268300
2024-08-09,330.0181884765625,330.2523312664695,324.37902135224897,327.8132446249151,1668100
2024-08-12,327.8425598144531,331.5694918866827,325.47177440228,330.018236131532,2127600
2024-08-13,330.5450744628906,331.24753274413507,325.5986284137242,328.9645507735938,1503800
2024-08-14,329.36456298828125,333.4622412374013,326.4474243361676,331.325598549876,1610900
2024-08-15,337.2183837890625,339.16965314155374,332.4865496544697,336.1061459666189,3232600
2024-08-16,335.1110534667969,337.41353731456815,332.4573256068165,336.8379163526253,2483800
2024-08-19,336.2525329589844,337.66721535001943,334.93542000422957,335.3061659976877,2252600
2024-08-20,334.9354248046875,337.73552177340713,333.49150431348625,336.5940159231892,1479500
2024-08-21,334.6134338378906,337.17935785957206,333.5207277390776,336.1841914114323,1433200
2024-08-22,334.018310546875,336.7306038309732,333.442689596872,334.6427311005119,2021400
2024-08-23,339.9209289550781,341.0234010582096,334.71104262370613,336.5647428146119,2183900
2024-08-26,342.60394287109375,345.7747561833138,340.4380322791706,341.28682984813815,1718100
2024-08-27,342.5649108886719,343.15029776564216,338.64286942879335,341.8136827572015,1210800
2024-08-28,339.7160339355469,345.79421940982337,337.4135204289916,342.04778551981076,1514500
2024-08-29,343.0722351074219,347.7747722116629,339.02332687123544,342.66245539116284,1664500
2024-08-30,347.42352294921875,347.560096324862,341.3062743191414,343.9990356213384,2974100
2024-09-03,331.9499816894531,344.038111402976,330.15481719320826,343.62833167793633,3107200
2024-09-04,328.54498291015625,332.5450911067741,327.12056459491464,330.340147172627,2782500
2024-09-05,325.4327697753906,328.2913728419457,322.5058651211397,327.8328232551525,2525500
2024-09-06,321.3350524902344,330.3694399581627,320.1252749071289,326.05715096250657,2676600
2024-09-09,325.90106201171875,328.1645121547727,324.85712561367404,325.77422472189875,2355800
2024-09-10,326.0180969238281,327.5693525334585,321.364330094937,326.94493203010603,1869200
2024-09-11,326.837646484375,327.30596189051863,318.1642391264439,324.88637695312497,1934700
2024-09-12,331.3060302734375,332.73047842409375,325.54979129065,327.11081282174723,1747000
2024-09-13,336.89642333984375,338.75988923101437,332.05728345734303,334.07685447685355,2518600
2024-09-16,339.4819030761719,342.8966251417689,335.901339755122,339.86241496929347,1648200
2024-09-17,345.0722351074219,345.9405344970736,340.73064883714,341.47214072754514,2088400
2024-09-18,346.4674377441406,352.8188300458924,343.7356721165121,346.35036632781544,1990700
2024-09-19,364.2142333984375,365.5606142180424,352.46758179259325,354.1554407550564,4066600
2024-09-20,359.8336181640625,362.3995423383974,356.9262158700311,361.3751079793078,5440500
2024-09-23,362.12640380859375,363.88253464563957,358.03849136641287,359.99949718717767,2442700
2024-09-24,376.5267028808594,379.94142442386766,370.2533787347521,370.741196098039,4024300
2024-09-25,369.0338134765625,379.17067197699936,368.7118671364191,377.57061682863105,2661500
2024-09-26,381.43414306640625,387.5416259616551,376.79014203004635,380.50730794372095,3906800
2024-09-27,381.5512390136719,385.92209357365715,379.65853492089525,381.47320133135554,2683700
2024-09-30,381.59027099609375,383.1903263293613,377.39505334503195,379.8926760038797,2251300
2024-10-01,382.829345703125,385.853789702607,377.20967984135865,381.7366097391066,2091400
2024-10-02,384.4488830566406,386.0196705754053,379.17072496195186,382.4293416382451,1767900
2024-10-03,381.56103515625,384.4001361816407,379.24878529382187,382.7805787355065,1866100
2024-10-04,387.4148254394531,387.7758055574631,382.3025085322616,387.05384532144313,1675100
2024-10-07,388.54656982421875,391.39543661941485,386.4879946309257,386.7904390453525,2224500
2024-10-08,378.50726318359375,385.37574041273615,375.4730532911098,384.6537801988869,2438800
2024-10-09,386.5367126464844,386.93672644478363,378.0584447550883,378.7121331020671,1757900
2024-10-10,386.9757995605469,387.28798006684383,380.9853876249317,385.55135132189554,1331700
2024-10-11,392.2247009277344,393.76622062192945,386.9758105887737,386.9758105887737,2110400
2024-10-14,384.351318359375,386.6343000818168,377.4438077154655,383.8049652860048,3006100
2024-10-15,378.5364990234375,382.9073532130695,378.14625109690087,381.11218893179426,2715100
2024-10-16,384.0293884277344,384.98552130817916,377.50238883923936,377.9609384139203,1551600
2024-10-17,384.8781433105469,387.44406746896,383.58056219256355,385.5220658189479,1561500
2024-10-18,384.26348876953125,386.79040897596155,380.2243763825379,386.5952701161413,3024100
2024-10-21,382.3346252441406,384.94891249737105,381.1204712384198,384.10686638014585,2375900
2024-10-22,380.35675048828125,383.1277336726428,377.68371716997024,381.60027752475537,1523900
2024-10-23,377.6837158203125,381.89400623426735,374.70712159463716,378.8782679194926,1500900
2024-10-24,378.9859619140625,380.25883208225963,374.2469274508115,378.8782708467311,1844100
2024-10-25,377.9186706542969,383.85225672126813,376.293294652842,381.48272475069416,1606800
2024-10-28,382.46185302734375,383.4018489219152,379.2894490558624,380.28819095872194,3213900
2024-10-29,379.4265441894531,381.47294316720877,377.50740830940157,381.3750231927603,2186400
2024-10-30,371.3290710449219,380.16093361109307,359.54024610182495,366.19838663368023,4037500
2024-10-31,368.35247802734375,371.00593904680164,364.9744330926052,369.4784830452628,2394500
2024-11-01,371.7109680175781,375.27502251128976,369.07707870797674,370.18351182298954,1633300
2024-11-04,368.665771484375,373.53209834024415,367.4712195233473,370.2128293734173,1793600
2024-11-05,375.3729248046875,378.0166149527698,367.81396224992295,369.26310031434355,1724100
2024-11-06,408.1839599609375,409.5743222727672,395.5824307197155,396.71823690572364,4720000
2024-11-07,399.69476318359375,409.7701229607008,399.0387560641761,406.26481462637594,3211100
2024-11-08,385.1643371582031,394.6522071374418,384.2145700639857,392.5960069469625,3345900
2024-11-11,388.26824951171875,393.6926645131283,386.7701662540609,389.60966675721147,1858900
2024-11-12,384.8118591308594,390.41254168162243,382.9906430121052,389.49214759985136,1737100
2024-11-13,378.9957275390625,383.03958052607607,377.62493751320574,380.8365155227765,2001900
2024-11-14,379.2796936035156,382.0408758482914,378.15368846824424,380.3959276568871,1372500
2024-11-15,376.058349609375,380.3861321667145,374.22736238273257,377.93828188917433,2165500
2024-11-18,376.4401550292969,378.2417690387739,374.9323009476252,377.9480389919499,1626200
2024-11-19,374.3546142578125,375.25543628053504,370.14432385924374,370.14432385924374,1793200
2024-11-20,373.5419616699219,378.1439322588787,370.5751682547816,375.9996129717888,1859600
2024-11-21,381.4631652832031,383.8424684132418,371.09407582669235,375.91145797977947,1833500
2024-11-22,389.1983642578125,389.8544012310989,379.79864379501856,382.21709100385056,1893000
2024-11-25,397.1881408691406,398.6568508907553,391.6560057639216,391.6560057639216,4398000
2024-11-26,399.3226623535156,399.89058030009335,393.379305124627,395.2298642296205,1796600
2024-11-27,395.2788391113281,403.5231813690067,394.8284131865848,399.88077928937,1371900
2024-11-29,397.6385498046875,402.61259797254974,396.5517186963175,398.83310185624657,1962100
2024-12-02,394.1136169433594,399.6359505285798,392.4294950934878,398.9603415964176,1548500
2024-12-03,390.9314880371094,397.070685740706,388.3269717710726,395.10260456697114,1716200
2024-12-04,391.1763000488281,393.09540642109295,387.86680148336984,390.2559058957958,1193800
2024-12-05,386.7407531738281,393.0561886570249,385.9867962008397,392.145595569087,1291400
2024-12-06,386.78973388671875,391.4014756459471,384.54749456710823,389.84464638661484,1331000
2024-12-09,390.9314880371094,401.16348420977033,390.12858597925907,394.14306638752606,1739800
2024-12-10,380.2882080078125,387.2205062254261,377.56617005718505,382.56959111456206,2251000
2024-12-11,380.7582092285156,383.18648745485905,379.3482450817336,382.33464034138336,1651600
2024-12-12,372.8369445800781,381.73732399004706,372.22008157169705,380.93442198291666,1804600
2024-12-13,372.5726318359375,374.9029901976479,370.9864295577276,372.66075086461734,2034800
2024-12-16,371.0157470703125,374.34481714008126,369.87994106891244,373.80627220405665,1311100
2024-12-17,367.9608154296875,370.9863844514308,366.03190835381304,368.18602839625555,2138700
2024-12-18,356.2992858886719,373.2090237357555,355.4572099105119,370.80034758787224,2820700
2024-12-19,352.8526916503906,361.860791976312,352.50021557864596,360.7543589494758,2616700
2024-12-20,358.4044189453125,363.7407140908507,349.7879688970315,351.0216948760834,5142000
2024-12-23,357.76800537109375,358.707971473854,353.95913614686253,357.2588334096532,1804900
2024-12-24,359.90252685546875,359.90252685546875,355.09494547055976,356.8476145827651,886000
2024-12-26,359.4618835449219,359.824160575581,356.27967844288685,357.4350565084976,1097900
2024-12-27,357.2490539550781,359.7360782551992,354.20394248967773,355.80974664784605,1245800
2024-12-30,355.4376525878906,357.2098937551018,351.256705292052,352.9114544297661,1422200
2024-12-31,355.19287109375,358.1400624661869,354.25287508646915,355.917425203501,1168100
2025-01-02,352.2652282714844,361.1558372453786,350.6202800503974,357.8855128483421,1802600
2025-01-03,356.20135498046875,356.87696398235363,351.9910349807965,354.04723499170785,1390800
2025-01-06,356.6028137207031,363.1042880336125,355.01658175943487,359.344393874162,1590700
2025-01-07,355.4278259277344,358.45336499247577,353.55766491082653,356.5342589271442,1607400
2025-01-08,353.5381164550781,355.31035761239735,350.2384191608538,354.88933454872125,1828800
2025-01-10,343.67816162109375,352.34355714243765,342.5031815947822,350.36567509417927,2773900
2025-01-13,354.93829345703125,355.6237034933423,344.46148222190556,345.59728834668624,2746000
2025-01-14,363.819091796875,364.24011486574057,357.5623722550991,357.8659032936751,2331700
2025-01-15,367.06982421875,372.0144694721325,366.52147830542725,371.23116939192744,1984500
2025-01-16,372.61175537109375,373.463632363307,366.9033817009739,368.46021088373385,1974700
2025-01-17,377.96759033203125,378.78029321869843,374.0314585152797,376.6751483158163,2605900
2025-01-21,391.4801330566406,395.6272529987254,384.0506999836018,384.2472578917774,3144500
2025-01-22,390.7431335449219,393.5635929176688,388.28630934570424,391.7946614999142,1994800
2025-01-23,399.3813171386719,402.5162270694257,390.40899078448166,390.5072697459576,2587400
2025-01-24,400.590087890625,402.3295085565696,398.2806672388713,398.72290757301533,1938200
2025-01-27,388.15850830078125,392.63975241685426,383.18589943522187,390.33033209616383,2964400
2025-01-28,383.5495300292969,390.02571425885503,379.8053327887385,387.2347658952422,1788900
2025-01-29,386.4387512207031,392.46285816201805,384.36517627793273,385.1710217055696,2675800
2025-01-30,368.50396728515625,374.23326782959884,366.71539216164894,367.04951663683244,4234600
2025-01-31,365.02508544921875,371.47178923349975,364.867845114172,370.9411068515328,2858000
2025-02-03,355.305908203125,362.1850160482235,353.4780453711676,357.85120449747797,3079300
2025-02-04,355.6990051269531,363.27584225257243,353.20286344447715,363.27584225257243,2709800
2025-02-05,352.65252685546875,356.73084874243517,351.03102899565414,356.6030890945388,2134200
2025-02-06,359.1385498046875,361.1924511012126,356.25912923988244,357.61530090709226,3007000
2025-02-07,357.59564208984375,363.14805818335157,356.31807564966994,362.8728951023263,1804800
2025-02-10,356.9471130371094,359.914946185645,355.3059411034064,359.0206584841102,1944400
2025-02-11,355.97418212890625,358.1263625233941,354.7457700311634,355.49262419303085,1516900
2025-02-12,345.9601135253906,352.73110441916026,345.3704698069219,350.83444361638317,2833100
2025-02-13,347.59149169921875,351.4142944701168,344.3681396236749,346.4810023882535,3547200
2025-02-14,347.218017578125,352.68199156775137,346.70697900968963,350.4413693561098,2045300
2025-02-18,347.88629150390625,350.7656821426383,345.0461884574744,349.3309052699419,3120200
2025-02-19,346.9035339355469,347.7388600578595,343.5524225442752,345.7930447366458,2211000
2025-02-20,343.1200256347656,350.6870553699799,341.4494033490418,348.86899965536065,2174100
2025-02-21,334.1673583984375,345.9207952016934,331.7694959415474,344.47618159029264,3225200
2025-02-24,333.0667419433594,339.48396527672935,330.4231968191943,337.45954462268503,2513300
2025-02-25,336.44732666015625,338.28505639646517,330.5706222312644,335.110828659783,3323500
2025-02-26,336.6634826660156,342.75641799208626,334.24597632280563,339.48394172204144,2397800
2025-02-27,334.1280517578125,340.9285535364795,332.61463983191504,337.71500866828376,1971000
2025-02-28,338.0098876953125,338.9434629032453,332.88984443505046,336.07390901312925,3210300
2025-03-03,326.3055419921875,342.1373013174093,324.33024591610297,341.6262927263671,2569700
2025-03-04,321.10693359375,326.18765940375243,313.17629761529867,321.73589500527214,3500200
2025-03-05,332.6441650390625,333.64656852243064,322.9741084340248,323.4359925905397,3189100
2025-03-06,335.1206359863281,336.0050866427207,326.77724115200306,329.479747596303,2234100
2025-03-07,344.2501525878906,346.0387275833419,333.5384063908297,333.5384063908297,3063800
2025-03-10,339.2480773925781,346.32374252075937,335.94612032644517,339.04171257357666,2809100
2025-03-11,333.90203857421875,339.18912882937974,330.56076380044715,337.98039056760945,3190900
2025-03-12,332.29034423828125,338.95324932145627,329.6566362681765,337.10571298732964,1816700
2025-03-13,327.5535888671875,334.76682027446157,325.9419279758763,330.2266144832518,2490300
2025-03-14,333.7742919921875,336.0836825338382,331.13074699862426,331.88743798553907,1936100
2025-03-17,336.7224426269531,338.41270853765616,333.1452929327548,333.87250314926877,1683800
2025-03-18,330.8948669433594,336.09351479469495,329.55836911623675,336.09351479469495,3310000
2025-03-19,332.77191162109375,336.0935426599014,330.85560678445563,331.1110961016899,2407200
2025-03-20,330.4428405761719,333.9118749965772,327.84841993797886,328.7918619830646,2782900
2025-03-21,329.98089599609375,330.1479731996768,323.52435626344703,325.48981517818714,6766100
2025-03-24,335.7692565917969,337.22367729666706,333.43035519928173,334.6685741790321,2277200
2025-03-25,336.7028503417969,338.8550308180845,334.94375575362136,337.64626247137215,1678000
2025-03-26,335.2189025878906,341.2725209404037,332.9389925513964,337.4300443404412,1703200
2025-03-27,333.4401550292969,336.093537054889,330.8162836838275,335.18941258978595,1481100
2025-03-28,323.9961242675781,332.40828724548703,322.38443332790445,331.17987524531895,1965200
2025-03-31,324.1042175292969,326.2465908993135,316.43893846941666,320.0062517978514,2837500
2025-04-01,324.8609619140625,326.4726230160095,318.29633476050225,321.36244660513375,1955300
2025-04-02,328.88031005859375,330.5411255753791,320.46814660803244,320.4976272980718,1747600
2025-04-03,300.47943115234375,319.09233335620013,299.7325470120002,314.1492043542791,4638700
2025-04-04,283.1047668457031,289.2075400497505,276.63841843131297,280.0779724793044,7216800
2025-04-07,275.2232666015625,289.26648186180256,262.68362652380233,271.2333865750987,7824700
2025-04-08,269.2089538574219,286.7408466373784,263.6368637295319,284.8835032551004,4989000
2025-04-09,295.81146240234375,296.6467586148459,264.48203627089566,266.08389040353114,6457300
2025-04-10,284.1661071777344,293.11875983029387,274.96774212388846,291.55622329673787,4116800
2025-04-11,288.38201904296875,290.3081607012067,279.23280867817857,283.9597357520831,3197900
2025-04-14,292.97137451171875,297.2560916155578,290.6029923265892,293.51189384315165,2758400
2025-04-15,288.3623352050781,296.51900876270844,287.34031802887836,291.70360979917376,3611300
2025-04-16,285.1291809082031,290.6226357804444,282.64284622608136,287.6547731906686,3017200
2025-04-17,289.1681823730469,292.55861146080235,286.8587618343241,287.1241180180345,2717600
2025-04-21,281.1697082519531,287.3512253546487,278.91829779477763,285.70215179857246,2978300
2025-04-22,287.5191345214844,289.5533024915671,283.40140743286463,283.8951381078348,2231200
2025-04-23,292.0614318847656,301.53118259055657,291.47883330596545,297.56159882240837,2458300
2025-04-24,303.0123596191406,304.34543839921633,293.34513520313754,293.7006068058632,2874400
2025-04-25,302.6075439453125,304.1282127331128,300.0993836687202,301.27446509061156,2162400
2025-04-28,303.2099304199219,307.52513241937794,300.04018739418945,302.607593360471,2189600
2025-04-29,303.545654296875,304.7997496684998,299.1119618748156,301.1757527611509,2651000
2025-04-30,305.3921813964844,312.08716859417024,298.391083570514,311.25770462059944,5124800
2025-05-01,310.02337646484375,314.89158412841147,307.1202375028526,307.4757392813264,2961000
2025-05-02,319.62152099609375,320.5991283419822,314.4867394391761,314.4867394391761,3765200
2025-05-05,319.05865478515625,322.37654092878114,315.37544286139166,315.37544286139166,1829100
2025-05-06,316.8665466308594,320.0362897224278,315.8395781960297,317.5182447256282,1724200
2025-05-07,316.2740173339844,318.7525249334288,314.1213285992425,318.6932796607683,1555500
2025-05-08,320.1843566894531,324.7464235036554,318.85127778187876,320.80646218864985,2553400
2025-05-09,321.53717041015625,323.6305837185696,319.256137028354,321.56679304622133,1646200
2025-05-12,338.2549133300781,346.5989747768266,335.47029489681296,338.8078893405799,4592000
2025-05-13,348.1196594238281,350.8746551041414,343.70570564593515,344.55490800719645,4132500
2025-05-14,345.2757568359375,348.01101406612105,344.40678598210764,347.30992490970715,2052200
2025-05-15,345.4238586425781,346.9346733298417,344.13028666161716,345.05850275809854,1580400
2025-05-16,349.1465759277344,349.77856566564867,343.87353585859546,347.1321764417236,2561700
2025-05-19,348.1492614746094,348.53435573766353,344.16979337009315,345.3152521722647,2277700
2025-05-20,345.10791015625,348.0406720180447,343.132987155309,346.4409892088718,2266000
2025-05-21,338.21539306640625,344.05129319957905,337.36616064419536,342.29361322050465,2093400
2025-05-22,340.86181640625,343.01447511004676,336.31948776163546,337.71181200627416,2174100
2025-05-23,339.0843811035156,340.6149342037125,332.02400805859884,333.39659385516836,1936600
2025-05-27,347.1025695800781,348.9096106994874,342.27386882447627,345.5621321925694,2240100
2025-05-28,345.10791015625,348.3764053120126,344.48580458936425,348.07029465766146,1924400
2025-05-29,347.3790588378906,348.66274662052575,344.3672834479684,347.78392163332006,2290300
2025-05-30,343.66619873046875,348.81086431982897,342.6688530474803,347.4185400936048,4867100
2025-06-02,340.34832763671875,342.12574606952904,335.2431390347585,342.12574606952904,2552700
2025-06-03,345.0189514160156,346.4408980131804,340.5951443447703,341.66158922518105,2614300
2025-06-04,344.9499206542969,347.31985241802187,344.9499206542969,345.9077595372377,1616300
2025-06-05,344.58453369140625,347.102578429946,341.513543095359,346.59896345525175,1753300
2025-06-06,348.9194641113281,352.9581773016033,347.84313488667635,349.1367068075376,1608000
2025-06-09,353.5802917480469,355.940308697183,349.49218730675454,350.7660208821479,2147100
2025-06-10,354.07403564453125,355.84156982449844,351.6251205639735,354.93312222690423,1894300
2025-06-11,358.58673095703125,359.7223054884144,353.26429978825774,356.4143039218321,2551700
2025-06-12,356.4340515136719,357.46101978730525,353.3827994637232,355.3379838459412,1571800
2025-06-13,352.57305908203125,355.86132221689076,351.24001038215,352.7508250256202,1609600
2025-06-16,357.8955078125,360.0382821485099,355.6836039469594,356.4735610032439,1579800
2025-06-17,353.1951904296875,357.8461553749599,352.55334653920454,356.1970815584005,1560100
2025-06-18,355.2886047363281,359.66308170330313,352.48421793649857,352.65209963626376,2000500
2025-06-20,355.9995422363281,359.68278378779434,354.63687093572884,358.39909613298266,6268300
2025-06-23,361.6379699707031,362.4970564972736,353.2445487530582,355.40709145404566,2927400
2025-06-24,368.34283447265625,369.4191637646201,363.3068055240931,365.2521056552391,3841800
2025-06-25,366.9208984375,369.49818839457083,364.8768762159489,368.32310690277285,1737700
2025-06-26,377.0917663574219,377.53610590894266,368.3626111489127,369.31056566042093,2575100
2025-06-27,379.8862609863281,382.63140243123644,377.95084510950466,378.21744883488043,4455000
2025-06-30,383.3423767089844,384.2705928237997,379.985014019299,381.46620610018346,2791400
2025-07-01,386.0184020996094,388.9511634985385,379.4320216716016,381.7426776018293,2393600
2025-07-02,393.4342346191406,393.64162320831355,384.5372279817055,387.7761001374332,2713700
2025-07-03,392.87139892578125,397.3742508721599,392.60479518225037,393.9181357892993,1737800
2025-07-07,386.60101318359375,393.0688731461469,383.22388201635965,393.0688731461469,3012900
2025-07-08,389.3461608886719,390.9853504164222,386.610873545077,387.50946702844846,2003600
2025-07-09,397.1372375488281,398.6974435107551,391.90370393334837,394.7080908268254,3101000
2025-07-10,403.2101135253906,406.83411024250313,398.3814427900068,399.58614694320954,3382800
2025-07-11,400.830322265625,401.77827671867567,396.6632341859511,400.3662142282586,2072600
2025-07-14,400.68218994140625,401.6894198268833,397.18659838277875,398.93439416209253,2497500
2025-07-15,399.5663757324219,403.6248274222874,397.9666630296648,401.16605830025003,2167000
2025-07-16,407.7030944824219,407.8907145715626,398.2629652880102,399.9218933167924,3242100
2025-07-17,412.8280029296875,414.63504406820834,407.7030757511053,409.6582300755818,2444700
2025-07-18,408.52264404296875,414.63503247018974,406.9920909393542,413.4500968807582,2526600
2025-07-21,406.41168212890625,413.70600742397147,406.1837231214389,413.49788934908986,1833300
2025-07-22,413.4681396484375,414.78626105732553,406.71889588639976,406.71889588639976,2185000
2025-07-23,423.77532958984375,424.34025169690483,415.707964853871,416.25304603030605,3254900
2025-07-24,425.6881408691406,426.32244579741183,420.71293634997335,423.2302848853988,2511400
2025-07-25,429.88037109375,430.99037435968603,424.79613270127464,425.8565941320716,2218400
2025-07-28,429.07763671875,432.50676072725025,427.27386613372005,427.40271121055406,2550300
2025-07-29,426.21337890625,431.32734858052663,421.0102157792346,430.6732330151204,2383700
2025-07-30,430.2470703125,432.93288505780913,422.6256728686484,426.16383100353147,3172600
2025-07-31,434.1122741699219,437.2143552893255,429.810996311865,430.25699381768305,4116400
2025-08-01,424.86553955078125,427.01616343911303,417.5315630605503,423.16088293994295,4027300
2025-08-04,429.8308410644531,432.9923845133677,426.153917338398,427.0161509616799,4059500
2025-08-05,430.3561096191406,435.81693262371715,422.76444323890615,423.8347949141057,4329900
2025-08-06,423.9041748046875,430.8318051089496,421.74363053818155,429.4740321547263,2630800
2025-08-07,413.3987731933594,423.5176790028451,406.30264554514054,423.0320600822982,4261100
2025-08-08,412.8040771484375,418.13608523756335,412.05087792531054,416.7683918323591,2965200
2025-08-11,404.89532470703125,414.55834260815186,403.1708270993959,413.2600318533708,3416000
2025-08-12,409.028076171875,414.45919826134957,405.98548759124657,407.33334008691867,2765100
2025-08-13,410.00927734375,411.8328585536924,406.8774649684178,411.4760544879851,4403000
2025-08-14,413.7753601074219,415.49982737882766,403.3690336855586,405.64850261317133,3676000
2025-08-15,404.1520080566406,412.8437577224977,403.4681613060707,412.0112552099175,3107400
2025-08-18,408.958740234375,409.4542795976416,401.84277199142224,403.36904169897355,3185200
2025-08-19,412.3779296875,418.11628378791653,410.36604115078353,415.5692042883594,3543600
2025-08-20,416.8377990722656,418.1559507194426,408.3739782564616,411.0994447616797,4060200
2025-08-21,414.1618957519531,416.8278696504428,410.46516128326067,416.1836745393879,2504300
2025-08-22,431.7832946777344,433.9339186395946,416.30261911214717,417.84869955096207,3785100
2025-08-25,428.4433288574219,433.0022971280815,428.31451402679596,431.1192535638786,1857900
2025-08-26,427.41259765625,428.334293562098,423.4284420388205,427.5513329427278,2792200
2025-08-27,428.8100280761719,431.17869040646895,425.12321415704747,425.8962543217677,1970900
2025-08-28,431.0300598144531,432.0905213285052,428.7704014898754,431.0300598144531,1651700
2025-08-29,415.3016357421875,424.2808065353764,410.67328480688974,421.61480235609594,3673800
2025-09-02,412.3382873535156,413.4879422925659,406.85762326836976,410.21739463059276,2329500
2025-09-03,411.4165954589844,414.39975209956526,407.70005024044906,414.39975209956526,1496700
2025-09-04,416.4710998535156,417.0360219813352,410.5940103179587,412.10043908015535,1634600
2025-09-05,419.3055725097656,421.10934304317317,414.1817124530137,417.0855658503855,1843200
2025-09-08,419.00823974609375,420.1281634847258,413.06176771398384,418.8793946794801,1876700
2025-09-09,414.3600769042969,419.7713579658857,412.72480315025484,419.3848530127183,1710700
2025-09-10,419.1370849609375,422.6950537653031,415.75750305872134,416.07465549275634,2221000
2025-09-11,427.5315246582031,431.90218525458863,419.5434329386922,420.13808619414374,2737900
2025-09-12,427.6702880859375,428.75056028585067,423.9339321149357,425.2322428480172,2341800
2025-09-15,432.0508728027344,434.8358016713054,426.7684061265316,429.959680912143,2255800
2025-09-16,436.7386474609375,436.86746228097826,430.40564029054644,432.2391418650219,2366300
2025-09-17,446.6395263671875,448.3045313086375,439.0478599672098,441.0300173485516,4512200
2025-09-18,462.7940979003906,463.5374069199572,444.8654879778833,446.9368388163036,4331900
2025-09-19,462.3778991699219,467.90810541467124,458.5820505323954,466.06471341486275,5069300
2025-09-22,467.88824462890625,469.01805858145184,455.50965151419115,463.1409693464113,3180000
2025-09-23,467.0557556152344,481.0101303368078,464.0131367618536,469.0379130057905,3856600
2025-09-24,465.598876953125,472.26881733323603,464.449222016843,468.48291963680003,2776700
2025-09-25,459.5830078125,463.8248233633606,455.4799275496085,460.5641660295736,2979200
2025-09-26,461.6048278808594,464.27083202017843,458.2549770146327,461.32732705293466,2329000
2025-09-29,467.40264892578125,468.27480309144755,463.289678037778,463.9041420421363,2892100
2025-09-30,472.8932189941406,473.1806403000155,466.04486120972217,467.412554722472,2315300
2025-10-01,476.53045654296875,479.612696709449,466.936822212332,469.7812131749303,2964700
2025-10-02,486.1934814453125,491.5552208012501,479.8703945478238,482.51655771945536,2648600
2025-10-03,493.4085693359375,499.97942638889214,488.13602304585334,488.8496009666566,2996500
2025-10-06,490.9606018066406,501.0795074948337,488.6414811337183,495.95564723426304,2629200
2025-10-07,482.367919921875,493.93382200201785,479.23610750750447,493.48782447565486,2135400
2025-10-08,497.6404113769531,504.9347660341606,484.9744273257863,486.6097010639379,3959400
2025-10-09,495.8961486816406,502.0111178752257,492.7049041431201,499.56315215365623,3113900
2025-10-10,486.9169616699219,506.936763855807,486.9169616699219,498.6315193662882,3889100
2025-10-13,500.25689697265625,501.862439636013,491.02995664581124,497.6701658242201,2618400
2025-10-14,522.7642822265625,526.8178209532057,494.5582195537324,496.1141902137148,5459800
2025-10-15,529.28564453125,533.6464156410382,522.5066991131681,529.4343305541083,3447100
2025-10-16,536.1339721679688,540.1279879992816,529.9298096326004,533.2598196514376,3463100
2025-10-17,522.3778076171875,537.3728340337814,522.2687429811429,532.5859067052197,2814700
2025-10-20,527.9537353515625,530.9554120230167,523.7394977805726,526.3435796883907,2170800
2025-10-21,521.4633178710938,530.1402727330866,518.8691248180469,521.8807498192268,2259100
2025-10-22,510.78857421875,522.6063710062963,507.1110655683006,522.5367888942704,4149000
2025-10-23,517.3385620117188,519.714060073985,509.89406484104944,515.1817592483561,2619400
2025-10-24,519.5550537109375,524.0277218743412,517.8554786340886,519.6842689777025,2392000
2025-10-27,523.86865234375,526.2540386558354,518.2628944140288,523.8487544085407,2493800
2025-10-28,521.284423828125,527.0690813569698,518.5014427140171,522.7654247641187,2775400
2025-10-29,581.9337768554688,592.5886960881123,554.6107583416834,554.7896577581906,6948500
2025-10-30,579.6080932617188,590.1635847521061,572.2729129833897,574.3800316941055,2574800
2025-10-31,573.7537841796875,583.4842987575205,567.8796470181617,580.4826832187915,2974800
2025-11-03,567.1243286132812,572.7200768290861,561.9559006827305,572.4318600949517,2439400
2025-11-04,544.2540893554688,563.0591548217249,541.8885403037689,561.5682656209613,3440700
2025-11-05,565.693115234375,570.5235819577124,547.0172033013409,548.5876236673902,2701300
2025-11-06,566.3192749023438,580.4429267692692,560.802936198976,569.7184853735289,2245800
2025-11-07,559.6797485351562,562.1447264528318,546.9873538099368,560.1270274017677,2320100
2025-11-10,567.3827514648438,570.692542722908,558.0995146559482,566.5379384539784,1829900
2025-11-11,564.48046875,566.9851820502381,556.8570721971415,565.2656485660478,1517400
2025-11-12,569.53955078125,577.7394410709279,567.0348376074203,567.0348376074203,2645100
2025-11-13,550.187744140625,573.3164223708467,541.3219409009232,569.2910340649148,3458700
2025-11-14,550.6649169921875,554.9188892372654,537.7140305388385,545.6257042876273,2764500
2025-11-17,548.6968994140625,558.1789933722746,544.2441298334198,549.2336583411678,1941100
2025-11-18,543.5582885742188,548.2198042224385,534.7819044779213,540.0497004633088,1918600
2025-11-19,549.75048828125,557.5031002595834,544.3137412606447,546.6593924579079,1880900
2025-11-20,542.8128662109375,565.4147360338169,537.7140204613562,562.5124888059083,3195000
2025-11-21,547.0867919921875,551.6190930459434,533.8179014635666,542.5048067612285,2921600
2025-11-24,556.2010498046875,562.303770930973,547.3252965564551,548.7764505760367,4653500
2025-11-25,563.1685180664062,563.6953280792367,544.2242868369434,561.1608283641237,3105100
2025-11-26,570.2451782226562,571.3882174558887,562.5820471356207,563.1684295381483,1995100
2025-11-28,572.262939453125,573.8531970540906,568.9233620924339,570.3048733591917,1019500
2025-12-01,564.6096801757812,572.0939731224682,563.5561208948657,566.9453823369956,1764500
2025-12-02,578.93212890625,582.0033873672734,565.6036060782534,567.8598378257869,2749500
2025-12-03,587.8973999023438,589.6367707569907,558.7952722341024,577.8687184896376,2545700
2025-12-04,595.5109252929688,599.0591885512819,583.4346973261479,586.5953754595274,2313600
2025-12-05,599.5064697265625,603.3132241897843,594.1094575543178,600.3314454870341,2177300
2025-12-08,592.876953125,601.1762122768168,588.3347033041421,600.9873638802582,1822500
2025-12-09,590.7499389648438,596.3457481089031,588.632871387066,589.4478981194702,1755300
2025-12-10,611.6124267578125,613.481012756534,595.0536439367937,596.4849000067838,2797900
2025-12-11,621.8101196289062,623.0028431331369,600.5898207461994,606.7422259966224,2779500
2025-12-12,594.258544921875,623.6886848791781,592.161375218241,622.1977955926144,4581100
2025-12-15,586.1779174804688,600.480529864253,584.3192803647931,598.8703742952125,3968600
2025-12-16,585.3529052734375,595.0237870530518,582.7190374419431,587.1121739265766,2319400
2025-12-17,558.4772338867188,587.4104123981671,554.0741478890851,584.0211505858223,3753300
2025-12-18,562.3932495117188,571.1695737233289,558.4970153317583,565.0470153417933,2193000
2025-12-19,572.7201538085938,578.196697144301,566.8659743097338,569.2116256967963,5355600
2025-12-22,578.8724975585938,582.2319727710629,572.1933430045676,580.9398809195987,2387700
2025-12-23,578.8824462890625,585.1342805437183,576.9741250836139,576.9741250836139,1731000
2025-12-24,580.21435546875,583.5638818359926,577.4711095107192,579.1210002741107,947000
2025-12-26,579.458984375,580.2839601209602,575.1354295978415,579.6677307197201,954400
2025-12-29,575.0956420898438,580.4230721297454,571.1497840708116,576.5666941638784,2585700
2025-12-30,573.8829956054688,577.4511562712479,572.0144097163305,576.4870770896953,1216700
2025-12-31,569.3904418945312,575.423580620767,568.5754152101644,573.7935272520331,1163900
2026-01-02,594.7753295898438,595.9680531205,571.8156594485761,574.0818402232668,2761600
2026-01-05,612.3578491210938,617.9735558810016,602.5378543489936,604.1878056556369,3444800
2026-01-06,619.3054809570312,622.9631219651767,605.2016662464886,612.2585177535216,2706800
2026-01-07,592.8968505859375,621.2038481246618,592.161354936068,619.2159958106629,3312400
2026-01-08,604.4363403320312,605.8775454441251,590.5611088447556,592.8968717959257,2075400
2026-01-09,613.86865234375,615.3893884435275,604.5058851731994,606.265093173736,1822000
2026-01-12,625.94482421875,627.1474359069005,609.236929843652,610.9166672847938,1856800
2026-01-13,632.6638793945312,640.6749222183288,629.1552907552737,629.3540881301068,1959100
2026-01-14,634.8703002929688,635.8443284643606,619.2855462285229,630.2485196336725,2105700
2026-01-15,643.2490844726562,648.3976143777527,640.1281419671761,641.0226997206615,2052800
2026-01-16,642.9608764648438,651.6974651408015,637.1165860793672,648.0099774300207,2554900
2026-01-20,626.6422729492188,641.6856481839558,622.7768117746247,639.5935440912535,2659000
2026-01-21,642.9609375,644.7741229203464,624.9686339367224,631.2948080123786,2490700
2026-01-22,645.9794921875,653.3219226371673,638.4976935289512,646.6768804892716,1565700
2026-01-23,624.271240234375,644.076729048593,621.2326846870689,641.7056451196811,2267800
2026-01-26,633.5363159179688,636.6047879466889,616.93879061144,625.646020079062,2532900
2026-01-27,636.51513671875,641.7156021289474,630.8564344499586,637.6010778091998,1827500
2026-01-28,640.8687744140625,644.853780913422,626.6223275337533,635.578619912044,2720700
2026-01-29,662.7463989257812,677.4411098987508,640.320765874623,652.7141381037418,4441900
2026-01-30,654.89599609375,675.2892997995466,647.8724338432187,653.1924446205849,3300100
2026-02-02,688.3201904296875,688.7884603174838,654.965705145667,657.3467611470082,4450000
2026-02-03,700.2553100585938,707.3685611608522,688.8083887672638,691.7572546223108,3524700
2026-02-04,689.2268676757812,720.4493623228277,672.4699065592722,704.3499613887487,7146700
2026-02-05,675.7674560546875,683.9267595218794,662.5770939030525,678.9853294346018,2792800
2026-02-06,723.4779052734375,724.6734193236329,687.9316564062774,689.9739599719104,3359700
2026-02-09,739.3382568359375,740.7130889536498,718.9051261191041,721.784307931297,2496800
2026-02-10,739.5873413085938,749.181249676272,734.9049463368419,739.9659218045892,4008700
2026-02-11,772.0950317382812,772.6329857410683,753.2658511578556,755.8361974505888,3926300
2026-02-12,755.4476318359375,786.8495028882893,753.1762097231763,773.7786862769942,4893400
2026-02-13,771.2980346679688,781.0612886143734,744.6183864642087,762.1325073851986,3232800
2026-02-17,761.8934326171875,771.5171969407592,747.1887483212059,762.1325232876301,3450300
2026-02-18,749.1513061523438,769.8036437114121,747.5673001182851,762.2420671138931,2563700
2026-02-19,757.6793212890625,759.1437820752964,741.360713864981,749.1812652501612,2908000
2026-02-20,756.8922119140625,769.0763500239998,749.290807029629,752.1699888653055,2095100
2026-02-23,753.6344604492188,765.1013267300037,749.9583502155189,756.1052059025391,2289600
2026-02-24,765.3504028320312,771.0390217717472,748.8724220607829,752.1700126641815,2615300
2026-02-25,763.7364501953125,774.6852459189079,753.903451436773,769.6043869103986,2606500
2026-02-26,750.1077270507812,767.7214484449499,725.6697063630479,767.7214484449499,3350900
2026-02-27,740.045654296875,748.6731671120482,728.2998080447596,742.4266496050734,3441900
2026-03-02,749.5000610351562,752.8972524631026,722.3422308774508,730.7406251292482,2473100
2026-03-03,719.4730224609375,728.927441063359,703.9514044442288,725.5402218752246,3332700
2026-03-04,729.226318359375,743.213730965023,728.1006098946033,734.3271829401724,2823700
2026-03-05,703.4334106445312,725.3409755893101,690.9802645134494,717.3012171503184,3713200
2026-03-06,678.3477783203125,693.7199341079731,672.539614127826,679.9118399139131,3564400
2026-03-09,702.1781005859375,705.9738169690279,660.3653868983685,662.7264984623016,3584400
2026-03-10,713.99365234375,728.0507490656289,707.6176780254063,710.1083072450041,3089100
2026-03-11,704.937744140625,717.7196092536873,700.9925656471443,710.8255647405732,1947500
2026-03-12,698.0635986328125,701.1320708617518,677.2120580717838,690.4024207095666,3231800
2026-03-13,691.388671875,704.2801706399919,684.6042005803665,701.6999129217173,2042200
2026-03-16,697.156982421875,707.338644712223,691.9963455607045,702.7259948828996,2145500
2026-03-17,699.36865234375,706.3424138343572,692.3052014506017,704.7085465487422,1824900
2026-03-18,691.0200805664062,709.1718176679043,690.1035460530255,698.681258364083,1796200
2026-03-19,686.0687255859375,690.8905495378739,666.4923562698121,673.9542714263839,2240200
2026-03-20,678.3278198242188,691.458409110066,667.9269502961769,684.0562667400018,5131100
2026-03-23,699.0697631835938,709.3311425507928,691.9565121324623,696.3798716896126,2981000
2026-03-24,713.9437866210938,718.4468632963017,690.4322732610791,691.1993456422197,2098300
2026-03-25,716.3447265625,726.6160780974074,714.3123951944999,724.52397406583,1591500
2026-03-26,700.55419921875,715.2787669658998,693.8195283451223,707.408415425701,2428700
2026-03-27,692.7933959960938,705.704777984371,689.7348962474484,691.8668284864045,2059800
2026-03-30,664.92822265625,700.3549284287943,662.0789575685164,699.5778837714008,2610000
2026-03-31,705.8045043945312,706.2328853306609,669.4811453615531,677.4511589968097,3002200
2026-04-01,727.58251953125,737.2362005476217,717.0421599440658,719.2936984243867,2435800
2026-04-02,714.5315551757812,732.6533745115805,702.805714998292,702.9252603277583,1764300
2026-04-06,718.5365600585938,719.8615918337244,701.6301980453669,714.0534274480283,1246500
2026-04-07,721.7245483398438,723.0096910790843,706.2726755068721,716.8927521560001,1549100
2026-04-08,768.6878662109375,771.497303164643,750.2770943447797,761.753932826917,3014000
2026-04-09,784.1197509765625,792.5380891242095,770.0925114788108,770.1024837237906,2801900
2026-04-10,787.6963500976562,794.8594023232097,783.2929345662269,787.7063223437747,1872000
2026-04-13,788.7622680664062,795.5467391011684,782.3862942434884,785.4646776681433,1820100
2026-04-14,791.2728881835938,795.0088319427231,779.1086334135731,793.0163286045207,1866300
2026-04-15,767.2830810546875,787.0088506584693,753.813800712942,784.1496134186502,2764700
2026-04-16,769.7637939453125,769.9132560194034,751.6220898244186,765.121287885604,2005100
2026-04-17,791.67138671875,798.7646935012053,773.0912693883489,777.5843739948707,2818800
2026-04-20,796.921630859375,798.1493337790997,785.3730476630781,789.4355185739555,1454100
2026-04-21,798.9678344726562,818.6812637814107,796.3127258265731,803.3896242170772,2293500
2026-04-22,807.3722534179688,816.3356061328308,803.9885158799823,810.9955368131328,1628400
2026-04-23,833.6934204101562,843.7048776309479,813.9500776721137,815.5969859008802,2601800
2026-04-24,829.2516479492188,837.9455420325936,825.1193600701589,837.705996175505,2253900
2026-04-27,827.2553100585938,834.4719637158767,815.2076527314963,828.2235455919534,1986700
2026-04-28,816.3555908203125,823.4723934703793,803.5094263559458,812.8420891130871,1875600
2026-04-29,808.550048828125,821.6857150696084,807.6017957228132,821.4062042924049,2566300
2026-04-30,888.4617919921875,895.3190661192531,849.2245837270511,855.0438055268626,5203300
2026-05-01,888.0225830078125,903.3242135395597,877.9513007544701,895.1793501989104,2376500
2026-05-04,873.1602172851562,891.1867735213634,867.9798250634782,885.6370712947719,2669900
2026-05-05,902.9150390625,907.2170559966296,886.4555216632989,886.4555216632989,2581100
2026-05-06,925.213623046875,928.8169238923074,903.6735650545003,911.8084983025743,3010600
2026-05-07,894.031494140625,929.6254373403041,885.2378096524474,928.2380574406951,2957300
2026-05-08,895.7882080078125,913.0761439514413,892.1948375585309,909.3131053486029,2030300
2026-05-11,925.0738525390625,927.2797822414883,893.4026260809471,901.9367819677409,2811700
2026-05-12,910.4510498046875,913.3955996190748,892.853689535601,910.3112944144943,2348900
2026-05-13,900.6292114257812,921.2809024767588,895.7183387797106,910.8103364117429,1957100
2026-05-14,918.5159912109375,918.6457553625539,900.8288327349338,908.3149449183267,2095600
2026-05-15,886.6651611328125,898.0639982673679,878.5701926102348,897.0858323763846,2907900
2026-05-18,862.3502807617188,891.6658929816624,849.2545792592714,891.6658929816624,2720500
2026-05-19,858.5573120117188,868.2492933238366,843.9843098133897,859.9946480464719,3239700
2026-05-20,870.9442749023438,876.1346582270527,855.4729763111202,869.6067293796847,2415600
2026-05-21,864.3465576171875,871.0540851449379,857.0101308463039,863.2985140562439,1860700
2026-05-22,878.2607421875,892.1849234720975,859.4655922148785,876.3742272364863,1987600
2026-05-26,906.86767578125,907.8758153673763,876.3942381815907,883.311398971316,2255700
2026-05-27,908.2451171875,909.9818855620404,888.1823598012618,903.5039125438832,2463400
2026-05-28,886.0263061523438,903.3242336741595,878.8396260315028,896.8961560274821,2750600
2026-05-29,874.2481689453125,889.1605073645437,864.5861004655337,885.048141137427,5195400
2026-06-01,863.7576293945312,872.1520910164453,851.7898405937815,858.5672458630542,2675000
2026-06-02,908.1253051757812,910.2713483962286,871.5032414993966,875.0466557908541,2822600
2026-06-03,924.4650268554688,934.9755581708781,910.7005831099782,912.7367838017946,2511200
2026-06-04,938.738525390625,945.0768038629545,901.3279453383334,912.297585778242,3077000
2026-06-05,902.6055908203125,932.3005032997836,899.8307092518731,928.2080586400859,2780500
2026-06-08,913.9445190429688,925.6228662736298,901.0683816744204,915.3019861022437,2550600
2026-06-09,913.0062866210938,936.4427898370324,875.3660912890945,925.772581787675,3007300
2026-06-10,854.5746459960938,904.3223854868979,853.1473011972071,900.0702638605761,3611200
2026-06-11,895.9678955078125,898.9823229769119,868.4190258095142,870.7846324915096,3463300
2026-06-12,908.8839111328125,917.2783115881767,897.5349697570279,903.5637635987888,2097200
2026-06-15,932.20068359375,944.3481319861804,926.7807453500175,933.2687096416439,2449600
2026-06-16,943.7093505859375,959.5499598531543,937.4309585430387,941.0542418876219,2834400
2026-06-17,954.14990234375,973.8334184263562,951.2353263767437,955.2079371009456,2743900
2026-06-18,983.9945678710938,992.648496604276,974.5221502183816,977.1871891305391,6175000
2026-06-22,1020.3870849609375,1021.3951635807964,997.1501630302782,997.4296738000802,4033500
2026-06-23,982.41748046875,992.7582823135842,970.8489757007219,983.4256200069108,4286900
2026-06-24,992.6085815429688,1003.0092696913831,968.2537388400114,979.7923306630531,3526000
2026-06-25,1055.052734375,1055.1125599134125,1013.120514940133,1022.7426790826507,4642100
2026-06-26,995.6229858398438,1029.9393303113325,987.8075282770787,1029.9393303113325,13948500
2026-06-29,1031.27685546875,1037.1459727555814,990.2729643108368,996.5612868546871,3146900
2026-06-30,1062.92822265625,1071.4723093369823,1035.2894309559908,1043.0650457416903,3287500
2026-07-01,989.57421875,1039.3319500420437,983.22600993022,1032.0055753443496,3914100
2026-07-02,961.7459106445312,999.4260109246698,947.023222455603,999.4260109246698,3568600
2026-07-06,968.1240234375,989.1650075586006,961.5362687449162,977.2770876034715,2441700
2026-07-07,938.3792114257812,948.2409218871791,907.8458878574123,944.7474027012789,3810200
2026-07-08,946.324462890625,953.2316321090701,923.5467112399381,935.774027986887,2741500
2026-07-09,936.6524047851562,981.3394630795779,932.6498203250138,973.2744686198736,3521200
2026-07-10,950.6464233398438,956.2161080745815,926.7807235961147,928.9566796429589,1959400
2026-07-13,929.7451782226562,944.9969136609404,922.6683408124034,937.4708973262046,1991000
2026-07-14,931.6117553710938,962.8437935531342,923.786245941709,956.2260654912558,2028600
2026-07-15,912.6069946289062,936.8420650237014,888.7512863907219,936.8420650237014,2703600
2026-07-16,875.5457763671875,900.329817104665,867.2711484279856,890.1187789179534,3586600
2026-07-17,878.6500244140625,891.536092302809,836.7776905848835,840.171358288863,3377200
2026-07-20,864.2999877929688,894.3699951171875,861.27001953125,890.0,2770000
2026-07-21,889.969970703125,898.0,876.010009765625,887.489990234375,3219600
2026-07-22,889.3099975585938,902.5700073242188,872.9400024414062,877.2899780273438,1976900
2026-07-23,894.5399780273438,909.5999755859375,881.9500122070312,886.5599975585938,2677100
2026-07-24,888.72998046875,902.8200073242188,881.1900024414062,895.0,1982100
2026-07-27,873.280029296875,894.02001953125,839.5800170898438,887.5,3150000
2026-07-28,840.8499755859375,855.8200073242188,824.0,855.760009765625,3808600
