Price,Close,High,Low,Open,Volume
Ticker,DUK,DUK,DUK,DUK,DUK
Date,,,,,
2010-01-04,24.93857765197754,25.408839128813227,24.850403391489223,25.291274693930806,4152133
2010-01-05,24.52710723876953,24.997368885214385,24.43893294647941,24.997368885214385,3872367
2010-01-06,24.61528205871582,24.776935554264156,24.453628563167488,24.48302061744547,3486567
2010-01-07,24.73284149169922,24.776928626462265,24.541795995290553,24.644667222173123,2376033
2010-01-08,24.747535705566406,24.747535705566406,24.51240495135986,24.600579217768953,1654100
2010-01-11,24.997360229492188,25.056144316433155,24.73283931286996,24.762229487687414,2195633
2010-01-12,25.026763916015625,25.14433027593923,24.8210232533128,24.95328470748164,2650933
2010-01-13,25.08554458618164,25.261893180664725,24.850413749755457,25.11493664148008,3035233
2010-01-14,25.08554458618164,25.18841397674551,24.909195991698557,25.14432869677852,1919767
2010-01-15,24.835718154907227,25.07084898658524,24.51241302776824,24.80632610020232,4349933
2010-01-19,25.11492347717285,25.129618562792565,24.7475313874576,24.96796701501731,1858233
2010-01-20,24.87980079650879,24.997365256728127,24.60058286767111,24.997365256728127,2628600
2010-01-21,24.512409210205078,24.967975709585588,24.453625109950305,24.894496518593847,3958200
2010-01-22,24.321369171142578,24.674064481828644,24.277282023725103,24.512412853733725,3927200
2010-01-25,24.483013153076172,24.571187420373878,24.218490351183053,24.541795375056928,2257600
2010-01-26,24.703458786010742,24.77693799461602,24.336066480292146,24.497718123108303,2827167
2010-01-27,24.6005802154541,24.688754485439137,24.365449451711743,24.659362439226392,2935833
2010-01-28,24.42424201965332,24.659372882978438,24.321372617321206,24.64467778797499,2354533
2010-01-29,24.291967391967773,24.615272387384312,24.277272304929333,24.600577300345876,3044200
2010-02-01,24.46831512451172,24.46831512451172,24.115618097702697,24.336053739458336,1872000
2010-02-02,24.629974365234375,24.65936641618735,24.145017670758072,24.380148472421357,2775333
2010-02-03,24.45362663269043,24.644672167434774,24.36545421412463,24.644672167434774,1572467
2010-02-04,24.056848526000977,24.497718172560923,24.056848526000977,24.409545738172056,2519867
2010-02-05,23.98336410522461,24.174407764082034,23.704146162486296,24.100930439950293,2997767
2010-02-08,23.98336410522461,24.321366149652512,23.880494730248074,24.027451247165054,3194633
2010-02-09,24.3360652923584,24.7769367851617,24.02745524739609,24.130324639498923,5056200
2010-02-10,24.18693733215332,24.559732298367848,24.08255519668523,24.395703499222748,3547300
2010-02-11,24.172025680541992,24.291319005627194,23.88870166329812,24.09746593026383,3105300
2010-02-12,24.082563400268555,24.26150534838837,23.91853264911409,24.097474597233905,3110933
2010-02-16,24.231678009033203,24.50009089743611,24.172031332543774,24.261502295344744,3638967
2010-02-17,24.127300262451172,24.380800105980047,24.008004991527343,24.350977710349593,2367333
2010-02-18,24.350967407226562,24.350967407226562,24.037819112664753,24.08255458331644,2296733
2010-02-19,24.76850128173828,24.798323668901116,24.172028888746524,24.30623531937968,2960900
2010-02-22,24.500099182128906,24.82815885795441,24.455363685601142,24.82815885795441,2671900
2010-02-23,24.380796432495117,24.58956265112325,24.35097404135804,24.50009168544458,2054267
2010-02-24,24.529911041259766,24.589559608420466,24.21676459626677,24.380793415624986,2645867
2010-02-25,24.42552947998047,24.44044067406228,24.15711660970664,24.365882807519682,2568067
2010-02-26,24.380796432495117,24.559738363852453,24.306238558518707,24.380796432495117,2503333
2010-03-01,24.58956527709961,24.634300764716347,24.365887839015908,24.470270011410328,1792633
2010-03-02,24.5150089263916,24.768510690372366,24.45536223327491,24.768510690372366,2048367
2010-03-03,24.455350875854492,24.69393943365145,24.39570421043858,24.514997541270404,2228000
2010-03-04,24.350967407226562,24.54482048133947,24.20184790763214,24.425525260890574,2274500
2010-03-05,24.544818878173828,24.544818878173828,24.306230348992845,24.36587700725482,2139467
2010-03-08,24.649198532104492,24.664109721141276,24.485167868168297,24.58955187982446,1036567
2010-03-09,24.559741973876953,24.63430175494659,24.500095286701644,24.58956626553161,1229633
2010-03-10,24.559741973876953,24.649212952706918,24.455359797286665,24.544830776116626,1694667
2010-03-11,24.57465362548828,24.60447791769374,24.440447154764776,24.55974242745257,1922700
2010-03-12,24.350967407226562,24.634291422642846,24.3360543195872,24.60446714349732,1662567
2010-03-15,24.544818878173828,24.559730068706052,24.306230348992845,24.380788197787044,1733367
2010-03-16,24.76850128173828,24.81323486248253,24.50008842047197,24.649206044686544,2024833
2010-03-17,24.783428192138672,24.9176347078811,24.723781483853596,24.9176347078811,2271800
2010-03-18,24.723758697509766,24.917611742875028,24.679023233492174,24.679023233492174,2631400
2010-03-19,24.723758697509766,24.9921695854824,24.544816841439392,24.723758697509766,3889233
2010-03-22,24.5150089263916,24.679039702630238,24.395715540158218,24.649215408004796,2342400
2010-03-23,24.544818878173828,24.559730068706052,24.395701284452347,24.500083410444077,1852967
2010-03-24,24.336061477661133,24.544827700818743,24.306239085877017,24.529914608792925,2082067
2010-03-25,24.306230545043945,24.470259330620685,24.261495076953363,24.365877203787026,1783367
2010-03-26,24.485179901123047,24.500092993621585,24.27641556748171,24.395710826800915,1550000
2010-03-29,24.738679885864258,24.738679885864258,24.48517818859143,24.529913670690537,1765700
2010-03-30,24.455350875854492,24.843057045257886,24.41061540275923,24.72376371442606,2962267
2010-03-31,24.336061477661133,24.50009221700881,24.321150281769075,24.440443641173058,1997867
2010-04-01,24.47027015686035,24.54482993537607,24.380799181095064,24.425534668977708,1924633
2010-04-05,24.485179901123047,24.589563964077534,24.380797734302377,24.500092993621585,2324933
2010-04-06,24.679033279418945,24.679033279418945,24.306238226232157,24.380796099189297,1696767
2010-04-07,24.41062355041504,24.67903647857613,24.380799259685826,24.649212187846917,2314800
2010-04-08,24.21677589416504,24.45536458571662,24.17204039599072,24.395717886862318,3480600
2010-04-09,24.350967407226562,24.350967407226562,24.052730304170915,24.261496465923187,3091767
2010-04-12,24.24659538269043,24.41062615500209,24.24659538269043,24.33606636829058,2550867
2010-04-13,24.18693733215332,24.291319467621406,24.142201860362245,24.261497083849527,2910300
2010-04-14,24.172025680541992,24.21676115148225,24.112377121866178,24.201848063746684,2400633
2010-04-15,24.052738189697266,24.186944645651,23.963267219061443,24.186944645651,2852667
2010-04-16,23.873798370361328,24.127300108405677,23.858887172641303,24.052740327537578,4242533
2010-04-19,23.96327018737793,24.05274116909647,23.76941702569911,23.76941702569911,3698333
2010-04-20,24.380796432495117,24.410620719765912,24.022914465914166,24.037825661482703,3403900
2010-04-21,24.306230545043945,24.410612671877608,24.231670799515275,24.336052926348938,2747267
2010-04-22,24.172025680541992,24.321143284965103,24.007994988383324,24.21676115148225,3238667
2010-04-23,24.231678009033203,24.231678009033203,23.903618444140868,24.186942527632716,3392100
2010-04-26,24.21677589416504,24.30624689051368,24.082569399642082,24.21677589416504,3092967
2010-04-27,23.873798370361328,24.27641777400789,23.873798370361328,24.17203559769974,3244800
2010-04-28,24.8132381439209,25.200946293511592,24.082561119800726,24.142207798147865,12364000
2010-04-29,24.649198532104492,24.932522500600747,24.604463068861246,24.73866945859098,4038667
2010-04-30,25.022005081176758,25.081651761237445,24.64921001256336,24.693945496642318,3246700
2010-05-03,25.24567985534668,25.305326529155266,24.977266979007673,25.12638461159593,3172933
2010-05-04,24.917617797851562,25.350059457682924,24.813233759023262,25.1711175581297,4143267
2010-05-05,24.992177963256836,25.335150601072556,24.887795810936208,24.887795810936208,3433567
2010-05-06,24.57465362548828,25.245685979105804,23.70977000900441,25.08165521617684,5769667
2010-05-07,24.679033279418945,24.828150921466925,24.02291413750089,24.708855670148324,7028700
2010-05-10,25.200946807861328,25.275504683283543,24.872887226055813,25.126387036305356,3984067
2010-05-11,25.230770111083984,25.529007311948472,24.962359095279915,25.11147674764525,3948067
2010-05-12,25.32023811340332,25.424622164342406,25.066738323713768,25.215855958597835,3592167
2010-05-13,25.14130210876465,25.439537426214056,25.066742331335345,25.32024216155395,2804033
2010-05-14,25.022005081176758,25.23076940945605,24.932534113018843,25.141300337431908,3221467
2010-05-17,25.24567985534668,25.275502244184185,24.76850267261083,25.05182674336859,3029300
2010-05-18,25.26059913635254,25.558834497002096,25.230774841833913,25.335158924582018,5602600
2010-05-19,24.942943572998047,25.275717750195724,24.821933907024626,25.20008646853941,3728267
2010-05-20,24.156389236450195,24.83706318162543,24.156389236450195,24.670677029344596,5020033
2010-05-21,24.201770782470703,24.21689627372689,23.8236181139946,23.8236181139946,4476133
2010-05-24,24.156389236450195,24.56479475758555,24.065632453975674,24.156389236450195,3493067
2010-05-25,23.929494857788086,23.974873244431517,23.400081629203722,23.868990983391342,3535167
2010-05-26,23.76311492919922,24.12614019378419,23.68748362391102,24.111014702080148,3189067
2010-05-27,24.1715087890625,24.18663619801532,23.86898753737097,24.065626543308785,2482400
2010-05-28,24.141267776489258,24.398410754163333,24.065636470675937,24.2471500659207,2979867
2010-06-01,23.747983932495117,24.156389457365425,23.717732953649417,23.9748758907564,2272700
2010-06-02,24.141267776489258,24.141267776489254,23.76311509419067,23.884122875431174,2713067
2010-06-03,24.277400970458984,24.36815776059551,24.09588739018594,24.247148065952196,1437967
2010-06-04,23.611845016479492,24.020248519990776,23.566466635713436,24.0051230341965,3327367
2010-06-07,23.702606201171875,23.95975106882634,23.566472945806282,23.687480711327645,2673067
2010-06-08,24.353031158447266,24.353031158447266,23.551347434440125,23.687482624182913,4842033
2010-06-09,24.09587860107422,24.41352532730471,24.00512184404175,24.398399842260346,2761967
2010-06-10,24.56479835510254,24.564798355102543,24.277402476305294,24.383284763570813,2787433
2010-06-11,24.45890998840332,24.564794181060996,24.171514158440274,24.45890998840332,2051000
2010-06-14,24.519407272338867,24.67066787923409,24.44377600719977,24.595036614094994,2594300
2010-06-15,24.82193946838379,24.82193946838379,24.534543611112138,24.610174909713656,2265833
2010-06-16,24.988325119018555,25.048828997968958,24.716054778666283,24.912693827792822,2245867
2010-06-17,25.275718688964844,25.290844176504525,24.88243870248189,25.03370127141258,1991767
2010-06-18,25.169837951660156,25.321100541297934,24.98832630618553,25.245469246479047,2459567
2010-06-21,25.094207763671875,25.33622520647997,24.973198080575994,25.290846815741972,2113367
2010-06-22,24.68579864501953,25.109329588980405,24.625294773991797,25.063951204863763,2247667
2010-06-23,24.53453254699707,24.80680279111871,24.42865031541075,24.716046043078162,1867633
2010-06-24,24.428665161132812,24.791690450528787,24.368161266797504,24.398412252273097,4282467
2010-06-25,24.45890998840332,24.595045158920072,24.27739835109795,24.474037400716494,2114233
2010-06-28,24.716060638427734,24.82194293253976,24.383286340229883,24.564799943498546,1553600
2010-06-29,24.428665161132812,24.625304260260656,24.27740446360248,24.54967294980343,3014633
2010-06-30,24.201770782470703,24.640427339355483,24.12613947942191,24.413535353593034,2723933
2010-07-01,24.156389236450195,24.307649899446506,24.005128573453888,24.307649899446506,3729100
2010-07-02,24.292510986328125,24.443771565739134,24.14125040691712,24.156375887843435,2289000
2010-07-06,24.53453254699707,24.655542185512115,24.337893567370205,24.39839742493625,5747333
2010-07-07,25.33622169494629,25.351347181968045,24.51941269825358,24.56479108270225,2706433
2010-07-08,25.290847778320312,25.487486837874563,25.079083229072268,25.35135166047922,2497600
2010-07-09,25.3967227935791,25.426975687702974,25.169830896108007,25.260587655096444,1202967
2010-07-12,25.547985076904297,25.56311248664043,25.260589295900814,25.30596767834259,1504667
2010-07-13,25.47236442565918,25.684129000491847,25.366482138242844,25.60849961950188,2340700
2010-07-14,25.653884887695312,25.6690103832672,25.336236016994295,25.4118673416227,2288500
2010-07-15,25.835378646850586,25.88075702203045,25.502604536659227,25.653865146131114,1956367
2010-07-16,25.517738342285156,25.88076546211235,25.442107051193286,25.83538707213395,2208600
2010-07-19,25.971532821655273,26.06228964530336,25.563129038623423,25.66901135841801,1944567
2010-07-20,25.92613983154297,26.001771116517034,25.60849305077224,25.774879184978317,2148333
2010-07-21,25.5631160736084,25.986647061366277,25.396728006846853,25.956394161032293,2786167
2010-07-22,25.865644454956055,25.98665416599188,25.669005357483925,25.75976215991477,3248500
2010-07-23,25.62362289428711,26.001775536674327,25.487487712221654,26.001775536674327,6587233
2010-07-26,25.865644454956055,25.865644454956055,25.5479956464481,25.5479956464481,3342967
2010-07-27,26.25891876220703,26.258918762207028,25.79000936121164,25.926142611347622,3497500
2010-07-28,26.183279037475586,26.274035790596162,26.016891015626843,26.228657414035876,2228667
2010-07-29,25.971532821655273,26.364813031925177,25.956407325508774,26.289181704423584,2580967
2010-07-30,25.865644454956055,26.06228355242818,25.71438375869935,25.865644454956055,2595633
2010-08-02,26.274038314819336,26.440424429270212,26.077399305294094,26.077399305294094,2849500
2010-08-03,26.274038314819336,26.470677324344575,26.213534448053853,26.470677324344575,2734433
2010-08-04,26.274038314819336,26.425298943424654,26.092524791139653,26.425298943424654,2133233
2010-08-05,26.334543228149414,26.349668714596074,26.092525828086206,26.198408079979487,1964500
2010-08-06,26.349672317504883,26.395050706432983,26.09252939583471,26.289168440061946,2189933
2010-08-09,26.561443328857422,26.63707463116938,26.379929742015857,26.531190423255858,1974367
2010-08-10,26.758073806762695,26.924461849018314,26.349668367630688,26.455552541513036,3414967
2010-08-11,26.244243621826172,26.58169143339769,26.244243621826172,26.551013650383453,2830267
2010-08-12,26.22889518737793,26.38228015155294,26.01415662761205,26.060172311904115,2584300
2010-08-13,26.090848922729492,26.38228094858512,26.07551101096731,26.198220156251853,3557400
2010-08-16,26.12152671813965,26.136864629914445,25.707385546658767,26.029495346699452,2214633
2010-08-17,26.443639755249023,26.643040434313622,26.198223384831362,26.24423907618442,2621733
2010-08-18,26.474323272705078,26.581694550648265,26.244246699504043,26.397631731770236,8534100
2010-08-19,26.13686180114746,26.39761797547186,25.860769667103753,26.39761797547186,2469800
2010-08-20,26.167545318603516,26.244238786811625,25.937466864375107,26.014160332583216,2227100
2010-08-23,26.167545318603516,26.443639463677606,26.167545318603516,26.30559239114056,4688800
2010-08-24,26.397628784179688,26.520336016132404,25.952809704761304,26.044841103923982,4311267
2010-08-25,26.3209285736084,26.44363772459213,25.998818758872417,26.320928573608395,3087400
2010-08-26,26.198219299316406,26.428295769806184,26.121525842222724,26.428295769806184,2087967
2010-08-27,26.62769889831543,26.62769889831543,26.12152636228987,26.3055891026628,1993567
2010-08-30,26.305606842041016,26.658392698729074,26.30560684204102,26.612376982604808,1723933
2010-08-31,26.351608276367188,26.520331177115317,26.0908520428529,26.22889911640824,3728400
2010-09-01,26.750417709350586,26.84244911950633,26.505001265734112,26.581694757662735,3945700
2010-09-02,26.504993438720703,26.781087587656405,26.412962055742135,26.781087587656405,2456633
2010-09-03,26.61235237121582,26.704383718352776,26.38227400337343,26.56633669764734,2587300
2010-09-07,26.59702491760254,26.827103375878572,26.535671312194246,26.61236283135562,2163200
2010-09-08,26.67371368408203,26.82710060736742,26.58168426066485,26.59702217283509,1902400
2010-09-09,26.903797149658203,26.965152710604226,26.689058537535473,26.796427843596838,2193467
2010-09-10,26.88844871520996,26.93446439271898,26.71972391421179,26.873110806172075,2007933
2010-09-13,27.087858200073242,27.17988958521292,26.934473208305775,26.965150986817665,2102500
2010-09-14,27.087858200073242,27.225905277782758,26.934473208305775,27.087858200073242,1950700
2010-09-15,26.96514129638672,27.16454190906566,26.903785761412205,27.07251055699918,2170467
2010-09-16,26.94982147216797,27.179900023376486,26.857790051684564,27.179900023376486,1754100
2010-09-17,26.857789993286133,27.10320646390935,26.796436363229514,26.94982141356943,3015233
2010-09-20,27.271921157836914,27.3025989365597,26.873119786420695,26.934473393470267,2008933
2010-09-21,27.287254333496094,27.50199484647334,27.133869367309874,27.287254333496097,2269567
2010-09-22,27.578685760498047,27.73207267377695,27.317931518636033,27.317931518636033,2745533
2010-09-23,27.241239547729492,27.686058499865673,27.16454803730292,27.486655891806837,2063933
2010-09-24,27.59403419494629,27.670725725016556,27.39463348620888,27.409971402143686,1541467
2010-09-27,27.455974578857422,27.59402161050207,27.302589638272924,27.517328165012152,2023667
2010-09-28,27.51732635498047,27.609357703356608,27.33326365822819,27.56334202916854,2367433
2010-09-29,27.394620895385742,27.532665976144663,27.271911773116855,27.409958804271106,1618800
2010-09-30,27.164548873901367,27.56335020150964,27.1338710985485,27.51733451367824,2387167
2010-10-01,27.348608016967773,27.486653111853098,27.195221110836464,27.379283837877608,2352800
2010-10-04,27.225906372070312,27.44064497909653,27.118537068557202,27.30259984623457,2133833
2010-10-05,27.2105655670166,27.455981927718952,27.164549877485168,27.4406420642779,4221633
2010-10-06,27.149208068847656,27.394626362362047,27.103192382613177,27.179885843135885,2942533
2010-10-07,27.041841506958008,27.287257874784768,26.965149989109847,27.241242183917507,3120433
2010-10-08,27.057186126708984,27.13387961396193,26.949816804871983,27.02651029212493,2787733
2010-10-11,27.02649688720703,27.16454392555431,26.9498034379934,27.072512566656123,1141067
2010-10-12,26.96514129638672,27.05717069805791,26.888447852866225,26.934463528899464,2072233
2010-10-13,26.934463500976562,27.07251052893317,26.90378573352111,27.026494852947632,2138067
2010-10-14,26.96514129638672,26.995817113478687,26.857770085378966,26.949801437445448,2095433
2010-10-15,26.980484008789062,27.164546745694263,26.85777486738705,27.07251537724166,2541767
2010-10-18,27.072526931762695,27.133880553451533,26.96515760620811,27.04184914572004,4868800
2010-10-19,27.103187561035156,27.195218917132014,26.949802617672187,26.949802617672187,3409533
2010-10-20,27.287254333496094,27.47131707307783,27.149207278809797,27.19522296370523,3775467
2010-10-21,27.33327293395996,27.548013469843013,27.22590364121637,27.363950710627787,2575700
2010-10-22,27.271921157836914,27.363952543609273,27.041842693406018,27.333274764886486,1965267
2010-10-25,27.256582260131836,27.42530516102887,27.225904482516047,27.302597951357562,1891133
2010-10-26,27.394620895385742,27.409958804271106,27.072511156025826,27.225896096065437,2061967
2010-10-27,27.40996742248535,27.409967422485355,27.04184189032836,27.24124257011475,2210700
2010-10-28,27.716739654541016,27.747417434849233,27.409969653043277,27.60937034905642,3206100
2010-10-29,27.931482315063477,28.100205243448574,27.624710340114554,27.686065905342087,3273133
2010-11-01,27.68606185913086,28.130878914842814,27.501999091140817,28.054185444714975,2746500
2010-11-02,28.023502349853516,28.084855939807834,27.824099769309917,27.824099769309917,2134333
2010-11-03,28.054182052612305,28.17689119990058,27.83944348285249,28.115537601454307,2021133
2010-11-04,28.422304153442383,28.422304153442383,28.14621006777721,28.238241429665603,2639667
2010-11-05,28.360946655273438,28.52966949522834,28.19222186492331,28.37628456334337,2135333
2010-11-08,28.268930435180664,28.36096183364455,28.100205554531453,28.34562196696972,2178667
2010-11-09,28.059066772460938,28.385514316357565,27.934704391448182,28.307789557813457,2319767
2010-11-10,27.7947940826416,28.13678811810266,27.71706933352526,28.04351683782485,2653600
2010-11-11,27.779253005981445,27.90361341080602,27.6704371575917,27.748161916438807,1578833
2010-11-12,27.65488624572754,27.701521884320915,27.39061894481353,27.701521884320915,1742767
2010-11-15,27.577167510986328,27.903615075632572,27.577167510986328,27.74816357199058,1674600
2010-11-16,27.37507438659668,27.577161494912424,27.204076386223246,27.546070410297432,2506600
2010-11-17,27.343982696533203,27.53052524674738,27.28180250535269,27.483889609193838,2017500
2010-11-18,27.499435424804688,27.5460710644984,27.28180375734918,27.452799785110976,2247400
2010-11-19,27.37507438659668,27.592706048883578,27.23516747083824,27.452799133125136,1949300
2010-11-22,27.452802658081055,27.499438302655246,27.204079879243015,27.23517096785012,2158033
2010-11-23,27.312904357910156,27.39063111566072,27.126361720647658,27.343995456345095,2080667
2010-11-24,27.452802658081055,27.46834721404814,27.297351168391398,27.46834721404814,1055533
2010-11-26,27.23517417907715,27.421714802695487,27.219627644604078,27.281809829150024,843467
2010-11-29,27.219633102416992,27.29735986034785,26.970910244381248,27.188543980583503,1588833
2010-11-30,27.281797409057617,27.343977588622746,26.970892557887435,27.017528186729347,2326567
2010-12-01,27.63934326171875,27.748159099060004,27.34398485940804,27.514980892848182,2540200
2010-12-02,27.608251571655273,27.639342657361283,27.4372555419541,27.530526822399377,1812200
2010-12-03,27.65488624572754,27.65488624572754,27.35952786019372,27.561614968540788,4351033
2010-12-06,27.483890533447266,27.608250919990393,27.437254894325413,27.59270636584068,1710267
2010-12-07,27.15744400024414,27.76370737447532,27.048628156067974,27.592709353621707,3077200
2010-12-08,26.986452102661133,27.204083824453615,26.72218275285801,27.126357080000176,3699167
2010-12-09,27.110815048217773,27.18854179991452,26.862092210130953,27.18854179991452,2157467
2010-12-10,27.250707626342773,27.266252177804922,27.033074022510874,27.157436364225152,1459400
2010-12-13,27.266263961791992,27.390626357253453,27.172992659364198,27.343990706039556,2043033
2010-12-14,27.452802658081055,27.514982858622332,27.31289572435848,27.34398681296559,1502200
2010-12-15,27.281797409057617,27.51497357659492,27.266250881662135,27.45279339702979,1672200
2010-12-16,27.452802658081055,27.499438302655246,27.250715523817206,27.499438302655246,1779033
2010-12-17,27.577167510986328,27.592712068348593,27.312898175789144,27.359533824549054,2615867
2010-12-20,27.561607360839844,27.701514238002133,27.499427185436204,27.701514238002133,1574500
2010-12-21,27.623802185058594,27.670437832172993,27.561620004457364,27.623802185058594,1264167
2010-12-22,27.608251571655273,27.717069383289928,27.561615931432634,27.623798102844653,1324133
2010-12-23,27.623802185058594,27.63934674187238,27.483895243715395,27.63934674187238,1051233
2010-12-27,27.670434951782227,27.810339901888792,27.49943693793868,27.577163667262628,963000
2010-12-28,27.763700485229492,27.763700485229492,27.561611426183248,27.670429220030435,1070267
2010-12-29,27.71706199645996,27.825877802421537,27.60824421382616,27.763697624253812,1125167
2010-12-30,27.670434951782227,27.810339901888792,27.654888419913735,27.685979506977883,834533
2010-12-31,27.68597984313965,27.810340239560535,27.639344200313598,27.685979843139645,922733
2011-01-03,27.763700485229492,27.856969773756123,27.623793587430907,27.856969773756123,1605333
2011-01-04,27.903606414794922,27.98133313082733,27.608248056547765,27.763701488612583,2215100
2011-01-05,27.623802185058594,27.810342796843152,27.514984357342964,27.701526945800566,2852200
2011-01-06,27.577167510986328,27.670438808506145,27.40616947330896,27.6393477171085,2483967
2011-01-07,27.65488624572754,27.670432776373787,27.42170805276066,27.670432776373787,2472200
2011-01-10,27.32843589782715,27.51497645604405,26.986441909420776,27.483887351344137,10918433
2011-01-11,27.42171287536621,27.468348522161307,27.204081174771094,27.328443558449038,4586233
2011-01-12,27.530527114868164,27.608251864949764,27.421709302077492,27.51498058351363,3322033
2011-01-13,27.670434951782227,27.67043495178223,27.421710208614734,27.577163667262628,2713067
2011-01-14,27.856966018676758,27.888057095109552,27.51497208460465,27.685970039976784,3001033
2011-01-18,27.996889114379883,28.183431727684248,27.810346501075514,27.93470890216953,4010433
2011-01-19,27.981340408325195,28.090156257733828,27.872524558916567,28.027976054739327,2877233
2011-01-20,28.059066772460938,28.21451826622214,27.950248947822406,28.043520239413724,2822800
2011-01-21,28.23006248474121,28.26115357379055,27.981339702365386,28.23006248474121,3404767
2011-01-24,28.24560546875,28.369967841352256,28.152336160139374,28.261152000745813,4840400
2011-01-25,28.183414459228516,28.276685708731826,28.01241848625385,28.167869909868664,2447733
2011-01-26,28.13678741455078,28.245603246596406,28.059062667377923,28.21451413839634,2275867
2011-01-27,28.30778694152832,28.385511692888887,28.059064179163457,28.09015328903856,2609533
2011-01-28,27.919158935546875,28.323333201638512,27.91915893554688,28.245606468925697,3167967
2011-01-31,27.7947940826416,28.183423758241563,27.7947940826416,27.981336643197224,2237867
2011-02-01,28.059066772460938,28.059066772460938,27.841433099856864,27.950248947822406,2371200
2011-02-02,27.919158935546875,28.090154980172983,27.84143220283406,27.91915893554688,2184633
2011-02-03,28.121232986450195,28.16786860904817,27.841419250862355,27.903599422102317,7440567
2011-02-04,27.996889114379883,28.19897628656851,27.810346501075514,28.19897628656851,6786100
2011-02-07,28.214508056640625,28.21450805664063,28.01242099021013,28.01242099021013,7483333
2011-02-08,28.183414459228516,28.292230258091678,28.136778834476864,28.276685708731826,2344600
2011-02-09,28.09675407409668,28.238575518161475,27.98644561218463,28.19130103555642,3057567
2011-02-10,28.144027709960938,28.222817176098655,28.017961758890145,28.017961758890145,2500567
2011-02-11,28.112503051757812,28.285841432971825,28.033711603365226,28.033711603365226,2194967
2011-02-14,27.876136779785156,28.112509172678372,27.75007283940891,28.112509172678372,2281567
2011-02-15,28.191299438476562,28.207058934285698,27.718556642957964,27.734314135016838,3042067
2011-02-16,27.89189910888672,28.222820516331293,27.828867127766507,28.222820516331293,3075067
2011-02-17,28.553728103637695,28.79010042312137,28.27008132025729,28.664034518146885,8207833
2011-02-18,28.270092010498047,28.569496393812937,28.1755430469512,28.553738901138576,4745867
2011-02-22,28.3331241607666,28.348883657289097,28.112511246955183,28.20706021108875,3532200
2011-02-23,28.207061767578125,28.39615970627984,28.128270291868922,28.270093745895206,2916767
2011-02-24,28.081003189086914,28.222826680395553,28.002213696416106,28.14403718772475,2653967
2011-02-25,28.15978240966797,28.191297391497407,27.986441994605606,28.09675044225898,2400967
2011-02-28,28.34889030456543,28.42767979065114,28.14403483549144,28.175549828425396,3122533
2011-03-01,28.175546646118164,28.41191908517968,28.15978915143093,28.285853116430008,3397300
2011-03-02,28.301612854003906,28.348887342215658,28.112514901156903,28.23857886722116,2423100
2011-03-03,28.490711212158203,28.537985701042476,28.348887745505376,28.42767722447874,2815500
2011-03-04,28.3331241607666,28.50646459626159,28.112511246955183,28.39615813935588,3203367
2011-03-07,28.585250854492188,28.758591270525557,28.364637965449862,28.364637965449862,3595633
2011-03-08,28.742843627929688,28.853150110246105,28.61677764546034,28.679809634819605,3353833
2011-03-09,29.057994842529297,29.089511827439875,28.64828405744214,28.7428330084238,2850333
2011-03-10,28.868898391723633,28.963447347458008,28.679800480254894,28.91617286959082,3870333
2011-03-11,29.04224395751953,29.121033432091295,28.679805561737616,28.868903506710698,3253933
2011-03-14,28.648290634155273,28.884663065872836,28.396160708240057,28.82162908158113,6515200
2011-03-15,28.207061767578125,28.317368230570636,28.002206335234753,28.002206335234753,3614500
2011-03-16,27.8131103515625,28.42767669179149,27.63976989431805,28.42767669179149,5732067
2011-03-17,27.734315872192383,28.112511735296266,27.466428471660723,28.112511735296266,4817333
2011-03-18,27.781587600708008,28.033717483196686,27.639764166104968,27.93916852679466,3355567
2011-03-21,27.923423767089844,28.08100476502608,27.89190676600216,27.970698266845826,2673367
2011-03-22,27.9864559173584,28.128279417395824,27.89190691733345,27.954940919850827,2563200
2011-03-23,28.081003189086914,28.09676269062187,27.78159870868567,27.923422199994313,1765500
2011-03-24,28.15978240966797,28.222814377076958,28.017958980185156,28.144024918753253,1692033
2011-03-25,28.081003189086914,28.270101177498436,28.04948819351899,28.270101177498436,1835800
2011-03-28,28.144027709960938,28.23857466857614,28.065236240072903,28.09675322877818,1818400
2011-03-29,28.443435668945312,28.459193163405764,28.065239771889903,28.222820727746136,3050600
2011-03-30,28.632530212402344,28.74283867947855,28.45919177056911,28.45919177056911,2187967
2011-03-31,28.601022720336914,28.679812213181595,28.45919922871529,28.61678021815565,2245233
2011-04-01,29.026485443115234,29.058002436262154,28.664049038803338,28.664049038803338,2973200
2011-04-04,28.963449478149414,29.042240948307732,28.916174996804493,28.994966466962808,1782400
2011-04-05,29.01072883605957,29.073760820531405,28.916179857476486,28.93193935640744,2453633
2011-04-06,29.247100830078125,29.247100830078125,29.026485882213525,29.042245380900685,3373833
2011-04-07,28.963449478149414,29.16830489606065,28.916174996804493,29.16830489606065,1974000
2011-04-08,29.01072883605957,29.26285877769757,28.900422362296194,29.089520319462356,2339767
2011-04-11,28.616785049438477,29.04225559613422,28.522236039061646,28.963464086236414,3179500
2011-04-12,28.34889030456543,28.72708424602864,28.28585631119588,28.601020266791178,2651700
2011-04-13,28.490711212158203,28.727081652828936,28.39616223438965,28.42767722447874,2164600
2011-04-14,28.69556427001953,28.75859624869256,28.3646428754228,28.44343435157694,2196467
2011-04-15,28.947690963745117,29.10527189474871,28.72707605733988,28.805867524716803,2832433
2011-04-18,28.69556427001953,28.90041970351973,28.60101530013475,28.79011323990431,2386800
2011-04-19,28.71131706237793,28.79010852563026,28.537978648473004,28.69555957122752,1978233
2011-04-20,29.057994842529297,29.105269318020127,28.790107483914635,28.86889694056597,2679367
2011-04-21,29.073759078979492,29.13679306342618,29.010727098283347,29.089518576966434,1436333
2011-04-25,29.04224395751953,29.136792930006074,28.931937490868744,29.136792930006074,1475767
2011-04-26,29.13678741455078,29.247093860321083,28.979204487735892,29.15254490573221,3169267
2011-04-27,29.215578079223633,29.32588653329383,29.089514137072314,29.152546108147973,2780767
2011-04-28,29.436187744140625,29.467702722193856,29.121023937359215,29.294364331651472,1927867
2011-04-29,29.388919830322266,29.499226285618974,29.341645348945057,29.499226285618974,3111467
2011-05-02,29.625293731689453,29.704083202125872,29.43619579664137,29.45195328997857,2968533
2011-05-03,29.59377670288086,29.940455582102555,29.51498522879621,29.6252936932648,3295433
2011-05-04,29.704084396362305,29.71984389408353,29.247099037456874,29.593777931066256,6753800
2011-05-05,29.499225616455078,29.70408102985924,29.34164468335575,29.62529156518471,3149767
2011-05-06,29.499225616455078,29.782872498284043,29.34164468335575,29.68832353767439,3075600
2011-05-09,29.735607147216797,29.735607147216797,29.436202681281724,29.562266664964444,2234967
2011-05-10,29.95621681213379,30.066525290362176,29.751361358460702,29.79863584805839,1978633
2011-05-11,29.893178939819336,30.050759872859313,29.782872487066378,29.92469592792744,2284833
2011-05-12,30.302894592285156,30.36592857853969,29.830151717879737,29.87742620569534,2288867
2011-05-13,30.287139892578125,30.38168887693457,30.113801423758495,30.271382396435648,2138467
2011-05-16,30.413204193115234,30.586542652360617,30.28713821968622,30.302895714958346,2872233
2011-05-17,30.696857452392578,30.728374455235564,30.31866343703281,30.44472744090233,3667700
2011-05-18,30.545244216918945,30.864422500219188,30.353739682066557,30.76866921815643,2997433
2011-05-19,30.43352508544922,30.720784859472314,30.321813627531114,30.625031601464617,3466233
2011-05-20,30.337766647338867,30.54523132784056,30.3058502529677,30.401603494625757,2701700
2011-05-23,30.00264549255371,30.401616831394726,29.92285041307624,30.162233622235483,3952700
2011-05-24,29.90687370300293,30.162214958347384,29.874955285107905,30.08241992824578,2896700
2011-05-25,29.795169830322266,29.938799713100547,29.61962354866386,29.763253431442138,2144700
2011-05-26,29.683467864990234,29.79517935532806,29.523879731754313,29.715386303346705,2467167
2011-05-27,29.715381622314453,29.87496973041063,29.65154678493056,29.779216459698343,1754100
2011-05-31,29.922840118408203,30.002635170432946,29.747291815662756,30.002635170432946,1892600
2011-06-01,29.651546478271484,29.95476448930018,29.651546478271488,29.922846056301893,2629767
2011-06-02,29.69942283630371,29.731339239731636,29.36428639540054,29.731339239731636,2920533
2011-06-03,29.444082260131836,29.651549048696225,29.348328982109205,29.46004249265097,2036467
2011-06-06,29.31641387939453,29.491960210727655,29.220660597113504,29.41216716167556,2718367
2011-06-07,29.33236312866211,29.57174626128494,29.316404929578095,29.396197954270693,1920533
2011-06-08,29.46004295349121,29.491959360482653,29.25257819095452,29.332371237706205,2094667
2011-06-09,29.380245208740234,29.523875114974476,29.2844919379174,29.444080046197822,2473100
2011-06-10,29.172773361206055,29.3802380543783,29.172773361206055,29.348319628785493,2089467
2011-06-13,29.52386474609375,29.667494601884705,29.236605034511836,29.25256526022562,2485067
2011-06-14,29.587692260742188,29.79515688038245,29.428104247885962,29.731322081094298,2353600
2011-06-15,29.348323822021484,29.651543835295687,29.18873572980059,29.380242252174742,2336900
2011-06-16,29.811128616333008,29.843045013668554,29.444073812794525,29.571745489954097,3045967
2011-06-17,29.90687370300293,30.13029654045236,29.84303686721288,29.970708509521064,2794867
2011-06-20,30.050519943237305,30.08243634928256,29.68346503953273,29.84305315757806,5544567
2011-06-21,30.00264549255371,30.19415003060794,29.859015567058165,30.19415003060794,2184000
2011-06-22,29.82707977294922,29.97070961486615,29.7313265450046,29.90687480599373,2156967
2011-06-23,29.603660583496094,29.715372020137874,29.36427748406924,29.555783963610722,2559133
2011-06-24,29.539823532104492,29.85900167221209,29.50790713858429,29.61961857444945,2008233
2011-06-27,29.715381622314453,29.779216459698343,29.587709918273774,29.619628351602167,1771000
2011-06-28,29.73133659362793,29.811131653641645,29.555790302579496,29.747294793921604,2514833
2011-06-29,29.970720291137695,30.066473553191866,29.795171967614145,29.82709039805644,1829300
2011-06-30,30.050519943237305,30.066478146259932,29.82709495455543,30.050519943237305,2176000
2011-07-01,30.43352508544922,30.46544351454266,29.986677224504174,30.002637453687203,1826400
2011-07-05,30.43352508544922,30.4973619436361,30.226060369523417,30.46544351454266,3272033
2011-07-06,30.43352508544922,30.51332014354651,30.321813627531114,30.433525085449222,1989567
2011-07-07,30.465438842773438,30.561192086097705,30.32180897778703,30.497357266972298,2775633
2011-07-08,30.465438842773438,30.51331546443557,30.32180897778703,30.337767175250303,2571467
2011-07-11,30.417570114135742,30.46544674822134,30.08243367553658,30.321816845964555,4777633
2011-07-12,30.513322830200195,30.688869132489156,30.337774498638435,30.369692930542247,4413500
2011-07-13,30.353736877441406,30.67291310197726,30.321818443278637,30.656954899532355,2923867
2011-07-14,30.14626693725586,30.46544515758611,30.114350535713744,30.36969189441431,2502133
2011-07-15,30.082429885864258,30.25797819848746,29.93880000170143,30.14626471351243,2536467
2011-07-18,29.73133659362793,30.05051480441012,29.683459963474235,29.938801314536384,2274633
2011-07-19,29.93880271911621,29.986679351516038,29.539831458875224,29.795172821916722,2727567
2011-07-20,30.050519943237305,30.19414782898699,29.859013389873702,30.098396581578207,2595667
2011-07-21,30.48141098022461,30.545245828543454,30.17819291411856,30.17819291411856,3046733
2011-07-22,30.242019653320312,30.48140280691915,30.16222662163583,30.401609775234668,2130800
2011-07-25,30.194141387939453,30.353731501213865,30.082429932065438,30.130306560193244,2426833
2011-07-26,30.034563064575195,30.226069639322258,30.01860485977069,30.162234790830986,2037567
2011-07-27,29.93880271911621,30.098392846630816,29.859009684631673,30.034555983915865,2701200
2011-07-28,29.715381622314453,29.938804567794524,29.715381622314453,29.922846365766773,7667067
2011-07-29,29.683467864990234,29.79517935532806,29.412168241416488,29.61963301755051,8998500
2011-08-01,29.84303855895996,30.09838185805127,29.651534128549518,30.05050524313065,6892800
2011-08-02,29.603660583496094,30.034548133192185,29.58770035735281,30.034548133192185,6096533
2011-08-03,29.444082260131836,29.71538389095363,29.14086422281786,29.555795770673598,4281367
2011-08-04,28.757843017578125,29.396195274005763,28.741882790676797,29.20469081464087,5248033
2011-08-05,28.91743278503418,29.268527358459153,28.518461586629787,28.99722580715159,7960967
2011-08-08,27.560932159423828,28.789762198283036,27.369425652258098,28.45462784001554,7454400
2011-08-09,28.50250244140625,28.534418837484193,26.92257589883181,27.975859584123974,12407567
2011-08-10,27.91982650756836,28.631984236448268,27.838898650980735,28.405389530932336,7329733
2011-08-11,29.166109085083008,29.473631705419468,27.968388106037033,28.01694441756812,6121533
2011-08-12,28.8424015045166,29.506003099262156,28.72910412304133,29.295593088499103,4437067
2011-08-15,29.781150817871094,29.829707123682795,29.020436732208477,29.068993038020174,3373467
2011-08-16,29.60311508178711,29.684042957119296,29.327964010204116,29.619301891702364,3619700
2011-08-17,29.89444351196289,30.0886687048895,29.700218319036285,29.700218319036285,2857567
2011-08-18,29.732593536376953,29.813519338020168,29.182289441263062,29.3603278513429,4828000
2011-08-19,29.522192001342773,29.7973430984332,29.37652304708965,29.4736356832584,3908933
2011-08-22,29.700227737426758,30.007750371053717,29.53837404468857,29.943009305574716,4385800
2011-08-23,29.926830291748047,30.088684015519267,29.538379708231716,29.716420245037288,7050067
2011-08-24,30.54186248779297,30.590418789764055,29.829704764270915,29.862074260197726,4527933
2011-08-25,30.040124893188477,30.55805758422376,29.862084372974216,30.509501265809106,4443267
2011-08-26,30.040124893188477,30.185793848432443,29.457449072212604,29.943012256359165,4603033
2011-08-29,30.38001251220703,30.558050935603294,30.185787280806665,30.234343588656756,3357900
2011-08-30,30.38001251220703,30.558050935603294,30.234343588656756,30.29908464642984,4177167
2011-08-31,30.606609344482422,30.687537215815013,30.396199348715204,30.49331197108181,3625867
2011-09-01,30.44475555419922,30.736093420287553,30.428570803221398,30.638980798258107,3540700
2011-09-02,30.39621353149414,30.509510957758984,30.137247103710685,30.201988196135993,3296000
2011-09-06,30.169597625732422,30.20196918060466,29.66785190273879,29.943002915869553,3923467
2011-09-07,30.39621353149414,30.428585106747903,30.153431862296458,30.428585106747903,3667200
2011-09-08,30.44475555419922,30.736093420287553,30.234345559162513,30.3638276831476,2724900
2011-09-09,30.0239315032959,30.299082523110123,29.829706285506575,30.266710967451576,3717333
2011-09-12,30.525678634643555,30.52567863464356,29.829705638683517,29.86207513555919,3426900
2011-09-13,30.719911575317383,30.73609838699212,30.315276270835998,30.558057865141148,2899100
2011-09-14,30.881765365600586,31.14073169691211,30.52568640278706,30.752281170904094,3508033
2011-09-15,31.399694442749023,31.43206394416584,30.962687650891027,31.140728141008395,2633567
2011-09-16,31.67483901977539,31.771951620335134,31.44824432385652,31.512985371536082,3514300
2011-09-19,31.642475128173828,31.72340093758329,31.237839906883014,31.383506775436285,2242033
2011-09-20,31.966182708740234,32.30607687329843,31.674844853404636,31.739587971088888,4895200
2011-09-21,31.820499420166016,32.25750600594401,31.788127875933487,31.982353025168152,5395867
2011-09-22,31.545358657836914,31.642471263733004,31.075980376645504,31.22164928548964,6202867
2011-09-23,32.030921936035156,32.07947824248013,31.399692010331645,31.593917236111512,4589500
2011-09-26,32.27369689941406,32.306068449815626,31.99854592428297,32.176584306289996,9249733
2011-09-27,32.208953857421875,32.45173532516214,32.128026015481616,32.419363776769934,5086933
2011-09-28,32.176597595214844,32.61360444475683,32.12804127859906,32.14422808952532,5602033
2011-09-29,32.58123016357422,32.61360172464531,32.289892288178365,32.46793278694738,9319367
2011-09-30,32.35463333129883,32.71071224787487,32.32226177230785,32.46793070064548,4329500
2011-10-03,31.901443481445312,32.613601352226524,31.836700360042443,32.51648872820352,5145733
2011-10-04,31.788145065307617,31.80433187521699,31.027430858170703,31.529178745652644,5800000
2011-10-05,31.545358657836914,31.88525072039232,31.22164928548964,31.836694417444274,4754800
2011-10-06,31.723403930664062,31.95000074616837,31.43206604990768,31.43206604990768,4754300
2011-10-07,32.030921936035156,32.22514716181503,31.771955654355686,31.86906826724562,5763667
2011-10-10,32.79163360595703,32.79163360595703,32.1280321723511,32.289885829168,4000567
2011-10-11,32.25752258300781,32.69452733528126,32.22515102213962,32.64597102301962,3243033
2011-10-12,32.0471076965332,32.41937132839471,32.014736140600505,32.41937132839471,4254433
2011-10-13,32.0471076965332,32.807821767263064,31.723398311449245,31.966179835741965,5247067
2011-10-14,32.24132537841797,32.27369692884906,31.966174403035925,32.17658433563642,4729200
2011-10-17,32.54886245727539,32.66215984015622,32.128040372447195,32.128040372447195,3716933
2011-10-18,32.56504440307617,32.74308283824749,32.047111790474396,32.46793178095319,3564867
2011-10-19,32.69452667236328,32.985864540025915,32.58122929874379,32.629785610020896,3498100
2011-10-20,32.75926208496094,32.96967203162793,32.53266533295594,32.710705785108495,3258033
2011-10-21,33.26102066040039,33.29339016545422,32.953498013900344,32.953498013900344,3705967
2011-10-24,32.9534912109375,33.24482698668544,32.85637859966118,33.212457488314016,3021867
2011-10-25,32.59740447998047,33.06678270388788,32.56503498735283,32.98585485615745,4013800
2011-10-26,32.85637283325195,33.01822647094626,32.69451713747698,32.84018602882606,3231067
2011-10-27,33.39048767089844,33.552341297092276,33.131521457372195,33.2286340447046,4753133
2011-10-28,33.11534118652344,33.40667692980368,32.80781863778038,33.40667692980368,3793100
2011-10-31,33.05060958862305,33.45524487870849,32.87257113118784,32.9858685184722,3828667
2011-11-01,32.69452667236328,33.01823610023774,32.53267298746668,32.66215717023272,4346467
2011-11-02,33.066776275634766,33.358114001130815,32.93729215605421,33.002033186804354,3616900
2011-11-03,33.68183135986328,33.74657241011715,33.08297098529258,33.34193724438894,13861000
2011-11-04,33.40667724609375,33.53616140061819,32.93730104484417,33.53616140061819,13985267
2011-11-07,33.74658203125,33.74658203125,33.21246461273745,33.244834118052474,12054633
2011-11-08,33.71420669555664,33.85987356044623,33.50379465698934,33.77894775307214,4070367
2011-11-09,33.277198791503906,33.519980321506715,33.13152987350222,33.50379351411917,3745400
2011-11-10,33.58472442626953,33.71420860672173,33.212460751851445,33.47142705467462,3842300
2011-11-11,33.989356994628906,33.989356994628906,33.6980191550212,33.6980191550212,3039300
2011-11-14,33.71420669555664,34.021729291356635,33.584722522444544,33.90842986810313,10319733
2011-11-15,33.471435546875,33.87607088358843,33.4390639790285,33.827514560859555,9827467
2011-11-16,33.14375305175781,33.50418924308766,33.11098745098773,33.438655958281934,4657433
2011-11-17,32.930782318115234,33.3076035533459,32.63587928617814,33.09461664143592,5377300
2011-11-18,33.04545593261719,33.30759326890947,32.99630544247061,33.09460642276376,2836600
2011-11-21,32.816078186035156,32.97991240793782,32.48840974222984,32.83246098324587,2784533
2011-11-22,32.635860443115234,32.84884723205241,32.40649293955016,32.78331187394932,4074233
2011-11-23,32.16073989868164,32.504793230275105,32.0788238276219,32.47202555189209,3018567
2011-11-25,32.422889709472656,32.537575593942144,32.20990491201897,32.22628771697198,1090933
2011-11-28,32.75056076049805,32.97992836548974,32.60310926446075,32.8160940643148,3363900
2011-11-29,33.110984802246094,33.25843624371265,32.76693143882413,32.86523239980183,2910167
2011-11-30,34.15953063964844,34.15953063964844,33.52057638244774,33.53695918393524,4670033
2011-12-01,33.91377639770508,34.11037833816387,33.848243111974014,34.012077367934474,3183933
2011-12-02,33.78270721435547,34.07761010224343,33.70078905107589,34.07761010224343,3308367
2011-12-05,33.91377639770508,34.0939955375475,33.76632702562657,33.995694567318104,2682567
2011-12-06,33.88100814819336,34.06122519068368,33.74993950371049,34.01207470941079,2909967
2011-12-07,33.93015670776367,34.077608143231146,33.74993759221499,33.97930718625283,3293433
2011-12-08,33.56972122192383,33.96292297432569,33.52057074246543,33.91377249486729,2414100
2011-12-09,34.17591094970703,34.22505934759064,33.73355661936572,33.83185758166379,3400600
2011-12-12,33.76631164550781,34.06121233860695,33.504174455452464,34.044829545452735,3448833
2011-12-13,34.19229507446289,34.487197972788984,33.8973921761368,33.8973921761368,4254600
2011-12-14,34.15953063964844,34.339749789073686,34.028464061217086,34.14314783816095,4323133
2011-12-15,34.4708251953125,34.503592889944834,34.126773776371046,34.126773776371046,5889433
2011-12-16,34.421661376953125,34.765714746043535,34.29059481566706,34.74933194669913,4736433
2011-12-19,34.35613250732422,34.70018592058795,34.22506384594471,34.66741823442665,2932100
2011-12-20,35.06061935424805,35.1097719241446,34.519966084573824,34.58550145559212,5784967
2011-12-21,35.47021484375,35.53575023101871,35.01147963246605,35.01147963246605,4156400
2011-12-22,35.43743896484375,35.683189304459916,35.37190359656491,35.535739933996446,4489000
2011-12-23,35.86341857910156,35.91257116083642,35.47021459135193,35.58490255988917,2929300
2011-12-27,36.02723693847656,36.0436197353478,35.650415944317345,35.650415944317345,2445367
2011-12-28,35.89616394042969,36.04361325227968,35.8142458042777,36.02723045835518,2528733
2011-12-29,36.14193344116211,36.15831624381645,35.87979609909758,35.87979609909758,2238000
2011-12-30,36.04362869262695,36.24023063700015,35.96171052138291,36.191078067641214,2259700
2012-01-03,35.421051025390625,36.2238414625773,35.27359750978911,36.2238414625773,4086967
2012-01-04,35.257232666015625,35.584905460201846,35.20808424680729,35.35553367096496,2247100
2012-01-05,35.240840911865234,35.48659544510714,35.060621754127496,35.14253993187479,4089467
2012-01-06,35.240840911865234,35.33914189185568,35.14253993187479,35.306376287369396,7059600
2012-01-09,35.17531204223633,35.289995832096984,35.04424128251111,35.27360886223243,6587833
2012-01-10,35.17531204223633,35.519363411818304,35.093393859041036,35.38829681862496,2753267
2012-01-11,35.06061935424805,35.224455698528146,34.89678717649926,35.09338912302285,3021900
2012-01-12,34.864017486572266,35.175305272848355,34.79848420258729,35.15891830613742,2655267
2012-01-13,34.91317367553711,34.945941364516926,34.70018890533295,34.70018890533295,2489233
2012-01-17,34.92955780029297,35.30637894639104,34.814874009422226,35.060624394640676,2277133
2012-01-18,34.92955780029297,34.945942687035895,34.68380533180856,34.880407306596084,2753233
2012-01-19,34.79849624633789,34.929562859669964,34.56912654810737,34.929562859669964,3702000
2012-01-20,34.89677810668945,34.89677810668945,34.634640857278065,34.83124275270405,3259367
2012-01-23,34.8476448059082,35.126162906173235,34.749343809752034,34.86402761084551,2531667
2012-01-24,34.63465118408203,34.81487033637908,34.503584603562125,34.68380167259343,1891667
2012-01-25,34.99509811401367,35.06062933715955,34.19230729821667,34.53636080259628,3576633
2012-01-26,35.17531204223633,35.25722605889975,34.89679188598508,34.99509287251306,2978600
2012-01-27,34.70018768310547,35.15892281306993,34.65103719299988,35.15892281306993,2997267
2012-01-30,34.61826705932617,34.65103474483673,34.3725146261611,34.61826705932617,2902633
2012-01-31,34.91317367553711,34.929556478394076,34.66742121635313,34.70018890533295,2941333
2012-02-01,35.15892028808594,35.240838460134135,34.89678713736929,34.99508811052086,2814333
2012-02-02,35.01146697998047,35.22445170346968,34.96231441565866,35.17530330567871,2178567
2012-02-03,35.06061935424805,35.25722130077164,34.81486900435921,35.15892032750984,2538900
2012-02-06,34.8476448059082,35.04424471495439,34.749343809752034,35.01147910507976,2590233
2012-02-07,35.19169235229492,35.3391417383744,34.651036964695614,34.765720746431114,2731400
2012-02-08,35.02784729003906,35.28998455922166,34.91316353681247,35.25721479649225,2542300
2012-02-09,35.15892028808594,35.15892028808594,34.91316993847266,35.10977188477581,11227333
2012-02-10,35.19169235229492,35.20807515446691,34.9950903931679,35.1097741749034,10371967
2012-02-13,35.12616729736328,35.404687515712816,35.02786628891832,35.404687515712816,11736967
2012-02-14,35.22445297241211,35.27360137197362,34.9950854413964,35.27360137197362,3848633
2012-02-15,34.59456253051758,35.42337331617339,34.56140934029241,35.42337331617339,5805733
2012-02-16,34.97582244873047,35.274194903253004,34.67744999420794,34.67744999420794,6208067
2012-02-17,34.644290924072266,35.257611236719654,34.577986652043435,35.22445804681784,5305200
2012-02-21,34.577980041503906,34.743741743773434,34.478522598587304,34.66085983875147,2969800
2012-02-22,34.69401931762695,34.727170399431564,34.47852885479787,34.54483312618187,3442567
2012-02-23,34.62771224975586,34.810051627153776,34.56140797969059,34.694018627595874,3574067
2012-02-24,34.97582244873047,35.14158422087345,34.54484141960367,34.57799461714238,6976400
2012-02-27,34.92607498168945,35.05868559297361,34.67743140289052,34.87634626592967,2722933
2012-02-28,34.826622009277344,35.058690081794445,34.72716456502351,34.9758081756581,2437600
2012-02-29,34.67743682861328,34.8266229992347,34.56140384294367,34.79347192205738,3196700
2012-03-01,34.793479919433594,34.909512931773705,34.56141178697839,34.66086925691991,2823433
2012-03-02,34.87635803222656,34.90951122317609,34.61113882795495,34.77690056715285,1915233
2012-03-05,34.95924758911133,35.05870507590171,34.64429958353355,34.79348581371913,2148733
2012-03-06,34.84319305419922,34.97580154956565,34.727157986036055,34.85976858917652,2262633
2012-03-07,34.859764099121094,34.876339631963404,34.54481632847462,34.84318856627878,2771767
2012-03-08,35.058692932128906,35.1415727372291,34.892931214153926,34.959235479789,2582400
2012-03-09,35.058692932128906,35.1415727372291,34.926082293084164,35.124997197763975,1929933
2012-03-12,35.423362731933594,35.473089340751166,35.00895746292693,35.07526171579122,2568833
2012-03-13,35.5228385925293,35.60572053243517,35.274194880586954,35.50626304765824,3017267
2012-03-14,35.058692932128906,35.55597808605385,34.926082293084164,35.52282700712361,2497000
2012-03-15,35.02554702758789,35.12500450060601,34.74375225921991,35.02554702758789,2656300
2012-03-16,34.92607498168945,35.1249898447286,34.760313298414886,35.1249898447286,3714200
2012-03-19,34.710594177246094,35.04211763543389,34.67744098831742,34.85978036576302,2217333
2012-03-20,34.62771224975586,34.87635589721905,34.52825689854532,34.64428989810323,3324533
2012-03-21,34.54481887817383,34.69400500808711,34.46193699229737,34.5779720540792,3396433
2012-03-22,34.59456253051758,34.62771361296792,34.39564760471621,34.51168060884206,4278967
2012-03-23,34.461952209472656,34.611138405261265,34.39564793615823,34.59456286387637,3710133
2012-03-26,34.76032638549805,34.87635939669866,34.51168271308605,34.660868916533246,2818767
2012-03-27,34.90951156616211,34.95924029918755,34.694021092310166,34.743749825335605,2656633
2012-03-28,34.66086196899414,34.942658777168425,34.47852471762361,34.85977686705257,3344267
2012-03-29,34.66086196899414,34.66086196899414,34.26303217287729,34.51167579545032,2721000
2012-03-30,34.826622009277344,34.859775193286765,34.61113158265217,34.660860304779085,4184833
2012-04-02,34.97582244873047,35.108433131110026,34.72717873662836,34.8100606765875,3549033
2012-04-03,35.042118072509766,35.07527126185195,34.79347652965502,34.94266272003272,4022600
2012-04-04,35.125,35.15815318934976,34.876356349313696,34.90950953866346,4075067
2012-04-05,34.4122200012207,35.02554026380242,34.4122200012207,34.97581153689648,5679567
2012-04-09,34.16356658935547,34.312750610399256,34.09726023803167,34.312750610399256,5098200
2012-04-10,33.7657470703125,34.11384814227358,33.682865160111206,34.047541771002734,6208333
2012-04-11,33.73258972167969,33.997808850708324,33.66628546636609,33.997808850708324,3622300
2012-04-12,33.782318115234375,33.782318115234375,33.46737027080573,33.699438323832986,4082100
2012-04-13,33.832054138183594,34.18015523899915,33.64971687151097,33.78232540949566,5471000
2012-04-16,34.19672393798828,34.36248563119461,33.64971013962998,33.89835162555232,9938867
2012-04-17,34.51168441772461,34.56141315466326,33.981245962229,34.213311996092685,7108300
2012-04-18,34.84319305419922,35.042105797248865,34.27960167945681,34.39563463984595,8790067
2012-04-19,34.59456253051758,34.82662853876929,34.47852952639172,34.81005299754412,4328100
2012-04-20,34.826622009277344,34.892928377296194,34.51167413839833,34.59455604453467,3714633
2012-04-23,34.69401931762695,34.710594858529255,34.47852885479787,34.660866128047566,2365700
2012-04-24,35.10842514038086,35.191304953701135,34.71059529156414,34.77689956377532,4129433
2012-04-25,35.29075622558594,35.39021577811882,35.075265797867466,35.158147704424316,3454167
2012-04-26,35.43994140625,35.473092481730426,35.14156908027989,35.20787544678951,2356767
2012-04-27,35.5228385925293,35.63887162217729,35.35707682049283,35.39023001801024,2984267
2012-04-30,35.5228385925293,35.572565227142476,35.30734807810436,35.42338110775236,2129367
2012-05-01,35.688575744628906,35.83776398546246,35.47308536613414,35.48966511609736,2229300
2012-05-02,35.605709075927734,35.67201123407856,35.390218630839094,35.55597824176539,3148933
2012-05-03,35.47309494018555,35.920655567933174,35.406792784629644,35.52282577240153,6201900
2012-05-04,35.73832702636719,35.90409089652862,35.50626098058144,35.572563156205746,5417367
2012-05-07,35.58913040161133,35.75488999793711,35.47309320396978,35.67200809199979,3012533
2012-05-08,35.72174072265625,35.73831626156958,35.473094992309086,35.473094992309086,3342567
2012-05-09,35.804630279541016,35.97038991962456,35.52283341118404,35.57256003854411,3985567
2012-05-10,36.11956787109375,36.202445559585215,35.8874976966714,35.95380406301332,12314700
2012-05-11,36.003543853759766,36.30191203769718,35.98696409638564,36.05327047923274,11331433
2012-05-14,35.95381164550781,36.05326910822144,35.75489672008055,35.83777864160018,10575000
2012-05-15,35.9372444152832,36.08642853607966,35.854362474596016,35.98697105036515,4796633
2012-05-16,35.87014389038086,36.12169024244186,35.83660608266325,36.12169024244186,4970533
2012-05-17,35.9372444152832,36.27263547930913,35.920475501791216,36.17201773362848,5575733
2012-05-18,35.98754119873047,36.37324316124513,35.88692348088871,36.07139000771986,4036733
2012-05-21,35.87014389038086,36.12169024244186,35.68567955084455,36.12169024244186,3554500
2012-05-22,36.30617141723633,36.37325133244276,35.85339371759636,35.85339371759636,5009367
2012-05-23,36.222328186035156,36.54095033170653,36.004323784508884,36.222328186035156,4137833
2012-05-24,36.557708740234375,36.84279297751583,36.30616231978811,36.44032211658377,4693400
2012-05-25,36.826011657714844,36.94339825539716,36.55770065293426,36.55770065293426,5469900
2012-05-29,36.85956954956055,36.893107373368714,36.675102989158894,36.893107373368714,2545733
2012-05-30,36.641571044921875,37.0104999601958,36.641571044921875,36.70864670330129,2230600
2012-05-31,36.85956954956055,37.04403184523384,36.62479198871828,36.70864081296706,3591133
2012-06-01,37.48003387451172,37.56387840941599,36.641554407652194,36.6750922216139,7638167
2012-06-04,37.69804000854492,37.815426627786024,37.262031347155904,37.51357349342578,4534333
2012-06-05,37.91604995727539,38.167592140816375,37.56388578264448,37.630965688461785,3931233
2012-06-06,38.05020523071289,38.06697414086471,37.66450323830937,38.01666741040925,6716700
2012-06-07,38.38558578491211,38.41912786081835,38.10050586043298,38.25143027546742,3201067
2012-06-08,38.821598052978516,38.95575783981142,38.23466497831138,38.284971699828354,5617033
2012-06-11,38.53653335571289,39.10669774889886,38.519764441902836,39.10669774889886,11313367
2012-06-12,38.502986907958984,38.55329790842687,37.916053667356046,38.51976008460052,8623833
2012-06-13,38.318519592285156,38.57006176748634,38.11728414623309,38.385595231150646,6258667
2012-06-14,38.80483627319336,38.88868508918287,38.28497873173191,38.40236536822605,5295600
2012-06-15,39.00606918334961,39.15699789523913,38.73775810734461,39.05638017555533,5540700
2012-06-18,39.03961181640625,39.240847280592114,38.92222517308586,39.08992281481681,3055800
2012-06-19,38.737762451171875,39.15700228607751,38.70422036436429,39.07315346615075,3383767
2012-06-20,38.28497314453125,38.804830610126174,38.18435543297329,38.70421289856821,4994200
2012-06-21,38.150814056396484,38.653902567228414,38.13404515015657,38.301738477282605,3781133
2012-06-22,38.36882019042969,38.43590008330419,38.167584776533296,38.2346646694078,4174033
2012-06-25,38.45267868041992,38.51975859019857,38.13405657224569,38.184363306033525,4926033
2012-06-26,38.40237045288086,38.55329919459124,38.31852589051787,38.55329919459124,3882300
2012-06-27,38.58682632446289,38.73775502434051,38.402359808935714,38.402359808935714,2512133
2012-06-28,38.67068099975586,38.68744991012669,38.26821009194405,38.38559672926783,2942533
2012-06-29,38.67068099975586,38.972534180614716,38.570063272802905,38.838378632920104,11676967
2012-07-02,39.03961181640625,39.76070485228423,38.78806961853802,39.32469610145759,5658433
2012-07-03,38.39677047729492,39.05637448472848,38.23466393782861,38.71539249907987,3714000
2012-07-05,38.3297004699707,38.41914034848967,38.03902939424033,38.13405606662063,6174100
2012-07-06,37.02165222167969,37.98869581104465,36.90426138473366,37.943975898372415,9937800
2012-07-09,36.50740432739258,36.71423085283529,36.06580451235213,36.42914656419333,12661300
2012-07-10,36.97135925292969,37.03284809660793,36.36206613886233,36.49063061947852,10629900
2012-07-11,37.16141891479492,37.373832218159535,36.647148169461374,36.753356953507634,8111100
2012-07-12,37.250858306884766,37.44650271994783,36.98813398160221,37.027262864214826,6328800
2012-07-13,37.30674743652344,37.43531617223406,36.98812539075849,37.390596241141026,6047000
2012-07-16,37.30674743652344,37.323516344501485,37.06638313780761,37.21731183906474,5092800
2012-07-17,37.083160400390625,37.412964635595344,37.02726260629459,37.30675584150306,5826400
2012-07-18,36.932228088378906,37.077565733953044,36.725401602936,36.960179111856505,5638200
2012-07-19,36.960182189941406,37.02167103493104,36.58007126851813,36.93782222224265,5267500
2012-07-20,37.016082763671875,37.16700722609148,36.697460663249984,36.697460663249984,6241900
2012-07-23,36.613616943359375,37.116705662702415,36.535359171986975,36.876341289279,4636900
2012-07-24,36.48503875732422,36.703047366750475,36.345292163813404,36.65273637542823,4173800
2012-07-25,36.79248809814453,36.870745860242224,36.45709707990754,36.65274148515177,4079900
2012-07-26,37.64213943481445,37.675681516428675,36.88192190877416,36.887508701770294,5642600
2012-07-27,37.7092170715332,37.97753238471618,37.63095932700634,37.7539370011849,4687500
2012-07-30,38.05020523071289,38.13964510449315,37.480040961911435,37.67009429660261,4507500
2012-07-31,37.88809585571289,38.28497567062055,37.8098381043073,38.16199798563245,4053700
2012-08-01,37.74275588989258,38.665084206026954,37.68685810870539,37.994302302325956,8225600
2012-08-02,37.7092170715332,37.776296966010754,37.22848848959549,37.61978147695703,4194900
2012-08-03,38.34646224975586,38.43031105409207,37.92722249280212,37.994302389216564,11274800
2012-08-06,38.128440856933594,38.53650258093004,38.06695204558173,38.357627201922455,3428600
2012-08-07,38.03901290893555,38.2346572274975,37.888084245526116,38.22906617133107,5041800
2012-08-08,38.033424377441406,38.10609105352341,37.798651179582734,38.07255324375119,3698100
2012-08-09,38.061370849609375,38.12845073338502,37.84336655824667,38.00547307882626,3301000
2012-08-10,37.92723083496094,38.03343962812944,37.65891971974238,38.022257510570505,5151500
2012-08-13,38.13405227661133,38.13405227661133,37.78747917888722,37.87691904851707,4297100
2012-08-14,38.12287139892578,38.234671239594796,37.949586976798614,38.20672021324558,7355400
2012-08-15,37.74692916870117,38.13135218269919,37.74127899705852,38.114393041555005,4289400
2012-08-16,37.70170974731445,37.865655315516726,37.60560075001758,37.65082800602687,3197300
2012-08-17,37.588626861572266,37.61689496376585,37.486867732024926,37.5434039364121,3816100
2012-08-20,37.56037902832031,37.56602920067378,37.351206197307896,37.4473108846209,2810400
2012-08-21,37.345542907714844,37.566020344565786,37.22117013552044,37.515142926726796,5072600
2012-08-22,37.311622619628906,37.39642262456773,37.19855882178209,37.209863476323804,4303900
2012-08-23,36.88196563720703,37.38510677732006,36.83674271425466,37.30596127077015,2711600
2012-08-24,37.01199722290039,37.068529118080704,36.797169982865185,36.88196998218923,2602400
2012-08-27,37.03461456298828,37.136373709775405,36.881973686253815,37.01200094002364,2381400
2012-08-28,36.95547103881836,37.02896208259937,36.791525498284294,36.94981655449435,2621600
2012-08-29,36.921539306640625,37.04025756941134,36.66148916250858,36.88762103530806,3192300
2012-08-30,36.63889694213867,36.87633791945952,36.604978650996806,36.86502894700607,2809800
2012-08-31,36.62192153930664,36.82543982203021,36.50885774361903,36.82543982203021,3528300
2012-09-04,36.63889694213867,36.72935146932933,36.46364668709334,36.57671053297241,2692500
2012-09-05,36.446678161621094,36.70107390593245,36.407105394436925,36.61627388679261,2973900
2012-09-06,36.746307373046875,36.746307373046875,36.418416210572026,36.52017538812943,3298800
2012-09-07,36.588008880615234,36.86501824175454,36.46929058298411,36.746299944123415,2509700
2012-09-10,36.65019607543945,36.73499609363787,36.474941554333896,36.61627348029523,2687400
2012-09-11,36.441017150878906,36.706721817150026,36.441017150878906,36.64453543512456,2097400
2012-09-12,36.20924377441406,36.5258259312613,36.197934804179006,36.45798504917615,3380400
2012-09-13,36.5540771484375,36.56538180033914,36.107465762407166,36.203572555996786,4314000
2012-09-14,36.28837966918945,36.7462936405154,36.18662052966066,36.706720881426826,3911100
2012-09-17,36.26011276245117,36.55408553662979,36.20358086375756,36.35056725084687,6654700
2012-09-18,35.706085205078125,36.31663779036211,35.632592025437724,36.21487866672256,5639300
2012-09-19,35.858726501464844,35.95483114937011,35.71174013148174,35.75696737041606,4334300
2012-09-20,36.141395568847656,36.26011385360899,35.768279419202194,35.768279419202194,3543400
2012-09-21,36.22620391845703,36.260122203883384,35.99441746642091,36.21489494790924,6699400
2012-09-24,36.54841995239258,36.5992973518322,36.21487451912165,36.24879709852082,3657600
2012-09-25,36.3731803894043,36.6954213034107,36.36187573371832,36.54278041644894,3199800
2012-09-26,36.367530822753906,36.68976742900989,36.34491719789813,36.44667635319517,2808200
2012-09-27,36.21488952636719,36.44102145927638,36.18662573044596,36.418407834674674,1938700
2012-09-28,36.6275749206543,36.661493195718286,36.15269966077603,36.197924746379215,4051000
2012-10-01,36.395790100097656,36.83674926037405,36.378830961838446,36.75194925597061,4272200
2012-10-02,36.610618591308594,36.785868776724556,36.48624582239112,36.51450961607666,2952600
2012-10-03,36.62192153930664,36.751948786144,36.45232584577522,36.610616884980814,2952300
2012-10-04,36.966773986816406,37.00069226497818,36.67280551216335,36.712378274387945,3109800
2012-10-05,36.73500061035156,37.07984658403795,36.70673249644038,37.02896915472817,2021800
2012-10-08,36.8763313293457,36.95547686993893,36.59366745205322,36.71803593505079,1502200
2012-10-09,36.910240173339844,36.989385693688824,36.678453782955415,36.81978568545108,2365800
2012-10-10,36.62192153930664,36.92154447967541,36.582348779505246,36.910239825349585,2060700
2012-10-11,36.45232391357422,36.78586511234804,36.40709667245357,36.75759700837086,2147100
2012-10-12,36.271419525146484,36.60496072633829,36.197924179515844,36.51450624344125,2243200
2012-10-15,36.4975471496582,36.525815253874,36.11312637965559,36.24880594760924,2068400
2012-10-16,36.4975471496582,36.66714714873867,36.25445611796669,36.638879044522874,2678100
2012-10-17,36.89892578125,37.07418024749329,36.54277099203828,36.587998229333756,2423900
2012-10-18,37.085487365722656,37.11375546918829,36.865009960633195,36.910237200935406,2363700
2012-10-19,37.03461456298828,37.25509199550912,36.79717367841329,37.08549197982806,3237200
2012-10-22,37.028961181640625,37.03461566582706,36.67280631383369,36.938506687088434,3273100
2012-10-23,36.74064636230469,37.108110233396594,36.71803273651816,36.949819165998996,2780500
2012-10-24,36.36186981201172,36.82543825558382,36.32795153736969,36.757597393192604,2479400
2012-10-25,36.6049690246582,36.610623509397925,36.254464293633674,36.49190520851255,2330100
2012-10-26,36.808494567871094,36.91025374761567,36.49191237004753,36.604976208381956,2595700
2012-10-31,37.13636779785156,37.2042043428387,36.74629041174804,36.75759506487694,3246600
2012-11-01,36.921539306640625,37.232471170878256,36.870661899641775,37.1080984251832,2983500
2012-11-02,36.71238327026367,37.17029734019157,36.67281050265395,37.04592455253012,9485600
2012-11-05,36.21488952636719,36.582353378206136,36.107478044339985,36.508862333081495,3184600
2012-11-06,36.22052764892578,36.463618612198005,36.180954902025924,36.30532762459859,2461800
2012-11-07,35.581722259521484,36.18097035742575,35.31036524062726,36.10747715755214,4243800
2012-11-08,35.36689758300781,36.32230050874622,35.36689758300781,36.00006392967541,9688400
2012-11-09,35.027679443359375,35.383836250799426,34.863734006666846,35.33295670687942,11296400
2012-11-12,34.739376068115234,35.03899895958866,34.34929870436708,34.97681258817644,3658700
2012-11-13,35.05595397949219,35.2594722051118,34.63195839496902,34.66587881808997,4939300
2012-11-14,34.76691436767578,35.264892265749005,34.635262955199394,35.264892265749005,4119000
2012-11-15,34.26892852783203,34.921451632936495,34.13155639175253,34.66960126113025,3702900
2012-11-16,34.85849380493164,34.87566477760939,34.21741650074396,34.291827688165746,4525300
2012-11-19,34.910003662109375,35.09316795479264,34.65815112205194,35.06454675997476,3895500
2012-11-20,34.79553985595703,34.99015227053558,34.537964280266074,34.938637155397394,2823100
2012-11-21,34.583740234375,34.86421178809996,34.257478698842455,34.77262964099417,3274800
2012-11-23,34.60091781616211,34.69249997498814,34.343342312123006,34.65243291696993,1981500
2012-11-26,35.093177795410156,35.379372355917035,34.52651160487041,34.52651160487041,6020900
2012-11-27,35.25345230102539,35.48813179491013,35.09318401744311,35.17331815923425,3136300
2012-11-28,35.31640625,35.40226330087775,34.93862954906121,35.27061407607238,2518100
2012-11-29,35.71134948730469,35.739968500708045,35.22481970897534,35.356468917423385,3353800
2012-11-30,36.52987289428711,36.632903108960356,36.06623692825751,36.06623692825751,7223600
2012-12-03,36.615718841552734,36.91335914978691,36.52985963266455,36.68440271507867,5382400
2012-12-04,36.4039306640625,36.7187462842132,36.32379657292967,36.60426807538478,2883500
2012-12-05,36.89619445800781,37.10225484760115,36.29518644402108,36.37532055475387,3896500
2012-12-06,36.730194091796875,36.970596377970324,36.63288902839057,36.92480858559015,2802400
2012-12-07,36.81605911254883,36.91336419132077,36.61572384243562,36.77599205852619,2555600
2012-12-10,36.81605911254883,36.919089303890104,36.73592500450355,36.77599205852619,2244800
2012-12-11,36.79317092895508,37.016402330293324,36.72448703130165,36.80462115655218,3414600
2012-12-12,36.804622650146484,37.193847431579755,36.758830471864336,36.86758580353881,3311400
2012-12-13,36.58710479736328,36.8389573614431,36.432561684757154,36.81033616389526,2244800
2012-12-14,36.52415084838867,36.63290399607016,36.38105356715402,36.54704475393288,2063300
2012-12-17,37.067909240722656,37.09652606773751,36.59854829777403,36.621444379574555,3463900
2012-12-18,37.4972038269043,37.583063048501195,37.142321082228435,37.17094227842121,7248300
2012-12-19,37.06218719482422,37.43424091264731,37.03356599846035,37.43424091264731,3121400
2012-12-20,37.23390197753906,37.34265290566825,36.83322710275364,37.06218355020516,3313600
2012-12-21,36.924808502197266,37.46857620069209,36.924808502197266,37.24534488303795,8491200
2012-12-24,36.964874267578125,36.982045234958875,36.69585079999834,36.90763625398212,1581200
2012-12-26,36.67295455932617,37.10224620987251,36.61571654598276,37.10224620987251,2120600
2012-12-27,36.4669075012207,36.707309865020825,36.11202688554341,36.63862597078198,2411500
2012-12-28,36.06623077392578,36.44400743543358,36.04333687284259,36.27229116811018,2883500
2012-12-31,36.51841354370117,36.54703255369618,35.83154638636861,35.957472650535216,3135900
2013-01-02,37.21100997924805,37.331211144779004,36.924815480274866,36.95343230998329,3196300
2013-01-03,37.13087463378906,37.31403893235995,36.91908913948031,37.08508246740101,2326400
2013-01-04,37.23963165283203,37.302594800154466,37.08508852475646,37.14805167207889,1749500
2013-01-07,37.06218719482422,37.14232130426532,36.88474800491626,37.08508327851902,2579500
2013-01-08,37.14805221557617,37.279699258644015,36.91337059630774,37.03929689279499,2428500
2013-01-09,37.21100997924805,37.216730725000836,36.959157422717574,37.14804684011543,2503400
2013-01-10,37.41707992553711,37.42280067275119,37.11943512506616,37.23391557408676,2794000
2013-01-11,37.60023880004883,37.65175171936765,37.3541113292343,37.4227952216594,2237700
2013-01-14,37.42851257324219,37.605951747853,37.354103582884996,37.605951747853,2518600
2013-01-15,37.80630111694336,37.83491795123561,37.26825397525559,37.42852222163521,3139600
2013-01-16,37.62311553955078,37.7719334745997,37.4971893122173,37.69752450707524,2331600
2013-01-17,37.789127349853516,38.00091289395127,37.634584210688715,37.77768148905635,2448800
2013-01-18,38.241302490234375,38.241302490234375,37.74332692284694,37.87497392942809,3205400
2013-01-22,38.52751541137695,38.52751541137695,38.08677765163146,38.13256983541834,2583900
2013-01-23,38.584754943847656,38.61909689563233,38.23559721076119,38.447378402743595,2336300
2013-01-24,38.807987213134766,38.96825548094519,38.49889653936491,38.6248228546396,3334900
2013-01-25,38.87665939331055,38.9281766735597,38.538951983271744,38.92245156086947,2301100
2013-01-28,38.71066665649414,38.97969018631344,38.63625765830261,38.951073356385095,2769700
2013-01-29,38.91100311279297,39.00830818714356,38.67059643259933,38.76218076162189,2246700
2013-01-30,39.17429733276367,39.305944332975194,38.89382363026299,39.11705494973532,3114800
2013-01-31,39.346031188964844,39.449061416511626,38.97970246146137,39.134249986273,3308400
2013-02-01,39.40325927734375,39.729525221286195,39.37464244563459,39.47767264714752,3691300
2013-02-04,39.12279510498047,39.4662277003042,39.07128218082398,39.294513586133526,2703700
2013-02-05,39.42616653442383,39.52347601735694,39.197214347949064,39.208660210479586,2869400
2013-02-06,39.55780792236328,39.56353303566561,39.180029050084286,39.351747513298726,2642800
2013-02-07,39.51775360107422,39.62650895396423,39.16287070063226,39.4547904353993,3111600
2013-02-08,39.4948616027832,39.517757698764896,39.34031841363648,39.42617331483812,8084600
2013-02-11,39.57498550415039,39.609327455735475,39.38609603646712,39.46623016815409,8209900
2013-02-12,39.78104019165039,39.78104019165039,39.52918760451361,39.55208369125168,9078700
2013-02-13,39.830230712890625,40.16591230032522,39.650816671420486,39.82444188122181,2638700
2013-02-14,39.35564422607422,39.99806759536424,39.25146734414653,39.36721747269536,3359200
2013-02-15,39.39037322998047,39.45982596500914,39.228321263831816,39.355649070258586,2667800
2013-02-19,39.911258697509766,39.91704752946919,39.49455110813169,39.49455110813169,2754300
2013-02-20,39.84758758544922,40.11960523573683,39.772350445924985,39.84758758544922,2152900
2013-02-21,39.83601760864258,39.97491865285039,39.71447864301266,39.74341396878097,2294900
2013-02-22,40.20063781738281,40.21799989739106,39.853382970463066,39.85917180232746,1857700
2013-02-25,39.99807357788086,40.686798867836885,39.99228474591227,40.24115153354121,3210300
2013-02-26,40.2758674621582,40.48422121459145,40.07909137129575,40.154328509169495,2123900
2013-02-27,40.58841323852539,40.663654820063634,40.252735992626405,40.35691290772217,2327500
2013-02-28,40.0790901184082,40.57103474577006,40.038577135345086,40.553672669540724,5066900
2013-03-01,40.0790901184082,40.0906633640331,39.38458057573075,39.59293432165079,5228500
2013-03-04,40.345314025878906,40.478430620117386,39.75498142782523,39.876520362260294,2630200
2013-03-05,40.60578155517578,40.72732055896419,40.33954821477912,40.4437251345386,2129600
2013-03-06,40.44371795654297,40.6347096781356,40.31060572555551,40.62892084595804,2000800
2013-03-07,40.252723693847656,40.490012785095615,40.206421875599716,40.490012785095615,2472100
2013-03-08,40.30481719970703,40.385843188467874,39.97492441244211,40.275877454184496,1756700
2013-03-11,40.391632080078125,40.397420912308185,40.235364518963,40.24115335119307,1294700
2013-03-12,40.24693298339844,40.39741167788564,40.113816366047395,40.38583401607205,1872000
2013-03-13,40.4610710144043,40.57103229574437,40.17747573450439,40.252717281066445,2299900
2013-03-14,40.47266387939453,40.61156496376072,40.31061187836966,40.50738804658961,2090300
2013-03-15,40.48422622680664,40.51316596873246,40.08488516485528,40.18906205396969,3299800
2013-03-18,40.29323196411133,40.49000804525344,40.2237792448697,40.27008105769745,1461500
2013-03-19,40.4610710144043,40.628907351541834,40.252717281066445,40.38004063758738,1773800
2013-03-20,40.74467086791992,40.877783084063296,40.49580409905981,40.53052825708249,1829000
2013-03-21,40.66365432739258,40.80255540730878,40.44372283397407,40.617352495558606,2461300
2013-03-22,40.8662109375,40.87199976918796,40.553680260122434,40.65785715258162,2019400
2013-03-25,40.67521667480469,41.080350971379495,40.55946654183162,40.91829460339885,2152400
2013-03-26,41.0629997253418,41.11509039543169,40.76783545198169,40.779408703342675,2505500
2013-03-27,41.508628845214844,41.58386598480187,40.8256925112617,40.8893564045985,2954800
2013-03-28,42.01215362548828,42.06424428110544,41.47391148281571,41.56072188286938,2971600
2013-04-01,41.855892181396484,42.00058207478013,41.71120228801284,41.99479324268095,1691600
2013-04-02,42.02953338623047,42.0526843054132,41.84433044835491,41.960080628682256,2077900
2013-04-03,41.502845764160156,42.052669972280114,41.421819782430454,41.850100602371015,3975000
2013-04-04,41.54914855957031,41.65332545503124,41.45076049596415,41.45076049596415,4730300
2013-04-05,41.69963455200195,41.73435871801725,41.23662506573139,41.28292689747558,3556100
2013-04-08,42.25524139404297,42.2957543911086,41.49706328383546,41.65333085507825,3433000
2013-04-09,42.02953338623047,42.30154675155836,41.977442714172724,42.30154675155836,1950100
2013-04-10,42.12791442871094,42.41150541394927,42.05846168278935,42.23209133980051,2130700
2013-04-11,42.34783172607422,42.509883680234346,42.10475379483404,42.208930681877625,2409100
2013-04-12,42.23207473754883,42.486730290232316,42.12210903696571,42.249436813307454,2546500
2013-04-15,41.83852767944336,42.5909124321459,41.83852767944336,42.1394806974074,2515900
2013-04-16,42.57933807373047,42.59670015298532,41.931125816179275,42.11632868753894,2576600
2013-04-17,42.336265563964844,42.457804549924795,41.977433022855486,42.41729155460481,2159400
2013-04-18,42.388343811035156,42.556184593004495,42.21471861338667,42.394132642298786,1656200
2013-04-19,43.02497863769531,43.04812954731104,42.38834407780853,42.50409862588719,2052200
2013-04-22,42.990264892578125,43.10023063598856,42.77612665404487,43.0076269750986,1454600
2013-04-23,43.065513610839844,43.19862587595605,42.741405159576175,43.19862587595605,1876300
2013-04-24,43.24491500854492,43.47063088358774,42.83978066739204,43.11758719891359,1812500
2013-04-25,43.48798370361328,43.61531148613161,43.233328138576624,43.41274656648158,2000400
2013-04-26,43.32594680786133,43.650050791809335,43.30279589249567,43.46484788446968,2431100
2013-04-29,43.52271270751953,43.63846725706643,43.325936596666665,43.43011348346659,1657800
2013-04-30,43.52271270751953,43.56901452733829,43.163884642885584,43.4243246520931,2240700
2013-05-01,43.34329605102539,43.673188769988016,43.273843325502206,43.40695994552558,1639500
2013-05-02,43.27964782714844,43.4822128304551,42.95554382185778,43.33173849404781,2473400
2013-05-03,43.100223541259766,43.55165527482417,42.909231833802565,43.49956903583667,3091600
2013-05-06,42.19157028198242,43.05970957002492,42.13369521256321,43.00183450060571,3431600
2013-05-07,42.65457534790039,42.67772625883658,42.10475556381642,42.19735920756117,2927500
2013-05-08,42.19736099243164,42.71245663969131,42.0816064328545,42.65457715211026,3328900
2013-05-09,41.69963455200195,42.31890720092705,41.57230672249826,42.2668165363184,7705500
2013-05-10,41.77487564086914,41.78644889209943,41.32923261133206,41.60703479672018,7864800
2013-05-13,41.5375862121582,41.70542707315517,41.311870258028,41.630189893640626,8248300
2013-05-14,41.71698760986328,42.046880362395974,41.52599590692732,41.52599590692732,4030000
2013-05-15,42.258079528808594,42.41017243129188,41.71405920737882,41.73745845875708,3189000
2013-05-16,41.626304626464844,42.228820657176186,41.59705445561597,42.18787309575744,2494000
2013-05-17,41.895389556884766,41.93048619181008,41.532707965174936,41.77254687169664,3226900
2013-05-20,41.72576904296875,41.9422043494385,41.638022949259955,41.88955937098425,2136400
2013-05-21,41.760868072509766,41.90125915266457,41.36308962627785,41.72577141820906,2973500
2013-05-22,41.058902740478516,42.01239891325903,40.90095889125666,41.71991493183479,2951900
2013-05-23,40.807373046875,41.01211097494164,40.04691278496791,40.801522116658205,3412400
2013-05-24,40.2925910949707,40.754716314530235,40.17559928926379,40.64942190421349,2802200
2013-05-28,39.6315803527832,40.57337915067512,39.43853984969819,40.41543529798685,6062000
2013-05-29,39.280601501464844,39.42099256972566,38.707330906393146,39.36249666319629,4533900
2013-05-30,39.374202728271484,40.046916958848605,39.368356260397455,39.497045497914726,3949000
2013-05-31,39.15190505981445,40.07030456251014,39.15190505981445,39.28059872284654,4277400
2013-06-03,39.30984878540039,39.567236139899954,38.71318337436714,39.169457711560526,3915700
2013-06-04,39.280601501464844,39.47948847625504,39.08756099326148,39.304000756666916,3327400
2013-06-05,39.081703186035156,39.292291982842286,38.93546121397192,39.169449261863264,3339000
2013-06-06,39.485347747802734,39.502896077173794,38.941327222537126,39.081718320458165,3626000
2013-06-07,39.59648513793945,39.88311820679135,39.239654302797625,39.584783278748645,2740000
2013-06-10,39.71348571777344,40.02351811048624,39.491199436552634,39.79538089837861,2312400
2013-06-11,39.31570816040039,39.84803131010645,39.251361307953445,39.50289778671349,2626500
2013-06-12,38.9530143737793,39.65497860462408,38.85357089153548,39.561381588664226,3053000
2013-06-13,39.4794807434082,39.52627924464591,38.91791211740779,39.011509119883215,3312700
2013-06-14,39.56724166870117,39.807080730352865,39.456096302281864,39.47949556168342,2001000
2013-06-17,39.573081970214844,40.33938854224324,39.444388309548756,39.883114263846146,2751000
2013-06-18,39.91237258911133,39.965017572151346,39.245504896606356,39.61988855990561,3188700
2013-06-19,39.0290641784668,40.10540311500437,39.01736231966229,39.89481428603806,3312900
2013-06-20,38.0814094543457,38.9179137311144,38.02876448548342,38.90036540816031,4726600
2013-06-21,38.36219787597656,38.719028669898435,37.80062919938258,38.30954844160309,6334900
2013-06-24,38.29200744628906,38.60789072413164,37.9936724956124,38.13406803884375,2935900
2013-06-25,38.67808151245117,38.86527107334408,38.16330687278229,38.42069419261673,2636500
2013-06-26,39.549678802490234,39.707618166706006,38.92961427660132,38.95885999288904,3856700
2013-06-27,39.49702835083008,39.88896021291448,39.415133206621555,39.71346806792441,2371800
2013-06-28,39.485347747802734,39.789529203790394,39.25721054007386,39.45025108906061,2761600
2013-07-01,39.099239349365234,39.80705420142878,38.9062033981155,39.71930815288831,2681700
2013-07-02,39.29814910888672,39.46193942935606,39.034915302839785,39.07586288295712,5239700
2013-07-03,39.42099380493164,39.426844734653386,39.04076370614929,39.169457382317326,1606500
2013-07-05,39.35080337524414,39.53214652682121,38.90037988761301,39.473650607550645,3014600
2013-07-08,39.61988830566406,39.62573477288514,39.25135557494039,39.36835186364317,3097400
2013-07-09,39.87141418457031,39.88311157886557,39.59062762902436,39.74856699824022,2762900
2013-07-10,40.12295150756836,40.25749610633701,39.66667719835977,39.80707272654049,2153400
2013-07-11,40.88925552368164,40.96529974108292,40.321835968519984,40.36278354142079,2544100
2013-07-12,41.03549575805664,41.09399165073449,40.602620796699966,40.87755193858088,2061600
2013-07-15,41.538578033447266,41.643872449693646,40.9477591165675,40.98285576766577,2862500
2013-07-16,41.234378814697266,41.649705415555076,40.9711450908839,41.538564568786164,2263800
2013-07-17,41.363094329833984,41.49178802750679,41.123259726586674,41.46253783696207,2036300
2013-07-18,41.62047576904297,41.74916944829895,41.40403599366228,41.48008469301455,2394500
2013-07-19,41.462528228759766,41.6848189143018,41.38648399909886,41.63216947611237,2310600
2013-07-22,41.398189544677734,41.49178658079538,41.30459697151242,41.38064121614376,1665500
2013-07-23,41.714073181152344,41.79012188934493,41.33969395958876,41.42744006591355,1846500
2013-07-24,41.24024200439453,41.70821816692994,41.03550410689208,41.70821816692994,1419100
2013-07-25,41.29873275756836,41.368930512077974,41.01209973681815,41.12324506572065,1818900
2013-07-26,41.40987777709961,41.427426099858195,40.99455110766011,41.11739382992102,1915400
2013-07-29,41.66142654418945,41.8135194915952,41.292893804819826,41.3104465957511,1799400
2013-07-30,41.819358825683594,42.06504876433924,41.667270367172264,41.825209754996,1927800
2013-07-31,41.53272247314453,41.85445661551129,41.39817788734996,41.7725614634454,2739800
2013-08-01,41.83106231689453,41.918808408199574,41.532727391638005,41.72576789991879,2143100
2013-08-02,41.971439361572266,42.00068953655131,41.66140714377483,41.77839891779081,1962200
2013-08-05,41.74916458129883,42.12354371569844,41.73746272293872,42.11769278651839,2286900
2013-08-06,41.602928161621094,41.83691180472951,41.45668615320237,41.76671849697775,2343400
2013-08-07,41.56196594238281,41.66726032988459,41.26948202853902,41.42742137831652,3032200
2013-08-08,41.66727828979492,41.82521770764929,41.44498756317111,41.626330702725106,9963900
2013-08-09,41.398189544677734,41.743323036671136,41.322145300046394,41.66142786154436,7238000
2013-08-12,41.398189544677734,41.43329066469801,41.210999935394774,41.38649214663919,7953000
2013-08-13,41.427425384521484,41.49762313729453,41.304582664381726,41.34553023776164,4044200
2013-08-14,40.824134826660156,41.516173029826284,40.634860539187315,41.516173029826284,3149100
2013-08-15,40.16757583618164,40.79454579679052,40.09659631675962,40.5816117511775,2922800
2013-08-16,39.658905029296875,40.155748183258346,39.451882535826066,40.04336505967745,3060500
2013-08-19,39.2330322265625,39.74170749762197,39.1679687956605,39.59974845966142,2446900
2013-08-20,39.505104064941406,39.97828720581168,39.20936290965302,39.215278996301315,4740300
2013-08-21,38.92546463012695,39.469631998176226,38.813086015794305,39.469631998176226,3356700
2013-08-22,39.002349853515625,39.15022044954788,38.771672084717515,39.002349853515625,2316900
2013-08-23,39.24486541748047,39.29810119237687,38.84265711191618,39.0201036780327,1819400
2013-08-26,38.91363525390625,39.3868185589287,38.91363525390625,39.28035603823776,1913700
2013-08-27,38.949119567871094,39.28035281815212,38.64155067045275,38.68887035087191,2352000
2013-08-28,39.067413330078125,39.20936783892005,38.79532746187343,38.984606157199295,1671900
2013-08-29,38.836734771728516,39.061496448881684,38.73026776409756,39.03192052517494,1649500
2013-08-30,38.801246643066406,39.13247987364494,38.641548371967325,38.91362974921384,2031600
2013-09-03,38.422698974609375,39.085160935649384,38.30440429101251,38.972777827375324,2316800
2013-09-04,38.263004302978516,38.446362433612826,37.94951930054436,38.440446345080105,2648100
2013-09-05,38.328060150146484,38.42861107202756,38.10329395693885,38.262996727128744,2123200
2013-09-06,38.712528228759766,38.90180245025245,38.47593883638396,38.48185041233597,2649300
2013-09-09,38.78350067138672,38.84856409620414,38.55873898461453,38.74209708401678,2389200
2013-09-10,39.00825500488281,39.01417109129261,38.606046869399314,38.86038443319993,1772900
2013-09-11,38.62971496582031,39.043755362692416,38.37537734761334,39.037839275017085,3288300
2013-09-12,38.428611755371094,38.85447979991373,38.298484907021674,38.712520776631166,2332500
2013-09-13,38.771671295166016,38.80124270617879,38.44043809819537,38.44635418545887,2587000
2013-09-16,39.05558395385742,39.97238352126318,38.89588568404849,39.91914775622501,4418900
2013-09-17,39.150230407714844,39.422311832101926,39.02601961697206,39.03784728209602,3620900
2013-09-18,40.279945373535156,40.5993463701059,38.93728248323319,39.09698072519256,3957200
2013-09-19,40.17940139770508,40.54612212655367,39.96646736323206,40.268124664177634,2916500
2013-09-20,39.84226608276367,40.2385583197026,39.54060870998524,40.20898689893851,5327700
2013-09-23,40.061119079589844,40.220817398398,39.45188820189636,39.61159103335869,2536100
2013-09-24,40.03744888305664,40.19123107247715,39.90140593263525,39.978297027345505,2712900
2013-09-25,39.78310775756836,40.33909814873836,39.78310775756836,40.26812314835428,2387500
2013-09-26,40.0137939453125,40.0256216103119,39.80677596292121,39.81860362792061,2034800
2013-09-27,39.57018280029297,40.07294205640346,39.44597200850004,39.82452047281762,2299600
2013-09-30,39.49919509887695,39.747616631066094,39.39272808327407,39.42822009691018,2529200
2013-10-01,39.789024353027344,39.95464323767723,39.5760948123553,39.895491379689965,2455300
2013-10-02,39.777198791503906,39.82451847533359,39.48145753654848,39.68255942384452,1945500
2013-10-03,39.2330322265625,39.64115205090333,39.06741786159486,39.611580635817965,2690300
2013-10-04,39.292179107666016,39.44596580732297,39.12064865663575,39.21528801416401,1525500
2013-10-07,39.23893737792969,39.54651073050306,39.126558798758715,39.19753379346622,1484500
2013-10-08,39.747615814208984,39.93689000331845,39.185709334473806,39.203453084600845,3177200
2013-10-09,39.93097686767578,40.44556365185782,39.664807088215554,39.8126776836982,2986100
2013-10-10,40.392333984375,40.398250071968526,39.570173802327155,40.0611052815795,2579900
2013-10-11,40.723567962646484,40.73540013936633,40.232636419797124,40.35685171208935,2327500
2013-10-14,40.56387710571289,40.658511973533905,40.00788202705708,40.575704771945254,2289500
2013-10-15,40.13209915161133,40.516563798212914,39.96056863196894,40.42784049320412,3163900
2013-10-16,40.830020904541016,40.830020904541016,40.155731469025774,40.23262254056641,3285900
2013-10-17,41.28548049926758,41.368287688644834,40.41600049815302,40.69399799648525,3028600
2013-10-18,41.45110321044922,41.516166659846476,41.23816910563167,41.38603976105195,2428500
2013-10-21,41.43926239013672,41.52206957889302,41.14352114096325,41.40377488428497,2143300
2013-10-22,42.048492431640625,42.23185509126067,41.44518221451213,41.49250190168206,2921300
2013-10-23,42.41521072387695,42.876566364800496,42.01300243208272,42.01891852079169,4412500
2013-10-24,42.367889404296875,42.53350829318167,42.16678752248816,42.480272522162515,2111900
2013-10-25,42.80559539794922,42.82333915310024,42.184536891739896,42.35606737928965,1807700
2013-10-28,42.80559539794922,43.012613395801026,42.622232731862844,42.77010337499326,2665400
2013-10-29,42.953460693359375,43.05992772366425,42.69320694980227,42.811501644517314,1848700
2013-10-30,42.59265899658203,43.21371295639285,42.5749152423951,42.93571544038787,2529100
2013-10-31,42.42702865600586,42.687277807324364,41.959757083264336,42.60447064381594,2822500
2013-11-01,42.88838195800781,43.053996276591036,42.515745228543814,42.563064894610946,2892200
2013-11-04,42.86473846435547,43.00669300401603,42.39746673729212,42.98894925064014,2553300
2013-11-05,42.852901458740234,43.19004627285615,42.75235052583703,42.917964888890054,3639500
2013-11-06,43.30242156982422,43.32608140494245,42.7168553167676,42.84698215359177,2341000
2013-11-07,43.13090515136719,43.49170985690754,43.01261045002598,43.30243562716945,8123300
2013-11-08,42.8410758972168,43.000774180094965,42.05440312146673,42.97711885220078,9150600
2013-11-11,42.852901458740234,43.11315517933952,42.59856382615082,42.852901458740234,1945400
2013-11-12,42.421104431152344,42.81739642515339,42.23774639179537,42.699101789307164,11658900
2013-11-13,42.40916442871094,42.42112670313249,41.876957273725694,42.21780909840468,3678900
2013-11-14,42.76197814941406,42.97127232722967,42.433084039796036,42.52876398523797,2576200
2013-11-15,42.935394287109375,42.93539428710938,42.486904811529286,42.498862523478905,2821700
2013-11-18,42.7799186706543,42.9652928693547,42.61248332185767,42.94735401945093,2422700
2013-11-19,42.52876281738281,42.869614629685714,42.35534634273456,42.77991582386479,2620200
2013-11-20,41.876953125,42.66629435459759,41.86499541403404,42.59453896426085,2656400
2013-11-21,42.3075065612793,42.45102191387467,41.73942172564747,41.97861245921615,3432100
2013-11-22,42.53472900390625,42.79186308458232,41.984583153896416,42.19985841038195,3480000
2013-11-25,42.451026916503906,42.64836340099685,42.403191501515494,42.55866458420266,2196400
2013-11-26,42.15800476074219,42.50483766790308,42.15800476074219,42.451016566040764,3158800
2013-11-27,41.876953125,42.30750371610241,41.70353666123539,42.15202609992198,2541000
2013-11-29,41.83510971069336,42.253702745093776,41.709533169054886,41.91882740511901,1478000
2013-12-02,41.62580108642578,41.9367517636288,41.34474696845676,41.9367517636288,2622100
2013-12-03,41.70949935913086,41.84105693295057,41.28493009233809,41.50618642669565,2326700
2013-12-04,41.81119155883789,42.00852808821902,41.31486194697833,41.512198476359465,2357200
2013-12-05,41.61982727050781,41.81716375769975,41.41651420778017,41.739427215292956,1990200
2013-12-06,41.972633361816406,42.18192752224535,41.68559811160633,41.85901457661046,2293700
2013-12-09,41.745399475097656,41.972637065561415,41.47630761112534,41.972637065561415,2014600
2013-12-10,41.42249298095703,41.805208262302784,41.368676424652065,41.69757058742122,1732100
2013-12-11,40.860382080078125,41.422485784788314,40.836462094007565,41.41052807288846,3492400
2013-12-12,40.77665710449219,41.15338655249992,40.728817140922,40.920172432932745,3530600
2013-12-13,40.77665710449219,41.04574891560199,40.61519836801028,40.93213014269028,2939600
2013-12-16,40.968013763427734,41.374644342801844,40.81851729398535,41.32082324142208,3504500
2013-12-17,40.8902702331543,41.06966781066056,40.64509841031698,40.96203017661079,2973500
2013-12-18,41.69755172729492,41.73342941527047,40.61519432991343,40.90222952052659,3823400
2013-12-19,41.3746452331543,41.54208055256963,40.94409466193185,41.53609941622757,3073100
2013-12-20,41.560028076171875,41.78128454431878,41.31485161993304,41.41651270989154,3196400
2013-12-23,41.29094696044922,41.817173148867866,41.29094696044922,41.817173148867866,3044700
2013-12-24,41.42845916748047,41.53011566754961,41.03976745056143,41.18328734012138,1426400
2013-12-26,41.123497009277344,41.482292274769925,41.05772274369311,41.41651344691437,2568200
2013-12-27,41.231117248535156,41.42247251352084,41.117503053939195,41.22514067563548,1947700
2013-12-30,41.326812744140625,41.38661043156943,41.141438544429995,41.141438544429995,1573900
2013-12-31,41.26701354980469,41.38062778308934,41.117517055556135,41.32083009784411,2041000
2014-01-02,40.74675750732422,41.40454106301718,40.66303984908713,41.3806210803394,3371000
2014-01-03,40.615203857421875,40.90223911536773,40.48962735778015,40.776662615725996,2593100
2014-01-06,40.639122009277344,40.7826373506412,40.45972897314012,40.663041993216396,2470000
2014-01-07,40.956058502197266,40.97997848887529,40.66304664936565,40.68098549880642,2772200
2014-01-08,40.5733528137207,40.90224696802351,40.44777628997005,40.860388126773294,3881300
2014-01-09,40.585304260253906,40.6690219204159,40.33414671749763,40.59726197073263,2379900
2014-01-10,41.01585388183594,41.560023283058,40.74676203081075,40.77666315304498,4036300
2014-01-13,40.52550506591797,40.78263920209813,40.41786741444091,40.68696382426889,3940100
2014-01-14,40.40591049194336,40.66304463314378,40.38199050645137,40.55540697956521,3290600
2014-01-15,40.142791748046875,40.46570468090365,40.094956343463544,40.34012818961552,3473700
2014-01-16,40.280338287353516,40.37601367725839,40.09496408285134,40.214559460800245,3000100
2014-01-17,40.40591049194336,40.483647023089254,40.18465404784555,40.286315126754175,3302500
2014-01-21,40.968013763427734,41.0098725923808,40.52550092904374,40.59127974058,3029700
2014-01-22,41.051727294921875,41.2430825740828,40.92615082068531,40.962028509818694,2314400
2014-01-23,40.9799919128418,41.09959188540972,40.64512111419651,40.86637307947038,2873700
2014-01-24,40.81850814819336,41.45835271155245,40.66303057737392,40.76468705887275,4705900
2014-01-27,41.09957504272461,41.25504809994107,40.82449749968192,40.84244090991821,3862100
2014-01-28,41.15339660644531,41.23113314453571,40.9441024175318,41.11153776866261,2460900
2014-01-29,41.25504684448242,41.44640215407761,40.98595500864465,41.07565380801406,4436700
2014-01-30,41.79323959350586,41.81117844286365,41.326811261119516,41.34475011047731,3444400
2014-01-31,42.22975540161133,42.265633086765206,41.47031094254661,41.482273212444056,4776100
2014-02-03,42.134090423583984,42.905492863657436,41.91283397476156,42.26564806546376,5425300
2014-02-04,41.82313919067383,42.271628657331824,41.53610392461356,42.271628657331824,3625600
2014-02-05,41.63176727294922,41.787240274584086,41.428449756725904,41.787240274584086,2848800
2014-02-06,41.865013122558594,41.92481082722327,41.3686835055242,41.67963430714396,2774000
2014-02-07,41.85304260253906,41.92480257136911,41.470331893321834,41.66766838590083,3805000
2014-02-10,42.301509857177734,42.36130751856419,41.571966526363276,41.78126518461955,3071500
2014-02-11,42.636409759521484,42.744047437499454,42.15801906578121,42.25967560546269,2631900
2014-02-12,42.8480110168457,42.86614828192245,42.473157291906304,42.58803278770266,2509700
2014-02-13,43.18657684326172,43.25308321021478,42.70289501319068,42.77544867152087,2269900
2014-02-14,43.198673248291016,43.28936418153041,42.82986683578796,43.03543325864609,2784900
2014-02-18,43.228912353515625,43.93629344860808,43.101946870760564,43.38610969000281,4797900
2014-02-19,43.36190414428711,43.773032247316294,42.75730426411073,43.16843236713991,3274600
2014-02-20,43.3740234375,43.60377449944975,43.186598824001315,43.38611802641005,3481800
2014-02-21,43.22286605834961,43.66422622427119,43.204728790784806,43.29541974134221,2926100
2014-02-24,42.993125915527344,43.597726190404416,42.981031326898744,43.22891965371068,2522500
2014-02-25,42.944740295410156,43.41632759068412,42.89032850567805,42.98101482189823,2615100
2014-02-26,42.854061126708984,43.126133988230045,42.75732749195052,42.99916849794696,3431200
2014-02-27,42.58197784423828,42.968921472127676,42.47314966059865,42.781496949699594,2480900
2014-02-28,42.854061126708984,43.02939574073806,42.533623754175444,42.56385560970007,2931100
2014-03-03,42.35224533081055,42.95684552332614,42.322013476091406,42.67872537556357,2508400
2014-03-04,42.394569396972656,42.672684946678196,42.24946202194343,42.648500384173325,2626700
2014-03-05,42.38850784301758,42.75126693308561,42.291769625542315,42.412692397386394,2192700
2014-03-06,42.34014129638672,42.49129131078921,42.09225767138748,42.473154047098085,3589600
2014-03-07,42.35829544067383,42.436896431635844,41.96530893680058,42.26156179152685,3668800
2014-03-10,42.092254638671875,42.36432279990109,41.95319460583852,42.24944732115753,2542800
2014-03-11,42.00156784057617,42.231314207903296,41.72949503988439,42.195039679570726,2764700
2014-03-12,42.539669036865234,42.5578063042292,41.965300710917425,41.97739068491563,3202400
2014-03-13,42.666622161865234,42.92055305687103,42.485240315299976,42.557793976472475,3912500
2014-03-14,42.74522018432617,43.00519838117846,42.52756380497392,42.61825473182605,2939200
2014-03-17,42.98706817626953,43.1442655011075,42.62430902203286,42.90242452737208,3401200
2014-03-18,42.46712112426758,43.06567870499858,42.309928377268065,43.04149414098313,4195700
2014-03-19,41.54207229614258,42.412697915770025,41.233724953735745,42.32200697827005,5175100
2014-03-20,41.8201904296875,41.874606840717306,41.17326846667166,41.48161582855262,4275400
2014-03-21,41.76577377319336,42.30386746429148,41.729494632482485,42.16480741915342,4560600
2014-03-24,41.910884857177734,41.98343854033824,41.48161927712816,41.48161927712816,3001400
2014-03-25,42.27365493774414,42.37643588914917,41.85648383711942,41.965312083529035,3099700
2014-03-26,42.01970672607422,42.47315679865775,41.98343219634199,42.29177492453127,3294200
2014-03-27,42.575931549072266,42.6001161029728,41.86855064522664,42.11039157149999,3027800
2014-03-28,42.58802032470703,42.624294844245114,42.27362577960572,42.58197303387356,3083000
2014-03-31,43.059627532958984,43.10194936299112,42.66058918174147,42.72709557361105,3099100
2014-04-01,42.727088928222656,43.162401748124914,42.61826072324709,43.162401748124914,2507200
2014-04-02,42.47920227050781,42.72708590094138,42.388511337331636,42.72708590094138,1976000
2014-04-03,42.594078063964844,42.77545995125418,42.442928028801404,42.61826262311896,1674900
2014-04-04,42.618247985839844,43.2047106588901,42.6061580167816,42.73917074007936,2831100
2014-04-07,43.01125717163086,43.33169453447269,42.606176151160376,42.67872522185158,4313700
2014-04-08,43.83953857421875,43.86372312293757,42.660566041014356,42.96286598090302,5126400
2014-04-09,43.4223747253418,43.83350293740189,43.005199221311514,43.773043855896745,4726000
2014-04-10,43.2833137512207,43.833501990314005,43.1744901745021,43.45864831270982,2982500
2014-04-11,43.43447494506836,43.70050050173934,43.14426944027577,43.24705036435926,2751000
2014-04-14,43.57352066040039,43.76094517935773,43.30749519137824,43.561430690322936,2119600
2014-04-15,44.02092361450195,44.026970905941965,43.52515180925333,43.56747362386973,3372100
2014-04-16,44.27487564086914,44.28091832183279,43.86978999236017,44.135815562234676,2591500
2014-04-17,43.87582778930664,44.456243314804,43.71863047633885,44.08139421591569,2851800
2014-04-21,43.809326171875,44.17813263118478,43.59166974956978,43.918154383027606,1808100
2014-04-22,44.008846282958984,44.08139996287981,43.525164308953165,43.74886802915916,2210400
2014-04-23,43.90000915527344,44.50460919364632,43.8818718921594,44.02697460980387,2491200
2014-04-24,44.17208480834961,44.34137210972704,43.62190107887296,43.893969297124826,2121100
2014-04-25,44.74040222167969,44.77063406827369,44.184171301114525,44.184171301114525,2546600
2014-04-28,45.22409439086914,45.26036892485797,44.58926236966537,44.74041241159644,3717400
2014-04-29,45.06085968017578,45.423618938105626,44.92784687596352,45.18782518981452,2617600
2014-04-30,45.03665542602539,45.381277262311194,45.018518162968064,45.09711450712721,3001700
2014-05-01,45.0910758972168,45.211994070332814,44.5711194498992,45.103165869435344,2267600
2014-05-02,44.0511589050293,44.891552584391924,43.82141255238637,44.891552584391924,4505100
2014-05-05,44.450199127197266,44.49856824421703,43.99070635370815,44.05116544361641,2776800
2014-05-06,44.17812728881836,44.474380033956834,44.05116182661615,44.29300277912476,2847200
2014-05-07,44.6315803527832,44.68599676181278,44.08139664616265,44.20836211692124,2520200
2014-05-08,44.039066314697266,44.60134455702909,43.88791629915358,44.60134455702909,3008600
2014-05-09,43.51911544799805,44.15999005171664,43.43446719374545,44.02697729711863,3813600
2014-05-12,43.3860969543457,43.736761445943884,43.265174187646416,43.658165107138274,3618000
2014-05-13,43.36190414428711,43.66420408437531,43.259123271712575,43.54328134070141,3120000
2014-05-14,43.56363296508789,43.83869730037831,43.30690998291103,43.48417242206679,2578600
2014-05-15,43.63085174560547,44.13207458803986,43.59417838213071,43.64919309079192,2668100
2014-05-16,43.61253356933594,43.777573101899314,43.43527113157763,43.594196879818014,2023300
2014-05-19,42.9707145690918,43.63085853155572,42.756774146350466,43.5575117931985,3489800
2014-05-20,42.84235763549805,43.27634769325838,42.62231270979882,43.025733847606666,2656200
2014-05-21,42.744564056396484,43.025737519092296,42.65287594251822,42.94016318972623,1885300
2014-05-22,43.12353515625,43.17854522107045,42.79346077697511,42.79346077697511,1834700
2014-05-23,42.9584846496582,43.355796559970145,42.93403418372906,43.062395632269926,1523300
2014-05-27,43.06853103637695,43.55753127355437,43.05019434358688,43.43527888253408,2299100
2014-05-28,43.25189208984375,43.34968930483623,43.06240211622353,43.08074346601922,2230100
2014-05-29,43.355812072753906,43.38637633196367,43.013514754170366,43.33747538260853,1817700
2014-05-30,43.4474983215332,43.4658350108913,43.03796338103234,43.23967162742242,2531000
2014-06-02,43.30691146850586,43.49028769832332,43.16021328272264,43.368035323961266,1919200
2014-06-03,43.215206146240234,43.33745847192407,42.95236947533173,43.294671323797076,2420400
2014-06-04,43.40470886230469,43.42304555069272,43.03796110419181,43.15409501846625,1998200
2014-06-05,43.844791412353516,43.91813813809403,43.270217188991566,43.3191181151179,2472900
2014-06-06,43.60641860961914,43.97317104389607,43.55140854254815,43.83258198896313,2145200
2014-06-09,43.31301498413086,43.55751501143593,43.15408926686504,43.47804982107795,2299600
2014-06-10,43.09907913208008,43.423039685714556,43.04406441089584,43.21521303066877,2362500
2014-06-11,42.561180114746094,43.14797740838273,42.53672964457994,43.025729721002314,3554400
2014-06-12,43.141868591308594,43.23966580920945,42.05995743024985,42.55507129355232,4287000
2014-06-13,43.2946891784668,43.39248641589592,42.817916570302955,43.050189089717016,2599900
2014-06-16,43.47193908691406,43.89981062121983,43.28244912447869,43.465825304009705,2666000
2014-06-17,43.22134780883789,43.33137264120149,42.94017427356478,43.30080837420234,2325700
2014-06-18,44.26045608520508,44.272678989465966,43.14187147558125,43.20299532378705,3447500
2014-06-19,44.76168441772461,44.86559543835958,43.61864920038622,44.303248506563136,4881800
2014-06-20,44.20543670654297,44.81668445119287,44.14431286476802,44.78612019858029,4002400
2014-06-23,44.223777770996094,44.32157965827881,43.89981718041076,44.24822824281677,2527700
2014-06-24,44.229888916015625,44.35825038782802,44.12597791456517,44.248225602924485,2350700
2014-06-25,44.64554977416992,44.68833694312226,44.08320279266733,44.14432665353472,2983300
2014-06-26,44.72499465942383,44.74944512789592,44.46827173564194,44.559959826549765,2259000
2014-06-27,45.048954010009766,45.15897878348901,44.44993387041713,44.553844861078105,2173700
2014-06-30,45.348472595214844,45.4707202812646,44.951160620377706,45.091744992989895,2854400
2014-07-01,45.00618362426758,45.379045236443226,44.93283685692263,45.35459475951102,1998700
2014-07-02,44.144317626953125,44.95727833426583,43.9364909463582,44.926714078356056,4515700
2014-07-03,43.636985778808594,43.97928309929388,43.28246088919098,43.97928309929388,3496500
2014-07-07,43.75312423706055,43.832584782377346,43.47805989382323,43.55141131804342,3140000
2014-07-08,44.20543670654297,44.44993673709297,43.78978805364302,43.83868899244306,3182400
2014-07-09,44.07707595825195,44.32768511264933,43.8264621404043,44.119863114536884,1993500
2014-07-10,44.24821853637695,44.46215428856489,44.02816900171232,44.02816900171232,2001700
2014-07-11,44.10763931274414,44.43159986993708,44.07707506025606,44.31546130662256,1863000
2014-07-14,43.72866439819336,44.20543689489975,43.716436831716145,44.13819926962575,2358300
2014-07-15,44.02817916870117,44.25434253806815,43.77756999068167,43.77756999068167,2253700
2014-07-16,44.26658248901367,44.30936966580859,43.82648314857883,44.070983300315135,1894100
2014-07-17,44.229888916015625,44.517176113455434,44.070963190388206,44.43771091891654,3007900
2014-07-18,44.688323974609375,44.731111131144914,44.06484864971974,44.376586312164555,2604800
2014-07-21,44.84113311767578,44.99394504769418,44.51717257218877,44.572182628539394,2043300
2014-07-22,44.79835510253906,44.951167063730644,44.712780777347845,44.883929427730266,2016700
2014-07-23,44.8656005859375,44.92672444841505,44.68222433505305,44.79836293817665,1677100
2014-07-24,45.25067138671875,45.42182001510679,44.89614656308616,44.92671081677704,2240800
2014-07-25,44.74944305419922,45.34235406268419,44.682205434879286,45.14064120472439,2142900
2014-07-28,45.470726013183594,45.5257407432562,44.76168095050416,44.81057723301762,3281100
2014-07-29,45.220123291015625,45.52574725180974,45.08564800211397,45.47684629885431,2236300
2014-07-30,44.65165328979492,45.35458452327917,44.36436607999499,45.250673517358095,2782200
2014-07-31,44.089317321777344,44.68222863815848,44.04653014757727,44.38271841875799,3249000
2014-08-01,44.58442687988281,44.8472636844173,44.10154044069379,44.156550517631544,3960200
2014-08-04,44.132083892822266,44.6027472527451,43.31301417953326,44.57829678412378,4511200
2014-08-05,43.38636779785156,44.13208614330394,43.19687782223595,43.716437482445905,3111600
2014-08-06,42.68954849243164,43.33747439803918,42.46950355223506,43.319137708310386,7066800
2014-08-07,43.15410614013672,43.747017422558756,42.81792255166321,42.958506974503344,3607400
2014-08-08,43.85702133178711,43.86924423355055,43.35579841739039,43.36802131915383,2756900
2014-08-11,43.75312423706055,44.1626591961914,43.70422328758042,44.00984722665441,2116800
2014-08-12,43.63085174560547,43.960926007225545,43.557505018655945,43.78977742641123,2847600
2014-08-13,43.84410858154297,43.961555185743336,43.528859900568754,43.76375310896949,2141900
2014-08-14,44.55497360229492,44.56733417223562,43.862663786246046,43.862663786246046,3587200
2014-08-15,44.561153411865234,44.93821447664602,44.4128029864355,44.431346200117346,2981800
2014-08-18,44.561153411865234,44.90731069250128,44.45607205701813,44.690965339588125,1826000
2014-08-19,45.049476623535156,45.07420247941991,44.53024779787979,44.610603292524125,2188000
2014-08-20,44.97529983520508,45.03092946909545,44.69713751783004,44.86403585144994,2073300
2014-08-21,45.14837646484375,45.36472179170122,44.901122641589026,45.006203983780594,2020900
2014-08-22,45.043296813964844,45.64906375191147,44.87639847271197,45.42035784749216,2518100
2014-08-25,45.111297607421875,45.44508490142359,45.07420646232985,45.234922181794715,1795200
2014-08-26,44.70332717895508,45.20401282647676,44.647697536330504,45.08038825443873,2118900
2014-08-27,45.080379486083984,45.09892269668543,44.70950112613242,44.78367396853821,1890000
2014-08-28,45.315269470214844,45.39562967336972,44.85785296877112,44.894939391166076,1872700
2014-08-29,45.735595703125,45.74177834499568,45.339991510932684,45.377082646182814,2985100
2014-09-02,45.401817321777344,45.79742163194965,45.1792893078085,45.754152557898784,4079200
2014-09-03,45.65523910522461,45.79740685295279,45.43271116306637,45.50070607405772,2121400
2014-09-04,45.754154205322266,45.89014407608583,45.414184244388906,45.53780882727821,2247900
2014-09-05,46.298095703125,46.304278344660375,45.74177586428356,45.772684355986755,3010900
2014-09-08,46.29191207885742,46.32899849533497,45.92721640756522,46.11883584733071,3403400
2014-09-09,45.61198806762695,46.205394575861405,45.58107956279128,46.11267377733008,3669300
2014-09-10,45.364723205566406,45.59343382450069,45.22255543604679,45.525438903087114,2977000
2014-09-11,46.02614212036133,46.04468533949015,45.43273552835709,45.59345128743419,2865400
2014-09-12,45.160743713378906,45.914865863656786,45.09274878402762,45.82214507672547,3826100
2014-09-15,45.39564895629883,45.556359998925856,45.2225726236381,45.34001458309996,2300300
2014-09-16,45.95813751220703,46.10648795002977,45.649071349090676,45.70470571075882,3483900
2014-09-17,45.927223205566406,46.24864986655348,45.71705581048022,46.13738588467828,2991900
2014-09-18,45.42035675048828,46.08175802486974,45.27818426752054,46.0384889589186,3476900
2014-09-19,45.97669219970703,46.032326575257265,45.52545812990983,45.61817894517584,4045600
2014-09-22,45.661434173583984,45.94577446239667,45.42036295663464,45.74178967390872,3061600
2014-09-23,45.53779220581055,45.8901273260145,45.50070578767554,45.64905617618936,3157900
2014-09-24,45.56253433227539,45.679980986288605,45.37091481549636,45.574899620053365,2160500
2014-09-25,45.71706771850586,45.85305758910539,45.52544820046591,45.53780877234971,4234700
2014-09-26,45.79123306274414,45.902497043871826,45.31526864281905,45.67378643933873,2988200
2014-09-29,45.8592414855957,45.8592414855957,45.38945956959579,45.55017530432812,2041500
2014-09-30,46.217750549316406,46.48973027368477,45.760333962313005,45.902506468044265,4188600
2014-10-01,46.545352935791016,46.811149949811686,46.273373279777104,46.3908198977784,5296800
2014-10-02,46.353736877441406,46.835879285898805,46.29192459460903,46.49590937233328,3516100
2014-10-03,46.464996337890625,46.53299125716232,45.945767553606125,46.37227556470427,2670700
2014-10-06,46.403194427490234,46.72462116823813,46.254843986835475,46.61953980260665,1814200
2014-10-07,46.4897346496582,46.95333392384623,46.279571909027965,46.40319649575449,3057600
2014-10-08,47.62708282470703,47.66416924364598,46.4897172455154,46.58862065065116,3963000
2014-10-09,47.21912384033203,48.00415446604519,47.163494199567694,47.59618490320686,3471900
2014-10-10,47.49109649658203,47.9608735576367,47.423101579539384,47.44164479037388,3985700
2014-10-13,47.84962463378906,48.467756947057644,47.373660111626094,47.41074654131011,4942800
2014-10-14,48.75209045410156,49.33313154077209,47.83107004012687,48.15868408194198,5818900
2014-10-15,48.770633697509766,49.22805022542968,47.86816121119225,48.48629343875011,6592100
2014-10-16,48.319400787353516,48.529568221783215,47.62091298569711,48.22050207160292,5226200
2014-10-17,48.48011779785156,48.57901651623768,47.62709689837313,48.36885379218261,3517500
2014-10-20,49.14152908325195,49.228067247755675,48.5604830793187,48.566665724205045,2503200
2014-10-21,48.88189697265625,49.28986178457485,48.813902051340726,49.23423214857555,3715900
2014-10-22,49.549495697021484,49.66693764674885,48.900454787364865,48.96226708448074,3736100
2014-10-23,49.49384307861328,49.759640102582814,49.240411339093065,49.673101975334525,2946900
2014-10-24,49.63603591918945,49.790569026389946,49.48150281198895,49.53713246691257,2846500
2014-10-27,49.827640533447266,50.155249867996496,49.63602104704483,49.68546804239159,2045500
2014-10-28,49.8956298828125,49.96362479928901,49.25277185538188,49.883264598376286,3206300
2014-10-29,49.61746597290039,50.21705491739633,49.17859270906732,49.8461765678447,2701300
2014-10-30,50.86610412597656,50.89700790932156,49.67929132130167,49.82145909983337,3293600
2014-10-31,50.77956008911133,51.10716939356135,50.27886981093786,50.99590541129773,3229600
2014-11-03,50.92173767089844,51.05772753277546,50.59412830327209,50.82902159777795,2347200
2014-11-04,50.829017639160156,51.18135283750347,50.58794171989644,50.95882484739455,2402100
2014-11-05,51.614051818847656,51.86130570488756,50.68685328317974,50.977376245578455,5372500
2014-11-06,50.17378616333008,51.27406065067876,50.111973890687565,51.13807553725488,6788300
2014-11-07,50.736289978027344,50.74246790426642,50.081066666669685,50.19233064663802,3273200
2014-11-10,51.187530517578125,51.32970301122967,50.73011396943919,50.74865718252964,2582500
2014-11-11,51.09479904174805,51.366773945004134,50.90935753482366,51.07007319309323,2740400
2014-11-12,49.8371696472168,50.83578451151018,49.71234457484436,50.56740632031527,5524500
2014-11-13,49.300437927246094,50.23664072368633,49.12568083379438,49.95578178946373,4119200
2014-11-14,49.37533187866211,49.62498688991056,49.02581771997824,49.02581771997824,3204600
2014-11-17,50.1180534362793,50.23039795147853,49.36284572968974,49.41277768350567,2983100
2014-11-18,50.12428283691406,50.48003961426272,49.855904583000346,50.211661360349005,3762500
2014-11-19,50.167964935302734,50.355207322654636,49.73731506322809,50.05562045524593,2756400
2014-11-20,50.03691482543945,50.442603633343246,49.98074494647619,50.16798263812713,2114100
2014-11-21,49.787269592285156,50.386443656282864,49.45647865309902,50.3677155978413,5247700
2014-11-24,49.32538604736328,50.06810818739,49.312905443110004,49.968244306275984,5065200
2014-11-25,49.40028381347656,49.487662328309376,49.00083781373458,49.41276441769328,4188600
2014-11-26,49.737308502197266,49.887099535256276,49.50013420793515,49.50013420793515,1990600
2014-11-28,50.49252700805664,50.923176958907085,49.893357925409106,49.93080450502064,2393300
2014-12-01,51.179073333740234,51.64093193052892,50.03066714458514,50.174215537343294,5087200
2014-12-02,51.39127731323242,51.51610717928033,50.785870319546916,51.07920979077139,3174700
2014-12-03,51.16034698486328,51.46617180319889,50.879483376301366,51.253968187717255,2207300
2014-12-04,51.39751434326172,51.47865493771054,51.03551491420138,51.185310736981364,2533800
2014-12-05,50.386409759521484,50.98557865866226,50.07434232694164,50.860748828567644,3577200
2014-12-08,50.94813919067383,51.2414834074797,50.49876598302194,50.49876598302194,3740300
2014-12-09,51.29142379760742,51.38504501694999,50.66728868435436,50.80459917115372,3871300
2014-12-10,51.335086822509766,51.9092896903439,51.204019087141354,51.28515489614925,3936100
2014-12-11,51.73455047607422,52.12151589560055,51.52858478043413,51.54107014719716,2956600
2014-12-12,51.60973358154297,52.12776210200721,51.403767853168226,51.503626994282264,3339500
2014-12-15,50.6423225402832,51.747044353666425,50.604875957379704,51.60973386732292,4389300
2014-12-16,50.317771911621094,51.19779989913495,50.06187424292716,50.717217982258596,3606600
2014-12-17,50.785865783691406,50.954380135589886,50.15548811132495,50.623589353208814,3382100
2014-12-18,51.8094596862793,51.80945968627929,50.679771836553215,50.792116353051576,4349700
2014-12-19,51.7095832824707,52.17768452780708,51.59723879311909,51.88434031884608,4738100
2014-12-22,52.183937072753906,52.26507292304063,51.703350370128305,51.84690354100651,2688100
2014-12-23,52.22761154174805,52.55840229535426,52.109024380352736,52.2837814002374,2022200
2014-12-24,53.032752990722656,53.18878674448528,52.31499677106015,52.31499677106015,2407400
2014-12-26,53.557010650634766,53.94397597690042,53.126360836543334,53.13259875664926,2984900
2014-12-29,54.193641662597656,54.48074318307832,53.48836608497785,53.519574738805495,4068700
2014-12-30,52.864227294921875,54.19363775916428,52.76436818105565,54.19363775916428,2983900
2014-12-31,52.14023971557617,53.15134015394089,52.115273743567776,52.93913177275568,2802400
2015-01-02,52.458553314208984,52.570897814658586,51.859379470629364,52.140243102639666,2266200
2015-01-05,51.70333480834961,52.37116374819909,51.5597864424499,52.177678683792436,3780400
2015-01-06,52.552162170410156,52.920404276036535,51.75327017675741,51.75327017675741,5290900
2015-01-07,52.720672607421875,52.982808106897345,52.252571460456636,52.589604857684144,2583500
2015-01-08,52.93291091918945,53.226255259049864,52.78311978713651,53.001566180083344,2165100
2015-01-09,53.00779724121094,53.29489883208875,52.56466186647953,53.05148651021901,2679100
2015-01-12,53.057708740234375,53.357290823146364,52.83301979716471,53.176291132241836,2300200
2015-01-13,53.34482192993164,54.16243729782404,53.15757951568233,53.238720117350816,3529600
2015-01-14,53.48214340209961,53.538313280867214,52.833042264069164,53.10142057343008,3383100
2015-01-15,54.149959564208984,54.26854198853499,53.27616952099141,53.60696034350594,3886000
2015-01-16,54.5181884765625,54.543154446683275,54.050087250784735,54.13122784412023,3903900
2015-01-20,54.73042678833008,54.75539277211139,54.131257462902106,54.57439296102776,3179900
2015-01-21,55.34828186035156,55.41693707872771,54.237322525568445,54.61180250467481,2834700
2015-01-22,55.31708908081055,55.729020509243014,54.88643912408975,55.44191895083826,2542200
2015-01-23,55.37324905395508,55.69155918604453,55.30459383405791,55.51679741426995,1815400
2015-01-26,55.267173767089844,55.36079023750554,54.8115529767142,55.31710096405366,1749500
2015-01-27,55.37324905395508,55.71028247114896,55.14231742686721,55.210972646764375,1907000
2015-01-28,54.83027267456055,56.15344092367727,54.71169023255375,55.52306308083965,3199800
2015-01-29,55.77269744873047,55.91000789453193,54.53067027749541,54.836495058380386,2850500
2015-01-30,54.38713836669922,55.79144250007302,54.343449095242974,55.46065162165094,3526400
2015-02-02,54.299739837646484,54.48073954185124,53.7442601213985,54.29973983764648,3610600
2015-02-03,54.162445068359375,54.37465348573838,53.86910079944394,54.23734299715898,3980100
2015-02-04,53.66312026977539,54.41208023770601,53.52580983124146,54.0875321880751,3686300
2015-02-05,54.12498474121094,54.18115460221795,53.53205366942963,54.006397574500305,2548600
2015-02-06,51.87185287475586,54.05632506496582,51.50985348326734,53.719291641349415,4356500
2015-02-09,51.61595916748047,52.18392426541259,51.31013437108646,51.896822755891634,3937400
2015-02-10,52.53968811035156,52.608343346023545,51.42248581196588,51.55355359958353,4130500
2015-02-11,51.57251739501953,52.48614461184436,51.41499595837795,52.35382237475341,3368200
2015-02-12,51.07474899291992,51.69853734214132,50.96763556990431,51.47170608918313,4835900
2015-02-13,50.30600357055664,51.01800297282282,49.90905159744083,51.01800297282282,4677500
2015-02-17,50.02248764038086,50.98651768970159,49.650739501485525,50.05399383836255,6286600
2015-02-18,51.01803970336914,51.30157634441769,49.795671911740776,49.92169193556309,4841300
2015-02-19,49.88386535644531,51.18184468962527,49.85236396734226,51.16924028824755,5473000
2015-02-20,49.59402847290039,50.161106376842305,49.014350974280134,49.8649654266076,4419200
2015-02-23,49.94060134887695,50.161130415211744,49.4050293857287,49.688566069991566,3944000
2015-02-24,50.31232833862305,50.52025771612643,49.625537422056865,49.82716459828622,3771500
2015-02-25,49.78306579589844,50.381645207384835,49.61924218996159,50.37534300522564,3250200
2015-02-26,49.49953079223633,50.00360127244266,49.461727188731174,49.94689106001257,2548600
2015-02-27,49.493221282958984,49.694848464258754,49.16557410886486,49.45541288153508,2474500
2015-03-02,48.55438232421875,49.44910729981682,48.13222623439068,49.44910729981682,5027800
2015-03-03,48.837928771972656,48.837928771972656,48.27085085681162,48.55438741080669,3688300
2015-03-04,48.56699752807617,48.705617124446725,48.24565253714184,48.59220152806822,2773200
2015-03-05,48.88203811645508,49.07736309863524,48.623700733545995,48.69931273011795,2562900
2015-03-06,47.2312126159668,48.239348542319675,46.97288003820041,48.239348542319675,6385700
2015-03-09,47.10519790649414,47.558860279755386,47.09889570487347,47.25641709519078,3301300
2015-03-10,47.0673942565918,47.53995847526108,46.61373664469362,46.75235144414561,5272100
2015-03-11,46.80274963378906,47.40133373622281,46.651530461532154,47.29421554900213,4941000
2015-03-12,47.432830810546875,47.54624638121234,46.98547072824708,47.03587871680293,3497400
2015-03-13,47.010684967041016,47.407637147288334,46.61373278679369,47.407637147288334,3090000
2015-03-16,47.70379638671875,48.094451321863524,47.35094986928041,47.376153878693614,3235700
2015-03-17,47.306819915771484,47.817187626241626,47.142996341765084,47.48324308446878,2565900
2015-03-18,48.13854217529297,48.39687477893645,47.124103945767494,47.30052714965509,5754400
2015-03-19,47.892799377441406,48.604794249616404,47.760482001577245,47.99991275687847,4431200
2015-03-20,48.30866622924805,48.359074235592765,47.79829838473099,47.95581979917918,7064800
2015-03-23,48.39057540893555,48.51028840258951,48.16374421114588,48.3149634072818,3073000
2015-03-24,47.92429733276367,48.68670014314987,47.70376838879584,48.31495203862844,2642300
2015-03-25,47.2312126159668,48.35906633603921,47.143001022859124,48.08182715360294,2984200
2015-03-26,46.84686279296875,47.369834987929394,46.39320039768586,47.16190558889614,4173700
2015-03-27,47.25642776489258,47.37614558685882,46.81536969528922,47.042200933134495,3182700
2015-03-30,47.82350158691406,47.99992479899361,47.3131289437731,47.51476096577486,3353500
2015-03-31,48.37798309326172,48.42208890345421,47.57147410278597,47.785700950243005,6030800
2015-04-01,48.40945816040039,48.762304414944055,47.98730213340426,48.47876793285285,3388400
2015-04-02,48.4976806640625,48.693005626578866,48.176335719946245,48.39056728508067,2505500
2015-04-06,49.29788589477539,49.606631236664015,48.686702218885245,48.79382040238265,5267500
2015-04-07,48.926143646240234,49.43651140060086,48.79382625833827,49.22858201653867,3690800
2015-04-08,48.70561599731445,48.9072431854134,48.32756081335398,48.831631187187035,3168200
2015-04-09,48.522891998291016,48.64260498995113,48.220448803884864,48.59220179685968,2050900
2015-04-10,49.045860290527344,49.27899369070378,48.62370409660413,48.642605895261646,2191300
2015-04-13,48.661495208740234,49.108855244290126,48.604785025748626,48.88832151919705,2265500
2015-04-14,48.88833999633789,49.121473401779845,48.623705194812445,48.75602259557517,2260200
2015-04-15,49.159263610839844,49.505812523573375,48.88202928782339,48.97024086430641,2671800
2015-04-16,48.711910247802734,49.14036859575568,48.3527616919577,49.05215700710399,2903600
2015-04-17,48.711910247802734,48.982847214996085,48.39686748628355,48.51028307271729,2924500
2015-04-20,49.53104019165039,49.87128706663885,48.83794684208398,48.919856257347384,2624900
2015-04-21,49.1907958984375,50.02250892300413,48.93876062886548,49.543642391534576,3312000
2015-04-22,49.335693359375,49.59402589781959,49.06475641973571,49.46170852829862,2466800
2015-04-23,49.68854904174805,49.94058423426108,49.23488665665887,49.25378845484234,2429300
2015-04-24,50.035099029541016,50.331235218936456,49.61924023253079,49.66334603156174,2599700
2015-04-27,49.379798889160156,50.23671549340545,49.26008111429382,50.15480130758299,2860900
2015-04-28,49.757850646972656,49.77045024129656,49.058455386314584,49.1718709639124,2626000
2015-04-29,49.41761016845703,49.54992755787208,49.008053597122085,49.29789237496048,3873200
2015-04-30,48.8757438659668,49.41131570908976,48.491391233416564,49.41131570908976,4305700
2015-05-01,49.08367156982422,49.22858857280065,48.434684139656675,48.96395376175266,2861400
2015-05-04,49.12147903442383,49.68225490503275,48.94505581317683,49.08367543192011,2745900
2015-05-05,48.044029235839844,49.045863079020116,48.018825233806325,48.90094607629218,3820400
2015-05-06,48.144840240478516,48.321263429206375,47.722679259255294,47.99991844563985,4844900
2015-05-07,48.396888732910156,48.585916395674765,48.138556054783216,48.138556054783216,3601600
2015-05-08,48.585906982421875,49.22859225839313,48.36537795670489,48.92615382517332,3378500
2015-05-11,48.24565887451172,48.97656054877535,48.15744726653812,48.516595901051225,2892200
2015-05-12,48.075531005859375,48.25195419664953,47.602966827455134,47.98101720874424,4115000
2015-05-13,47.397422790527344,48.384335551780424,47.14273390260231,48.21879190374767,4505800
2015-05-14,48.065975189208984,48.263361625770564,47.25734320002587,47.340115023237864,5111600
2015-05-15,48.4862174987793,48.74090641007259,48.21879632792547,48.21879632792547,3333200
2015-05-18,48.40980911254883,48.56262051540349,48.16148876123991,48.35250665814842,3076900
2015-05-19,48.51168441772461,48.613557062408134,48.11054782398149,48.12964864124798,2802900
2015-05-20,48.734535217285156,49.01469349034384,48.48621487808738,48.518047954161624,3395300
2015-05-21,48.492576599121094,48.79819934683268,48.403431368437055,48.75362916038366,3192700
2015-05-22,48.42253875732422,48.562613021282544,48.21242007470749,48.39070082682369,2150700
2015-05-26,48.23789978027344,48.47985158743144,47.945009216517796,48.40981201155648,2851500
2015-05-27,48.5244026184082,48.64538090309573,48.28245090681843,48.39069207849396,2789200
2015-05-28,48.358856201171875,48.581711968249515,48.23151421237222,48.51167241707405,3167200
2015-05-29,48.21880340576172,48.55626419820034,48.12329444278401,48.492593175477744,3115900
2015-06-01,48.39070129394531,48.61992079396058,48.19331972473791,48.556249790131055,4027000
2015-06-02,47.785831451416016,48.15512530932854,47.56934415477598,48.15512530932854,5105400
2015-06-03,47.244606018066406,48.002304115331725,46.81800492876007,47.75398378825571,5565000
2015-06-04,47.250980377197266,47.55660804839075,47.09180041169352,47.11726978910856,4544700
2015-06-05,46.3850212097168,46.98990773553685,46.3850212097168,46.7988899152179,5564700
2015-06-08,46.13035202026367,46.3850409364084,46.00937854987988,46.27679972582767,4761700
2015-06-09,45.92658996582031,46.43596766620204,45.89475689566257,46.07940619060629,3618200
2015-06-10,45.87565994262695,46.480541762170866,45.85019056968594,46.21312063296953,3512300
2015-06-11,46.391395568847656,46.588777112158496,46.20037772463451,46.213114838401026,3427300
2015-06-12,46.1812858581543,46.49964575499285,46.06030754286397,46.08577691754543,3788100
2015-06-15,46.16220474243164,46.4168937401545,45.95208595497614,46.09853370744807,2928200
2015-06-16,46.20675277709961,46.29589315485397,45.93296308605802,46.23859070820599,3215200
2015-06-17,46.53147506713867,46.607878319241706,45.80561502544614,46.174908745443915,3861500
2015-06-18,47.46110534667969,47.49293842929964,46.61426665282861,46.61426665282861,4779000
2015-06-19,46.607887268066406,47.448357207071325,46.569685634680084,47.340116007285715,7284800
2015-06-22,46.525115966796875,46.83074361068709,46.42324332402454,46.77343630217604,2246200
2015-06-23,45.70375061035156,46.55695774575411,45.69738205159394,46.429610859536645,3937400
2015-06-24,45.16253662109375,46.00300658163005,45.16253662109375,45.85019518638345,4908400
2015-06-25,45.003353118896484,45.417221937100315,45.00335311889648,45.32808155875319,2899700
2015-06-26,45.20709991455078,45.44268795868306,44.86963924173016,44.94604249879993,4537300
2015-06-29,45.11157989501953,45.65915910573484,45.092479085447906,45.258027531376534,3219700
2015-06-30,44.96514892578125,45.232570045587075,44.831438365878334,45.200732116082854,3911300
2015-07-01,45.2580451965332,45.28351457183151,44.72319803084209,45.07976442723171,2372500
2015-07-02,46.1812858581543,46.2513254240817,45.48089505666679,45.64007500508607,3377400
2015-07-06,46.3850212097168,46.48053011987628,45.98388961638895,46.079398526548424,2830200
2015-07-07,47.92588424682617,48.206042437547964,46.62061192451425,46.62061192451425,6836500
2015-07-08,47.62027359008789,48.116914248135274,47.56296628304355,47.64574296457577,2918900
2015-07-09,47.16183090209961,47.900428131526105,46.91987914993546,47.72214252395736,4500100
2015-07-10,47.35285949707031,47.86223248933108,47.10453913106341,47.35922319830019,2381600
2015-07-13,47.34012222290039,47.71578947907387,47.07906959750753,47.48020137409094,2796000
2015-07-14,46.98990249633789,47.6329857136214,46.7988846973167,47.473805833698556,3372500
2015-07-15,47.130001068115234,47.21277775743824,46.70976849397993,46.9262509108221,2521500
2015-07-16,47.63301467895508,47.74762445650438,47.16184330804678,47.18731268725633,3137300
2015-07-17,46.843482971191406,47.588444090270634,46.79891277238634,47.429264114854355,3779600
2015-07-20,46.65245056152344,46.977178970652076,46.334090709613044,46.8625692296529,2897000
2015-07-21,46.111263275146484,46.60790411988312,45.85657429231561,46.60790411988312,2939800
2015-07-22,46.07941818237305,46.493282206628706,46.028479427521354,46.136720638240924,3316600
2015-07-23,45.56366729736328,46.041207146984455,45.21983802270165,46.00937407168164,3358700
2015-07-24,45.64643478393555,45.85654858351965,45.366276574109314,45.57002667458687,1817700
2015-07-27,46.480552673339844,46.677934287734686,45.68465279879635,45.69102135797315,3104000
2015-07-28,46.563316345214844,46.722496292206564,46.27679438374434,46.35320250710349,3242800
2015-07-29,46.55059051513672,46.65246316923023,46.1048885451267,46.43598074316455,2797100
2015-07-30,46.767051696777344,46.91349933913362,46.27677975247751,46.32134992923204,2479200
2015-07-31,47.25734329223633,47.7094137573435,47.1363649784096,47.24460617615644,2761200
2015-08-03,47.728515625,47.80492374980305,47.30191452486936,47.30828308304959,2754400
2015-08-04,47.066322326660156,47.677572698174245,46.97081339347036,47.677572698174245,2413800
2015-08-05,47.10452651977539,47.429250075900256,46.90077640586363,47.24460077613868,1979300
2015-08-06,47.0153923034668,47.10453755335851,46.25769897057708,47.10453755335851,4098000
2015-08-07,47.849483489990234,47.970456922271644,46.569675611353205,46.85619751565477,3637500
2015-08-10,47.63301467895508,48.01505050931101,47.49293552219622,47.8495019733426,3594500
2015-08-11,47.938629150390625,48.31429146010371,47.480190166629136,47.77944921757266,3431800
2015-08-12,48.64357376098633,48.95902663446652,47.78091874764957,47.8967982924448,4380600
2015-08-13,48.65644454956055,48.81738806428261,48.070607798401205,48.52768679081912,2690600
2015-08-14,49.16502380371094,49.235839339023975,48.37317959594061,48.521249782033145,2455800
2015-08-17,49.261573791503906,49.531962546541216,49.01694149196088,49.216509817598485,2401600
2015-08-18,49.08134460449219,49.242288157678644,48.92684016868328,49.177911718725554,2681100
2015-08-19,49.705787658691406,49.82166716981248,48.675750288507224,48.99119815871241,4422200
2015-08-20,49.42253494262695,49.86030152219059,49.08777457548137,49.42897405880472,3740000
2015-08-21,49.383907318115234,49.911801848337944,48.84313946786058,49.023395417945466,6031900
2015-08-24,46.63499450683594,48.40537317292629,46.37104478450235,48.064173706773154,7492800
2015-08-25,45.199378967285156,47.71653805561562,45.16075409300296,47.16932614138267,5583000
2015-08-26,46.18436050415039,46.313118293265404,45.405394298532485,45.84960007566625,6795900
2015-08-27,46.686500549316406,46.87963476455395,46.15860592748854,46.499810362622476,4762900
2015-08-28,46.602806091308594,46.737998061132416,45.810966709253876,46.737998061132416,3022400
2015-08-31,45.650020599365234,46.577051898708405,45.289503788659204,46.24872575539611,4338400
2015-09-01,44.452613830566406,45.25089252358192,44.20154226654049,45.23158008198111,3813100
2015-09-02,44.52342224121094,44.922559067820906,44.207969373694546,44.85818263561997,3501800
2015-09-03,44.600669860839844,44.89680536407811,44.439726332236006,44.76805250583772,2329300
2015-09-04,43.94401931762695,44.35603432878753,43.76376336419499,44.22727656804587,3287700
2015-09-08,44.65216064453125,44.65859975914805,44.12426621287675,44.29164881167608,2895200
2015-09-09,43.91182327270508,44.909674921942766,43.84100774086984,44.82598115980708,3278600
2015-09-10,43.609249114990234,44.09851872721332,43.4483056159858,43.905384563765686,3225600
2015-09-11,43.995521545410156,44.00839977846864,43.30668342498549,43.54488162049937,3046100
2015-09-14,43.97620391845703,44.33028161168383,43.847451072705226,44.0341461371697,2126500
2015-09-15,44.156471252441406,44.356044599902724,43.57707838556161,44.00840593281035,2996300
2015-09-16,44.53629684448242,44.69080126853172,44.182219089778734,44.368914186658216,3410400
2015-09-17,45.00624084472656,45.69507879990383,44.4332774896373,44.56847434628457,4229200
2015-09-18,44.71010971069336,45.10281230840166,44.536292863127265,44.58135685409675,5328200
2015-09-21,45.09638214111328,45.180071014232965,44.581360845404404,44.613551518238864,2510900
2015-09-22,44.516971588134766,45.08993003597528,44.381779642065105,44.793794595307595,3384900
2015-09-23,44.47834014892578,44.65216186710113,44.072764325859104,44.53628235885272,1923800
2015-09-24,45.270179748535156,45.36674681435658,44.195078531015625,44.336709572673044,3774200
2015-09-25,45.52127456665039,45.978353674058376,45.006258136937845,45.26376389599036,3302500
2015-09-28,45.353885650634766,45.87534603762997,45.28307010316142,45.44401363621777,3013900
2015-09-29,45.534141540527344,45.643581952219726,45.0899358662854,45.34744647326053,2782500
2015-09-30,46.31310272216797,46.364600908892136,45.48263368011909,45.67576293144776,3209800
2015-10-01,45.49551773071289,46.43542739472133,45.06419023156784,46.34529940718675,3411000
2015-10-02,46.325984954833984,46.3452973925223,45.41182688580412,45.91396991212737,4122600
2015-10-05,47.047000885009766,47.18863193818148,46.2100927953253,46.56417042825459,3157200
2015-10-06,47.053443908691406,47.27876876003408,46.57061336142506,46.98906748471049,4497800
2015-10-07,46.783042907714844,47.27231239230414,46.73153982268344,47.092056506298746,4093600
2015-10-08,46.99550247192383,47.137133539203006,46.4418564334357,46.60923905036618,2343400
2015-10-09,46.519126892089844,47.150022882338334,46.36461754167149,46.95045444422407,3071600
2015-10-12,46.879615783691406,47.29806980620883,46.51266485259878,46.519103966928164,2304400
2015-10-13,46.692928314208984,47.059879304661024,46.51267237666846,46.83455938273537,2391100
2015-10-14,46.57061767578125,46.95688607866373,46.51268036231294,46.71224876862392,2226500
2015-10-15,47.30451202392578,47.37532263977394,46.538419451439644,46.7959300138523,2307900
2015-10-16,47.37533187866211,47.748722021396766,47.28520390098222,47.52984119320457,2575200
2015-10-19,47.368900299072266,47.49765315671903,46.82169328666346,47.31095807500654,2183600
2015-10-20,47.4461555480957,47.690792882227754,47.19508400846027,47.310963558415644,2445200
2015-10-21,47.549163818359375,47.883924248387,47.3560295896001,47.61354025740998,2027500
2015-10-22,48.32167053222656,48.469740700046316,47.51695310443645,47.652145042912544,2463000
2015-10-23,47.47188949584961,48.437550416742596,47.38176153616137,48.19935719968314,2055000
2015-10-26,46.51267623901367,47.60065598157799,46.08778299815199,47.60065598157799,5127700
2015-10-27,46.61570358276367,46.91183919781186,46.364627064666244,46.51269732799462,3096000
2015-10-28,46.06203842163086,46.924693350605686,45.53414386065654,46.67362184670367,2568500
2015-10-29,46.07491683959961,46.10710751252529,45.25732581032248,45.83028442482854,3941400
2015-10-30,46.01053237915039,46.28091630277406,45.88177462151561,46.11353367365197,2918900
2015-11-02,46.467613220214844,46.53842876183569,45.76589692004638,45.96547022443533,3324400
2015-11-03,46.506229400634766,46.589923158692216,46.0298380464525,46.25515794967347,2884100
2015-11-04,46.30666732788086,46.70580900460181,46.158597136185705,46.396795301397496,3143800
2015-11-05,45.997650146484375,46.46760732566123,45.508385444849566,46.22297497484382,4090100
2015-11-06,43.62213134765625,45.1028087273828,43.17792567793516,45.05774473999126,7414700
2015-11-09,43.75733184814453,44.33672959309741,43.345316765424094,43.512694516049315,5404300
2015-11-10,43.903953552246094,44.17765964323091,43.74754581000812,43.82574968112711,3068000
2015-11-11,44.46440124511719,44.60125428767461,43.92350233504191,44.00821946463813,2733100
2015-11-12,43.85182571411133,44.84238340427182,43.84530748066238,44.32103908332879,3095600
2015-11-13,43.59113311767578,44.30798437125904,43.45428010333334,43.956074489255634,3497200
2015-11-16,44.1385612487793,44.15159274163343,43.506426948331004,43.59114408176925,2782100
2015-11-17,42.90036392211914,44.32103540686841,42.783060589545165,44.014743095594426,5423400
2015-11-18,43.79316329956055,43.85833567785077,42.893841159435674,43.10237984288293,3856600
2015-11-19,44.63383483886719,44.659902794959145,43.8257480878335,43.982150852431005,3770600
2015-11-20,45.031368255615234,45.26597491863939,44.73159417996324,44.86844723806818,3734400
2015-11-23,44.321041107177734,45.12912807331039,44.17766979648609,44.998793230111936,3441400
2015-11-24,44.366634368896484,44.43831998476844,43.89742123662651,44.15809575143792,2860900
2015-11-25,44.13204574584961,44.418788325920474,44.04081037436431,44.29496676235263,1973000
2015-11-27,43.995201110839844,44.510032218180605,43.982164642729245,44.14508569042104,1482000
2015-11-30,44.15812683105469,44.464419228638036,44.02127373314738,44.0603731977048,3847700
2015-12-01,44.35361099243164,44.60125409193337,43.916983910195,44.34709773230581,2846900
2015-12-02,43.09585952758789,44.27541090465552,43.050241848162344,44.236306485180656,4304000
2015-12-03,43.16102981567383,43.48687178780137,42.685298348707896,43.03720827524011,3960300
2015-12-04,43.68888854980469,43.72798799215054,43.20664386370963,43.33046042178934,2711300
2015-12-07,44.640357971191406,44.679457423644294,43.51294236323698,43.532497061418205,4328100
2015-12-08,44.601261138916016,44.705528008900636,44.19069697622229,44.49047106386631,3690100
2015-12-09,44.71204376220703,45.29204217795249,44.249348676160366,44.42530118473115,2703200
2015-12-10,43.943050384521484,44.614284079461335,43.864846518060425,44.607765847601044,2972700
2015-12-11,44.21023941040039,44.30147974302359,43.656309014352004,43.78664879527497,4730300
2015-12-14,44.60776901245117,44.64035520211041,43.82575018017409,44.19069163897613,3645400
2015-12-15,44.8619270324707,45.311590612152735,44.48395406706815,44.68597452891733,4233300
2015-12-16,45.637420654296875,45.80685985276897,45.037872686722835,45.155175982287616,4747800
2015-12-17,45.94371795654297,46.28259141905917,45.42236881364461,45.663493662327035,4205800
2015-12-18,45.357208251953125,45.84597128262494,44.822827537296796,45.67001877924314,6136900
2015-12-21,45.49406433105469,45.787325152143964,45.181258754905436,45.591817938084446,2122600
2015-12-22,46.23698806762695,46.36732787971188,45.39631989646758,45.845978575283084,2949000
2015-12-23,46.92124938964844,47.12326984460621,46.3217012851609,46.367318967633764,2737700
2015-12-24,46.94731140136719,47.17539978484505,46.856076047976046,46.92124344726202,1018200
2015-12-28,46.86909866333008,47.09067374528681,46.66056004193412,46.75831360832818,2351800
2015-12-29,47.16238021850586,47.41001838718802,47.03204041502437,47.10372606395041,1943600
2015-12-30,47.045066833496094,47.31225467264589,46.999449155009344,47.16237014559831,2062000
2015-12-31,46.52372741699219,47.06462641228188,46.10013175836827,47.012490491107066,2999500
2016-01-04,46.39337158203125,46.40640307044757,45.722138059651634,46.22393240090199,3565500
2016-01-05,46.72574996948242,46.82350358303304,45.735192282992664,46.38687641072299,2706800
2016-01-06,46.83000564575195,47.03854429573769,46.18483997422632,46.34124271872722,2382800
2016-01-07,46.3998908996582,46.77135051744313,46.19787048512972,46.302142293888615,2887800
2016-01-08,46.295623779296875,46.71270106787089,46.21090666416428,46.393377356421226,2198000
2016-01-11,46.81045913696289,46.9538304009095,46.399895068033246,46.432481254186186,2968900
2016-01-12,46.44551086425781,47.09068152588572,46.00888383043558,47.01247766545859,2976200
2016-01-13,46.72574996948242,47.1493456468982,46.45856206252976,46.50417975259266,2622700
2016-01-14,47.16238021850586,47.462154308580615,46.37384305227453,46.74530279127532,3645200
2016-01-15,46.9733772277832,47.116748482890586,46.2825889051707,46.58236787782448,4819000
2016-01-19,47.67720413208008,47.8075389441336,46.97989747453518,47.22754057817299,3179800
2016-01-20,46.54326248168945,47.56640599563244,46.0414680713412,47.29269995362429,3593300
2016-01-21,46.328216552734375,47.012486791428145,45.8459717497057,46.72574421948718,4501400
2016-01-22,47.03854751586914,47.07764696168261,46.23697407301546,46.64753814187264,3161400
2016-01-25,46.79090118408203,47.110224870008956,46.60842553445644,47.04505748111921,2398600
2016-01-26,47.06462478637695,47.70327239686268,46.75181424208961,46.92125349407671,2601300
2016-01-27,47.188446044921875,47.501251615219374,46.6996829908715,46.92125318883599,2087000
2016-01-28,47.87922668457031,48.19855046848997,46.81046526855161,47.032035453161896,2294000
2016-01-29,49.0717887878418,49.14347439871747,48.17898025272359,48.21807968703669,4822400
2016-02-01,50.179664611816406,50.62280990077294,48.88932819128136,48.993600010778906,6727100
2016-02-02,50.01673889160156,50.14056042255378,49.54752569215475,49.58662513479081,4667000
2016-02-03,51.19630432128906,51.30057616997086,50.02327585535122,50.07540680773672,4913300
2016-02-04,51.2093391418457,51.50259500591241,50.7531572764633,51.00731368450918,4545900
2016-02-05,51.509098052978516,51.62640135841211,50.4077506281828,50.9421312480572,3521900
2016-02-08,51.59379959106445,52.19986565743565,51.22234006470483,51.645935482611975,5350600
2016-02-09,51.437416076660156,52.01089618175791,50.98775254523613,51.32011276289537,3806500
2016-02-10,51.44729995727539,51.737066269069366,50.30797585970743,51.1114290924648,4134400
2016-02-11,50.577980041503906,51.572413231539834,50.55821879827989,51.216786220567855,4053600
2016-02-12,50.20916748046875,50.91383426151295,49.72841618494106,50.68333672088533,4520400
2016-02-16,50.24211120605469,50.373822685853746,49.6889119370627,50.18283752301549,3550200
2016-02-17,49.72185134887695,50.43310552768776,49.57037859757636,50.39358805699485,4989500
2016-02-18,50.18942642211914,50.48578479910693,49.188406075766814,49.41890368599883,6529600
2016-02-19,49.0962028503418,50.00502407520056,48.85911817873157,50.00502407520056,6272100
2016-02-22,49.28720474243164,49.530876602645485,48.9052392912632,49.26086645570791,3893700
2016-02-23,49.26742935180664,49.50451403588528,48.88546404920964,49.16206117247775,4231900
2016-02-24,49.3596305847168,49.6823322673301,48.95790402021543,49.38597388683652,3869500
2016-02-25,50.34090042114258,50.34748247840732,49.28718842012529,49.4979348399057,3494100
2016-02-26,48.753761291503906,50.25529469774038,48.70107467474802,50.09723987194505,4250900
2016-02-29,48.91839599609375,49.353052983607554,48.59569930881541,48.7076545845793,3519500
2016-03-01,48.30591583251953,49.208154942859274,47.87784603492855,49.16864250828698,6084700
2016-03-02,48.49032211303711,48.65496398429151,47.73297352484379,48.30592402114756,12097000
2016-03-03,48.951332092285156,49.01060076596536,48.03592350820617,48.57594875222739,4238000
2016-03-04,49.50452423095703,49.754783129284974,48.516672852012704,48.720832220302114,3826800
2016-03-07,50.21577835083008,50.22236543353151,49.27402650340285,49.392568869668935,3469800
2016-03-08,50.88751220703125,50.91385551187948,49.98527788221964,50.2618750464186,4691500
2016-03-09,51.045562744140625,51.25630412009293,50.512119710893586,50.709691949054815,5048700
2016-03-10,50.88093185424805,51.28924053189939,50.6043296563082,51.04557374671309,4552800
2016-03-11,51.21021270751953,51.46705364310374,51.04557082447984,51.31558089993975,2908900
2016-03-14,51.183868408203125,51.39460981341794,50.84799756647996,51.34192320599637,2902300
2016-03-15,51.401180267333984,51.53947879872285,50.99945380852691,51.03896623907521,3312300
2016-03-16,51.99390411376953,52.07952110772212,50.76238605709367,51.499978469783855,3422100
2016-03-17,52.678810119628906,52.8302828473494,51.81608834829111,52.05976011915591,4042000
2016-03-18,52.46805953979492,52.9488159157976,52.303417702385396,52.856616888805874,6526800
2016-03-21,52.36930465698242,52.65248898715064,51.73049816750819,52.06636409846088,2940600
2016-03-22,51.94781494140625,52.55370100404944,51.92147163220676,52.30344207889057,2862800
2016-03-23,52.560264587402344,52.69198108709976,51.65144334960834,51.93462754336941,2565700
2016-03-24,52.52075958251953,52.75784429105664,52.244162430716706,52.382461006618115,2609500
2016-03-28,52.342960357666016,52.91591101200612,52.23100003573305,52.52077141689888,1745700
2016-03-29,52.97516632080078,52.98833545879369,52.066340040695174,52.4878227990595,2771700
2016-03-30,52.91588592529297,53.073940683509704,52.54050273423436,52.94881630280362,1660100
2016-03-31,53.133235931396484,53.152992156136264,52.56028029158173,52.91590741031445,2813000
2016-04-01,53.42957305908203,53.55470247690771,52.869791756103524,53.00150825499126,3155300
2016-04-04,53.40324401855469,53.59422922458403,52.9488357933544,53.44276149100794,1903400
2016-04-05,52.61955261230469,53.600816936304085,52.53393560804477,53.383488420913324,3002200
2016-04-06,52.26390838623047,52.53391840296088,51.809495280048765,52.42196315271828,3309100
2016-04-07,52.21782302856445,52.6919924810668,52.15854933476576,52.15854933476576,2506900
2016-04-08,52.533931732177734,52.91590212053694,52.38246400799951,52.441732676294016,1953700
2016-04-11,52.31660461425781,52.810530246871366,52.31001753230432,52.58002759874129,1928300
2016-04-12,52.830284118652344,52.94223938452578,52.25732860149293,52.52075659873189,2075300
2016-04-13,52.44172668457031,52.95541354012338,52.112442944187414,52.95541354012338,1899900
2016-04-14,52.32319259643555,52.527351964340525,52.06635164035142,52.42856582173772,1807800
2016-04-15,52.6854133605957,52.797368658113555,52.25075628862396,52.329786217474975,2520800
2016-04-18,52.94883346557617,52.94883346557617,52.34953456702348,52.68540543351424,1993500
2016-04-19,52.54708480834961,53.10686600140781,52.23097029756291,53.05417941219841,3543500
2016-04-20,51.49997329711914,52.850038598201145,51.45387377595625,52.67880965196569,3238200
2016-04-21,50.275047302246094,51.559257114706135,50.18943532453754,51.4999834190064,4967100
2016-04-22,50.716278076171875,50.7887208938369,50.33430776929638,50.472606323619445,2711600
2016-04-25,50.5516471862793,50.82165727248007,50.33431868614851,50.591159631949715,2807400
2016-04-26,50.676761627197266,50.84799056550607,50.400164513024315,50.6899357894745,2105200
2016-04-27,51.40778350830078,51.75024146241483,50.71629056638721,50.86775829555652,2927600
2016-04-28,51.5921745300293,51.64486113487279,50.72286564799635,50.92043790392387,2287000
2016-04-29,51.881961822509766,51.92806135983816,50.86776697681224,51.243150359192846,2727400
2016-05-02,51.98732376098633,52.44173195171421,51.81609479193741,51.914880928868385,2990200
2016-05-03,51.92146682739258,52.42856668972878,51.611944278004934,51.987327606532766,3026800
2016-05-04,52.698577880859375,53.08713538303826,51.78975638891396,51.91488584250121,4192400
2016-05-05,52.80393981933594,53.17273599382349,52.3824570415013,52.487825223724435,3698400
2016-05-06,52.277103424072266,52.771029210475156,51.60536656533241,52.757860066939166,4454200
2016-05-09,52.72490692138672,52.96857867968171,52.11902609070113,52.250737567121206,2679100
2016-05-10,52.72490692138672,53.014678198875814,52.58002128264218,52.955409541828004,2457800
2016-05-11,53.008094787597656,53.01468186921593,52.38904477619996,52.882970383677126,2704400
2016-05-12,53.396644592285156,53.52835605902984,52.626121960440955,52.915888192173334,2762300
2016-05-13,53.19248962402344,53.442748465501516,52.86320590584347,53.39664894593515,2612500
2016-05-16,53.34397888183594,53.35056596509337,52.79078447554882,53.06738167869238,2426500
2016-05-17,52.36269760131836,53.278105924179066,52.06633924406882,53.278105924179066,3682100
2016-05-18,50.95523452758789,52.30614303355699,50.815485897020686,52.30614303355699,4103700
2016-05-19,51.22140884399414,51.24802834790301,50.389568386159105,50.68902892011923,2883000
2016-05-20,51.241371154785156,51.42104645605674,50.88867162021978,51.41439538807896,2444600
2016-05-23,50.67573165893555,51.36116751846,50.629148787234435,51.268001775057776,2755000
2016-05-24,51.23472213745117,51.30126836654483,50.728966734617835,50.85540304675025,2423600
2016-05-25,51.20811080932617,51.31458885460414,50.808828293839056,51.20811080932617,3613400
2016-05-26,51.880252838134766,51.91352850512217,51.23474348494904,51.23474348494904,1816700
2016-05-27,51.89353561401367,52.000008548924754,51.64065287394161,51.86691611099813,2194200
2016-05-31,52.059913635253906,52.15307937501276,51.69390174537841,51.91350887930371,4165000
2016-06-01,52.585636138916016,52.59229228569875,51.90685640449657,52.073224533998165,2917000
2016-06-02,52.53239059448242,52.57897345736908,51.880225436917954,52.38598586050971,2453100
2016-06-03,53.291038513183594,53.54391623301087,52.984921775344624,52.998228991271446,4171000
2016-06-06,53.131317138671875,53.55056802498156,52.951641813933286,53.41747049077539,3007800
2016-06-07,53.231136322021484,53.550565310774246,53.12466337720491,53.397504423482985,1957700
2016-06-08,53.577205657958984,53.577205657958984,53.13133511396201,53.13133511396201,1672300
2016-06-09,54.076297760009766,54.17611965226477,53.324310571887494,53.52395435639749,2533700
2016-06-10,54.062984466552734,54.30255497267243,53.650394766020575,54.05633339710382,3223000
2016-06-13,54.3091926574707,54.56872643801606,54.12286123319717,54.30253651313221,2872000
2016-06-14,54.84160232543945,54.861565692158784,54.10292729390461,54.24267593809319,3120300
2016-06-15,54.2559700012207,54.954718129888995,54.08960188269511,54.84824009699963,3229000
2016-06-16,54.921443939208984,55.041229190826265,54.36910055246528,54.502198097124584,3395900
2016-06-17,55.220916748046875,55.23422396565761,54.48224178040621,54.954726701456515,5575900
2016-06-20,54.56874465942383,55.16767092111624,54.116223159162026,55.054541815338844,3800800
2016-06-21,54.56874465942383,54.908137053908234,54.222701195530554,54.3491375172779,2042600
2016-06-22,54.45561218261719,54.68852652631469,54.389065952582456,54.60201693498473,1697700
2016-06-23,54.60202407836914,54.608675148236415,54.142846399898716,54.47558267075495,1582700
2016-06-24,54.85489273071289,55.427199427965455,54.176113084541015,54.32251275466111,3699300
2016-06-27,55.893043518066406,56.006177721264564,54.76174210330988,54.82163220163261,4392800
2016-06-28,55.859764099121094,55.89969082502164,55.3140768441534,55.74662991381563,4507000
2016-06-29,55.999515533447266,56.232429908168925,55.67343540883694,56.04609840839159,3699800
2016-06-30,57.09089279174805,57.09089279174804,55.99286202808216,56.099340077065605,5473100
2016-07-01,56.984405517578125,57.33045404359982,56.412098789824704,57.17074207313319,3402700
2016-07-05,57.84951400756836,57.909404084540135,56.97109067192306,57.09087590301793,3746900
2016-07-06,58.049171447753906,58.10240539190493,57.42362564031859,57.80294478208942,3785900
2016-07-07,56.75815200805664,57.909416627858924,56.52523764079772,57.75636079101124,4186600
2016-07-08,57.237274169921875,57.27054473876241,56.046078138974536,56.67162372812528,2809900
2016-07-11,57.237274169921875,57.3104765293821,56.285648574089684,56.851299015886276,2648500
2016-07-12,56.19248580932617,57.06425294685807,56.14590294878212,56.8978848624649,3768900
2016-07-13,56.598445892333984,56.70491886676866,56.23909008395516,56.558514084412145,3694900
2016-07-14,56.398807525634766,56.525248954806116,56.032795534430036,56.19916369822247,2990600
2016-07-15,56.511924743652344,56.75815140192651,56.199151849322334,56.55850761660666,2334400
2016-07-18,56.73152542114258,56.98440312017185,56.565157311403155,56.65166690069301,2965400
2016-07-19,56.81803512573242,56.89123750033846,56.445372183848455,56.67828652252594,4025300
2016-07-20,56.511924743652344,56.851317147835154,56.285666525632045,56.81804149123105,2124900
2016-07-21,56.831356048583984,56.897902287290655,56.05275439369557,56.27235647371232,2342500
2016-07-22,57.56336975097656,57.609952621677394,56.56516102697119,56.73152914763875,2226900
2016-07-25,57.689815521240234,57.703122737955624,57.250601212344954,57.55671796832386,2185600
2016-07-26,57.064273834228516,57.78963651065647,56.93783241911974,57.65654402528618,2250000
2016-07-27,56.4520378112793,56.997725100897014,55.99951627278027,56.96444944243207,3751700
2016-07-28,56.6982536315918,56.85131453692798,56.325590665071864,56.478651570408054,1724800
2016-07-29,56.957786560058594,57.223976564843326,56.704908847946726,56.86462081995675,3197300
2016-08-01,56.99771499633789,57.23062933284353,56.784764020511055,56.83134688781218,2445500
2016-08-02,56.93785095214844,57.05098518640605,56.438746353824115,56.72489985994957,3083400
2016-08-03,56.66499710083008,56.951150543102614,56.365531362366234,56.85132863028133,3076800
2016-08-04,56.7248649597168,56.89788920228521,56.43206056131419,56.56515300811979,2351700
2016-08-05,56.052738189697266,56.56514966447603,55.93295296379233,56.56514966447603,3540200
2016-08-08,56.39212417602539,56.6450069123869,55.79985420478552,56.1192831591339,3977500
2016-08-09,56.385467529296875,56.5851061635047,56.13924096224169,56.3388846736,3195900
2016-08-10,56.32835006713867,56.83254223910135,55.98549795410982,56.48969012607249,2732100
2016-08-11,56.40903091430664,56.44936465271436,56.106512489522544,56.415749784768764,2731400
2016-08-12,56.126670837402344,56.67120186777784,56.09977997291027,56.56363840980955,2634700
2016-08-15,54.89642333984375,56.335050662556675,54.86280849078081,56.20732039080454,4025600
2016-08-16,54.08300018310547,54.842652844414786,54.0561144530459,54.795595123450155,4649000
2016-08-17,54.91660690307617,55.00399835675565,53.20907565515487,54.08300557867189,5850900
2016-08-18,55.649375915527344,55.649375915527344,54.80233153805155,54.82922240562792,3960500
2016-08-19,54.889705657958984,55.50145597580554,54.60735935741442,55.4275074024858,2631900
2016-08-22,55.05107498168945,55.2729208197758,54.782171401788666,55.04435098174191,1888000
2016-08-23,54.75526809692383,55.36029973208098,54.74182522899057,55.13845394437202,2199400
2016-08-24,54.82920837402344,54.956938680095995,54.31829740754769,54.70820206535134,2048600
2016-08-25,54.94348907470703,55.178777665789724,54.755253072934266,54.896431356490496,1858300
2016-08-26,53.726707458496094,55.23928371664457,53.659482872804254,54.950213382153244,2400700
2016-08-29,54.07628631591797,54.19056863041398,53.82754969415543,53.85444055560874,1923400
2016-08-30,53.45781707763672,54.31158542460701,53.37714960661541,54.049405885971005,3101000
2016-08-31,53.551918029785156,53.61241861085646,53.256123734130355,53.45779746660786,3546200
2016-09-01,53.33007049560547,53.646031640879336,53.19561621628343,53.551916209807075,2428600
2016-09-02,53.941837310791016,53.96872817488752,53.256138227507705,53.33008682154613,2767600
2016-09-06,54.41240692138672,54.60736179348067,53.941824603913034,54.15022746934129,2775900
2016-09-07,54.14351272583008,54.627537990451565,54.03594927639972,54.627537990451565,2259600
2016-09-08,54.32503128051758,54.45948562112665,53.96201225423608,54.07629972598096,2047100
2016-09-09,52.40237045288086,53.92839494899603,52.38220358684631,53.80738862388077,3329500
2016-09-12,53.29645919799805,53.48469007269607,52.36874768888351,52.50992084490703,3518400
2016-09-13,52.96705627441406,53.417466609557074,52.73176767612345,53.32335117024083,3602400
2016-09-14,52.886390686035156,58.99047782781716,52.69143578486749,53.61242856716146,2532000
2016-09-15,53.1485710144043,53.22251960321579,52.61076915721145,52.61076915721145,2504100
2016-09-16,53.518310546875,53.565368270490964,52.73849097963071,52.79899669794108,5058200
2016-09-19,54.08971405029297,54.13004776673565,53.545188362692926,53.62585579557829,3159600
2016-09-20,53.89479446411133,54.34520502206773,53.89479446411133,54.123364307598166,2398900
2016-09-21,55.05778503417969,55.077951900004386,53.89477952551236,53.90150352375656,2728100
2016-09-22,55.46784973144531,55.54851717728629,54.96365767931207,55.20567027464857,2707300
2016-09-23,55.474578857421875,55.65609090194198,55.12500789335415,55.31323880699891,2348800
2016-09-26,55.225833892822266,55.5754047717195,55.03087902864451,55.40734076421176,2718100
2016-09-27,54.741817474365234,55.669529097582924,54.647702025440566,55.46785533370463,2268300
2016-09-28,54.51997756958008,54.943502264104254,54.07629113830219,54.943502264104254,1998200
2016-09-29,53.988914489746094,54.33176671935107,53.56539476769976,54.33176671935107,2898900
2016-09-30,53.80739212036133,54.412423785253466,53.45109712017714,54.197301985392734,3883000
2016-10-03,53.16872787475586,53.67291990601738,52.79226613266403,53.63258618476656,2963200
2016-10-04,52.07296371459961,53.43764295581325,51.83767507454685,53.17546345276766,3491900
2016-10-05,51.8242301940918,52.6847224748695,51.71667186456208,52.15363943887629,3834200
2016-10-06,51.8242301940918,52.37548522522307,51.454492345755156,51.79734445839036,5137600
2016-10-07,51.47466278076172,52.57716266164542,51.4410479154424,52.187252791137965,4537400
2016-10-10,51.804054260253906,52.01917601056714,51.454483339335056,51.683047955146016,2381500
2016-10-11,51.03096389770508,51.642714292280615,50.96373418341377,51.629271426766614,3479400
2016-10-12,51.52843475341797,51.63599307003156,51.09146723157696,51.11163409538529,3082400
2016-10-13,52.39564895629883,52.75194391546543,51.47465613193958,51.47465613193958,3773600
2016-10-14,51.904884338378906,52.42252432252676,51.884717479317125,52.220845474096606,2460500
2016-10-17,52.12675476074219,52.30826170726233,51.92507581668995,51.965414682845555,1784500
2016-10-18,52.36875534057617,52.60404396832714,51.73010891792935,52.375479338199746,2481500
2016-10-19,52.52336883544922,52.62420827928106,52.09984932604409,52.36875279995994,2547400
2016-10-20,52.718318939208984,53.168729268001016,52.41580576408758,52.59059377559893,2804000
2016-10-21,52.44942092895508,52.61076609273166,52.13346485660057,52.44942092895508,2132800
2016-10-24,52.70488739013672,52.84606057742945,52.308253562964744,52.64438166477823,2868100
2016-10-25,52.83261489868164,52.98723608901776,52.53682564376822,52.617493109240954,3664500
2016-10-26,52.95361328125,53.061176724286774,52.51665089840805,52.8258881037779,2215100
2016-10-27,52.718318939208984,52.933440673028066,52.39563890293371,52.7317669325827,1982500
2016-10-28,52.92000961303711,53.16874112795978,52.62421523971519,52.81917015586756,1608800
2016-10-31,53.7939338684082,54.109895073672334,52.97378568890409,53.08134400387704,3523900
2016-11-01,52.81916427612305,53.81410561178196,52.664543108487536,53.80738161434374,2984600
2016-11-02,52.435977935791016,52.75193913628568,51.716664084648635,52.68471454932893,3239100
2016-11-03,52.42255783081055,52.6780134237229,52.032647876700025,52.321718342139285,2455300
2016-11-04,51.94522476196289,53.22923632964485,51.884724176967694,52.77210199257834,2849400
2016-11-07,53.19564437866211,53.19564437866211,51.696515555136465,52.30826618097389,3303900
2016-11-08,53.545204162597656,53.77376879509141,53.10823663287479,53.32335839888963,2243200
2016-11-09,51.99229049682617,53.1082382174482,51.864565310289485,53.1082382174482,4758400
2016-11-10,50.52679443359375,51.75701977069769,49.538576686432535,51.75701977069769,6005000
2016-11-11,50.5805549621582,51.078028242089104,50.25115086083686,50.493163502720066,3746000
2016-11-14,50.04275894165039,50.4864454177973,49.4646181326496,50.47972141892751,5903000
2016-11-15,51.04441452026367,51.34020889559357,50.325100576636046,50.39232517223614,4442000
2016-11-16,50.293094635009766,51.380952866007355,50.10272009299984,51.18377775112072,4849300
2016-11-17,50.22511291503906,50.653455706599956,50.14352158874828,50.286302519268574,4460100
2016-11-18,50.041534423828125,50.4562812604357,49.86475580806469,50.32030090204424,4450500
2016-11-21,50.605865478515625,50.65345912523452,50.163921509086805,50.30670244924348,3204300
2016-11-22,50.23190689086914,50.544665851888816,49.81716007168006,50.39508953886737,3590800
2016-11-23,50.00074768066406,50.51748244510981,49.78997654229173,49.85116615511512,2829200
2016-11-25,50.55147171020508,50.796240520471805,50.12992946043788,50.143525422200035,1972200
2016-11-28,51.72772979736328,51.76852287602711,50.73505844709562,50.76225556197792,4049000
2016-11-29,51.92490768432617,52.12887827554932,51.421768813872774,51.53055727904741,3763100
2016-11-30,50.15712356567383,51.23818672259521,50.15712356567383,51.17699192370746,5583200
2016-12-01,49.46361541748047,50.02114324630846,49.27324082041512,49.97354959704213,4324800
2016-12-02,49.919151306152344,50.435886018460394,49.59279636271863,49.837565163953066,3754100
2016-12-05,50.04833984375,50.04833984375,49.18484840367248,49.728780264539516,3559200
2016-12-06,50.218318939208984,50.46308776292344,50.04154030267771,50.19792240178591,3140000
2016-12-07,50.76904296875,50.83703315160733,50.23191170573572,50.2999070759115,3370900
2016-12-08,50.80984878540039,50.94582917133977,49.97355436864746,50.38830128927756,3386600
2016-12-09,51.55094528198242,51.56454124421783,50.72825210279534,50.77584575159728,3196100
2016-12-12,51.999691009521484,52.074476584468286,51.387768948857,51.43536259872431,3963600
2016-12-13,52.57080841064453,52.659195124694186,52.02687660350685,52.12886446575993,3968700
2016-12-14,51.353782653808594,52.99237402490724,51.23139821452604,52.761201111898,4756000
2016-12-15,51.6937141418457,51.74810835270674,50.959407857174114,51.224573150974834,3127700
2016-12-16,52.074466705322266,52.21725281515474,51.52373954886312,51.80930139389247,7038000
2016-12-19,52.44163131713867,52.5164220815382,51.92490172878419,52.4212347790877,2775000
2016-12-20,52.59120559692383,52.74758767929096,52.094872615033374,52.156062220752105,2639200
2016-12-21,52.35325241088867,52.801997064324034,52.33965644592989,52.50963453817303,2013300
2016-12-22,52.87678527832031,53.06716510843503,52.292065384302134,52.32605789204693,3339000
2016-12-23,52.77478790283203,52.91756884525246,52.52321851629021,52.87677058504767,1421400
2016-12-27,52.679603576660156,52.8495816396901,52.441630138563184,52.686398964311806,1554500
2016-12-28,52.37363052368164,52.774781377631854,52.28524381425025,52.72038716229659,1897600
2016-12-29,53.04673385620117,53.14872169731485,52.35322587379894,52.42801661146116,2976500
2016-12-30,52.77478790283203,53.196330155506104,52.59120870020681,53.06715036226011,2465600
2017-01-03,52.849586486816406,53.04675649317412,52.36684417869585,52.79519225670151,2905900
2017-01-04,52.79518508911133,53.27112156970421,52.781583939769476,52.79518508911133,2531100
2017-01-05,52.8631706237793,53.0059515553975,52.38043361097923,52.965158485597485,3284600
2017-01-06,52.6863899230957,52.944759854447845,52.53001303684166,52.69319049689916,3132200
2017-01-09,52.10846710205078,52.84957404780651,51.945289637431884,52.767982721838024,4585700
2017-01-10,52.01327896118164,52.23765121342148,51.768510174614164,52.006478387299765,2840000
2017-01-11,52.421234130859375,52.489224319294856,51.84330974817951,51.86370628597827,2726200
2017-01-12,52.72039031982422,52.76798396426358,52.19685504367304,52.33284059015565,2476300
2017-01-13,52.49601745605469,52.679596644869484,52.196854444545025,52.58440416976521,1954200
2017-01-17,52.66600036621094,52.91756975708761,52.53001999603462,52.672800940915344,3755000
2017-01-18,52.693199157714844,52.97196566897835,52.550418208281876,52.61160782061653,2235700
2017-01-19,52.43482971191406,52.74078812103777,52.27164705221765,52.53681239007641,2575500
2017-01-20,52.577606201171875,52.747584233488624,52.31923627216698,52.570805627430204,2662800
2017-01-23,52.37363052368164,52.81557444547436,52.27844324050387,52.645596413040074,2166800
2017-01-24,52.47563552856445,52.577623418816145,52.25806378344331,52.48923149318221,2751400
2017-01-25,52.40763473510742,52.43483184616383,52.05407747869272,52.305646865475545,2347000
2017-01-26,52.43482971191406,52.50962046744533,52.11527015415649,52.34643780774893,3085400
2017-01-27,52.312461853027344,52.78159788287915,52.169680871131575,52.57082669826921,2562000
2017-01-30,52.43482971191406,52.706790436771435,52.14926265110451,52.339642420750316,2379100
2017-01-31,53.40031051635742,53.41390647939006,52.43483633415191,52.43483633415191,3753700
2017-02-01,52.59801483154297,53.209936926076345,52.407640221536816,53.12834558436554,3454900
2017-02-02,52.890377044677734,52.992364924452,52.4620341744087,52.74079551265136,2997400
2017-02-03,52.79518508911133,53.06035044077288,52.67960125629857,52.95836256998338,2478100
2017-02-06,52.74079513549805,53.06035473575664,52.659203794798294,52.958366856711706,2017100
2017-02-07,52.8631706237793,52.937961376624756,52.63200297848834,52.79518044500655,1629900
2017-02-08,53.46829605102539,53.51588969847442,52.85637402145321,52.91076824348597,2973600
2017-02-09,52.8631706237793,53.60427239084305,52.7407862270611,53.46829203329756,3351400
2017-02-10,53.101139068603516,53.141937325894894,52.754382411876655,52.754382411876655,2550000
2017-02-13,53.50229263305664,53.50229263305664,52.96516137302905,53.20993017980918,2925900
2017-02-14,53.06035232543945,53.49549574809997,52.754388702203336,53.413904411106586,3715800
2017-02-15,52.781944274902344,53.05004698887661,52.438222308803965,52.78882018276299,3802900
2017-02-16,54.239322662353516,54.45242858478615,52.77506385529428,53.05004245362122,6795600
2017-02-17,53.86811065673828,54.30119847573042,53.60688383263241,54.10183909228858,4104600
2017-02-21,54.36993408203125,54.459305143305045,53.57250190660569,53.82685803093639,2735000
2017-02-22,54.90614700317383,54.9886369157492,54.280570527312975,54.45243150488607,2895000
2017-02-23,55.62107849121094,55.73106676819926,54.926758808194116,54.981755569078175,2801200
2017-02-24,56.34288787841797,56.51474881212889,55.79980669851789,55.82042917139849,3846800
2017-02-27,56.27414321899414,56.507871565802525,56.02666306073859,56.322264069500534,2505800
2017-02-28,56.748477935791016,56.93408542186446,56.088527386958866,56.088527386958866,3529900
2017-03-01,56.322269439697266,56.727858754811805,55.82043316961367,56.09541173220277,4832300
2017-03-02,56.61787796020508,56.90660312893543,55.95105656234175,56.095419146706924,4176100
2017-03-03,56.30853271484375,56.48039369090696,55.875439698504785,56.46664187574467,2848100
2017-03-06,56.28102111816406,56.42538367479649,56.04728751829761,56.34288853752959,2785100
2017-03-07,56.15726852416992,56.418495200150815,55.9991541908273,56.08851996937325,3732600
2017-03-08,55.21548843383789,55.765445597921584,55.167367575339085,55.758569691055975,3342600
2017-03-09,55.02986145019531,55.53856823800578,55.00923373689169,55.35295553172169,3074500
2017-03-10,55.43547439575195,55.64858032149896,55.11237493105125,55.27736523948178,3334400
2017-03-13,55.59357833862305,55.662321665146905,55.311723881661706,55.54545748557838,3423500
2017-03-14,55.59357833862305,55.758563371236235,55.41484149383731,55.5798265264505,2151200
2017-03-15,56.370399475097656,56.61787969725371,55.5729620381991,55.73795234949027,3727700
2017-03-16,56.10915756225586,56.59724196753851,55.84792559549945,56.50787092847793,4352300
2017-03-17,56.26041793823242,56.542272513240505,56.04043605435516,56.267293847198474,7276900
2017-03-20,55.80668258666992,56.43912956377809,55.58670080138101,56.322265387638865,3271000
2017-03-21,56.83785629272461,57.064714016244096,55.76544559213101,55.78606806794547,5092500
2017-03-22,56.89286422729492,57.46343873437098,56.76912410333528,57.050973402765926,2881800
2017-03-23,56.83785629272461,57.25719745021934,56.61099856920513,56.70724028619275,2410000
2017-03-24,57.050941467285156,57.2434248313021,56.67972130320463,56.78971479394478,2078800
2017-03-27,56.9134635925293,57.45654473574375,56.652236879055394,57.27780790821996,2125800
2017-03-28,57.00971221923828,57.044086505748666,56.61099357274871,56.74160956775248,2458500
2017-03-29,56.65910720825195,56.879088977463944,56.500998097919734,56.879088977463944,2087600
2017-03-30,56.39789962768555,56.452896399839396,56.13667282712603,56.44602049212495,2467000
2017-03-31,56.37727737426758,56.69350094824268,56.18479391574195,56.30853403119141,2251800
2017-04-03,56.542236328125,56.569734701609356,55.86853928970439,56.30163211610994,2756200
2017-04-04,56.624752044677734,56.84473386778804,56.35664936166143,56.53538098715205,1761400
2017-04-05,56.968467712402344,57.0372110411757,56.446008973121224,56.55599725020263,2064000
2017-04-06,56.77597427368164,56.9684629207484,56.6247410610125,56.82410036903284,2499200
2017-04-07,56.54912567138672,57.0509566835938,56.51475138516773,56.92034593447701,2453100
2017-04-10,56.645355224609375,56.672853598728274,56.26725913644783,56.576611911701434,2563900
2017-04-11,56.50101089477539,56.64537347181925,56.21915640284671,56.59037670586532,1876600
2017-04-12,56.90659713745117,56.94784208727569,56.20540676653456,56.34289342913625,2230800
2017-04-13,56.77597427368164,56.989085393167855,56.459750792098134,56.89284369202415,2425200
2017-04-17,57.00971221923828,57.064708979742996,56.74160956775248,56.851597843982155,2046600
2017-04-18,56.96159362792969,57.23657219659771,56.81723105945447,56.989092009274486,2257400
2017-04-19,56.61099624633789,56.99596834327238,56.384138532126855,56.94784224197306,2132600
2017-04-20,56.39102554321289,56.61100739415993,55.97168432034807,56.61100739415993,2330800
2017-04-21,56.51476287841797,56.851608923792725,56.39102276555652,56.43914362918149,2471100
2017-04-24,56.769107818603516,56.844727052930196,56.12290899609545,56.652243636382195,2641300
2017-04-25,56.84473419189453,56.86535666843177,56.45289140334578,56.6522507511731,2954400
2017-04-26,56.78287887573242,57.25721696021321,56.67289055231749,56.762256392891,2291800
2017-04-27,56.98908996582031,57.298437566492105,56.782854735519265,56.837851496236844,1736700
2017-04-28,56.714107513427734,56.98908605335781,56.54912248738145,56.858470066815656,2166600
2017-05-01,56.41851043701172,56.79660661139179,56.267271967259695,56.72098737651578,2069600
2017-05-02,56.638484954833984,56.76910093369903,56.30163901672734,56.52849669219429,2576100
2017-05-03,56.39789962768555,56.74849749419029,56.308533806521176,56.56288469936624,2128500
2017-05-04,56.77597427368164,56.82410036903284,56.2810192012766,56.322264146115515,2110400
2017-05-05,57.04408645629883,57.16095063868523,56.84472713322686,56.84472713322686,2144500
2017-05-08,57.00282669067383,57.16781694433696,56.62473582678161,57.071570007310704,2179400
2017-05-09,56.44600296020508,57.0372049652817,56.42538048824787,56.734728057164574,2478000
2017-05-10,56.70035934448242,56.851592554630344,56.37725996255239,56.555991550394275,2142900
2017-05-11,57.05783462524414,57.0715811933543,56.411635783688915,56.47350845213436,2372900
2017-05-12,57.38780212402344,57.51841285998256,57.07157340804867,57.12657016254682,2013500
2017-05-15,57.45656204223633,57.600924630911614,57.23658020547675,57.43593956453711,2043000
2017-05-16,57.140323638916016,57.6077855762161,57.11969592179363,57.45654711932794,2614700
2017-05-17,57.498050689697266,57.81756084995639,57.14380897535494,57.14380897535494,4344700
2017-05-18,57.824493408203125,58.109277240719436,57.296604657252026,57.720304071933995,3772300
2017-05-19,57.90784454345703,57.94951815724585,57.456360963349454,57.90089717472901,3104700
2017-05-22,58.41489028930664,58.581590041222555,57.78281752617693,57.83838057728919,2213200
2017-05-23,58.55382537841797,58.8872249631778,58.35933610480207,58.43574128032846,1749300
2017-05-24,58.82471466064453,58.9566829010673,58.61633594523258,58.67190430924788,2971100
2017-05-25,59.137271881103516,59.21367704962691,58.769140777831005,58.90805637553334,2801700
2017-05-26,59.088661193847656,59.28314518425457,59.00530864111986,59.17201374657546,2024000
2017-05-30,59.32481384277344,59.41510845146591,58.956677439741725,59.17894557592274,2501600
2017-05-31,59.51234436035156,59.741559842836644,59.317860423439306,59.401207653950365,3250800
2017-06-01,60.01244354248047,60.01244354248047,59.206718391416,59.373423436022726,3158900
2017-06-02,59.92910385131836,60.2902928926761,59.67905153016008,60.28334552284101,2114500
2017-06-05,59.61653137207031,59.94298881027604,59.519289407407705,59.90825726605813,2284900
2017-06-06,59.60264587402344,59.84575612265552,59.49846182379877,59.79712983349675,2066800
2017-06-07,59.79713439941406,59.90132375688474,59.44289800302094,59.60265042509058,3025100
2017-06-08,59.30398941040039,59.79714681894406,58.86640037728778,59.79714681894406,2571100
2017-06-09,59.54014205932617,59.56097887168626,58.98446899969898,59.10949517315055,2264200
2017-06-12,59.470680236816406,59.86659554280286,59.09560174178335,59.5470854098393,3292600
2017-06-13,59.699913024902344,59.769376153393644,59.331781760786285,59.40818696269257,2421400
2017-06-14,59.95688247680664,60.31806618541288,59.79712478114291,60.04023500923424,2432900
2017-06-15,60.39447784423828,60.40142521417695,59.790189141837836,59.88048375387832,2468100
2017-06-16,60.52644348144531,60.76954840468219,60.36669108872817,60.512554042670295,4996900
2017-06-19,60.35279846191406,60.64452438000343,60.095798791621974,60.64452438000343,2394500
2017-06-20,60.36671829223633,60.46396030535198,60.20001315607327,60.318091986386236,2420400
2017-06-21,60.13051986694336,60.52643505805579,59.8179571947506,60.38057212441323,1735200
2017-06-22,59.92910385131836,60.24167190241146,59.88743023088882,60.01245639146796,2106900
2017-06-23,59.70683288574219,60.151369146929966,59.63737508854852,59.88742739787792,1543000
2017-06-26,60.220821380615234,60.463931597268676,59.72766417702326,59.96382702481209,2834500
2017-06-27,59.5262451171875,60.10970233815128,59.35259795488614,59.984676169322675,2404500
2017-06-28,59.01918411254883,59.79017775084736,58.942778955651534,59.755446207061475,3180700
2017-06-29,58.366268157958984,58.85248326546425,58.18567367235477,58.85248326546425,3859300
2017-06-30,58.06064987182617,58.63715959568169,58.06064987182617,58.44962303333659,3607600
2017-07-03,57.86619186401367,58.23432308414623,57.76200778230977,58.192649451464675,1705900
2017-07-05,57.85227966308594,57.99119525024274,57.4563644104701,57.87311647123047,3530000
2017-07-06,57.79670715332031,57.859222872549395,57.49108652439943,57.72030199609009,2801800
2017-07-07,57.942569732666016,58.17178520290696,57.713354262425064,57.80365415637489,2531400
2017-07-10,57.7828254699707,58.22041436614187,57.761988660527834,58.053714591308605,1833900
2017-07-11,57.7758674621582,57.95646194289416,57.51192575899744,57.907840963383244,2558000
2017-07-12,58.331565856933594,58.532991932093765,58.14402392586498,58.22737648403899,2946600
2017-07-13,57.90784454345703,58.33154394794218,57.89394980600099,58.22040724545246,2175400
2017-07-14,58.234317779541016,58.43574915130677,58.123186336082554,58.241265150785786,1377300
2017-07-17,58.366268157958984,58.41488913878056,58.06759490454371,58.23429465317635,1594100
2017-07-18,58.477413177490234,58.53992360488871,58.29681866618872,58.394060641668716,1653500
2017-07-19,58.58855438232422,58.64412274882361,58.317665219753565,58.532986015824825,1790100
2017-07-20,58.991416931152344,59.00530637309412,58.51214904514919,58.762201394429866,1971700
2017-07-21,59.178958892822266,59.19980100655554,58.60939633448545,58.96363807786919,2494400
2017-07-24,58.72746658325195,59.234513279261215,58.57465624770166,59.20672910013477,2541700
2017-07-25,58.21345901489258,58.80386346437155,58.130111788548874,58.741347745324205,1926900
2017-07-26,58.657981872558594,58.66492923960294,58.06758285670954,58.12315119448762,1702400
2017-07-27,59.074764251708984,59.074764251708984,58.38017563169731,58.48435968526657,2179600
2017-07-28,58.97752380371094,59.19979195592746,58.74830828131211,59.04698160766158,2089800
2017-07-31,59.12339782714844,59.269260832481955,58.80388762985238,58.970587450334726,2435100
2017-08-01,59.15810012817383,59.40120503861063,59.07475290133242,59.14421069013013,2825100
2017-08-02,59.554012298583984,59.554012298583984,58.79691343073365,59.046965697010116,2131600
2017-08-03,60.0888671875,60.09580925869454,59.39427851909521,59.73462548281208,2915600
2017-08-04,60.06801986694336,60.13747766177459,59.71377822422701,59.85269381388947,2599600
2017-08-07,59.91520309448242,60.11663438733082,59.73460860791325,60.05411866920363,2026400
2017-08-08,60.1513671875,60.15831455678013,59.74156248790356,59.80407291355451,2045800
2017-08-09,59.873538970947266,60.35975420114198,59.741570732153804,60.2625122149612,2115400
2017-08-10,60.0055046081543,60.15136756821981,59.567915727957754,59.873531087446885,2140900
2017-08-11,59.5262451171875,60.061081344678534,59.15117190999251,60.061081344678534,2516800
2017-08-14,59.81797790527344,59.9221619658828,59.48457301345056,59.60959918547277,2473800
2017-08-15,60.35279846191406,60.408366817537775,59.65820991448793,59.672104653038886,1876300
2017-08-16,60.570350646972656,60.61246089352457,60.14928566037604,60.33174911774957,1804200
2017-08-17,60.26157760620117,60.668604093642166,60.212453442848,60.57035576693583,2055000
2017-08-18,60.619483947753906,60.93528675092413,60.079118115057135,60.17736644827473,2853800
2017-08-21,60.759830474853516,60.83000707691917,60.46508553369884,60.70368705154837,2090600
2017-08-22,60.7387809753418,60.851062473265934,60.429997486319756,60.75983342156933,1719800
2017-08-23,60.97036361694336,61.04755948967868,60.45105030828629,60.75281453239752,1931900
2017-08-24,60.893157958984375,61.138784071379625,60.752804769727916,60.872105516009,1984900
2017-08-25,61.21598815917969,61.440556504650736,61.03352470531831,61.328269654849365,1708900
2017-08-28,61.34933090209961,61.405474335054876,61.03353346145802,61.31424527210191,1185400
2017-08-29,61.40546417236328,61.72126156073995,61.286163412677126,61.44055515068583,1828300
2017-08-30,61.25106430053711,61.46159943425132,61.103691848589506,61.27913600864106,1425100
2017-08-31,61.26512145996094,61.42652713797219,61.20897802668203,61.32125953910736,2188300
2017-09-01,61.11775207519531,61.44057418420059,60.865117298709855,61.391450011809916,1364000
2017-09-05,61.34230422973633,61.42651400752163,60.90720074603068,61.19492641034937,1910400
2017-09-06,61.047576904296875,61.48969982047178,60.92125683598024,61.41951784041437,1978900
2017-09-07,61.29317855834961,61.44757029946492,60.96334798448617,61.117734371469794,1943800
2017-09-08,61.601959228515625,61.77740340738659,61.201946714855055,61.31423355931557,1938300
2017-09-11,61.99496841430664,62.037078668871274,61.38442594151387,61.503726728825924,1674700
2017-09-12,61.25106430053711,61.99494582583382,60.858071095343504,61.96687947186073,2900200
2017-09-13,60.893157958984375,61.22299384328111,60.815967452785,61.208960666007854,2544800
2017-09-14,61.40546417236328,61.46160759602673,60.72473988430574,60.872112355823624,2755900
2017-09-15,61.26512145996094,61.6019713513694,60.928266214419985,61.405474689025716,6419300
2017-09-18,60.3949089050293,61.27212989355984,60.02296806255346,61.265115980626646,2868200
2017-09-19,60.3387565612793,60.54226707085364,60.2685746154887,60.39489462212873,1954300
2017-09-20,59.79138946533203,60.528257348620535,59.55278789040528,60.50018563025277,2982700
2017-09-21,59.76329040527344,60.114178661704216,59.651003593233234,59.805395282723566,2456100
2017-09-22,59.12467956542969,59.93172374011628,59.10362712372901,59.9036520331385,1799200
2017-09-25,59.74927520751953,59.74927520751954,59.11767502849177,59.12469429551762,2117300
2017-09-26,59.52470779418945,59.763314689666124,59.433478737933946,59.67909954641576,1570600
2017-09-27,58.90715026855469,59.370320203567765,58.61239992358371,59.22996697577773,2318900
2017-09-28,59.1317024230957,59.30012732106395,58.528174071734284,58.70361823540607,2365800
2017-09-29,58.89310073852539,59.10363589503801,58.668532403506596,59.04047320643165,2384500
2017-10-02,59.20189666748047,59.38436015125327,58.794864801422904,58.998380734451686,2601100
2017-10-03,58.84397888183594,59.110657471056356,58.61239127144924,59.08959967127713,1926600
2017-10-04,59.27907943725586,59.286098703499256,58.70362275031909,58.87906692748434,3088800
2017-10-05,59.15276336669922,59.454527585745346,59.04749578254234,59.34224073487621,2060300
2017-10-06,59.39836883544922,59.4685454220709,58.808879082870654,58.95625152101529,2744500
2017-10-09,59.52470779418945,59.82647203150485,59.433478737933946,59.47558363249309,2720900
2017-10-10,60.205440521240234,60.26859787186596,59.51068289369317,59.65103613117222,1593100
2017-10-11,60.626487731933594,60.83000361423114,60.18437034536868,60.212442055423296,2235900
2017-10-12,61.033538818359375,61.10371543864662,60.63352619317586,60.66861182625301,2272900
2017-10-13,60.90721893310547,61.475656519418756,60.879147214084284,61.18091150089579,2073000
2017-10-16,61.145809173583984,61.15984770755748,60.64754830016383,60.84404494273719,1728700
2017-10-17,61.41249465942383,61.468632739212595,60.900195194623734,61.04756769306779,2355500
2017-10-18,61.082645416259766,61.377390349156336,60.710704617014365,61.293175216558154,1530600
2017-10-19,61.65108871459961,61.67214116122322,61.06159879261072,61.06861270539733,1672500
2017-10-20,61.707237243652344,61.798466304608155,61.41950617165483,61.56688401846919,2033600
2017-10-23,61.433536529541016,61.756353187799625,60.97036131064933,61.72828147567301,2609600
2017-10-24,61.74934005737305,61.79846421994326,61.29318405971692,61.51073851178403,2197800
2017-10-25,61.58091735839844,61.72828985146111,60.851068806469684,61.48266902968998,2268400
2017-10-26,61.307220458984375,62.14233654772416,61.30020119196677,61.84057231555086,2708400
2017-10-27,61.72127914428711,62.12129178211708,61.13880835876846,61.216004249764865,2059800
2017-10-30,61.83355712890625,61.896714473836504,61.531792876819644,61.60196948923069,2262300
2017-10-31,61.973907470703125,62.20549509960523,61.61600515781667,61.756358376109546,2666700
2017-11-01,61.65810775756836,62.149349357441515,61.44757258383307,62.149349357441515,2023900
2017-11-02,62.149356842041016,62.268662977062625,61.524775866642244,61.75636351481461,3518300
2017-11-03,62.12126541137695,62.809008869904076,61.86863074842686,61.952840518033284,2405200
2017-11-06,61.66512680053711,62.2616359851118,61.594944840125606,62.00899591919963,2557000
2017-11-07,62.71076965332031,62.75989381075028,61.48266036343969,61.81249628652583,2315000
2017-11-08,62.61955261230469,62.93535006288988,62.22655392337579,62.56340917758161,3057700
2017-11-09,62.90024185180664,62.97743771487687,62.39496714007129,62.50022935868418,2101600
2017-11-10,62.38090896606445,62.66162062028283,62.21248411518522,62.52828137984997,2216700
2017-11-13,63.0756950378418,63.31430192711069,62.444100219358326,62.500238292599306,2626600
2017-11-14,63.92485427856445,63.95994526468377,62.88622748067887,62.93535164876626,2713100
2017-11-15,63.56692123413086,64.423089482467,63.45463441605981,64.12833926209558,3304400
2017-11-16,63.22675323486328,63.72287493812216,62.99286752078104,63.60947383774456,3205200
2017-11-17,62.73770523071289,63.27634951229595,62.68809361315003,62.97867980691878,2652700
2017-11-20,62.83694839477539,63.07082869890125,62.59597376288005,62.80859812000758,2558500
2017-11-21,62.94327926635742,63.219687792099755,62.83697245435199,62.907845464776976,2467000
2017-11-22,62.815673828125,62.99994788758785,62.57470463343318,62.893635722233846,1653000
2017-11-24,62.92198181152344,63.1346061280999,62.82275857239069,62.950332080884365,936300
2017-11-27,62.99285888671875,63.09208213231816,62.65975536635579,62.99994780633624,3129300
2017-11-28,63.06373596191406,63.36140569254563,62.85111163588509,63.134608934836635,3013700
2017-11-29,63.07789993286133,63.325958008448566,62.5959562114659,62.91488725046942,2917800
2017-11-30,63.20549392700195,63.368506662257715,62.893646298127756,63.18423257180821,4393100
2017-12-01,62.886539459228516,63.58819095668255,62.503818985909874,63.35430532177779,3088500
2017-12-04,62.808597564697266,63.382675753699175,62.673935112556286,63.127528690306775,2552300
2017-12-05,62.34082794189453,62.90073371339792,61.97936869046583,62.87238343806409,3261300
2017-12-06,62.588863372802734,62.72352577994168,62.28410478266628,62.53216824997701,1970100
2017-12-07,62.29829788208008,62.56052843526927,62.04315084144198,62.54635600290559,2346000
2017-12-08,62.40460205078125,62.4542136685868,62.06440423778547,62.06440423778547,2701700
2017-12-11,62.63141632080078,62.645588755314584,62.05024917501328,62.23451786000427,2244200
2017-12-12,61.752567291259766,62.532186286662416,61.71004458506025,62.37626248758189,2787200
2017-12-13,62.05732345581055,62.50383348186751,61.76674262978028,61.96518912702271,3938200
2017-12-14,62.05732345581055,62.255769953052976,61.46198396408327,62.02897318373856,2437800
2017-12-15,62.25576400756836,62.48256616248446,62.05023401738238,62.16362968757944,6372800
2017-12-18,61.334415435791016,62.47548829507569,61.23519217909338,62.369176117967676,3166000
2017-12-19,60.25004959106445,61.46908448389959,60.19334903622037,61.419472850226654,2635100
2017-12-20,59.881500244140625,60.52645687679002,59.838977532453825,60.242959515265696,2011400
2017-12-21,59.74684143066406,60.0799450078502,59.35703189412609,59.85314820675418,2966400
2017-12-22,59.654701232910156,59.973637780567884,59.51295526101487,59.817713967125734,1683900
2017-12-26,59.250701904296875,59.8035186028778,59.222351636772125,59.71847320756421,1223100
2017-12-27,59.520023345947266,59.605068736408185,59.27904878936723,59.27904878936723,1663700
2017-12-28,59.52711486816406,59.7184778369755,59.43498054701181,59.59090432685489,1904400
2017-12-29,59.61217498779297,59.94528394998198,59.52004065225083,59.73265959748545,2210700
2018-01-02,58.98847198486328,59.83186947133759,58.75458633088053,59.73264623763473,3167900
2018-01-03,58.80419158935547,59.38535849845784,58.712051877122335,58.86797562958446,2690200
2018-01-04,58.3435173034668,58.98847374908538,58.223032717118556,58.69788755079283,2475800
2018-01-05,58.07419204711914,58.64827005998116,57.65603238536929,58.478173872329506,3827200
2018-01-08,58.25846862792969,58.336430517773245,57.91827620612239,58.10255025550362,3560000
2018-01-09,57.57807922363281,58.137984891986626,57.379632740117266,58.137984891986626,2781700
2018-01-10,56.77720642089844,57.37254589294748,56.64254398482297,57.252061296070124,3227200
2018-01-11,56.188941955566406,56.79845917454768,55.990495494923294,56.35195463810068,4087200
2018-01-12,55.91963577270508,56.422840961993224,55.671577638163285,55.99050875296533,3211400
2018-01-16,55.579444885253906,56.18187340410168,55.43060998581592,56.05429986068877,4375300
2018-01-17,55.57233810424805,55.77786806461358,55.012432531873145,55.53689892086905,4125200
2018-01-18,54.81398391723633,55.735348666984834,54.60845394471417,55.735348666984834,4757600
2018-01-19,54.44545364379883,55.15419425640087,54.31788011723999,54.90613612344251,4536700
2018-01-22,54.537593841552734,55.033715568081945,54.466720854123515,54.68643414459513,3720100
2018-01-23,55.076236724853516,55.60070330574427,54.74312774534784,55.104587000477636,4033900
2018-01-24,54.743125915527344,55.0904127248679,54.72186456133547,55.06914596341403,3601700
2018-01-25,55.91963577270508,56.14643255389497,54.71477347923356,54.73604023984725,4842900
2018-01-26,55.87001037597656,56.01884522001954,55.32427720722518,55.940883338769346,3944500
2018-01-29,54.7785530090332,55.685739969217664,54.69350220379311,55.67156753864139,4901300
2018-01-30,55.040794372558594,55.21797951219635,54.55176165683475,54.6438959828323,3969200
2018-01-31,55.636138916015625,55.69283946360918,54.75021313709818,55.125844802197285,4007000
2018-02-01,54.459632873535156,55.742457219382096,54.33914825209889,55.50857149029115,4328600
2018-02-02,54.23992156982422,55.090413601872356,54.16904858563573,54.4454570090543,4252400
2018-02-05,53.7296142578125,54.991171451731134,53.672919128720324,54.324959074996805,5852100
2018-02-06,52.7940788269043,53.33272312599727,51.68844536684168,53.26185015678368,7810800
2018-02-07,52.73029708862305,53.55243330061495,52.574373305160485,52.77281979056332,4840400
2018-02-08,52.67359161376953,53.77214150725228,52.30504894786693,52.51057892616641,6160100
2018-02-09,53.935150146484375,54.374571196400765,52.3475729647148,52.67359294087439,6312300
2018-02-12,54.43836212158203,54.75020970654493,53.6233147818569,53.94933479919925,4373100
2018-02-13,54.629722595214844,54.785646380530295,53.73670799302893,54.24700205142088,3808000
2018-02-14,53.495731353759766,54.33204529805743,53.474464598237034,54.30369503128762,4563000
2018-02-15,54.650428771972656,54.65760227663831,53.54594981181885,53.6248364760177,3923800
2018-02-16,55.00901412963867,55.145283326507545,54.34202062294394,54.55718193676012,3796600
2018-02-20,54.28465270996094,54.95164626205795,53.66068923484441,54.65759281127824,4017000
2018-02-21,54.026466369628906,54.86558578009721,54.004951329121575,54.20576566956386,4242800
2018-02-22,54.17706298828125,54.68627221061249,53.911698123779495,54.13403291849463,3103900
2018-02-23,55.381954193115234,55.439331267355016,54.06230884449517,54.112512416510235,2839100
2018-02-26,55.88400650024414,57.11041309929058,55.6903656569339,56.73747294959728,5253800
2018-02-27,54.74366760253906,56.14937356097909,54.74366760253906,55.85532006096716,4088600
2018-02-28,54.03364181518555,54.90862339439765,54.01212677172642,54.521336196789946,3321700
2018-03-01,54.191410064697266,55.09507992511396,53.90453560773409,54.04079933325774,3209700
2018-03-02,54.040794372558594,54.722134824751,53.48855507464005,54.11968648251539,3631400
2018-03-05,55.57561492919922,55.70471065669136,53.69656158343479,53.94757953361925,3840600
2018-03-06,54.40657424926758,55.50388497319796,54.24161650321029,55.38913627871535,3655400
2018-03-07,53.96908950805664,54.29182606058867,53.7395866220431,54.08384368695362,9936900
2018-03-08,54.49980545043945,54.52849399071272,53.961907631819855,54.169895444966315,4733900
2018-03-09,54.600223541259766,54.61457055015971,54.16273279008278,54.43527124137506,3870100
2018-03-12,54.90145492553711,55.03055065704883,54.55002431255564,54.59305987091361,3581800
2018-03-13,54.844078063964844,55.460868175855275,54.64326369670398,55.152473119910056,6365000
2018-03-14,55.22420883178711,55.46088532572264,54.82974800856122,55.01622089515735,3788900
2018-03-15,55.037715911865234,55.6760210321776,54.71497933526894,55.130955057116346,4619000
2018-03-16,55.647335052490234,55.74774770703472,55.03771845091781,55.15247264366517,6667100
2018-03-19,55.25287628173828,55.84815130691858,55.01619987821637,55.79794771875764,5503500
2018-03-20,54.815372467041016,55.489539466123475,54.743653854150836,55.2385161133387,3888500
2018-03-21,54.6360969543457,55.3819828906247,54.3922469983594,54.81539630041907,4051400
2018-03-22,54.64325714111328,55.60429877535944,54.564365010328245,54.75083234511064,3704800
2018-03-23,53.911720275878906,55.166815563639126,53.811313090600585,54.87993554636626,3033400
2018-03-26,54.44960021972656,54.557180874540066,53.95473796243147,54.00494153844052,2805900
2018-03-27,55.295902252197266,55.719051439604314,54.3420286763122,54.499812933590064,4338900
2018-03-28,55.525413513183594,55.76926343989676,54.908623398991686,55.453694877720125,4543200
2018-03-29,55.56126022338867,55.876828698420084,55.25286525145696,55.288721823396216,3962500
2018-04-02,55.295902252197266,55.97724286573531,54.91578861699894,55.61864427075118,3741100
2018-04-03,55.41065979003906,55.68319276891687,54.994684081398745,55.22418697723812,2971400
2018-04-04,55.7333984375,55.87684117261874,55.016201177248895,55.331769722729256,3467600
2018-04-05,56.37171173095703,56.50798098112321,55.05207120730311,55.71906497487083,3934200
2018-04-06,56.05614471435547,56.58686919485966,55.984420605497625,56.36453430660662,3411900
2018-04-09,56.278465270996094,56.694440961047604,55.97007025551382,56.04178888129984,3855100
2018-04-10,55.59712600708008,56.343011771424,55.403485165541234,56.27846664817124,4187900
2018-04-11,55.28156280517578,55.78359866841433,55.07357495561109,55.475203646201926,2426800
2018-04-12,54.60738754272461,55.49671042743452,54.47829184399416,55.28872260882549,2369000
2018-04-13,54.987510681152344,55.21701357742656,54.69346266019818,54.7006306928644,3993200
2018-04-16,55.91269302368164,55.99875865747378,55.08074711747919,55.095088653887686,2402900
2018-04-17,56.29997634887695,56.47927563661223,55.79076702832237,55.94855127701422,1727800
2018-04-18,56.1422119140625,56.95981651694442,56.135038407922984,56.407576923404925,2057000
2018-04-19,56.31431198120117,56.37886256334501,55.83379125366811,56.056126067964165,2423300
2018-04-20,55.711883544921875,56.45776935420155,55.60430286123888,56.393218755279406,2764000
2018-04-23,55.9342041015625,56.10633535695226,55.63298261230044,55.855311977453866,2172700
2018-04-24,56.09914779663086,56.47208781296793,55.776405877479355,56.09914779663086,4273000
2018-04-25,56.57969284057617,56.58686634545699,55.812291971758206,56.05614189167716,3282100
2018-04-26,57.26103973388672,57.318416841062664,56.321512858954584,56.5653628285613,2810000
2018-04-27,57.73438262939453,57.91368195433054,57.0171853296505,57.08890396526867,2600500
2018-04-30,57.490543365478516,57.98540582617805,57.41881925160232,57.834795036245005,2658100
2018-05-01,57.25386047363281,57.59094407247228,57.1032497006626,57.490536890492145,2423200
2018-05-02,57.36143493652344,57.64114140908716,57.0673814556444,57.26102229365758,2586200
2018-05-03,57.20365905761719,57.4403300116941,56.529491834305325,57.19648555240842,3522600
2018-05-04,57.28969955444336,57.6698185950028,57.07454371811582,57.21080743958945,3853900
2018-05-07,57.01717758178711,57.46900984938674,56.974147500619644,57.28254251647411,2901400
2018-05-08,55.855323791503906,56.938293247326705,55.67602446638402,56.88091615006087,4333400
2018-05-09,55.683189392089844,55.90551877001308,55.13811799560866,55.80511160115869,3853500
2018-05-10,56.05614471435547,57.00284495039758,55.61148040963066,56.51515055778308,4605300
2018-05-11,55.87683868408203,56.228263793855334,55.60430023538467,56.09199456950665,4231000
2018-05-14,55.8194580078125,56.09916447114792,55.48237445666975,55.99158379945424,3972500
2018-05-15,55.17399215698242,55.697548628193246,54.9158006741636,55.475213729677215,3889100
2018-05-16,54.52849578857422,55.27438144493291,54.148382193035026,55.173974286555755,5483400
2018-05-17,53.810081481933594,54.63011173182591,53.63591689205936,54.46320561470258,3474800
2018-05-18,53.556060791015625,54.10032967898696,53.06984304328659,53.89713131007587,3721000
2018-05-21,53.46898651123047,53.74474747666416,53.229506823659065,53.68669632476639,3301700
2018-05-22,53.75200271606445,53.92616723447056,53.2657904365277,53.287560309254694,2957300
2018-05-23,54.332557678222656,54.463182449216234,53.83908693631249,53.940683365241924,2901100
2018-05-24,54.96390914916992,55.007454432957736,54.16564907653875,54.33256066844611,4162700
2018-05-25,55.014713287353516,55.16710795553617,54.84780721407343,54.96391506462596,2262600
2018-05-29,55.58800506591797,55.90731131172906,54.78248651786942,54.97842645474095,4468600
2018-05-30,55.86376953125,56.016164178498315,55.181617316965884,55.34852336731821,2620800
2018-05-31,55.99440383911133,56.2919347144182,55.48641605853707,55.83475069483345,3587800
2018-06-01,55.210655212402344,55.987145522687825,54.81152235060508,55.96537564597001,3403200
2018-06-04,54.69541931152344,55.51544944744337,54.6736438962972,55.39208311078662,3234500
2018-06-05,54.2454719543457,54.796999373290625,54.122105654602386,54.74620115947925,2497300
2018-06-06,53.07711410522461,54.3253052703083,52.9755176649588,54.22370883004248,3949500
2018-06-07,53.323856353759766,53.904406694490525,52.85215539550959,53.07711816809103,3289800
2018-06-08,53.062618255615234,53.52706084343132,52.88119519673106,53.36740766575847,3268500
2018-06-11,52.336917877197266,53.1496895111235,52.22080448001265,52.99003635829041,4922400
2018-06-12,52.59815979003906,52.8666622927159,52.23531378180273,52.34416315500107,4694200
2018-06-13,52.43124771118164,52.88843168421031,52.257083179064615,52.641699058427086,5618200
2018-06-14,53.30934524536133,53.46899840592532,52.51834345095656,52.612681438293556,5079900
2018-06-15,53.91891860961914,53.991486703370974,53.048084874825186,53.185968128567126,6493000
2018-06-18,53.99876022338867,54.172924804251544,53.73025211142291,53.904416692285785,3223900
2018-06-19,54.91311264038086,55.04373742262748,54.12936394690114,54.23096592117349,4039400
2018-06-20,55.29048156738281,55.588012442341814,54.98568668475813,55.363049668353945,3660900
2018-06-21,55.81297302246094,56.00890742160393,55.20338887823414,55.29047390929238,4198700
2018-06-22,56.19034194946289,56.36450651073371,55.704129550261406,55.80572600571868,3184200
2018-06-25,57.38772201538086,57.453031634774945,56.21935750688175,56.24112738001311,4768200
2018-06-26,57.17727279663086,57.71428332124093,57.0756763605314,57.315156047018924,4402500
2018-06-27,57.70705032348633,57.844933634737345,56.966846599944645,57.1555281516682,3978400
2018-06-28,57.49658203125,58.16421737074459,57.4022385238363,57.873939451132344,2659400
2018-06-29,57.38772201538086,57.72153965543913,56.974077816114054,57.37320507556641,3385000
2018-07-02,57.881202697753906,57.95377079949722,57.257107056897105,57.482069833278764,2570000
2018-07-03,57.917476654052734,58.36740768649325,57.65622709155057,57.88119537606612,2568600
2018-07-05,58.49803161621094,58.50529008633883,57.77233962795534,58.0263307165267,3964600
2018-07-06,59.230987548828125,59.289038705444995,58.410951982892236,58.476267146898834,2963000
2018-07-09,57.068424224853516,59.20921362733244,56.87248980108204,59.20921362733244,4505700
2018-07-10,57.70705032348633,58.01184530291452,56.531432319238185,56.90878988609232,3763200
2018-07-11,58.33112716674805,58.47626890412927,57.83040339840853,57.84491480385106,3921000
2018-07-12,58.418209075927734,58.519805518349905,58.12793115332545,58.352899450052426,3655400
2018-07-13,58.50529479980469,58.73025756257904,58.040852332830646,58.54157608018617,3366200
2018-07-16,58.62138366699219,58.76652535129488,58.11340161340561,58.55607406149783,4171500
2018-07-17,58.52706527709961,58.78105638874512,58.4472387082123,58.73751663720331,2271400
2018-07-18,58.37467575073242,58.59238006420403,57.98280134257376,58.59238006420403,3103400
2018-07-19,58.92619705200195,59.3253299266958,58.42547326153953,58.51255277122443,3009000
2018-07-20,58.52706527709961,59.02053609540703,58.05536433456308,58.82459614028693,3013500
2018-07-23,58.03358459472656,58.94795797782383,57.81587480084006,58.94795797782383,2844900
2018-07-24,57.97555160522461,58.15697466207826,57.17003278986703,58.1279463085906,4065500
2018-07-25,58.185977935791016,58.50528414993312,57.830390447871814,57.902958532015944,2582100
2018-07-26,58.882659912109375,59.02779612575725,58.35290774936214,58.38193056281839,2812000
2018-07-27,58.84636688232422,59.28903948481904,58.5996342378339,58.781057254050104,2097200
2018-07-30,58.6141471862793,58.9261950038507,58.49078086078603,58.67220388177891,2306900
2018-07-31,59.230987548828125,59.296297176243726,58.60689193832104,58.92619267778232,3691100
2018-08-01,58.81732940673828,59.100348798541766,58.15694713480369,58.882639018728455,3478500
2018-08-02,58.38192367553711,58.92619271739702,57.699776907954565,58.512548467047125,4075600
2018-08-03,59.180179595947266,59.30354589628671,58.26580620633414,58.43271225112513,3122300
2018-08-06,58.86813735961914,59.66639745672769,58.63591613979501,59.19469654679381,3285600
2018-08-07,58.6939697265625,58.91167955143524,58.055362729708406,58.86813980109702,2629400
2018-08-08,58.367401123046875,58.70847720999221,58.18597814374319,58.50528435902647,2429900
2018-08-09,58.643165588378906,58.68671087091411,58.25854973495793,58.389174509383004,1658000
2018-08-10,58.701229095458984,59.361611514178904,58.672200749259005,58.766544258556664,3467100
2018-08-13,58.73751449584961,58.868139282303915,58.4327196363957,58.72299755480425,4051000
2018-08-14,58.94068145751953,59.16564411547411,58.62137533403174,58.75925853037208,2379000
2018-08-15,59.40517044067383,59.83332622799902,59.00603747232601,59.100381012076966,3683400
2018-08-16,60.03493118286133,60.071628477242555,59.1247565211055,59.38900168098227,3104900
2018-08-17,60.39460372924805,60.7175713214075,59.880796741790874,59.924835740694014,3090200
2018-08-20,60.049591064453125,60.607442413318694,59.91013242729206,60.46797817608386,2643600
2018-08-21,59.660579681396484,60.027586205617744,59.3302760496274,59.976205516229776,2623400
2018-08-22,59.330284118652344,60.042277768486024,59.11741963364504,59.74867138916299,3050000
2018-08-23,59.366981506347656,59.78536877749489,59.21283941698561,59.25688401400041,1828100
2018-08-24,59.75600814819336,59.81472493914269,59.205498332505876,59.506440786375805,2296600
2018-08-27,59.15411376953125,59.888126878571676,58.94125489597606,59.76334599405295,2559200
2018-08-28,58.977943420410156,59.17613006641985,58.83848475848364,59.04400750243831,2307900
2018-08-29,59.25688171386719,59.29357900986651,58.860513956574934,59.08071453279795,2322700
2018-08-30,59.689964294433594,59.78538401214158,59.19083500165853,59.42571904531283,2738700
2018-08-31,59.6312255859375,60.04227675004785,59.35964430973288,59.675270182138206,3837400
2018-09-04,59.76335906982422,60.10100450184801,59.63123645728649,59.73399786702952,2887100
2018-09-05,61.06254577636719,61.14328765769784,59.82940366158769,59.82940366158769,4884700
2018-09-06,61.26808166503906,61.48828226127354,60.644171575593745,60.644171575593745,3213600
2018-09-07,60.534061431884766,61.06255176145849,60.14503538374731,60.79096489762878,3113000
2018-09-10,60.416622161865234,61.09191853355393,60.37992486345267,60.71757024925899,4512800
2018-09-11,59.73398971557617,60.77629267228373,59.6532478189282,60.51204748326785,4085500
2018-09-12,59.37432098388672,59.822069436262346,59.16879820576197,59.62388835737797,4646300
2018-09-13,60.29917907714844,60.34321807243314,59.12475920225897,59.389004374118564,4725200
2018-09-14,59.968868255615234,60.189074426474015,59.48442251983168,60.18173272742524,3102700
2018-09-17,60.247806549072266,60.29184555032634,59.64591593160183,60.02025864241444,3052100
2018-09-18,60.130348205566406,60.55607712207907,59.93950884305399,60.51203813074162,4191000
2018-09-19,58.78710174560547,60.15970814783439,58.44212032051619,60.10832745898492,4469600
2018-09-20,59.176143646240234,59.26422164239034,58.18522138894313,58.7210534658525,4074900
2018-09-21,58.58893585205078,59.39634928582724,57.64205811241306,59.088065072943294,15566200
2018-09-24,58.434791564941406,58.69903676614556,58.30266896433933,58.508191765258935,3633700
2018-09-25,57.847572326660156,58.500843556938946,57.656732947080876,58.42744336478725,4748700
2018-09-26,57.319095611572266,58.170553723191595,57.28239830680889,57.84024997993615,5169800
2018-09-27,57.94300079345703,58.221923778956715,57.25302662923425,57.25302662923425,3256000
2018-09-28,58.73573684692383,58.76509804845611,58.060446011910955,58.08246551304102,4540900
2018-10-01,58.3907470703125,58.721050740698615,58.1265018939733,58.65499224665171,2727200
2018-10-02,59.02934646606445,59.27157219179551,58.655003726382155,58.66968152790667,2509500
2018-10-03,58.12651824951172,59.16881584942081,57.634725055120846,58.97062911136307,4127400
2018-10-04,58.6770133972168,58.743071893124146,57.664071659363266,58.06778113460575,3620300
2018-10-05,59.74867630004883,59.98356030279775,58.59627578655,58.64765648714894,4824800
2018-10-08,60.291839599609375,60.8863884581642,59.71196853999841,59.822071632343054,4450200
2018-10-09,60.37257385253906,60.69554138918461,60.04960631589352,60.387251649625135,4204200
2018-10-10,60.10098648071289,61.15062536556517,60.06428918828073,60.33587043256427,5042100
2018-10-11,58.706382751464844,60.4900351897522,58.47883483377146,60.299190174934864,6074700
2018-10-12,58.71369934082031,58.80178291840572,57.994369724134835,58.55221558195116,5821700
2018-10-15,58.81647872924805,59.34496915647955,58.50819451338853,58.66233662131829,3018400
2018-10-16,59.41102600097656,59.756013076605804,58.53754856268772,58.75775474715452,3333200
2018-10-17,59.2862434387207,59.50644963778088,58.86052004065464,59.32294633858949,2670600
2018-10-18,59.645904541015625,59.998227683917996,59.389001082633605,59.81472441363436,4274200
2018-10-19,60.73957443237305,61.23136178768673,59.62387716060883,59.63855495625752,4395800
2018-10-22,60.65884780883789,61.077235090962645,60.4313055185822,60.937770796895705,4275800
2018-10-23,60.409278869628906,61.679118365047266,60.343214780230475,60.901066290396116,4882800
2018-10-24,62.207618713378906,62.44984441344931,60.39460521297678,60.65885041303971,4890200
2018-10-25,61.39285659790039,62.0608112217542,61.22403671719768,62.024108325909786,6787900
2018-10-26,60.10832595825195,62.126861769916495,59.76333894170093,61.67177167998697,5326900
2018-10-29,61.2607307434082,61.37817552378162,60.10098873755979,60.255130811743385,4157900
2018-10-30,61.53231430053711,61.82592063566136,60.65149529516435,61.510294805415924,2996000
2018-10-31,60.651512145996094,61.18000257603542,60.218447021427345,61.08458287064145,4084000
2018-11-01,59.93950653076172,60.65149446357657,59.425694051320356,60.60745547393802,6994300
2018-11-02,60.62214660644531,61.53232699308497,59.374326424867625,61.22404279764713,7038400
2018-11-05,61.34882736206055,61.53966677059757,60.68821433230321,60.9818207455372,3057700
2018-11-06,61.89931869506836,61.987396672530295,61.24604756187625,61.407531320656304,2642900
2018-11-07,62.17090606689453,62.22962845771964,61.356151094441195,62.207608961179076,2981500
2018-11-08,61.89931869506836,62.405783865699114,61.165305682486235,62.200261118188095,3002400
2018-11-09,62.816856384277344,62.95631509617897,61.840617400582076,62.024120716310804,4432500
2018-11-12,63.0663948059082,63.8297689881118,62.53790455668458,62.57460744624305,3250900
2018-11-13,63.38202667236328,63.58021333479733,62.61131631866207,63.05172303507351,2833200
2018-11-14,63.433414459228516,63.82244052891553,62.868226803283875,63.05173008899102,3860600
2018-11-15,63.91421890258789,64.0255171429951,62.35606051947783,62.949641700210215,4481100
2018-11-16,64.31485748291016,64.62648787381578,63.72869232238147,64.13678378251564,3351200
2018-11-19,65.02718353271484,65.07912195163622,64.1813260469307,64.24068585737315,4114400
2018-11-20,65.68010711669922,66.20691821914886,65.14588594641194,65.34621817766197,6879300
2018-11-21,64.14424133300781,65.42787067657505,63.89939195814369,65.33141520531734,3640300
2018-11-23,64.36683654785156,64.5449103607517,63.958744829888275,64.27038107854408,1448300
2018-11-26,64.5374755859375,64.77490915336882,64.00324864400132,64.32971626118017,2169100
2018-11-27,65.16815948486328,65.29429483218199,64.20358241049725,64.5671513307712,2383400
2018-11-28,64.99750518798828,65.20525886866164,64.48554237800415,65.07170212239116,2950200
2018-11-29,64.99750518798828,65.33881561493212,64.29262581986607,65.00492657968755,2940100
2018-11-30,65.71723175048828,65.83595138219201,64.70813752446107,65.13848769809165,4829300
2018-12-03,66.4963150024414,66.50373073391305,64.70071733515303,65.29430418298016,3904800
2018-12-04,66.81535339355469,67.29763624114433,66.50371724816456,66.60017834637254,5598100
2018-12-06,66.65213775634766,67.25314040309404,65.56142505605656,67.14926354219625,4758300
2018-12-07,66.77083587646484,67.1863488821851,66.19951327728613,66.74115597170889,4985100
2018-12-10,67.15666961669922,67.26796784537773,65.88788339583557,66.8969775236914,3904000
2018-12-11,67.36444091796875,67.50541908857467,66.58535877422433,67.14926579578349,4707000
2018-12-12,66.4814682006836,67.70573746231177,66.4221083873149,67.36442702673688,5225800
2018-12-13,67.446044921875,67.70573702761648,66.61502452263893,66.61502452263893,4180900
2018-12-14,67.33476257324219,67.7799499539502,66.91183371243989,67.52025778694258,3651900
2018-12-17,65.36107635498047,67.74283935472334,65.0271873083656,67.52024288307115,5527300
2018-12-18,65.04204559326172,66.20695532935729,64.73040932650598,65.6133683707285,4224100
2018-12-19,64.72298431396484,65.5317406267544,64.35199393322895,65.18300876312442,4832800
2018-12-20,65.39817810058594,66.1179002815323,64.08487475928492,64.84911397052042,4622300
2018-12-21,65.04945373535156,66.96376550963608,64.93073975399767,65.19043189526941,6798600
2018-12-24,62.259605407714844,65.58367588860771,61.77731680386024,65.04203312895636,2752700
2018-12-26,63.253849029541016,63.26868615143685,61.41373456699284,62.32637323731901,2616900
2018-12-27,63.78066635131836,63.78066635131836,62.274446292978396,63.357737538578256,3081700
2018-12-28,63.89938735961914,64.68588518168895,63.63968955570026,63.89938735961914,2447500
2018-12-31,64.03294372558594,64.2555345635793,63.29837867587469,64.06261797529376,2240100
2019-01-02,62.84574508666992,63.95130008991682,62.54895742007718,63.89194029225352,2857400
2019-01-03,62.82351303100586,63.51355540202931,62.37090428975046,62.890294246712266,2959700
2019-01-04,63.34288787841797,63.40224202605369,62.37088941205725,62.44509200311201,3278100
2019-01-07,63.075775146484375,63.35772574889071,62.57122809000891,62.95705552808404,3060200
2019-01-08,63.869693756103516,63.9364692953458,62.69736300637136,63.09803322441386,2350500
2019-01-09,62.92737579345703,63.8103345598898,62.57864398954281,63.03867402079223,3264400
2019-01-10,63.26870346069336,63.506137102025534,62.793836178029004,63.10547243172992,3758000
2019-01-11,62.77897262573242,63.22415980822395,62.48217928378401,63.22415980822395,3082400
2019-01-14,62.0740966796875,62.563800908107304,61.18371660668224,62.563800908107304,3931000
2019-01-15,63.1722526550293,63.4096863138957,61.829269052772275,62.02960140271442,2722900
2019-01-16,63.26870346069336,63.350321805607344,62.578661056061634,62.86061739698796,2279100
2019-01-17,63.54322814941406,63.63968360471073,63.0090011274493,63.28353603064331,1895700
2019-01-18,63.5135498046875,63.82518035488255,63.224177770811565,63.765826198319516,2842600
2019-01-22,63.52096939086914,64.18875316577285,62.95706246307672,63.07578209455453,2693600
2019-01-23,63.90679168701172,63.921634470174126,63.28353065490599,63.43192452135121,2629400
2019-01-24,64.32972717285156,64.38166559763505,63.33547570960659,63.98100098408457,2504400
2019-01-25,63.69904327392578,64.54490083646674,63.53580661082778,64.06261223936724,2472900
2019-01-28,63.55064010620117,64.02550724169618,63.16480702057225,63.825169307771944,2079100
2019-01-29,63.535823822021484,63.92907846276965,63.2761316335011,63.77325748879228,3625500
2019-01-30,63.84745788574219,64.2110269370101,63.26129230299966,63.33548925986955,2215100
2019-01-31,65.13107299804688,65.65046294882205,63.45419482354768,63.877123648436395,6869400
2019-02-01,65.13107299804688,65.33141098191554,64.44845202820267,65.13107299804688,3207100
2019-02-04,65.16075134277344,65.16817273555498,64.16649982288116,64.67104697560885,3301800
2019-02-05,65.6653060913086,65.77660435244985,64.85654967135387,65.22754010124827,3464300
2019-02-06,65.63563537597656,65.88049045262908,65.1533466173516,65.6282139812965,2467400
2019-02-07,66.39242553710938,66.40726265809698,65.18299355513273,65.59108514307503,2844600
2019-02-08,67.00086975097656,67.20862347310378,66.25888893717114,66.34792301187458,3716600
2019-02-11,66.9043960571289,67.26054927164783,66.55566423439625,66.83762051364221,2428100
2019-02-12,66.94890594482422,67.32731194061556,66.51855587732506,67.00084435566983,2676900
2019-02-13,66.47405242919922,66.93408253040718,66.27372011822095,66.70407031023512,5281400
2019-02-14,65.84276580810547,66.43506648505846,65.4154103475336,66.37508536635363,3987400
2019-02-15,65.6103515625,66.34510030714625,65.24297147006209,66.31510974530755,4472900
2019-02-19,65.9327392578125,66.08268633848942,65.40791303521434,65.70781291668266,4358600
2019-02-20,66.61499786376953,66.77244399549473,65.63283144772076,65.94022464200887,3471200
2019-02-21,67.1698226928711,67.22231046770301,66.1801570038405,66.21764663725902,3167800
2019-02-22,67.40975189208984,67.6946536775335,66.99738877620987,67.25229999685178,2538500
2019-02-25,67.08734130859375,67.43971747410636,66.66747924140886,67.40973263798446,2551000
2019-02-26,66.63748931884766,67.39473514068507,66.12016794917668,67.19979938335673,3234500
2019-02-27,66.9374008178711,67.04986399437573,66.3301076729068,66.52504346417383,2112500
2019-02-28,67.22230529785156,67.46971741099533,66.72746963133501,66.88491578337724,4137300
2019-03-01,67.12483215332031,67.40973960695618,66.67498520350733,67.17731420212992,5613700
2019-03-04,67.38724517822266,67.43972722919803,66.71247758571486,67.34226219741936,3104400
2019-03-05,67.12483215332031,67.43223109642967,67.04985861503721,67.22230290119124,3513400
2019-03-06,67.15482330322266,67.44722410917822,66.99737715540924,67.21480442242235,3121400
2019-03-07,67.16230773925781,67.96453644338564,66.94488051961957,67.44720941320801,3531000
2019-03-08,67.62716674804688,67.64966395949632,66.95239912754798,67.40974518506866,2443800
2019-03-11,67.74713897705078,67.82961160417241,67.3872579023277,67.67216542151719,3720200
2019-03-12,67.8595962524414,68.12950560491628,67.55969633634541,67.8296056888203,4583700
2019-03-13,67.89706420898438,68.06950847924729,67.7171265896637,67.76960863363698,4510500
2019-03-14,67.74713897705078,68.28695772907759,67.56720129974705,67.82961160417241,3600300
2019-03-15,67.96456146240234,68.24946324123019,67.65716247040909,67.81460864187568,7614200
2019-03-18,67.52220153808594,68.1594909560969,67.27478941733388,68.12200132440873,3977000
2019-03-19,66.81742858886719,67.6496478912685,66.47254579005157,67.53718474119282,4656600
2019-03-20,67.01236724853516,67.59717456025658,66.72746552239971,66.98237668997656,3838800
2019-03-21,67.40975189208984,67.65716404150247,66.88492558823212,67.02737934101164,4461100
2019-03-22,68.00202941894531,68.72928469751284,67.40973450723735,67.59717119882221,4174400
2019-03-25,68.05452728271484,68.32443663894523,67.81460849052286,68.15199804586844,3350900
2019-03-26,68.62429809570312,68.72926215094819,67.94952508333341,68.00200711095596,3342100
2019-03-27,67.83711242675781,68.6993169178225,67.64967567302796,68.66932635081183,3592200
2019-03-28,67.01236724853516,68.15198559330524,66.74245794162194,67.98704038129003,4565800
2019-03-29,67.47721862792969,67.54469310090256,66.58501801785702,66.89991605207453,5434800
2019-04-01,66.9374008178711,67.34976389168312,66.45006419976092,67.28978276819869,4555500
2019-04-02,66.82493591308594,67.17731785429994,66.46506062171626,67.17731785429994,3386400
2019-04-03,66.61499786376953,66.86991473426302,66.14265946859395,66.7274610207486,2998800
2019-04-04,66.98987579345703,67.12483044698176,65.92523670460317,66.74995704498131,4847600
2019-04-05,67.87457275390625,67.94205293625475,66.86241577958903,67.09483544299366,5433200
2019-04-08,67.5597152709961,67.94208791418717,67.21483227286723,67.85211619810788,3115500
2019-04-09,67.66466522216797,67.83710954512516,67.34227379064276,67.52221146494749,2475300
2019-04-10,67.43221282958984,68.28692351873461,67.25226952231839,67.8445700384999,3412300
2019-04-11,67.6721420288086,67.8220890880425,67.32725921647969,67.50719683158312,2424500
2019-04-12,67.8145980834961,67.82959622327124,66.88491362143864,67.25228796432908,3520900
2019-04-15,67.80711364746094,68.03203429262659,67.59718542392694,67.85209663247105,2808900
2019-04-16,66.79496002197266,67.9645692760863,66.62252140868625,67.58219668992707,3166400
2019-04-17,66.77244567871094,67.26728129384729,66.51003545255405,66.82492772394231,4518200
2019-04-18,66.83243560791016,67.21480811366403,66.68248852179063,66.96739027346361,2822400
2019-04-22,66.52505493164062,67.1473406046871,66.37510209708095,66.73498317990843,2615800
2019-04-23,66.73497772216797,66.95989837543932,66.19515900213224,66.59252397101541,2336800
2019-04-24,67.2373046875,67.46223105379771,66.63750485744954,66.93740477247478,1942400
2019-04-25,67.8145980834961,67.97204995056347,66.92989660053543,67.04235976839169,2506600
2019-04-26,67.7171401977539,68.47438617306659,67.68714963515474,68.00204196227351,1921400
2019-04-29,67.16230773925781,67.6946271859115,66.96737200439024,67.4097255119613,2370800
2019-04-30,68.3169174194336,68.39189094108283,67.0498437391431,67.24477947152157,3242700
2019-05-01,67.78460693359375,68.27193774874439,67.55218154963187,67.98703604079792,2323400
2019-05-02,67.33476257324219,68.08450942107292,67.1923145618322,67.80710674824883,2656600
2019-05-03,67.59717559814453,67.81459714083287,67.34225870653952,67.60466894781361,2988600
2019-05-06,67.08734130859375,67.79209935973269,66.95238666559034,67.61216174243272,2659600
2019-05-07,66.92239379882812,67.20729549305952,66.60000248056812,67.10233140991566,2546200
2019-05-08,65.8277816772461,66.95240205405476,65.7678005509887,66.83993887235088,2832400
2019-05-09,65.10053253173828,66.48756331958185,64.98057026765107,66.48756331958185,3165000
2019-05-10,65.97022247314453,66.03020359282938,64.81561165972596,64.94307296908487,2965400
2019-05-13,66.01521301269531,66.09768562453175,65.07802944193084,65.7527970367896,4046600
2019-05-14,65.23546600341797,65.69281197631369,64.89807653548255,65.46788566435674,4955500
2019-05-15,65.07051849365234,65.64782095101111,65.05552035599375,65.38541074312076,3653200
2019-05-16,65.35699462890625,65.71318512076593,64.96291509910819,65.1144828147372,4151900
2019-05-17,66.08452606201172,66.2664142480565,64.93259646008164,64.94775091795002,4428300
2019-05-20,65.90264892578125,66.38767256346257,65.67529734795816,66.16789532421043,3100200
2019-05-21,65.99359893798828,66.71355433849735,65.8344510846738,66.07696292523944,2728300
2019-05-22,66.54682922363281,66.69082262269762,66.04665106057065,66.22095338181255,2225700
2019-05-23,67.37287902832031,67.4410827660214,66.64534358315333,66.78175684049326,3862000
2019-05-24,67.30465698242188,67.78968052226409,67.18340398842966,67.37286648936605,1987700
2019-05-28,66.02391052246094,67.3349881110548,65.87991713638466,67.30467340967357,3837700
2019-05-29,65.03109741210938,66.3724949594483,64.97047381499281,66.23608174754834,2319000
2019-05-30,64.81892395019531,65.38731157625026,64.67493056804125,65.09175047325671,2319200
2019-05-31,64.8795394897461,65.24330425481742,64.008010826277,64.83407033959635,3182500
2019-06-03,65.19025421142578,65.28119829258185,64.61429237658054,65.20541444925344,3061800
2019-06-04,65.09932708740234,65.2963697394306,63.87160779975528,65.15995648524759,2498700
2019-06-05,66.0997085571289,66.44073890239501,64.80378515040267,65.29638903507318,2819200
2019-06-06,66.4710464477539,66.69082371975392,65.90265874559691,66.17548530518737,2985500
2019-06-07,65.9632797241211,67.14552414328571,65.89507020197192,66.66050049532392,3243300
2019-06-10,65.3948745727539,65.91021278337621,65.21299219898616,65.87989809075884,3028400
2019-06-11,64.90226745605469,65.54643873930803,64.47029322780845,65.20540858403747,2841300
2019-06-12,65.66771697998047,65.83444493891845,65.26605732359596,65.26605732359596,2893800
2019-06-13,65.7586441040039,66.26640801486225,65.41761390563855,65.8950573397374,3753100
2019-06-14,66.59229278564453,66.81964435473442,65.74349856133779,65.76623314005302,3237600
2019-06-17,66.65290832519531,67.13793188547494,66.32703257857585,66.75143253027322,2448600
2019-06-18,66.11483001708984,67.06972260188945,65.4176094296841,66.96362406823799,2532600
2019-06-19,66.42556762695312,66.78175812697665,65.69045204723442,65.85718000741035,2683200
2019-06-20,67.13035583496094,67.32739267621457,66.44828966386862,66.79689997755207,2428300
2019-06-21,67.85033416748047,67.90338345543091,66.66808958919152,67.1758478855655,6867500
2019-06-24,68.13831329345703,68.30503547827054,67.61539481263394,67.91853604473339,3305700
2019-06-25,68.29745483398438,68.72184905057964,68.03978278681043,68.13830700276115,3996800
2019-06-26,66.67565155029297,68.16103699026627,66.63775673410468,68.08524735788971,3437000
2019-06-27,67.10762786865234,67.23646099645322,66.51649994086412,66.74385728093169,2726700
2019-06-28,66.87269592285156,67.55476221735806,66.6453443459746,67.06215846121793,3875700
2019-07-01,66.69837951660156,66.87268177714294,66.11483178398696,66.69837951660156,2848000
2019-07-02,67.55477142333984,67.78970315270921,66.81208140961925,66.81965574919087,2039000
2019-07-03,68.28228759765625,68.6612126184889,67.60022140377008,67.60022140377008,1717600
2019-07-05,67.96399688720703,68.0322006205639,66.84995632021239,67.76695424316931,1744000
2019-07-08,67.94883728027344,68.25197267036049,67.49412263126898,68.13071967071305,2046900
2019-07-09,67.75180053710938,68.41112642795831,67.35014090660658,68.3959719699122,2598000
2019-07-10,67.92610168457031,68.31260685054718,67.67601554840867,68.05494059452084,2401700
2019-07-11,67.78968048095703,68.22923487052641,67.15308925352828,67.81999517492079,2379100
2019-07-12,67.22130584716797,67.89579201665747,67.02426897158837,67.89579201665747,2101400
2019-07-15,67.73663330078125,67.85031196116662,67.10762217293096,67.3046590168663,1847700
2019-07-16,67.47139739990234,67.8503224719287,66.97121931143519,67.53202679909162,1727100
2019-07-17,67.55477142333984,67.97159137732285,67.36530885915458,67.70633916191261,2102700
2019-07-18,68.04736328125,68.09283243843886,67.19099472321327,67.60780882196562,1911700
2019-07-19,67.03182220458984,68.07007866244393,67.01666775044667,67.93366544741154,2408000
2019-07-22,66.80448913574219,67.2137288937704,66.56955166717157,67.14551937646358,2160300
2019-07-23,66.44828796386719,66.87268211193955,66.21335631503236,66.82721296234227,3141800
2019-07-24,66.06936645507812,66.67564879743583,65.78138552252352,66.65290843949946,2386500
2019-07-25,65.54645538330078,66.22852164897283,65.30394357572156,65.85717670841599,2680300
2019-07-26,65.86474609375,65.99357920573003,65.37971677570545,65.55402481927703,2426000
2019-07-29,66.53166198730469,66.5998657220147,65.94811416352182,66.10726777505351,2442900
2019-07-30,66.4937744140625,66.82723034970009,65.8647631472072,66.39525597032326,2693400
2019-07-31,65.72077178955078,66.5619859935672,65.41005042503197,66.40283814171792,2824800
2019-08-01,66.3118896484375,66.70596919143838,65.46309537943985,65.78139684402517,3055000
2019-08-02,66.78176879882812,67.24405793248594,66.34979437022281,66.5695658634606,3228900
2019-08-05,65.90264892578125,67.33498525923669,65.57677312715744,67.05458440172777,3969200
2019-08-06,67.38803100585938,67.77453618441388,65.41004173823129,66.16031751694369,3943300
2019-08-07,67.3274154663086,67.8275994217324,66.56956519344007,67.38047053607056,2630100
2019-08-08,67.68360900878906,67.84275687928728,66.94849328653137,67.00912269870373,2252100
2019-08-09,68.01704406738281,68.3429198301252,67.660853607881,67.8200014294151,2355200
2019-08-12,67.82759857177734,68.20652370346325,67.42593885730047,68.1686288775192,2302000
2019-08-13,68.07007598876953,68.22922376973362,67.2970716552389,67.93366277909522,2400900
2019-08-14,67.30465698242188,68.63089448897658,67.18340398842966,68.3277591130277,3584600
2019-08-15,68.38856506347656,68.61836769009956,67.078704117622,67.17062633709591,2384800
2019-08-16,68.7638931274414,69.0473155433293,68.35025781491251,68.48047655567615,2285500
2019-08-19,69.45330047607422,69.79800438891621,68.44984116321082,68.71027866506543,2632000
2019-08-20,69.8439712524414,70.11973207933437,69.45330910698907,69.72906993388203,3611300
2019-08-21,69.8899154663086,69.92821784621033,69.00901332567277,69.30009738703153,2754400
2019-08-22,69.9511947631836,70.55633611326924,69.32307432351992,69.92821567360556,1945500
2019-08-23,69.50691223144531,70.21929322228596,69.13923511340509,70.05077210813319,3153900
2019-08-26,69.97417449951172,70.0048152339398,69.37669478847059,69.65245555420073,2037100
2019-08-27,70.58697509765625,71.11551167721676,70.21163634090006,70.2958910525568,3668000
2019-08-28,70.70186614990234,71.35296556873152,70.39546470453524,70.78612669348134,2639200
2019-08-29,71.05425262451172,71.0848933650425,70.11206884659198,71.05425262451172,2231400
2019-08-30,71.03890228271484,71.50616317067407,70.93932429699885,71.23806409826831,2157900
2019-09-03,71.75131225585938,71.78961464350274,70.72487372120406,70.85509248859337,2620200
2019-09-04,71.98108673095703,72.1419461767002,71.414247849178,71.9274669157093,2102600
2019-09-05,71.5521469116211,71.88918333379377,71.09254169608214,71.62108418747809,2721200
2019-09-06,71.82025146484375,72.22623103756021,71.52151155872697,71.7206676000558,2578000
2019-09-09,71.78961944580078,71.88153583169539,71.29937924061547,71.66705647244234,2935100
2019-09-10,71.95813751220703,72.41773695425356,71.42193329304943,71.43725658612124,3179600
2019-09-11,72.37940216064453,72.41770453205167,71.42956295978529,71.65936549998541,2756500
2019-09-12,72.73945617675781,73.30629529535001,72.51731517960536,72.89265988727192,2339400
2019-09-13,71.92747497558594,72.77007467137744,71.74363642329668,72.37941263415583,3322200
2019-09-16,71.32999420166016,71.98875533504139,71.03891016720857,71.87385405008008,2934600
2019-09-17,71.90449523925781,72.15727105483239,71.36063538738196,71.49085411724192,2615600
2019-09-18,72.20326232910156,72.5249813751745,71.63641733083094,72.226241426089,3066500
2019-09-19,72.37940216064453,72.43302197414171,71.82022494047696,72.42536617515738,2049900
2019-09-20,72.97691345214844,73.10713806502726,72.18793334906121,72.9309552617935,5069100
2019-09-23,73.07647705078125,73.32159707154703,72.83135703001547,72.99221649575654,2089100
2019-09-24,73.7505874633789,74.14891132153944,73.19140991420616,73.27567050558147,3166100
2019-09-25,73.53609466552734,74.01867318288532,73.3369327727869,73.67397507679016,2383600
2019-09-26,73.68928527832031,74.00334845691468,73.44416522063919,73.54374907927797,1986100
2019-09-27,73.73524475097656,73.88844258601522,73.2833012026038,73.75822384182008,1960700
2019-09-30,73.42884063720703,73.91141906020478,73.22201713869185,73.72758049584219,2501700
2019-10-01,73.68162536621094,73.68928116712283,72.96158268014064,73.20670272414627,2009200
2019-10-02,72.5479507446289,73.80419186057821,72.47135181690001,73.69695219293305,3044000
2019-10-03,72.8466796875,73.23734175746871,72.58624220360265,72.77008077130212,3015800
2019-10-04,74.43228149414062,74.58548513007041,73.00751982265994,73.122421088577,3129600
2019-10-07,74.24079895019531,74.4935806263755,73.84248109049646,74.11058021184401,2311700
2019-10-08,73.60499572753906,74.34801725346878,73.52839683544876,74.27141836137848,2470800
2019-10-09,73.55907440185547,73.96505399297045,73.51311621240812,73.75057465005112,2608800
2019-10-10,73.75821685791016,73.88843558977533,73.16073717606079,73.43649792831776,2382200
2019-10-11,73.51312255859375,73.99570112182192,73.11479873525127,73.75824266367978,2320000
2019-10-14,72.86963653564453,73.65862207961322,72.64749565558976,73.65862207961322,2483600
2019-10-15,72.77008819580078,73.13010956719762,72.50965068533183,72.87732785824367,1904600
2019-10-16,72.86963653564453,72.88495982068054,72.31812100088753,72.5632409643754,2617100
2019-10-17,72.90029907226562,73.23734131444473,72.72412215048848,72.85434089164944,2051700
2019-10-18,73.03817749023438,73.22201605186827,72.38707795785069,72.73177599142956,3041900
2019-10-21,73.02285766601562,73.0764774882503,72.50963853260902,72.892638932606,1550200
2019-10-22,73.01520538330078,73.23734634507551,72.83136680408562,73.15308577874292,1743700
2019-10-23,73.66629791259766,73.67395955719935,72.9768960015077,73.17605785229425,2199800
2019-10-24,73.58971405029297,73.91909470606421,73.50545347480798,73.57439660207919,1763400
2019-10-25,73.0994644165039,73.81184547066017,72.76242215824242,73.74290235232354,1818100
2019-10-28,72.0806655883789,72.96156757304578,71.91214449724522,72.79304648191209,2761600
2019-10-29,71.64404296875,71.95810605405832,71.49084516974978,71.84320478274743,2675100
2019-10-30,72.01173400878906,72.28749475346036,71.56745215969394,71.73597326411775,1831300
2019-10-31,72.20326232910156,72.34114275515059,71.68238136893018,71.92750147700352,2454100
2019-11-01,72.29515075683594,72.42537532960759,71.83555146246444,72.23387513660929,2647200
2019-11-04,71.72831726074219,72.3257969731415,71.28403537670897,72.26451550414603,3105900
2019-11-05,71.35299682617188,71.68237750151127,70.7784960559839,71.26873624568104,2626800
2019-11-06,71.51384735107422,71.76662906077146,71.27638893269862,71.39128439699435,2186900
2019-11-07,70.91635131835938,71.46787279715787,70.2805692889599,71.23807023295117,4125000
2019-11-08,68.90177917480469,70.30356223573543,68.34260178598954,70.24228076065009,6146200
2019-11-11,67.10167694091797,68.94008024973552,67.00209892888597,68.92476280331637,4871000
2019-11-12,67.09402465820312,67.49234845016078,66.81826967531745,67.25489001072853,3843000
2019-11-13,67.81405639648438,67.93661934142442,66.87953439574659,67.40807686858551,5441900
2019-11-14,68.32894897460938,68.77028019345569,67.76373240659566,67.9031004708197,3905700
2019-11-15,68.58445739746094,68.6928541233193,68.20506294977815,68.63091144934923,3567000
2019-11-18,68.63865661621094,69.46712069256012,68.46057290312119,68.832223044397,4274200
2019-11-19,67.38434600830078,67.71728051081777,66.98946882922742,67.39209031966502,16085000
2019-11-20,67.46175384521484,67.83340390066185,66.98945139694003,67.3456187408663,6414900
2019-11-21,67.09786224365234,67.79469658400029,66.91977854982652,67.7792138705788,7570900
2019-11-22,67.4695053100586,67.62435607039754,66.86557907468773,67.55467500039838,5763100
2019-11-25,67.82566833496094,67.87986669303623,67.15206101419338,67.5159609000258,6254300
2019-11-26,68.29022979736328,68.46056919007702,67.70953054430007,67.73276347645235,6569900
2019-11-27,68.56897735595703,68.73931677710138,68.15087311510617,68.23604282567834,3229500
2019-11-29,68.2669906616211,68.85543412101012,68.00374321571222,68.75478172825271,1325600
2019-12-02,67.58565521240234,68.26700691744956,67.55468387483039,68.03473074642781,4202000
2019-12-03,68.0269775390625,68.08892020610591,67.4772496602024,67.748241444545,3954400
2019-12-04,68.87093353271484,69.00256319476478,68.01924242089432,68.01924242089432,3503600
2019-12-05,69.1341781616211,69.1728878984504,68.59993299164665,68.80124370756394,3055400
2019-12-06,69.49810028076172,69.63746836188862,68.91740092726279,69.07225172532412,2964700
2019-12-09,69.1264419555664,69.57551748711559,69.06449928076404,69.55229046085937,3798500
2019-12-10,68.94837951660156,69.25808114528202,68.77804007651936,69.1032303309418,3208900
2019-12-11,68.9096450805664,69.18838119616318,68.65413599007297,69.0490131383648,4994400
2019-12-12,69.34320068359375,69.52128430767281,68.83218864033215,68.89413128411405,5842000
2019-12-13,69.76134490966797,70.01685403227512,69.04127750507085,69.15741855236311,5092800
2019-12-16,70.06329345703125,70.2955755031084,69.25805651305572,70.26460416981958,4597500
2019-12-17,70.10977172851562,70.84532188797807,69.7768371926456,69.99363067513224,2969500
2019-12-18,70.15621185302734,70.38074960305782,69.88522005374166,70.22589292691015,4003000
2019-12-19,69.64518737792969,70.26460221209192,69.2193448482236,70.09426283733842,4867400
2019-12-20,70.16395568847656,70.38849343698645,69.49034244294687,69.85424824545677,6715300
2019-12-23,69.80003356933594,70.36524405658226,69.38192950507299,70.16393928677832,5060700
2019-12-24,69.86197662353516,70.07877001205445,69.47484388484305,69.7690626396654,804500
2019-12-26,69.98589324951172,70.09429000142113,69.64521436797929,69.68393002530976,2314000
2019-12-27,70.4349365234375,70.4504192349486,69.85423737334717,70.04005944736646,2596200
2019-12-30,70.29557800292969,70.48914441248489,70.0400689245941,70.14846564137076,2237700
2019-12-31,70.62075805664062,70.643985077318,70.16394423084627,70.3729933241199,2540700
2020-01-02,69.94715881347656,71.06210328485011,69.70713834256968,70.67497044419855,3921800
2020-01-03,69.99362182617188,70.51237843756375,69.80005539739771,69.86199807232832,2825400
2020-01-06,70.33430480957031,70.4891615191026,69.9162064617818,69.99363186295821,2410300
2020-01-07,69.89293670654297,70.37298339244333,69.56000234040712,70.37298339244333,3980900
2020-01-08,69.99362182617188,70.35752765741587,69.6529430212322,70.04007587878051,2583300
2020-01-09,70.16395568847656,70.28783512137758,69.74585152647656,69.90070229439739,2377200
2020-01-10,70.02458953857422,70.63626013069677,69.97039117761035,70.36526241869917,3225000
2020-01-13,70.64399719238281,70.88402356395909,70.07104225776567,70.07104225776567,2979000
2020-01-14,70.6904525756836,70.79884928853974,70.07103772463887,70.58205586282743,3009800
2020-01-15,71.61183166503906,71.68151864853218,70.73691356618782,70.87628162599566,2357300
2020-01-16,72.1460952758789,72.33191743394734,71.7512180212011,71.82864342813129,3244200
2020-01-17,72.56419372558594,72.71904452699167,71.99123867176942,72.11511813145812,3053500
2020-01-21,73.39264678955078,73.44684515254255,72.42481465957017,72.7809761745416,3429000
2020-01-22,73.79525756835938,74.01979531680747,73.4545846975917,73.55523710599472,3638500
2020-01-23,74.3914566040039,74.45339928333078,73.7255875691877,73.77204162509332,3824900
2020-01-24,74.54631805419922,74.80182721257242,74.18241214509433,74.27532617737,2218600
2020-01-27,74.40692138671875,74.84051413032341,74.11270259159718,74.4301484090734,2481100
2020-01-28,74.4920883178711,75.17343987950596,74.35272028172108,74.5617752895348,3696500
2020-01-29,74.91021728515625,75.17346482569934,74.45340329167993,74.60050977902722,2335700
2020-01-30,75.46766662597656,75.52960928976941,74.6469470058427,74.73211078458594,3273100
2020-01-31,75.59156036376953,75.91675645668685,75.08054805863434,75.39025552908105,3175200
2020-02-03,75.62252807617188,75.78512316124635,75.34379195685037,75.5915567398941,2666200
2020-02-04,74.7940673828125,75.89352328766967,74.75535764111335,75.52962336124014,2802600
2020-02-05,75.21215057373047,75.38248992973104,74.5617703859214,74.65467846579298,2319300
2020-02-06,75.04956817626953,75.40572965922074,74.95665417356044,75.11151084474227,1611100
2020-02-07,74.53855895996094,75.3283133097417,74.47662219123944,75.29734197179161,2747900
2020-02-10,74.5075912475586,74.64695931047684,74.1049697737154,74.60824366243013,2647800
2020-02-11,75.09600830078125,75.28957467348667,74.55402482007686,74.61596747706506,2993100
2020-02-12,75.81610107421875,76.06386587875492,75.04957963318164,75.08829528368184,4377700
2020-02-13,78.26707458496094,78.48598064039314,76.2734547884671,76.46890747578051,5132500
2020-02-14,79.18179321289062,79.56487881707102,78.25143649513831,78.30616897476399,6300400
2020-02-18,79.76033020019531,80.08869524885128,79.37724460229646,79.47106403973284,6256900
2020-02-19,79.29122161865234,80.04175900314159,79.25213467144178,79.9166724214305,2809100
2020-02-20,79.29905700683594,79.61959628193216,78.97069795486163,79.09578456120047,2711000
2020-02-21,80.08084106445312,80.5186529882315,79.19739744261746,79.22085080071415,3520000
2020-02-24,79.97924041748047,81.14413674018795,79.52578876054325,79.80724110176342,5282900
2020-02-25,77.61034393310547,80.2763212271416,77.41489126221398,80.1434148424735,4093000
2020-02-26,77.35234069824219,78.56414351846512,77.25852128133005,77.62597320830922,3152200
2020-02-27,74.26419830322266,77.63380654795304,74.24074493608232,76.68781033184894,4784000
2020-02-28,71.69205474853516,72.9429569185317,69.88607353859946,72.9429569185317,7908900
2020-03-02,75.57762908935547,75.78872129110488,71.56694286827322,71.65294251124647,6803600
2020-03-03,74.74891662597656,77.17252844486032,74.12346572089731,75.49163435660901,5060500
2020-03-04,79.47106170654297,79.50233485143696,75.5150953662211,75.59328121082729,4284200
2020-03-05,78.28267669677734,79.34593936538724,77.39923305267452,78.47031549576045,4327400
2020-03-06,77.4383544921875,77.79016693160935,74.72547032925901,76.18745256370434,5522600
2020-03-09,73.94366455078125,75.60109957678836,72.59112928518327,73.88111825722626,5616000
2020-03-10,74.31111145019531,75.5385540441248,71.46532090166144,74.77237691271532,6386600
2020-03-11,71.09786987304688,72.84130446505908,70.1987863383458,72.62239841446944,6268200
2020-03-12,62.920135498046875,67.51718083205813,59.417620506840905,66.85264284828548,7684400
2020-03-13,67.05590057373047,67.12626663782898,62.544855495597105,66.4617287411367,6156000
2020-03-16,59.871063232421875,66.18027517368506,59.41761160704057,61.99758923376944,7118500
2020-03-17,67.23571014404297,67.66570835062817,61.09849825988965,61.43467704919952,6712800
2020-03-18,61.98195266723633,64.87465589794733,60.33233157777684,63.33448783164931,6426500
2020-03-19,58.67490005493164,61.89595657588965,57.853996369201276,61.856869616648,6361700
2020-03-20,53.47585678100586,59.41761732006369,53.24131116884538,59.30034451398345,8975700
2020-03-23,50.15315628051758,53.10839969453002,48.57389835011723,51.90441053238752,7060100
2020-03-24,55.899471282958984,56.22001656877704,51.701145208525794,52.389142518674625,6516900
2020-03-25,58.40907287597656,61.41122887005706,54.87529136668318,55.65710201574951,6573700
2020-03-26,63.47521209716797,64.05375034007689,58.64362177402817,58.77652816034983,6163700
2020-03-27,62.69340896606445,65.42974672265147,60.94214850723383,61.00469480177984,5091300
2020-03-30,65.24990844726562,65.62518013954778,62.99047641208966,63.60028769289961,5300800
2020-03-31,63.23284149169922,65.64081965924291,62.94357537656181,64.39774362288743,5115500
2020-04-01,60.64506149291992,62.34940921861407,59.69907117226871,60.91869407083674,4600700
2020-04-02,62.06795883178711,62.51359074845763,59.60525362292662,59.7537995833978,3665500
2020-04-03,59.43324279785156,62.02885390893516,59.08925016897959,61.239229449582446,2907200
2020-04-06,63.52210998535156,64.09283433647539,61.30177078863176,61.46595029559416,3960100
2020-04-07,62.630859375,65.42974327881632,62.54485971571149,65.28119732827386,3522900
2020-04-08,66.84481048583984,67.68916741825166,62.568305281685305,62.935757241053885,6729500
2020-04-09,70.60531616210938,72.70838866777639,67.48589341520021,67.62661956734041,6536800
2020-04-13,68.29898071289062,70.38641377344673,67.57189655008835,70.04241516940289,3800500
2020-04-14,70.69131469726562,71.05094686602715,68.96351394605104,69.84695779769945,3812800
2020-04-15,68.439697265625,69.93295233634048,68.09569870986718,69.19023468885379,3694300
2020-04-16,68.47879791259766,69.26060863043844,68.04098581932439,68.79934316998873,2335100
2020-04-17,70.4411392211914,70.82422477418162,68.46315920720635,69.83132786119907,4299100
2020-04-20,67.743896484375,69.95642213604856,67.68916997547016,69.62805711787746,3144000
2020-04-21,66.79792785644531,67.5875526021761,65.96920421352107,66.64156209139166,3682900
2020-04-22,68.1347885131836,69.11205167038719,67.61097689246029,67.82206310993024,3089900
2020-04-23,66.54771423339844,68.94005253830258,66.3757149630279,68.39278755506992,3298100
2020-04-24,66.99336242675781,67.36862823166086,65.43755480117233,66.82136311420123,3723900
2020-04-27,67.82208251953125,68.54916675516031,67.3686308532803,67.45463051290523,2593100
2020-04-28,68.51005554199219,69.69059112871037,68.27551595860027,68.89314700159213,3135500
2020-04-29,67.72825622558594,69.38569699404664,67.58753006633228,69.22151746904105,2997600
2020-04-30,66.1880874633789,67.55625599693111,65.81281575540406,67.2357107917087,3536500
2020-05-01,64.60883331298828,65.63300338230954,64.17883505844925,65.56264328506245,3036700
2020-05-04,64.60102081298828,64.8512000170622,63.5455774821997,64.67920666061484,2947400
2020-05-05,64.99974822998047,65.58610631911169,64.74174923922443,64.75738879519064,2781000
2020-05-06,62.599578857421875,65.1795564027646,62.57612549214926,65.03101046971545,3581900
2020-05-07,62.787208557128906,63.67847218069749,62.57612231564861,63.24066014518777,3426400
2020-05-08,63.93647003173828,64.16319582192605,62.9357534162485,63.70974424155052,2875200
2020-05-11,63.8426513671875,64.31955030758935,62.80284192058146,63.678465905309885,3924200
2020-05-12,64.01466369628906,65.40629187718599,64.01466369628906,64.49156874313866,3524700
2020-05-13,64.02246856689453,64.18664807458698,63.02957174473314,63.756655830080504,3998300
2020-05-14,65.09420013427734,65.16538165812638,63.05357863597852,63.27504031156852,3649300
2020-05-15,64.21625518798828,64.69081675921585,63.40949508596142,64.44562792153012,5250700
2020-05-18,67.16643524169922,67.577726269075,65.31564372163746,65.4026473607217,6747800
2020-05-19,65.87722778320312,66.73934732029983,65.84558953857874,66.73934732029983,3020800
2020-05-20,65.8930435180664,66.50997419883014,65.75858550495187,66.39924336045603,2710900
2020-05-21,65.1258316040039,66.25687317809366,64.86482665181244,65.69530792583623,3108000
2020-05-22,65.82977294921875,65.90095447331643,64.76991288242127,65.00719669816972,2760600
2020-05-26,65.49757385253906,66.96871901536882,65.40266515453588,66.8026227594852,3910200
2020-05-27,66.21733093261719,66.59697779684629,65.40266575064838,66.53370734239351,3606600
2020-05-28,67.8862075805664,68.09975817786618,66.97662770595038,67.1110857129309,3957600
2020-05-29,67.72801208496094,68.31331049196226,66.96871240400573,67.65683056848582,4017500
2020-06-01,69.15962219238281,69.27035303210046,67.41164989755059,67.89411653667565,2438800
2020-06-02,69.34153747558594,69.68164107885511,68.49523400248057,69.46017939009907,3446800
2020-06-03,70.57540130615234,70.90759382218974,69.60254489846784,69.86355589008784,2449600
2020-06-04,69.9505615234375,70.69403917059044,69.19126173638313,70.23529969788018,3640800
2020-06-05,70.78105163574219,72.4182933251248,70.51213556777184,70.70987010047206,3353300
2020-06-08,72.69509887695312,72.92446553748094,70.48047053843617,70.7572975721566,2771000
2020-06-09,71.43751525878906,72.03071872009467,70.33811199325287,71.97535330508126,3023400
2020-06-10,71.33470153808594,71.93581008502214,70.788952376473,71.50870886696995,2721400
2020-06-11,68.87488555908203,70.4330344540536,68.28958706823391,70.23529994523747,4974100
2020-06-12,68.60595703125,70.38556744307812,67.80711403558136,70.33811309643025,3935700
2020-06-15,68.77997589111328,69.14380669002152,66.67608370014324,67.2613761997453,4501000
2020-06-16,68.77204895019531,70.77312693397494,68.3449477884919,70.39347408155511,3865100
2020-06-17,68.18677520751953,69.09635526048503,67.60939375403659,68.81161705200228,4181800
2020-06-18,67.8387451171875,68.3212177480211,67.22972555260186,67.7517474945704,3480100
2020-06-19,64.94392395019531,68.75624512050067,64.94392395019531,68.60596495957854,8089900
2020-06-22,65.27611541748047,66.08287559681281,64.31117004404055,65.11001915335402,3878700
2020-06-23,64.73827362060547,66.04332251795564,64.4535354599335,65.83767694983078,3771600
2020-06-24,63.64677810668945,64.33489026448187,63.13266722985278,64.12925074124935,3675900
2020-06-25,62.84000778198242,63.45694435435379,62.3179919553626,63.362029642978946,3984800
2020-06-26,62.428741455078125,63.21176844658182,61.360976278595174,62.76093399276109,5321500
2020-06-29,63.4727783203125,63.4727783203125,62.104452842829104,62.93494020656587,2953700
2020-06-30,63.18803405761719,63.65469059865822,62.42873432913578,63.34621923815912,4890000
2020-07-01,64.8015365600586,65.1574561692959,63.08520291967794,63.251299139613806,2835800
2020-07-02,64.73036193847656,65.58457641240881,64.41399157128207,65.36311474162147,2819700
2020-07-06,63.12476348876953,64.74618889601206,62.57902034067909,63.67051267123838,5997800
2020-07-07,63.9235954284668,64.20833353112714,62.60273069546709,62.64227396649521,4129600
2020-07-08,64.41399383544922,64.81736787811428,63.536052156555336,63.95524833876305,3434200
2020-07-09,63.069393157958984,64.3269876904638,62.57110440038798,64.3269876904638,3457400
2020-07-10,64.31907653808594,64.52472210329783,63.08521521557041,63.10894238956064,2545700
2020-07-13,64.3981704711914,64.83318878466866,64.03433971554591,64.18461986645225,2205100
2020-07-14,64.61172485351562,65.22865550607811,64.37444104820182,64.39816822185763,4218200
2020-07-15,63.615150451660156,65.36312289631165,63.52814677951372,65.23657594052148,4501700
2020-07-16,64.12134552001953,64.33489613189171,63.61514566618052,63.82869627805269,2874300
2020-07-17,65.17328643798828,65.35519878207614,64.42980285507916,64.61172123354453,4603000
2020-07-20,64.14507293701172,65.03883677167217,64.02643102580089,64.89646768509482,3271400
2020-07-21,65.11792755126953,65.4817583102899,64.14507114773174,64.46144755734278,3892800
2020-07-22,66.55743408203125,66.84217224553082,64.47726327455503,64.85691617068048,3763300
2020-07-23,66.43087768554688,66.74725407696903,66.02750367000195,66.48624310146742,2373100
2020-07-24,65.48175048828125,67.15062996610777,65.34729249143089,66.71561170055966,2953100
2020-07-27,64.29532623291016,65.36309091897213,64.13713507259031,65.25236012393613,4198700
2020-07-28,66.9133529663086,67.21391326549504,64.23207365417592,64.26371189800491,4851400
2020-07-29,67.20599365234375,67.26927013195768,66.3122299723344,66.85797904884437,2501600
2020-07-30,66.88961791992188,66.89752898854258,66.03540354020389,66.68397237642444,2828600
2020-07-31,67.02409362792969,67.07945905415222,66.12242466694606,66.47835043641574,3292100
2020-08-03,66.28850555419922,67.0319891345985,65.7348514205258,66.96871265235654,2552200
2020-08-04,66.98453521728516,67.20599687216685,65.91676418436947,66.04331714966045,3234500
2020-08-05,66.05123138427734,67.11899643399117,65.869312996547,67.00826560124322,2861400
2020-08-06,66.6048812866211,66.74725035309932,65.38683616994682,65.8613977134151,3036300
2020-08-07,68.50312805175781,68.56640452835974,66.18567989701023,66.27268354374365,4289500
2020-08-10,67.03990936279297,68.97770512977854,66.85799096008714,68.96188902424592,4323300
2020-08-11,66.17776489257812,67.30089513076227,66.01957974485912,67.22180255690276,4546200
2020-08-12,66.69188690185547,67.05571763036163,66.30432900063462,66.45460310595347,3397100
2020-08-13,66.1998291015625,66.59187987197342,65.60776077449145,66.43185728071252,3219200
2020-08-14,65.72777557373047,66.32784655078052,65.55175377711777,66.13582554731104,2016100
2020-08-17,66.08781433105469,66.49586429607012,65.33572953982012,65.83978695243624,3849500
2020-08-18,65.33570861816406,66.2238077452728,65.20769059004012,66.06379131435342,2606900
2020-08-19,65.33570861816406,65.7597576539124,65.17568608300913,65.51172425048115,2623100
2020-08-20,64.83966064453125,65.29571427684071,64.4556125890006,65.01568241563959,2715200
2020-08-21,64.80764770507812,65.07168032741174,64.23157874879968,64.96766414660615,3911100
2020-08-24,65.18370056152344,65.33572047144135,64.40760791187024,65.11168888158039,2679100
2020-08-25,64.68766021728516,65.20772303287357,64.3516218826238,65.20772303287357,2769200
2020-08-26,63.64754104614258,64.50364220117804,63.45551390734384,64.34361958551243,3367900
2020-08-27,63.64754104614258,64.30361850977499,63.38350830847329,63.75155116814625,2932800
2020-08-28,63.775550842285156,63.999576392277966,63.16747713213436,63.943570004779765,3190500
2020-08-31,64.27960968017578,65.23172439188599,63.69554392745834,63.76754952536656,3569300
2020-09-01,63.3754997253418,64.15159255209078,63.183478708737724,63.87955718301678,3194100
2020-09-02,65.18370056152344,65.52774144422835,63.19146694523695,63.39948712232427,3626200
2020-09-03,64.919677734375,66.1678234027522,64.27959958922703,65.4637423264795,3134800
2020-09-04,64.7836685180664,65.46374778888459,63.95156930163732,64.98369219208575,2820200
2020-09-08,64.59164428710938,64.99968816675944,63.51151161774514,64.85567088446007,3252000
2020-09-09,66.0798110961914,67.11993653381923,65.48774279230844,65.94379647712488,4411100
2020-09-10,65.6077651977539,66.19183701281818,65.13571225624338,65.78378700788939,3591200
2020-09-11,66.43184661865234,66.73588644113194,65.40772661590081,65.6637566165887,3196800
2020-09-14,67.51200103759766,67.96005830310075,66.87192882211207,66.87192882211207,3438100
2020-09-15,67.5679931640625,68.70413224686152,67.1519466170676,67.96004395161616,2582500
2020-09-16,67.88004302978516,68.39210934128026,67.66402010969622,68.00806113371873,2904600
2020-09-17,67.6880111694336,67.83202846124202,66.9199209812014,67.4079792420945,3355800
2020-09-18,66.36784362792969,67.8000136728508,66.32784256107504,67.36796186285471,5035900
2020-09-21,66.06380462646484,66.06380462646484,64.94367107161133,65.64775815969817,3001600
2020-09-22,66.1598129272461,67.21593737149767,65.81577206487887,65.9357874548649,2703700
2020-09-23,65.0317153930664,66.51188980317349,64.9917143088278,66.32787138634802,2322700
2020-09-24,65.34374237060547,65.93581693142666,64.33562729421293,64.991704801301,2582300
2020-09-25,65.98381042480469,66.0798178814217,64.76766307092569,65.03169578509866,3854600
2020-09-28,66.30384063720703,67.27195435518746,66.13582150640751,66.38384887507766,2424600
2020-09-29,65.935791015625,66.7278828655303,65.63975385157065,66.46385021414966,2126100
2020-09-30,70.85637664794922,71.60046487878554,69.15217732762488,70.40832562008647,18804900
2020-10-01,72.04852294921875,72.29655032798192,70.08828746831496,70.43232839897236,6249600
2020-10-02,73.2726821899414,73.7287359751801,70.96040873970189,71.3844580008945,5925200
2020-10-05,73.40068054199219,73.72872227432606,71.92850933487597,72.79261301082906,3038400
2020-10-06,72.62458038330078,73.66470575096139,72.37655302354172,73.38467387635647,2993500
2020-10-07,73.04865264892578,73.7127266479521,72.56859091860906,73.2966800664812,2480000
2020-10-08,74.52882385253906,74.75284939584886,72.72861074549338,73.20066369686212,3253300
2020-10-09,74.64881896972656,75.14487365087561,73.64069819488844,74.52080092024515,3686800
2020-10-12,74.496826171875,75.08889460559242,74.08077346389287,74.560835219909,3131600
2020-10-13,74.34480285644531,74.61683824620356,73.04865326551732,74.12077730266707,2544400
2020-10-14,74.144775390625,74.80885546565817,73.61671605565952,74.28079002645448,2420700
2020-10-15,73.57670593261719,74.26478784474926,72.60859210374251,72.8646221567983,2170600
2020-10-16,73.90478515625,74.45684661369691,73.39272479048532,73.75276513683075,2811200
2020-10-19,73.66472625732422,74.30480452394852,73.40869617152225,73.70473343807777,2284000
2020-10-20,73.6567153930664,74.24878986020506,73.44869516819526,73.69672256936212,2243100
2020-10-21,74.01676177978516,74.3928072622808,73.25666815867493,73.57670725681407,2233300
2020-10-22,75.12088012695312,75.1368854370323,73.65670557080843,74.0807547243478,4162200
2020-10-23,74.23278045654297,75.50493412092574,72.78461109717938,75.20889690367294,4532000
2020-10-26,74.55281066894531,74.80884068165422,73.18464971625986,73.56069513272791,2711800
2020-10-27,74.4568099975586,75.16089723241198,74.10477248436995,74.66483632642328,2275900
2020-10-28,72.79263305664062,74.48082759552538,72.67261760677961,73.44070793995503,3658800
2020-10-29,73.80072784423828,74.56082141436711,71.70448379529154,72.5845866779649,3424900
2020-10-30,73.69671630859375,74.40880003564968,72.99263523696473,73.3366761694711,3304800
2020-11-02,75.06486511230469,75.36889882221355,73.80871700207568,74.3527815016534,2929900
2020-11-03,76.42504119873047,77.25714039899425,75.55294092698279,75.89698188378186,3512400
2020-11-04,74.84886169433594,77.39316308680473,74.84886169433594,76.06500295357019,2883700
2020-11-05,75.38491821289062,77.57717582473168,75.18489455221292,75.86497377766958,2531900
2020-11-06,74.7608642578125,76.43305955355157,74.68084988993432,75.60896284001592,2380500
2020-11-09,76.32904815673828,79.11337475237798,76.09701992306178,77.45717869510841,4148100
2020-11-10,77.72119903564453,77.82520914960858,75.44893300697889,76.5850660213117,3146100
2020-11-11,77.85722351074219,78.93735638073834,77.64120059928632,78.15326078607846,2704500
2020-11-12,76.16423797607422,77.50570125418619,75.63896613626677,77.17437375825027,3119000
2020-11-13,76.75414276123047,77.06122175056375,76.44705760651905,76.53595002863256,1887300
2020-11-16,76.77840423583984,77.61883796810636,76.34202482685264,77.61883796810636,2842900
2020-11-17,75.08944702148438,76.77031433073246,75.01672020939513,76.20464079655238,3178500
2020-11-18,73.96615600585938,75.92985953545642,73.90958866819105,75.63085722756527,2948800
2020-11-19,74.10354614257812,74.15203684448507,72.73784698553985,73.81262659265055,3368600
2020-11-20,74.81468963623047,74.89549925663984,73.84495569518153,74.10355017971881,4213800
2020-11-23,75.4207534790039,75.50156308060036,74.35405070794951,74.76618152570464,3795700
2020-11-24,77.78852081298828,77.8450881576475,75.88138438536606,76.3420059534134,4350900
2020-11-25,77.69963836669922,77.77236517686518,76.641011973045,77.53801295736551,1959300
2020-11-27,76.44705963134766,77.69963021948477,76.04300539844901,77.69963021948477,1293800
2020-11-30,74.87934875488281,76.16423851959782,74.29750955373656,76.06726326428024,5012200
2020-12-01,75.36421203613281,76.47939971824277,75.29147905394112,75.60664092421958,2947300
2020-12-02,75.85716247558594,75.88948756197718,74.27327023469373,75.23491535196911,2173900
2020-12-03,74.62881469726562,75.71975988006395,74.42678758321489,75.54198119861702,2286100
2020-12-04,73.65908813476562,74.88741029408439,72.8428968552978,74.50759832743961,3172200
2020-12-07,74.24093627929688,74.59649985636446,73.17423321733597,73.29544457009817,2030700
2020-12-08,73.95001220703125,74.36214311213047,73.05301125883861,73.80455242717896,2409300
2020-12-09,73.8530502319336,74.1358870309597,72.96413193554594,73.93385986517251,2998200
2020-12-10,74.15202331542969,74.40253492895867,73.40048230946536,74.09545597800775,3628500
2020-12-11,73.97425079345703,74.25708752759529,73.45706186092467,73.73989859506293,3225100
2020-12-14,73.64291381835938,76.02683721814329,73.61867155362768,74.65304928469723,3684200
2020-12-15,74.43486785888672,75.02478355921096,73.45705740003005,73.74797692758486,4059600
2020-12-16,73.22271728515625,75.13793679634776,73.21463447323133,74.6611495388416,4057900
2020-12-17,73.95808410644531,74.20860192339946,73.53787041682989,73.78838206840572,4309900
2020-12-18,72.98836517333984,74.022743147658,72.9237150086002,73.90152563011593,7342800
2020-12-21,72.00247955322266,72.72977857201879,71.2590210741776,72.57623595544524,4682100
2020-12-22,72.34996032714844,72.38228541025927,71.59841909961452,71.99439057830855,2831600
2020-12-23,71.95397186279297,73.33583647133308,71.93780624236406,72.7135957231304,1956500
2020-12-24,72.46306610107422,72.50347398017281,71.76001586162187,72.0994198506938,733500
2020-12-28,72.93180084228516,73.2631283262693,72.51158708482504,72.85907402797409,1473400
2020-12-29,72.61663818359375,73.5702065636902,72.47117839119329,73.15806945765905,2044400
2020-12-30,73.18231201171875,73.60253193155742,72.66512300682443,72.66512300682443,1838700
2020-12-31,73.99040222167969,74.05505237257576,72.947941658647,73.22270171726645,1638800
2021-01-04,72.49542236328125,74.45104371169818,72.08328524758036,74.16820693244439,2683700
2021-01-05,72.5277328491211,72.88330253740268,71.95397659372551,72.56005792672651,2547400
2021-01-06,73.46515655517578,74.1601242863089,72.6247228625239,72.68936686551297,2823000
2021-01-07,72.64086151123047,73.9095914164343,72.51964402161174,73.65907979249917,2989500
2021-01-08,72.7701644897461,73.05300119901653,72.26105224768145,72.68934871677352,2752100
2021-01-11,72.15602111816406,73.06918166072282,71.54185682620067,72.43885790874602,2193700
2021-01-12,71.8651123046875,72.37421860417204,70.80649180154862,72.03481440451567,2860700
2021-01-13,73.99040222167969,74.6449742100914,71.88123883037271,71.90548726099205,3592500
2021-01-14,74.07123565673828,74.31366453234392,72.99644976195363,73.99041986615721,3097300
2021-01-15,74.43486785888672,74.65305442186381,73.21462240527502,73.46514021062269,2914600
2021-01-19,73.0368423461914,75.11368089725185,73.01260007820439,74.82276135065068,2486200
2021-01-20,73.36009216308594,73.70757908137222,72.32571421992087,72.97220351708847,2331300
2021-01-21,72.87523651123047,73.35201764362165,72.56815745131985,73.13383102625508,2254700
2021-01-22,72.96412658691406,73.27120563686344,72.2933949659774,72.58431455661548,1917500
2021-01-25,75.08135223388672,75.21064636815427,72.56005187920432,72.73783670852762,3469200
2021-01-26,75.08944702148438,75.51774357813201,74.2328539081891,74.98439512667355,2261500
2021-01-27,74.11164093017578,76.09151075187161,73.80456187357449,74.62882995465138,3002300
2021-01-28,73.92577362060547,75.71976944098095,73.90152518493989,74.47528768682416,2001000
2021-01-29,75.96219635009766,76.430900743438,73.57827882441083,74.3540622175026,4967400
2021-02-01,75.28338623046875,76.28543898308244,75.06519349615672,76.00260225839851,2570900
2021-02-02,75.23490905761719,76.72990872720278,74.9035877392408,75.22682624535065,2240700
2021-02-03,75.4692611694336,75.64704604673683,74.76620447247423,74.94398934977747,2577200
2021-02-04,76.24503326416016,76.34200850054499,75.40459971162662,75.69551925540277,2375800
2021-02-05,76.56021118164062,77.13396757885062,75.98645478443065,76.34202456059782,2465900
2021-02-08,75.63896179199219,76.51172053735705,75.17025733629114,76.45515318341928,2087100
2021-02-09,75.4126968383789,76.01069549615853,74.9844002524538,75.64704908009595,1932900
2021-02-10,75.71977233886719,76.11574998663245,75.00055618773823,75.77633969349377,2356700
2021-02-11,73.82954406738281,75.7891881948422,73.77238806585235,75.6912038081313,3633400
2021-02-12,73.33961486816406,73.80502967817756,72.79254953928658,73.42126538702804,2742400
2021-02-16,72.16382598876953,73.64988782808271,71.87804606381222,73.19263994815101,2931600
2021-02-17,72.83338165283203,73.13549546646861,71.76374538137902,72.31897770699949,3772600
2021-02-18,73.10284423828125,73.87037303303887,72.75174130339606,72.84155876786927,3658400
2021-02-19,72.20467376708984,73.02935854034452,72.03320576603355,73.02935854034452,3537300
2021-02-22,72.13934326171875,72.3761341610142,71.10236844159768,71.96787527868469,2981400
2021-02-23,72.7027359008789,73.51925359128023,72.07401379072995,72.98851584661226,2640200
2021-02-24,71.31465148925781,72.661906912988,71.30649079768811,72.62108476653287,2886400
2021-02-25,71.1350326538086,72.47412134133099,70.79209044492688,71.24117772469079,3423000
2021-02-26,69.88573455810547,72.37611559323346,69.86124002817544,71.31464027967918,3877300
2021-03-01,71.0697250366211,71.88624300869229,70.22054559812253,70.22054559812253,2828000
2021-03-02,71.2330093383789,71.7474195263604,70.58795954503798,71.08603588888937,2427600
2021-03-03,71.25748443603516,71.41262476526754,70.05720886043083,70.94721000710497,2724700
2021-03-04,70.59612274169922,72.48227671933438,70.22869225213309,71.28200087963488,4197300
2021-03-05,72.28630065917969,72.67006492009,70.36748558416292,70.83290035750345,3788000
2021-03-08,73.6662368774414,74.4909215993166,72.31081433991312,72.6700841651927,3740800
2021-03-09,74.26229095458984,74.68688369647965,73.31513355186159,73.66623645285122,3228200
2021-03-10,74.13165283203125,74.87468080092077,73.97651245443976,74.26229244247419,4227800
2021-03-11,74.05000305175781,75.36459723965511,73.71522775554976,74.03366920682559,3565200
2021-03-12,74.62972259521484,75.07880361397159,74.0499957480326,74.31128117534763,3462300
2021-03-15,75.38908386230469,75.56871876047946,74.73586718340299,75.0216471443465,4261000
2021-03-16,75.95246887207031,76.24641572369806,74.9644832655852,75.27476395871187,3140100
2021-03-17,74.99713134765625,76.18924615358632,74.69502385867769,75.9034662736603,4138400
2021-03-18,75.38908386230469,75.65853620956683,74.53990467154685,74.97265807376645,3471800
2021-03-19,75.70751953125,76.22192342188676,74.79301749613808,75.5033901132859,11280800
2021-03-22,76.03412628173828,76.13210441344276,75.2012747850382,75.70751797380757,4107800
2021-03-23,76.76898956298828,77.23440439159106,75.65036432784828,75.9279773489811,3852900
2021-03-24,77.07111358642578,77.67533500586727,76.26276271978442,76.36890778969527,3024300
2021-03-25,78.00194549560547,78.30405932833767,77.07928261171988,77.54469751485318,2622900
2021-03-26,78.24689483642578,78.34487297621553,77.40588257903926,77.83863597520624,6036000
2021-03-29,79.6758041381836,79.95341718509022,77.83047226506132,78.21423660716785,4941200
2021-03-30,78.58167266845703,79.72479885386785,78.02644030580242,79.68397047135667,3275100
2021-03-31,78.81845092773438,79.03074726954249,78.255051733124,78.31221395127686,3480700
2021-04-01,78.61434173583984,78.81847120907562,77.8468129230214,78.73682066568875,2876100
2021-04-05,79.14508056640625,79.74114137643774,78.52452521601707,78.67149868770036,2839800
2021-04-06,79.6676254272461,79.69211995957953,78.44284897429291,79.00624813610264,3634300
2021-04-07,79.87177276611328,80.05957460538701,79.48800839464619,79.77378838524831,2549200
2021-04-08,79.70846557617188,80.14121899008711,79.50433613719026,79.96158408705752,4922400
2021-04-09,79.64314270019531,80.62296151597961,79.56149217046931,80.01874012056383,2028700
2021-04-12,79.72477722167969,80.10854148682415,79.25936244320414,79.31651842548938,3784600
2021-04-13,80.427001953125,80.71278193243188,79.0470849007822,79.300209650628,3661300
2021-04-14,80.66378784179688,80.74543836944395,80.04323261851444,80.25552897402558,3604100
2021-04-15,81.44764709472656,81.56195908351417,80.62296240744216,80.704612938071,3271600
2021-04-16,82.19884490966797,82.57444234774184,81.44765003352023,81.52930056709518,3820900
2021-04-19,81.81507110595703,82.26415833308842,81.37415702963709,82.20700234322948,3491600
2021-04-20,82.80307006835938,83.1460060367638,81.70076609493111,81.85590646472482,3171600
2021-04-21,82.54177856445312,82.9990327527644,82.11719206409573,82.77040877337687,3741900
2021-04-22,81.71709442138672,82.63975719680656,81.68443296523878,82.63975719680656,3866800
2021-04-23,81.52928924560547,82.02736552964505,81.19452023557466,81.72525174488047,2849400
2021-04-26,80.9985580444336,81.60278566273203,80.84342390852326,81.60278566273203,2749800
2021-04-27,80.51680755615234,80.95772784341068,80.29634429775547,80.80258749339328,3441300
2021-04-28,80.4841537475586,80.96590245570171,80.07589487570742,80.7454391763619,2514600
2021-04-29,81.28433227539062,81.34964895111658,80.49230918032177,80.57395969713055,2172000
2021-04-30,82.21517944335938,82.23150705839669,81.05571943054372,81.53746817288653,2574800
2021-05-03,82.23150634765625,83.20316451669412,81.96205398034611,82.32132380342628,3572100
2021-05-04,82.28865814208984,82.5336159597789,81.74159274272517,82.23150214856722,3096400
2021-05-05,81.12919616699219,82.19067162951106,80.54946936899772,82.0600258121704,3582200
2021-05-06,82.09268188476562,82.25598291620051,81.12102392798346,81.45579914082053,2051600
2021-05-07,82.35398864746094,82.81940356033564,81.80692319767668,81.97022427149577,4544800
2021-05-10,84.7055435180664,88.1839106259141,82.51727585705675,82.69691074579819,8173900
2021-05-11,84.61573791503906,85.40776118285379,83.87270995162392,85.0648251997391,4487600
2021-05-12,82.64793395996094,84.68106156837254,82.59077796227986,84.55858265061694,4477600
2021-05-13,84.91083526611328,85.39721470159135,82.6437984022122,82.76745621632453,3318200
2021-05-14,84.96029663085938,85.59507048051056,84.59757500627073,85.16639089304523,2409600
2021-05-17,84.45742797851562,89.03272321509026,84.3997218354191,85.05098047293589,5583000
2021-05-18,84.49041748046875,85.00153360877019,84.05349857071862,84.2513473376906,4857100
2021-05-19,83.39398956298828,84.38323955660815,82.53663663341864,84.25133620305985,4371600
2021-05-20,84.3090591430664,84.72949330438365,83.41873648724662,83.51765773261586,3110200
2021-05-21,84.7954330444336,84.96855148893223,84.0205165209172,84.52338707900782,4136400
2021-05-24,84.34201049804688,85.33126669098908,84.2183589772394,84.98502356423568,2726500
2021-05-25,83.51764678955078,84.3008088532714,83.09721897282024,84.18539655579653,3015000
2021-05-26,83.35276794433594,83.76495648869938,83.08072199557652,83.50940160383342,2607800
2021-05-27,82.4459457397461,83.5588534346636,82.35526376635677,83.5176320687603,4251100
2021-05-28,82.61907196044922,83.07247558073138,82.42946246467807,82.74272978034362,2271200
2021-06-01,82.50366973876953,83.0560009402573,82.0914811484953,82.88288248708197,2816100
2021-06-02,82.998291015625,83.48467051107562,82.20688971301993,82.77571195437608,1889900
2021-06-03,83.81441497802734,84.1029456938725,82.58609490800201,82.63555551943321,3401900
2021-06-04,83.65779113769531,84.1606553839338,83.58359392792363,84.06173415690243,2771400
2021-06-07,83.9710464477539,84.25957715608848,83.63304883977787,83.71549157601439,3335100
2021-06-08,82.92408752441406,84.20187451523293,82.80043599391378,84.20187451523293,3147900
2021-06-09,83.5835952758789,83.64954695462886,82.79219399937422,82.9488276640308,1584800
2021-06-10,83.8473892211914,83.97104703691605,83.38574008461704,83.57534328449675,1783900
2021-06-11,84.02875518798828,84.13592194311302,83.3774965464658,83.69900310133795,1909000
2021-06-14,84.52338409423828,84.53987515855967,83.88861648682544,84.02875908606619,2003300
2021-06-15,85.09221649169922,85.33128663697156,84.26783928296662,84.58110035806537,2738600
2021-06-16,83.9298324584961,85.65278390745259,83.863887069006,85.50439577447786,3865400
2021-06-17,84.4327163696289,85.0509993066464,83.66604527614724,83.93809127791476,3998700
2021-06-18,82.1162109375,84.29256617720385,82.03377447786703,84.144178034065,5190400
2021-06-21,83.51764678955078,83.72374107639854,82.2398659847937,82.5119056634139,3566100
2021-06-22,82.76746368408203,83.64954694640663,82.66853616596683,83.13018533817461,2562000
2021-06-23,81.80294036865234,83.1961333561911,81.67928254882399,82.5613657723359,3997300
2021-06-24,81.67102813720703,81.99253466010586,81.36600638672726,81.80293147454876,2448600
2021-06-25,82.20689392089844,82.29757591443743,81.57211996612543,81.9101176310433,3236200
2021-06-28,82.4459457397461,83.03949818756807,82.14092398475496,82.43770020866596,3192800
2021-06-29,80.88787841796875,82.63555373885762,80.52515050329473,82.23985627693845,2669200
2021-06-30,81.38251495361328,81.57211817995308,80.52516194497164,80.92910499584652,2493300
2021-07-01,82.0667495727539,82.33055001487787,81.077493197665,81.58036377319799,2406900
2021-07-02,82.03376770019531,82.22337091273617,81.76172174533423,82.22337091273617,1779300
2021-07-06,82.29756164550781,82.34702225540849,81.11870222339279,82.09970662690974,3258100
2021-07-07,82.74274444580078,82.89937184189647,81.76173353412669,82.39650123082815,2044400
2021-07-08,82.89935302734375,83.26208093713488,82.31404608440658,82.46243420300317,2386200
2021-07-09,82.98180389404297,83.29506493533255,82.35527552196554,83.220867724015,2676300
2021-07-12,83.69901275634766,83.78969474787448,82.3223043969841,82.6190806802539,2509100
2021-07-13,83.69901275634766,83.96281319819876,83.2373635554829,83.64130660623957,2774400
2021-07-14,84.66352081298828,84.94381228149975,82.90759995461433,83.67427086535463,2692900
2021-07-15,85.6857681274414,85.73522874677106,84.53163879025817,84.53163879025817,2869100
2021-07-16,86.36174011230469,86.8728498497006,85.57857815386303,85.81764824920853,2758800
2021-07-19,85.64453887939453,86.93881071204417,84.6965039292248,86.07321850584441,5548800
2021-07-20,85.5208740234375,86.90582772901736,85.26531914873156,85.80116549300016,2411400
2021-07-21,85.0427474975586,85.81765772060166,85.00977165771658,85.66926958606177,2078100
2021-07-22,84.84488677978516,85.71048522158246,84.71298971874342,85.05098104787994,2948600
2021-07-23,86.12267303466797,86.22159425724423,84.96029835341386,84.96029835341386,1896100
2021-07-26,86.21334838867188,86.60080658597654,85.69398685207311,86.22983316133494,3170100
2021-07-27,87.68074798583984,87.94454840363241,85.7764389164466,86.04023933423916,2036000
2021-07-28,87.09544372558594,87.71372656373799,86.35350306190381,87.5983142704428,2144700
2021-07-29,87.12017822265625,87.43343927816622,86.53487119579631,87.30978773618767,1477900
2021-07-30,86.6502685546875,87.96927052086225,86.46065907384794,87.12016320168405,2567700
2021-08-02,87.54061126708984,87.92806953256387,86.69150381185875,86.88110703358105,3392300
2021-08-03,87.88683319091797,88.66998883151493,87.36747794089553,87.72196030537043,2398900
2021-08-04,87.98577117919922,88.2083502301578,86.86461781330091,87.62304324037972,2261800
2021-08-05,88.97502136230469,89.03272750818377,87.65601924971271,88.0022561249872,2843600
2021-08-06,88.17537689208984,89.0821904753599,88.10942521234335,88.55458961638465,2617800
2021-08-09,87.50762176513672,88.21658650415355,86.9470451410187,87.96102535157934,2435800
2021-08-10,88.12592315673828,88.40620838329431,87.38398242541518,87.79617102176148,2022100
2021-08-11,88.32376098632812,88.87609212756688,88.18361839040153,88.4391732758557,2510400
2021-08-12,87.93685913085938,88.61079838302173,87.75381233450499,88.02006048887773,2227000
2021-08-13,88.19480895996094,88.43609740659441,87.80375548948112,88.1781712230262,2010900
2021-08-16,89.70075988769531,90.17501465923168,88.32792147125562,88.4693644290446,3286700
2021-08-17,89.61756896972656,90.05854197651546,88.81882433232173,89.68413260980816,2151900
2021-08-18,89.06844329833984,89.72573867625748,88.66906776764152,89.66749707259926,2834100
2021-08-19,88.9269790649414,90.04189773829397,88.77721405950174,89.07674407038107,2464600
2021-08-20,89.2015609741211,89.30972213470551,87.89527961321119,88.38617855278952,2569100
2021-08-23,88.05335998535156,89.41788284403015,87.92855474933113,89.0767489554315,2712700
2021-08-24,87.48757934570312,88.33624350117306,86.85523748900802,88.2197603101842,3730600
2021-08-25,87.67894744873047,88.16152432660718,86.88852483844065,87.4709408304586,2357900
2021-08-26,87.23796844482422,87.84535052153933,87.21300866800239,87.69558551275053,2495800
2021-08-27,87.08820343017578,87.6373439116504,86.95508250451569,87.42933730767204,1724400
2021-08-30,87.18806457519531,87.49591668971146,86.8136488119418,86.94677610941655,1947800
2021-08-31,87.07988739013672,87.87863198449391,86.86355874545943,87.22964605046204,3069300
2021-09-01,88.29464721679688,88.51096951858011,87.0882050821231,87.27957395447062,2499500
2021-09-02,88.73561096191406,88.98521505669436,88.19479256810423,88.36119529795776,2792500
2021-09-03,87.92855072021484,88.72729530714383,87.75382593693578,88.5192887059272,3043700
2021-09-07,85.8651123046875,87.85365466969571,85.84015253114582,87.79541308214615,4472500
2021-09-08,87.63733673095703,87.9035849083196,85.4574254146492,85.92335813806936,3616300
2021-09-09,87.0466079711914,87.65398371433353,86.97172229110687,87.43765506369348,2317700
2021-09-10,85.8651123046875,87.18803743310887,85.82351479807036,87.07155425800975,2391700
2021-09-13,85.47406768798828,86.71378514249179,85.3243026946494,86.514100600659,2801100
2021-09-14,84.54220581054688,86.12305729245153,84.43404466019503,85.69872203700403,3421700
2021-09-15,84.89165496826172,85.21614476557598,83.86826602222686,84.2426753736332,2795800
2021-09-16,84.37580871582031,85.54064071411771,84.26764121036534,85.27439249338425,3219100
2021-09-17,82.9280776977539,84.51725132075245,82.84487631936605,84.03467443910132,6699200
2021-09-20,82.90311431884766,83.46057051248211,81.97956445877483,82.61190633320713,4907800
2021-09-21,82.30406188964844,83.59370553564952,82.22918254977075,83.13608841020175,3274900
2021-09-22,81.98789978027344,82.75336270875651,81.68836970428285,82.57863788907183,2732900
2021-09-23,81.87140655517578,82.74503054676454,81.7049974511649,82.04613135349354,2419900
2021-09-24,81.92131805419922,82.4371767041028,81.44706326317053,81.7465932730684,3010800
2021-09-27,81.23074340820312,82.83655477743369,81.12258225043153,81.91300487167703,2772800
2021-09-28,80.74816131591797,81.42210064070032,80.35710790845157,81.08096678385265,3126800
2021-09-29,81.82147216796875,82.39557240853993,80.66495599338158,80.74816371069038,3299000
2021-09-30,81.19744873046875,82.12099848999279,81.17248895553956,81.97123349256032,2962300
2021-10-01,81.92131805419922,82.27076761646086,81.21409688832944,81.7049894141935,4598500
2021-10-04,83.83496856689453,84.05961286626678,81.96290946331808,82.08771467312785,4645600
2021-10-05,83.34407806396484,84.01802372488072,83.16103125107058,83.93481601148711,3411500
2021-10-06,84.74189758300781,84.79182348944997,82.578629956981,83.14440822974417,2794800
2021-10-07,84.00138854980469,85.33262958311025,83.91818717544646,84.80013316978803,2020000
2021-10-08,83.64362335205078,84.30092505132976,83.54378423429499,84.03467682421687,1745000
2021-10-11,82.96135711669922,83.81002765611525,82.66182708488864,83.35241056644405,1659700
2021-10-12,83.05287170410156,83.6685694383117,82.85318715341184,83.0778314794556,2426000
2021-10-13,83.7850570678711,83.82666092757378,82.41221856769083,83.06951384641752,1798800
2021-10-14,84.57549285888672,84.77517743644395,83.83498980041443,84.12619779848923,3045600
2021-10-15,83.49385833740234,84.85838129499905,83.2858517115753,84.65869671160546,2593400
2021-10-18,83.08616638183594,83.35241460658855,82.49542833153663,83.07784433947724,2057600
2021-10-19,84.14283752441406,84.21772321017997,83.3108110257525,83.4938578711154,1759000
2021-10-20,85.05805206298828,85.34093796008206,84.24266348997884,84.24266348997884,1892700
2021-10-21,85.6987075805664,85.72366735352502,85.0081242387131,85.19117103755198,2057800
2021-10-22,86.34770965576172,87.31286344833839,85.67377021816286,85.87345480192207,2430300
2021-10-25,85.56558990478516,86.28113309968602,85.38254943331582,86.27281740634025,1681600
2021-10-26,85.94001007080078,86.64723126141605,85.39919162579221,85.52399685892617,2298300
2021-10-27,85.49903869628906,86.3809846908019,85.40751528011985,86.23954171957965,1519200
2021-10-28,85.2743911743164,85.57392121149054,84.67533109996813,85.21614957530245,1973600
2021-10-29,84.87501525878906,85.66543780353305,84.5338813861398,85.06637777692983,2301300
2021-11-01,85.12461853027344,85.43247058197454,84.4173973633544,84.9748535251023,1606500
2021-11-02,85.2410888671875,85.54061883237355,84.45066644941447,85.39085384978053,2701100
2021-11-03,85.31598663330078,85.65711415167893,84.40907456900547,85.07469821890767,2062000
2021-11-04,84.05130767822266,85.57391757789588,83.09448235617272,85.19118617950431,3054500
2021-11-05,84.60047149658203,85.42417611700037,84.0762969831994,84.19278020839555,2127800
2021-11-08,84.38411712646484,84.85837192708092,83.62697639292517,84.76684851399206,3686700
2021-11-09,84.83342742919922,85.07471589372155,84.22605159424552,84.69198443726303,2876300
2021-11-10,85.37532043457031,85.61896263512418,84.59398731202914,85.08966852676251,1876700
2021-11-11,84.22431182861328,85.3248967948948,83.98066965863863,85.15687080653049,2002600
2021-11-12,83.9134521484375,84.4343429397659,83.66141317956007,84.22430726081126,2504100
2021-11-15,84.51836395263672,84.86282557551625,83.7874438227484,84.21591203344815,2362900
2021-11-16,83.2413558959961,84.6611929671432,83.14053644553054,84.45956047599344,3758800
2021-11-17,83.16572570800781,83.38416460902685,82.67844780389183,83.17412892991092,2368600
2021-11-18,82.64485931396484,82.88850152394242,82.31720409601124,82.82128855364896,2809800
2021-11-19,82.68684387207031,82.97249572618367,82.3003789951477,82.71204712777262,2986300
2021-11-22,84.22431182861328,84.47635722094032,82.6028360427535,82.7540619961936,3913900
2021-11-23,84.63599395751953,84.91324265288763,83.49339910065251,84.425958232504,3174100
2021-11-24,84.1655044555664,85.0140504631336,83.9470655367333,84.84601806026937,2236800
2021-11-26,83.40937042236328,84.5687715088909,83.30015417339521,83.32535743009704,1805400
2021-11-29,84.1991195678711,84.42595532276606,83.26656046816022,83.94707414262653,2128900
2021-11-30,81.50224304199219,83.77902893172033,81.2838041508278,83.72021920061222,3873200
2021-12-01,81.17459106445312,83.17412840960768,81.14098458683118,81.8635078312526,2825600
2021-12-02,82.03994750976562,82.90529358726921,81.4350436548712,81.57786639567098,2956200
2021-12-03,83.9134521484375,83.97226188215359,81.754285625175,82.41799913984529,3106800
2021-12-06,85.03084564208984,86.28265652547387,84.23271260585675,84.45114510243356,2972500
2021-12-07,84.99723052978516,85.31648883967384,84.43433649152215,84.75358839163107,4402500
2021-12-08,84.7283935546875,85.39210708460432,84.18229949490477,84.84601302482159,4819400
2021-12-09,84.24951934814453,84.95524263649503,83.3925765084842,84.88802967383671,4020800
2021-12-10,85.28289031982422,85.73656816321268,84.31672489833659,84.6947865629368,3039900
2021-12-13,86.56830596923828,87.06398709351464,85.23247572167176,85.27448542125934,3932500
2021-12-14,86.34146118164062,86.9547681638726,85.9633995361445,86.57670651837647,2825100
2021-12-15,87.2236099243164,87.46725206270983,86.375064050571,86.375064050571,3378800
2021-12-16,87.8285140991211,88.30739515704089,87.07238442614779,87.37483629533712,3066600
2021-12-17,86.56830596923828,88.3578076414936,85.9634021899463,87.75290386220159,7150200
2021-12-20,87.09759521484375,87.2320211282366,85.59373896010811,86.1314297941188,3678600
2021-12-21,86.55150604248047,87.78651694989641,86.26586057507362,87.374848784018,2054600
2021-12-22,86.66912841796875,86.97997713052384,86.2574538589832,86.45909273228322,1588700
2021-12-23,86.5094985961914,87.28242837536355,86.47589211756039,86.76994079335627,1435100
2021-12-27,86.7783432006836,86.90436589192156,86.26585562348815,86.5094977839401,1269600
2021-12-28,87.85372161865234,87.8789248740118,86.92116271167181,86.92116271167181,1197400
2021-12-29,88.01334381103516,88.24017950108342,87.56806924220663,88.01334381103516,1176300
2021-12-30,88.03857421875,88.24860994126544,87.47568002075616,88.04697744238945,1690700
2021-12-31,88.1309814453125,88.40823010905466,87.3748516395525,87.9797554841605,1945700
2022-01-03,86.94637298583984,88.13938058399474,86.55150486058538,88.13938058399474,3272700
2022-01-04,86.8791732788086,88.16459078538978,86.76995060845783,86.83716357332274,2558300
2022-01-05,87.07239532470703,88.14777703430217,86.92957259354093,86.95477585083134,2446600
2022-01-06,86.9295654296875,88.02174708420952,86.81194596550482,86.9631719065654,3944100
2022-01-07,87.79490661621094,88.18977468588689,85.91298888156828,86.37506349157525,2990100
2022-01-10,87.8453140258789,88.48382423892755,87.43364591933822,87.92093019797483,2683500
2022-01-11,86.72793579101562,87.96294020498819,86.13983204124841,87.86212718086487,2937300
2022-01-12,87.05558776855469,87.2236137424945,85.86258027837385,86.26585158952147,2226300
2022-01-13,87.50086212158203,87.79491078003764,86.70272272316822,86.98837456979655,2591200
2022-01-14,87.408447265625,87.94613808077155,86.76153379723361,87.74450562753663,3425900
2022-01-18,85.5853500366211,87.16481620589104,85.4761273694768,86.81195776538088,3082000
2022-01-19,85.83739471435547,86.39189208024288,85.11487133989806,85.59375251508203,2460800
2022-01-20,85.95500183105469,86.97997700124144,85.68615641016802,85.73656933330832,2426800
2022-01-21,86.51789855957031,87.55127049698504,86.25744996243492,86.55149862715537,3453800
2022-01-24,86.18183898925781,87.35804004145437,84.22430497615312,87.05558815918154,5654600
2022-01-25,85.96339416503906,86.66071409050294,85.32488396763964,85.45090664485762,3336300
2022-01-26,85.65254974365234,86.78674757000746,85.02244268891303,85.84578539407579,3111000
2022-01-27,86.74473571777344,87.69409468251486,86.08942542266163,86.12303190058792,3384900
2022-01-28,87.98815155029297,88.02175161912191,86.36667581362981,86.69433096784535,2874200
2022-01-31,88.26539611816406,88.41662207101895,86.92116898710981,87.26563059463838,4306700
2022-02-01,86.91275787353516,88.28219454721086,86.02220868190308,87.83691995139483,3036300
2022-02-02,88.21499633789062,88.39982878435403,86.57672039838508,86.82875939919613,3391100
2022-02-03,88.57624816894531,88.85349680784408,87.96294115651293,88.39981896504074,2238900
2022-02-04,87.58487701416016,88.50062948610294,87.06398622943277,87.84531920163376,2217100
2022-02-07,87.66049194335938,88.06376328589423,86.82875241099563,87.49246595634183,3046600
2022-02-08,87.71931457519531,88.51744768721026,87.42525946150252,88.44183150061522,2298800
2022-02-09,87.97135925292969,88.39143068842823,87.55969104087993,88.00496573694335,2259800
2022-02-10,83.83786010742188,87.65210961289836,83.66143086896933,87.53449012059666,5918200
2022-02-11,83.80424499511719,84.7368040236348,83.64461581066325,84.0982936956,3953500
2022-02-14,83.9722671508789,84.86282284417385,82.86327895280766,84.47635793982273,5284400
2022-02-15,83.4261703491211,84.94682654261617,82.98088934631419,84.12348389925656,3149200
2022-02-16,83.60261535644531,83.98908029160667,83.09012771400107,83.47659264916243,2955900
2022-02-17,83.77655029296875,84.14142359356325,82.758296059889,83.55592757138893,2401800
2022-02-18,84.69298553466797,85.0154356782445,83.22501131653928,83.46260207041935,4505500
2022-02-22,84.38750457763672,85.05785357634103,83.64078990161953,84.85420529631126,3304900
2022-02-23,82.8770980834961,84.74389442406274,82.81770040066081,84.5657013755569,4055900
2022-02-24,82.342529296875,82.83468528734572,81.01880564209704,82.67346021056949,4207800
2022-02-25,85.04087829589844,85.14269919025637,83.02134423964569,83.19105652001147,3326800
2022-02-28,85.2021255493164,85.29545923551545,83.99719070320242,84.18387102332697,3069400
2022-03-01,84.70994567871094,85.75364866732963,83.72563389465742,85.2021015707377,2448100
2022-03-02,85.52454376220703,85.91487228163555,84.63357212677889,84.80328440078779,2334300
2022-03-03,87.0943603515625,87.5950035553929,85.7536622840615,85.91488735418929,2607400
2022-03-04,89.31755065917969,89.41089081582248,86.89071953419308,86.94162999277533,3276600
2022-03-07,90.53943634033203,90.78551431766095,88.71507606769515,89.43633553290766,3611000
2022-03-08,89.4957275390625,91.17583710680147,89.37693217463092,90.59034751749209,3549800
2022-03-09,89.3769302368164,90.42912050205246,89.19873719403252,90.1066768732809,3293200
2022-03-10,90.10667419433594,90.3018352227848,88.62172574142394,88.77446355553506,2038500
2022-03-11,90.06424713134766,90.87035943973773,89.90302208012497,90.03030467457121,2229700
2022-03-14,90.20002746582031,91.38798122207172,89.72483948945732,90.83643403832461,2562900
2022-03-15,90.53095245361328,91.11644205985617,90.05576450828178,91.08249960134235,2113300
2022-03-16,89.92000579833984,90.81097110342178,88.3926274555389,90.81097110342178,2636500
2022-03-17,90.36973571777344,91.25222029882929,89.34300053014394,89.94546465806557,2675000
2022-03-18,89.13933563232422,90.72610495683016,88.73203264236366,90.20001308404696,4859200
2022-03-21,90.08122253417969,90.68368658204287,89.33450142504985,89.36844388217955,1987500
2022-03-22,90.10667419433594,90.75156143270603,88.97811181639607,90.5988236185949,2574900
2022-03-23,90.6497573852539,91.22676629314073,89.87758093878746,90.52247477086395,2617400
2022-03-24,91.19281005859375,91.71042119810772,90.28487037473283,90.42912096145332,2196500
2022-03-25,92.60138702392578,92.79655453431022,91.24372110558326,91.47283107315899,1703600
2022-03-28,93.37356567382812,93.37356567382812,91.85467466463493,92.4910811865608,2470300
2022-03-29,94.16271209716797,94.17968008962772,93.01718162720377,93.44993341047913,2461600
2022-03-30,94.59546661376953,94.61243460555833,93.6790396844911,94.18816359835851,1979300
2022-03-31,94.74820709228516,95.50340898836957,94.357872057717,94.51060988354655,3280100
2022-04-01,95.73251342773438,95.80039834518166,93.80632583066743,94.7821440050585,2302500
2022-04-04,94.85851287841797,95.24884142946148,93.68752722528745,95.12155883211076,2265700
2022-04-05,95.47795104980469,96.85259153641405,95.01974402813048,95.03671202106342,2489200
2022-04-06,97.70960235595703,97.80294248408502,95.45247776502349,95.97857608048479,3413200
2022-04-07,97.46353912353516,97.7690147755032,96.26709174101669,97.57384725802173,2785900
2022-04-08,97.87931060791016,98.25267112980303,96.8780308687202,97.91325306206961,1678100
2022-04-11,96.928955078125,98.3969291062445,96.55559452814701,97.9726581081283,2574200
2022-04-12,97.93873596191406,98.20178843752376,96.11436899690555,96.75926286046128,2509800
2022-04-13,97.67567443847656,98.3460234248548,97.07321036881405,98.01509254819317,2092300
2022-04-14,97.45504760742188,98.0235691948746,97.14109121004198,97.74355525442853,2719300
2022-04-18,96.93744659423828,98.27814465079204,96.38589294070795,97.81993114511434,1962500
2022-04-19,97.13261413574219,97.32777519119503,96.53863078807237,97.04776122146431,2018100
2022-04-20,97.94719696044922,98.32055748784725,97.72657424209025,97.99810740550848,2152900
2022-04-21,97.81991577148438,98.71088741591848,97.3023046597825,97.70960764765958,1865900
2022-04-22,96.97138214111328,97.964174762369,96.85258677483628,97.72658402981502,3185600
2022-04-25,96.53861236572266,97.60777700841098,95.07063845464644,97.42958398027312,3743600
2022-04-26,96.30950927734375,98.28661353253484,96.18222669277766,96.57255520461545,3937200
2022-04-27,95.96160125732422,97.48897928109444,95.21488670895931,96.36041698985649,2483900
2022-04-28,96.5640869140625,97.32776957233726,95.54583257992613,96.36891939601453,2734100
2022-04-29,93.47539520263672,96.31800977132531,93.15294508082316,96.24163762052554,5424000
2022-05-02,92.23650360107422,94.26451826067755,91.1928006706456,93.90813220998783,3831700
2022-05-03,91.94801330566406,93.67903979392487,91.80376271677446,92.78806808821973,2428400
2022-05-04,93.77239227294922,94.00149579875308,91.58315203143383,91.81225555723769,2561400
2022-05-05,93.3820571899414,94.16271433891657,92.55897034801364,93.35659548985252,2200100
2022-05-06,94.4596939086914,95.01124749603443,92.77109716411776,93.1614257019967,2723500
2022-05-09,94.01846313476562,95.13853839855203,92.06681380105101,93.03415123460009,3663300
2022-05-10,92.41471862792969,95.20641630125849,91.67648470700956,93.84026307021054,3372200
2022-05-11,93.26326751708984,94.74821622709679,92.3553212337775,92.5929184654232,3082800
2022-05-12,93.19903564453125,93.59289390517617,91.95752605189847,93.14766481604849,3429200
2022-05-13,93.5843505859375,93.9011461192877,92.2229646339446,93.6614068402966,3251300
2022-05-16,94.2093734741211,94.93715521173186,93.6956455730079,93.8840139943105,2408000
2022-05-17,93.62714385986328,94.18368512389446,91.7263448058145,93.695642653185,4076100
2022-05-18,93.2418441772461,94.6631581281046,92.96785555223697,94.02956065759679,4006100
2022-05-19,93.28466033935547,93.71276801697051,91.81197541557972,93.04492108507581,3687600
2022-05-20,94.03813934326172,94.1922583772028,92.63394660397854,93.19048139038318,3375100
2022-05-23,94.8772201538086,95.81049827537841,94.02100481002935,94.74022909565434,2577300
2022-05-24,96.73521423339844,97.03488830287516,94.80016569099834,95.30532961777271,3009200
2022-05-25,96.23004150390625,97.11194225859066,95.63925082915841,96.92357383867659,2771900
2022-05-26,96.94925689697266,97.42873535286071,96.40983710169455,96.8122593196309,2717600
2022-05-27,97.95103454589844,98.03665477196948,96.39272291474934,96.65814757529091,2628900
2022-05-31,96.34136199951172,97.21470543877552,95.98175306918222,96.89790336258679,5037700
2022-06-01,95.61356353759766,96.5211562218795,95.00565144224542,96.36703720246594,2552100
2022-06-02,95.71630859375,96.2043510505111,94.11518364073872,95.9817332447802,2712800
2022-06-03,95.1769027709961,95.98174076920296,95.0142197618542,95.450891425527,1547800
2022-06-06,95.13409423828125,95.96462422689348,94.9799752039779,95.47658170700038,1483200
2022-06-07,96.18721771240234,96.2471590508001,94.40629496326976,94.99707904166495,2113300
2022-06-08,94.60324096679688,95.95606291304709,94.41487252714111,95.86187869321921,1810700
2022-06-09,92.24007415771484,95.06558063681881,92.1201980097829,94.55185277992756,2379400
2022-06-10,92.27432250976562,93.0620455717606,90.7160108827912,91.53798334160375,3342600
2022-06-13,88.55834197998047,91.6150301063446,88.13023436266111,91.42666170953947,2752200
2022-06-14,86.4263687133789,89.25187509565968,85.33041424759213,88.79808206208271,3899500
2022-06-15,85.77564239501953,87.43670203918616,84.81667898136803,87.34251784086307,4039500
2022-06-16,85.22767639160156,85.47597962602495,83.78923434789672,84.79100473572562,4134000
2022-06-17,83.75497436523438,85.58727445295463,82.9415725016553,84.97079843607607,5533000
2022-06-21,84.94511413574219,85.19341734203458,83.58373502432286,83.85772364292069,2877800
2022-06-22,85.75853729248047,86.47775509035074,84.49989961380244,84.69682549695045,2909900
2022-06-23,88.54121398925781,88.74670380127267,86.09243807703598,86.19517971684174,3724300
2022-06-24,89.50019073486328,89.73137254072462,88.44704949786542,88.76384500103163,2953800
2022-06-27,90.0738525390625,90.21941411372664,88.81522145714297,89.07208214364697,1725000
2022-06-28,90.501953125,91.46948057900168,90.21084306328906,90.55333048419928,2215700
2022-06-29,90.76738739013672,91.03281204746968,90.16803275007577,90.52764814707412,1767300
2022-06-30,91.79484558105469,92.41988565190266,89.93685986581782,90.13378573536397,3568900
2022-07-01,93.85831451416016,94.0038695333895,91.7948327039885,92.25718970542617,2874200
2022-07-05,91.04993438720703,93.92681839744729,89.50875072398122,93.92681839744729,2951900
2022-07-06,92.11164855957031,92.83943029773545,90.82732553960666,91.33248945857144,1920800
2022-07-07,91.46949768066406,92.659636628229,91.22119441739005,92.31714914328536,1913500
2022-07-08,90.6817626953125,91.67496901510214,90.53620113428126,91.5122860228694,1697600
2022-07-11,92.43700408935547,92.46268950347233,90.63895324472657,90.79307226183215,2435700
2022-07-12,92.18870544433594,93.31035199824882,91.72634837005505,92.11164919815816,2102700
2022-07-13,91.82051849365234,92.64248432212698,91.37528945287998,91.55509386544595,2417200
2022-07-14,91.57222747802734,91.80340927665607,90.065293191549,90.13378545373105,2274900
2022-07-15,91.98320007324219,92.16300448306602,90.91293106305012,91.99176405439674,2244200
2022-07-18,90.27076721191406,91.71777296487014,90.24508180154973,91.52940457899379,2228100
2022-07-19,90.36495971679688,91.16124017335174,90.27933949690578,90.80163133036672,2097300
2022-07-20,88.18161010742188,90.62182235583968,88.05317650857795,90.467709876112,2981000
2022-07-21,88.65252685546875,88.82376729074282,87.47950962338936,88.11311360519196,3085300
2022-07-22,89.885498046875,89.90261948108927,88.99503322241176,89.25189393005743,1501200
2022-07-25,90.74169921875,90.77594208180041,89.38887749411039,89.58580335246933,1432500
2022-07-26,91.63215637207031,91.88902356897795,90.33927600287323,90.57045125416677,1788900
2022-07-27,91.20404815673828,91.49516474689051,90.64751345428994,91.32392430496859,2003700
2022-07-28,93.28466033935547,93.55864899173291,91.3068049591435,91.98321587366384,2326300
2022-07-29,94.12374877929688,94.54329244984905,92.95073145929089,92.97641687326693,2522500
2022-08-01,94.05524444580078,94.65459904368284,93.29321339151981,94.07237240904529,2386900
2022-08-02,93.85831451416016,95.33099920135713,93.69563153243107,94.43197714223139,2182500
2022-08-03,94.88578033447266,95.16833295437571,92.00889637205191,93.68707759472994,2784900
2022-08-04,93.95250701904297,95.87899142919304,93.75557462730308,95.72487241508486,2963500
2022-08-05,93.46446990966797,93.74701600802557,91.88046630034272,93.45590592717087,3033600
2022-08-08,93.36173248291016,94.70599046416221,93.13055065566247,94.07239286681171,3130300
2022-08-09,94.02100372314453,94.32068431592668,93.4559049996332,93.66139485069145,2366400
2022-08-10,94.23504638671875,94.61178317934055,93.7726893773385,94.44054274582363,2907400
2022-08-11,93.76411437988281,94.94793500783356,93.61721139576188,94.31714151832773,2640900
2022-08-12,95.26766204833984,95.33679209282208,94.14432189961718,94.29986120340027,3302700
2022-08-15,95.89845275878906,95.99349831987254,94.73190479856159,95.36270485551869,2163200
2022-08-16,96.87490844726562,97.19462998865559,95.74293188082189,95.89847119925423,2504400
2022-08-17,96.80577087402344,97.55754528679755,96.64158866382353,96.70208239819529,1894500
2022-08-18,97.28103637695312,97.70444638969701,96.8662626758744,96.8662626758744,1744300
2022-08-19,97.8513412475586,98.22290701400208,97.05636547508554,97.45385336132206,2091800
2022-08-22,96.82306671142578,97.88591325438635,96.63296236257632,97.62668544535912,2282400
2022-08-23,95.94166564941406,96.90946651603026,95.74292500783116,96.90946651603026,1489700
2022-08-24,95.85525512695312,96.22682087872361,95.33679297375348,96.08856078848159,1796400
2022-08-25,95.65648651123047,96.01941587068039,94.71461457927843,95.95028584101351,2612200
2022-08-26,93.95423126220703,95.82069645596717,93.85053618765198,95.77748852675147,3367000
2022-08-29,94.36033630371094,94.98249343945545,92.97776855350257,93.67769862751669,1773300
2022-08-30,93.04690551757812,94.40355125358222,92.68398269223772,94.1529598001033,1919800
2022-08-31,92.38154602050781,93.80731518953134,92.24328594036298,93.04690452654523,2890900
2022-09-01,93.48761749267578,93.79869613763564,92.23466000808615,92.49389440975426,1612200
2022-09-02,92.45930480957031,94.4208217398318,92.18279126449815,93.5567160874059,1496200
2022-09-06,92.25192260742188,93.63449035239312,91.95812325327628,92.65805332463908,2037500
2022-09-07,95.26766204833984,95.34542840392945,92.85680613600408,92.86544903971534,3324400
2022-09-08,94.36033630371094,95.68242351346959,93.93692637234155,94.94792842162487,2390800
2022-09-09,94.94793701171875,95.37998988478509,94.10975997575716,94.68870924344115,1456200
2022-09-12,95.81206512451172,96.14042960396287,94.9652449874755,95.01708923471297,1653700
2022-09-13,93.48761749267578,95.50097918756,92.96051237719406,95.18126423045464,2387900
2022-09-14,94.42084503173828,94.99980097205977,93.59994709647427,93.59994709647427,2309800
2022-09-15,91.83716583251953,93.9110211266671,91.68162652064336,93.79004683883053,3103000
2022-09-16,91.69025421142578,92.96912692567815,91.5087928097793,92.39882060516105,4565300
2022-09-19,92.29513549804688,92.32970052007693,91.01626264595441,91.44831553242422,1783400
2022-09-20,91.28414154052734,91.81124663686262,90.35954854398264,91.6124993904557,1622400
2022-09-21,90.11758422851562,92.34697851635457,90.10029842266077,91.6297692032539,1495600
2022-09-22,90.45459747314453,91.24093034094554,89.51271870148355,89.95341451547554,2324900
2022-09-23,89.61640930175781,90.10030642702966,88.58812131795125,89.82379284221663,2297600
2022-09-26,87.13644409179688,89.53002135465758,86.34146817029601,89.43496916919493,2812800
2022-09-27,84.95887756347656,87.73265624576983,84.64779896428445,87.35244760395642,4027900
2022-09-28,86.0735855102539,86.58340480479256,84.82063464639093,85.93532540777285,2338200
2022-09-29,82.17645263671875,85.8921098690023,82.0468354602245,85.85754484909693,3104500
2022-09-30,80.37911224365234,83.04055947890606,80.18901452050869,82.73812379140077,5163600
2022-10-03,82.37521362304688,82.96280587445439,80.7506903789531,81.62343914779468,3786800
2022-10-04,83.92195129394531,84.10341270704755,82.32335041130476,82.95415049812985,3105700
2022-10-05,81.24323272705078,83.06649667899279,80.75069263436437,82.8677560165184,3865500
2022-10-06,78.43486785888672,81.00990562647905,78.33117939895075,80.93213928152707,4230800
2022-10-07,76.96589660644531,78.63362091819468,76.55112295799941,78.408951583928,3162700
2022-10-10,77.03502655029297,77.8904893704263,76.92268858699836,77.00046153024874,2982300
2022-10-11,77.36339569091797,78.20157942018305,76.61162782073113,76.73260211231532,4892500
2022-10-12,74.28717041015625,77.15600116029098,74.23532617616577,76.90540970833119,4243000
2022-10-13,76.03267669677734,76.49065177138021,72.37751241232456,73.44900188805626,7258400
2022-10-14,75.02166748046875,77.3029063315978,74.65874461610828,76.81036627493594,4711100
2022-10-17,76.99181365966797,77.73494506116423,75.92896738044631,76.04129874388995,3704400
2022-10-18,78.46944427490234,78.72003574382029,77.61398139315068,78.01146926338483,3009900
2022-10-19,77.156005859375,78.08924168366202,76.74987508810543,77.44116234889668,2611700
2022-10-20,75.3759536743164,77.05231448425768,74.93525785963197,76.90541807689762,4057700
2022-10-21,76.43878936767578,76.99181648781018,75.10806579966383,75.53148233898807,2789000
2022-10-24,76.63752746582031,77.61396441656156,76.07585750955573,76.95724231727056,2318600
2022-10-25,77.97689819335938,78.30526258566336,76.64617459572541,76.65481749883959,2781000
2022-10-26,78.46944427490234,79.00519223527216,77.76087779446688,78.41760003740345,2938300
2022-10-27,78.66818237304688,79.76559369252398,78.54720810452508,79.18664446565498,3367400
2022-10-28,81.22594451904297,81.41604884826589,78.85829649282127,78.85829649282127,3139200
2022-10-31,80.51736450195312,81.43331437871795,79.99890243194666,80.97533944033555,3237600
2022-11-01,81.00128173828125,81.36421121106062,80.12853956347101,80.85438532382067,2889100
2022-11-02,80.25814819335938,82.42705570167458,80.1371739029454,80.76797406805059,3061200
2022-11-03,80.55194091796875,81.06176015771608,79.1348079828629,79.48908792033744,3132300
2022-11-04,80.8889389038086,81.90858394140604,79.01383102895848,81.78760966513208,4813400
2022-11-07,79.69647979736328,80.84573548602471,78.08059959905918,80.79389124833286,4501300
2022-11-08,80.53465270996094,81.24321915639136,79.79152124265542,79.95570344366122,2876600
2022-11-09,80.75067138671875,81.5715757202642,80.48280074143074,80.90621066940925,2742400
2022-11-10,83.9046630859375,84.1293324163686,81.45060603505591,82.8331738519331,3601900
2022-11-11,82.23694610595703,84.03428772381736,81.61478888495893,83.99972270125035,3286300
2022-11-14,82.47889709472656,83.33436659503644,82.32335778490696,82.65172221263954,4782300
2022-11-15,83.93059539794922,84.22439480306454,82.80726179454258,83.4726203710323,4625600
2022-11-16,84.63052368164062,85.61560376064529,84.1379836421383,84.1379836421383,3645300
2022-11-17,83.39513397216797,84.4602739305259,82.88002901644508,84.0848558576777,2755500
2022-11-18,84.50392150878906,84.88807205554563,83.81419969118254,84.21580859872162,3680500
2022-11-21,84.7221908569336,85.16745567469441,83.97135475677001,84.29439106156973,3314500
2022-11-22,85.28095245361328,86.16274958597215,84.93172527299006,85.1150680441025,2334000
2022-11-23,86.03178405761719,86.15401256529456,85.0801402067529,85.09760522839487,2726000
2022-11-25,86.97470092773438,87.29773057815474,86.34609332773702,86.43339845863565,1275700
2022-11-28,86.09290313720703,87.00962365712627,85.75240846659806,86.6080080682985,2283800
2022-11-29,85.50794982910156,85.76113936470671,84.89680060699989,85.58652244655437,2127400
2022-11-30,87.24533081054688,87.67313052625268,84.91425032618984,85.19363068392978,6052200
2022-12-01,87.57710266113281,88.96527875587553,87.20168463912856,88.0398258057291,3329800
2022-12-02,86.88739776611328,87.08820558198475,85.99687468496741,86.77390175076735,2097700
2022-12-05,86.5468978881836,86.92231596076559,86.01432790938229,86.2064032015342,2212500
2022-12-06,87.7517318725586,87.91760963045807,86.47705825329852,86.6342101603829,2828800
2022-12-07,86.93978881835938,88.40653785492358,86.72152263232871,87.61204574051342,2635600
2022-12-08,87.6993408203125,87.8739577456751,86.71278017059359,86.9659697166534,2065900
2022-12-09,87.61203002929688,88.109676577767,87.31519126678502,87.37630552147594,1998200
2022-12-12,89.33195495605469,89.42799257918186,87.56836768408445,88.5549281223553,2734900
2022-12-13,90.01295471191406,91.09555290014171,89.419270545282,90.23122085169123,5581400
2022-12-14,90.18757629394531,92.12577412040517,89.60261794670419,90.13518788823527,4468700
2022-12-15,89.49784851074219,90.2050286617752,89.00020198576453,89.9780300146588,3631400
2022-12-16,87.60330200195312,89.15736264254656,86.5992830036379,89.12243925794232,10623600
2022-12-19,87.50727844238281,88.46764828711207,87.05328106497656,87.41996664298962,3628800
2022-12-20,87.48980712890625,88.10968222649856,86.60800997387285,87.37631112319092,2394300
2022-12-21,88.98273468017578,89.13115405061475,87.87394566560606,87.91759489523027,2269400
2022-12-22,89.0089340209961,89.03513155440824,87.48980346985381,88.79066786924186,2312200
2022-12-23,89.91692352294922,90.05661705967802,88.23190853664629,88.89543951419914,1803300
2022-12-27,90.51061248779297,90.78126706418725,89.53278432313168,90.00423338197635,1698500
2022-12-28,89.83834838867188,91.21779205094755,89.63754060048572,90.7987181134502,1687600
2022-12-29,90.65902709960938,91.16540617871016,90.1875780656377,90.1875780656377,1444600
2022-12-30,89.91692352294922,90.79872065592497,89.04385890125764,90.69395050337837,2055600
2023-01-03,90.53679656982422,90.62410835879423,89.21847381659222,90.1002642687914,2688900
2023-01-04,91.50589752197266,92.00354407170167,90.66775631511085,91.03444184418397,2819900
2023-01-05,90.15265655517578,91.11302632659826,89.41927879417463,90.66776149531023,1920600
2023-01-06,91.82893371582031,92.36150364786116,90.7987172346049,90.97332748798208,2157300
2023-01-09,91.8376693725586,92.92026763467936,91.46225132007942,91.69797583630847,2358300
2023-01-10,92.04719543457031,92.0821188157564,91.20905426896582,91.56700726945394,2244500
2023-01-11,92.2480239868164,92.63216794447071,91.82894997915534,92.04721616500987,2358800
2023-01-12,91.74163055419922,92.65834439549633,91.51463189118331,92.36150562620612,2350100
2023-01-13,91.65432739257812,92.06466217170505,91.0257197959389,91.23525344116715,2722900
2023-01-17,90.99079895019531,92.0472063780941,90.88602879418089,91.8289402154467,3552700
2023-01-18,89.27086639404297,91.30510876233596,89.06133272918795,91.15668936060345,3152600
2023-01-19,89.02640533447266,89.8558141053686,88.66844562304179,89.27086237595968,3025900
2023-01-20,88.89543914794922,89.14862868651116,87.3501177047418,88.93909504323571,3968400
2023-01-23,88.17080688476562,89.3581754728928,87.96127321067124,88.64226264719454,3326700
2023-01-24,88.50254821777344,88.60731169175038,86.5730765275759,88.46762483946335,3048200
2023-01-25,88.54621124267578,88.57240211525121,87.28900273237441,87.55965063025971,2066600
2023-01-26,88.47636413574219,88.79940043849344,87.96125921452317,88.09222023785229,2093500
2023-01-27,88.68590545654297,89.03513263578215,87.81284083892224,88.3628691500797,2277000
2023-01-30,88.73829650878906,89.19229388770064,88.32795502971882,88.38034344171946,2470900
2023-01-31,89.4454574584961,89.54149508862487,88.22317245859112,89.05258108866288,3722600
2023-02-01,89.5240478515625,90.11773206568479,88.38906116954931,88.83432599537964,3054300
2023-02-02,89.0875244140625,90.65031105491376,89.0526010261102,89.58517103571138,3796600
2023-02-03,87.81283569335938,88.87797553019544,85.96193641451686,88.61605349587529,4331100
2023-02-06,88.8866958618164,88.97400764180543,87.34137460593352,87.43741223515855,3050300
2023-02-07,88.02237701416016,88.310489944892,86.91358784870603,88.24937568633868,2672600
2023-02-08,86.5905532836914,87.55965558959814,86.28498198474665,87.48107630646678,3328600
2023-02-09,85.16746520996094,87.63823327940324,84.6872769545992,86.6778634296349,4403000
2023-02-10,86.5294189453125,86.61672405890174,84.48644465036772,85.00155614416465,2633200
2023-02-13,87.34140014648438,87.6557039956841,86.33737433159389,86.33737433159389,1931400
2023-02-14,86.84374237060547,87.69061615241037,86.49451517612498,87.2977330607618,2190700
2023-02-15,86.660400390625,86.81755229654134,86.04052527866469,86.43340171297812,3276800
2023-02-16,86.6912612915039,87.09697805266401,85.06838751777784,85.99448465959232,2150000
2023-02-17,87.7496566772461,88.1906540566882,86.32964457711563,86.92940128232034,3041300
2023-02-21,86.15323638916016,87.60852888565279,86.0826752032379,87.3086472100257,3262600
2023-02-22,85.96802520751953,86.8941156128445,85.70342410366348,85.9592033763015,2070500
2023-02-23,85.41236877441406,86.52368404894962,85.02429565830975,86.3208290237536,1889400
2023-02-24,85.48291778564453,85.58875956354305,84.22166519763162,84.5215468704683,2320800
2023-02-27,84.50391387939453,86.3561082165164,84.39807881721786,85.57112670721963,2416300
2023-02-28,83.1368179321289,84.71558916955647,83.06625674486075,84.22166758776463,3155500
2023-03-01,81.06414031982422,82.94278670598575,80.94947669625047,82.92514304278092,3373100
2023-03-02,82.70464324951172,82.88104623376988,80.89655808219479,80.94065378144498,2589000
2023-03-03,84.13349151611328,84.18640905588929,82.25484483410867,82.87223856178522,4061800
2023-03-06,84.65386962890625,84.7067871672018,84.08057162405295,84.22168730253668,2709100
2023-03-07,82.48413848876953,84.8214257075694,82.00786728907754,84.77733001156808,2817000
2023-03-08,83.49845123291016,83.63957363954509,82.47534070115373,82.59881944241594,2450000
2023-03-09,83.10154724121094,84.73323619898565,82.6781867962379,83.79832390807293,2750800
2023-03-10,81.87557983398438,83.454351351504,81.4522193643517,83.27794835203773,2629100
2023-03-13,83.05744934082031,85.13895762318131,81.7785595626034,81.7785595626034,4542700
2023-03-14,83.8688735961914,84.78614890046576,82.98687888774516,83.64837491907984,3778300
2023-03-15,85.40355682373047,85.98566988391345,83.49844485421627,83.78950474885086,3856800
2023-03-16,85.72988891601562,87.00878536942501,85.1213171007522,85.350630895913,4859300
2023-03-17,85.0154800415039,85.66815432323868,84.41572329558679,85.1125000098939,5914300
2023-03-20,85.82689666748047,86.08267592176986,85.25360553206073,85.4300017692537,3159900
2023-03-21,83.58663940429688,85.68579121359124,82.519426565467,85.61523001868864,4087400
2023-03-22,81.98140716552734,83.75421845056317,81.94613329805033,83.30439925574512,3089700
2023-03-23,80.74662780761719,82.58117190422963,80.58786847214158,82.02551759460823,2764400
2023-03-24,83.23383331298828,83.26911390468553,80.8348069102543,80.84362874044982,3608700
2023-03-27,83.51607513427734,84.11583176237052,83.18973469297727,83.56017082910051,2718100
2023-03-28,83.56901550292969,84.51274976240087,83.20739436947241,83.4190779871929,3004000
2023-03-29,84.90962982177734,85.01547161200463,83.78067764236276,83.78949947381982,2348400
2023-03-30,84.8126220703125,85.65051442753756,84.40689854611095,85.06839463731586,2500300
2023-03-31,85.0860366821289,85.54467100250494,84.60093686617591,85.02429731728817,3205200
2023-04-03,83.8688735961914,85.28007051297386,83.33967811694079,83.88651725864827,6259100
2023-04-04,84.87435150146484,84.92726902925945,83.53371581192776,83.75421448318586,5001100
2023-04-05,87.17634582519531,87.57324744535393,85.3506172139037,85.55347893919611,4461100
2023-04-06,87.97015380859375,88.00543440581446,86.78828408258677,87.75847695435543,2879600
2023-04-10,87.43214416503906,87.67910836730023,86.48840997592919,87.5556229016264,2628500
2023-04-11,87.62617492675781,87.84667360887299,87.0087813084696,87.47623743790007,1804500
2023-04-12,87.6791000366211,88.22593246695546,87.29102019902703,87.98779684875917,1941600
2023-04-13,87.44096374511719,87.5997230779383,85.6328717173816,86.93822697936473,3211300
2023-04-14,86.11796569824219,86.70890055784682,85.84454948271171,86.55014123580973,3217700
2023-04-17,86.79711151123047,87.08816468116937,85.9680342457961,86.59424974640149,2214300
2023-04-18,85.91510009765625,86.8500122517072,85.75634079516789,86.56777423940399,1974200
2023-04-19,86.78827667236328,86.92057721837325,86.02093888877373,86.35610116921035,2125500
2023-04-20,86.6295166015625,87.16753388261172,86.21497803461456,87.1057945255611,1989400
2023-04-21,86.75299835205078,87.44977496548697,86.15324169295921,87.14107816942928,2186500
2023-04-24,87.22929382324219,87.56444945073476,86.04741720056043,86.96469267110972,2153100
2023-04-25,87.97015380859375,88.54345173752984,87.27337715392817,87.32630141430215,2770800
2023-04-26,86.74418640136719,87.90841925702615,86.54133136760309,87.31748436168031,2677700
2023-04-27,87.73202514648438,87.7584839142268,86.71772976547754,86.79711279779121,2285300
2023-04-28,87.21162414550781,88.05833815906597,86.59423061346067,87.56442333342825,1995000
2023-05-01,87.39685821533203,88.3141335803267,86.95586083191648,87.18518135543667,3231900
2023-05-02,86.08267974853516,87.50269172704546,85.75634602231263,87.31747365103352,2576200
2023-05-03,85.84455108642578,87.07934508877254,85.75635295677658,86.51486225502852,3174000
2023-05-04,86.53250122070312,86.86765678680945,85.65050651392119,86.0650451027624,3067100
2023-05-05,87.63500213623047,87.68791966987814,86.20616816596754,86.55896742481981,2588900
2023-05-08,87.22929382324219,88.03190565429355,86.65599581301304,87.40569010527263,3099800
2023-05-09,86.47959899902344,86.7618370859881,85.7034392130555,86.18853907928546,4174800
2023-05-10,87.44096374511719,87.7584824107594,86.55014711489396,87.15872567888925,3008200
2023-05-11,86.72368621826172,87.62361887052907,86.35836177284733,87.32067286037933,1824300
2023-05-12,86.83059692382812,87.65034710489442,86.43854958296821,87.13354970330866,2216000
2023-05-15,85.83264923095703,87.18700754318216,85.60989243764385,87.00880482773076,2020400
2023-05-16,83.76546478271484,86.06430967717192,83.75655260772147,85.97520832123134,2209000
2023-05-17,82.88336944580078,84.21100522545005,82.50913955266469,83.93478209651637,2967400
2023-05-18,82.69624328613281,82.88335820732922,81.9656011566044,82.33983779699618,2775800
2023-05-19,82.42892456054688,83.51597878455416,82.42892456054688,83.09719493124011,2388500
2023-05-22,81.94776916503906,83.05264094232085,81.7962961790403,82.77642469749985,2725100
2023-05-23,80.86073303222656,82.31310518376257,80.72707756844122,81.5735576404156,3694200
2023-05-24,80.33502197265625,81.42206953236553,80.21918407677023,81.07456944070464,2820300
2023-05-25,79.20339965820312,80.20135247364833,78.6153252976353,80.19244029906471,3621600
2023-05-26,79.03412628173828,79.14105201515238,77.98271369616434,79.04303845902265,3065500
2023-05-30,78.4193115234375,79.71129833893865,78.31238580432074,79.12322387879281,3002600
2023-05-31,79.55982208251953,79.96969379204488,78.33020695394352,78.67770702936713,4150000
2023-06-01,78.51732635498047,79.93405646703467,78.1074546219711,79.92514429079571,3659200
2023-06-02,79.90733337402344,80.10336047957199,77.69758254511144,78.41040714746995,3835600
2023-06-05,80.33502197265625,81.11021134728506,79.93405562212543,80.19245434633456,2513200
2023-06-06,79.96968841552734,81.01218857170889,79.94295868813774,80.86071558450259,1970800
2023-06-07,81.59136199951172,81.76065934612342,79.48853722327502,80.04988192277958,2531900
2023-06-08,81.97451782226562,81.9923353784986,80.76272005844436,81.35080138412204,3156700
2023-06-09,81.54681396484375,82.11707768023305,81.37752340368004,81.97451005188606,2647600
2023-06-12,81.43097686767578,81.7428350342172,80.9587335300562,81.7428350342172,3131300
2023-06-13,80.86963653564453,81.10129873015977,80.10335254332848,80.41521072671327,3630600
2023-06-14,80.9498291015625,82.58932287370999,80.85181555441244,81.63592393161295,3433000
2023-06-15,81.69828796386719,81.92104476883094,80.96764591550598,81.39533517415741,3038500
2023-06-16,82.1348876953125,82.83880000016404,81.66264436625973,82.1348876953125,8693700
2023-06-20,81.03892517089844,82.18835113210328,81.00329006335578,81.9923240506267,2851900
2023-06-21,81.66264343261719,81.84975832700837,80.13898775143358,80.80725814482979,2435300
2023-06-22,80.99439239501953,82.20619020847633,80.53996651547332,82.11708882766325,2563800
2023-06-23,79.94296264648438,81.57354407796618,79.7825774762075,81.26167911498472,3800200
2023-06-26,80.94091796875,81.1369450655777,79.61328917386994,80.24591775126915,2209100
2023-06-27,80.6557846069336,81.19040640148387,80.61123732272007,81.02110904667639,2283200
2023-06-28,79.3905258178711,80.62905313908941,79.21232308886063,80.58450585583597,2410500
2023-06-29,79.19450378417969,79.55091606291292,78.49950357954921,78.73117258042564,2538100
2023-06-30,79.96077728271484,80.08552054415763,78.98956091891064,79.3103312477629,2736200
2023-07-03,80.83399200439453,80.89636363904614,79.72912013428109,79.95187694346515,1181000
2023-07-05,81.62700653076172,82.37546615418701,80.1924521211982,80.23700620268711,3073800
2023-07-06,80.69142150878906,81.28841490261279,80.41520525060068,81.15475946226425,2101000
2023-07-07,79.98751831054688,80.70034287492112,79.92514667101405,80.21027513716398,2208500
2023-07-10,79.49745178222656,80.04988432268243,78.91828271413713,79.78258022833235,2312300
2023-07-11,80.97655487060547,81.0389265068309,79.73802752412999,80.13008169354617,3051100
2023-07-12,82.29528045654297,82.4467534632342,81.04784089991222,81.17258417577543,2566300
2023-07-13,83.1417465209961,83.1417465209961,81.81411788582695,82.28636121792078,2912100
2023-07-14,82.87444305419922,83.27540258118684,82.53584836225592,82.94572006482052,2833200
2023-07-17,81.77848815917969,82.75861687336005,81.75175842666553,82.65169794330346,1921300
2023-07-18,81.00328063964844,82.67840921720733,80.34391566084541,81.80519962803453,2279900
2023-07-19,81.66264343261719,82.52694089575597,81.25277174042726,81.27950146848345,1970400
2023-07-20,83.04373931884766,83.16848259351985,81.42206995011045,81.97450930794349,2428700
2023-07-21,84.45156860351562,84.63868352562397,83.01701406935258,83.34669662620959,2694300
2023-07-24,84.44265747070312,84.9059954913649,83.85458296509282,84.64759674868796,2248700
2023-07-25,84.9059829711914,85.0663681396165,83.8545705999598,84.2555301220235,2648500
2023-07-26,85.14657592773438,85.90395465399118,84.54067702552867,84.70106222899487,2196700
2023-07-27,84.14862060546875,85.30695201967181,83.76547859355571,84.77233699788587,2841800
2023-07-28,83.16848754882812,84.94163682645595,82.92791316134041,84.69215026224676,2567000
2023-07-31,83.41796112060547,83.90802195603827,82.82096778588209,83.52488002390122,2902800
2023-08-01,82.10816192626953,83.59617579281111,82.09033757450348,83.38233115760713,2422100
2023-08-02,82.44674682617188,82.97245641613115,81.85867240130013,81.97450349156323,2295000
2023-08-03,80.52214813232422,82.40221647958838,80.37066830869665,82.23291909918085,2880500
2023-08-04,79.71129608154297,81.58245192610534,79.23014055614149,80.84290448332004,3043500
2023-08-07,79.8895263671875,80.28157383205384,79.76477626700263,79.81824253793904,3604500
2023-08-08,82.09034729003906,82.15271893260528,79.51527879294932,80.44194805250397,5240800
2023-08-09,82.70514678955078,83.0793765926985,81.75174793029453,81.85867364462169,3219200
2023-08-10,82.78534698486328,83.747651270753,82.58931989762694,83.16848218519067,3635500
2023-08-11,83.59617614746094,83.7476491481231,82.8120746163876,82.8655340759158,2428700
2023-08-14,82.67841339111328,83.64962976065468,82.39328496356006,83.64962976065468,2340400
2023-08-15,81.47552490234375,82.25962634832516,81.39532892375604,82.02795738551336,2669700
2023-08-16,81.70718383789062,82.26853527182561,81.36859598100727,81.69827846128659,2382100
2023-08-17,81.72972106933594,83.07236426057628,81.58554872572002,81.85587444806619,2578600
2023-08-18,82.1802749633789,82.40554984746146,81.47741842501635,81.5585209582049,2766400
2023-08-21,80.76555633544922,82.09017387468884,80.31500652617558,81.81984811403136,3910700
2023-08-22,80.72949981689453,80.98181344836213,80.251918188307,80.7655446213899,2365900
2023-08-23,81.40531158447266,81.46839513851562,80.31498220123899,81.41432450288485,2231500
2023-08-24,81.08995819091797,82.32446722613273,80.9728177075883,81.2251245177414,2376000
2023-08-25,81.62161254882812,82.306443371551,81.08996015043404,81.27919026262155,2374600
2023-08-28,81.11698913574219,82.1532551295156,81.09897016730343,81.63061567180799,2128800
2023-08-29,81.36028289794922,81.9640179739683,81.05390546208424,81.09896319157284,2279700
2023-08-30,81.05390930175781,81.84688137931809,80.62138532749276,81.1079799546744,2250900
2023-08-31,80.01764678955078,81.48643665452315,79.94555717198489,81.33325137332886,3139600
2023-09-01,79.23370361328125,80.76557048321204,78.84623043443818,80.42315504312694,3777700
2023-09-05,78.08028411865234,79.28775431989874,77.53061279574328,79.09852422305465,3155500
2023-09-06,78.83718872070312,78.94532312932458,77.63873168065395,78.31455626614078,3249700
2023-09-07,80.55830383300781,81.29720521366943,79.3688526623124,79.47698021202022,4765200
2023-09-08,82.01808166503906,82.15324797852138,80.45017030323926,80.71149000934662,3302700
2023-09-11,82.70291900634766,83.324679921414,81.75676856477308,81.86489611532774,3992900
2023-09-12,83.00929260253906,83.50489322763462,81.90995005710522,82.82006252297414,3689300
2023-09-13,84.59520721435547,85.02773794114887,83.18949438325158,83.28861586491585,4383300
2023-09-14,86.00994110107422,86.24422888670361,85.02774598509957,85.28906565467787,4594400
2023-09-15,85.76665496826172,86.5776459337321,85.54138008201129,85.91082732054315,9702900
2023-09-18,85.56841278076172,86.01896255754006,84.84753726282277,85.82973247627444,3701700
2023-09-19,84.55918884277344,85.8117236957461,84.5141379846546,85.56842293749403,3291000
2023-09-20,85.0367660522461,85.97391039868963,84.48709478293937,84.95566351873917,2855800
2023-09-21,84.17171478271484,85.36116594929352,83.98247782169271,84.92863512742665,3129300
2023-09-22,84.09962463378906,84.55918046523367,83.53192750400763,83.81127304598604,1973000
2023-09-25,84.08159637451172,84.15368598810042,83.18049682918472,83.64907244266736,2376500
2023-09-26,82.10820007324219,83.85632866591484,81.77479073798901,83.80226488851766,3000600
2023-09-27,81.18006134033203,82.3695194367433,80.43215388177047,82.09017388008104,3715400
2023-09-28,79.90950012207031,81.64862234908094,79.72027006108075,81.64862234908094,4489700
2023-09-29,79.53105163574219,81.062918186828,78.96335449487431,80.77456659339381,3900500
2023-10-02,76.98995971679688,79.28775980148674,75.81852736980946,79.06248487897724,6498300
2023-10-03,77.2782974243164,77.54862315773345,75.13367614838468,76.59345985827439,5606500
2023-10-04,77.60269165039062,77.8640113311647,76.4763172719732,77.27829527941891,3322900
2023-10-05,77.0260009765625,77.51258873687556,76.35017624020635,77.38643533607666,3716400
2023-10-06,78.32357788085938,78.43171231097713,74.84533277278422,75.98973314828558,3511900
2023-10-09,79.50403594970703,79.52205492022428,77.8369958707663,78.09831562976325,3008500
2023-10-10,80.143798828125,80.20687552371783,79.17060963196913,79.52203791810693,2619500
2023-10-11,80.9818115234375,81.2070863900462,79.88246907441213,80.55829367423821,2658900
2023-10-12,79.32379150390625,81.12599058612552,78.56687118929923,80.67544081557071,3172500
2023-10-13,79.90950012207031,80.68444620508085,79.34180993910164,80.14378790584736,3277000
2023-10-16,80.61236572265625,80.97280692122281,79.6752213563208,80.19786075050011,2993500
2023-10-17,80.16181945800781,80.88270188674942,79.72929550063833,79.9906083343417,2911500
2023-10-18,79.46797943115234,80.57632813815484,78.9633589579875,80.17083605019678,2790100
2023-10-19,79.0985107421875,80.0626869045498,78.63894808540743,79.22466411858306,3134300
2023-10-20,78.42269134521484,80.07170514242196,78.40467237946586,78.85522214647258,3468400
2023-10-23,77.79193115234375,78.95435047678149,77.30533653689228,77.67478380288567,3172100
2023-10-24,79.08049774169922,79.53104751276088,78.24247489253078,78.49478166435027,3213100
2023-10-25,79.43192291259766,79.69324259459435,78.5488423708556,78.97236023909701,2652800
2023-10-26,80.3780746459961,80.87368213324037,79.49500096398019,79.70225000421415,3033500
2023-10-27,78.87325286865234,80.30600491621098,78.47676681463828,80.0717170774895,2764300
2023-10-30,79.20665740966797,79.90050108720192,78.44973015933193,79.15258675795825,2426900
2023-10-31,80.0987319946289,80.13477679870546,79.21565835670542,79.61213745186062,3094500
2023-11-01,80.6844482421875,81.08994025813959,79.58510577691221,80.37807084415243,3944500
2023-11-02,80.99983215332031,81.6396119626627,80.18884124188507,80.64840390417228,4553000
2023-11-03,81.35128021240234,82.8741409127728,81.30622935208991,82.14425235216692,4022900
2023-11-06,80.84664916992188,81.62159529882327,80.62137429233063,81.26115411970852,3370700
2023-11-07,80.45015716552734,81.10796278380305,80.3059848295757,81.09894986441759,3054500
2023-11-08,79.62115478515625,80.17082604681706,78.53983810229383,79.99961493667371,3623800
2023-11-09,79.2607192993164,80.53127302415368,79.21566844461618,79.77434579184026,3441800
2023-11-10,79.54004669189453,79.90950077219657,79.0534590310159,79.72027070966747,2491100
2023-11-13,78.4136962890625,79.64820540684956,78.04424897086861,79.46798820892748,3396400
2023-11-14,80.96379089355469,81.00884861971286,79.74730791056567,79.86444837379561,5739200
2023-11-15,80.74752044677734,81.92795849975464,80.36004741700604,80.89169278061341,3175600
2023-11-16,82.201416015625,82.5660278111937,81.44484775683846,81.44484775683846,3872300
2023-11-17,82.04645538330078,82.65717612067023,81.74565014093386,82.62071424695382,3340600
2023-11-20,81.39927673339844,82.07380404399873,80.46039908689208,81.59980661701024,3637300
2023-11-21,81.9279556274414,81.97353470989398,80.87970627494805,81.60892291344814,2483900
2023-11-22,82.36548614501953,82.43840989073448,81.599800723795,82.03733624369347,2553200
2023-11-24,82.71186065673828,82.75743973483803,81.96440967488248,82.25609769330447,1472400
2023-11-27,82.88506317138672,83.06736559779719,82.19230143312171,82.82125662670387,2439400
2023-11-28,83.0673599243164,83.79658348893607,82.69363788938253,82.9124021770119,2774300
2023-11-29,82.68451690673828,83.57781538488705,82.36548421968193,83.14939708181524,2986800
2023-11-30,84.11560821533203,84.22499382597124,83.05824179671573,83.55046661300615,4959400
2023-12-01,84.44376373291016,84.45288093967004,83.45020378220859,84.04269008816914,4016400
2023-12-04,84.52581024169922,84.98157324817915,83.87862065263313,83.87862065263313,2796500
2023-12-05,84.28881072998047,84.74457373212861,83.76924118570724,84.6443053153047,2601200
2023-12-06,85.62876892089844,85.6469963840007,84.45289935061248,84.63520179920563,3260400
2023-12-07,86.1027603149414,86.49471684226249,85.07273825681519,85.59230789029729,3813000
2023-12-08,86.03893280029297,86.35796548796996,85.50113583455045,86.09362213121159,3271700
2023-12-11,86.9231185913086,86.95958046527974,85.30971370144385,85.71990456782586,4989100
2023-12-12,86.8957748413086,87.05073259152752,85.79282922101098,87.04161538434069,3942700
2023-12-13,89.4024658203125,89.45715515128049,86.45823397562755,87.05072722721454,3970200
2023-12-14,89.61212158203125,90.67861232006653,89.32043353126399,90.02231246724227,6870800
2023-12-15,88.08074951171875,89.46627284179044,87.16011331495345,89.32042535256561,8742700
2023-12-18,88.57298278808594,89.63035632245085,88.19014352401246,88.60032745632094,4277100
2023-12-19,88.24482727050781,88.91024429110536,87.92579457065608,88.88289962460254,2711900
2023-12-20,87.21480560302734,88.66412856578192,87.09630972980814,88.08986970487014,3428500
2023-12-21,87.83464050292969,87.96225357871333,86.7955014833252,87.45180127557877,3072500
2023-12-22,88.29042053222656,89.0014097930648,87.79819559294032,88.27218611536833,1927500
2023-12-26,88.17190551757812,88.88289462421771,87.89844495915172,88.07163710978116,2228300
2023-12-27,87.77995300292969,88.21748157063223,87.52471989164681,87.87110420833513,1987600
2023-12-28,88.34508514404297,88.47269820875894,87.50648301751218,87.56117234399319,1912700
2023-12-29,88.4544906616211,88.66413776324804,87.82553544795621,88.08987884276621,2295300
2024-01-02,89.15635681152344,89.58477514892046,87.6249928365679,87.9804874241119,3352200
2024-01-03,90.04052734375,90.1407957491619,88.87377530374691,89.26573171915958,3687400
2024-01-04,89.77618408203125,90.56009691358977,89.65768821842941,90.24106423897659,2423700
2024-01-05,89.82176208496094,90.01318168744027,88.93758085846788,89.7761830086794,2192100
2024-01-08,90.59657287597656,90.64215195989262,89.38424156948419,89.67592962512828,2453400
2024-01-09,90.32310485839844,90.59656543063784,89.80353533465654,90.01318936729226,2024900
2024-01-10,90.49629974365234,91.07967582457003,90.33222478624478,90.6968365754162,3076700
2024-01-11,88.55474853515625,90.2501873796018,88.27217075815453,90.2501873796018,3063500
2024-01-12,89.74884796142578,90.04053599946691,88.69148143142344,89.07432067740405,2791900
2024-01-16,89.35689544677734,90.19549772380843,88.9284771007486,89.20193769101128,3527100
2024-01-17,88.2630615234375,89.95850038743264,87.47914863129388,89.00139533523203,3272700
2024-01-18,87.37887573242188,88.03517551116626,86.92311276989281,88.02605830468622,2453700
2024-01-19,87.10541534423828,87.77994953726764,86.77726545422155,87.77994953726764,2965100
2024-01-22,86.64966583251953,87.77084595652994,86.32151589156,87.14189074395884,2465500
2024-01-23,87.15098571777344,87.4517909126431,86.60407160716782,86.60407160716782,2903000
2024-01-24,86.17567443847656,87.63411474176276,85.8201798318753,87.54296352675586,3869800
2024-01-25,87.26038360595703,87.30595573152874,86.08451427770427,87.09630865423824,2460800
2024-01-26,87.38799285888672,87.77994928447846,86.81372707581575,87.16922162991163,3554100
2024-01-29,87.29684448242188,87.6705734913283,86.87754334483357,87.53384319649932,3149000
2024-01-30,87.07806396484375,87.61586783649943,86.38530236662591,87.22391144000136,3201200
2024-01-31,87.35153198242188,88.40889845028244,86.86842434978283,87.59764092483367,3678500
2024-02-01,89.13813018798828,89.19281952369563,86.36709025708618,86.91400447733452,2745900
2024-02-02,87.70703125,88.50917161194417,87.0598486362056,88.28129011605637,2519400
2024-02-05,86.82284545898438,87.57941365539735,86.376199697291,87.0507269431287,3142600
2024-02-06,86.64966583251953,86.96870551995775,86.3670949767346,86.6770105018675,2171800
2024-02-07,87.05073547363281,87.15100389283336,86.39443562228077,87.02339080555842,2470800
2024-02-08,84.45288848876953,86.77727570414983,83.37728748986518,86.35797456279957,5581100
2024-02-09,83.57782745361328,84.52581539946473,83.52313116051184,84.09739703452887,4642800
2024-02-12,84.45288848876953,84.63519091391599,83.10382689775373,83.45932149486357,3925900
2024-02-13,83.5048828125,84.70809664389886,82.3107861867363,84.41640865308672,3428000
2024-02-14,83.25877380371094,83.85126703980677,82.88505179454917,83.22231888694608,3062300
2024-02-15,85.1440200805664,85.19011645145014,83.45699418601124,83.64137263622746,2951900
2024-02-16,84.70149993896484,85.12555972988886,83.982441726819,84.87665766926806,4120800
2024-02-20,84.75682067871094,85.53118893073206,84.36041587351419,84.81213068719318,2590700
2024-02-21,85.72478485107422,85.9921282929637,84.83056882934815,84.99650589557895,2781500
2024-02-22,84.93197631835938,85.35603615243745,84.16682870106516,85.07947906063933,4131500
2024-02-23,85.485107421875,86.03822865725094,84.73838707246527,85.18088828075689,2494500
2024-02-26,83.56761169433594,85.33760241397704,83.44776395707869,85.24541671607618,3797700
2024-02-27,83.75198364257812,84.19448484206616,83.3924544950707,83.55839156571396,2962200
2024-02-28,83.65057373046875,84.1207299163163,83.36479596716812,83.65979440992551,3255400
2024-02-29,84.6554183959961,84.88588615355899,83.66901667495965,83.94557376404443,5245500
2024-03-01,83.76119995117188,84.70150528019997,83.05135533973007,84.58166458172428,3367600
2024-03-04,85.1993179321289,85.32837931219036,83.17120450260514,83.17120450260514,3724600
2024-03-05,85.44823455810547,86.90478555160931,85.11636039925185,85.53119958115971,3679300
2024-03-06,86.72039794921875,86.95086568130802,85.70634133468936,86.1672767988679,4229900
2024-03-07,87.09838104248047,87.69759160619525,86.86791327695384,87.49478588051898,2610600
2024-03-08,87.5224380493164,87.68837511644813,86.47150563525479,87.09837821849486,2266700
2024-03-11,88.35211181640625,88.39820817897801,87.11680807263846,87.41180650647237,1966900
2024-03-12,87.58696746826172,88.73008556228059,87.2919690235692,87.93727592342232,2878100
2024-03-13,88.03868865966797,88.77618834134849,87.95572363797098,88.03868865966797,3519200
2024-03-14,87.62385559082031,88.33369328141698,86.969320885224,87.94650908654607,3540900
2024-03-15,87.3104019165039,88.18618359001022,86.98774847187215,86.98774847187215,6197000
2024-03-18,87.5224380493164,87.79899513899073,86.75728340458026,87.43946599909164,2736700
2024-03-19,87.70681762695312,88.121656816835,87.16291704318274,87.8174446931369,2492600
2024-03-20,87.95572662353516,88.24150441906063,87.19057190864993,87.57775608968157,2682200
2024-03-21,87.54087829589844,88.54572144629985,87.51322328839241,88.02946885068698,2744900
2024-03-22,87.21820831298828,88.25070627549039,87.17211195365668,88.08476922854035,2308600
2024-03-25,87.43024444580078,87.72524992514741,87.01540529877563,87.46712013071911,2016000
2024-03-26,86.35167694091797,87.64229807727631,86.25949122403225,87.3933959383529,2823100
2024-03-27,88.58258819580078,88.61946388278858,86.68353603249761,86.7480667263967,3166200
2024-03-28,89.1541519165039,89.28321330592686,88.28759084467703,88.62868567861953,2637600
2024-04-01,88.56414794921875,89.043517781382,87.92805469950349,88.96055276619356,1859700
2024-04-02,88.9974365234375,89.75337054143291,88.00181405096012,88.62868667807717,2305600
2024-04-03,88.47196197509766,89.06195885896607,88.35211424244719,88.96055248517766,2278100
2024-04-04,88.6102523803711,89.30165570315805,87.76212562576384,89.18180795921792,2694700
2024-04-05,88.41664123535156,88.68397760655009,87.72523806159992,88.24148351400645,2525200
2024-04-08,88.785400390625,89.00665451113888,88.07556276226771,88.15852778247185,2348500
2024-04-09,89.71649169921875,89.87320809215844,88.60102855537816,89.14492910733993,2460300
2024-04-10,87.95572662353516,88.57337858375017,87.12604121181133,88.23228373856413,2475500
2024-04-11,87.84510040283203,88.711661511562,87.12604205019164,88.70244083097677,2116100
2024-04-12,87.48556518554688,88.42587057407408,87.22744241353226,88.16774780205948,2279800
2024-04-15,86.77571868896484,88.15852525256241,86.36087953321272,87.99258818359799,2623100
2024-04-16,85.61417388916016,86.65588572815285,85.50354682219339,86.65588572815285,2655500
2024-04-17,87.1168212890625,87.3565097508272,85.91838601355751,86.25948086171041,1768000
2024-04-18,88.4350814819336,88.52726717127828,86.84946230526297,87.49477619731024,2639200
2024-04-19,90.56462097167969,90.72134441451797,88.48119720986833,88.59181724796736,4212800
2024-04-22,90.45399475097656,90.80430323654427,90.06680354413841,90.46320839797586,2933000
2024-04-23,90.5277328491211,91.31132885574564,90.25117575853405,90.44476783194033,2148800
2024-04-24,91.22834777832031,91.44038119010933,89.12648315123708,89.89163772278741,2652700
2024-04-25,91.29290008544922,91.82758704762782,90.35259459447892,91.11774231393444,2540700
2024-04-26,90.07601928710938,91.46804653939789,89.9930542687534,91.26523378343715,1994800
2024-04-29,91.0163345336914,91.33898800400196,90.53695763495732,90.57383332203825,2043500
2024-04-30,90.58305358886719,91.20992619974689,90.02071167175518,90.61070859572219,2565900
2024-05-01,91.98429107666016,92.70334936120656,89.87320555494544,90.29726538856723,4860700
2024-05-02,91.551025390625,92.2608701437413,90.87806336233025,92.18711876073615,2808100
2024-05-03,92.42679595947266,92.50054030015936,91.3574221363568,92.04882544268642,4338300
2024-05-06,92.57429504394531,92.86929351738475,92.04882879334012,92.63882574021899,3081700
2024-05-07,94.27054595947266,94.36273166799583,92.4636793458073,93.10898633878824,5229900
2024-05-08,94.38116455078125,94.62085301592529,93.72663688697746,94.42726092099616,3497900
2024-05-09,94.97114562988281,94.99880766737574,94.0308403213292,94.26130806721481,2996200
2024-05-10,94.64850616455078,95.54272227592412,94.58397546750933,95.40444020131572,2778700
2024-05-13,94.851318359375,95.71787945722048,94.59319557277892,94.67616059704834,2185300
2024-05-14,94.31661987304688,95.19240154409326,94.24287553827932,95.10021585064564,2168200
2024-05-15,95.27537536621094,95.56116018563164,94.82366050323517,95.22928603188505,2636100
2024-05-16,95.7548828125,96.13663946376424,95.2520921116593,95.2520921116593,4143300
2024-05-17,96.73255157470703,96.76979664783262,95.38245141681848,96.03422243708785,3694000
2024-05-20,96.51839447021484,96.76978981635106,96.21112796644883,96.76978981635106,2088800
2024-05-21,97.18880462646484,97.39364900488141,96.13665780541973,96.63945570595887,2753600
2024-05-22,96.31354522705078,97.18877947592048,96.03421076444675,96.74185286027861,3124900
2024-05-23,94.77723693847656,96.04354108352447,94.60963765152106,95.90387382709959,2529800
2024-05-24,95.13104248046875,95.43830898503289,94.66548975371249,94.9913752416877,1864500
2024-05-28,94.20926666259766,95.59661204361346,94.1347765082925,94.87966384379975,2472200
2024-05-29,93.50161743164062,93.91130614599551,93.13848683619754,93.60403961022934,2527900
2024-05-30,94.32098388671875,94.37684793989625,93.12916295668983,93.83680507994465,2423800
2024-05-31,96.43458557128906,96.49976266485265,94.46063957458121,94.61893289075313,4000800
2024-06-03,96.2856216430664,96.66737119807202,95.73626571278766,95.98766106815515,3429700
2024-06-04,97.39363098144531,97.64503343707709,95.95042176164854,96.13664001459942,4822700
2024-06-05,96.09008026123047,97.3936293209753,95.93179403854376,97.20741107119926,2228200
2024-06-06,95.77351379394531,96.6673742354517,95.45693422504043,95.94111307071347,1945300
2024-06-07,95.55005645751953,96.6301352282258,94.7213730658608,94.97276844490834,1886800
2024-06-10,95.45694732666016,95.88526217345449,94.89828536201283,95.43832833947324,1915500
2024-06-11,95.3079605102539,95.5966009449604,94.31167789934918,94.98207500271896,2434400
2024-06-12,94.33961486816406,96.14596192419266,93.97648426878516,95.90387249001617,2397300
2024-06-13,94.28375244140625,94.78655030397411,93.52955209566859,94.31168447203139,1811200
2024-06-14,95.3079605102539,95.33589253893244,93.73438992616492,93.93923427483583,2668000
2024-06-17,93.85543823242188,95.06587113293874,93.75301605803881,94.92620388570991,2953100
2024-06-18,93.13848114013672,94.17200880358169,92.83121462316203,93.79025924618345,2469400
2024-06-20,93.20365142822266,93.79025239116787,92.5518804735842,93.34331866243679,3084800
2024-06-21,92.96156311035156,94.08820693668376,92.69154878583998,93.38056481786711,4986000
2024-06-24,94.51652526855469,94.82378469760909,92.90570956015921,93.10124087092892,2026400
2024-06-25,93.2967758178711,94.46997083198526,93.0733124688209,94.26512646878435,2115600
2024-06-26,93.06399536132812,93.30608478943104,92.45878244672807,92.97088622860285,1958900
2024-06-27,93.65990447998047,93.93923898832418,92.87777922265273,93.11055561168193,2358000
2024-06-28,93.32470703125,93.8181918077461,92.7846641384247,93.65989847448961,3898700
2024-07-01,92.50534057617188,94.28375569422732,92.44947651299427,93.79027085943306,2097600
2024-07-02,92.93364715576172,93.11987253700889,92.37498521956408,92.76604786452523,1856100
2024-07-03,92.96156311035156,94.10682591970256,92.68223574244523,92.84983500469731,1072700
2024-07-05,93.6319580078125,94.01371463674744,92.6915466559021,93.11054125001897,1929800
2024-07-08,93.70645904541016,94.40478818601314,93.13848410941803,93.52024078275791,2535100
2024-07-09,93.98578643798828,94.41409409272619,93.38987951802503,93.65989384732674,3200600
2024-07-10,95.74557495117188,95.81075204840039,93.94854115184751,94.27442663799009,3128400
2024-07-11,97.2632827758789,97.66365843778377,95.58729708475295,95.95973361359998,3329800
2024-07-12,98.12921142578125,98.60407723604403,97.08637067283217,97.46812735067145,2715300
2024-07-15,98.06403350830078,98.1292106108331,96.85359348553332,97.47743958550994,2863400
2024-07-16,99.19068145751953,99.8703916919159,98.55752934605236,98.9858370826666,3057000
2024-07-17,100.11246490478516,100.96908740361441,98.37130208497004,99.6934702517467,3374700
2024-07-18,99.54450225830078,101.10875283336185,99.36758992259996,99.63761139675367,2638700
2024-07-19,99.55380249023438,100.19626758512706,98.98582754334086,100.16833555557025,2163200
2024-07-22,100.13108825683594,100.28006144575285,99.23722781202044,99.57242636679766,2373200
2024-07-23,99.74003601074219,100.46629725365358,99.64691976624825,100.07523460035854,1512000
2024-07-24,101.11805725097656,101.41601073086764,99.66553492447896,100.79217174230996,2875500
2024-07-25,100.14970397949219,102.44022262668301,99.58172906371796,101.49049815492921,3165200
2024-07-26,100.58733367919922,101.00633544833177,100.01005277170407,100.37318337602255,2270500
2024-07-29,101.19254302978516,101.6767147497988,100.50352696922961,100.82009942005182,3445100
2024-07-30,102.32850646972656,102.44954763990611,100.46629527684263,100.67113964466337,2929800
2024-07-31,101.74189758300781,102.18883136063172,100.95977235188022,101.39739308519889,3946000
2024-08-01,104.84247589111328,104.94489806247275,101.74189293000468,102.20744567117639,3975500
2024-08-02,106.071533203125,108.63207323996737,103.95792691655434,106.47190883849119,4606500
2024-08-05,103.36202239990234,107.05851233058789,103.36202239990234,106.24844799719716,4918700
2024-08-06,105.14043426513672,106.33224820151995,103.68791191814107,104.7400586049044,4289800
2024-08-07,105.6897964477539,106.87229740950991,104.87041899037479,105.41977497691504,4921300
2024-08-08,104.68418884277344,106.10877908297958,104.19070407760618,104.72143391422752,4716700
2024-08-09,104.90765380859375,105.17767525303097,103.47375050215356,105.16836220907904,2218700
2024-08-12,105.55943298339844,105.60598399608766,104.37692502150715,104.87040979939438,3058600
2024-08-13,105.88532257080078,106.0901669250926,105.00076805033804,105.54081096551258,2732900
2024-08-14,105.64322662353516,106.64882224412914,105.03800664241261,105.56873648043093,1979200
2024-08-15,105.31734466552734,105.46631785296984,104.65626060675162,105.14974538979749,2658200
2024-08-16,105.53819274902344,105.86711710717,104.88973675009647,105.6133703380189,2642700
2024-08-19,105.93290710449219,106.36520873468986,105.4912055864603,105.51939807994937,1716200
2024-08-20,105.61337280273438,106.58136046503184,105.3502333100762,106.11146646528127,2822600
2024-08-21,105.94229888916016,106.34640799495982,105.5005974049125,105.60397465314124,2798600
2024-08-22,105.3690414428711,105.89532046993052,104.73937798405186,105.87652786325583,5459600
2024-08-23,105.59457397460938,106.19603768524334,105.16227238071703,105.49119672715544,2732500
2024-08-26,106.20545196533203,106.78811598083945,105.26566389385404,105.75435053621645,3038900
2024-08-27,105.16227722167969,106.28062005105129,105.04950008198945,105.97988818189063,2136500
2024-08-28,105.91410064697266,106.7975036273048,105.15287469073682,105.62276867261339,2429700
2024-08-29,106.18663787841797,106.26182263480726,105.11528019491604,105.91409851401653,2021900
2024-08-30,107.08883666992188,107.21101369523697,106.04567144614882,106.19604096345563,3022400
2024-09-03,108.81805419921875,109.40072534480798,107.05125532712906,107.13583280615903,3792500
2024-09-04,110.01158905029297,110.82920725143552,109.19397801916438,109.46651741954523,2795000
2024-09-05,109.8142318725586,110.99836681954,109.31614535478452,110.67883515511032,2585900
2024-09-06,109.57927703857422,110.26532541880871,109.2315600747682,110.00218593159985,3482400
2024-09-09,110.10557556152344,110.19015304762915,108.95903294977442,109.88942114700761,2829800
2024-09-10,109.88941955566406,111.06415464576993,109.68266503260318,110.3029286017858,2594200
2024-09-11,109.20335388183594,109.47589324015016,108.39513569373523,109.37251599492708,3667400
2024-09-12,108.98722076416016,109.79543905674535,108.8650437294584,109.35373752823789,2390300
2024-09-13,110.24652862548828,110.33111327438621,108.77106174372491,109.24095574645227,2311000
2024-09-16,110.61304473876953,111.18631599240572,110.38749762635948,110.99836126039958,2212000
2024-09-17,109.70146179199219,110.64124983822869,109.31614525142862,110.47208770310557,2251500
2024-09-18,108.90263366699219,110.1243609665014,108.34816217430087,109.60747468516745,2265300
2024-09-19,108.20719909667969,108.58311576316567,107.08884898563775,108.16020682461367,3952300
2024-09-20,109.3631362915039,109.64506840019509,108.39514859195778,108.69588764658363,6277000
2024-09-23,110.24652862548828,110.39689814796749,109.44771025485446,109.82362689103904,2332400
2024-09-24,108.99661254882812,110.67882671529253,108.86503563585134,109.48529914126227,2925300
2024-09-25,109.21276092529297,109.72964718527946,108.4233424591463,109.57927766600582,3496700
2024-09-26,108.23538208007812,109.31613971249197,107.92525031973084,108.18839698215525,3425700
2024-09-27,108.98722076416016,109.32554503408018,107.91586296608469,108.5455192356527,3523000
2024-09-30,108.3575668334961,109.33494011212417,107.45536398089277,109.28795501085175,5539400
2024-10-01,109.22216033935547,109.44770744727504,107.9910403781951,108.4985195785108,3729700
2024-10-02,109.65446472167969,109.77663458113763,108.19779044577182,108.54551458886306,3360200
2024-10-03,108.78987121582031,110.03978392527345,108.5267316980407,109.93641383187213,3856600
2024-10-04,107.18282318115234,107.95344904653751,106.95726890102983,107.72789476641502,3512900
2024-10-07,103.59283447265625,106.93847746076622,103.48945721897749,106.93847746076622,5955000
2024-10-08,104.00634002685547,104.44804155014332,103.42367603444485,104.31647179895295,4810600
2024-10-09,104.61719512939453,104.89913438461554,103.6586145676667,104.12850854635964,3601500
2024-10-10,106.30883026123047,106.66594715066199,104.34466944432198,105.15288776725852,6301600
2024-10-11,107.29559326171875,107.44596278195532,106.30882017271645,106.57195966311707,3406700
2024-10-14,108.16019439697266,108.31996380163112,107.22980631108263,107.29559118240792,2807100
2024-10-15,110.06796264648438,110.96075829335304,108.733458364516,109.48529156083585,2863200
2024-10-16,112.56780242919922,112.85913440686616,109.90820074077863,110.5190643581563,4776800
2024-10-17,113.31963348388672,113.53578069861395,112.2858681660284,112.56780025089171,4589900
2024-10-18,113.48880004882812,113.57337752659657,112.41744231034741,113.47000027375955,3562300
2024-10-21,112.67118072509766,113.94929295576962,112.46442622160465,113.76133822714687,2703200
2024-10-22,112.66177368164062,112.71816583265618,111.25209179646988,111.5716234188486,2877000
2024-10-23,113.31023406982422,113.34782644863223,112.1918841028283,112.57720060810065,2286400
2024-10-24,111.85356140136719,113.66735247621523,111.75958403806167,113.52639001626356,2283700
2024-10-25,110.1525650024414,112.33287316032812,110.1525650024414,112.29528077501799,2406300
2024-10-28,110.01158905029297,110.95137711918667,109.97399666713555,110.15255869462982,2214300
2024-10-29,107.52114868164062,109.34433252874511,107.49294901878737,109.01540816225823,3478800
2024-10-30,107.13583374023438,108.32936136481524,106.96667161068609,108.10381424875538,2480000
2024-10-31,108.32936096191406,108.84624723639293,107.03245608687642,107.12643345405071,3835800
2024-11-01,105.89530944824219,108.45153389078618,105.82012468934073,107.77488540069945,3713100
2024-11-04,105.74494171142578,106.3182129601815,105.32203998300557,105.89531123176128,3050100
2024-11-05,107.21101379394531,107.29559126999835,105.31263807127168,105.81072455028595,2558500
2024-11-06,106.7881088256836,107.37077997216409,105.74494356263742,107.14523285772567,4236700
2024-11-07,104.39165496826172,106.39340086938566,103.66801417775214,105.85772198485877,5593500
2024-11-08,106.41219329833984,107.18281913463123,104.84274196429635,105.04009657444271,3788500
2024-11-11,105.68856048583984,107.28620443117552,105.62277561085631,105.857722617228,3243400
2024-11-12,105.14347076416016,106.27122057934662,105.03070080165053,105.87651137053716,2876800
2024-11-13,104.60779571533203,106.00808494057958,104.00633199348586,105.74493828851038,2193000
2024-11-14,104.01573944091797,104.85215021396635,103.884169690327,104.85215021396635,3685800
2024-11-15,106.4207992553711,106.49670064559764,103.79277695438265,103.85918886124213,3868000
2024-11-18,107.72058868408203,107.85341250429286,105.94643160218686,106.25002993957666,5030800
2024-11-19,107.758544921875,107.80597786675763,106.30696507039275,107.49289726779402,3862000
2024-11-20,107.91033172607422,108.10956745047399,107.2082619489005,107.62571236479818,2325500
2024-11-21,108.97293090820312,109.14370542252615,107.35057664131193,108.28034336723883,3095300
2024-11-22,108.82112884521484,110.05450114999655,108.73574520666416,109.59910002932716,2008700
2024-11-25,109.10575103759766,109.95962358034551,108.31829040159937,109.15319121599947,4163000
2024-11-26,111.04119873046875,111.09812115677632,109.18165800808319,109.47576686181273,2850500
2024-11-27,111.40171813964844,112.50226662391374,111.26889432097576,111.64839404790708,2221900
2024-11-29,111.05068969726562,111.68634759403972,110.88939742331475,111.19299576493488,1899500
2024-12-02,109.27652740478516,111.27838136302685,108.92548889836401,111.05068442720629,3429900
2024-12-03,107.81546020507812,110.25373635179221,107.80597072138828,109.86475438077125,2440600
2024-12-04,107.47391510009766,107.91982675118447,106.94261980775019,107.63520013693807,2218900
2024-12-05,108.16650390625,108.53651416599402,107.20826868156021,107.40750441847196,2178700
2024-12-06,106.3543930053711,108.48907086013777,106.21207970071558,108.00520851965116,2808800
2024-12-09,106.12669372558594,106.82876351118712,105.57641948681642,105.98438042406207,2573900
2024-12-10,105.4151382446289,106.20259893478548,104.66562825213288,106.20259893478548,2941300
2024-12-11,103.97303771972656,105.30128314651789,103.58405574692893,105.12102638571885,3820800
2024-12-12,103.56507873535156,104.66561992654344,103.195061272183,104.56125732586729,3087600
2024-12-13,103.24250030517578,104.36202045045118,103.1571166719448,104.03945040710555,5141200
2024-12-16,101.93323516845703,103.61251178764235,101.6865592721945,103.16660017305986,5673900
2024-12-17,102.36016845703125,102.65427729472181,101.06987378315245,101.46834522228576,2784900
2024-12-18,100.33934783935547,102.3791525538299,100.21600626509438,101.87631124970177,4713900
2024-12-19,101.59169006347656,102.6922312982102,100.32036707692072,100.45319089424451,4237600
2024-12-20,102.73017120361328,103.11916036945595,101.25013040126525,101.66758077663701,6044500
2024-12-23,102.99583435058594,103.07173574635195,101.66759611645821,102.56890166652424,2757400
2024-12-24,103.38481903076172,103.44174145590641,102.56889715803031,102.8345447931791,991900
2024-12-26,102.7586441040039,103.36584077088672,102.34120091949399,103.10968261762734,2914600
2024-12-27,102.787109375,103.41328503402032,101.99016643263471,102.08503955838931,2127200
2024-12-30,102.18939208984375,102.58786352172734,101.56322373093452,102.4645291942457,2217200
2024-12-31,102.21786499023438,102.5783930074715,101.68656968696571,102.35068881605153,2987400
2025-01-02,102.29375457763672,103.29942263939326,101.93323384037707,102.91993017421669,2865500
2025-01-03,102.25581359863281,103.1001967190775,102.13247925956809,102.53095072887457,2299300
2025-01-06,100.91807556152344,101.91425413289906,100.47216395599375,101.84784222814069,4358500
2025-01-07,101.33553314208984,102.32222960920109,100.8516780121297,101.21219879808436,2976400
2025-01-08,102.6827621459961,102.89148014386481,101.03193922586684,101.0983511429969,3209300
2025-01-10,100.44371032714844,103.0242925628084,100.03574938473639,101.96170200646468,2998100
2025-01-13,100.69986724853516,101.09833870228142,99.8080439810843,101.01295506434516,2387900
2025-01-14,101.37347412109375,101.40193533326169,100.19703150857,100.71884452616587,2866200
2025-01-15,100.99397277832031,102.5594045675746,100.89909965983473,102.5594045675746,3791800
2025-01-16,103.47020721435547,103.48918618247431,100.47217446521773,100.66192071627316,2899100
2025-01-17,103.65995788574219,104.26715455863936,102.8914689416416,103.15712381959501,2928400
2025-01-21,105.09255981445312,105.64283406713744,103.69790969164723,104.36202879774528,3144100
2025-01-22,103.24250030517578,104.95024535334326,103.0622363172151,104.88383344804535,4276900
2025-01-23,103.73585510253906,104.11535484388843,103.10968668191482,103.6979116429241,2612500
2025-01-24,104.22919464111328,104.5992048547283,103.16659693836868,103.2709595358862,2695300
2025-01-27,106.84774780273438,106.98057162721388,103.8212465770467,105.31077709872872,3585100
2025-01-28,105.60487365722656,106.92362950258695,105.57641244649075,106.62003119081379,3664600
2025-01-29,104.95025634765625,106.45875859960192,104.87435495126317,105.76617826299291,2744200
2025-01-30,106.50619506835938,106.63901888823827,105.1305094505346,106.27849088711956,2204800
2025-01-31,106.25003814697266,106.68646033828519,105.67130264062527,106.50620356170654,3537800
2025-02-03,107.39801025390625,107.64468616243728,105.50051885550964,106.24054658110272,4830200
2025-02-04,106.66748809814453,107.04698785697326,105.61437970561384,106.86672384289955,2087900
2025-02-05,108.0241928100586,108.35625237837942,106.68645781408017,107.34109470473818,4858600
2025-02-06,108.65036010742188,109.02037760921688,107.54981880134352,108.18547671665162,2593300
2025-02-07,109.09626007080078,109.76986861248825,108.08110251665842,108.3277784119547,3476900
2025-02-10,109.67501068115234,109.69398965022485,107.8344487906918,109.09627517649061,2606700
2025-02-11,110.7091293334961,110.82297417598609,108.13802955751324,109.50421833587596,2404700
2025-02-12,110.40554809570312,110.50991070969373,108.4795880982849,108.85908785476383,4149900
2025-02-13,108.10957336425781,109.73193493720431,107.09441571962994,109.39038589430562,5658500
2025-02-14,106.86000061035156,109.11018736494312,106.79297401954587,108.45906878053763,3581600
2025-02-18,106.1801528930664,107.4632426839113,105.8162953162881,106.76424486194092,4726600
2025-02-19,107.04193878173828,107.3483471139954,106.23761234371904,106.59189994569013,3860600
2025-02-20,108.35374450683594,108.44949573311148,106.32378490518336,106.77382370456368,3159500
2025-02-21,110.6422348022461,111.0348170274435,107.77922414800595,107.90370731883837,4424000
2025-02-24,110.99651336669922,112.00191950550584,109.91451063011755,110.97736604359302,2731300
2025-02-25,112.3083267211914,112.71048625066557,111.08269350449861,111.47527571983761,3111900
2025-02-26,111.36995697021484,112.16470609023948,110.88162348664864,111.94447898322355,3021500
2025-02-27,110.9677963256836,111.8295720314608,110.11559793479023,110.70926726662582,3239100
2025-02-28,112.49983215332031,112.96902558882519,110.88161667840176,112.12639725100446,5403200
2025-03-03,113.62970733642578,113.67758660013891,111.70508366503721,112.33704757502078,4264900
2025-03-04,111.4656982421875,114.59680766236224,111.42739629356353,114.20421816797885,3888700
2025-03-05,110.33583068847656,111.94447621332554,110.1634755499088,110.69968828974156,3491300
2025-03-06,109.96238708496094,110.76671348995087,108.97613553430052,110.59435835354951,3756100
2025-03-07,111.78169250488281,111.97320227536478,109.46447907218172,109.9336652254987,3479200
2025-03-10,113.4669418334961,114.19466434982517,111.94447751293148,111.98277216163495,5022400
2025-03-11,112.7009048461914,114.43403337424296,112.2221414317125,113.25627216027091,6297500
2025-03-12,111.6859359741211,112.31790722870578,110.7379863975945,111.76253987867992,4668300
2025-03-13,113.18925476074219,113.313730628683,111.42740875903884,111.98276881284065,5370300
2025-03-14,115.01813507080078,115.2862414367719,112.5477138894659,113.14138320365235,5709900
2025-03-17,115.67881774902344,116.31078898390247,113.99357573337971,114.57766770306482,7126500
2025-03-18,115.63095092773438,115.92778193014719,114.60639743306538,114.74045061514539,4384800
2025-03-19,114.2425308227539,115.74584774671567,113.62971419804022,115.39156747310487,4220600
2025-03-20,115.05643463134766,115.1521858592962,114.05102847451194,114.5106372908051,4343900
2025-03-21,114.04145050048828,115.77457912933914,113.35202997468578,114.88407883440263,5850300
2025-03-24,113.13179779052734,114.72128854872288,112.99774461713797,113.79248634356071,3904700
2025-03-25,111.14971923828125,113.20840344050173,110.03898457834828,113.08392027375224,5551600
2025-03-26,112.13597869873047,112.34663579095047,111.14972713547375,111.36038422769377,3095900
2025-03-27,112.65303802490234,113.20840536430644,112.1359726370451,112.86369510573495,2833500
2025-03-28,114.33828735351562,114.8649227501884,112.64346069816894,113.63928952222598,3941400
2025-03-31,116.78955841064453,117.29704650421483,115.06600705007502,115.1904902238304,6465600
2025-04-01,115.92778015136719,116.85658240249197,115.46816403032334,116.85658240249197,2934100
2025-04-02,115.27666473388672,116.23419164906501,114.80747859094753,115.91820601377202,2541700
2025-04-03,118.78120422363281,119.37486617301283,116.46398378120327,117.77579814658303,7427100
2025-04-04,113.87866973876953,119.9493865238954,112.8541162909027,119.69085748607955,8332600
2025-04-07,111.89659118652344,115.20963329707334,110.79543381930576,112.72006488337489,7214800
2025-04-08,111.02523803710938,113.33288130833289,109.82832944548313,113.15094886469362,4976200
2025-04-09,111.36995697021484,112.83497203161517,107.31004475670173,109.87621726923426,7414700
2025-04-10,111.87743377685547,112.98816843070846,109.75173030389047,111.36994571462441,6360400
2025-04-11,113.88825225830078,114.26168716629773,110.61350469573823,111.9157418691355,6054400
2025-04-14,115.47773742675781,116.04268207084519,113.05519564879621,113.64886492972106,3226200
2025-04-15,115.3724136352539,116.57889956952079,115.22878313980658,115.92778098812998,2340900
2025-04-16,115.23836517333984,116.7991387529113,114.97025880037931,116.32994529487961,2506800
2025-04-17,116.62678527832031,118.30245743861026,115.38199732282172,115.80331151797833,3409800
2025-04-21,115.06600189208984,116.77039854705643,113.93611989644285,116.41611828157365,3076200
2025-04-22,117.32576751708984,117.67047777855159,115.38198911822803,116.22461014327321,3522600
2025-04-23,116.2629165649414,116.93318979037512,114.94153204877018,116.06183678891648,4036000
2025-04-24,115.57349395751953,116.35866572364289,115.06600586915755,116.00438544591498,3199000
2025-04-25,114.75959777832031,116.1192842262872,114.34786091812182,115.64052077514248,2717200
2025-04-28,115.54476928710938,115.74584905949759,114.11805625139274,114.89365070279734,2119800
2025-04-29,116.5310287475586,116.73211583896786,114.29999647061632,115.18091952535282,2323600
2025-04-30,116.83741760253906,117.20128246408339,115.53518786787183,117.15340320166447,2999000
2025-05-01,116.17674255371094,117.17257142369715,115.55434859680074,116.62678137340525,2609900
2025-05-02,116.41612243652344,116.81828198186541,115.42029358233104,116.21504266385244,2720100
2025-05-05,115.62137603759766,116.9714925065926,115.133035261009,116.93319055300223,3875200
2025-05-06,117.7183609008789,118.89611491166146,116.35866713375067,116.82786058049061,3959100
2025-05-07,117.39279174804688,118.13009152233026,116.50229147471966,117.34491978818639,3466700
2025-05-08,114.90322875976562,117.23959674892636,114.73087362441194,116.83742989620077,3571300
2025-05-09,115.2192153930664,115.37241590062801,114.2999904316449,115.13303417196563,3036900
2025-05-12,110.92948913574219,115.20963551795822,110.54647691732445,113.95527762535681,5661200
2025-05-13,108.26757049560547,111.11142666790923,108.24842317121606,111.05397738939021,7359400
2025-05-14,107.68346405029297,108.38246183513117,106.49613285277651,108.26755598813934,4203200
2025-05-15,111.01567077636719,111.14972395751971,108.55482694328067,108.7463294005413,4177700
2025-05-16,112.33457946777344,112.37322978552265,110.72096003186954,111.17509205067992,2966700
2025-05-19,113.03992462158203,113.16553999402332,111.8417942889817,112.14132502918325,2773000
2025-05-20,113.34912872314453,113.85157550894657,112.56648001932355,112.7404027725943,4459300
2025-05-21,112.50850677490234,113.67765129000593,112.14133242728998,113.33947021072714,2769900
2025-05-22,111.66787719726562,112.750064006093,110.91421441167645,112.66309894602027,4702600
2025-05-23,112.55680847167969,113.0206049083087,110.98184674082887,112.7790459536006,2683700
2025-05-27,112.45053100585938,112.96264222342607,112.08336401895377,112.93364895421693,3742300
2025-05-28,110.58570098876953,112.34425011431037,110.12191186323966,112.08336965267422,2797700
2025-05-29,111.55193328857422,111.68720572674938,109.56148966531543,110.0542720454078,2292800
2025-05-30,113.74528503417969,113.89987893629296,110.95286402742255,111.5519255343289,8078800
2025-06-02,113.27183532714844,113.69697410104445,112.40222156177863,113.05926225430306,2820300
2025-06-03,112.7887191772461,113.6293396872789,111.60991020679634,113.37811629067612,2609600
2025-06-04,112.06404113769531,113.706639192771,111.71619562950133,112.8466898452344,3288300
2025-06-05,111.83213806152344,112.3828922151708,111.4456422373265,112.3828922151708,2443000
2025-06-06,111.33936309814453,112.17998359128212,110.88523105749587,111.6775441799697,2094600
2025-06-09,111.57125854492188,112.46985821062465,110.53738644539672,110.83691721003272,2407400
2025-06-10,112.4022216796875,112.65343770077307,110.97218933382432,111.68720182085855,2095400
2025-06-11,112.42153930664062,112.65343384578217,111.94808580578658,112.35390309223291,1929700
2025-06-12,113.32013702392578,113.61966777241287,112.50850246475008,112.83701910866567,2432200
2025-06-13,112.91432189941406,114.34434682767254,112.60512672261808,113.53271225300603,2789500
2025-06-16,111.50361633300781,113.72595432045887,110.95286220440099,113.29115114537771,3276000
2025-06-17,110.91421508789062,111.77416441225905,109.82237122157201,111.71619261972015,2344100
2025-06-18,110.71131134033203,111.05915685454409,110.17987864589836,111.02050653387664,2937900
2025-06-20,111.50361633300781,112.22829320600597,110.80792535544249,110.98184809983383,6203100
2025-06-23,113.02061462402344,113.3298098177577,111.87079154179526,112.02539282455984,2440500
2025-06-24,113.00128173828125,113.5810291561291,112.08336061301323,112.77905161699493,2477800
2025-06-25,112.03504180908203,113.97717789615278,111.89011233166914,113.97717789615278,2966300
2025-06-26,112.32492065429688,112.82736006653717,111.45530689100144,112.10268315909009,3143600
2025-06-27,112.97229766845703,113.82258996342556,112.17998453928756,112.22829928215432,3578700
2025-06-30,114.01583099365234,114.07380278603078,112.37323298737687,112.68242816638617,3486700
2025-07-01,114.85646057128906,115.30092818706929,113.04959683974786,114.67287339693398,3498600
2025-07-02,113.10757446289062,114.42165590414402,112.15100296596772,114.10279628123804,2834200
2025-07-03,113.34912872314453,113.89988287986944,112.53749412241089,113.04959795932065,1953900
2025-07-07,113.32980346679688,113.4554114731579,112.64377689951223,113.24283840716656,2050600
2025-07-08,112.38288879394531,112.83702082066716,111.50361800816438,112.60512628192635,3135100
2025-07-09,113.21385955810547,113.43609706050968,111.63889768209283,112.38289608757746,2102800
2025-07-10,114.18009185791016,114.3926649304156,112.32492074261766,112.66310182533326,2072700
2025-07-11,113.49407196044922,113.87090338508986,112.65344404374576,113.75495979092052,2098900
2025-07-14,113.94819641113281,114.59557267461552,112.78871631618483,113.48439995007682,2684800
2025-07-15,113.1462173461914,113.86122981605313,112.02538758574286,113.56169905944779,2431500
2025-07-16,113.81292724609375,114.13178686148538,112.80804102812293,113.03993557941007,2160600
2025-07-17,113.49407196044922,114.09314089357301,113.04960431527807,113.32014919740006,2430900
2025-07-18,114.42164611816406,115.06902236011862,113.29115195741454,113.37810964433632,2475600
2025-07-21,115.78404235839844,116.21884553723743,114.45063218260931,114.45063218260931,2232100
2025-07-22,116.65365600585938,117.85178638129321,115.85167849081007,116.06425155473104,3194700
2025-07-23,115.47484588623047,116.75027688451583,114.88544144131582,116.74061246213192,3309500
2025-07-24,115.70674896240234,116.04493005286041,115.18498069206923,115.47485441063037,2133200
2025-07-25,115.88066864013672,116.32513625747102,115.55214460971025,115.63910967168583,2317100
2025-07-28,113.62934112548828,115.86135108223442,113.48440426516011,115.5907988361175,2930100
2025-07-29,115.45552825927734,115.49417858077396,113.71630802270016,114.03516027440585,2848000
2025-07-30,116.41210174560547,117.38799467402745,115.22362837288665,115.46518734222184,3432300
2025-07-31,117.53292846679688,117.66820089635547,115.46518433292158,115.97728815507838,5490800
2025-08-01,118.76004791259766,119.22383697696944,117.57157461303073,118.11266431206256,4642700
2025-08-04,119.97750091552734,120.30602493016681,118.55713306980368,118.87599266206702,4066000
2025-08-05,119.8132553100586,123.5332621658909,119.78426941164821,122.6829772014077,6746900
2025-08-06,120.98238372802734,122.14187111201086,119.81323929372803,120.44129403857818,3813100
2025-08-07,121.6780776977539,122.07423055254269,120.48960438979891,120.50893323449749,2832100
2025-08-08,121.08868408203125,122.25782864982611,120.95341164422325,121.72640332180752,2643800
2025-08-11,121.32057189941406,121.70706771674331,120.69252448952292,121.44618727882795,2244500
2025-08-12,120.26737213134766,121.33989446734785,119.19484979534748,121.16597172713716,3826300
2025-08-13,121.46550750732422,121.5138222484181,119.76493035158376,120.19007648346751,3009200
2025-08-14,120.06446838378906,121.45584299031815,119.8132449995263,121.45584299031815,3410300
2025-08-15,119.33839416503906,120.55663015053568,118.83161126670232,120.38120387120327,4024700
2025-08-18,118.37355041503906,119.8744180042657,118.24685655247295,119.8744180042657,3224700
2025-08-19,120.63459777832031,120.67358222171177,118.29558322348916,118.54897838777246,2908400
2025-08-20,121.31681823730469,122.74945754094794,121.02443862034421,121.33630674185821,3455700
2025-08-21,120.98545837402344,121.74563648187252,120.7905435796344,121.16088466318267,2084700
2025-08-22,121.18036651611328,122.06724588359975,120.19603719230467,121.61893593269713,2182900
2025-08-25,119.98162841796875,121.06342258671738,119.7477291866379,120.80027944538799,2454300
2025-08-26,120.14730834960938,120.40070352435434,118.99729324641002,119.87442467012522,3102000
2025-08-27,120.53714752197266,120.7028258395508,119.64052757746684,120.46892660088031,2560800
2025-08-28,119.26043701171875,120.4689250709452,119.14348367610744,120.16680491501926,2496500
2025-08-29,119.37738037109375,120.0595969943562,119.00703930282384,119.28967094789397,2151200
2025-09-02,118.79263305664062,119.65026855864728,118.28585013171005,119.34814839775729,2449100
2025-09-03,118.41254425048828,118.7926333038579,117.55490874669681,118.21762945638383,2152100
2025-09-04,117.79854583740234,119.33839042379917,117.3209919924828,119.09474323433815,3069700
2025-09-05,117.54515075683594,118.39304565351392,116.98963546191509,118.22735991357307,1980700
2025-09-08,117.1163330078125,117.75956517770324,116.71675547073201,117.3404917009472,3069000
2025-09-09,117.32099914550781,117.95448336383423,116.85320067711352,117.19430527605157,2182800
2025-09-10,118.266357421875,118.37356279199486,117.14557873868202,117.35024894383663,2104400
2025-09-11,119.00704193115234,119.12399526685752,117.89601126628247,118.27610031292097,2178000
2025-09-12,118.85110473632812,119.7769685853007,118.77314328099618,118.97780604284755,2136400
2025-09-15,119.26043701171875,119.53332069262254,118.52949539407392,118.55873186909609,2202600
2025-09-16,117.19430541992188,119.70874635607639,117.14557300478978,119.51382413107065,4158400
2025-09-17,118.022705078125,118.4125420947596,117.21379456982466,117.67185250670612,2437700
2025-09-18,117.33074951171875,118.04220263448083,116.6485402999108,116.97989693549674,2541100
2025-09-19,118.00321960449219,118.55873495092148,116.95066186319794,117.69135147027791,4842000
2025-09-22,118.49050903320312,118.90958251796513,117.66211003370313,118.12990849754011,2062000
2025-09-23,119.97188568115234,120.10832752500716,117.89601411205602,118.37356056554786,2123700
2025-09-24,120.49816131591797,120.80028147126713,119.82569264960132,119.87442506489367,2173100
2025-09-25,119.21170043945312,121.1413895143777,119.16296802576704,120.95621526499741,2285600
2025-09-26,119.89390563964844,120.3129791026672,118.93881282148058,119.03627021009659,2644400
2025-09-29,119.67951202392578,119.95239570829688,118.23711727514936,119.92315923290322,4210000
2025-09-30,120.60536193847656,120.78078821689888,119.50407929008902,119.85493184693365,3719800
2025-10-01,119.2799301147461,120.67359248353486,119.21170919189026,120.42019729770338,2489200
2025-10-02,118.48075866699219,118.97780103084888,117.86677040730265,118.4125377492489,3098800
2025-10-03,120.40070343017578,120.68333507956974,118.89983575866435,119.0070411234525,2761900
2025-10-06,121.21935272216797,121.29732161098599,119.66001212342,120.29349633290207,2289000
2025-10-07,122.36936950683594,122.7494585506977,121.1803699601822,121.67741233889473,2723300
2025-10-08,122.04776000976562,123.11005824415302,121.23884951253038,123.05158529489061,2423000
2025-10-09,121.54097747802734,122.88590744618332,121.44352007781714,122.70074061644085,1500800
2025-10-10,123.79226684570312,124.03591404716221,121.84308923403042,122.10623237549883,2955400
2025-10-13,122.88589477539062,123.72404171471824,122.49606521474524,123.00284810489758,2136200
2025-10-14,124.57194519042969,125.22492536401234,123.0808254554035,123.68507321279306,2712900
2025-10-15,125.40033721923828,125.71221276863378,123.84099664987254,124.9227833608682,3023200
2025-10-16,124.16261291503906,126.21898841433449,124.16261291503906,125.56601571175848,2785200
2025-10-17,125.2638931274414,125.38083902083552,123.88972683140501,124.91304057621463,3120800
2025-10-20,125.66348266601562,125.91687040127555,124.44524666199584,125.72195561484138,3759300
2025-10-21,125.06898498535156,126.20925211958999,124.02617524595422,126.20925211958999,2628800
2025-10-22,125.75119018554688,126.7257789740087,124.25032255905296,125.28339173097771,3143000
2025-10-23,124.02617645263672,126.5601059207718,123.93845959156047,126.5601059207718,2531000
2025-10-24,124.13336944580078,125.17617909140293,123.75328043524162,124.06514853199585,2175000
2025-10-27,124.25032806396484,124.33804492528434,123.05158796493913,123.77278161840711,2308300
2025-10-28,122.45708465576172,124.1138826476229,122.19394151490505,123.63633621581955,3159200
2025-10-29,121.13164520263672,122.86641211072819,120.67358726803496,122.45708659128422,3686400
2025-10-30,122.02826690673828,122.68123964042488,121.2193563906964,121.35579823249591,2666400
2025-10-31,121.14139556884766,121.75538386015779,120.60536873360033,121.18037257911769,2961900
2025-11-03,120.52739715576172,120.8490132497421,119.16297132551496,120.72231938038131,3365700
2025-11-04,120.68333435058594,121.34605504003561,120.35197028809984,121.18036929103127,3169800
2025-11-05,120.62484741210938,121.31681197415739,120.04009564389956,120.64434335117892,3822300
2025-11-06,120.84901428222656,121.68716126644512,120.2642624744171,120.45917726517938,4674700
2025-11-07,120.51765441894531,122.52530496494431,119.2994184205435,120.94646843422748,5456800
2025-11-10,119.80620574951172,120.53714737555148,118.74390005319545,119.92315908646627,4442000
2025-11-11,120.52739715576172,121.06342397906236,119.20195577043887,120.00111830257272,3101600
2025-11-12,120.75155639648438,121.13164544179315,120.29349846097826,120.51765716141496,3238900
2025-11-13,120.44942474365234,121.42401353168295,119.9718783194636,120.61511048861455,3277900
2025-11-14,120.63130187988281,122.09605930344885,120.17909514174005,121.24080183137256,3878200
2025-11-17,123.05945587158203,123.0889464727011,120.77875688315504,121.24079630109483,3879900
2025-11-18,121.70283508300781,123.79675025320059,121.69300238263521,123.52149464399058,3774300
2025-11-19,120.15943145751953,121.7814745162191,119.39263832958443,121.7814745162191,3411000
2025-11-20,120.46417999267578,120.89672881675584,119.79569885553072,120.20858227843276,2639200
2025-11-21,120.71977996826172,121.29978181127646,119.84485710327642,120.8574077784738,4407000
2025-11-24,120.02179718017578,121.3194436384922,119.34349084987292,120.9851993234296,3442700
2025-11-25,119.86450958251953,120.89672561257031,119.53026527272912,120.18892119198152,2835100
2025-11-26,121.33910369873047,121.50622210915945,119.88417150754985,120.33638573600352,3374400
2025-11-28,121.84046173095703,122.02723803534623,120.95570620964347,121.06384341225694,1439800
2025-12-01,118.70449829101562,121.36859006485777,118.62585168879858,121.12282505804407,4050600
2025-12-02,117.66246032714844,119.08789440616063,117.34788140970387,119.04857110396094,3554400
2025-12-03,116.61058807373047,118.51771950730473,116.36482305650387,117.83941315986345,3328400
2025-12-04,115.97159576416016,117.41669524348683,115.84379315704912,116.3746464861989,3151000
2025-12-05,114.54615020751953,116.17803344046784,114.42818780524078,115.84378913365498,3983100
2025-12-08,113.26818084716797,114.44784991425284,112.19664148609736,114.23157550191824,5217200
2025-12-09,113.28783416748047,114.24140358322424,113.10105786450526,113.8383528766594,2929700
2025-12-10,112.06884765625,113.44513325030475,111.97054314956462,113.32716334219042,3366400
2025-12-11,112.45223999023438,113.54343726001822,112.05901446506084,112.61935840088339,2992300
2025-12-12,113.34683227539062,113.39598078018818,112.46207668734785,112.5603811970963,2955700
2025-12-15,114.75260162353516,114.96886853193207,113.45496267238923,113.84818068776754,3797200
2025-12-16,113.63191223144531,115.23430497864416,113.28784269988992,114.99837265702807,3222300
2025-12-17,115.44074249267578,115.9126146188734,113.44513178219086,113.51394568599541,4436700
2025-12-18,115.55870819091797,115.81429839565381,114.67395267411354,115.35225898686966,4611000
2025-12-19,113.6024169921875,115.49972318893138,113.59259179179641,115.44074198597295,6898600
2025-12-22,114.32988739013672,114.48717309884832,113.05190631864733,113.34682733519196,2477200
2025-12-23,114.81158447265625,115.20480999382784,114.15293603728183,114.39870105049495,3627800
2025-12-24,115.48989868164062,115.51938928329683,114.84107544459205,115.20481036537561,1060600
2025-12-26,115.19497680664062,115.80447673688953,114.79191858660032,115.17531890573395,1440300
2025-12-29,115.52921295166016,116.03057567362589,115.09667163285026,115.31294604233166,2489100
2025-12-30,115.68650817871094,115.94210589439335,115.26379205283939,115.59802887321766,1834800
2025-12-31,115.22447204589844,115.81430659882871,115.11633483617668,115.70616938910695,1973900
2026-01-02,115.45057678222656,116.06990192499137,114.40852801007624,115.19497906451198,2619600
2026-01-05,114.83123779296875,115.01802159560877,113.15020606966664,115.01802159560877,4310300
2026-01-06,115.74549102783203,115.91261694055025,114.42819412857352,114.78209635527199,3303700
2026-01-07,114.22175598144531,116.29601340267065,113.9858161561732,116.11906228379326,3227800
2026-01-08,115.33260345458984,116.59091910425752,114.22174831077604,114.53632722319296,3214100
2026-01-09,114.8214111328125,116.25667783445358,114.78208783274873,115.40141293340983,2884800
2026-01-12,114.73294067382812,115.49972633377791,114.30039183994747,114.79192187839253,3007800
2026-01-13,115.40142059326172,115.56853900451091,114.01530979973441,114.50683983292835,3284100
2026-01-14,116.66956329345703,117.2692305047433,115.36209166883924,115.57836607292973,4554900
2026-01-15,116.8858413696289,117.38720409484831,116.4434598473225,116.62041095621447,3716400
2026-01-16,117.20042419433594,117.37737530912965,115.86346188259525,116.49261973516107,4499800
2026-01-20,117.52482604980469,117.62313054981578,116.0993845491098,117.05295394953782,4595000
2026-01-21,117.34788513183594,118.79297715770804,116.45329685376188,118.15399410211599,4751700
2026-01-22,115.71599578857422,117.48550685115737,115.62752398552148,117.13160463864074,3807200
2026-01-23,115.44074249267578,115.94210522048208,114.28073132843267,115.89294921769897,4491000
2026-01-26,116.76787567138672,117.67228914935717,116.01092270616549,116.15838321891471,3955600
2026-01-27,118.2522964477539,118.28178704976143,116.19769700611002,116.76787364543254,4812900
2026-01-28,118.20314025878906,119.04857251572577,117.57398241643894,118.16381695612304,4463400
2026-01-29,118.84212493896484,119.67772445397384,118.25229042837924,118.34076222989835,4298400
2026-01-30,119.2943344116211,119.3729810148958,118.06550936102724,118.67500928617683,5603000
2026-02-02,117.4658432006836,119.93332602467675,117.02346917852262,119.40247269799178,4273000
2026-02-03,119.60891723632812,119.8350243530994,117.45602077738205,117.45602077738205,4169300
2026-02-04,120.1397705078125,121.26045838996151,119.54993596460037,120.36587762445627,5679700
2026-02-05,121.31945037841797,121.94860824156218,120.35604818164215,120.94588274082068,4224100
2026-02-06,119.79569244384766,122.17469584865331,119.2844970427217,121.89944024811747,4412100
2026-02-09,119.65806579589844,119.99230259972424,118.73398698506975,119.43195869319364,4288500
2026-02-10,121.54553985595703,122.26317696816315,118.41940870307174,120.12993103196287,6608700
2026-02-11,123.07911682128906,123.27573333387508,120.83774107888001,122.16487066318506,5980300
2026-02-12,123.97370147705078,125.92015614411717,123.18725044985753,123.27572975298938,7095000
2026-02-13,127.10166931152344,127.16115285312571,123.9092623663582,124.03814589450687,5569400
2026-02-17,125.62444305419922,127.89482496316714,125.0890684606231,127.39910858734092,4252700
2026-02-18,124.16703033447266,125.81281226184602,123.7109721961,125.81281226184602,4111700
2026-02-19,125.287353515625,125.67401166502576,124.22652082500707,124.56360431360004,5483600
2026-02-20,125.69384002685547,126.2192981623721,124.00840741511932,126.09041463080263,5039300
2026-02-23,126.6951904296875,127.50816497185622,125.72358301878758,125.74341590939473,4891100
2026-02-24,127.35945129394531,127.46850949606403,125.43606187149058,126.7645856227409,4231900
2026-02-25,127.8254165649414,128.0633658698694,125.19812584163792,126.98270780843988,3853900
2026-02-26,128.1228485107422,128.68797243293798,127.14133978196868,128.16251429198206,3737800
2026-02-27,129.72897338867188,130.4428061348967,128.19224969532505,128.75735846138338,4691400
2026-03-02,130.50228881835938,131.06739758070503,129.43153970605678,129.87768138750067,5034200
2026-03-03,130.3040008544922,131.1665576458809,127.3892012371706,129.72898316431758,3579600
2026-03-04,130.75015258789062,131.52346890299128,129.4414541296816,130.3734033114857,3702400
2026-03-05,130.4824676513672,130.60143474295694,128.42028567145135,129.88760193729132,4860500
2026-03-06,131.36483764648438,131.49372874326863,129.1142810977398,130.2742555846091,5041000
2026-03-09,129.95700073242188,131.34500046761644,129.42161860023074,130.7303170317535,7057200
2026-03-10,128.57891845703125,129.57035122776563,127.4486857035166,128.39054381010155,8176600
2026-03-11,128.91600036621094,129.38197497291017,128.05345870737182,128.39054221449706,4249500
2026-03-12,130.690673828125,132.05884075134372,128.8466082873783,128.88625894147395,5842300
2026-03-13,132.00926208496094,132.97095304430172,131.3549279798112,131.3549279798112,4710200
2026-03-16,132.31661987304688,133.11967797035632,131.91012881972185,132.70327803575375,4974000
2026-03-17,131.81097412109375,133.3377889471218,131.6523412587418,133.1295814242771,3948800
2026-03-18,129.62982177734375,131.50362892104866,129.5802471181645,131.1764543241399,3454700
2026-03-19,128.6284942626953,130.28418518914754,127.77586146717451,129.62983592392058,5543100
2026-03-20,125.72357940673828,129.42161917541952,125.68392119069486,129.31256097230795,7644800
2026-03-23,126.24903869628906,127.0223550061876,125.8623805413398,126.82407148817359,4320600
2026-03-24,126.2886962890625,127.98404532101381,125.76323816129197,125.8921292549928,4423400
2026-03-25,127.06201934814453,127.89481919121276,126.09041196720031,127.10167000007336,3369100
2026-03-26,128.27157592773438,128.7672923100452,126.80425210792032,127.23056849926891,3182300
2026-03-27,128.8763427734375,130.08589188382365,127.91465183930978,128.44010996273266,4797600
2026-03-30,130.58160400390625,131.5730366768055,129.94708769837322,130.32382182699274,3968800
2026-03-31,129.81820678710938,131.52347232842655,128.63839939337748,131.52347232842655,5376100
2026-04-01,129.77853393554688,130.74022486150744,128.74745058741578,129.31255935789332,4314900
2026-04-02,131.0872344970703,131.8902925739508,129.77853605470017,130.76996876750326,3720600
2026-04-06,130.2841796875,131.56312126274216,129.87768863432157,130.50229610003169,2819800
2026-04-07,130.690673828125,131.74159013438842,130.0264005655001,130.37340808310634,2563300
2026-04-08,130.47254943847656,130.53203298001722,128.35088406450546,129.20351679206743,3716800
2026-04-09,131.8605499267578,132.98087372576217,130.1552844618209,130.1552844618209,3118700
2026-04-10,130.66091918945312,132.37610878803451,130.66091918945312,131.2756177990525,2758800
2026-04-13,129.28282165527344,130.98808715735265,128.63839643342172,130.70057832263524,3580000
2026-04-14,128.6681365966797,128.98540232708348,127.2801368463198,128.73754414822903,2506200
2026-04-15,126.88356018066406,128.1426763805624,126.8339855200881,128.1426763805624,3294800
2026-04-16,127.52799987792969,127.90473403704151,126.03093430275297,126.63570888729352,2712700
2026-04-17,126.9331283569336,127.10167010187554,124.85112118356415,126.41758667710194,3461600
2026-04-20,126.76458740234375,128.0732707180782,126.48698745270121,127.03227847095,2710600
2026-04-21,124.59334564208984,127.40901088044994,124.56360387132328,127.369360228782,2842800
2026-04-22,124.17694854736328,126.16973043838749,123.829948607143,125.66409763176284,3053000
2026-04-23,126.94303894042969,127.22065402012728,124.9205228459383,125.31709744714438,2624800
2026-04-24,126.17964172363281,127.15124913879318,125.68392535272133,126.6951909852384,2399700
2026-04-27,126.00118255615234,127.24047347387686,125.77315726314866,126.56630647610494,2322600
2026-04-28,126.70510864257812,127.49825786923593,126.01110117824463,127.36936677058587,2167000
2026-04-29,125.42615509033203,126.84390417757858,125.26752222494687,126.21929672516373,2322100
2026-04-30,128.4401092529297,128.7276180794531,125.02957834597137,125.94169461419425,3799600
2026-05-01,127.49825286865234,129.58025248790028,127.48832885956804,128.3310527163515,2578900
2026-05-04,126.35810089111328,127.8948246783652,125.66410099211464,126.9033919289205,3365800
2026-05-05,126.48699188232422,128.18233341072246,126.46715899149443,127.79567524388925,3994000
2026-05-06,124.46446228027344,126.39775302299414,123.92908771366665,125.95161133283743,5947000
2026-05-07,123.80020904541016,124.02823433989721,122.98723450065555,123.92909257864059,3296400
2026-05-08,123.106201171875,124.61318316838826,122.37254306422147,123.96875037635422,2585800
2026-05-11,123.82994842529297,124.28600656948865,123.31439917426731,123.46311559529515,2256300
2026-05-12,123.99848937988281,124.75198036131728,122.78894025716812,123.92908939238433,3337900
2026-05-13,122.83851623535156,123.46311612953353,121.78759240249705,122.92774154993552,3404400
2026-05-14,123.24500274658203,123.334235627389,122.3527193227018,122.8385192523304,2483100
2026-05-15,120.94999694824219,123.26000213623047,120.9000015258789,122.94999694824219,3832100
2026-05-18,122.83999633789062,122.94999694824219,121.19999694824219,121.80000305175781,2865500
2026-05-19,124.55999755859375,124.66000366210938,122.51000213623047,122.80999755859375,4381600
2026-05-20,123.80999755859375,125.19999694824219,123.66999816894531,124.69999694824219,3988800
2026-05-21,124.66000366210938,124.80999755859375,123.25,123.68000030517578,2205900
2026-05-22,125.66999816894531,125.88999938964844,124.22000122070312,124.44999694824219,2446300
2026-05-26,124.97000122070312,125.80999755859375,124.94999694824219,125.69999694824219,2877000
2026-05-27,125.3499984741211,125.6500015258789,124.12000274658203,124.5199966430664,3128900
2026-05-28,123.76000213623047,125.94999694824219,123.6500015258789,125.16000366210938,3047800
2026-05-29,122.7300033569336,124.41999816894531,122.29000091552734,123.95999908447266,3903100
2026-06-01,119.88999938964844,122.16000366210938,119.79000091552734,121.41999816894531,3215700
2026-06-02,121.08999633789062,121.23999786376953,119.76000213623047,120.05999755859375,3445100
2026-06-03,121.04000091552734,123.47000122070312,121.0,121.33999633789062,3499900
2026-06-04,121.81999969482422,122.72000122070312,120.0999984741211,121.58000183105469,3481900
2026-06-05,124.22000122070312,125.30000305175781,122.2699966430664,122.5,3362900
2026-06-08,122.05000305175781,124.55999755859375,121.9000015258789,123.87000274658203,3058800
2026-06-09,123.81999969482422,124.9000015258789,121.61000061035156,122.38999938964844,3009400
2026-06-10,125.04000091552734,125.61000061035156,123.44999694824219,124.98999786376953,2883100
2026-06-11,124.19000244140625,126.25,124.08000183105469,125.54000091552734,3286600
2026-06-12,124.97000122070312,125.48999786376953,124.2300033569336,124.69000244140625,2451300
2026-06-15,125.27999877929688,126.0199966430664,123.05999755859375,124.0,4018800
2026-06-16,126.05999755859375,126.97000122070312,125.0,125.0199966430664,3559300
2026-06-17,123.7300033569336,125.80999755859375,123.01000213623047,125.19999694824219,3266500
2026-06-18,123.86000061035156,125.25,122.83000183105469,123.0,8866200
2026-06-22,123.5199966430664,124.72000122070312,123.3499984741211,123.4800033569336,3802800
2026-06-23,125.05000305175781,125.58000183105469,123.44999694824219,124.75,3674000
2026-06-24,126.52999877929688,126.54000091552734,124.7300033569336,125.86000061035156,4420100
2026-06-25,127.11000061035156,128.16000366210938,125.72000122070312,126.69000244140625,3985100
2026-06-26,128.39999389648438,128.47999572753906,127.5,127.8499984741211,4450300
2026-06-29,128.3300018310547,128.64999389648438,127.5999984741211,128.27000427246094,2818600
2026-06-30,126.58000183105469,127.93000030517578,126.38999938964844,127.6500015258789,3882100
2026-07-01,125.7699966430664,126.80999755859375,125.23999786376953,126.58000183105469,4257900
2026-07-02,129.60000610351562,129.66000366210938,126.30000305175781,126.5,5123300
2026-07-06,125.97000122070312,129.44000244140625,125.77999877929688,129.1699981689453,5757600
2026-07-07,128.22000122070312,130.3699951171875,126.91999816894531,127.44999694824219,3416100
2026-07-08,126.79000091552734,128.72000122070312,126.54000091552734,128.25,2570100
2026-07-09,125.26000213623047,127.19999694824219,124.77999877929688,126.5199966430664,3807500
2026-07-10,125.4800033569336,126.16000366210938,124.69000244140625,125.16000366210938,2801200
2026-07-13,126.86000061035156,127.27999877929688,125.5,125.5999984741211,2362000
2026-07-14,126.37000274658203,127.7300033569336,125.87999725341797,127.18000030517578,2391500
2026-07-15,124.33999633789062,126.76000213623047,124.0999984741211,126.20999908447266,3482200
2026-07-16,126.11000061035156,126.26000213623047,124.3499984741211,124.69999694824219,3518500
2026-07-17,125.01000213623047,129.25999450683594,124.66000366210938,127.95999908447266,4890200
2026-07-20,125.8499984741211,127.5199966430664,125.01000213623047,125.91000366210938,4309300
2026-07-21,125.91000366210938,125.91999816894531,124.62000274658203,125.0999984741211,4113000
2026-07-22,127.94999694824219,127.9800033569336,126.44999694824219,127.13999938964844,3410100
2026-07-23,129.25999450683594,129.7100067138672,127.55999755859375,128.85000610351562,3459800
2026-07-24,130.52000427246094,131.0,129.25999450683594,129.33999633789062,2856500
2026-07-27,128.8300018310547,130.8699951171875,128.63999938964844,129.75,2971200
2026-07-28,129.24000549316406,132.64999389648438,129.22000122070312,129.82000732421875,3641600
