Price,Close,High,Low,Open,Volume
Ticker,GOOGL,GOOGL,GOOGL,GOOGL,GOOGL
Date,,,,,
2010-01-04,15.546578407287598,15.615041192438623,15.484318629332444,15.55153930057683,78169752
2010-01-05,15.478116035461426,15.573616063873388,15.417344149464842,15.557244549406297,120067812
2010-01-06,15.087932586669922,15.524501581034777,15.040803156565993,15.524501581034777,158988852
2010-01-07,14.736693382263184,15.131094814516294,14.700726904316246,15.116211188694317,256315428
2010-01-08,14.933149337768555,14.963658641164065,14.612914614524877,14.684601788260021,188783028
2010-01-11,14.910577774047852,14.99367462970089,14.735205275532815,14.99367462970089,288227484
2010-01-12,14.646900177001953,14.83740302650726,14.585383395526144,14.824752180793864,193937868
2010-01-13,14.562811851501465,14.594809995371664,14.235632957336325,14.299877856947855,259604136
2010-01-14,14.631271362304688,14.739173623598008,14.45664376510318,14.483681010738296,169434396
2010-01-15,14.386942863464355,14.723299573791458,14.338323649185757,14.717841456566239,217162620
2010-01-19,14.575957298278809,14.645411700183779,14.294916244126876,14.416709586673084,172495332
2010-01-20,14.397111892700195,14.5352757981597,14.27011094262911,14.5352757981597,129897972
2010-01-21,14.460862159729004,14.556113585911667,14.19470378909224,14.472272782227623,252055692
2010-01-22,13.643037796020508,14.153773477874635,13.26724067930557,14.002463397830539,271743984
2010-01-25,13.394739151000977,13.639813711116464,13.283363881009823,13.558203801302879,176619204
2010-01-26,13.454766273498535,13.632866871755352,13.302712254391054,13.344384512328899,174045780
2010-01-27,13.446828842163086,13.584497407657667,13.27840236115268,13.426240379444582,158417424
2010-01-28,13.25310230255127,13.568375206708142,13.16157155088884,13.506114482253498,129034836
2010-01-29,13.145200729370117,13.419296720427727,13.037794735088347,13.35728460454455,165454380
2010-02-01,13.221600532531738,13.290807269389493,13.154131242845823,13.26079234958526,89941968
2010-02-02,13.174469947814941,13.269721368685467,13.087403811900531,13.269721368685467,163684152
2010-02-03,13.415079116821289,13.446829590847525,13.10278388180957,13.113698225417611,119844036
2010-02-04,13.066818237304688,13.345130256010334,13.036555649065333,13.320325785609864,134972892
2010-02-05,13.178686141967773,13.233505522728587,12.959658176044828,13.106998968575287,126113760
2010-02-08,13.23276138305664,13.444349911977124,13.184640339545709,13.208700861301175,107664228
2010-02-09,13.30643367767334,13.432691636162854,13.272450421523166,13.38332942050483,112671216
2010-02-10,13.257071495056152,13.339919737443333,13.089388006122899,13.24764504145364,106873020
2010-02-11,13.305441856384277,13.406895352015683,13.134287233332591,13.22904238775697,96303600
2010-02-12,13.224081993103027,13.32404665714323,13.159093145322755,13.220362267779167,91096812
2010-02-16,13.426986694335938,13.497185041083728,13.25335068994106,13.317100253053923,146029824
2010-02-17,13.35033893585205,13.479078288550308,13.335456254532707,13.444351086846249,81106812
2010-02-18,13.474611282348633,13.519012600263745,13.298991124218276,13.333718322196761,93382524
2010-02-19,13.413591384887695,13.49470312736656,13.387298082355827,13.40788654646311,102021876
2010-02-22,13.464194297790527,13.580778134182406,13.4195453097478,13.577056518660966,85698216
2010-02-23,13.27245044708252,13.484781991203576,13.203493268378296,13.469155365097864,114789096
2010-02-24,13.18315315246582,13.356044277191867,13.159340294283489,13.245413884128757,92970936
2010-02-25,13.058134078979492,13.109231845030507,12.898636828581646,13.07524859298104,132235632
2010-02-26,13.06731128692627,13.190097175120659,12.98495837994503,13.082691190237657,81890028
2010-03-01,13.213415145874023,13.228298772376473,13.090630190013147,13.126845281466643,89426484
2010-03-02,13.421032905578613,13.535136292650256,13.270963040412893,13.282620383975134,174097728
2010-03-03,13.526702880859375,13.596156333212924,13.376135797109892,13.453279201349115,123452424
2010-03-04,13.756645202636719,13.794844459634431,13.548530621558779,13.555971961600502,127224648
2010-03-05,13.995267868041992,14.081094718755162,13.888359112967244,13.924326531990367,156331512
2010-03-08,13.952356338500977,14.01933123347366,13.915893583934615,14.009408501648728,95360544
2010-03-09,13.895554542541504,14.006433538443945,13.804022842447402,13.887119700087903,126936936
2010-03-10,14.298884391784668,14.349734493116475,13.945658959768352,13.984106827919758,225969804
2010-03-11,14.4152193069458,14.540980973705985,14.243071209416009,14.24456004454189,169162668
2010-03-12,14.375531196594238,14.592327332344649,14.36610474335301,14.588854329014497,110025864
2010-03-15,13.969720840454102,14.12524881937218,13.791620229303499,14.056538365873902,185969844
2010-03-16,14.019827842712402,14.099700311214297,13.909693733472581,13.936234703922047,137122740
2010-03-17,14.02875804901123,14.17486052860759,13.996262682620591,14.096723616503684,132731136
2010-03-18,14.049593925476074,14.10019636399849,13.964264286191522,14.00792071738617,71016912
2010-03-19,13.89084243774414,14.089282922460049,13.823372200294585,13.89084243774414,191576232
2010-03-22,13.828828811645508,14.060756266449447,13.748956342545615,13.794350221930738,160031808
2010-03-23,13.617985725402832,13.848920616976347,13.44435066758953,13.817418753440991,219831948
2010-03-24,13.824609756469727,13.887118142610287,13.387296829434694,13.531413228821192,262345392
2010-03-25,13.9622802734375,14.188501941397126,13.857602391561901,13.86653162209395,157078764
2010-03-26,13.957566261291504,14.074150092416852,13.891337199852739,14.021563487868903,107740152
2010-03-29,13.95161247253418,14.007919745776938,13.904979319332492,13.965255874386122,124055820
2010-03-30,14.057282447814941,14.080102745289361,13.897785196157441,13.961038474199082,79036884
2010-03-31,14.067453384399414,14.132443170951206,13.960543668327679,14.016107000697065,121110768
2010-04-01,14.109124183654785,14.224468730386844,14.028507779504618,14.172377461806144,84023892
2010-04-05,14.163945198059082,14.259939619376244,14.114085761797401,14.161216139522965,75983940
2010-04-06,14.094738960266113,14.160968968895165,14.024788281469297,14.125496878436504,82321596
2010-04-07,13.978650093078613,14.10788381587712,13.93697783487457,14.071917340962244,103136760
2010-04-08,14.076630592346191,14.135171592622353,13.89208119733069,13.973193884612844,77822100
2010-04-09,14.045129776000977,14.10838211728229,13.990061775144,14.076631640708877,82181736
2010-04-12,14.206610679626465,14.238111597849153,14.045129244107713,14.07315904926733,94001904
2010-04-13,14.554871559143066,14.607210492804318,14.166920840472017,14.201647091501126,156335508
2010-04-14,14.610189437866211,14.693037687034442,14.486411924609733,14.636481796666859,135971892
2010-04-15,14.766458511352539,14.829464122606701,14.59257580464069,14.68881883258614,270201528
2010-04-16,13.646512031555176,14.10937343379913,13.633613518878507,13.96525701407417,488930580
2010-04-19,13.645270347595215,13.741762940396995,13.518765672454968,13.61178337109705,155604240
2010-04-20,13.767807006835938,13.882406666699884,13.669082583607162,13.746226931979184,118976904
2010-04-21,13.749452590942383,13.897042961002873,13.69636970446974,13.803030810555649,95564340
2010-04-22,13.569863319396973,13.704802835689536,13.477836287826664,13.692400602022342,131096772
2010-04-23,13.518515586853027,13.625922519299381,13.451046303376742,13.574576139106805,83492424
2010-04-26,13.187370300292969,13.518517539441426,13.127093736246344,13.51802220627181,174577248
2010-04-27,13.123372077941895,13.353314398095442,13.0779782026856,13.120643019449465,153634212
2010-04-28,13.126596450805664,13.266496855768539,12.924186710660456,13.19877896074144,136107756
2010-04-29,13.196297645568848,13.307921526564675,13.064087191622182,13.230281844492335,122233644
2010-04-30,13.040026664733887,13.33719060280861,13.033576936237809,13.174718510581837,97318584
2010-05-03,13.161571502685547,13.219119000096395,13.024646875521977,13.05987129807233,74237688
2010-05-04,12.560545921325684,13.065825452426807,12.506967699019997,13.060368279975446,242808948
2010-05-05,12.644635200500488,12.792473242891854,12.414195627230432,12.42684647394657,183104712
2010-05-06,12.369543075561523,12.837118538078084,11.410331632799338,12.619577540729733,199803996
2010-05-07,12.232373237609863,12.534499001432039,11.939424369811874,12.40179132950752,203356440
2010-05-10,12.939566612243652,12.968588974496233,12.715081447737877,12.749063758356666,164954880
2010-05-11,12.627021789550781,12.895660588721519,12.60643332619953,12.791232272682059,132771096
2010-05-12,12.536235809326172,12.701190248241259,12.452147339267595,12.701190248241259,153917928
2010-05-13,12.672415733337402,12.948247262086909,12.659764888226093,12.811818914941675,132898968
2010-05-14,12.58931827545166,12.67514418976789,12.309517457303587,12.644881605417558,164475360
2010-05-17,12.60023307800293,12.609907198685127,12.36160823391357,12.570715382827798,111640248
2010-05-18,12.362104415893555,12.674648274056853,12.329857662301874,12.650587751113429,112906980
2010-05-19,12.264372825622559,12.388645670532785,12.098426772117897,12.309765759198713,137690172
2010-05-20,11.782657623291016,12.044847641526426,11.752643651510278,12.032196796376931,196335468
2010-05-21,11.709234237670898,12.03046059602535,11.519476282135793,11.635067557221916,387244368
2010-05-24,11.835987091064453,12.149274849097967,11.827057862014868,11.92454110844071,173650176
2010-05-25,11.833757400512695,11.843182909615454,11.509802907879767,11.612494732308436,120575304
2010-05-26,11.794068336486816,12.148532107630867,11.78240910273633,11.957781598589916,138884976
2010-05-27,12.165897369384766,12.211786582759666,11.932481074965205,12.02922134085405,112251636
2010-05-28,12.046087265014648,12.240064060326453,11.980849814417661,12.222451376056489,115676208
2010-06-01,11.96522331237793,12.180780202574319,11.909412310614647,11.917102263348243,106565328
2010-06-02,12.238080024719238,12.250482259475405,11.942651608606011,12.072133964395691,101530368
2010-06-03,12.541444778442383,12.600977389772519,12.271069471343406,12.281238924687266,145881972
2010-06-04,12.370787620544434,12.631985130402748,12.320681454343845,12.39559303704954,156655188
2010-06-07,12.043359756469727,12.425109413554035,11.984572031601218,12.379220201401893,145162692
2010-06-08,12.025002479553223,12.125711066385747,11.845413046283996,12.101153322340748,107296596
2010-06-09,11.758100509643555,12.126703978166539,11.707995295328741,12.085527994196367,109050840
2010-06-10,12.080316543579102,12.117276518280478,11.803244820394461,11.915610743634899,103012884
2010-06-11,12.117279052734375,12.122488558429723,11.94662071292134,11.968449402000813,71196732
2010-06-14,11.985563278198242,12.266108993436152,11.985563278198242,12.265612715021357,81534384
2010-06-15,12.352678298950195,12.412459526034997,11.960511520877706,11.982835542617316,170213616
2010-06-16,12.434038162231445,12.501756055188864,12.306043716034363,12.307532551153198,91480428
2010-06-17,12.404520988464355,12.548141119722109,12.320431577437285,12.488114121097732,79012908
2010-06-18,12.403280258178711,12.488609895559556,12.35615176966385,12.464797039450405,114801084
2010-06-21,12.118766784667969,12.426598372227652,12.027732304458539,12.4000564562404,119220660
2010-06-22,12.0614652633667,12.318198096807027,12.04856675232512,12.152004397778668,88699212
2010-06-23,11.957283973693848,12.077340803010806,11.86079327763835,12.077340803010806,81082836
2010-06-24,11.784890174865723,11.974649082480552,11.73924863010722,11.898001952566219,75668256
2010-06-25,11.724861145019531,11.848142365150878,11.672274543100237,11.833507352191782,89718192
2010-06-28,11.709979057312012,11.845662517217614,11.633827263709463,11.722629902702135,70421508
2010-06-29,11.267952919006348,11.523195991106864,11.190064623286501,11.495663410628003,139943916
2010-06-30,11.037016868591309,11.356505773028696,11.03131203030763,11.285314873943001,143983872
2010-07-01,10.901580810546875,11.12259389711459,10.756223236161844,11.045449549790744,140403456
2010-07-02,10.828653335571289,10.970785559725538,10.815009935212025,10.954414991761723,77362560
2010-07-06,10.816750526428223,11.10448900671667,10.756225348561896,11.013453573324426,102301596
2010-07-07,11.167243957519531,11.194282151580728,10.799633037836895,10.872311832033136,125062812
2010-07-08,11.325003623962402,11.344105144077748,11.153849957878156,11.250340662375306,106649244
2010-07-09,11.596123695373535,11.739248499799269,11.479292194043424,11.707002691595141,173086740
2010-07-12,11.802998542785645,11.892545133130506,11.685174479823354,11.717172622769798,133242624
2010-07-13,12.134642601013184,12.228653811018757,11.913381813083683,11.96224775333655,158892948
2010-07-14,12.187724113464355,12.249487610116516,12.066674730811194,12.151508081695132,124595280
2010-07-15,12.254201889038086,12.271069683107559,11.97291223349791,12.19739928056271,194133672
2010-07-16,11.400660514831543,11.672276068252687,11.398427734497853,11.63655725466725,312679008
2010-07-19,11.563628196716309,11.649701771767837,11.348815286249176,11.435386084961976,181829988
2010-07-20,11.94587516784668,11.980602368035422,11.425217667453138,11.435882454249267,162017820
2010-07-21,11.84442138671875,12.047824634539639,11.793075950623074,12.00565514977008,131052816
2010-07-22,12.025747299194336,12.129184951907867,11.967951189341306,11.986555484953374,85822092
2010-07-23,12.155975341796875,12.169121521172928,11.906683813870428,11.925535777291483,90485424
2010-07-26,12.128936767578125,12.173089476793999,12.027484224889836,12.131912547500441,79728192
2010-07-27,12.219722747802734,12.34052352353135,12.158702248281374,12.16887264663232,97949952
2010-07-28,12.014336585998535,12.284712837600162,11.972664325364441,12.277022885684312,99740160
2010-07-29,12.03021240234375,12.12670405195263,11.889815709847863,12.054025258894725,106912980
2010-07-30,12.026740074157715,12.08900080505212,11.88510315030201,11.897753996918672,85678236
2010-08-02,12.164656639099121,12.235846597184976,12.07858305480079,12.129433159903861,74273652
2010-08-03,12.1502685546875,12.215506003625514,12.074116762286106,12.166887736432667,72019908
2010-08-04,12.559304237365723,12.576171084654453,12.180530411531652,12.208560213459881,152347500
2010-08-05,12.603456497192383,12.615859675585545,12.49084195193408,12.548638059710646,96719184
2010-08-06,12.40799331665039,12.544917001095577,12.304556608355863,12.536484049388024,132647220
2010-08-09,12.535242080688477,12.538963695838534,12.436270939058849,12.458347291666021,74813112
2010-08-10,12.494562149047852,12.55136664320205,12.367063983600945,12.460826563822282,82877040
2010-08-11,12.197646141052246,12.352925499800874,12.191692691151482,12.34622810498555,88831080
2010-08-12,12.20434284210205,12.272308397847102,11.968694758965137,12.004165899228248,88095816
2010-08-13,12.063948631286621,12.184004531957788,12.055513788276253,12.12968142052925,77310612
2010-08-16,12.045095443725586,12.151261208856033,11.918837493234552,11.997717399487868,52147800
2010-08-17,12.167384147644043,12.271069466385812,12.056009822259261,12.118021934969896,75552372
2010-08-18,11.959765434265137,12.17606529433684,11.944882754594094,12.165399562964357,107348544
2010-08-19,11.608030319213867,11.968696158884695,11.590169968437824,11.931487567414038,156843000
2010-08-20,11.460441589355469,11.697826235615198,11.435636173274498,11.608031971717196,156547296
2010-08-23,11.511292457580566,11.61497779912146,11.354028888433632,11.447543829106243,119328552
2010-08-24,11.196761131286621,11.369900836049515,11.185101898274253,11.353280709989562,110397492
2010-08-25,11.276880264282227,11.356008770136823,11.162280620021647,11.162280620021647,103580316
2010-08-26,11.186592102050781,11.342367754914262,11.173197311066591,11.31260239298694,71008920
2010-08-27,11.381312370300293,11.410086121849782,11.103991030380298,11.225784377636748,92403504
2010-08-30,11.229007720947266,11.404379257900581,11.222310326370295,11.389247967146371,49206744
2010-08-31,11.162778854370117,11.283083357156224,11.112672695863353,11.165011634553359,77794128
2010-09-01,11.418519020080566,11.532870071249373,11.224295505152382,11.285812285128346,129002868
2010-09-02,11.489212989807129,11.520218571943396,11.418022093579559,11.480780038641347,67300632
2010-09-03,11.665825843811035,11.705018604812153,11.594883552799919,11.67128301583437,101514384
2010-09-07,11.519476890563965,11.59860446863974,11.485245022442324,11.521956392126471,68327604
2010-09-08,11.672770500183105,11.720396211481503,11.5222043595851,11.539071208195661,95975928
2010-09-09,11.811677932739258,11.916355796996335,11.672769151522226,11.852607189409202,97126776
2010-09-10,11.810688018798828,11.90122716960863,11.784395658880435,11.882126593477507,78893028
2010-09-13,11.962743759155273,12.01433781181547,11.894777244199828,11.92876144696983,89570340
2010-09-14,11.917101860046387,12.024260189779532,11.908420296000259,11.956293676831287,88571340
2010-09-15,11.922310829162598,11.95331736139707,11.869227940908376,11.905196312345883,96015888
2010-09-16,11.93272876739502,11.967207355090348,11.891799505728288,11.905195241491585,78701220
2010-09-17,12.158206939697266,12.1842516313709,11.935705943880018,11.999454561660455,225438336
2010-09-20,12.607922554016113,12.660756825341462,12.205584454389891,12.216498798065595,175963860
2010-09-21,12.736413955688477,12.898144017721917,12.623550779836687,12.642651356337053,178473348
2010-09-22,12.799416542053223,12.843568299695699,12.692258230743331,12.721528255014675,101382516
2010-09-23,12.736908912658691,12.890948060441895,12.682833471436394,12.764938717450642,92603304
2010-09-24,13.079465866088867,13.092860655894247,12.855476054603043,12.941798243413746,134141724
2010-09-27,13.1568603515625,13.316604345706482,13.118162922213417,13.118162922213417,124171704
2010-09-28,13.076489448547363,13.235738094815408,12.860189583639153,13.233009981598244,146041812
2010-09-29,13.089386940002441,13.219614161053826,13.015468878844707,13.093356221536041,86801112
2010-09-30,13.04226016998291,13.193073982225716,12.871848559320767,13.12585236148503,129634236
2010-10-01,13.038043022155762,13.162068196124764,12.973053237352497,13.146688291850657,88911000
2010-10-04,12.956930160522461,13.103279353395424,12.870111689139545,13.02142272076221,77542380
2010-10-05,13.350833892822266,13.394738932719317,13.061110351869598,13.106504226926576,140143716
2010-10-06,13.254591941833496,13.393500756127908,13.145201770487418,13.376385293572346,110381508
2010-10-07,13.14693832397461,13.32528662470425,13.125358245756784,13.300729820992188,95736168
2010-10-08,13.304200172424316,13.335206701610428,13.08765263710667,13.215399423918381,114253632
2010-10-11,13.36596393585205,13.5088420074772,13.324540288828388,13.357034706263828,104946948
2010-10-12,13.429217338562012,13.543320718392103,13.33991937010095,13.397715477585947,149993856
2010-10-13,13.476595878601074,13.580528864000087,13.4525353565601,13.568375242349168,122101776
2010-10-14,13.417808532714844,13.52496591276113,13.32305244121933,13.498424943278694,265098636
2010-10-15,14.919010162353516,14.923723389057503,14.674680498057553,14.864935669699102,592399008
2010-10-18,15.322341918945312,15.371456467217293,14.89668722704929,14.89668722704929,283644072
2010-10-19,15.07726764678955,15.250655030350952,14.953986420903105,15.102568392180075,183332484
2010-10-20,15.080988883972168,15.31415655422085,15.069082928426596,15.084957220723284,140862996
2010-10-21,15.180458068847656,15.279925503006824,15.0318751387556,15.168551167373954,116703180
2010-10-22,15.193851470947266,15.250655023743956,15.132334691307218,15.178719233621054,90153756
2010-10-25,15.292326927185059,15.49672083491452,15.254375337356398,15.269754295584018,126209664
2010-10-26,15.3444185256958,15.40965597927424,15.156644729218696,15.207991113283635,100415484
2010-10-27,15.291582107543945,15.379144515752026,15.188889353813046,15.274218982055809,89586324
2010-10-28,15.343921661376953,15.403949603412995,15.212950488862138,15.380384415434404,87284628
2010-10-29,15.222871780395508,15.354338281722642,15.20526004294287,15.306464907692721,91040868
2010-11-01,15.255119323730469,15.395516006998482,15.161108127110639,15.27322734048679,123360516
2010-11-02,15.270002365112305,15.379145801329722,15.244701619656222,15.346154158618617,79824096
2010-11-03,15.383610725402832,15.424539044675495,15.217913279844314,15.317133992037224,135084780
2010-11-04,15.485063552856445,15.62521353215045,15.43123671963018,15.494242340932505,142689168
2010-11-05,15.505155563354492,15.515325017007934,15.406678801521355,15.4580251840783,70557372
2010-11-08,15.547074317932129,15.614544544712533,15.456784738794749,15.478860146234368,83967948
2010-11-09,15.498706817626953,15.648281359651655,15.391797097158982,15.627197560741713,89398512
2010-11-10,15.450584411621094,15.45356113673472,15.317380452924164,15.430739892627638,99780120
2010-11-11,15.309442520141602,15.375423913811463,15.235523508095726,15.371703243818848,90373536
2010-11-12,14.964652061462402,15.30224898468245,14.913057068907001,15.230066473707376,135584280
2010-11-15,14.77067756652832,14.982264211901045,14.735453143002982,14.95944296742935,139016844
2010-11-16,14.479216575622559,14.830703609116187,14.472519180765508,14.703454052124368,132163704
2010-11-17,14.47499942779541,14.622589788796509,14.420924933068468,14.510967795817928,97602300
2010-11-18,14.797714233398438,14.882547588639609,14.599273774543672,14.610188117942206,103496400
2010-11-19,14.6555814743042,14.830704416288114,14.643426907224619,14.808629007592401,91808100
2010-11-22,14.665255546569824,14.720323546922888,14.455156780412908,14.572236898029061,87376536
2010-11-23,14.4616060256958,14.610436614616066,14.342293131763114,14.560826733406719,86417496
2010-11-24,14.758273124694824,14.798705159531343,14.561816843203797,14.568265626091076,95760144
2010-11-26,14.634992599487305,14.708911611405686,14.560577309178997,14.646402275994777,52391556
2010-11-29,14.43928050994873,14.630031965871604,14.385701348728912,14.614404395418427,114273612
2010-11-30,13.784427642822266,14.24604880032168,13.724895030595468,14.24604880032168,284411304
2010-12-01,13.998743057250977,14.177835278067125,13.950372456327482,13.965256081724013,150013836
2010-12-02,14.184037208557129,14.22149346810287,14.023548328663697,14.105653576376307,101814084
2010-12-03,14.21330738067627,14.299628632630425,14.089282202230404,14.125249626867697,105142752
2010-12-06,14.346261024475098,14.436552499043128,14.302853206891172,14.401081354726506,83668248
2010-12-07,14.564050674438477,14.709408255228965,14.53577320372399,14.666495770754977,121566312
2010-12-08,14.648387908935547,14.697502456020704,14.4784735257059,14.683859053628725,70205724
2010-12-09,14.672199249267578,14.773403167552324,14.61018714174572,14.731235577236093,74681244
2010-12-10,14.689812660217285,14.733966314281359,14.642186947848016,14.712880626136608,68119812
2010-12-13,14.749592781066895,14.95745971432263,14.736446601533807,14.811605844253036,95844060
2010-12-14,14.756786346435547,14.840627147330336,14.696509789446198,14.810860841315476,65666268
2010-12-15,14.642433166503906,14.79498440905373,14.613907086156738,14.739173416914777,86621292
2010-12-16,14.677410125732422,14.728507895360291,14.587118651094645,14.705687596468673,63812124
2010-12-17,14.654837608337402,14.698494038144686,14.577196978543075,14.659798501818306,123360516
2010-12-20,14.760505676269531,14.830456351738873,14.601753308827794,14.750336223078284,78853068
2010-12-21,14.959195137023926,15.000123453280592,14.823759342780498,14.847572198516962,75104820
2010-12-22,15.019225120544434,15.056681383644847,14.964406673303971,14.982266081207165,48251700
2010-12-23,14.987969398498535,15.031874441384456,14.933398623388486,15.015503870556001,44387568
2010-12-27,14.942081451416016,14.976807707495771,14.870642880240183,14.95101068200534,48275676
2010-12-28,14.856254577636719,14.979039525334679,14.833681000167706,14.933893315688847,42549408
2010-12-29,14.907849311828613,14.942824179133387,14.856255261786869,14.93265472529775,40727232
2010-12-30,14.854766845703125,14.916035018179665,14.818304087395699,14.833434435293675,39540420
2010-12-31,14.733469009399414,14.843851726013101,14.685347964174689,14.802178518950436,61510428
2011-01-03,14.990945816040039,15.021704679260605,14.795729740588051,14.795729740588051,94513392
2011-01-04,14.935629844665527,15.036339384061566,14.886019965213656,15.022448315321542,72907020
2011-01-05,15.108023643493652,15.139278780398326,14.884281518853438,14.884777797188635,101190708
2011-01-06,15.217911720275879,15.340200387121394,15.132334420138868,15.147961044998748,82229688
2011-01-07,15.290838241577148,15.335735838671196,15.134319599290619,15.27769206331399,83963952
2011-01-10,15.235525131225586,15.264795161186209,15.095376098737471,15.250159200913624,63104832
2011-01-11,15.280173301696777,15.349379090629803,15.24271798794757,15.322341842469521,57514428
2011-01-12,15.301504135131836,15.363020910786888,15.249413812552865,15.363020910786888,65242692
2011-01-13,15.297040939331055,15.37095995452996,15.2342829892939,15.303986001221745,53306640
2011-01-14,15.482830047607422,15.485061882448809,15.306713606496041,15.314651224947175,94529376
2011-01-18,15.866071701049805,15.924611763561943,15.509869486613095,15.529465396312693,144535320
2011-01-19,15.67060661315918,15.948670958078404,15.618763947955207,15.927834825364549,136107756
2011-01-20,15.547074317932129,15.728400257000674,15.460753075215402,15.682013826200794,219212568
2011-01-21,15.176487922668457,15.918159471569659,15.164829633726265,15.864829865718475,355819824
2011-01-24,15.157882690429688,15.192858500388565,14.91355397085506,15.07081750122827,183784032
2011-01-25,15.376913070678711,15.396261312468258,15.044773294850174,15.08644555843481,145726128
2011-01-26,15.292326927185059,15.44090984021805,15.262064343824127,15.387330680322451,81442476
2011-01-27,15.299522399902344,15.371704918088607,15.211712309811217,15.326808261445645,80687232
2011-01-28,14.907600402832031,15.388074443940145,14.877090153283444,15.356075359249687,169074756
2011-01-31,14.891974449157715,14.993923273692344,14.772662496461933,14.97234319677646,112083804
2011-02-01,15.156890869140625,15.214190697981694,14.96018691665481,14.994416890624782,109702188
2011-02-02,15.180703163146973,15.238746934765432,15.069824179453036,15.155897752808064,70357572
2011-02-03,15.134815216064453,15.167061968598901,15.03509823334954,15.118195088750507,59744196
2011-02-04,15.155404090881348,15.16681376794414,15.047005541739312,15.13481562638859,61969968
2011-02-07,15.237508773803711,15.339208978535018,15.111497544726488,15.135062733540524,71912016
2011-02-08,15.33896255493164,15.369969088228567,15.242967174826271,15.2533861867466,67728204
2011-02-09,15.292326927185059,15.365501993655036,15.189137889193468,15.301504768812201,73626300
2011-02-10,15.290838241577148,15.317132488687811,15.169789797533836,15.227833572891042,93282624
2011-02-11,15.490768432617188,15.503171611949229,15.205509487363672,15.225106340555696,103492404
2011-02-14,15.581307411193848,15.618267393890642,15.380138816659777,15.46199545600212,85034880
2011-02-15,15.482084274291992,15.62942695827532,15.456039585582756,15.560717454663257,83596320
2011-02-16,15.4838228225708,15.540377764024393,15.431235272460405,15.51879768850049,67292640
2011-02-17,15.509618759155273,15.558980968834774,15.386089874333699,15.41015039489082,59092848
2011-02-18,15.629180908203125,15.6564658230062,15.482830765817718,15.52797603193348,128587284
2011-02-22,15.136303901672363,15.501434350602677,15.075778733822277,15.379888681798965,145450404
2011-02-23,15.163837432861328,15.247679182939326,14.98226475379925,15.139281576300837,115468416
2011-02-24,15.101825714111328,15.207743821988606,14.916531414615678,15.165574333979848,108359532
2011-02-25,15.132086753845215,15.248174311310352,15.118692908253603,15.177232965406356,77218704
2011-02-28,15.215431213378906,15.292079283375985,15.081730979988263,15.131094136902666,91168740
2011-03-01,14.901894569396973,15.359796922925899,14.865678536530949,15.324077168438833,132795072
2011-03-02,14.902640342712402,15.03187407612781,14.763731543564353,14.878082596481986,80986932
2011-03-03,15.120180130004883,15.16805445282295,15.007068357475227,15.041300223448387,77734188
2011-03-04,14.89842414855957,15.1057948009651,14.888005137332916,15.089670005691621,120319560
2011-03-07,14.676169395446777,14.974574518175071,14.560578117035949,14.89668716540023,138369492
2011-03-08,14.692292213439941,14.832936561782596,14.639953277270488,14.70767117154825,91304604
2011-03-09,14.678897857666016,14.746864365791128,14.529570996441873,14.659798229061455,85953960
2011-03-10,14.394384384155273,14.551151646360822,14.373299641128893,14.521882563270673,124998876
2011-03-11,14.30533504486084,14.386944018556687,14.221494236076083,14.342790361136966,121158720
2011-03-14,14.138643264770508,14.344525063103841,14.089777331433302,14.208345328076737,112531356
2011-03-15,14.12797737121582,14.16369712835175,13.779217478216685,13.828828304532822,160063776
2011-03-16,13.818904876708984,14.133682443833447,13.674540801351453,14.08952879172811,151788060
2011-03-17,13.924575805664062,14.114086096687696,13.90423595325155,14.001967823922405,115856028
2011-03-18,13.917134284973145,14.089033779956413,13.88439219923266,14.005935979015549,131812056
2011-03-21,14.300125122070312,14.381982705250556,14.114584102738538,14.144349465394344,120715164
2011-03-22,14.320463180541992,14.367841222631267,14.201151242425833,14.319222957253462,75400524
2011-03-23,14.440523147583008,14.447715876573728,14.188502552853063,14.26763107938155,72575352
2011-03-24,14.55785083770752,14.59505754176542,14.357176630617998,14.521634799956852,83864052
2011-03-25,14.380492210388184,14.55834420195943,14.368089032087372,14.557601202329492,114221664
2011-03-28,14.27184772491455,14.510720244185897,14.255723874765117,14.43828911503071,88647264
2011-03-29,14.429856300354004,14.43382558260898,14.213556412995286,14.287723099454734,64127808
2011-03-30,14.432583808898926,14.52336966906112,14.401328668536548,14.495587532137266,56835108
2011-03-31,14.55462646484375,14.589352722010018,14.430104058205698,14.461359202122987,81094824
2011-04-01,14.679640769958496,14.763730175681196,14.604233872347255,14.604233872347255,104423472
2011-04-04,14.577445030212402,14.75256796641067,14.463836981755028,14.70940781666847,82097820
2011-04-05,14.116320610046387,14.42390360720986,14.031734907709502,14.413734152401128,241658100
2011-04-06,14.24257755279541,14.26688574312464,14.08928234372988,14.192967669977278,106625268
2011-04-07,14.386942863464355,14.4028181008527,14.24282455829645,14.2810247618275,101158740
2011-04-08,14.341300010681152,14.508238610876884,14.338820509275076,14.508238610876884,75995928
2011-04-11,14.32170581817627,14.33981289098772,14.213307266704875,14.29268345589712,74253672
2011-04-12,14.154022216796875,14.310294136787642,14.090520324849212,14.26291609334395,83340576
2011-04-13,14.294666290283203,14.327409319753917,14.182299412484724,14.275566662404694,82693224
2011-04-14,14.349984169006348,14.37330074876725,14.190984114317985,14.267631249514336,218033748
2011-04-15,13.164052963256836,13.537368725525432,13.148177725142025,13.525959048018837,561186252
2011-04-18,13.068305015563965,13.088645813912542,12.873833824883635,13.05788694982367,201390408
2011-04-19,12.936588287353516,13.168515708960875,12.92096166332013,13.14544680006784,107256636
2011-04-20,13.040769577026367,13.067807766908372,12.933115931726142,13.044986525075998,122277600
2011-04-21,13.02514362335205,13.104022581243505,12.957921062921882,13.084426675041863,98705196
2011-04-25,13.023902893066406,13.072272548550078,12.948495045399977,13.02886378641938,65166768
2011-04-26,13.216639518737793,13.331238243534457,13.027872218689987,13.060367585086455,139860000
2011-04-27,13.339174270629883,13.347856778912737,13.254589530167191,13.345127720511801,91844064
2011-04-28,13.344385147094727,13.376135620422843,13.247892558494208,13.346616981902624,79920000
2011-04-29,13.496438980102539,13.496438980102539,13.35777880047231,13.394738778407085,168970860
2011-05-02,13.359020233154297,13.536873186888192,13.32330047529209,13.536128296603295,85262652
2011-05-03,13.243181228637695,13.444598426447453,13.137510790788115,13.323549974509016,83176740
2011-05-04,13.29030990600586,13.369933757056513,13.221599453193164,13.274930947501453,84595320
2011-05-05,13.252606391906738,13.380352236002993,13.183896882261259,13.242436938301283,79832088
2011-05-06,13.278157234191895,13.430956174836972,13.27518050868682,13.348851865383557,82161756
2011-05-09,13.337191581726074,13.357284713629209,13.17397458728728,13.270713904783658,77870052
2011-05-10,13.460721969604492,13.504627014863042,13.33372006113925,13.394740568427927,81634284
2011-05-11,13.281875610351562,13.482796512251042,13.238219182834033,13.398211770370509,93458448
2011-05-12,13.271954536437988,13.31883630329963,13.169260827262702,13.276666818075356,57874068
2011-05-13,13.135526657104492,13.293535090580571,13.123123477648308,13.261040669895689,84263652
2011-05-16,12.859445571899414,13.078971733997983,12.809340356738499,13.055158877189784,118209672
2011-05-17,13.158098220825195,13.176950182397245,12.775356987067472,12.78527877359208,132011856
2011-05-18,13.141976356506348,13.154874869066308,13.040027534148035,13.135278961014423,78049872
2011-05-19,13.177695274353027,13.308913171850907,13.139742738789515,13.214406641289802,98649252
2011-05-20,12.998601913452148,13.19604981368316,12.976276948474263,13.191336586965976,92607300
2011-05-23,12.858702659606934,12.898638421125513,12.734925147617817,12.814301337518048,91908000
2011-05-24,12.855477333068848,12.996866585010633,12.852749219644517,12.907816274190933,75924000
2011-05-25,12.89045238494873,12.967347178225472,12.830423494943778,12.832407663252683,52011936
2011-05-26,12.852252006530762,12.951224097575336,12.774612324068832,12.84158532959335,84655260
2011-05-27,12.920961380004883,12.943037731688001,12.806857061302907,12.86093249583373,69762168
2011-05-31,13.122380256652832,13.123123256339454,12.985456568856787,13.022663270721171,107384508
2011-06-01,13.037546157836914,13.226063884434163,13.030352484433957,13.098070379515125,118117764
2011-06-02,13.098567008972168,13.154130338838838,12.960154490061209,13.086411496650497,88091820
2011-06-03,12.975038528442383,13.087157756714712,12.935847655272424,12.948248944862542,69870060
2011-06-06,12.924931526184082,13.06780865535765,12.880032984347997,12.986447358942469,77606316
2011-06-07,12.874576568603516,13.013484413943978,12.873584011847628,12.970323319737222,76227696
2011-06-08,12.87804889678955,12.929395276786884,12.793959486666887,12.812563781831061,66069864
2011-06-09,12.817524909973145,12.898637596544003,12.790487662880254,12.898637596544003,67496436
2011-06-10,12.638432502746582,12.81653216494559,12.632975331039189,12.751791939980363,97498404
2011-06-13,12.519865989685059,12.655549462929597,12.456365035229904,12.650588569024325,96994908
2011-06-14,12.610156059265137,12.751792978054137,12.575924191063619,12.604697941821247,93566340
2011-06-15,12.475709915161133,12.609656860527375,12.417666144306551,12.52730395801316,82849068
2011-06-16,12.411714553833008,12.565505082299252,12.319935191733592,12.47223877561607,110169720
2011-06-17,12.030956268310547,12.56848152412214,12.025498151442656,12.55583067929308,209606184
2011-06-20,12.020041465759277,12.060969778367006,11.88733379662807,12.030459530134403,121022856
2011-06-21,12.228899955749512,12.252217478057938,12.023762098849538,12.084783545218203,110505384
2011-06-22,12.080316543579102,12.212775595090147,12.073371482730206,12.190451577530933,96187716
2011-06-23,11.91189193725586,11.977377050551357,11.750906794499457,11.95926903423539,191875932
2011-06-24,11.779433250427246,11.925038494630096,11.73329448468833,11.923301992905776,152071776
2011-06-27,11.9758882522583,12.11479704270426,11.747682439127598,11.757604225504553,137650212
2011-06-28,12.245024681091309,12.308525628502753,12.0061512380614,12.0061512380614,108495396
2011-06-29,12.342260360717773,12.408738033686625,12.213521963221083,12.316711003519025,93626280
2011-06-30,12.560791969299316,12.567985642779888,12.439743524636878,12.451898091471726,97038864
2011-07-01,12.924186706542969,12.927908321806544,12.560791819747129,12.569721994853808,145322532
2011-07-05,13.2072114944458,13.280635170675659,13.030104395358634,13.030104395358634,153814032
2011-07-06,13.279643058776855,13.357779018931746,13.222095562075877,13.233506183855132,107716176
2011-07-07,13.558454513549805,13.659658448301528,13.292542855246646,13.419545706384767,157262580
2011-07-08,13.196048736572266,13.336446352813315,13.078969585467485,13.219861589468639,190617192
2011-07-11,13.079218864440918,13.295023402146176,13.035066156322713,13.101543830348849,113458428
2011-07-12,13.246156692504883,13.38035131078505,13.047467627007515,13.101046785819582,113534352
2011-07-13,13.351578712463379,13.493960518272667,13.307425057834266,13.320324515563373,111496392
2011-07-14,13.12039566040039,13.444350130248042,13.065575330348203,13.372910618179963,265714020
2011-07-15,14.824007034301758,14.88924448480822,14.58935148007397,14.821030309168162,548734716
2011-07-18,14.757530212402344,14.933894333381193,14.6846037509418,14.696758318733933,178553268
2011-07-19,14.946296691894531,14.999130963609819,14.772165360784511,14.787295707758584,118581300
2011-07-20,14.7677001953125,14.953242141669149,14.7677001953125,14.937118293192455,89022888
2011-07-21,15.056432723999023,15.082973694867878,14.734462398044863,14.73495867648295,138641220
2011-07-22,15.33523941040039,15.366742217081637,14.988960929914654,15.016743066635588,140986872
2011-07-25,15.353845596313477,15.513341927031018,15.205510331559188,15.214440507738985,125138736
2011-07-26,15.441655158996582,15.565184059486548,15.310187694201112,15.33077615938019,93622284
2011-07-27,15.06213665008545,15.402710307138117,15.000868481062646,15.30919538510092,157218624
2011-07-28,15.154411315917969,15.279429045732801,14.95745873998661,15.011781847056158,124211664
2011-07-29,14.974574089050293,15.254127240949467,14.974574089050293,14.987968879476798,165330504
2011-08-01,15.050973892211914,15.267522378840587,14.862703822289545,15.161357555111078,158485356
2011-08-02,14.694524765014648,15.122907531770984,14.673936302147206,15.031873062555041,127895976
2011-08-03,14.912065505981445,14.95745843668225,14.47698437984061,14.740910903051674,152874972
2011-08-04,14.325424194335938,14.854516498710096,14.324184916329111,14.74661423582287,196387416
2011-08-05,14.363128662109375,14.63499280378316,13.940450714738335,14.449947132209116,236926836
2011-08-08,13.544065475463867,14.114086130414718,13.502640880280941,13.964760210742945,299564136
2011-08-09,14.22347640991211,14.253242714553803,13.419791856339303,13.915644855793095,258529212
2011-08-10,13.618233680725098,13.993038276348727,13.586483204660253,13.925072708926248,214569216
2011-08-11,13.94367504119873,14.101683464973483,13.603350005238799,13.737544628413302,193030776
2011-08-12,13.984356880187988,14.15129549339373,13.900763740298991,14.126490079185736,126045828
2011-08-15,13.822132110595703,14.01461913314608,13.544810781436864,13.727872295081989,285510204
2011-08-16,13.369933128356934,13.703314032868395,13.154129550463306,13.70306636632843,277298424
2011-08-17,13.224823951721191,13.486270029578078,13.16578856391122,13.395483222419662,163000836
2011-08-18,12.523585319519043,13.019933667000235,12.414690495961239,12.984711134984755,251376372
2011-08-19,12.17730712890625,12.771389295723651,12.175819238859134,12.386166622070224,216183600
2011-08-22,12.35714340209961,12.57617233442089,12.266852871038132,12.501757040792372,196039764
2011-08-23,12.869368553161621,12.933613450883879,12.379220338067288,12.489354448448301,173698128
2011-08-24,12.980245590209961,13.146687911458171,12.82992806303162,12.88201838881542,143636220
2011-08-25,12.899629592895508,13.327020749039132,12.856468498867821,13.156113819890056,131588280
2011-08-26,13.068800926208496,13.157851233565335,12.728474934156955,12.89839026362369,143708148
2011-08-29,13.371918678283691,13.381097465885027,13.234994988636073,13.259799456881085,93338568
2011-08-30,13.412102699279785,13.46890625347956,13.166781410195375,13.349841973150848,119440440
2011-08-31,13.418553352355957,13.55101243242675,13.29551978156178,13.51231594784671,107624268
2011-09-01,13.208700180053711,13.489741201233635,13.17694970808412,13.413341746218322,96523380
2011-09-02,13.018694877624512,13.095094339981372,12.91674605719758,13.009517035479243,95951952
2011-09-06,12.952713966369629,12.96710036917579,12.66299039829923,12.670431738918857,108523368
2011-09-07,13.24665355682373,13.294031604637347,13.082196336784351,13.157851857109868,110121768
2011-09-08,13.269721031188965,13.372413789460872,13.19381785251706,13.240947283361002,95124780
2011-09-09,13.018942832946777,13.26203323984592,12.928156966309428,13.18141588182392,130621248
2011-09-12,13.149666786193848,13.196052281231802,12.836626611335811,12.848037235150834,106709184
2011-09-13,13.134783744812012,13.24293369298454,12.982976416482325,13.19629958733555,94073832
2011-09-14,13.19803524017334,13.319083685490945,13.043003540844397,13.210933752022706,107668224
2011-09-15,13.458239555358887,13.518267496978295,13.259798157097476,13.283115678371232,118313568
2011-09-16,13.56043815612793,13.564406492885588,13.472627125534968,13.513804054825973,141230628
2011-09-19,13.560189247131348,13.640309378431656,13.28013981477018,13.403421042794545,98637264
2011-09-20,13.559196472167969,13.854129525529693,13.46096832499591,13.627906925465394,111052836
2011-09-21,13.374894142150879,13.766815101674752,13.366461190918224,13.585490107560117,100471428
2011-09-22,12.915007591247559,13.116424754689193,12.749805512464834,13.053667759167794,175835988
2011-09-23,13.035313606262207,13.05788623835166,12.762209241047426,12.813307955408474,110980908
2011-09-26,13.193570137023926,13.219367159768161,12.731203169387518,13.078473255554787,105262632
2011-09-27,13.37836742401123,13.569615153761774,13.296759406073479,13.350089008881,120315564
2011-09-28,13.117914199829102,13.494455272312583,13.089636729365267,13.431946881194994,90441468
2011-09-29,13.084675788879395,13.327765236073613,12.884002547228272,13.296511040627301,116147736
2011-09-30,12.775605201721191,12.997858523043744,12.75923274078571,12.903846377696375,108835056
2011-10-03,12.29140853881836,12.700196337670468,12.278510027754926,12.646865791780716,178797024
2011-10-04,12.449664115905762,12.487865259766775,11.921316735609915,12.155228317498052,166185648
2011-10-05,12.519121170043945,12.596017861886668,11.925536220600998,12.31199912186802,181182636
2011-10-06,12.767419815063477,12.780318327054754,12.46702958801854,12.588574313069948,136835028
2011-10-07,12.777589797973633,12.911041429034524,12.658029236283662,12.820006951074141,114121764
2011-10-10,13.324541091918945,13.331982432121679,12.978013986456682,13.027128533320694,92795112
2011-10-11,13.473621368408203,13.563416578616625,13.232516048796551,13.232516048796551,114021864
2011-10-12,13.605581283569336,13.772519875740924,13.509585921317823,13.596403442168464,126984888
2011-10-13,13.865788459777832,13.866036126342724,13.593676637756753,13.643535131262901,227276496
2011-10-14,14.676665306091309,14.873121602858882,14.574716487608127,14.869897211164512,340854804
2011-10-17,14.446722030639648,14.680385958363663,14.337330933842168,14.47921644788454,160167672
2011-10-18,14.64764404296875,14.69849414681618,14.322448398086005,14.391655131357584,151879968
2011-10-19,14.40430736541748,14.686092383305686,14.367595993615035,14.569013205362749,117142740
2011-10-20,14.47797679901123,14.607460093794026,14.374787753099984,14.434072701051814,135024840
2011-10-21,14.647147178649902,14.70320678562365,14.553135981551005,14.622838990444556,135504360
2011-10-24,14.79423999786377,14.882298688282928,14.548174778946379,14.55363195053985,136938924
2011-10-25,14.465327262878418,14.759019170181912,14.457638255626772,14.711889733921115,101518380
2011-10-26,14.543462753295898,14.639458124550643,14.20983509478771,14.623831498695534,114809076
2011-10-27,14.850053787231445,14.950018438395995,14.716849826100946,14.8438517250443,151060788
2011-10-28,14.886519432067871,14.940097656209028,14.740416939666646,14.747114335845833,100219680
2011-10-31,14.700478553771973,14.875354779566264,14.676418030762722,14.761251390933197,102209688
2011-11-01,14.353456497192383,14.523618555295457,14.30632611614187,14.389423922050801,124878996
2011-11-02,14.506502151489258,14.584390446743464,14.398849441061145,14.508487265087416,84751164
2011-11-03,14.821029663085938,14.821029663085938,14.47921674541009,14.5605770961103,106685208
2011-11-04,14.7872953414917,14.876594257660443,14.695269257389743,14.721810225868362,113278608
2011-11-07,15.089670181274414,15.100833137635078,14.690309722085775,14.717346971457246,134161704
2011-11-08,15.189139366149902,15.239494139368064,14.972343204138731,15.106290171610251,121054824
2011-11-09,14.906608581542969,15.115963390415295,14.849804082648053,14.988713826176458,148291560
2011-11-10,14.761003494262695,15.030633917928208,14.673689688654294,15.030137639517688,114621264
2011-11-11,15.090166091918945,15.182937066760726,14.848316868061493,14.915290819228604,158920920
2011-11-14,15.2055082321167,15.331518511669247,15.076026839787119,15.08148306608043,127420452
2011-11-15,15.293814659118652,15.331518582010805,15.143496191223544,15.200547408650964,106932960
2011-11-16,15.167557716369629,15.33697676876125,15.146226252189221,15.182689008895366,104235660
2011-11-17,14.904623985290527,15.187897800209514,14.80317050281599,15.132334471568742,139592268
2011-11-18,14.75604248046875,14.994668278263374,14.728013619567736,14.93265521520215,131376492
2011-11-21,14.410259246826172,14.597785367785852,14.190734984962038,14.57942968388385,119931948
2011-11-22,14.386942863464355,14.510224092429373,14.268870194580902,14.386942863464355,96115788
2011-11-23,14.141619682312012,14.393143016928066,14.141619682312012,14.271597352598043,92938968
2011-11-25,13.965256690979004,14.244809850571967,13.923831149905187,14.019579799138855,62433504
2011-11-28,14.590095520019531,14.6057230907496,14.30012430031468,14.371315201551806,113042844
2011-11-29,14.459622383117676,14.643924124154289,14.419934287648562,14.582407339854099,73198728
2011-11-30,14.867912292480469,14.870889017468196,14.686834963654148,14.832192537919893,135744120
2011-12-01,15.224610328674316,15.279925049694063,14.858239632035668,14.883044100549547,144679176
2011-12-02,15.38807487487793,15.478365402746764,15.286373725103815,15.305970577288253,163264572
2011-12-05,15.519295692443848,15.674326465568326,15.438679274490507,15.568657911072696,127772100
2011-12-06,15.472661018371582,15.592964576486155,15.385098601165472,15.453311832170655,92966940
2011-12-07,15.46323299407959,15.519540264009475,15.332014160168013,15.420816791732214,90201708
2011-12-08,15.281166076660156,15.56394363214098,15.26256178015508,15.404943587389855,96427476
2011-12-09,15.56319808959961,15.605614293186232,15.304977362342806,15.329533216247771,110537352
2011-12-12,15.512843132019043,15.532439037827848,15.386337522435117,15.425777945882329,87268644
2011-12-13,15.518796920776367,15.789916161865253,15.449838803841137,15.596436600802702,160966872
2011-12-14,15.331271171569824,15.48630286873924,15.19285865605412,15.425034701985146,155991852
2011-12-15,15.3677339553833,15.478365279501373,15.346650158767536,15.441653912689597,96247656
2011-12-16,15.526983261108398,15.610327779842665,15.415607994097806,15.486302613212008,178193628
2011-12-19,15.424538612365723,15.58998838671323,15.379146624281775,15.577834764380501,85654260
2011-12-20,15.636375427246094,15.672839131531878,15.577338143390016,15.577587700551096,95432472
2011-12-21,15.523509979248047,15.67233960935963,15.353346050869863,15.627442959256738,99816084
2011-12-22,15.619754791259766,15.67010956391829,15.553029447482949,15.576346026025725,72819108
2011-12-23,15.705082893371582,15.74328309458768,15.641086614577942,15.676805423891038,58089852
2011-12-27,15.881446838378906,15.986620042337941,15.676805268550833,15.678045491843967,64191744
2011-12-28,15.867803573608398,15.999271017150395,15.828114539666135,15.943459081218915,85002912
2011-12-29,15.934781074523926,15.949663756604338,15.756184163097458,15.912207494234277,62952984
2011-12-30,16.02159881591797,16.042930282389694,15.925354823746009,15.925354823746009,71220708
2012-01-03,16.505542755126953,16.573509263623574,16.182086454552,16.19622424455305,146912940
2012-01-04,16.57673454284668,16.625600477171965,16.38672703205007,16.496116243953235,114445440
2012-01-05,16.346790313720703,16.469823872948556,16.277833139307674,16.424183275605106,131184684
2012-01-06,16.123794555664062,16.371349572608274,16.118088771829072,16.350263884367166,107608284
2012-01-09,15.440166473388672,16.048882696449663,15.409656220470307,16.036480462025047,232671096
2012-01-10,15.457032203674316,15.72145404521433,15.302495845983865,15.620994069209956,175648176
2012-01-11,15.526983261108398,15.612064281531655,15.406926430945013,15.465961816617734,95904000
2012-01-12,15.618266105651855,15.698882514878703,15.540377809708335,15.657457920179482,74932992
2012-01-13,15.502923011779785,15.551540336427838,15.405438805335132,15.534424875323102,92199708
2012-01-17,15.591973304748535,15.676310386779637,15.520038456753705,15.676310386779637,76295628
2012-01-18,15.699379920959473,15.726417170347734,15.431733649971603,15.543603317883095,110357532
2012-01-19,15.864580154418945,15.899803632756967,15.663411573865222,15.899803632756967,251959788
2012-01-20,14.53552532196045,14.659799111880652,14.429111883665398,14.648139877364688,422628948
2012-01-23,14.523865699768066,14.601753046920278,14.465325647162421,14.535772599758712,136379484
2012-01-24,14.410012245178223,14.577446188193807,14.337332505884303,14.543711543964923,122109768
2012-01-25,14.126241683959961,14.354943791085974,14.049097331851376,14.325177484630226,199308492
2012-01-26,14.091761589050293,14.250017678374459,14.003703841865732,14.188005566462417,128918952
2012-01-27,14.386445999145508,14.394879895906874,14.12227086750256,14.158239234659025,144555300
2012-01-30,14.329643249511719,14.386943083036693,14.223228867840099,14.338573425163535,93126780
2012-01-31,14.389669418334961,14.486162000887356,14.266635869254124,14.461356590669997,85610304
2012-02-01,14.407530784606934,14.523370676521296,14.36561085505645,14.509479607095772,92735172
2012-02-02,14.513694763183594,14.545941513288112,14.438536477271771,14.507741313409072,96491412
2012-02-03,14.792008399963379,14.810365028556935,14.586622880226049,14.651364050168658,126613260
2012-02-06,15.10852336883545,15.151684471872164,14.734463626825052,14.759268097875303,147036816
2012-02-07,15.050973892211914,15.11596367750274,14.97631093165264,15.06040034621142,83600316
2012-02-08,15.127374649047852,15.16458229690576,15.000620412588743,15.097359729843962,73382544
2012-02-09,15.167309761047363,15.242717610387198,15.10628925898417,15.18120082991926,90497412
2012-02-10,15.029640197753906,15.08470629716716,14.982262158810121,15.07850518113621,92914992
2012-02-13,15.185664176940918,15.226343878058067,15.131589686475113,15.143495640733851,72579348
2012-02-14,15.125140190124512,15.180703516531725,15.00111502612707,15.169293840461444,72075852
2012-02-15,15.02095890045166,15.203772731294558,14.946543611499497,15.203772731294558,96938964
2012-02-16,15.04477310180664,15.101576657721107,14.826736720494116,14.952994678353289,101134764
2012-02-17,14.998138427734375,15.072306049277637,14.942575100858368,15.006323712400997,97866036
2012-02-21,15.230313301086426,15.326557273945047,14.954480838907802,14.979038583136436,99132768
2012-02-22,15.079997062683105,15.29927367441391,15.04948680941336,15.179713108248412,78601320
2012-02-23,15.034601211547852,15.079994137493303,14.891724093993679,15.056677562912492,82117800
2012-02-24,15.128613471984863,15.172022232918625,15.019718651896305,15.065360192894211,77346576
2012-02-27,15.11397933959961,15.1896339108471,15.008557516736118,15.046509108285157,72483444
2012-02-28,15.33920669555664,15.37343761096955,15.073543710750139,15.131092144954891,113790096
2012-02-29,15.335737228393555,15.51805480121319,15.267523048355235,15.344418792505856,125350524
2012-03-01,15.438677787780762,15.520534421349474,15.33325596472739,15.435204784203938,89418492
2012-03-02,15.41015338897705,15.478367572836929,15.387085420673337,15.428757686980795,62869068
2012-03-05,15.236515998840332,15.440909907459885,15.165325100314055,15.389810248689786,63668268
2012-03-06,15.00607681274414,15.101575901667816,14.730244332475959,15.082723939495654,126849024
2012-03-07,15.051718711853027,15.160612593705409,15.028402134109262,15.107529709443625,50529420
2012-03-08,15.060150146484375,15.168300065680858,15.040554242097981,15.132084036310305,53766180
2012-03-09,14.889244079589844,15.17822367802578,14.883042962935368,15.080244144300723,106717176
2012-03-12,15.01078987121582,15.05667908013028,14.86468740234362,14.883043085909403,66693240
2012-03-13,15.324078559875488,15.325815061713444,15.02071253954768,15.100088728623957,89742168
2012-03-14,15.279677391052246,15.448103891634736,15.21692132944578,15.255120589093869,117358524
2012-03-15,15.407175064086914,15.465962786903143,15.250903136364006,15.294808178556039,97306596
2012-03-16,15.504162788391113,15.525742864073214,15.380385282153878,15.401222358165114,121897980
2012-03-19,15.725919723510742,15.807528689344029,15.409903816050052,15.45653697064496,86825088
2012-03-20,15.713765144348145,15.777513759388029,15.559477388172622,15.65001652930826,61558380
2012-03-21,15.874752044677734,16.058556558944233,15.689457749836649,15.74154807887387,98685216
2012-03-22,16.025320053100586,16.093534239839897,15.652003306676399,15.838041568105268,96311592
2012-03-23,15.939492225646973,16.086090028095118,15.897572298464157,16.038959650395196,77530392
2012-03-26,16.106674194335938,16.1106444209146,15.86383434036003,15.999270112462703,72695232
2012-03-27,16.049379348754883,16.21011494799341,15.994310404935032,16.049627015317654,80207712
2012-03-28,16.266176223754883,16.336375522105715,16.150088654967714,16.173652901948536,101454444
2012-03-29,16.0838565826416,16.286761650916755,15.981908715420202,16.208625692820302,76895028
2012-03-30,15.906004905700684,16.209867199079437,15.900051455302176,16.166707046920806,92335572
2012-04-02,16.04690170288086,16.06128905304623,15.747255358976776,15.894350417093255,91276632
2012-04-03,15.940235137939453,16.072447483209906,15.84151165868096,16.00944186892055,81714204
2012-04-04,15.754941940307617,15.850441028789483,15.65448101313629,15.836798571946984,65038896
2012-04-05,15.684743881225586,15.78669270014528,15.591725237757998,15.682759712889187,92655252
2012-04-09,15.648032188415527,15.759406513590726,15.510363615836889,15.589492134015174,87220692
2012-04-10,15.549307823181152,15.73881811047132,15.492007991905997,15.714509921853782,99180720
2012-04-11,15.77503490447998,15.776027461325308,15.659442679565428,15.725672689331283,87872040
2012-04-12,16.14834976196289,16.201184029459057,15.881696087359657,15.933537798123718,230033736
2012-04-13,15.49324893951416,16.098244438910253,15.466954692384506,16.062523738215138,326045628
2012-04-16,15.033611297607422,15.473653348388668,14.924221132952265,15.453562106871738,227456316
2012-04-17,15.120428085327148,15.321845264065892,15.056926194828389,15.095374062286835,120835044
2012-04-18,15.067841529846191,15.200548267097084,14.952745586436498,15.082724210374147,106673220
2012-04-19,14.865678787231445,15.286373503523338,14.85823839259019,15.024183487098856,131652216
2012-04-20,14.785310745239258,15.102567806215152,14.779605907110822,14.988464426601373,122213664
2012-04-23,14.82351016998291,14.844593965004066,14.639952404514707,14.706925404579886,87824088
2012-04-24,14.914546966552734,15.047502321344123,14.816567424966333,14.839387725144213,77086836
2012-04-25,15.124149322509766,15.164582307518788,14.954482599405718,14.982264738358216,72771156
2012-04-26,15.266777992248535,15.329534050212525,15.123653192221244,15.153667164571889,83616300
2012-04-27,15.254624366760254,15.298281743995462,15.145978147395295,15.255616923621872,65390544
2012-04-30,15.003347396850586,15.281907983748491,14.898174190145525,15.205260858822493,96195708
2012-05-01,14.992932319641113,15.170783393683916,14.887758153315978,14.977057080794937,80011908
2012-05-02,15.063129425048828,15.084213222710982,14.898174987466167,14.912810001607374,64395540
2012-05-03,15.15639591217041,15.25090339348716,15.105049528800603,15.121669656795152,74645280
2012-05-04,14.807884216308594,15.078755806820155,14.80391587963562,15.029889871619405,88207704
2012-05-07,15.070321083068848,15.145232650260844,14.759017471478908,14.759017471478908,79700220
2012-05-08,15.200301170349121,15.30224999354709,14.900408151306458,15.020216380865905,106984908
2012-05-09,15.110011100769043,15.289351950768092,14.927942137270641,15.052215931208943,93058848
2012-05-10,15.221880912780762,15.284636968984893,15.136798946239985,15.204516841014573,61374564
2012-05-11,15.012774467468262,15.24395796565906,15.00136384522916,15.139776366156658,83892024
2012-05-14,14.982264518737793,15.093887460753393,14.897431158429315,14.902392997327716,72903024
2012-05-15,15.158628463745117,15.255120111997822,14.976063232753566,15.015751326447381,83999916
2012-05-16,15.600655555725098,15.629676973706705,15.278437560815537,15.328543722879738,193210596
2012-05-17,15.454800605773926,15.821915231413442,15.409655340695064,15.722200137981789,134017848
2012-05-18,14.892967224121094,15.687225421684577,14.801187852334209,15.505651791877812,238701060
2012-05-21,15.233043670654297,15.272235485710999,14.883043557879716,14.895694403535863,122892984
2012-05-22,14.902888298034668,15.225602555927413,14.783824015868822,15.216423768425287,121953924
2012-05-23,15.117700576782227,15.12117263519082,14.81160549557147,14.923972384498688,126996876
2012-05-24,14.973832130432129,15.178720447131607,14.855015510098156,15.11025860032178,75576348
2012-05-25,14.672944068908691,14.925955297642416,14.592327662619716,14.907848226250266,143132724
2012-05-29,14.742647171020508,14.86146378730418,14.593321248008893,14.779110873506138,104123772
2012-05-30,14.591089248657227,14.682123731168968,14.474505406381745,14.589352746737514,76191732
2012-05-31,14.408275604248047,14.634994508178902,14.362137777934432,14.60324403058872,118613268
2012-06-01,14.163200378417969,14.204624972725501,14.097962928576662,14.183292563895733,122193684
2012-06-04,14.35196590423584,14.399096279514376,14.13913905174054,14.144347611405683,97210692
2012-06-05,14.14906120300293,14.340556598114633,14.051329337204034,14.274078926989286,93502404
2012-06-06,14.401082038879395,14.435809239888519,14.228438590685444,14.299628549255743,83748168
2012-06-07,14.343037605285645,14.582655013523949,14.31872941484894,14.575462284726248,70269660
2012-06-08,14.398104667663574,14.41174806994678,14.25249847464139,14.284001282407631,56359584
2012-06-11,14.101683616638184,14.518905340057284,14.05678601877084,14.491371814432345,106337556
2012-06-12,14.017346382141113,14.146333390648595,13.855617288404586,14.133186267013015,128839032
2012-06-13,13.917879104614258,14.064476917932955,13.858098822477876,13.933506676155666,78089832
2012-06-14,13.86727523803711,14.016602094727165,13.804518237050864,13.923087177548624,93702204
2012-06-15,14.002711296081543,14.002958962631348,13.818657237889902,13.899274590435574,119927952
2012-06-18,14.1599760055542,14.243321472679119,13.872236625170071,13.955830704141034,99776124
2012-06-19,14.424893379211426,14.493107550639909,14.216282528520988,14.227940816487335,82964952
2012-06-20,14.325178146362305,14.386943542331121,14.225958380649434,14.382230315145621,93774132
2012-06-21,14.020073890686035,14.38297343341397,13.983362525177698,14.38297343341397,80371548
2012-06-22,14.1756010055542,14.1756010055542,14.035205280257442,14.08927976851079,89026884
2012-06-25,13.90820598602295,14.091514224773514,13.8251081795189,14.072662261276747,63200736
2012-06-26,14.006928443908691,14.054554154938879,13.877942379524983,13.959302732878506,53953992
2012-06-27,14.121526718139648,14.237861925730193,14.040166372784961,14.081838629516374,67624308
2012-06-28,13.997749328613281,14.04537503531074,13.821632902328165,14.03718975099703,76759164
2012-06-29,14.388678550720215,14.39016738596577,14.193462473322944,14.261924317020805,100679220
2012-07-02,14.398601531982422,14.46135948763316,14.300125706859426,14.432088511631878,66153780
2012-07-03,14.58116626739502,14.595553615662933,14.337332854190887,14.38719134939738,47532420
2012-07-05,14.781840324401855,14.884533093840826,14.598777862131127,14.604235979612815,93742164
2012-07-06,14.535276412963867,14.72230720573172,14.456892781838496,14.695765290696286,86385528
2012-07-09,14.536020278930664,14.600265169750545,14.417948562145687,14.509726032310505,68535396
2012-07-10,14.429112434387207,14.695270818859386,14.355688747252197,14.639707484031213,76847076
2012-07-11,14.16840934753418,14.333611451135768,14.013378588180247,14.295163580821185,139832028
2012-07-12,14.150796890258789,14.186765257264963,13.94268231176438,14.067452370358648,92299608
2012-07-13,14.300620079040527,14.365857527692222,14.102923564816852,14.1922215351171,78960960
2012-07-16,14.260932922363281,14.366850081281237,14.183045568761266,14.296900346566243,58445496
2012-07-17,14.305829048156738,14.40356091155166,14.099202366528516,14.347997585068024,67136796
2012-07-18,14.405795097351074,14.478473890348084,14.290947763327807,14.312031561194821,61866072
2012-07-19,14.710896492004395,14.845340677576202,14.535773546455706,14.539245604768979,186801012
2012-07-20,15.151434898376465,15.204021504735456,14.837898483306121,15.10033618197629,258289452
2012-07-23,15.267770767211914,15.338216778154816,14.839634693782322,14.8949503577028,142325532
2012-07-24,15.070817947387695,15.327798464853526,14.990697817321625,15.255119674899541,80295624
2012-07-25,15.081235885620117,15.214935175834974,15.016246102878958,15.089421170616056,72847080
2012-07-26,15.214439392089844,15.301505531258538,15.131838813329736,15.255120042425057,67340592
2012-07-27,15.750228881835938,15.751221438642876,15.317132863527013,15.351611451123512,141846012
2012-07-30,15.684248924255371,15.939741577412489,15.614794518999815,15.77726757556001,87380532
2012-07-31,15.700865745544434,15.788427211320545,15.583041697149957,15.584034253898544,74549376
2012-08-01,15.693674087524414,15.863092192552353,15.661426389210453,15.80827280694459,73710216
2012-08-02,15.596190452575684,15.826382361168108,15.463732314646839,15.515822646713929,79028892
2012-08-03,15.908236503601074,15.967521446034057,15.77949811108552,15.875245807591904,75808116
2012-08-06,15.945197105407715,16.107917802118866,15.855897248450454,15.865571368111086,71224704
2012-08-07,15.888640403747559,15.980916041065354,15.787684148728882,15.919645985865488,79192728
2012-08-08,15.930562019348145,16.0208525527578,15.838039650964452,15.851682108544,52835112
2012-08-09,15.933540344238281,16.033255445356286,15.912951878448032,15.987119510491324,42769188
2012-08-10,15.924859046936035,15.930810607210987,15.779252839211798,15.840273347291332,57326616
2012-08-13,16.371597290039062,16.37506840307869,16.040945414247915,16.059301098617055,130585284
2012-08-14,16.58616065979004,16.69009365492539,16.346544192561076,16.352745309890068,146321532
2012-08-15,16.558378219604492,16.72481958974549,16.4730485877458,16.626342834654967,96331572
2012-08-16,16.690589904785156,16.734494947263336,16.54696787653989,16.55763455395719,68639292
2012-08-17,16.796506881713867,16.799236885771275,16.661568301663046,16.72159625098904,87020892
2012-08-20,16.756818771362305,16.839420295212122,16.68537925792217,16.75582621454234,70253676
2012-08-21,16.60724449157715,16.817838571798273,16.425175547878514,16.69654246171014,88799112
2012-08-22,16.79749870300293,16.88233300819648,16.5375414512999,16.554409245713718,76291632
2012-08-23,16.78807258605957,16.87935566634641,16.64420290431511,16.72531653181602,71296632
2012-08-24,16.833467483520508,16.87861275057418,16.720605261178566,16.758307297092315,57006936
2012-08-27,16.60004997253418,16.669007142239938,16.35249498107611,16.4455136164518,104443452
2012-08-28,16.799240112304688,16.80841701136271,16.48892896131821,16.49537774637938,82261656
2012-08-29,17.066137313842773,17.090448338923082,16.771951034299548,16.802211728555353,119492388
2012-08-30,16.90912437438965,17.05076130416674,16.87191766859506,16.97262533141346,65010924
2012-08-31,16.99370765686035,17.080277520199207,16.86844320096949,16.96667040821198,84998916
2012-09-04,16.893245697021484,16.991472892795723,16.706215868005437,16.980310883329036,75508416
2012-09-05,16.88530731201172,17.028681661411056,16.846115499903377,16.867448852910154,68259672
2012-09-06,17.348669052124023,17.360823620010706,16.98477879640938,17.015289049412228,121618260
2012-09-07,17.516101837158203,17.667412868694505,17.305755417277542,17.363550582258235,129190680
2012-09-10,17.382654190063477,17.681306078026125,17.323616900831418,17.60565243963915,102297600
2012-09-11,17.169822692871094,17.37967567381354,17.140304998194075,17.31294938700571,74877048
2012-09-12,17.137327194213867,17.23729183404653,16.889276874781903,17.10086349665448,105586308
2012-09-13,17.513376235961914,17.586798982090208,17.128897485153885,17.192150776358293,106253640
2012-09-14,17.60366439819336,17.68601636456868,17.537435335678293,17.60167928456141,104635260
2012-09-17,17.611103057861328,17.683037893180785,17.487574181808398,17.564717576388414,60271668
2012-09-18,17.816987991333008,17.826412554359827,17.53172906099422,17.556533527776946,82589328
2012-09-19,18.04568862915039,18.071980983693912,17.770601064938106,17.797638309658524,123808068
2012-09-20,18.061067581176758,18.141931644551555,17.889913002075467,17.9705293989324,116179704
2012-09-21,18.20667266845703,18.22974157554131,18.110676370627875,18.16251996758453,254109636
2012-09-24,18.588428497314453,18.604799069637235,18.113906879524944,18.13251023229734,142409448
2012-09-25,18.58296775817871,18.973152231109488,18.54576105788228,18.67945940298202,242097660
2012-09-26,18.68962860107422,18.882613778630002,18.38055965452931,18.600082964449395,226689084
2012-09-27,18.765037536621094,18.92230202280215,18.644733976408563,18.8506167322677,157086756
2012-09-28,18.715425491333008,18.83449071097807,18.632330529063015,18.706745818695094,111228660
2012-10-01,18.896007537841797,18.975879050047567,18.75784175131234,18.82828870110313,126593280
2012-10-02,18.777191162109375,19.000437034344888,18.61050212081418,18.980841127519,111496392
2012-10-03,18.91386604309082,18.94908951807292,18.658374379433152,18.74568912198982,88243668
2012-10-04,19.051536560058594,19.097179049469986,18.836972242032406,18.9200690996705,98069832
2012-10-05,19.04161262512207,19.208551211835275,18.9761265688755,19.11751580042628,109326564
2012-10-08,18.798276901245117,18.94065680931334,18.70674615009368,18.876660528764816,78265656
2012-10-09,18.45720863342285,18.884599865632048,18.418514037891406,18.843672489657806,120007872
2012-10-10,18.46886444091797,18.542534838348875,18.313335525562582,18.40189049298793,81514404
2012-10-11,18.640514373779297,18.8146466384478,18.610996681490395,18.675737849410794,95260644
2012-10-12,18.47357749938965,18.72460552161685,18.45745459519201,18.649694893917168,96071832
2012-10-15,18.380064010620117,18.45075863687859,18.125067644833365,18.40387592241445,120643236
2012-10-16,18.472335815429688,18.52914031135131,18.267942856014702,18.358978271298533,82245672
2012-10-17,18.7399845123291,18.761068309097926,18.36220227400984,18.453733025154545,91624284
2012-10-18,17.239521026611328,18.837465326303125,16.768226789486597,18.741221365658447,497198304
2012-10-19,16.911849975585938,17.52974399124654,16.669008195305935,17.50196374461417,458828712
2012-10-22,16.834457397460938,16.982295409671266,16.61195454368095,16.892500222797832,162061776
2012-10-23,16.876131057739258,17.049270772615422,16.669008089151593,16.669255755701588,116547336
2012-10-24,16.800474166870117,17.04108314576572,16.750120347388982,17.03612225283494,99760140
2012-10-25,16.811885833740234,16.917059045030893,16.706464955890542,16.867450109847233,95947956
2012-10-26,16.747142791748047,16.942606511959013,16.649163265111174,16.780628819259718,77953968
2012-10-31,16.87489128112793,16.89225440826832,16.743423823039002,16.863976937379945,61418520
2012-11-01,17.05571746826172,17.13782175541309,16.835696960160604,16.85504519804186,81921996
2012-11-02,17.06390380859375,17.25316640488326,17.050259462912873,17.23431349991863,92883024
2012-11-05,16.940872192382812,17.037611502840736,16.757315358120664,16.97907144911643,65370564
2012-11-06,16.910112380981445,17.028680365026545,16.80667474177112,17.00337867754388,63248688
2012-11-07,16.547962188720703,16.82354704019536,16.532334616071957,16.743425953662438,89202708
2012-11-08,16.18010139465332,16.656358507649397,16.15380714699523,16.624360366894926,103776120
2012-11-09,16.446510314941406,16.57822546178786,16.13074107386449,16.238644306164566,124439436
2012-11-12,16.517698287963867,16.614439496395985,16.392929164444663,16.464366790042007,56179764
2012-11-13,16.347782135009766,16.559865989822715,16.327441338658108,16.445763556305515,63704232
2012-11-14,16.186548233032227,16.425421651075958,16.135697190878176,16.3877177311712,66669264
2012-11-15,16.05533218383789,16.371349034068796,15.971985771614182,16.12329680157703,73882044
2012-11-16,16.053348541259766,16.19821080118965,15.77602814662872,16.023830844689737,137390472
2012-11-19,16.574996948242188,16.592609632117355,16.260469881594222,16.264685884711614,94633272
2012-11-20,16.618656158447266,16.81784058603212,16.484708241912973,16.60724648058863,83464452
2012-11-21,16.51695442199707,16.614440526764596,16.381272836378205,16.594347393542403,84403512
2012-11-23,16.56904411315918,16.619399829392442,16.522658624224203,16.618654939127907,36863100
2012-11-26,16.39987564086914,16.544985567082673,16.347041365157605,16.53109355184155,88095816
2012-11-27,16.637008666992188,16.743422089579674,16.321736735476943,16.37556355839007,100247652
2012-11-28,16.958484649658203,16.98924446000425,16.467842042332062,16.570037589243906,121558320
2012-11-29,17.162382125854492,17.212238724564042,16.917058015841615,17.060432367202473,110948940
2012-11-30,17.3231201171875,17.34420391628412,17.008591125032883,17.147997159285705,126417456
2012-12-03,17.2457275390625,17.509653121745536,17.21744817755983,17.419114925261955,87612300
2012-12-04,17.141050338745117,17.252177003767763,17.008839875625657,17.239525212442093,79588332
2012-12-05,17.061424255371094,17.227122619713192,16.925243582627658,17.16883023611865,74421504
2012-12-06,17.143529891967773,17.254656551197904,16.97932129512039,17.055719809887393,58433508
2012-12-07,16.971878051757812,17.286159345814188,16.927477677643374,17.239524300965098,76695228
2012-12-10,17.001893997192383,17.15643037358256,16.961461957242783,17.001149106902467,54613332
2012-12-11,17.286157608032227,17.41117437803575,17.05894341917212,17.11549835456645,107396496
2012-12-12,17.303028106689453,17.450618491107733,17.20182510822776,17.344452707834495,96942960
2012-12-13,17.430524826049805,17.772091042805773,17.3523888622473,17.75844858557722,137658204
2012-12-14,17.41217041015625,17.557528004449466,17.32460798602033,17.34296367156358,85118796
2012-12-17,17.878999710083008,17.907277178214752,17.46326591254565,17.499977276868858,121294584
2012-12-18,17.886194229125977,18.085380540939447,17.736868302492958,17.77531711959434,120075804
2012-12-19,17.86237907409668,17.934066244384677,17.777297115014694,17.877261752626854,76667256
2012-12-20,17.918193817138672,17.9749964272139,17.784493574771886,17.94051783843234,66213720
2012-12-21,17.751256942749023,17.830383581844384,17.624502695308017,17.710080009207893,140898960
2012-12-24,17.599201202392578,17.74009324341174,17.548847370414475,17.723475004202925,33602364
2012-12-26,17.583572387695312,17.683041711670594,17.4233321145276,17.563728812448804,47248704
2012-12-27,17.51957893371582,17.58283223062488,17.32907604314749,17.540662735823894,65830104
2012-12-28,17.363800048828125,17.53495276270598,17.363800048828125,17.405472309863768,56023920
2012-12-31,17.54660987854004,17.625738387878897,17.26432864852916,17.363548395712524,79816104
2013-01-02,17.94026756286621,18.033288095700414,17.77407574263958,17.84526569759816,101550348
2013-01-03,17.950687408447266,18.155577609949844,17.87751233648206,17.98194255092831,92635272
2013-01-04,18.30539894104004,18.392216461935575,18.05015493805525,18.091331863756015,110429460
2013-01-07,18.22552490234375,18.340372221836297,18.12208914919122,18.242889918386336,66161772
2013-01-08,18.189558029174805,18.263973312948234,17.969537514459716,18.245120407539616,66976956
2013-01-09,18.309120178222656,18.314824071183562,18.072974850355614,18.16401026760902,80907012
2013-01-10,18.392465591430664,18.479780342937932,18.19452140117406,18.425951622928512,73354572
2013-01-11,18.355506896972656,18.416030177586638,18.263976140478565,18.40536539059562,51356592
2013-01-14,17.94026756286621,18.410325448706228,17.917943542466507,18.28133843856139,114441444
2013-01-15,17.98194122314453,18.23172711564509,17.66369160023682,17.84303242995052,156950892
2013-01-16,17.740341186523438,17.967307745538626,17.70263725997189,17.91918480784404,80855064
2013-01-17,17.64434242248535,17.850720487760128,17.63690108295089,17.802847113854725,88371540
2013-01-18,17.475421905517578,17.680312096168112,17.39654105379565,17.620531818348987,128942928
2013-01-22,17.434741973876953,17.496012038024336,17.252425343230545,17.4791442426552,151544304
2013-01-23,18.392961502075195,18.579000687991353,18.25132458357392,18.256285477284923,236127636
2013-01-24,18.708236694335938,18.77322554089359,18.36840599819363,18.386514017752297,135172692
2013-01-25,18.694839477539062,18.814152367297883,18.610005175153383,18.622904632391247,88946964
2013-01-28,18.62191390991211,18.74271470147879,18.551466947733605,18.647463269766124,65018916
2013-01-29,18.695087432861328,18.77620106643628,18.51797937581145,18.523187935864105,69814116
2013-01-30,18.698808670043945,18.87542139933408,18.675989315509632,18.696575889786693,69250680
2013-01-31,18.744945526123047,18.792818903563,18.610005066649997,18.616455740523513,65302632
2013-02-01,19.238813400268555,19.263619757762857,18.80472577642286,18.80720622311385,149694156
2013-02-04,18.827547073364258,19.111565811140494,18.808943721261333,19.042606739193932,121498380
2013-02-05,18.99423599243164,19.127439004178793,18.838708960548367,18.879883997349225,74753172
2013-02-06,19.104122161865234,19.17332889202704,18.814647232017812,18.828786912258213,83040876
2013-02-07,19.19788360595703,19.318436702970235,18.988280215279342,19.0924627443158,113494392
2013-02-08,19.481159210205078,19.513405016132157,19.33704185912537,19.351181539151675,120683196
2013-02-11,19.407983779907227,19.42237112620727,19.19292414736201,19.308266803133296,86625288
2013-02-12,19.36532211303711,19.543918075788984,19.332331412149806,19.39136680618459,74285640
2013-02-13,19.418899536132812,19.480663038167297,19.34721235653921,19.35118258379662,47880072
2013-02-14,19.54193115234375,19.564750503880248,19.292640607666772,19.34125698088641,69342588
2013-02-15,19.667694091796875,19.676870988197102,19.52332718079196,19.53151341099653,109082808
2013-02-19,20.01397132873535,20.01769199866619,19.726976848633115,19.744589532106538,117154728
2013-02-20,19.657032012939453,20.066562926745767,19.640413772678542,19.975529378759063,110457432
2013-02-21,19.733177185058594,19.979244286193655,19.62626842747154,19.794447239099078,140115744
2013-02-22,19.83686637878418,19.87506564082346,19.6902685575623,19.825704367248424,82073844
2013-02-25,19.6151065826416,20.05266718391832,19.608160576086654,19.901108497070865,92063844
2013-02-26,19.599233627319336,19.74359865787345,19.457099486446392,19.720034412970012,88011900
2013-02-27,19.83860206604004,19.961883296333294,19.6235424140104,19.715073169184883,80962956
2013-02-28,19.873825073242188,20.01744520755476,19.869607179452185,19.87134462651315,90541368
2013-03-01,19.99759864807129,20.021164779063113,19.748555783788028,19.789485039290792,86928984
2013-03-04,20.37736701965332,20.410607274388166,19.96808385810895,19.97552519826572,110912976
2013-03-05,20.801532745361328,20.839979665795653,20.560921874500014,20.561666764677586,161602236
2013-03-06,20.6224422454834,20.93548143756444,20.55869362840999,20.861811033296835,114805080
2013-03-07,20.652706146240234,20.752421248243923,20.577793623217385,20.68892029368882,82025892
2013-03-08,20.625917434692383,20.710254525364107,20.465427594300714,20.699835513355502,116359524
2013-03-11,20.7077693939209,20.828817829952154,20.625415545177063,20.630128771644426,63724212
2013-03-12,20.5289249420166,20.635090704395644,20.431193076280294,20.605822568568204,80251668
2013-03-13,20.47187042236328,20.60532297284163,20.39745514158782,20.536116251262744,65586348
2013-03-14,20.378360748291016,20.513546992830474,20.275420312951823,20.513546992830474,65981952
2013-03-15,20.19877052307129,20.347601103310765,20.17495672275249,20.302951173005187,123864012
2013-03-18,20.03729248046875,20.160571828379346,19.880523317524673,19.968085741780953,73458468
2013-03-19,20.12485122680664,20.321557080690404,20.004050445992984,20.122866113186785,83844072
2013-03-20,20.208940505981445,20.278394904619503,20.127828764010992,20.26152711071557,58493448
2013-03-21,20.123363494873047,20.26376018409354,20.088389573785395,20.12410838513244,59044896
2013-03-22,20.099796295166016,20.222084948880596,20.08317617002023,20.209682716943803,59468472
2013-03-25,20.083179473876953,20.321060371427368,20.013229739895618,20.151890875045034,68411520
2013-03-26,20.15213966369629,20.191331481479843,20.037292323855606,20.178929246812206,47628324
2013-03-27,19.9100399017334,20.017691661368602,19.877047315417844,20.00975498855027,86441472
2013-03-28,19.699939727783203,19.977260089714115,19.6778633746028,19.943029169898722,91420488
2013-04-01,19.873579025268555,19.89987138462083,19.676625489072197,19.720282867526414,72219708
2013-04-02,20.16751480102539,20.211917063501843,19.943276380357453,19.956673060588578,81578340
2013-04-03,19.997846603393555,20.19628798670822,19.860675270958357,20.177932305271884,69470460
2013-04-04,19.721765518188477,19.986683608033236,19.628249668796283,19.949475023367867,97806096
2013-04-05,19.423614501953125,19.52134638110476,19.258659106977706,19.49827746808955,137218644
2013-04-08,19.2202091217041,19.33679389171821,19.060216536694313,19.316948428564476,113170716
2013-04-09,19.28966522216797,19.44097625755985,19.177050669176076,19.236333725586896,86205708
2013-04-10,19.600473403930664,19.65430023330745,19.248735842023372,19.4203876744004,79064856
2013-04-11,19.605682373046875,19.67290399453004,19.448665551485966,19.66744776774411,81066852
2013-04-12,19.597248077392578,19.64809912689991,19.420635351370095,19.6453710135624,65402532
2013-04-15,19.395832061767578,19.769644110415253,19.27403871458019,19.49554905318422,98025876
2013-04-16,19.679601669311523,19.744840071743177,19.445195648391394,19.51142471714797,69610320
2013-04-17,19.411457061767578,19.616842577546898,19.30082574041132,19.515390042956614,81398520
2013-04-18,18.99845314025879,19.491825687520166,18.88310859291523,19.48066178730604,132767100
2013-04-19,19.840835571289062,19.929388659203315,19.007136957102173,19.079069916579563,231895872
2013-04-22,19.84678840637207,19.942287498818136,19.223931577347038,19.85894108323235,115220664
2013-04-23,20.040019989013672,20.22853773291317,19.85299013512409,19.8688653732604,91600308
2013-04-24,20.177688598632812,20.290550822317257,20.042500462432,20.045228575884543,73090836
2013-04-25,20.069786071777344,20.252599928768557,20.033322367011014,20.247143701674887,79608312
2013-04-26,19.879281997680664,20.036051151978725,19.75922610307935,20.03257814831927,99408492
2013-04-29,20.31684684753418,20.40713550002277,19.9184760781846,19.924677195929906,91939968
2013-04-30,20.453519821166992,20.529670670020565,20.282610991842457,20.31535402298263,92175732
2013-05-01,20.35082244873047,20.457237758366066,20.249865255514614,20.421021728530057,58141800
2013-05-02,20.57853889465332,20.70107713586191,20.316596506970047,20.34264309108068,80651268
2013-05-03,20.9781494140625,21.004938999752454,20.737045033437642,20.760856948170527,100403496
2013-05-06,21.370811462402344,21.378252802891378,21.041152138283397,21.041152138283397,85566348
2013-05-07,21.263652801513672,21.428358627711415,21.100932088982383,21.407027163427056,78281640
2013-05-08,21.67045783996582,21.67665895706347,21.156494886470593,21.257947430889512,98633268
2013-05-09,21.61712646484375,21.820031554831434,21.536508160948493,21.60125122686691,87935976
2013-05-10,21.83417320251465,21.841862210334842,21.63399620792162,21.71213218141578,75832092
2013-05-13,21.767194747924805,21.889731076912533,21.664252434329256,21.800928443085233,57882060
2013-05-14,22.004581451416016,22.04402093537826,21.757523645691546,21.76645287644528,63108828
2013-05-15,22.718717575073242,22.7308721420068,22.17623140452083,22.212942771874353,159276564
2013-05-16,22.420560836791992,22.820171760850744,22.37442301624721,22.79586073665859,128255616
2013-05-17,22.552276611328125,22.659185378404846,22.337464629776328,22.573112742083456,111568320
2013-05-20,22.53615379333496,22.835550522419744,22.44859137616694,22.44859137616694,90817092
2013-05-21,22.49745750427246,22.613792726644846,22.26528239264859,22.523502195392847,79240680
2013-05-22,22.06212615966797,22.555500599489093,21.999122438054876,22.388066673202562,102321576
2013-05-23,21.89767074584961,22.075521798438963,21.679633431951476,21.75404872322805,90912996
2013-05-24,21.66276741027832,21.79919577054283,21.605467574590605,21.710888458112535,91780128
2013-05-28,21.859968185424805,22.1295995635227,21.838387163527237,21.91528290629025,90209700
2013-05-29,21.53849220275879,21.77860587417797,21.438777109875346,21.722050932507695,80455464
2013-05-30,21.599262237548828,21.801174734448775,21.491360928214746,21.578426109604425,84743172
2013-05-31,21.610675811767578,21.754050177421185,21.518897387527712,21.53378195924551,78697224
2013-06-03,21.521623611450195,21.678888087570872,21.20883210620588,21.654828511418152,98928972
2013-06-04,21.310039520263672,21.595050813428944,21.185270392667924,21.527084298737417,74669256
2013-06-05,21.324920654296875,21.566769884558823,21.261172038370088,21.394622720549993,84187728
2013-06-06,21.447460174560547,21.4893801053429,21.01535573673563,21.439026276972484,103060836
2013-06-07,21.821765899658203,21.82846424014036,21.464326343751285,21.59083101682005,106877016
2013-06-10,22.081972122192383,22.101318471715004,21.83069644851881,21.88055493865958,93418488
2013-06-11,21.823747634887695,22.002095885400358,21.816553962409817,21.92693571474121,70233696
2013-06-12,21.62952423095703,21.97729150461202,21.571729074984752,21.96389671625534,88103808
2013-06-13,21.75404930114746,21.82003069731491,21.468790361911672,21.555112555825982,82713204
2013-06-14,21.705434799194336,21.945053181594723,21.682863107917672,21.830948829864113,89710200
2013-06-17,21.983495712280273,22.062374673242367,21.785799195602138,21.809363439153056,85766148
2013-06-18,22.339946746826172,22.349373201386886,22.03558910264023,22.043028552840074,86589324
2013-06-19,22.3414306640625,22.593451211366943,22.262551709540578,22.358546122939998,116519364
2013-06-20,21.94603729248047,22.349368849854155,21.910566152080794,22.17548426041169,134745120
2013-06-21,21.85153579711914,22.073541476784413,21.656567368042683,22.035340324040014,159132708
2013-06-24,21.575206756591797,21.737182584582854,21.412981371445273,21.62704847447149,120555324
2013-06-25,21.48615264892578,21.820523257074477,21.444230835382438,21.760495318866905,102025872
2013-06-26,21.67095184326172,21.77885316472393,21.59455143848872,21.673432289948565,73182744
2013-06-27,21.755788803100586,21.94480188866773,21.74536979139217,21.798701292260017,76982940
2013-06-28,21.83763885498047,21.87410255223716,21.68434461716927,21.70195540889147,93878028
2013-07-01,22.023929595947266,22.128110256227668,21.95249007848033,21.98845844907891,68923008
2013-07-02,21.885765075683594,22.101320064423764,21.760748286792374,22.081476489790454,75584340
2013-07-03,21.987966537475586,22.055931171160523,21.79126063990544,21.825988792459295,41838120
2013-07-05,22.163082122802734,22.21070782910392,22.010530884604858,22.076761829908463,68007924
2013-07-08,22.450824737548828,22.480092875630866,22.252135653924153,22.304969927345805,78701220
2013-07-09,22.454544067382812,22.645791799142245,22.274458345630574,22.59742119852672,79096824
2013-07-10,22.473148345947266,22.60089324522548,22.333991879056047,22.410142729268824,68267664
2013-07-11,22.826618194580078,22.84075598291485,22.535903068578733,22.647029714811634,103264632
2013-07-12,22.895084381103516,22.895084381103516,22.70259640902662,22.8206690839055,102625272
2013-07-15,22.937002182006836,23.019106478814965,22.730376438091525,22.927328061928378,78341580
2013-07-16,22.81099510192871,23.0183638660074,22.66935818075915,22.997527733911753,79240680
2013-07-17,22.784704208374023,22.990834669948146,22.72889225426846,22.845477057014765,60183756
2013-07-18,22.58948516845703,22.820669629972485,22.40369553288037,22.795615603345485,145234620
2013-07-19,22.2402286529541,22.39774080625174,21.71957114692386,21.99242596724668,294077628
2013-07-22,22.589981079101562,22.63884701545732,22.250150414265775,22.374176535549104,116011872
2013-07-23,22.4188289642334,22.647035767201224,22.313903405998072,22.589983593813102,81746172
2013-07-24,22.396499633789062,22.580056470762766,22.341927915803215,22.504650512963856,83056860
2013-07-25,22.01946449279785,22.24643106039029,21.979280117872385,22.172512985074555,119923956
2013-07-26,21.961172103881836,22.076267101137372,21.878073357054248,22.00185180847048,71036892
2013-07-29,21.8847713470459,22.196074969775527,21.850540426402496,21.95000974197807,75600324
2013-07-30,22.09933853149414,22.215673765380743,21.85004793434373,21.96390272121146,70153776
2013-07-31,22.020702362060547,22.237994785204226,21.981760105357452,22.1506819275812,86853060
2013-08-01,22.429243087768555,22.437429318266982,22.200539091603513,22.200539091603513,85450464
2013-08-02,22.48753547668457,22.49820215392976,22.344906007572273,22.409894846690207,68487444
2013-08-05,22.448593139648438,22.461492598123446,22.304723435554752,22.458267260858552,52335612
2013-08-06,22.239482879638672,22.565421489643782,22.2186467509569,22.440900050618623,60183756
2013-08-07,22.092639923095703,22.286118552840772,22.053941550328485,22.20153191470612,55112832
2013-08-08,22.14249610900879,22.22137696184084,21.959682269488603,22.21269539828585,59460480
2013-08-09,22.086685180664062,22.213437516001893,22.076513837007397,22.09040396002701,52895052
2013-08-12,21.965139389038086,22.00209842175332,21.869390746556988,21.99961797513598,55024920
2013-08-13,21.859468460083008,22.039306507479576,21.734204018188258,21.997881915566932,56735208
2013-08-14,21.575702667236328,21.834172045009222,21.5099689326094,21.78803421936467,83204712
2013-08-15,21.323928833007812,21.454403728249318,21.28275190665539,21.442496828241623,74693232
2013-08-16,21.255714416503906,21.39288575981068,21.246535629766196,21.364112957470585,66936996
2013-08-19,21.472509384155273,21.630021522218847,21.269108984634098,21.27555776758696,72363564
2013-08-20,21.466808319091797,21.632754375453178,21.42017327070369,21.539486169261483,49270680
2013-08-21,21.563793182373047,21.751815575681956,21.493593895421018,21.596536212475176,70221708
2013-08-22,21.672439575195312,21.69823659866737,21.586614607988455,21.647385551373276,34761204
2013-08-23,21.585622787475586,21.778853748849176,21.574213110526948,21.774637745602206,43040916
2013-08-26,21.49086570739746,21.701957010030057,21.482431810707293,21.58041323412461,42057900
2013-08-27,21.088031768798828,21.424884747789235,21.03222171828755,21.322936876387804,69294636
2013-08-28,21.04834747314453,21.218509542140065,21.028999230112476,21.090516963161146,53142804
2013-08-29,21.21900749206543,21.3417915146099,21.049340750434695,21.061245762213314,59080860
2013-08-30,21.007415771484375,21.28374358795437,20.974177407079896,21.22718864609693,74389536
2013-09-03,21.34178924560547,21.485906610444065,21.18229197596736,21.192463320505944,81822096
2013-09-04,21.6208438873291,21.667229370865233,21.212553321832353,21.341041205756643,81566352
2013-09-05,21.817548751831055,21.82548542467012,21.620347576551232,21.667230285713504,51600348
2013-09-06,21.81804847717285,21.92222913628285,21.6731843301146,21.888988879528075,62401536
2013-09-09,22.028146743774414,22.07031623380745,21.888494929370914,21.92098840729953,49334616
2013-09-10,22.04352378845215,22.126125310527346,21.927683902420892,22.07701170954615,51452496
2013-09-11,22.230056762695312,22.249405001888853,21.97927643395721,22.04029882172836,64359576
2013-09-12,22.152416229248047,22.272474001232776,22.0767626096751,22.26006987793164,43776180
2013-09-13,22.05344581604004,22.217406748043906,21.94852027247956,22.18813861096288,52962984
2013-09-16,22.020950317382812,22.25014964384843,21.949265029161907,22.230306070117212,53406540
2013-09-17,21.98002052307129,22.036575458203338,21.853266306787,22.012266326829135,50325624
2013-09-18,22.406919479370117,22.42304238352144,21.904615769795424,21.985977071408023,77310612
2013-09-19,22.284626007080078,22.473145610463554,22.2104602795453,22.473145610463554,63852084
2013-09-20,22.40170669555664,22.427008384555815,22.21591709086127,22.284626594208586,173638188
2013-09-23,21.989696502685547,22.364003843041527,21.957448805615307,22.229065276430077,71024904
2013-09-24,21.998132705688477,22.078996787513706,21.863192234345636,21.989698808068013,59412528
2013-09-25,21.759754180908203,21.990936724448446,21.719322144237324,21.990936724448446,65894040
2013-09-26,21.783069610595703,21.896676708120335,21.704436430914146,21.786293056723736,50345604
2013-09-27,21.738916397094727,21.766946198370277,21.61290706991163,21.69997036267706,50301648
2013-09-30,21.727012634277344,21.84930130941783,21.538493004055596,21.557593578935307,68827104
2013-10-01,22.002099990844727,22.018720118716768,21.82970515747652,21.834666051064993,67324608
2013-10-02,22.026655197143555,22.060638450114308,21.774386970334117,21.896180302163266,59752188
2013-10-03,21.731473922729492,22.178213311796323,21.632501836678255,22.02690229106997,84595320
2013-10-04,21.638710021972656,21.766702607056448,21.580417623510492,21.704441871281272,54265680
2013-10-07,21.474740982055664,21.679383484178746,21.43430894903363,21.517158128454355,51692256
2013-10-08,21.17534637451172,21.480696544138667,21.124742993687903,21.46432597421588,77670252
2013-10-09,21.22966957092285,21.398096067503566,20.91018159590205,21.240088581807225,105945948
2013-10-10,21.53675651550293,21.551391529236003,21.33757210691725,21.42761496947572,90121788
2013-10-11,21.62977409362793,21.666733125973984,21.463828057299995,21.481936073659426,56299644
2013-10-14,21.73197364807129,21.735446651758117,21.466062941183814,21.497565750347455,49694256
2013-10-15,21.878320693969727,21.968113991054295,21.679631636936236,21.72328900752844,63612324
2013-10-16,22.27570152282715,22.2831428638187,21.927934157132764,21.974071983748072,80223696
2013-10-17,22.04650115966797,22.247668787718098,21.970596088491007,22.150681810424064,170093736
2013-10-18,25.08810043334961,25.188562315053005,24.160142929146232,24.22413921609079,462193344
2013-10-21,24.886934280395508,25.276373924229322,24.79391373388132,25.089342164838328,144986868
2013-10-22,24.97870635986328,25.127536938996442,24.700642998696807,24.929097427208443,88255656
2013-10-23,25.58420181274414,25.667051004784156,24.82070062361064,24.829879411145537,106421472
2013-10-24,25.4388427734375,25.81141647745688,25.42023942206868,25.595611929825097,83600316
2013-10-25,25.182109832763672,25.519955376625276,25.071480395304004,25.519955376625276,81138780
2013-10-28,25.177148818969727,25.386255016288843,25.127290327091497,25.182109712443427,46301652
2013-10-29,25.704010009765625,25.721373137390813,25.139942794419238,25.27884970600521,64135800
2013-10-30,25.559642791748047,25.735512517939338,25.45000590995884,25.733527404285862,52911036
2013-10-31,25.563613891601562,25.834980827878418,25.39965106056582,25.52268462783876,65534400
2013-11-01,25.47580337524414,25.698056703732014,25.427680438282554,25.59362838024611,51280668
2013-11-04,25.45273208618164,25.608011445507582,25.351527218660948,25.58643042586011,45506448
2013-11-05,25.33888053894043,25.590154347418107,25.23717843482895,25.30985817584761,47208744
2013-11-06,25.369388580322266,25.47481135345075,25.186328954524914,25.440085097275862,36479484
2013-11-07,25.002273559570312,25.39865915753993,24.994582662213407,25.36591612624096,67116816
2013-11-08,25.20269775390625,25.263965921629556,25.01591558035141,25.022116697089537,51580368
2013-11-11,25.067758560180664,25.200218579681138,25.003514609412846,25.040970868869955,44459496
2013-11-12,25.097274780273438,25.240647234088986,24.929095970995192,24.996069916751317,48675276
2013-11-13,25.61049461364746,25.61992106790913,24.96630819840572,24.97250931552932,63112824
2013-11-14,25.678956985473633,25.7910762103015,25.557908529921665,25.64646350919688,46621332
2013-11-15,25.637531280517578,25.7476672774188,25.556914869156067,25.670026645975277,51000948
2013-11-18,25.587675094604492,26.01407373632531,25.53037526028267,25.691855752196677,70317612
2013-11-19,25.43016242980957,25.667050769415894,25.376830933373405,25.591890585048507,45218736
2013-11-20,25.358470916748047,25.632567822303503,25.310102209121265,25.547983082652852,38509452
2013-11-21,25.65018081665039,25.75535402013481,25.450003862522514,25.47480832827329,43628328
2013-11-22,25.596107482910156,25.702273255785464,25.52987841711735,25.634059076262464,50117832
2013-11-25,25.94437026977539,26.124456006943966,25.673748221464724,25.72683016282658,64455480
2013-11-26,26.253938674926758,26.330586753161086,25.870204841191395,26.010601539374985,91360548
2013-11-27,26.37051773071289,26.4918138269783,26.29337433609314,26.34372815366746,44899056
2013-11-29,26.283206939697266,26.45758688319453,26.279733936138953,26.346957445950007,47664288
2013-12-02,26.15645408630371,26.450889936420804,26.064180328218562,26.38044486706578,54873072
2013-12-03,26.126190185546875,26.378706074388376,26.02101698226568,26.068890357305882,66976956
2013-12-04,26.248233795166016,26.392101601151104,26.04532681752761,26.07931007327464,47616336
2013-12-05,26.227394104003906,26.284941596704055,26.072362417798793,26.223919210230036,45302652
2013-12-06,26.5382022857666,26.541427622645,26.295360508887182,26.53621906279741,57094848
2013-12-09,26.74333953857422,26.846777186480143,26.492311537154915,26.565983825932477,59244696
2013-12-10,26.90506935119629,27.094827295250706,26.681573930688238,26.69397805414087,74081844
2013-12-11,26.722257614135742,27.070272614223818,26.669671008308594,26.973036075992578,68403528
2013-12-12,26.540437698364258,26.862408024007216,26.516625786281764,26.7788139386845,63796140
2013-12-13,26.312971115112305,26.697449796013164,26.241038162780704,26.67537533345472,86409504
2013-12-16,26.615345001220703,26.65776215030254,26.343233204672803,26.39259636042814,64015920
2013-12-17,26.537954330444336,26.80832868407691,26.501242964193928,26.611377062945156,61366572
2013-12-18,26.907304763793945,26.912265657426655,26.26956525016604,26.587317671561955,88323588
2013-12-19,26.943769454956055,27.086894266446308,26.76665949589964,26.808579426751024,66561372
2013-12-20,27.300960540771484,27.314602998346647,26.98791945390368,26.995362684983697,130333536
2013-12-23,27.66013526916504,27.677498395549573,27.41258215845174,27.480051441039382,68795136
2013-12-24,27.579273223876953,27.66361030595673,27.48650224453075,27.656911965222605,29338632
2013-12-26,27.71868133544922,27.756880599899205,27.50114120360375,27.63310401768982,53458488
2013-12-27,27.741992950439453,27.78862610501719,27.60655715645237,27.781681988550638,62725212
2013-12-30,27.520235061645508,27.79408432100882,27.509322608504338,27.790115984358906,49394556
2013-12-31,27.799291610717773,27.80648528402075,27.440857621798486,27.589192866831727,54261684
2014-01-02,27.611024856567383,27.72587219544156,27.490471733560288,27.669067692440365,72783144
2014-01-03,27.40960693359375,27.7055306705073,27.40787137703418,27.657657290113594,66601332
2014-01-06,27.7152042388916,27.75340349770111,27.445325199257937,27.608295469420682,70701228
2014-01-07,28.2495059967041,28.27009446129408,27.810455571384455,27.905706996818097,102001896
2014-01-08,28.30829429626465,28.45935766813086,28.111342657851043,28.426614635486892,89610300
2014-01-09,28.03568458557129,28.38245934085194,27.919597037193785,28.363111101024973,83296620
2014-01-10,28.034196853637695,28.25496227532636,27.837491008011668,28.25496227532636,85654260
2014-01-13,27.85559844970703,28.449181375106313,27.711479219711656,27.942166407496064,96659244
2014-01-14,28.510948181152344,28.55063721625881,27.982352169074154,28.226929490828223,99204696
2014-01-15,28.49160385131836,28.649860899217472,28.371795620534986,28.600002404602915,77929992
2014-01-16,28.680124282836914,28.722539547427324,28.476226628688877,28.503511545050312,67288644
2014-01-17,28.538982391357422,28.78951320160385,28.381967454770802,28.695749661369373,107943948
2014-01-21,28.86566162109375,28.873102960725912,28.558078687293925,28.79695022688862,79116804
2014-01-22,28.89840316772461,28.969593114238446,28.74560426539571,28.937842643869214,62793144
2014-01-23,28.776363372802734,28.83564642274129,28.634229249819647,28.773882926282997,77886036
2014-01-24,27.876684188842773,28.613891062616382,27.856095725978626,28.550885450732945,155544300
2014-01-27,27.31608772277832,27.94291282357258,26.845784092571563,27.932991037394984,173969856
2014-01-28,27.85634422302246,27.924310730096195,27.532141148404243,27.54156760193052,88319592
2014-01-29,27.457229614257812,27.82508815970128,27.27119234006533,27.759851658580512,95100804
2014-01-30,28.16343116760254,28.587598907656094,27.961518641773374,28.40180928578924,203452344
2014-01-31,29.294048309326172,29.432212220833073,28.553863701253118,29.055422521387225,222429348
2014-02-03,28.11481475830078,29.31265123593113,28.07959127994804,29.250142843210572,182581236
2014-02-04,28.232141494750977,28.649858544874196,28.20361635805577,28.227923601062813,112363524
2014-02-05,28.357160568237305,28.544935311792635,27.980620414846378,28.36162612883655,95684220
2014-02-06,28.772891998291016,28.77785289161131,28.46505949296202,28.553862130213336,77786136
2014-02-07,29.206485748291016,29.21789542538299,28.787776121905367,28.963148625091605,105342552
2014-02-10,29.094614028930664,29.329517238338745,28.997625163460164,29.066582335428958,77730192
2014-02-11,29.52250099182129,29.564420918300417,29.076754141785802,29.27420298865484,81949968
2014-02-12,29.435932159423828,29.51803645881891,29.304217034744916,29.493231991469194,68911020
2014-02-13,29.763607025146484,29.763607025146484,29.261551014406407,29.288588260823712,73382544
2014-02-14,29.835540771484375,29.87498214270095,29.587490429823536,29.657192494535103,87380532
2014-02-18,30.035966873168945,30.08533003359937,29.766087831105285,29.801063643742694,84271644
2014-02-19,29.82413101196289,29.99479028178797,29.704073232775336,29.897553746519176,84059856
2014-02-20,29.8680362701416,29.936993444920063,29.771544624411955,29.84397480270163,67963968
2014-02-21,29.860097885131836,30.01091358342017,29.836533641243435,29.959814868415695,74417508
2014-02-24,30.076400756835938,30.26615871948511,29.892594354079357,29.899043137685975,66905028
2014-02-25,30.262189865112305,30.37381186054075,30.0245566361462,30.161480323023284,57490452
2014-02-26,30.266407012939453,30.482459228788546,30.107406965641417,30.361410774806416,79208712
2014-02-27,30.242591857910156,30.367113302270877,30.188020142079473,30.222251061422288,50349600
2014-02-28,30.15428924560547,30.366123564375393,29.92037668132612,30.270624470744817,92451456
2014-03-03,29.83281707763672,29.96056388273223,29.57112234977938,29.93352663159014,84107808
2014-03-04,30.135929107666016,30.16296635395653,30.001735432978894,30.13816188774217,58649292
2014-03-05,30.219024658203125,30.338587095724677,30.049110290786228,30.13940081261786,49362588
2014-03-06,30.25251579284668,30.414741171431242,30.227461767918612,30.318744856177126,50673276
2014-03-07,30.132953643798828,30.435575697123237,30.049856790525418,30.430862470376244,60543396
2014-03-10,30.053083419799805,30.20364956270897,29.867539574605825,30.155278960419533,48535416
2014-03-11,29.765838623046875,30.121294952596045,29.68274176827715,30.107652495789495,68451480
2014-03-12,29.947166442871094,29.96080890053089,29.373920429915962,29.67679017418447,78493428
2014-03-13,29.494720458984375,30.026541861584562,29.388059356707465,29.963288578019704,93730176
2014-03-14,29.091388702392578,29.539617911814865,29.08469225234397,29.319347810540716,91664244
2014-03-17,29.570127487182617,29.69340871382992,29.223103160780653,29.25138252202759,86397516
2014-03-18,30.045392990112305,30.052091330803307,29.59394033033113,29.633877036161433,72527400
2014-03-19,29.747486114501953,30.063502997259874,29.627430213088914,30.058789769924942,64451484
2014-03-20,29.695640563964844,30.00446373258984,29.65099063391724,29.764845403249794,67320612
2014-03-21,29.345394134521484,30.004960427997343,29.330759120582737,29.92260846156434,128211660
2014-03-24,28.722536087036133,29.391528805708994,28.425372151204453,29.373918012659754,121362516
2014-03-25,28.74213218688965,29.017962752834283,28.451417051380993,28.922711338662488,96311592
2014-03-26,28.078598022460938,29.060879492788217,28.06694067921026,28.823741604160958,103096800
2014-03-27,27.639799118041992,28.077855110725213,27.3376723702658,28.050817861686085,152735112
2014-03-28,27.785404205322266,28.108862416125554,27.72636692327167,27.756877175865018,90265644
2014-03-31,27.6455020904541,28.15375735954529,27.604325161256618,28.0396549165767,77614308
2014-04-01,28.151029586791992,28.21576886635463,27.732070425243077,27.788377698648272,87152760
2014-04-02,28.156240463256836,28.396849480281976,27.88090329962861,28.324914630801832,83360556
2014-04-03,28.3238468170166,29.156463965325734,28.05175958277787,28.41751582081989,80366000
2014-04-04,27.022884368896484,28.731235434974284,26.985218253769972,28.673249317570015,107274000
2014-04-07,26.793912887573242,27.250861475715258,26.29335229749798,27.000084902261314,79232000
2014-04-08,27.6304931640625,27.747951388183193,26.99562359785928,27.012969709214985,69650000
2014-04-09,28.102807998657227,28.140474115074603,27.52493191854202,28.04333587979253,60632000
2014-04-10,27.094247817993164,28.160790726172603,27.03527103938975,28.150383059360237,65890000
2014-04-11,26.651676177978516,27.138855237157593,26.43559181761547,26.660595955853253,63494000
2014-04-14,27.02040672302246,27.40796899761144,26.788462245590342,26.944083823916344,50824000
2014-04-15,27.193866729736328,27.40152663975115,26.298803532528257,27.307855740511403,79956000
2014-04-16,27.947185516357422,27.952142628608147,27.411932718926472,27.639910727265868,91644000
2014-04-17,26.92822265625,27.605220167980676,26.732953636539527,27.571518608747883,112294000
2014-04-21,26.73146629333496,26.960932193881032,26.46532683657134,26.960932193881032,48502000
2014-04-22,27.0352725982666,27.159173940963136,26.564447117902887,26.564447117902887,46622000
2014-04-23,26.639284133911133,27.000580496229723,26.17440643012375,26.944577603315423,39114000
2014-04-24,26.487133026123047,26.886590825968607,26.31664390476039,26.846446156503607,41348000
2014-04-25,25.92511749267578,26.458388974763047,25.895380489971636,26.379092191469766,47400000
2014-04-28,25.91916847229004,26.063885142131845,25.32543234699088,26.058929920544102,75056000
2014-04-29,26.580801010131836,26.651673345369623,25.920158998745965,25.964268222034914,50704000
2014-04-30,26.508939743041992,26.58129808230682,26.221984942217528,26.52083530050167,40770000
2014-05-01,26.689836502075195,26.758230285626745,26.408827589758513,26.4777167064395,40086000
2014-05-02,26.458885192871094,26.881636903728715,26.42914818917232,26.834058454044477,35616000
2014-05-05,26.53124237060547,26.550569815165566,26.147147457985003,26.278977909826516,24568000
2014-05-06,25.898847579956055,26.492583684812498,25.883484692037086,26.436083573385186,36700000
2014-05-07,25.67235565185547,25.991030649609076,25.329893322534065,25.932549205690258,61486000
2014-05-08,25.779903411865234,26.13574921323999,25.496913172076802,25.55935917579271,49040000
2014-05-09,26.099567413330078,26.135747525226193,25.487991748559477,25.704571415094637,45224000
2014-05-12,26.68487548828125,26.700735599026796,26.143674968299035,26.358271398207897,38968000
2014-05-13,26.83901023864746,26.960433013010103,26.65861068816582,26.74187201915735,40240000
2014-05-14,26.485647201538086,26.852889445377784,26.42121797483916,26.852889445377784,25618000
2014-05-15,26.22347068786621,26.465327484499966,26.034644784988874,26.42270425812783,36658000
2014-05-16,26.182830810546875,26.30871347692482,25.948407807760425,26.247258143011546,38154000
2014-05-19,26.70470428466797,26.73047673229286,26.05199322720315,26.211577463119895,39530000
2014-05-20,26.782020568847656,27.077399825350202,26.592699323771853,26.76269123252859,48506000
2014-05-21,27.243427276611328,27.2459039421935,26.8672614769522,26.906415480163474,31294000
2014-05-22,27.528398513793945,27.652797076138864,27.307854282243557,27.367328286016356,42994000
2014-05-23,27.942228317260742,28.001700425970007,27.464959776614435,27.661219436880838,53450000
2014-05-27,28.490863800048828,28.490863800048828,27.959575573887246,28.139479797193523,43716000
2014-05-28,28.271804809570312,28.62913658103685,28.247024921478868,28.475995473599347,31632000
2014-05-29,28.277259826660156,28.42197650373172,28.172687819733834,28.41751661502151,28222000
2014-05-30,28.331279754638672,28.37737031021436,28.040853860390744,28.33078442154212,37434000
2014-06-02,27.968990325927734,28.269823881221264,27.590347883103505,28.237112991629072,33210000
2014-06-03,27.4818115234375,27.8728448585445,27.38368074455063,27.798503302097348,40626000
2014-06-04,27.444644927978516,27.68352785496441,27.18692988775753,27.3336298000632,34582000
2014-06-05,27.998233795166016,28.001703017583342,27.508576210619626,27.61066966007904,35868000
2014-06-06,28.052751541137695,28.190034442650745,27.733085845314143,28.158316106810766,34804000
2014-06-09,28.28568458557129,28.34862591947027,28.012604802108697,28.088432358879704,30594000
2014-06-10,28.165252685546875,28.34862613397464,28.057704903879515,28.189040017912284,29676000
2014-06-11,28.1256046295166,28.198458300982804,27.936283394095458,28.047298512520143,22580000
2014-06-12,27.7291202545166,28.10082427430748,27.61265269248862,28.10082427430748,30930000
2014-06-13,27.771244049072266,27.786111603695204,27.442658614049197,27.757862493677916,27066000
2014-06-16,27.372285842895508,27.654285434718496,27.25829682848291,27.617609984988178,39436000
2014-06-17,27.28902244567871,27.443651453991805,27.132907438019323,27.37525767237405,29552000
2014-06-18,27.786611557006836,27.823285114090655,27.336601413074945,27.39706419424299,41212000
2014-06-19,28.001209259033203,28.001704592180044,27.58886521071896,27.8108973484976,52548000
2014-06-20,28.077035903930664,28.08942490394955,27.722677985337707,28.07356668143186,63212000
2014-06-23,28.462121963500977,28.46955574175238,27.92736257552483,27.96949046992361,34456000
2014-06-24,28.375391006469727,28.856622268848906,28.207875769226582,28.458652346667098,56886000
2014-06-25,29.039003372192383,29.106901819008982,28.411072244167727,28.42544446649606,42294000
2014-06-26,28.98151397705078,29.22089031200753,28.725284973375445,29.20602275683555,40248000
2014-06-27,29.027109146118164,29.135645701726386,28.874958700678626,29.01521358953493,40426000
2014-06-30,28.976558685302734,29.127223141202823,28.908164902280078,29.080140026087932,29578000
2014-07-01,29.31456184387207,29.422109633361096,29.056848709244797,29.124249937017417,32864000
2014-07-02,29.279375076293945,29.44639498670267,29.19660906610782,29.352725975448806,23916000
2014-07-03,29.393362045288086,29.45134815981616,29.191156479990706,29.32496826356699,17978000
2014-07-07,29.27838134765625,29.520731573889528,29.138619899827315,29.414673573209008,26734000
2014-07-08,28.665813446044922,29.140108127769718,28.44774777321502,29.06081134759663,42504000
2014-07-09,28.911632537841797,28.948307983552564,28.596428644072212,28.69307153462549,27456000
2014-07-10,28.747095108032227,29.005305464245108,28.353583183087192,28.398187742669922,28724000
2014-07-11,29.074687957763672,29.152994070975915,28.773854394747705,28.794669728446415,30232000
2014-07-14,29.45184326171875,29.481580263715813,29.076670022014824,29.270453032231423,39032000
2014-07-15,29.39236831665039,29.503383421809197,29.0082734461757,29.4959496446722,33476000
2014-07-16,29.27144432067871,29.587640786806585,29.253107542212156,29.58218834128668,28816000
2014-07-17,28.785749435424805,29.21593488140364,28.588994435014047,29.189667102909084,58706000
2014-07-18,29.98957633972168,30.068375896984538,29.28631108757892,29.88549777861617,97432000
2014-07-21,29.659006118774414,29.942491670585728,29.461258564473155,29.803225560098774,44758000
2014-07-22,29.913251876831055,30.176914668884304,29.699646088134973,29.721453979275392,37632000
2014-07-23,29.993539810180664,30.085722810986578,29.80322603030153,29.837920143137914,22120000
2014-07-24,29.885498046875,30.17790528376219,29.785881264029346,30.01039194320581,27100000
2014-07-25,29.641164779663086,29.785881454397636,29.525689774096346,29.699150894297205,27200000
2014-07-28,29.68775177001953,29.790837773159836,29.369076759871582,29.624810435306784,27162000
2014-07-29,29.43648338317871,29.661487527154563,29.348264924974973,29.62233541085134,27332000
2014-07-30,29.51032257080078,29.6595010125056,29.374527575080148,29.52866123813326,24302000
2014-07-31,28.722808837890625,29.339341633405613,28.63013050173427,29.189172517294168,46190000
2014-08-01,28.42792320251465,28.915102218373733,28.264372529395953,28.67324732160832,44266000
2014-08-04,28.85761260986328,28.934430832277677,28.361511938695934,28.57214382926027,30388000
2014-08-05,28.40512466430664,28.755022677169872,28.264867881180518,28.714382675416477,32876000
2014-08-06,28.47203254699707,28.677707331446676,28.123125199101832,28.224725203847917,26456000
2014-08-07,28.33921241760254,28.661356685668796,28.221258845970596,28.54934900252511,23260000
2014-08-08,28.643016815185547,28.723306157551058,28.200937661375338,28.349618897874606,29866000
2014-08-11,28.60881805419922,28.729747392986692,28.512175162257847,28.695550502861188,24068000
2014-08-12,28.354572296142578,28.54191028928628,28.24504318831346,28.497305735120985,27890000
2014-08-13,28.971107482910156,29.04891637474941,28.50722045880862,28.569171128645067,37988000
2014-08-14,28.975568771362305,29.131683786281823,28.790707419151218,29.076671558560015,25458000
2014-08-15,28.928977966308594,29.21444674275951,28.782775301183907,29.116813188314143,34468000
2014-08-18,29.374528884887695,29.490996442900578,29.069730767309633,29.096989212401343,29320000
2014-08-19,29.593090057373047,29.627782280309198,29.460764277114357,29.517757833116164,20864000
2014-08-20,29.508838653564453,29.58714476859903,29.389397203274992,29.58516154556923,19346000
2014-08-21,29.360652923583984,29.500909708846894,29.295233031413492,29.483563596929883,22640000
2014-08-22,29.36660385131836,29.48802664775848,29.230806940104642,29.40278207837446,17544000
2014-08-25,29.268964767456055,29.517262775610664,29.20404020947383,29.477119997600802,25912000
2014-08-26,29.14754295349121,29.342316633902676,29.11433672844683,29.3398380777063,29434000
2014-08-27,28.893789291381836,29.209490389145113,28.789712629674455,29.132174947173755,27292000
2014-08-28,28.760969161987305,28.978539492812672,28.64003982837955,28.746099716536346,28116000
2014-08-29,28.862070083618164,28.888833193125947,28.65788132152653,28.861574750565676,24122000
2014-09-02,29.172815322875977,29.206021544671824,28.864054555819006,28.891311108974932,31660000
2014-09-03,29.21692657470703,29.463243251636186,29.067254680854656,29.32645569035425,31580000
2014-09-04,29.39633560180664,29.63719983445246,29.270452930683042,29.346280489457303,32616000
2014-09-05,29.626298904418945,29.661981796717466,29.416657658349955,29.49496377873315,35982000
2014-09-08,29.817106246948242,29.910777148067307,29.638192670544463,29.693702122927235,31984000
2014-09-09,29.338348388671875,29.7660571701196,29.26450405569113,29.74970172516155,31424000
2014-09-10,29.410215377807617,29.425084825506175,29.09897600122496,29.326954033034006,23202000
2014-09-11,29.29572868347168,29.337359352525738,29.0444567792043,29.24071645785247,30028000
2014-09-12,28.987957000732422,29.314063890846143,28.907667665644304,29.2600442249454,37030000
2014-09-15,28.82638931274414,28.939385755694733,28.59692342346823,28.85612442274827,30908000
2014-09-16,29.180252075195312,29.248150524931308,28.792194493307704,28.792194493307704,31592000
2014-09-17,29.403772354125977,29.541550596178567,29.097985422542596,29.216434327821137,34390000
2014-09-18,29.60102081298828,29.61539303514474,29.39038703044482,29.490996366708714,29890000
2014-09-19,30.003948211669922,30.003948211669922,29.625305756173347,29.711045647720223,83832000
2014-09-22,29.60102081298828,29.924651040394572,29.395344142585603,29.86022181665477,35644000
2014-09-23,29.299198150634766,29.570294725454627,29.252610368827348,29.48851938602203,28074000
2014-09-24,29.65801429748535,29.741772855321788,29.255582625146634,29.318525849444054,35160000
2014-09-25,29.00530433654785,29.640669256102225,28.98002722306355,29.587144921034607,33420000
2014-09-26,29.136638641357422,29.219404643096734,28.99291263778882,29.039003193693677,25782000
2014-09-29,29.13217544555664,29.20651699981042,28.822919344133243,28.835803675862035,22874000
2014-09-30,29.16191291809082,29.290274138473286,28.9681318095149,29.116317696764302,31430000
2014-10-01,28.726774215698242,29.17727968634535,28.646980209704964,29.082122791362323,28954000
2014-10-02,28.788724899291992,28.905687795019354,28.45022521181414,28.645989556751275,30726000
2014-10-03,29.054866790771484,29.155969582262514,28.918574548525505,28.94831155335679,24290000
2014-10-06,29.130693435668945,29.359664017283226,29.012739867562708,29.238239336001108,25722000
2014-10-07,28.452701568603516,29.035037446051312,28.452701568603516,28.98795622587956,30914000
2014-10-08,28.93046760559082,28.9775507198571,28.132542672153946,28.486900580773913,44158000
2014-10-09,28.28965187072754,28.870499935200097,28.201433415669413,28.82490470823518,48234000
2014-10-10,27.515514373779297,28.508706422374118,27.50659270597561,28.12411807110692,59574000
2014-10-13,26.99810218811035,27.79751503851234,26.98224396550276,27.512541568279833,55116000
2014-10-14,27.19337272644043,27.68600424219192,26.985714696854973,27.26523573707949,52198000
2014-10-15,26.79886817932129,26.956964511465223,26.188776620983894,26.86577406763242,76720000
2014-10-16,26.610042572021484,26.811752795859924,26.016801785387127,26.11840178753422,76100000
2014-10-17,25.918676376342773,26.933676414991123,25.6926796757947,26.78499328060789,119930000
2014-10-20,26.385038375854492,26.423697046979363,25.728858101173437,25.793780771675593,54964000
2014-10-21,26.66505241394043,26.701725965590295,26.276992998634746,26.627386305603476,49190000
2014-10-22,26.896005630493164,27.29595873079349,26.774085632704615,26.814725631967466,59474000
2014-10-23,27.439193725585938,27.62504575006256,27.03527411574929,27.173052356062588,43026000
2014-10-24,27.203779220581055,27.506098807262507,27.018422534752812,27.505108140983015,43508000
2014-10-27,27.25234603881836,27.456536710248695,27.11952492635339,27.147278704515283,31934000
2014-10-28,27.701364517211914,27.714248849059093,27.2796035237962,27.343042079208104,34774000
2014-10-29,27.677082061767578,28.00021696972256,27.554666720550827,27.796026289988596,41066000
2014-10-30,27.767284393310547,27.877804187499517,27.363861999745716,27.66717226731088,32250000
2014-10-31,28.143939971923828,28.186563195990125,27.992284858075877,28.165252529249152,46810000
2014-11-03,27.94074249267578,28.10825772240772,27.834682599072348,27.928848826288515,30834000
2014-11-04,27.961559295654297,27.991296299061172,27.669649269585996,27.811392060381575,27726000
2014-11-05,27.553178787231445,28.095865335244305,27.463969677035085,28.09041478074305,32906000
2014-11-06,27.342052459716797,27.59530759432155,27.287040232517352,27.530878365827153,33014000
2014-11-07,27.348493576049805,27.535833469088985,27.22608013048569,27.535833469088985,31782000
2014-11-10,27.666179656982422,27.785123887763937,27.33858296274331,27.37724163380254,26090000
2014-11-11,27.81783103942871,27.8777984798844,27.567549830379058,27.68054815783567,21966000
2014-11-12,27.66716957092285,27.815850800649084,27.5308773408329,27.810895578911452,21882000
2014-11-13,27.577465057373047,27.794540068194348,27.460997495674764,27.794044735080185,30220000
2014-11-14,27.515514373779297,27.654778602165685,27.382691366458214,27.654778602165685,28502000
2014-11-17,27.09177017211914,27.515512497503625,26.98273639579181,27.515512497503625,33612000
2014-11-18,26.986204147338867,27.39656489486012,26.95101659472379,27.155700690139184,36440000
2014-11-19,27.11952781677246,27.17007826633542,26.72254665519227,26.998103133788295,30346000
2014-11-20,26.949037551879883,27.02932500237852,26.83703176580266,26.8662715451469,35016000
2014-11-21,27.054601669311523,27.309838130278482,27.01049244387509,27.309838130278482,50120000
2014-11-24,27.133403778076172,27.317272571698517,26.968367096461147,27.088303885300878,33076000
2014-11-25,27.220134735107422,27.382197529680884,27.105155057110498,27.120022613678035,38072000
2014-11-26,27.14579200744629,27.25234723630979,27.0218906664694,27.220133568266196,29604000
2014-11-28,27.21269989013672,27.238470446549254,26.984721875643118,27.1096138833177,24202000
2014-12-01,26.745342254638672,27.198326261483242,26.694294586989212,27.014950924421964,39888000
2014-12-02,26.69281005859375,26.854377514245293,26.49803637783937,26.735431394207417,41480000
2014-12-03,26.612520217895508,26.832569117887118,26.525294325231812,26.638787997609608,32476000
2014-12-04,26.890552520751953,26.896004965624336,26.509431539691374,26.6457237556588,32598000
2014-12-05,26.17193031311035,26.673483511608183,26.131292196326037,26.599141942490117,61402000
2014-12-08,26.30326271057129,26.456403820445367,26.11840137722782,26.228425821441938,64566000
2014-12-09,26.56989860534668,26.596661717894964,25.940479580275184,26.062894919177513,43322000
2014-12-10,26.16994285583496,26.730968043979235,26.142684412909965,26.55948827631499,46222000
2014-12-11,26.37165641784668,26.615989878535405,26.225453742281783,26.26757974467325,41426000
2014-12-12,25.846317291259766,26.378100909083265,25.843838734935225,26.140210547709856,47314000
2014-12-15,25.565309524536133,26.037621046021478,25.54350352153076,25.957828922140614,52352000
2014-12-16,24.689075469970703,25.552418331087274,24.64100169360507,25.454289446059672,86998000
2014-12-17,25.099929809570312,25.22977890808538,24.73615495674602,24.773325731125112,72788000
2014-12-18,25.504844665527344,25.58562744918537,25.105384964239686,25.572741225463467,77534000
2014-12-19,25.773462295532227,25.811623742402706,25.21937548034972,25.622302507418173,97442000
2014-12-22,26.381071090698242,26.414277312792528,25.800716547171405,25.801709103912437,66390000
2014-12-23,26.70172882080078,26.876677826466675,26.451449480990085,26.490601592667954,57544000
2014-12-24,26.61054039001465,26.777063073765465,26.5198433792565,26.70420939962448,14754000
2014-12-26,26.83802032470703,26.92376021407192,26.53916998994978,26.61053765733606,22270000
2014-12-29,26.629369735717773,26.95746173771337,26.621935958191862,26.787467958461118,44300000
2014-12-30,26.528762817382812,26.65563804268226,26.445996815607206,26.51290270525125,20972000
2014-12-31,26.299793243408203,26.68339090473664,26.27699468748649,26.65068001539611,24648000
2015-01-02,26.244781494140625,26.55453482936228,26.162013603133126,26.395939382391216,26480000
2015-01-05,25.744714736938477,26.16746641234832,25.659967402967474,26.12583574501147,41182000
2015-01-06,25.109350204467773,25.831445672575708,25.055328646524007,25.796258116180052,54456000
2015-01-07,25.035503387451172,25.349716612643217,24.961163720980398,25.322955391440964,46918000
2015-01-08,25.122730255126953,25.151970031325202,24.5334540464607,24.855102928147016,73054000
2015-01-09,24.815950393676758,25.20648840777159,24.71336161380152,25.18567307381611,42000000
2015-01-12,24.634559631347656,24.79414385487283,24.32976151581034,24.742600854209794,57138000
2015-01-13,24.869478225708008,25.206490036792026,24.644474093088196,24.90763967375932,60958000
2015-01-14,25.074161529541016,25.189638426748395,24.689077839172885,24.801083623360086,52800000
2015-01-15,24.979005813598633,25.263482045234877,24.8798843651474,25.220860710975504,51068000
2015-01-16,25.298673629760742,25.31800107550892,24.933410806128315,24.936384695609085,49658000
2015-01-20,25.272897720336914,25.553906605480144,25.244648610014988,25.41315449636776,46796000
2015-01-21,25.790807723999023,25.86316606025628,25.25555303458851,25.31750370379337,46356000
2015-01-22,26.628875732421875,26.705198625022977,25.866140248941647,25.920159917266922,56068000
2015-01-23,26.859333038330078,27.030812830129936,26.55205823643554,26.66505657909706,45966000
2015-01-26,26.60013198852539,26.837031674172664,26.369675414714727,26.837031674172664,30932000
2015-01-27,25.830453872680664,26.404860645337777,25.81409842796658,26.33646686797369,39148000
2015-01-28,25.396305084228516,26.05347788728196,25.392340528778753,26.019280996974253,35822000
2015-01-29,25.435955047607422,25.533093275569083,24.952738682816666,25.419599601712203,79018000
2015-01-30,26.641267776489258,26.916328914102955,25.681280017677523,25.721920021898733,121108000
2015-02-02,26.376115798950195,26.589226238310506,25.856721255967102,26.481183128814905,75378000
2015-02-03,26.430635452270508,26.636310245242328,26.108986536682703,26.26411088232547,47062000
2015-02-04,26.07379913330078,26.601618178119182,26.020768238843896,26.42270460713762,33896000
2015-02-05,26.2586612701416,26.301282607769842,26.051001356029268,26.164495035906885,33176000
2015-02-06,26.459381103515625,26.773594364727582,26.200180071467173,26.317142975083556,42938000
2015-02-09,26.231401443481445,26.45937945754581,26.145661549000884,26.319618003565182,30314000
2015-02-10,26.770618438720703,26.81224910728996,26.22594863435518,26.373639197387053,47430000
2015-02-11,26.663564682006836,26.859329001790485,26.56444324418694,26.749304565021394,38306000
2015-02-12,27.060548782348633,27.17602378617039,26.614007874627994,26.745838323988515,48590000
2015-02-13,27.31578826904297,27.384182057447212,27.089791567410213,27.13489146298693,47382000
2015-02-17,27.010988235473633,27.406976823710487,26.924257673078415,27.315786372559078,39174000
2015-02-18,26.894023895263672,27.136871347537287,26.74038744742315,26.952010008323782,31164000
2015-02-19,27.082353591918945,27.102673592025468,26.7998587039475,26.88510325966048,30834000
2015-02-20,26.851900100708008,27.13835957665107,26.668526636323048,27.13835957665107,38234000
2015-02-23,26.514888763427734,26.727999235576814,26.36620752231047,26.713131678640455,32906000
2015-02-24,26.695783615112305,26.73295250473786,26.316643925671908,26.343902371786925,28406000
2015-02-25,27.12596893310547,27.23698404941717,26.664063241651803,26.68537579965899,40836000
2015-02-26,27.718717575073242,27.76034825128479,27.0149568545298,27.047172418682603,54032000
2015-02-27,27.884244918823242,28.22076138546092,27.60670523355572,27.662212792492337,68328000
2015-03-02,28.49829864501953,28.54637242506507,27.910014951143882,28.100824071990036,50406000
2015-03-03,28.685142517089844,28.7872359626418,28.27428450704446,28.56421317964636,50526000
2015-03-04,28.662342071533203,28.825890841229,28.374394750307307,28.594938962684267,37964000
2015-03-05,28.815982818603516,28.903704043502977,28.657389256847527,28.72627837068374,35918000
2015-03-06,28.393230438232422,28.882888000877376,28.35159977108657,28.844231222896845,37592000
2015-03-09,28.452701568603516,28.519607455470886,28.202420350678093,28.295098682366618,23478000
2015-03-10,27.74646759033203,28.237613083092278,27.744979700335296,28.17417452039786,40080000
2015-03-11,27.54029655456543,27.96106505457944,27.526419663883804,27.74399002580918,40524000
2015-03-12,27.8118839263916,27.845088257609532,27.532362935317188,27.678565596693094,35602000
2015-03-13,27.4069766998291,27.9699851890346,27.2746509124563,27.71573939114492,35428000
2015-03-16,27.83517837524414,27.93975037349583,27.32371293550188,27.60174793295068,36856000
2015-03-17,27.635452270507812,27.785619505199847,27.476858700786728,27.66915193887057,28892000
2015-03-18,28.059192657470703,28.076538768851446,27.43175497741798,27.641396203867718,35324000
2015-03-19,27.935787200927734,28.098840651094154,27.858968976251962,27.977913202163844,24660000
2015-03-20,27.999223709106445,28.105778934942602,27.975931709633382,28.08645149089933,44320000
2015-03-23,28.020042419433594,28.23166689728938,27.90555806894263,28.051265424112948,30234000
2015-03-24,28.623193740844727,28.83828553670261,28.154844920307802,28.1771481453736,79156000
2015-03-25,28.1008243560791,28.748580169878046,28.1008243560791,28.624678829587207,53070000
2015-03-26,27.93429946899414,28.110241033898784,27.670143236250304,27.984356472002673,49842000
2015-03-27,27.632478713989258,27.95561363609928,27.6017510440595,27.844596623489593,34552000
2015-03-30,27.81039810180664,27.860950437875008,27.59481098237255,27.766290767931963,24788000
2015-03-31,27.49123191833496,27.8753249658455,27.48974402829509,27.651806826399305,34932000
2015-04-01,27.233020782470703,27.679559825001952,27.061540987577295,27.49767425304637,38902000
2015-04-02,26.827613830566406,27.159173179084938,26.784495272161728,27.129933400758688,47760000
2015-04-06,26.958452224731445,27.03725366903417,26.549577448264817,26.705197113937185,33718000
2015-04-07,27.003555297851562,27.266225549448393,26.94061395783773,27.009998409913532,27318000
2015-04-08,27.200803756713867,27.33263609705122,27.060051639208375,27.060051639208375,28386000
2015-04-09,27.160165786743164,27.227073573432293,26.859334084969753,27.21914446189304,32366000
2015-04-10,27.185932159423828,27.250856708426095,27.009497178306844,27.236979821041434,26104000
2015-04-13,27.19089126586914,27.42035716412749,27.074920929261612,27.112091708806137,29326000
2015-04-14,26.751787185668945,27.08830365798358,26.55156294738857,27.08830365798358,47206000
2015-04-15,26.814231872558594,26.92078709831587,26.384541747207937,26.66158609041061,46962000
2015-04-16,26.937143325805664,27.02189066329923,26.668525309347334,26.680914309092913,31722000
2015-04-17,26.40287971496582,26.752777742690338,26.217524924254324,26.629371732868915,49234000
2015-04-20,26.987199783325195,27.05014301376542,26.433112943817477,26.45293761309919,38508000
2015-04-21,26.907405853271484,27.147774753032532,26.872218296543842,27.0754164165487,29128000
2015-04-22,27.217653274536133,27.307853051767484,26.828107831240505,26.914343053182524,31806000
2015-04-23,27.628013610839844,27.81188427515844,27.262257395692153,27.27861284026133,78184000
2015-04-24,28.430898666381836,28.978047048922004,28.16773119738071,28.74759047259006,92168000
2015-04-27,28.05721092224121,28.523079288730045,27.867889686310665,28.386788946535724,48062000
2015-04-28,27.970478057861328,28.141957834247904,27.801476837480607,27.967999501855477,37178000
2015-04-29,27.822790145874023,28.04333438673213,27.70434124760871,27.779176252716862,33622000
2015-04-30,27.19733238220215,27.808909916896315,27.095734275523867,27.68253003195013,47240000
2015-05-01,27.31578826904297,27.318762158615055,26.95349932376631,27.28357270749917,36572000
2015-05-04,27.399044036865234,27.589851248537848,27.128938160972695,27.307356374299104,35260000
2015-05-05,26.913352966308594,27.38764764249091,26.880146742846165,27.26622297225077,28528000
2015-05-06,26.51885223388672,26.957464051403573,26.378100110151546,26.893530156141686,39034000
2015-05-07,26.863792419433594,27.02040465207109,26.43806872792071,26.559491512646844,31844000
2015-05-08,27.206256866455078,27.397064101020007,27.16066164152565,27.202292310885273,28226000
2015-05-11,27.049148559570312,27.425314354054915,27.04022878242837,27.183457565068586,21858000
2015-05-12,26.69974708557129,26.90938831122803,26.51488574885268,26.901952643020685,35282000
2015-05-13,26.737415313720703,26.953002444189668,26.712138199100508,26.785984429247467,24238000
2015-05-14,27.218643188476562,27.24292963379811,26.886588532513976,26.959442196725856,31736000
2015-05-15,27.084335327148438,27.288030664331462,26.886589658860693,27.277622997579474,33440000
2015-05-18,27.093257904052734,27.176023907751638,26.87419967122838,26.95201045322472,26706000
2015-05-19,27.222612380981445,27.426801172723838,27.115561817989402,27.159173819951512,47126000
2015-05-20,27.3826904296875,27.559125432010088,27.015446312308498,27.30388898382948,30840000
2015-05-21,27.595800399780273,27.635449733863393,27.223601067292027,27.268205622843382,34170000
2015-05-22,27.48230743408203,27.666673439218293,27.437702877393217,27.479333544891528,24266000
2015-05-26,27.119029998779297,27.423330896914532,26.909884102657312,27.38616011758206,37474000
2015-05-27,27.46892547607422,27.520468476591876,27.088797028871703,27.19287369609457,34844000
2015-05-28,27.465456008911133,27.543762120469044,27.29794267666079,27.44612856550457,23544000
2015-05-29,27.026351928710938,27.453563502232033,27.01247503928569,27.41688805564342,43446000
2015-06-01,27.219141006469727,27.286542227165988,26.94011534214336,27.195351784287432,33210000
2015-06-02,27.454057693481445,27.69393124978492,27.08730891460219,27.130922804089455,31842000
2015-06-03,27.520471572875977,27.654285256039536,27.36485188762693,27.51105457128175,26710000
2015-06-04,27.342052459716797,27.55367692407164,27.214681892713777,27.36633701736258,26866000
2015-06-05,27.235002517700195,27.423333094984812,27.1284472833847,27.35741786558133,24396000
2015-06-08,26.935157775878906,27.25184954577109,26.90888999812903,27.2389633234346,27336000
2015-06-09,26.869739532470703,27.00256253799241,26.705693525935672,26.93218553449735,30016000
2015-06-10,27.38715171813965,27.495194837500968,27.015944917009286,27.045184695899923,30316000
2015-06-11,27.26027488708496,27.497669872589583,27.217156333369385,27.480819095667282,25872000
2015-06-12,27.132904052734375,27.201295935234683,27.041711725093673,27.11704394209733,25468000
2015-06-15,26.9113712310791,26.963409568094153,26.723537884698743,26.897989674334596,27150000
2015-06-16,27.004051208496094,27.094250998123616,26.84050240947475,26.984723762481376,32526000
2015-06-17,27.089792251586914,27.177018155371222,26.85239720941936,27.031310796751097,24440000
2015-06-18,27.564579010009766,27.617608012329857,27.159173431076237,27.159173431076237,41192000
2015-06-19,27.630990982055664,27.650320318126486,27.37030395517798,27.58143119960647,59290000
2015-06-22,27.738039016723633,28.031934133758856,27.699877571793007,27.72465935133973,34752000
2015-06-23,27.921913146972656,27.996750046813936,27.612655103262146,27.743494899402396,31396000
2015-06-24,27.683027267456055,27.884739386043286,27.595801376204903,27.876810275179828,28924000
2015-06-25,27.652299880981445,27.909519559398742,27.628015324453695,27.76876744192622,26684000
2015-06-26,27.409950256347656,27.75390050141618,27.349982808657753,27.739528278542238,43676000
2015-06-29,26.82463836669922,27.30289758364111,26.774581366485872,27.097220918867528,37756000
2015-06-30,26.764673233032227,27.055097254192727,26.739891452036943,27.014952583941437,34510000
2015-07-01,26.926239013671875,27.050635681693773,26.750794678042162,26.944080458033753,30760000
2015-07-02,27.126461029052734,27.15917002595504,26.93961648510397,26.997602592496055,28124000
2015-07-06,27.041221618652344,27.18792152600106,26.86676793026259,26.87420170867222,25614000
2015-07-07,27.259780883789062,27.307854664356682,26.75525574497219,27.13092432164705,33578000
2015-07-08,26.846940994262695,27.173049784548095,26.82216110479443,27.040228669517685,27662000
2015-07-09,26.993144989013672,27.202786214751,26.991658989722236,27.19138788176363,29766000
2015-07-10,27.56110954284668,27.7187124396398,27.35741608895417,27.442163425290254,43436000
2015-07-13,28.335241317749023,28.390748868050515,27.689466931281633,27.729611594875024,41792000
2015-07-14,28.952274322509766,29.226344789566745,28.456173616285177,28.472529062462282,74832000
2015-07-15,28.94137191772461,29.17579305227933,28.755519898987675,28.930468916910236,41466000
2015-07-16,29.824542999267578,29.959347352900664,29.13763311589356,29.215939239382458,112642000
2015-07-17,34.67354202270508,34.8410591490651,33.60204571959862,33.70116528148837,257162000
2015-07-20,34.3375129699707,34.583334266690755,33.78888061180771,34.14621233524239,102436000
2015-07-21,34.46192169189453,34.969914178196255,33.906842308639256,33.94302053316761,75604000
2015-07-22,34.449527740478516,35.35301529416289,34.27705729641545,34.39600151755617,83100000
2015-07-23,33.43997573852539,34.49759876525461,33.28435419423243,34.28845100231085,76232000
2015-07-24,32.45075988769531,33.59164471192566,32.37196030748744,33.54109425185853,82622000
2015-07-27,32.62421417236328,33.060345506759454,32.291165057419605,32.29215572360317,58382000
2015-07-28,32.69309997558594,32.91314884346869,32.38334667197477,32.797176631859095,34364000
2015-07-29,32.780826568603516,32.874992803760755,32.355100958958936,32.821961907194726,36756000
2015-07-30,32.935951232910156,33.10891702372775,32.298105848750055,32.58308120631716,39606000
2015-07-31,32.5860595703125,32.957763671875,32.571192011237144,32.942896112799644,34922000
2015-08-03,32.94388198852539,33.04052488963097,32.593983943233816,32.593983943233816,31348000
2015-08-04,32.77339172363281,33.10644086790557,32.735232166361655,32.92504684878457,26188000
2015-08-05,33.368614196777344,33.69670243178206,32.986500622057434,32.99492506612837,36448000
2015-08-06,33.21299743652344,33.440975479536796,32.74613645812032,33.4033112517416,40660000
2015-08-07,32.927528381347656,33.146087517506565,32.653953234823845,33.095537067845505,27544000
2015-08-10,32.86557388305664,33.285846998148834,32.72135254812923,33.06133632795194,34458000
2015-08-11,34.211631774902344,34.89061236776781,33.91526003006115,34.67155416915297,109880000
2015-08-12,34.26962661743164,34.494133524281466,33.72644279084618,34.419296628275205,58498000
2015-08-13,34.0238037109375,34.396498393418426,33.80920725770289,34.15712015996569,36354000
2015-08-14,34.16554260253906,34.308773267731304,33.844888164833215,33.901386385511735,27598000
2015-08-17,34.40047073364258,34.4316918496513,33.85282505880627,34.099637112379405,24680000
2015-08-18,34.13383102416992,34.48223928877598,33.964827889967296,34.24980326171084,27710000
2015-08-19,34.396995544433594,34.70228712828461,34.03817773243055,34.20222374884591,50194000
2015-08-20,33.67539596557617,34.50206543959415,33.46724259755062,34.152171160509454,57798000
2015-08-21,31.918468475341797,33.34878617554679,31.872376032389074,33.25709662270343,91880000
2015-08-24,30.633861541748047,31.10815620680049,29.393855656723332,29.766056878874625,129788000
2015-08-25,30.354341506958008,32.06566444109095,30.314692171714228,32.039400443131456,71430000
2015-08-26,32.69707107543945,32.83286798725461,31.241477839459183,31.87238294115942,87740000
2015-08-27,33.104454040527344,33.402810944032204,32.26886489604114,33.30418293765727,58974000
2015-08-28,32.69458770751953,33.056872800925866,32.40019727493379,32.995417469988176,38836000
2015-08-31,32.10630798339844,32.92851943202268,32.033456197551445,32.42944291705175,38936000
2015-09-01,31.20133399963379,31.938794315914887,30.97831119293217,31.41196591518021,51458000
2015-09-02,31.962087631225586,31.969521409990406,31.254859623452145,31.619625240778408,37630000
2015-09-03,31.572538375854492,32.27629703520695,31.41196159897669,32.111755703067914,34572000
2015-09-04,31.17159652709961,31.446162336324935,31.049678402912033,31.208271976277192,40478000
2015-09-08,31.911043167114258,31.96853206692031,31.366868608222653,31.768307802816786,39092000
2015-09-09,31.887741088867188,32.57910879236678,31.763340654372744,32.307518822505614,40978000
2015-09-10,32.26787185668945,32.45719118225331,31.802992314442267,31.912026089272192,27850000
2015-09-11,32.477020263671875,32.477515596812545,32.08598688904753,32.22475957298511,34892000
2015-09-14,32.336769104003906,32.50775358655027,32.189571958469905,32.49338136146936,29942000
2015-09-15,32.96122360229492,33.14856158918839,32.3798765277385,32.546894515811395,35546000
2015-09-16,32.98352813720703,33.109906139914536,32.818986798433734,32.985014136520796,26252000
2015-09-17,33.288326263427734,33.79978986297361,32.95775756774443,33.081163578851275,47752000
2015-09-18,32.75554656982422,33.197625645860576,32.711435460129735,32.96072410671361,72544000
2015-09-21,33.055885314941406,33.15599932181878,32.61083418235534,32.98303353526446,39094000
2015-09-22,32.37294006347656,32.651472286151616,31.968029842641396,32.58456450775222,54362000
2015-09-23,32.37740707397461,32.723834016029734,32.250529941058296,32.3580777369617,29160000
2015-09-24,32.45769500732422,32.54987991944231,31.826296420366052,32.1633082756644,38692000
2015-09-25,31.726177215576172,32.639579054980466,31.701892658504505,32.639579054980466,48480000
2015-09-28,30.93816375732422,31.859991906219815,30.620481301051576,31.67165945228754,47646000
2015-09-29,30.856887817382812,31.45508199249841,30.629900459161505,31.000116609769144,42130000
2015-09-30,31.637958526611328,31.684544414547673,31.181009971092035,31.313831081074586,52954000
2015-10-01,31.817861557006836,31.909055783697774,31.278644213467246,31.616646664670895,42506000
2015-10-02,32.56077194213867,32.561267275203335,31.396595555774525,31.620113655912682,48788000
2015-10-05,33.28882598876953,33.35573378221422,32.50527314917778,32.78925788083438,37960000
2015-10-06,33.286834716796875,33.64168602035817,32.86259519334945,33.17333916842883,42774000
2015-10-07,33.2055549621582,33.63871426480421,32.616278780686386,33.57230182390863,44354000
2015-10-08,33.0568733215332,33.29922731762536,32.43687133864488,33.17829798611714,39308000
2015-10-09,33.26701736450195,33.40826293823937,32.826919524361536,33.08116533825804,32124000
2015-10-12,33.52423858642578,33.6010568267645,33.06877780969806,33.165420721925734,26684000
2015-10-13,33.8582763671875,34.12045130335571,33.35969516367128,33.41669250978951,42446000
2015-10-14,33.72148513793945,34.1987518384409,33.64664824313249,33.8860264836559,31292000
2015-10-15,34.3464469909668,34.402945221057735,33.91874003763145,33.96136137678184,47156000
2015-10-16,34.46043014526367,34.50503659309897,34.15216658111849,34.46439659129056,36316000
2015-10-19,34.68989944458008,34.704271667654304,34.30629985739765,34.395013642656146,30172000
2015-10-20,33.701168060302734,34.59325931554314,33.38794356404704,34.587806869520776,52434000
2015-10-21,33.294769287109375,33.94401111923088,33.24025239329486,33.86025444598317,31952000
2015-10-22,33.757659912109375,34.10012412527046,33.289808369972846,33.47516503152422,88632000
2015-10-23,35.650386810302734,37.29431078299377,35.58149768176357,37.17338141755442,126726000
2015-10-26,36.23469543457031,36.42451387283504,35.68457323415328,35.68457323415328,48776000
2015-10-27,36.31895446777344,36.47457604856735,35.888770847807855,36.009201086850695,38778000
2015-10-28,36.522151947021484,36.544453281408025,36.04389079410841,36.32787548707229,39604000
2015-10-29,36.9151611328125,37.01130868216569,36.43491871910324,36.50777427128733,36520000
2015-10-30,36.54544448852539,36.987523642429196,36.50282315164418,36.95035475123488,39984000
2015-11-02,37.05839157104492,37.080197568914706,36.25104784863076,36.40369739605595,39914000
2015-11-03,37.11192321777344,37.25465478149302,36.73228629765651,36.94391075877386,36306000
2015-11-04,37.433570861816406,37.661053560571084,37.13075592996959,37.16544815697458,41840000
2015-11-05,37.699214935302734,37.9807191831101,37.540621365667356,37.60703003608926,45486000
2015-11-06,37.74530792236328,37.81568304002495,37.41969255284713,37.635778799576606,33544000
2015-11-09,37.40681076049805,37.82956441203105,37.1263009229002,37.592662801821334,35538000
2015-11-10,37.57977294921875,37.69574518654897,37.091605113135245,37.34287514304313,29798000
2015-11-11,37.92620086669922,38.116015541307995,37.65361640668833,37.78396085814477,41866000
2015-11-12,37.4940299987793,37.953457108021205,37.46082377615813,37.67492488564098,35452000
2015-11-13,36.67827224731445,37.434562822166534,36.648533350875624,37.37063081186931,48188000
2015-11-16,37.19121551513672,37.25514751447282,36.3937859551659,36.68520440328706,50704000
2015-11-17,36.971168518066406,37.41572809996909,36.87551629012614,37.29281742591975,38864000
2015-11-18,37.666500091552734,37.72052164679922,37.041045656192885,37.14908876668584,36266000
2015-11-19,37.66303253173828,37.82608408148432,37.52872164405847,37.655099640143106,28078000
2015-11-20,38.5085334777832,38.62351503610486,37.86920591541211,38.126919028981426,55478000
2015-11-23,38.49367141723633,38.8009481336951,38.335573169914916,38.531834758148385,34648000
2015-11-24,38.143272399902344,38.45847818169952,37.57233483815401,38.308309068385604,47880000
2015-11-25,38.124942779541016,38.31029947400531,37.98964120270627,38.245373017983475,23612000
2015-11-27,38.259246826171875,38.35985616765647,38.01293014200429,38.11998259525564,14434000
2015-11-30,37.807254791259766,38.41089945752972,37.7215130113585,38.2542872339572,33586000
2015-12-01,38.845054626464844,38.90502396894783,37.960896285261704,38.009960735959005,40398000
2015-12-02,38.55066680908203,39.30398533294963,38.48028791000234,38.917413736414346,46876000
2015-12-03,38.07240295410156,38.8792476496772,37.78743138943323,38.68497119885509,41950000
2015-12-04,38.61806106567383,38.777149950338305,37.93908419536366,38.147237522852826,49800000
2015-12-07,38.30979919433594,38.706776533144634,37.99905140758588,38.6601887536702,36626000
2015-12-08,38.416351318359375,38.5903077598013,37.7908968809331,37.88902576778048,31082000
2015-12-09,37.79238510131836,38.46343669002451,37.27001663204008,38.216129344869636,46550000
2015-12-10,37.66798782348633,37.96684005687459,37.41820381678531,37.84392938594175,32458000
2015-12-11,37.19121551513672,37.53913218505111,37.10349240272854,37.12084040444098,43184000
2015-12-14,37.79188537597656,37.871679371821706,36.489435467109004,37.232843415510786,53864000
2015-12-15,37.670467376708984,38.397022713270175,37.56688604281139,38.052081822339964,49386000
2015-12-16,38.488224029541016,38.73156876885218,37.51981352930112,37.9916278862669,53120000
2015-12-17,38.1531867980957,38.73601613793585,38.12691901929806,38.71470547127347,36510000
2015-12-18,37.509891510009766,38.36679513735825,37.49700528629999,38.024330886296674,67794000
2015-12-21,37.70565414428711,37.98071525171718,37.37607614845334,37.817164586506095,34848000
2015-12-22,38.019371032714844,38.178459922760425,37.725479698903165,37.87763014446441,36338000
2015-12-23,38.087764739990234,38.255777187749835,37.54953806978515,38.19580785297315,30594000
2015-12-24,37.9554443359375,38.121967026826745,37.88358321558441,38.08826546588451,10412000
2015-12-28,38.76823425292969,38.79697869910714,38.049112640688186,38.16161375975132,31156000
2015-12-29,39.349082946777344,39.583504058033576,38.964492723571475,39.00364294351675,38430000
2015-12-30,39.16769027709961,39.472985623454946,39.01405382829281,39.34908428572849,28566000
2015-12-31,38.558589935302734,39.070053465373064,38.524393047940386,39.04477635435832,32752000
2016-01-04,37.63825607299805,37.77504364540484,37.04848444557318,37.77504364540484,67382000
2016-01-05,37.74183654785156,38.12196502838937,37.45042185407198,37.86920900632644,45216000
2016-01-06,37.63280487060547,37.9499920299941,37.07128611994566,37.18874435992907,48206000
2016-01-07,36.72435760498047,37.43356877703162,36.440872025646534,36.99644674111335,63132000
2016-01-08,36.22428894042969,37.17634554894805,36.1256609440653,37.06136399928371,47506000
2016-01-11,36.33134460449219,36.43096328618479,35.66178273867717,36.275837041778786,50896000
2016-01-12,36.939449310302734,37.08813243520598,36.497865496106485,36.71196662477227,46816000
2016-01-13,35.66227340698242,37.31908318919751,35.52399985144096,37.137689186627284,51728000
2016-01-14,36.24808120727539,36.66934501648407,34.94017866316869,35.90363562560155,55558000
2016-01-15,35.21226119995117,35.88975201212006,34.76720635935,35.18747942357079,76676000
2016-01-19,35.637996673583984,35.94874453959373,35.18055454951947,35.691027578038515,48724000
2016-01-20,35.61221694946289,36.02802826653734,34.08674233606714,34.9847774134782,82440000
2016-01-21,36.01415252685547,36.55931763517325,35.242990752178194,35.69200830520495,51938000
2016-01-22,36.945396423339844,37.09903665794988,36.699578854067745,36.77391663401098,47146000
2016-01-25,36.35860061645508,37.29232245691808,36.303093057461005,36.86511087344488,45340000
2016-01-26,36.36701965332031,36.64802851952933,36.029017237226086,36.437398539010836,30940000
2016-01-27,35.56364822387695,36.47109842060244,35.35896222809651,36.47109842060244,42428000
2016-01-28,37.086151123046875,37.22789202186136,36.20892749174018,36.58509330238042,62104000
2016-01-29,37.73291778564453,37.919265141814634,36.88295256749383,37.118863488071085,75808000
2016-02-01,38.19977569580078,38.537778154883824,37.73440078494215,38.224058361754075,111522000
2016-02-02,38.70232391357422,40.1613863671648,38.68695724186778,39.67321473396329,135846000
2016-02-03,37.139671325683594,39.22368871604043,36.48943515238362,38.96845229178406,131114000
2016-02-04,36.18067169189453,36.934489173251386,35.8124388417412,36.90227361985247,104922000
2016-02-05,34.878719329833984,36.016627951836874,34.699310448037245,35.95616706792333,109556000
2016-02-08,34.89854431152344,34.916387645717705,33.80077656412956,34.08178544538615,89410000
2016-02-09,34.7429313659668,35.73117024997232,34.12243389757832,34.342978167841295,84300000
2016-02-10,35.0318603515625,35.843166763463365,34.9595039117977,35.27669100973406,60314000
2016-02-11,35.0075798034668,35.302960920712195,34.255747344927826,34.510983794143755,65004000
2016-02-12,35.033851623535156,35.48534590475002,34.770682252041645,35.29751254701565,46538000
2016-02-16,35.56662368774414,35.82632192970277,35.19690099331598,35.61667880155924,43444000
2016-02-17,36.27682113647461,36.36553491034822,35.51557361968671,36.03050448097004,49154000
2016-02-18,35.560176849365234,36.476550597063806,35.46303863066526,36.37544971377849,47276000
2016-02-19,35.78815460205078,35.88331148782119,35.34260439630213,35.48038261309075,34918000
2016-02-22,36.13210678100586,36.41955878626943,35.85456900001686,36.154903446967474,37516000
2016-02-23,35.54927444458008,36.22379335882899,35.46898888826075,35.985904907349045,41332000
2016-02-24,35.72818374633789,35.74404574740212,34.79248449261738,35.21820623274173,37092000
2016-02-25,36.135581970214844,36.15490752550983,35.34806275606751,35.82880059606046,36146000
2016-02-26,35.9244499206543,36.484482612577,35.77973324722722,36.357609274710306,42474000
2016-02-29,35.545806884765625,36.20892557094318,35.52697288328393,35.733144889867106,45068000
2016-03-01,36.7823371887207,36.79026629818316,35.61617579785481,35.7480062229424,60112000
2016-03-02,36.649024963378906,36.82942453172639,36.3402622731228,36.81703742240117,36292000
2016-03-03,36.257991790771484,36.72435738451275,36.160853561150574,36.64902515606832,40534000
2016-03-04,36.19009780883789,36.42699560867357,35.96211600549095,36.41708516473931,48516000
2016-03-07,35.326751708984375,36.04092001602453,34.947118553748695,35.93882467011643,61690000
2016-03-08,35.36292266845703,35.79509129787449,34.89061315649968,35.10818157976125,52530000
2016-03-09,35.95171356201172,35.99284890331578,35.31981588458628,35.44421257486686,39544000
2016-03-10,36.28673553466797,36.50331330145577,35.846637775808276,36.069658653644055,44616000
2016-03-11,36.91615676879883,36.917642768168925,36.51124651804563,36.672320531192405,35380000
2016-03-14,37.18229675292969,37.38153031508607,36.85618607365355,36.92111252211319,32824000
2016-03-15,37.19865036010742,37.31957969896712,36.81554612385186,36.97314901838663,29832000
2016-03-16,37.53516387939453,37.61644387641589,36.99693723741421,37.12331523054991,29306000
2016-03-17,37.59067153930664,37.93065530154095,37.535163986288794,37.54953620761174,44564000
2016-03-18,37.43852233886719,37.7720630010658,37.2605994510215,37.74678967023251,56222000
2016-03-21,37.77306365966797,37.83154322264555,37.23334712919507,37.36418692731438,28774000
2016-03-22,37.66848373413086,37.9138097466535,37.560939731292294,37.588693510240155,22096000
2016-03-23,37.545082092285156,37.933143490718635,37.469254524476675,37.832038806584244,24678000
2016-03-24,37.410282135009766,37.54508460838691,37.19519030874798,37.22988253879021,31116000
2016-03-28,37.33296203613281,37.581755382538326,37.271506699205716,37.47618893008847,21676000
2016-03-29,37.957916259765625,38.02185204152048,37.08565357421941,37.35278180023132,40062000
2016-03-30,38.0793342590332,38.52389374897798,38.04167004408968,38.07289114867643,40396000
2016-03-31,37.80973815917969,38.116020435010334,37.579279671369484,38.07934687394664,32554000
2016-04-01,38.145259857177734,38.16359474513441,37.428115802807774,37.525257812808825,31674000
2016-04-04,37.91975021362305,38.28253438361141,37.75471357109366,38.13731862407831,26924000
2016-04-05,37.59513473510742,37.80824517881009,37.447937622513585,37.573328735766864,24478000
2016-04-06,38.065956115722656,38.08330411628914,37.48262770609043,37.55895059001251,25312000
2016-04-07,37.67195129394531,38.129888603393354,37.54210218863811,37.9296643911301,25498000
2016-04-08,37.639732360839844,38.019365419048114,37.45636083275876,37.95691942790948,23434000
2016-04-11,37.54408264160156,38.023829719360386,37.53417219935936,37.936106613668265,31774000
2016-04-12,37.88010787963867,37.90984299079159,37.24821029945785,37.588197869959586,27388000
2016-04-13,38.25627136230469,38.44658135582549,37.893487147241345,38.17697269579462,35426000
2016-04-14,38.428749084472656,38.6378931180952,38.32120128746069,38.427263084956934,26992000
2016-04-15,38.65721130371094,38.70330374358664,38.40593755477741,38.43419044327218,31712000
2016-04-18,39.037837982177734,39.08095842713556,38.53876534016277,38.666629332331645,33540000
2016-04-19,38.47136688232422,39.19990738189439,38.17499508253177,39.17760604770401,43952000
2016-04-20,38.405452728271484,38.640372989177926,38.224557812820976,38.61559120627492,34262000
2016-04-21,38.65721130371094,38.74047262660371,38.23842424293383,38.52389487671033,77628000
2016-04-22,36.564273834228516,37.364675365743686,36.19752695686942,36.86857471363327,140798000
2016-04-25,36.784324645996094,36.91665042613653,36.43194997166625,36.44434086152567,49442000
2016-04-26,35.94972610473633,36.95183790200524,35.69944298609248,36.89385367997835,55864000
2016-04-27,35.75594711303711,36.03794291031844,35.14238439386352,35.94724779247575,66262000
2016-04-28,34.943145751953125,36.1425134551976,34.85096464809777,35.846637029721535,62590000
2016-04-29,35.08291244506836,35.29255178349334,34.87971243700678,34.896565106078796,58278000
2016-05-02,35.40654373168945,35.456103511833895,35.00758126259808,35.28313772386354,33476000
2016-05-03,35.11066818237305,35.35499975761387,35.0556559553128,35.311883088071774,38620000
2016-05-04,35.25587463378906,35.438255508178365,34.89309043605963,35.02789665021826,34172000
2016-05-05,35.42141342163086,35.56216365946104,35.160724500586255,35.435785645303554,29668000
2016-05-06,35.940311431884766,35.98045610469309,35.28462645285615,35.29701734414304,39952000
2016-05-09,36.136077880859375,36.39180969501579,35.85705028347557,36.01564386177556,38074000
2016-05-10,36.64406967163086,36.67479544849029,36.25898410767626,36.42501144414202,32634000
2016-05-11,36.206451416015625,36.71444768996058,36.075116291978944,36.70057079973156,29834000
2016-05-12,36.08354187011719,36.44533547488468,35.89521317983098,36.27831367258135,27094000
2016-05-13,35.92296600341797,36.24312514648565,35.857544217073524,36.01167979091152,25244000
2016-05-16,36.194053649902344,36.31200719444291,35.68358080723028,35.89768189883216,22538000
2016-05-17,35.69300079345703,36.4691197197954,35.58446612427509,36.23172659914149,33404000
2016-05-18,35.77180480957031,35.95963815434279,35.43677434186829,35.609244797523075,32536000
2016-05-19,35.45114517211914,35.70836673671555,35.20334249880722,35.599332955471304,30598000
2016-05-20,35.76832580566406,36.065192870471826,35.4362711911174,35.50813607080122,34798000
2016-05-23,35.54729461669922,35.857047974776364,35.53193172736978,35.682596184229425,24816000
2016-05-24,36.32936477661133,36.38734900750142,35.666242214345246,35.676156440194205,37884000
2016-05-25,36.58063507080078,36.66934886503092,36.30805435678422,36.42699859960655,32216000
2016-05-26,36.522647857666016,36.729315211487524,36.32787606150634,36.476555407603186,27202000
2016-05-27,37.05146408081055,37.06682697235511,36.52661507176937,36.551396856456314,34802000
2016-05-31,37.113407135009766,37.342871138134186,36.9508471306871,37.108945355955505,42484000
2016-06-01,37.094078063964844,37.23829940116446,36.88988739091535,37.09457339706675,20788000
2016-06-02,36.88642120361328,37.03659032386361,36.526113625402196,36.97711631927044,33916000
2016-06-03,36.4696159362793,36.74864351332822,36.372973040626626,36.74864351332822,24608000
2016-06-06,36.18216323852539,36.600455039132164,36.09444390309238,36.600455039132164,29992000
2016-06-07,36.23321533203125,36.51174380905328,36.21884310834522,36.34125845742056,24314000
2016-06-08,36.820011138916016,36.8636231430743,36.46515976435017,36.65001733945805,32314000
2016-06-09,36.799686431884766,36.86956620870223,36.50133332383964,36.529582434418245,19180000
2016-06-10,36.33728790283203,36.65695168217192,36.20446679145563,36.47407546012849,29050000
2016-06-13,36.272369384765625,36.62523942759257,36.170274038212575,36.170274038212575,23354000
2016-06-14,36.34025955200195,36.476551774894105,36.00572822072335,36.144992442150475,26584000
2016-06-15,36.2877311706543,36.53354874677401,36.244115386547904,36.42302895885499,23234000
2016-06-16,35.89421463012695,36.19851549161417,35.462541333687845,36.07808150047088,45002000
2016-06-17,34.90300750732422,35.75247351555074,34.74788128177371,35.75247351555074,82262000
2016-06-20,34.99618148803711,35.47890063457186,34.960498597121514,35.20334416976685,45654000
2016-06-21,35.132476806640625,35.454621081763705,34.92333277403845,35.190461036824935,30318000
2016-06-22,35.211273193359375,35.39662987357787,34.98379051052334,35.388700762412896,29058000
2016-06-23,35.429344177246094,35.429839510418546,34.7047700563492,35.215243030499835,42500000
2016-06-24,33.95887756347656,34.94017783883471,33.944505340796354,34.205194243838825,95436000
2016-06-27,33.757659912109375,33.8661983542022,33.33738681334,33.82456768890201,58146000
2016-06-28,34.25921630859375,34.33256720359244,33.94153384325508,34.26466875411095,38246000
2016-06-29,34.453983306884766,34.66758906924288,34.32958664937893,34.40789464588174,43124000
2016-06-30,34.8673210144043,34.879216571077094,34.43961411896773,34.57590634410154,42250000
2016-07-01,35.20037078857422,35.313367235564,34.87723588818272,34.94513433546539,30984000
2016-07-05,34.934722900390625,35.09480245207923,34.64925601845009,34.94067067851813,28440000
2016-07-06,35.13693618774414,35.336665095322445,34.64281680730749,34.684447477718244,28902000
2016-07-07,35.05218505859375,35.19640640559248,34.7255828073127,35.19343440677907,21174000
2016-07-08,35.57355880737305,35.5795065854869,35.094307038399194,35.21573170373295,29946000
2016-07-11,36.04042053222656,36.12615853088788,35.627581197812525,35.65483964245859,28822000
2016-07-12,36.303585052490234,36.456726158764525,36.055287059213185,36.27434527631634,26468000
2016-07-13,36.15341567993164,36.45276322722042,36.13061901508468,36.45276322722042,20436000
2016-07-14,36.46664047241211,36.48348935938375,36.208428254636914,36.37445558363999,21408000
2016-07-15,36.45821762084961,36.72435517948532,36.40914939468756,36.72435517948532,32342000
2016-07-18,37.32899475097656,37.425142309719995,36.50183005838749,36.57121450478288,38698000
2016-07-19,37.33940505981445,37.49700417610589,37.0955650451455,37.16395882670691,30436000
2016-07-20,37.52128982543945,37.6977267210247,37.371120709067064,37.371120709067064,22502000
2016-07-21,37.38896179199219,37.57431845346093,37.245731128879726,37.517321119359636,19062000
2016-07-22,37.63032150268555,37.63874594615947,37.30222950976269,37.53318328327575,20920000
2016-07-25,37.543094635009766,37.65708552529599,37.37211019016474,37.55102374559888,21466000
2016-07-26,37.54954147338867,37.629335482626004,37.306695894880036,37.543098361426374,23792000
2016-07-27,37.763641357421875,37.886552032613274,37.46429756172638,37.614962016401726,32172000
2016-07-28,37.9554443359375,38.110570582904394,37.62090917350028,38.10412747061386,73464000
2016-07-29,39.21923828125,39.843698350495174,39.15282582798798,39.53493942906403,101810000
2016-08-01,39.69501876831055,40.01963969201051,38.90700423628228,38.98778891264218,60594000
2016-08-02,39.65437698364258,39.76341076894341,39.377334522302355,39.51610341953292,39928000
2016-08-03,39.594905853271484,39.625635414842904,39.30250048161637,39.47348494996381,29206000
2016-08-04,39.512142181396484,39.6583448758801,39.34710548232943,39.561206635015154,21520000
2016-08-05,39.99188232421875,40.00625454641869,39.539888981062546,39.653879873633365,36146000
2016-08-08,39.907630920410156,40.025089146429046,39.732184690456634,39.94579047542505,24426000
2016-08-09,40.01913833618164,40.30906699038392,39.8496398975113,39.870950562966186,32154000
2016-08-10,40.06919860839844,40.18764750692168,39.970079045546875,39.997832825638824,18370000
2016-08-11,40.05482482910156,40.336329065313144,39.9457910454994,40.167325944496035,25646000
2016-08-12,39.99783706665039,40.00477551240907,39.82883392134798,39.90069882602888,17946000
2016-08-15,39.94381332397461,40.21144069487289,39.84816108811914,40.00576399924266,18596000
2016-08-16,39.7074089050293,39.85955936280147,39.49974710575874,39.821891357624246,21158000
2016-08-17,39.91704559326172,39.92745515071366,39.46505224829601,39.648427587107115,21322000
2016-08-18,39.784725189208984,40.044918786642604,39.7292176250812,39.91407898817436,17292000
2016-08-19,39.63108444213867,39.709392455669665,39.49380531421707,39.638022887567416,22416000
2016-08-22,39.49726486206055,39.61373241191116,39.36741575715113,39.574578412862294,17056000
2016-08-23,39.47943115234375,39.69799408413872,39.449696036594815,39.672221633865995,18350000
2016-08-24,39.33124542236328,39.572109680539256,39.19049139949707,39.49281100041702,25672000
2016-08-25,39.217247009277344,39.38674544783872,39.01553679660429,39.25193922989886,24054000
2016-08-26,39.31240463256836,39.61869062709114,39.123580638463466,39.276226412063025,24978000
2016-08-29,39.44126892089844,39.5750807138782,39.168684441090846,39.30398601469267,15474000
2016-08-30,39.247982025146484,39.549310943987535,39.12655734549554,39.2955604744987,23348000
2016-08-31,39.145389556884766,39.230632226606836,39.014054439331254,39.1329986666843,21428000
2016-09-01,39.222206115722656,39.296052339503966,38.97093611526492,39.25095055981818,26070000
2016-09-02,39.493309020996094,39.50470924686095,39.31439542655257,39.41401411664723,26998000
2016-09-06,40.0458984375,40.18813464086775,39.42193006469658,39.568628046514874,39790000
2016-09-07,40.0444221496582,40.173772163242816,39.83279767772674,40.04144636958012,22906000
2016-09-08,39.78917694091797,40.06572783297309,39.69848183028159,39.907134277339736,23554000
2016-09-09,39.077484130859375,39.73515404859169,39.056173467234075,39.58746162112465,37752000
2016-09-12,39.58994674682617,39.656850743766306,38.83067675148479,38.88123097546408,37274000
2016-09-13,39.08938980102539,39.43978318070156,38.871817548900104,39.35156472404743,36180000
2016-09-14,39.175621032714844,39.466544168850795,39.0304090217951,39.0304090217951,25842000
2016-09-15,39.709388732910156,39.82932362660056,39.086410921042074,39.15331870324995,31144000
2016-09-16,39.547821044921875,39.59986127352179,39.332233914655745,39.59986127352179,42612000
2016-09-19,39.419952392578125,39.8461732715595,39.32925728422973,39.70343794073971,22990000
2016-09-20,39.63752746582031,39.78472460014842,39.562195232595236,39.648432357685046,20984000
2016-09-21,39.8977165222168,39.94133230354657,39.45167095268349,39.710873850467394,26970000
2016-09-22,40.43891906738281,40.5930508487446,40.03054149992169,40.14403327966249,35186000
2016-09-23,40.38985824584961,40.4909591446998,40.27933845482215,40.398778023708374,28234000
2016-09-26,39.77975845336914,40.14799509097364,39.67072468416008,40.1351088693942,29454000
2016-09-27,40.180213928222656,40.31700149683172,39.73912544335639,39.73912544335639,27346000
2016-09-28,40.14700698852539,40.15642588025877,39.786207851953975,39.8506351888649,29406000
2016-09-29,39.77926254272461,40.337809154118744,39.69104410630903,40.006745186916206,27000000
2016-09-30,39.849639892578125,40.04936877308175,39.72276656600172,39.826843227920286,33204000
2016-10-03,39.667266845703125,39.82387531198928,39.4615901465956,39.774810860337126,29784000
2016-10-04,39.78669738769531,39.97056804224041,39.6320702891725,39.89622649130245,25174000
2016-10-05,39.709388732910156,40.06969252826515,39.68361628625693,39.94579118848624,24276000
2016-10-06,39.80107116699219,39.992870939078,39.67370250612061,39.85063094250187,21998000
2016-10-07,39.68362045288086,39.9428233836357,39.49082997819199,39.94232805046873,23262000
2016-10-10,40.35070037841797,40.50978927104781,39.75944280719498,39.843199475461454,29922000
2016-10-11,40.122718811035156,40.632696334228655,40.01368503957009,40.35069679629466,34432000
2016-10-12,40.23175811767578,40.3670559033372,40.072173884155006,40.24117322824246,18158000
2016-10-13,39.85063171386719,39.97354237945815,39.58003238503504,39.949259714890836,27380000
2016-10-14,39.876399993896484,40.14848907472709,39.76340356410255,40.01764931230708,22238000
2016-10-17,39.9874267578125,40.31700481575607,39.838252067382044,39.94530075086518,21128000
2016-10-18,40.71348571777344,41.07626617908911,40.30907080657506,40.352682807750895,45786000
2016-10-19,40.978633880615234,41.12533567303027,40.782376088112784,40.782376088112784,30002000
2016-10-20,40.72042465209961,41.05941778444078,40.66689842563288,41.014316002207444,27878000
2016-10-21,40.84084701538086,40.85224723731633,40.555875497507465,40.63963215292786,32316000
2016-10-24,41.41971969604492,41.52875347649293,41.08766502371231,41.13970524844202,28952000
2016-10-25,41.06338119506836,41.55650607744015,40.90230719445374,41.55650607744015,37814000
2016-10-26,40.743717193603516,41.0217541063501,40.4587456170646,40.99251054595216,35898000
2016-10-27,40.50830841064453,40.96575047897831,40.372511500088656,40.78882200989298,59470000
2016-10-28,40.61783218383789,41.58128909299578,40.49095506814586,41.13227152883113,87098000
2016-10-31,40.13908004760742,40.76998701876254,40.04491759336466,40.76007279336702,44854000
2016-11-01,39.920013427734375,40.340290285741105,39.56218634558765,40.18714540672186,47118000
2016-11-02,39.07451629638672,39.983456277242425,38.90501785420698,39.983456277242425,47014000
2016-11-03,38.76576232910156,39.15282929592236,38.58932540308252,38.880244794685524,43504000
2016-11-04,38.711734771728516,39.077491011276464,38.211172301992065,38.226039857728104,39412000
2016-11-07,39.7490348815918,39.89622820947668,39.29654622677632,39.39814622472811,39852000
2016-11-08,40.242164611816406,40.44337951853798,39.62959633288325,39.749039679466506,35382000
2016-11-09,39.92546463012695,40.228774818096916,39.25392159627035,39.73911731794829,61970000
2016-11-10,38.671592712402344,40.147008660336425,38.07389197576204,40.14403666145616,118192000
2016-11-11,38.24834442138672,38.5229064277716,37.94057240987771,38.49911909517045,71852000
2016-11-14,37.329986572265625,38.24983152032493,36.85271987668482,38.248840854084165,73766000
2016-11-15,38.41735076904297,38.66911993615066,37.92472110865962,37.93710821974236,58878000
2016-11-16,38.65623092651367,38.83068272836427,37.97973060736642,38.1824315240625,35968000
2016-11-17,38.96250915527344,39.09830605066433,38.64978381055553,38.78111892679174,30674000
2016-11-18,38.45749282836914,39.21675916243531,38.426767047596925,39.01257224544291,36126000
2016-11-21,38.895103454589844,38.98183210858777,38.473835947975346,38.56304504828371,32616000
2016-11-22,38.9050178527832,39.33966317653558,38.8425718543337,39.10276540512424,27884000
2016-11-23,38.6076545715332,39.12903232787812,38.29294413960045,39.12903232787812,26260000
2016-11-25,38.668617248535156,38.800943029061486,38.567512578130156,38.786570806756636,12270000
2016-11-28,38.944175720214844,39.63554355069087,38.56305279931008,38.57544368984835,51508000
2016-11-29,39.12507247924805,39.47199474377138,38.921872452049314,39.072536915833474,31240000
2016-11-30,38.45302200317383,39.22765482657324,38.31772423933367,39.10821528255158,45582000
2016-12-01,37.8806037902832,38.5878336065136,37.33692465022491,38.585356940936016,57342000
2016-12-02,37.887046813964844,38.18639438646964,37.61644746793734,37.76017347564853,34376000
2016-12-05,38.569000244140625,38.65721869535998,38.01144420526524,38.161613327470754,33770000
2016-12-06,38.4678955078125,38.918898206831095,38.326154611274966,38.66663374400769,34682000
2016-12-07,39.225677490234375,39.25194148786914,38.3365583627035,38.65473992575676,40588000
2016-12-08,39.40904998779297,39.598868441112515,39.04924153017298,39.299025538983344,32250000
2016-12-09,40.11677169799805,40.14155347598476,39.55178194665078,39.613732610449105,38090000
2016-12-12,40.039955139160156,40.21093958331621,39.87293714086699,39.88730936272097,32572000
2016-12-13,40.40868377685547,40.852748003181055,40.24017977755392,40.262481110196426,42564000
2016-12-14,40.535064697265625,40.8507658038789,40.28180958942731,40.4374311438676,35994000
2016-12-15,40.42405700683594,40.78832729045733,40.243158307371395,40.508804353332714,35394000
2016-12-16,40.13610076904297,40.599985854318156,40.050854327013276,40.55587852469844,51978000
2016-12-19,40.2679328918457,40.45229889055678,39.87144711705856,40.108348671997035,25272000
2016-12-20,40.40174102783203,40.465676801564655,40.19358771634222,40.31104592648063,25438000
2016-12-21,40.25306701660156,40.42751879857945,39.901187672850476,40.42751879857945,29192000
2016-12-22,40.128170013427734,40.197059118047584,39.94727136129408,40.099425572277276,22632000
2016-12-23,40.035003662109375,40.19211123961136,39.90168720079615,40.04541322073424,15310000
2016-12-27,40.14056396484375,40.44139754446835,39.9358817294239,40.07861329342723,19520000
2016-12-28,39.87492370605469,40.309073760674835,39.76936102718721,40.309073760674835,24296000
2016-12-29,39.791160583496094,39.93339679840021,39.556244147853626,39.76390213988699,21148000
2016-12-30,39.27424621582031,39.811482218593085,39.13398754627137,39.80751577268925,34718000
2017-01-03,40.045413970947266,40.2154039948721,39.494300997059064,39.67915857829583,39180000
2017-01-04,40.03350830078125,40.314021829698994,39.852118097521355,40.13857562292714,30306000
2017-01-05,40.293701171875,40.329384056060356,39.94182187917886,40.020126091173616,26810000
2017-01-06,40.897850036621094,41.08370203879968,40.21837402767961,40.39133980705089,40342000
2017-01-09,40.9954833984375,41.156553620428234,40.71992695217719,40.95533873092082,28178000
2017-01-10,40.9375,41.10600779966856,40.79526376303978,40.990035563078536,23948000
2017-01-11,41.12830352783203,41.13028486015535,40.712492202902794,40.96772864276651,26508000
2017-01-12,41.11195373535156,41.1540797380877,40.68969547940006,41.054956395324226,26990000
2017-01-13,41.18183135986328,41.3656982504215,41.111456247948716,41.18480335846444,25804000
2017-01-17,41.009361267089844,41.14416371371589,40.798232148348184,41.13524393666642,28818000
2017-01-18,41.0866813659668,41.12583537446758,40.8418506512951,41.125340041284225,20554000
2017-01-19,40.85622024536133,41.28393096872298,40.83590402381334,41.08568805423583,21410000
2017-01-20,41.04454803466797,41.0975789251788,40.8676158093793,41.090141366416965,26124000
2017-01-23,41.850406646728516,41.90541887566973,41.07082033054292,41.21504168158257,49148000
2017-01-24,42.10316467285156,42.20178890178117,41.74384775276099,41.97678288288327,33768000
2017-01-25,42.54524230957031,42.56209119767852,42.11356895634194,42.302396744321264,33108000
2017-01-26,42.472381591796875,42.67161513208007,42.15222250726899,42.57497225082714,69866000
2017-01-27,41.88014602661133,42.96899049157845,41.72502354931278,42.572508404994814,75050000
2017-01-30,40.8294563293457,41.49356566999955,40.690683657960925,41.48514122620114,70338000
2017-01-31,40.6490592956543,40.79179465394457,40.312542794101454,40.61486240089212,40404000
2017-02-01,40.40373229980469,40.83788232187487,40.25554451280992,40.83788232187487,45020000
2017-02-02,40.553401947021484,40.86563574026151,40.245633714111534,40.391836386188395,33784000
2017-02-03,40.646080017089844,40.943442457728054,40.60742134952776,40.794763127993235,30562000
2017-02-06,40.719932556152344,40.75809211538138,40.35665294730483,40.68524032904905,27018000
2017-02-07,41.09708023071289,41.23040045799427,40.8026935602112,40.91222267401646,33332000
2017-02-08,41.12929916381836,41.34588074370506,40.89289669596633,41.16151472380779,26044000
2017-02-09,41.138214111328125,41.23337099953263,40.96178100473547,41.2209801101324,23884000
2017-02-10,41.3756103515625,41.48959745745707,41.16051858088604,41.28144413099598,28302000
2017-02-13,41.579315185546875,41.71709343520138,41.44500426820846,41.51686539216377,25914000
2017-02-14,41.63233947753906,41.729973045318005,41.42418611762927,41.61945325318715,27266000
2017-02-15,41.49802780151367,41.71857202844514,41.4435109111559,41.57187024511174,27144000
2017-02-16,41.738399505615234,41.76416817205984,41.49505481502457,41.556510154089004,20102000
2017-02-17,41.955474853515625,41.974804190248214,41.619949027165205,41.69577659344756,29224000
2017-02-21,42.09028244018555,42.23549446514243,41.95547619308204,42.02684576320654,25206000
2017-02-22,42.1938591003418,42.314289328460646,41.963400639631736,42.02733642384717,24488000
2017-02-23,42.1760139465332,42.25630328259752,41.754750161082434,42.179980392493995,27734000
2017-02-24,42.017913818359375,42.04517226224547,41.77754493531882,42.00998470796554,26924000
2017-02-27,42.110103607177734,42.1596633887827,41.78003024367549,41.87617780808009,20206000
2017-02-28,41.875179290771484,42.06846884823217,41.70221351451448,41.9951179586377,27662000
2017-03-01,42.46098709106445,42.522937755754555,42.07788287989889,42.19484576508315,36374000
2017-03-02,42.119022369384766,42.44810505868525,42.063019477216024,42.43918150014645,25018000
2017-03-03,42.08086395263672,42.167101081193,41.86428613663956,42.07392550694457,20100000
2017-03-06,41.99114990234375,42.073915898568124,41.688830360010904,41.97082990308797,20958000
2017-03-07,42.18345260620117,42.2914957329891,41.90442879241726,41.99066213564976,20774000
2017-03-08,42.306854248046875,42.46990958767922,42.188405356055995,42.28108180190598,20576000
2017-03-09,42.51500701904297,42.65724702285325,42.25877990388001,42.309334129275925,26954000
2017-03-10,42.69194793701172,42.83170752261373,42.50361922968854,42.755879950251234,26732000
2017-03-13,42.84905242919922,42.97543044694041,42.66270506815027,42.66320040131378,23332000
2017-03-14,42.91497039794922,42.99773641191834,42.62850901468363,42.80791793381227,21234000
2017-03-15,43.03786849975586,43.111714720328585,42.68648451215611,43.01556716801301,26658000
2017-03-16,43.11766815185547,43.25197905533206,42.994757472865295,43.14393593278652,22090000
2017-03-17,43.23512268066406,43.33672268255569,43.03687978899395,43.30004534655462,37366000
2017-03-20,43.01408386230469,43.13451408619213,42.85350897006519,43.09189275232527,30844000
2017-03-21,42.13339614868164,43.28964360204581,42.011971468197636,43.12064047188316,50760000
2017-03-22,42.11654281616211,42.391603926924134,41.977770146891686,42.10068081383004,27334000
2017-03-23,41.61350631713867,41.714611000215434,41.283932047856474,41.69974344294486,65754000
2017-03-24,41.389984130859375,41.82909124642192,41.09064035218255,41.72996791020843,42114000
2017-03-27,41.557003021240234,41.699243026638804,40.852749001209965,41.040582339191225,38692000
2017-03-28,41.662078857421875,41.8984813345581,41.24774968422958,41.61549107218499,30384000
2017-03-29,42.12001037597656,42.20525304165275,41.69924193042801,41.76714037558182,29146000
2017-03-30,42.10068130493164,42.22557330568013,41.96637419422664,42.224582639491935,18988000
2017-03-31,42.01742172241211,42.10464950580158,41.89054838399907,41.96934794210027,28820000
2017-04-03,42.46098709106445,42.57249753127294,42.004036659110454,42.06450132458039,39388000
2017-04-04,42.25382995605469,42.27514062450229,42.003051484895956,42.02733793334148,26970000
2017-04-05,42.07242965698242,42.65129629415103,42.003540549370165,42.359881643309805,37104000
2017-04-06,41.88361740112305,42.304385941801364,41.829100499438105,42.101681226693316,30672000
2017-04-07,41.734920501708984,41.9222584822829,41.497032082901285,41.87864648777408,22232000
2017-04-10,41.71510314941406,41.96489094846952,41.67000514788011,41.70717403821957,20924000
2017-04-11,41.624908447265625,41.860320270885,41.36322884005377,41.71510824251515,19486000
2017-04-12,41.70320510864258,41.8152108771312,41.51140534473111,41.554522007281776,22716000
2017-04-13,41.63976287841797,41.81570441476835,41.524289783522,41.68238420608644,21474000
2017-04-17,42.380699157714844,42.40597626996582,41.68189382198905,41.69924182363564,20982000
2017-04-18,42.32420349121094,42.4927074999402,42.188406593053166,42.2523385960061,18724000
2017-04-19,42.449092864990234,42.63196908518163,42.30140041878583,42.492704863825914,21606000
2017-04-20,42.62602996826172,42.8168353208891,42.49816217448026,42.60917729780355,23776000
2017-04-21,42.57002258300781,42.74299215834196,42.50956169089735,42.65278859097566,23458000
2017-04-24,43.56024169921875,43.611291260570106,42.924876763872255,43.04035366215166,33930000
2017-04-25,44.051387786865234,44.220387126029934,43.577588431366124,43.72527710321832,40760000
2017-04-26,44.066253662109375,44.25706277559072,43.868506104159046,44.17776410670597,26466000
2017-04-27,44.180240631103516,44.276388187176515,43.96911529915087,44.108874854270034,46846000
2017-04-28,45.8197135925293,46.38370901612631,45.7552824685737,46.041743850667366,76918000
2017-05-01,46.23106002807617,46.37974315493096,45.63534441672078,45.80137176571286,46556000
2017-05-02,46.44268035888672,46.735089474021684,46.140856133815674,46.25336102579873,35026000
2017-05-03,47.00569534301758,47.092424020377074,46.34951502561386,46.39114569822702,36496000
2017-05-04,47.316436767578125,47.53549501041145,46.95216651180298,47.096883191610345,38752000
2017-05-05,47.09638595581055,47.50080086615173,46.988342838162104,47.41555441527387,32310000
2017-05-08,47.51319122314453,47.627178336887035,46.95365008738095,46.956130534094115,37534000
2017-05-09,47.41505432128906,47.68714342054788,47.30057188464793,47.6440267569082,33758000
2017-05-10,47.322383880615234,47.415060330649936,47.07458119479416,47.39077766389666,22920000
2017-05-11,47.374420166015625,47.478500621135034,47.013621029653855,47.14644214957609,20622000
2017-05-12,47.33725357055664,47.478003808483805,47.18460777469591,47.471564477536305,24298000
2017-05-15,47.539451599121094,47.711922037088755,47.22226449984337,47.34467982944683,26754000
2017-05-16,47.806583404541016,47.87051540098594,47.59545808200146,47.754051631024964,22030000
2017-05-17,46.6944465637207,47.62717384443515,46.58987078891105,47.56324184890123,48982000
2017-05-18,47.1072883605957,47.28966924747286,46.64984258180071,46.74549480420257,36010000
2017-05-19,47.31296157836914,47.55630624850174,47.18162646684459,47.222266467381985,27206000
2017-05-22,47.77983093261719,47.81700360809584,47.407631531666986,47.42943753507309,27748000
2017-05-23,48.100975036621094,48.2972328096382,47.801132150861164,48.071735260134865,30908000
2017-05-24,48.45087432861328,48.47614765995493,48.15450254766027,48.33440677146404,22660000
2017-05-25,49.1571159362793,49.3513961881127,48.46128628439158,48.51976962755554,39082000
2017-05-26,49.226993560791016,49.38162067313246,48.93408910951656,49.164048445636034,32728000
2017-05-30,49.37071990966797,49.44258480776615,49.13233610978371,49.18883433704789,30324000
2017-05-31,48.92070770263672,49.54070971552412,48.6525850301285,49.37270104668252,34482000
2017-06-01,48.98018264770508,49.22055154658194,48.6332566316464,49.11250843007246,26128000
2017-06-02,49.36823654174805,49.38607987585754,48.91971433533389,48.99504655518206,34710000
2017-06-05,49.752830505371094,49.92728228920803,49.33503404259115,49.45596338239809,27578000
2017-06-06,49.39599609375,49.98725369866325,49.30282431006738,49.72458345521274,31042000
2017-06-07,49.63487243652344,49.7543119849825,49.35584489318457,49.51542910689594,27482000
2017-06-08,49.77265930175781,49.838077308184594,49.39302614394868,49.77017885483475,33758000
2017-06-09,48.07966613769531,49.833118842679596,47.249525674177555,49.83262350957983,72958000
2017-06-12,47.667823791503906,47.97460517358711,46.4283149340326,47.51468265762968,84042000
2017-06-13,48.09850311279297,48.46574536436495,47.67773085261854,48.1748260077312,40108000
2017-06-14,47.971134185791016,48.55446272253995,47.55383300799321,48.34630935739249,30110000
2017-06-15,47.587032318115234,47.611814097531266,46.60524053131179,46.9843783131313,48552000
2017-06-16,47.50971984863281,47.5756369634385,47.01808094434901,47.474532292252285,51184000
2017-06-19,48.33243179321289,48.53463737637281,47.98451507530999,48.05637619519245,29376000
2017-06-20,48.02366256713867,48.60847701590778,47.98450856580027,48.33688323433996,25946000
2017-06-21,48.49943923950195,48.5470176806642,48.04645527294094,48.11286771358098,23232000
2017-06-22,48.401817321777344,48.59411246483816,48.237771294136685,48.41420443221991,20190000
2017-06-23,48.87115478515625,48.89742256780183,48.29476469113797,48.346309590090705,31280000
2017-06-26,48.177303314208984,49.262680308890175,48.09007552690407,49.06493273333544,30358000
2017-06-27,46.98784637451172,47.93594040091605,46.93828659607867,47.65741195055095,48872000
2017-06-28,47.628170013427734,47.73868979775251,46.39659038252832,47.115220428367884,54912000
2017-06-29,46.47886276245117,47.164781941774216,46.071475834382085,47.14941905217096,64134000
2017-06-30,46.075439453125,46.83470570190707,46.07196834020589,46.784650589899336,45754000
2017-07-03,45.56893539428711,46.30144241116762,45.36325869183149,46.25088817802429,33896000
2017-07-05,46.20330810546875,46.403037021660886,45.52779845784765,45.80385027308447,41882000
2017-07-06,45.976810455322266,46.3955975731588,45.58825756221596,45.84349401015739,40298000
2017-07-07,46.627052307128906,46.81786144499741,46.08089267547793,46.140366684742816,33266000
2017-07-10,47.1320686340332,47.23763508563493,46.68354639151031,46.68354639151031,29030000
2017-07-11,47.257450103759766,47.32485321033794,46.84064813802323,47.10827545096483,29224000
2017-07-12,47.95774841308594,48.05538197474087,47.4314172673037,47.62073661196505,32042000
2017-07-13,48.016727447509766,48.504899040636,47.8160078771605,48.113370343647155,30492000
2017-07-14,48.41618728637695,48.44740839936554,48.081156801169975,48.27196593581249,21592000
2017-07-17,48.369102478027344,48.735354063417695,48.113370679440635,48.38694581423202,33210000
2017-07-18,48.91376876831055,49.107054547975494,48.174822539030025,48.24024053805157,28266000
2017-07-19,49.202213287353516,49.34246818180392,48.91674260498172,49.06542572469646,28242000
2017-07-20,49.1734733581543,49.495118512014514,48.79829819261832,49.41185716730162,28368000
2017-07-21,49.25524139404297,49.31818272639614,48.77598961873557,49.01536783984661,29266000
2017-07-24,49.47677993774414,49.86731796445462,49.07831279991383,49.26813125834335,79690000
2017-07-25,48.0256462097168,48.407260673759815,47.76644330533619,48.108412214209615,118672000
2017-07-26,47.841285705566406,48.26948800003686,47.589520331292526,48.211503769373486,44432000
2017-07-27,47.20690155029297,48.04992818691261,46.441192246690896,48.03307551901065,74358000
2017-07-28,47.49534225463867,47.66682201919209,46.850063193545665,46.98288807434725,36276000
2017-07-31,46.8594856262207,47.637090512680594,46.67263917948342,47.57811184474154,45670000
2017-08-01,46.91202163696289,47.30503633750342,46.83272674293715,46.97397230902038,28052000
2017-08-02,46.965545654296875,47.037905881065036,46.216189846116826,47.001723877096566,40788000
2017-08-03,46.60176467895508,47.082502413851856,46.55914335012263,47.03789975284161,22478000
2017-08-04,46.87385940551758,46.96058807274835,46.5769922859456,46.78266517801303,25092000
2017-08-07,46.87187576293945,47.0309684423769,46.760365312332446,46.95959888030009,28916000
2017-08-08,46.79456329345703,47.20591666242113,46.709815954008626,46.79952040593715,30102000
2017-08-09,46.59086608886719,46.77324696945732,46.28557076441291,46.51008142423626,28018000
2017-08-10,45.773616790771484,46.40352927799407,45.68391234009637,46.33910194132853,54148000
2017-08-11,46.095760345458984,46.25782124152637,45.65615787607751,45.77956388319256,32334000
2017-08-14,46.533878326416016,46.638450343479775,46.313829400141685,46.540816772008725,23012000
2017-08-15,46.49174499511719,46.73905233162708,46.42037921774103,46.63794766270363,22130000
2017-08-16,46.79852294921875,47.07754670830933,46.58887984893799,46.648849179622154,26906000
2017-08-17,45.9753303527832,46.77573202186502,45.974339686463125,46.7331106830869,33914000
2017-08-18,45.90196990966797,46.141843450178975,45.76667214289099,45.94161924124316,26748000
2017-08-21,45.63881301879883,46.004569286131236,45.52631189483711,45.881662384831344,26024000
2017-08-22,46.606727600097656,46.684041157520184,45.90147912960223,45.94063313200406,35502000
2017-08-23,46.71476745605469,46.85601300483847,46.35099257954976,46.43821657417817,22690000
2017-08-24,46.43277359008789,46.89963073895669,46.12797356117121,46.77077606353896,25892000
2017-08-25,46.11608123779297,46.62308305137097,46.09625656923257,46.54775082330902,23746000
2017-08-28,45.99863052368164,46.33167593511439,45.89851649826719,46.184482567990706,20988000
2017-08-29,46.37627029418945,46.49719963613234,45.56149646952126,45.593216694946776,23172000
2017-08-30,46.766815185546875,46.87733498589355,46.292025087694384,46.37231443870062,22406000
2017-08-31,47.34220886230469,47.43934709229802,46.89665860177395,46.89913526742773,33866000
2017-09-01,47.181129455566406,47.49534455833292,47.09638212586357,47.452723226944414,20858000
2017-09-05,46.660255432128906,47.15139902026593,46.368836965392624,46.92688833685799,29148000
2017-09-06,46.6870231628418,46.80993006943579,46.22412486045601,46.77870895490736,27830000
2017-09-07,47.077056884765625,47.10729111075989,46.46448862786199,46.79753775990316,22332000
2017-09-08,46.65678405761719,47.11720186485649,46.58739960906142,47.0676420846265,19998000
2017-09-11,46.749961853027344,47.215333013693765,46.636466283147236,46.94374298511641,26748000
2017-09-12,46.916481018066406,46.98784679715842,46.463001668046026,46.92986257429225,25696000
2017-09-13,47.10431671142578,47.2237600572142,46.821821798411804,46.8594898034371,21908000
2017-09-14,46.59334945678711,46.98487816597808,46.50562633537142,46.88426882051995,28548000
2017-09-15,46.35347366333008,46.67363657303879,46.15324942942074,46.591365901284604,39886000
2017-09-18,46.07890701293945,46.43128169350393,45.86331989401225,46.3395959130257,29474000
2017-09-19,46.43128204345703,46.484808269052216,45.9257662424894,46.26030137129054,24854000
2017-09-20,46.96058654785156,47.08250654852219,46.462999883410056,46.47440010677012,40080000
2017-09-21,46.961082458496094,47.221276017276935,46.55617601288195,46.9898306837938,27414000
2017-09-22,46.748470306396484,47.082510110205874,46.62853541017346,46.72418763974419,21496000
2017-09-25,46.30341720581055,46.574511879532245,45.819208299770416,46.5596443240609,37468000
2017-09-26,46.459529876708984,46.789107884135284,46.345047431969284,46.422856321484545,33454000
2017-09-27,47.573158264160156,47.84722872867903,46.68354753517249,46.72270153900915,46692000
2017-09-28,47.81650161743164,47.88439628409451,47.357569818764226,47.39226204234586,28018000
2017-09-29,48.258079528808594,48.36166085381155,47.87547066867867,47.87547066867867,40622000
2017-10-02,47.94832992553711,48.45731681381766,47.67475481398698,48.35373548080953,30782000
2017-10-03,48.17680358886719,48.1946469236786,47.71242314353376,47.95278825279981,21666000
2017-10-04,47.91413116455078,48.29178292744231,47.85614316495423,48.16094315500886,21156000
2017-10-05,48.826541900634766,48.8919636820472,48.08710032444512,48.211992327684776,35618000
2017-10-06,49.245330810546875,49.27606036995151,48.49547964964476,48.56932587767139,31060000
2017-10-09,49.179420471191406,49.583336297976615,49.139275798855124,49.31273693132446,25910000
2017-10-10,48.95589065551758,49.43514239965951,48.62433134690614,49.32759462844103,23268000
2017-10-11,49.840553283691406,49.935710176474416,48.962834362733496,49.01735125378274,36300000
2017-10-12,49.840553283691406,50.13246329242307,49.61505194173031,49.75084883624707,30614000
2017-10-13,49.95058059692383,50.29205040405746,49.91043592599392,50.012035936155605,26552000
2017-10-16,50.023921966552734,50.15525707439045,49.63586442114256,50.037798855070164,21420000
2017-10-17,50.10569763183594,50.28213451911361,49.86037541575914,49.92926452572682,20260000
2017-10-18,50.19194412231445,50.36887259456664,49.824202724268666,50.108187441923405,25596000
2017-10-19,49.651729583740234,49.923323395125706,49.42672733753675,49.79595093410311,34284000
2017-10-20,49.811805725097656,49.98922949530134,49.67303305944872,49.90993461038474,32120000
2017-10-23,48.843894958496094,49.84749664856706,48.72296560757115,49.81726242025126,32786000
2017-10-24,48.99009323120117,49.02825656773262,48.42460809612858,48.891469005822216,28902000
2017-10-25,49.137290954589844,49.28448429480109,48.456328916502514,48.88006938259667,30574000
2017-10-26,49.13530731201172,49.88317715493495,49.0882241963319,49.484710009370325,47396000
2017-10-27,51.2292366027832,52.713575987038055,50.891234147373915,51.096415488228466,103682000
2017-10-30,51.20248031616211,51.534535012877924,50.6672255989322,51.00572340757499,46804000
2017-10-31,51.19801330566406,51.59251396763204,50.86397352936857,51.196031973325574,30326000
2017-11-01,51.67182159423828,51.93251052635454,51.245600635111906,51.36058221054593,43262000
2017-11-02,51.69014358520508,51.81652535436206,50.98093253475749,51.54245493269483,26694000
2017-11-03,52.03806686401367,52.07127308823468,51.426489282121246,51.67924907152025,27770000
2017-11-06,51.67578125,52.16692863755034,51.64207969052231,51.99396284188696,18294000
2017-11-07,52.15700912475586,52.20756334943177,51.691638013595565,52.021212234328715,26104000
2017-11-08,52.44941711425781,52.66748088604285,51.89235645676563,52.041035785550626,24276000
2017-11-09,51.925567626953125,52.08217608112281,51.33728202346956,51.93944451687545,35892000
2017-11-10,51.7486457824707,51.87155648394352,51.60343374225159,51.7347688897615,19442000
2017-11-13,51.60243225097656,51.97611760928071,51.506284688636356,51.58260758252644,18814000
2017-11-14,51.624229431152344,51.65694031756435,51.014137936229595,51.42995300717261,21012000
2017-11-15,51.36503601074219,51.524620245493345,51.08501776435594,51.29515622772036,18106000
2017-11-16,51.96273422241211,52.12578956238235,51.443836872626704,51.48100576143099,23768000
2017-11-17,51.33926010131836,52.088120557690495,51.23221143491921,52.0286503367472,26712000
2017-11-20,51.27830505371094,51.47852928321402,51.18017238080679,51.34471372069416,17526000
2017-11-21,52.053428649902344,52.057890428967546,51.50033441723994,51.54493708321717,22206000
2017-11-22,52.13372039794922,52.307676853178165,51.902271269987224,52.09605239362389,14538000
2017-11-24,52.361690521240234,52.5376320636113,52.1337125406643,52.256127864518575,16492000
2017-11-27,53.129390716552734,53.180440279049044,52.274967522851114,52.463299987766014,35430000
2017-11-28,52.69721984863281,53.525375168035886,52.26356518870659,53.227517395810125,36424000
2017-11-29,51.413108825683594,52.473208670871344,51.03000457792416,52.344845550400976,55866000
2017-11-30,51.3531379699707,51.74813776329169,51.05082218501505,51.53998442368206,45092000
2017-12-01,50.80302047729492,51.406169840541914,50.39811023297362,51.06767204538539,37762000
2017-12-04,50.14881896972656,51.113765713436614,50.01748384877724,50.938319475973366,38778000
2017-12-05,50.53192138671875,51.37841542120458,49.675516908877654,50.10520514712618,38998000
2017-12-06,51.18215560913086,51.52213938592594,50.31930427272085,50.37927360709186,28710000
2017-12-07,51.769447326660156,51.9850344394333,51.312995988568474,51.34818354419263,30866000
2017-12-08,52.00783920288086,52.356742789506576,51.83338362839903,52.12826943495088,31170000
2017-12-11,52.13618850708008,52.335917376576866,51.747140324288935,52.0935671785244,23254000
2017-12-12,51.97760009765625,52.65806676609606,51.78431431978478,52.03856009825964,33882000
2017-12-13,52.10744857788086,52.310149463176465,51.86906102351684,52.14164546652833,27680000
2017-12-14,52.40877914428711,52.885055154028365,52.216979361863125,52.310650254125115,30962000
2017-12-15,53.12889862060547,53.28997264810596,52.53863541872298,52.721511667932155,63760000
2017-12-18,53.77764129638672,53.84702574165754,53.04811017368036,53.34943528692706,30292000
2017-12-19,53.51447677612305,53.77169836105772,53.142277403623225,53.675055462071356,26350000
2017-12-20,53.206214904785156,53.58634340096725,52.96039353652639,53.57098051074336,28728000
2017-12-21,53.071895599365234,53.40246425930516,52.98020982451567,53.296901595899925,25640000
2017-12-22,52.97327423095703,53.11501512261684,52.912809561519595,53.0297724543786,17788000
2017-12-26,52.8240966796875,52.973275132812894,52.466764883481666,52.96237024196014,18376000
2017-12-27,52.5440788269043,52.94403574205219,52.45387904424233,52.86126973732832,22324000
2017-12-28,52.33345031738281,52.77404346668098,52.20607786020906,52.64568034324291,19884000
2017-12-29,52.20706558227539,52.437524035474915,52.17237335913628,52.31065069975723,23606000
2018-01-02,53.188865661621094,53.32614856646089,52.188239770212455,52.188239770212455,31766000
2018-01-03,54.096317291259766,54.32330464034864,53.19976811908015,53.22454611875664,31318000
2018-01-04,54.306453704833984,54.71879774680064,54.23211592226178,54.37237082403954,26052000
2018-01-05,55.02656555175781,55.18962089008967,54.60579709757864,54.687572433295145,30250000
2018-01-08,55.220848083496094,55.466174117671756,55.012199389859326,55.06175917361636,24644000
2018-01-09,55.15047073364258,55.43048898324234,54.92298804577905,55.43048898324234,26808000
2018-01-10,55.019126892089844,55.14996666139278,54.71383535743911,54.86350534525283,20734000
2018-01-11,55.113800048828125,55.252568957438264,54.83774823109242,55.12668627336609,22424000
2018-01-12,56.035621643066406,56.06783342050424,54.91357113017225,55.01715246966422,38586000
2018-01-16,56.03809356689453,56.93910443488251,55.83786934969371,56.51436955500882,36462000
2018-01-17,56.454402923583984,56.465304032249215,55.680760732345256,56.318606039573176,27830000
2018-01-18,56.299285888671875,56.52825458200741,55.72884359734377,56.46679924103173,27498000
2018-01-19,56.67247009277344,56.68634698184861,56.1273049728908,56.4013754227098,30552000
2018-01-22,57.69639587402344,57.83120210982273,56.589212884694064,56.68833622900795,29550000
2018-01-23,58.29161834716797,58.40759058474684,57.84953918024248,58.016557200720996,39138000
2018-01-24,58.04975891113281,58.83083495210644,57.85696845704402,58.72824427996772,37128000
2018-01-25,58.58749008178711,58.72923475649011,58.077017169481415,58.51661963502001,29984000
2018-01-26,58.85611343383789,58.85611343383789,57.88819841379726,58.85462743436575,42170000
2018-01-29,58.802589416503906,59.37352703561722,58.68265073457222,58.87792164727707,31494000
2018-01-30,58.35109329223633,58.87445247861169,58.20934860377252,58.36844129636234,37338000
2018-01-31,58.59145736694336,58.7946573810183,58.08990422464767,58.67025692580681,36022000
2018-02-01,58.56023025512695,58.85065804242788,57.954105130048816,58.282692471951954,73514000
2018-02-02,55.4681510925293,56.06783312556541,55.07017929193355,55.87553800351339,117842000
2018-02-05,52.65261459350586,55.259499723983964,52.372600149388894,54.54681749515331,83550000
2018-02-06,53.74493408203125,53.89113676019656,51.04784896541088,51.24460587228022,76630000
2018-02-07,52.30669021606445,53.849013994001,52.267536209355555,53.77170042807373,51942000
2018-02-08,49.94265365600586,52.72894425301344,49.79347519024082,52.527729337653724,66792000
2018-02-09,51.853702545166016,52.12380656455772,49.41185391718766,50.84316246892013,98360000
2018-02-12,52.264556884765625,52.81021733055884,51.81504399503664,52.369128884549816,56240000
2018-02-13,52.24374771118164,52.59463642076135,51.885920556337666,52.038566352151555,31586000
2018-02-14,53.1635856628418,53.30086856023521,52.02865270819885,52.2526642754772,41304000
2018-02-15,54.0883903503418,54.22418725497885,52.89249355221588,53.696366307379144,37396000
2018-02-16,54.29357147216797,54.928441093507054,54.09780522751951,54.18850034754381,39948000
2018-02-20,54.69451141357422,55.323928544569256,54.02098316796261,54.1577707285977,33754000
2018-02-21,55.19804763793945,56.310683045823986,54.88878961731304,54.96759295771181,41486000
2018-02-22,55.00723648071289,55.7783982807117,54.77182469679677,55.466663605995095,28010000
2018-02-23,55.90874099731445,55.953842776520204,54.934878334242946,55.44138477568381,25292000
2018-02-26,56.6823844909668,56.7071624894378,55.97069291882995,56.095584920889664,30912000
2018-02-27,55.3843994140625,56.70965005347081,55.34871652059115,56.68239160491353,42964000
2018-02-28,54.71086502075195,55.88693706230646,54.66527168794247,55.606918829221456,49292000
2018-03-01,53.09965896606445,55.07514217203214,52.895468265487246,54.989404159817994,55338000
2018-03-02,53.730560302734375,53.86685253316526,52.04401532071384,52.43405422890185,50162000
2018-03-05,54.25689697265625,54.57507479969174,53.142280130528704,53.432707956701265,28648000
2018-03-06,54.56119155883789,54.79561646049672,54.24400443505079,54.62066556248626,23382000
2018-03-07,55.26198196411133,55.31947463918113,54.01652538501281,54.16074673407645,30748000
2018-03-08,55.972679138183594,56.07477069501771,55.36903066846734,55.36903066846734,33862000
2018-03-09,57.53185272216797,57.53978183323075,56.216021089643974,56.47422954756245,42662000
2018-03-12,57.78411102294922,58.390236104962916,57.45056659256767,57.74049524500006,44306000
2018-03-13,56.49455261230469,58.382316383974455,56.22990102832798,58.076525680760305,43140000
2018-03-14,56.939605712890625,57.478327755534465,56.615480131437934,56.78646459024372,41870000
2018-03-15,57.02484893798828,57.61412521487739,56.28392131753864,56.97330782386672,33382000
2018-03-16,56.22246170043945,57.33212127129546,56.07080658724937,57.25976482754346,58656000
2018-03-19,54.52005386352539,55.47656845823464,53.96745123410832,55.396778243750774,63656000
2018-03-20,54.308433532714844,54.791647978247894,53.64531108359431,54.437288197411235,54598000
2018-03-21,54.2192268371582,54.947767317272806,53.88271037610836,54.14835639030033,44898000
2018-03-22,52.194679260253906,53.71965488321748,52.02071902766322,53.525873763821735,69312000
2018-03-23,50.876365661621094,52.87018724864738,50.793104327347784,52.106459236876645,49880000
2018-03-26,52.241268157958984,52.49799441829779,50.08489008099328,52.068302356543015,65984000
2018-03-27,49.904483795166016,52.75917158759347,49.442580015524115,52.727451363889806,60816000
2018-03-28,49.81725311279297,50.79904861709477,48.76756294838486,49.65519223441491,77698000
2018-03-29,51.40121078491211,51.94191790581363,49.76075831645837,50.116108767613646,69338000
2018-04-02,50.18648910522461,51.519668821090185,49.275567664237,50.92940186086332,65068000
2018-04-03,50.48632049560547,50.79954493103003,49.424239421785515,50.360933167288586,51322000
2018-04-04,51.03297805786133,51.183147172381375,49.387568471925825,49.47281113887131,50724000
2018-04-05,51.17818832397461,51.87550386777479,50.749986109043334,51.859645646827275,35836000
2018-04-06,50.05365753173828,51.344707192334425,49.870282213558525,50.705375915682524,40134000
2018-04-09,50.556209564208984,51.77044120931999,50.512098447787814,50.553729117408686,33220000
2018-04-10,51.36948776245117,51.602918180866226,50.32425565760157,51.060229797087146,36620000
2018-04-11,50.802520751953125,51.33827077452912,50.512096740674785,51.14647098841187,34060000
2018-04-12,51.40864562988281,51.77341119861868,50.85158872405354,51.120206733658335,32896000
2018-04-13,51.34669494628906,52.18625053198667,51.05478493722999,51.88443007962059,25410000
2018-04-16,51.84527587890625,52.109432108293085,51.24162741414493,51.81801743345529,29776000
2018-04-17,53.493656158447266,53.77317905066144,52.38994437395432,52.59363971012571,54584000
2018-04-18,53.296905517578125,53.62449842197895,53.055545949331936,53.4763144158446,31126000
2018-04-19,53.99372863769531,54.39318645789656,52.981207196880035,52.981207196880035,39884000
2018-04-20,53.39255905151367,54.256397339384904,53.13385147438286,53.737004633781005,42434000
2018-04-23,53.218597412109375,53.92186456234119,52.86523206167622,53.67306743548572,69590000
2018-04-24,50.68257522583008,52.75668198588187,50.197874864582104,52.494507141529425,128220000
2018-04-25,50.69993209838867,51.34818321298187,50.40355653776733,51.03495876488472,57860000
2018-04-26,51.70699691772461,52.13867022073189,50.5740416651636,51.20692984168208,50926000
2018-04-27,51.11921310424805,52.12281471272985,50.92791243030771,51.817523142474215,40746000
2018-04-30,50.48137283325195,51.462174019328494,50.467495943333255,51.26641156108306,34492000
2018-05-01,51.58012771606445,51.62869683090459,50.08637315111999,50.36837272953787,35326000
2018-05-02,50.851593017578125,51.740213124323994,50.7083623330023,51.24559839757205,34698000
2018-05-03,50.86397933959961,51.081551585996564,49.9515719123334,50.817890670453565,39282000
2018-05-04,52.08812713623047,52.1317429224219,50.45510823966092,50.53242180535284,36892000
2018-05-07,52.50740432739258,52.78197011656023,52.05194364303157,52.23135253889775,34400000
2018-05-08,52.46428680419922,52.79336947934582,52.11984124058492,52.76313525434269,26030000
2018-05-09,53.96894073486328,54.219223846406585,52.63873696716326,52.73736496875704,47160000
2018-05-10,54.787681579589844,54.98295247150408,54.2132766896246,54.26878424521396,36414000
2018-05-11,54.684104919433594,54.9631325016699,54.37881333760094,54.53691157415763,30504000
2018-05-14,54.843692779541016,55.41611638442286,54.75448366052248,54.79264321755783,39338000
2018-05-15,53.76673889160156,54.47297804789163,53.46491465013553,54.362953596565845,35738000
2018-05-16,53.72808074951172,54.238062122596546,53.606164520940055,53.777644311342726,25628000
2018-05-17,53.587825775146484,54.07054491983229,53.347952202175854,53.59773999996606,25738000
2018-05-18,53.011932373046875,53.21463706086121,52.76611479652991,52.83153280104177,35482000
2018-05-21,53.72411346435547,54.18453123601435,53.42625569170418,53.475815468104265,25180000
2018-05-22,53.292938232421875,54.11019248640515,53.141778448804516,54.011072928465694,22226000
2018-05-23,53.82075881958008,53.921863490513566,52.879107900126776,53.0297723497328,23740000
2018-05-24,53.79548263549805,53.878248639472716,53.14376416142113,53.86734752980763,20604000
2018-05-25,53.72758483886719,53.9996739682127,53.65423772549646,53.85000018041669,22224000
2018-05-29,52.93412399291992,53.59179406340652,52.68681663341842,53.3271387004589,36076000
2018-05-30,53.39999008178711,53.47532230619452,52.85878762173306,53.20224252007157,28686000
2018-05-31,54.51659393310547,55.01219933249733,53.426263566911004,53.62450270173245,79368000
2018-06-01,56.2512092590332,56.40782149302613,55.11181073347112,55.154435850296785,63202000
2018-06-04,57.14528274536133,57.384165656018176,56.35032978563712,56.424671348332794,44754000
2018-06-05,57.045162200927734,57.54473396634421,56.868729096833015,57.22556553196357,32964000
2018-06-06,56.84345626831055,57.228046509321615,56.31662980054046,57.13189894906885,34934000
2018-06-07,56.22246170043945,56.78992815157707,55.81110836035895,56.72599615163148,36108000
2018-06-08,56.13771438598633,56.438544165818186,55.667877709860555,56.06337282865508,27284000
2018-06-11,56.543609619140625,56.88260650430894,56.07278607365033,56.14910896082906,24796000
2018-06-12,56.904911041259766,56.93266481997874,56.54956058210027,56.54956058210027,26092000
2018-06-13,56.70864486694336,57.27413373412868,56.66651886918127,57.107607294182515,34302000
2018-06-14,57.495670318603516,57.78708498011049,57.02434765664887,57.104141656931496,35422000
2018-06-15,57.454044342041016,57.68400368958751,57.17749721277033,57.486256119697735,44438000
2018-06-18,58.65885925292969,58.68611769860797,57.0441754086609,57.12793207813234,33038000
2018-06-19,58.41651153564453,58.62069843929563,57.57001746502966,57.99128127723076,47282000
2018-06-20,58.68313980102539,59.5464864732717,58.58203891404472,58.64498024715416,51686000
2018-06-21,57.95807647705078,58.99339458739678,57.662695333764326,58.754515452893465,44966000
2018-06-22,57.95063781738281,58.23362804592787,57.47287202628179,58.05967159828559,34220000
2018-06-25,56.46332550048828,57.29148083846557,55.50284060341305,57.24241639411734,57682000
2018-06-26,56.13325500488281,56.83949037677736,55.95384610589819,56.70419259344681,34688000
2018-06-27,55.356143951416016,56.80678177537347,55.34424839456659,56.300766869024145,34538000
2018-06-28,55.84382629394531,56.20165345540346,54.817427927842076,55.13064863682308,29726000
2018-06-29,55.96326446533203,56.5664176474054,55.855720455022464,56.117895373904204,31562000
2018-07-02,56.60358428955078,56.64720007288589,54.84369215844048,55.277346857975495,23216000
2018-07-03,55.32343292236328,56.990153192018866,55.23174714303591,56.96587052644478,16448000
2018-07-05,56.56293869018555,56.704188021878046,55.66242315487068,55.735774043228716,28594000
2018-07-06,57.24638748168945,57.301895041910846,56.3622254020404,56.58673608975874,21820000
2018-07-09,57.85102081298828,57.88323637131992,57.35293878806448,57.49022168434929,21584000
2018-07-10,57.84408187866211,58.1592876710228,57.61709453525378,57.985331219841854,21334000
2018-07-11,58.05818557739258,58.50323669665481,57.260756002731064,57.273143111418285,33252000
2018-07-12,59.535091400146484,59.57126962478235,58.139465717153676,58.22669350395603,44148000
2018-07-13,59.69170379638672,59.990056934189376,59.23921508657484,59.611414454417236,32612000
2018-07-16,59.29967498779297,59.904314107248204,59.145539428186986,59.661464768340004,26784000
2018-07-17,60.12089538574219,60.40239962833497,58.580553053225884,58.61723039144601,40162000
2018-07-18,60.11246109008789,60.54264460405268,59.69863112888654,59.89538421976426,38948000
2018-07-19,59.428035736083984,60.28939726800395,59.36013729300515,59.802216391462835,38338000
2018-07-20,59.36758041381836,60.00641649782446,59.30364462528399,59.43498353442949,37938000
2018-07-23,60.01780700683594,60.22100701488412,59.07665142062006,59.25755009544405,65446000
2018-07-24,62.35458755493164,63.18968134945834,61.660243984113876,62.99143845565767,107600000
2018-07-25,63.23626708984375,63.35025419781453,61.90358288080689,62.08051510210579,51104000
2018-07-26,63.71007537841797,63.80424161394269,62.594963233739726,62.80212592695883,54686000
2018-07-27,62.093902587890625,64.00445919209274,61.67759210645797,63.88948140697358,48362000
2018-07-30,60.96144104003906,62.09390111054303,60.67052168990716,61.705344418372555,43896000
2018-07-31,60.821678161621094,61.5150310558074,60.275027048471166,61.044203717468605,39382000
2018-08-01,61.10764694213867,61.74746986091492,60.70868447690941,61.41095717984236,36994000
2018-08-02,61.51106643676758,61.673626443923425,60.36770528483681,60.38951128505238,34704000
2018-08-03,61.363868713378906,61.7781940313666,60.930709395164,61.71178158808399,21264000
2018-08-06,61.3395881652832,61.57698507031156,60.98572747853054,61.53485906816259,22114000
2018-08-07,62.24010467529297,62.74760560322747,62.03988043832837,62.050286215151715,42506000
2018-08-08,62.51219177246094,63.027122680520485,62.05573663959463,62.28371464888826,34344000
2018-08-09,62.66731643676758,63.03902046572219,62.451233976820184,62.58157843163508,27326000
2018-08-10,62.07506561279297,62.50574829674128,61.80991871592981,62.405634291518375,26602000
2018-08-13,61.88326644897461,62.74215137879093,61.80347622502818,62.01014356794544,27500000
2018-08-14,62.354095458984375,62.47551635459979,61.432269168947464,62.07457254828527,28080000
2018-08-15,61.069480895996094,62.04879601342514,60.77310911621707,61.667181567651326,37052000
2018-08-16,60.66506576538086,61.63843688187862,60.445512208710426,61.553685768140376,32176000
2018-08-17,60.25817108154297,60.808293277396345,59.670879999956966,60.56495240148501,33092000
2018-08-20,60.56049346923828,60.75675502616927,59.903817915973555,60.49656147030582,22218000
2018-08-21,60.335487365722656,61.096243364971755,60.21753381099704,60.613524255803895,23082000
2018-08-22,60.55058670043945,60.78748449084421,60.12783311785306,60.17739289788937,22296000
2018-08-23,60.521339416503906,61.215682970911885,60.4316349723723,60.45790275071416,24666000
2018-08-24,61.29398727416992,61.32619904762479,60.53422198629805,60.76120930549856,24454000
2018-08-27,62.261417388916016,62.34071606577263,61.48876952855175,61.660249325143624,28580000
2018-08-28,61.74549102783203,62.27578863216442,61.60226034730332,62.24307773941749,27330000
2018-08-29,62.67673110961914,62.80162689915618,62.08943995794666,62.19847374399886,36926000
2018-08-30,62.170711517333984,62.91659613433063,61.812389096354444,62.61477193119815,30104000
2018-08-31,61.048667907714844,62.07704750902124,60.74882500359902,62.06019862087965,42308000
2018-09-04,60.03316879272461,60.85389413951963,59.797757012510694,60.588743467717634,41458000
2018-09-05,59.428035736083984,60.209603268767296,58.25047398684112,59.92958505299374,53988000
2018-09-06,58.67918014526367,59.422588186507085,57.669135421665715,59.401772852100315,46854000
2018-09-07,58.36199188232422,58.905175679976615,57.94964786713791,58.0849456475674,32658000
2018-09-10,58.23659896850586,58.811502973127645,58.01605474527065,58.6895829715161,27670000
2018-09-11,58.976539611816406,59.023622723692185,57.78510471760497,58.0403411629823,29254000
2018-09-12,58.065128326416016,59.01123730597883,57.79551585287817,58.580554595879704,35716000
2018-09-13,58.58749008178711,58.870979431193106,57.94716805181461,58.46656452248184,40068000
2018-09-14,58.381317138671875,58.87791693472183,58.160277576654984,58.87791693472183,24176000
2018-09-17,57.48180389404297,58.57163896517963,57.41390543771375,58.37091937639642,34096000
2018-09-18,57.84260177612305,58.54735499219765,57.561097512456236,57.62205752184302,32314000
2018-09-19,58.19744873046875,58.29656828515363,57.42182517002772,57.93428317441041,25962000
2018-09-20,59.054840087890625,59.175274082529896,58.29557391126962,58.51463212122949,29244000
2018-09-21,58.09089279174805,59.30314304404361,58.08792079313823,59.22087237514745,91222000
2018-09-24,58.45962905883789,58.7386528621229,57.068960478314175,57.46098451686773,31150000
2018-09-25,59.16983413696289,59.31702749144729,58.18853376355927,58.69207206546762,33152000
2018-09-26,59.178245544433594,59.831453722742474,58.749052685823415,59.15991065903872,37650000
2018-09-27,59.8374137878418,60.30823740681557,59.376005280026604,59.47264818207571,36274000
2018-09-28,59.82352828979492,59.89142673427269,59.36509184688279,59.67534051135041,35612000
2018-10-01,59.89539337158203,60.67200764101724,59.630741801659894,60.116932054313466,33164000
2018-10-02,59.851280212402344,60.6878637383328,59.455788895364165,59.80320643636311,40180000
2018-10-03,60.0440788269043,60.175413950732555,59.57919922380104,60.067370827905684,26246000
2018-10-04,58.33621597290039,59.76504393761823,57.68102643325179,59.72192727285249,46576000
2018-10-05,57.87827682495117,58.58054949886521,57.20871504110831,58.283187051995725,31852000
2018-10-08,57.28800964355469,58.27624447067923,56.271026593154595,57.49021518559159,46190000
2018-10-09,56.7552375793457,57.56703939265589,56.705677800090115,57.059538480767145,33690000
2018-10-10,54.12803649902344,56.35132216631771,54.0958209407641,56.32059260740062,58980000
2018-10-11,54.05765151977539,55.31252677728516,53.321677343135946,53.47779422338321,67696000
2018-10-12,55.534568786621094,55.79674371459265,54.27027815115651,55.48996233371312,49370000
2018-10-15,54.63751983642578,55.59701034688683,54.42837204187934,55.40868166822224,30074000
2018-10-16,56.15605163574219,56.31910697940148,55.09892757760867,55.18466558093577,38378000
2018-10-17,55.883968353271484,56.845935552048864,55.210440067368346,56.49901329864756,35652000
2018-10-18,54.41301345825195,56.11987860211233,53.83959915144038,56.00341102889499,46152000
2018-10-19,54.773311614990234,55.554882985612466,54.369395821046425,54.70045983586106,41286000
2018-10-22,55.08009719848633,55.59156081572357,54.51659335115404,55.13659542693072,27116000
2018-10-23,55.25553512573242,55.40868002337412,53.47631372196218,54.084915522979806,37686000
2018-10-24,52.39142990112305,55.34028389764265,52.28933456741099,55.25999456332015,49286000
2018-10-25,54.69451141357422,55.399756102645775,53.304833588221236,53.54024537331576,72956000
2018-10-26,53.71122741699219,55.35911361997111,51.653473883582606,51.955793436127905,106438000
2018-10-29,51.281768798828125,54.95420601595527,49.91736817667203,54.34510514487388,81290000
2018-10-30,52.01427459716797,52.08316370963362,50.25289656485234,50.55224034697912,59768000
2018-10-31,54.04972839355469,54.913075103966314,52.940564118102536,52.940564118102536,70916000
2018-11-01,53.821754455566406,54.5116363181823,53.417339515658476,54.09037248881403,40132000
2018-11-02,53.10361862182617,54.41746888733465,52.91380016975293,53.97142331655281,43438000
2018-11-05,52.32254409790039,53.195801263045176,51.24559536671138,53.15516126022647,45358000
2018-11-06,53.008460998535156,53.516457231001695,52.21747453889714,52.287354317475426,28660000
2018-11-07,54.924964904785156,55.00872157192472,53.55461644355465,53.69834244575057,43388000
2018-11-08,54.25045394897461,54.92398227869099,53.74146697905174,54.8783889402318,33694000
2018-11-09,53.377689361572266,53.939208047606066,52.74529644823808,53.72461159561041,34860000
2018-11-12,52.00684356689453,53.23297454810507,51.560306426195,53.18490076676925,34002000
2018-11-13,51.937950134277344,52.86473345935463,51.56277880648928,52.276947022249765,25750000
2018-11-14,52.26554489135742,52.82111953304196,51.59796447805078,52.53416287872512,34666000
2018-11-15,53.08181381225586,53.469376054780525,51.606889506378266,52.11092309230952,41584000
2018-11-16,52.94403076171875,53.15069808752869,52.281403671972924,52.7933663223199,35366000
2018-11-19,50.91948699951172,52.93065677293835,50.69398942241821,52.70217963465381,45684000
2018-11-20,51.06965255737305,51.41162146001286,49.670064284425,49.92182962513011,54458000
2018-11-21,51.712947845458984,52.271989838240096,51.51619095744244,51.806119620338215,29698000
2018-11-23,51.05230712890625,51.691638471206154,50.97399912574194,51.22081112953466,14178000
2018-11-26,52.33295440673828,52.3854861863496,51.53155834412097,51.74120147294629,31558000
2018-11-27,52.15156173706055,52.86920114576592,51.81554437238424,52.104977734935865,33048000
2018-11-28,54.109703063964844,54.16273396165135,51.6891649292483,52.40829037006148,46042000
2018-11-29,54.24797058105469,54.524022368221154,53.62449744650469,53.7003250046818,31004000
2018-11-30,54.994850158691406,54.994850158691406,53.68298490261027,54.30001497294839,59668000
2018-12-03,55.327396392822266,56.251203924536,55.09792861853993,56.11045370735793,57532000
2018-12-04,52.656585693359375,55.222335716900645,52.57282901926797,55.16038504432092,45630000
2018-12-06,53.43021774291992,53.496630186858056,51.66586401138743,51.79075600770243,47436000
2018-12-07,51.86906051635742,53.7746635898791,51.51172874543162,53.14028938089352,42682000
2018-12-10,52.196163177490234,52.51434095626558,51.19603272852635,51.68866228487641,33652000
2018-12-11,52.615943908691406,53.04959860207512,52.04352031841192,52.87811881343425,33852000
2018-12-12,53.214637756347656,54.10672518413741,53.12740996802285,53.38066510723212,28960000
2018-12-13,53.20521545410156,53.94267948952978,52.78147499288261,53.31078190544962,24986000
2018-12-14,52.1233024597168,53.11500836676661,52.00733024782041,52.53515108845294,36358000
2018-12-17,50.831764221191406,52.65212095785888,50.38472798120905,51.89037426011331,49932000
2018-12-18,51.71195602416992,52.5188006627195,51.071134931743245,51.24559048360209,43640000
2018-12-19,51.31795120239258,53.312763523901886,50.523497386753405,51.90425167522263,58264000
2018-12-20,50.72917556762695,51.91169077294847,49.950084617756865,50.84911046456175,53674000
2018-12-21,49.12687683105469,51.42747585544502,48.6282995178154,51.14845208991037,104656000
2018-12-24,48.8007698059082,50.161203970954325,48.45334848483167,48.78342180498203,36360000
2018-12-26,51.9320068359375,51.96174194605953,49.19626326965174,49.46091860571116,46318000
2018-12-27,52.182281494140625,52.20408749168788,49.90745124437876,50.85901627589332,45996000
2018-12-28,51.8740234375,52.74380951627864,51.64207897069144,52.50938838379632,34398000
2018-12-31,51.788780212402344,52.68235739680241,51.19801794154297,52.42662181757519,33110000
2019-01-02,52.2705078125,52.57332272092195,50.81342682866761,50.908583724282856,31868000
2019-01-03,50.822837829589844,52.844413130736584,50.669201388757,52.07176536650582,41960000
2019-01-04,53.429725646972656,53.525377872894474,51.38733490786459,51.66982980650256,46022000
2019-01-07,53.32317352294922,53.65919087290687,52.6650081503317,53.57345286950523,47446000
2019-01-08,53.791526794433594,54.18701819577317,52.94800464454269,53.82274790921787,35414000
2019-01-09,53.607154846191406,54.10226487887618,53.246351931681716,53.92136997908412,26998000
2019-01-10,53.46739196777344,53.51596107886595,52.7661099648934,53.27460152267623,26598000
2019-01-11,52.75571060180664,53.196799132768355,52.35724341191339,53.024823987765174,30864000
2019-01-14,52.11339569091797,52.45734590533918,51.966697695349396,52.20409079934666,28490000
2019-01-15,53.8480224609375,53.93525025101272,52.25861559013519,52.43554783604918,37518000
2019-01-16,53.996700286865234,54.63355501884388,53.92236250436648,54.02098673533876,38280000
2019-01-17,54.47298049926758,54.5512847285975,53.68694730126995,53.92137221845554,24896000
2019-01-18,54.878387451171875,55.408685076431745,54.48091095351191,54.942319458615124,44892000
2019-01-22,53.457481384277344,54.46554479169045,53.07388180032208,54.31834766794679,39632000
2019-01-23,53.743934631347656,54.16717970726836,52.909336253873256,53.86535550844567,25194000
2019-01-24,53.72361755371094,53.921860438348624,53.03076001421707,53.64977133240262,29114000
2019-01-25,54.591426849365234,54.68311263158913,54.11019370892404,54.23062393672968,23260000
2019-01-28,53.51844024658203,54.18800205710422,53.258246677265326,54.024455162568955,29334000
2019-01-29,53.032745361328125,53.759799844010175,52.83252112922512,53.57691983324791,19704000
2019-01-30,54.41697692871094,54.4928044913876,53.35885838319014,53.39454127483169,29452000
2019-01-31,55.79970932006836,55.8879277682799,54.776782174572446,55.12320907469218,40232000
2019-02-01,55.43939971923828,56.221466333092344,55.22282195801984,55.62128526077065,33116000
2019-02-04,56.56938552856445,56.6149826428997,55.38439370064637,55.45873526005803,78408000
2019-02-05,57.08729553222656,57.13190198293184,55.686221170580836,55.98506964374711,82296000
2019-02-06,55.651031494140625,57.19285981317814,55.42652081207824,56.95843868754115,48256000
2019-02-07,54.80949401855469,55.11081914301035,54.198907096289624,55.102394698878804,38298000
2019-02-08,54.63454818725586,54.769354430542876,54.231127686055984,54.26284413306292,21766000
2019-02-11,54.62166213989258,55.18219400313777,54.516594791795235,54.70244681949454,18498000
2019-02-12,55.88346862792969,56.14514818740517,55.06224794643094,55.06224794643094,35036000
2019-02-13,55.93550491333008,56.64025803524329,55.805160467057085,56.15406780576214,28042000
2019-02-14,55.96376037597656,56.30721530844446,55.36358296775746,55.75560701725937,21106000
2019-02-15,55.48945999145508,56.46431712713548,55.34523865451279,56.46431712713548,27826000
2019-02-19,55.830440521240234,55.98556297395831,55.341278267413735,55.341278267413735,21980000
2019-02-20,55.53704071044922,56.049498745540966,55.09892801757924,55.947898738140964,24090000
2019-02-21,54.72523498535156,55.465670982122504,54.41647232015398,55.44733231443277,33272000
2019-02-22,55.337310791015625,55.37150768160095,54.54137097842151,54.99732699877996,29436000
2019-02-25,55.37546920776367,55.775422301559566,55.21588499293355,55.603447197687906,26208000
2019-02-26,55.60741424560547,55.82696780950887,54.848643329872075,55.228771787399616,35026000
2019-02-27,55.651031494140625,55.791781723679335,54.940829672376765,55.21093368851873,22092000
2019-02-28,55.832420349121094,56.20115236463612,55.42899989136633,55.45823966941733,27422000
2019-03-01,56.9212646484375,56.99461554133449,56.05296461528738,56.05296461528738,34086000
2019-03-04,57.164119720458984,57.763801803361666,56.41228339115817,57.220617949824806,35490000
2019-03-05,57.945682525634766,58.30747610261752,57.144290260692664,57.291978933950915,40094000
2019-03-06,57.73505401611328,58.22074516470668,57.64138311830009,58.07305648761124,23602000
2019-03-07,57.036739349365234,57.66764623960241,56.58375534858364,57.51500046237742,30086000
2019-03-08,56.99313735961914,57.16560783421265,56.01332296281526,56.19669832962651,23694000
2019-03-11,58.444759368896484,58.47697114634712,57.07242572690145,57.09373639455161,30032000
2019-03-12,59.33635330200195,59.755635785784854,58.59542567962759,58.59542567962759,42220000
2019-03-13,59.426055908203125,59.82551371065459,59.36906235006115,59.76653882003293,25888000
2019-03-14,59.1024169921875,59.70557005347522,59.03798966553307,59.42406585474902,27302000
2019-03-15,58.991905212402344,59.55788568478085,58.82884986974462,59.373523455870405,51886000
2019-03-18,58.905174255371094,59.22236136997121,58.55478091755831,58.96167247755781,24442000
2019-03-19,59.594566345214844,59.6416494618808,58.950277830825264,59.06228361960449,29788000
2019-03-20,60.78252410888672,60.958960999987475,59.4523203246817,59.54202476950778,41508000
2019-03-21,61.263267517089844,61.27863040668714,60.294358088650746,60.46385655086534,28150000
2019-03-22,59.85177993774414,61.13936242847157,59.77000460105238,60.902464643554005,34422000
2019-03-25,59.34280014038086,59.940500900802874,58.97704386159586,59.45084326936746,27576000
2019-03-26,58.96910858154297,59.851780848264944,58.56866011714988,59.729860841033144,30752000
2019-03-27,58.382808685302734,59.072195171422834,57.69986152973623,59.072195171422834,29428000
2019-03-28,58.09832763671875,58.34513964794122,57.66021495319524,58.25841097953711,22402000
2019-03-29,58.327301025390625,58.678189713004706,57.80641854885906,58.49035258830934,30890000
2019-04-01,59.422088623046875,59.482549508327345,58.79663418796879,58.85511374092362,27706000
2019-04-02,59.7472038269043,59.76058538221272,59.038488072136474,59.475114723078725,18288000
2019-04-03,60.008392333984375,60.49358812897417,59.724411434921,60.10205944667609,22180000
2019-04-04,60.43659591674805,60.49111280924098,59.920670551711964,60.0321810022952,21022000
2019-04-05,60.04010772705078,60.48318129422552,59.96973261519408,60.429159736999175,20012000
2019-04-08,59.88300323486328,60.164008345840536,59.70557567686853,60.023258123804965,21750000
2019-04-09,59.6059684753418,59.827008075136945,59.39236265455375,59.56632291436037,19668000
2019-04-10,59.79230880737305,59.9157148180009,59.50535589667206,59.7249094710541,15510000
2019-04-11,59.94792938232422,60.104046282843015,59.697650033306594,59.91373249101701,16998000
2019-04-12,60.599159240722656,60.61501746375043,60.13130763088175,60.246780752733265,24312000
2019-04-15,60.7874870300293,60.92476993297739,60.194248081831006,60.666557683013956,23796000
2019-04-16,61.05411911010742,61.255829336431965,60.713636210736404,60.95945755130198,22622000
2019-04-17,61.46200180053711,61.70782314293728,61.10318401138425,61.30638023853066,30366000
2019-04-18,61.52791976928711,61.749454667918044,61.425824430606916,61.70286688717368,24750000
2019-04-22,62.137020111083984,62.16576455775873,61.126480011043846,61.290030694609925,19084000
2019-04-23,62.97112274169922,63.1614365376901,62.048305770500974,62.27975490358525,31868000
2019-04-24,62.448753356933594,63.14012496632759,62.43686158073098,62.97112184100096,23396000
2019-04-25,62.81005096435547,63.080650314186634,62.34715649072058,62.95674897281491,31344000
2019-04-26,63.30961990356445,63.38346613255993,62.694079634009796,63.10939566577657,27228000
2019-04-29,64.2403793334961,64.27854646050405,63.02664276385873,63.46277422120754,72368000
2019-04-30,59.421104431152344,59.52121466086454,58.63011791265546,59.0082650592432,133178000
2019-05-01,58.15036392211914,59.43546966973313,58.06908392344109,59.348737226037684,74340000
2019-05-02,57.812862396240234,58.45070777675976,57.40745681106529,58.11468664076694,45098000
2019-05-03,58.95473861694336,59.046424401851816,58.161770768787754,58.35307144991088,41588000
2019-05-06,59.14851379394531,59.24614734780272,58.04331224905807,58.08494291510392,31774000
2019-05-07,58.42493438720703,59.213440429540135,57.738024570214755,58.7693799619371,36604000
2019-05-08,58.02448272705078,58.693053838408616,57.86836583691786,58.34711850220026,25520000
2019-05-09,57.885223388671875,58.18754299005828,57.22458128903168,57.61908579526088,29556000
2019-05-10,57.86886215209961,58.297064381319565,56.81471013362452,57.9283361543902,31650000
2019-05-13,56.33000564575195,57.09224765690935,55.78038253011659,56.75870698729838,45626000
2019-05-14,55.748661041259766,56.7403670318664,55.68274392931907,56.61398903425303,40392000
2019-05-15,58.02547836303711,58.397182395251555,55.57718659421055,55.634180153756134,59302000
2019-05-16,58.70446014404297,59.18321667093368,57.909015567038495,58.07702426072124,35308000
2019-05-17,57.92536163330078,58.793166334191085,57.8083987397392,58.27476431465895,25362000
2019-05-20,56.72996139526367,57.14329605896951,56.406826508372355,57.14329605896951,30602000
2019-05-21,57.214664459228516,57.39110135626331,56.66305621590145,57.21664579166275,20562000
2019-05-22,57.284542083740234,57.677556750658695,57.04417319422699,57.056564083812255,18826000
2019-05-23,56.7636604309082,56.99709087925702,56.160015757276604,56.79984243398992,25214000
2019-05-24,56.43012237548828,57.21069931124929,56.33595614636287,57.09373641510665,18554000
2019-05-28,56.477203369140625,57.316263612047834,56.43309225495322,56.57236026093217,20948000
2019-05-29,55.50482940673828,56.2512094600293,55.108838931642744,56.137218561285856,36230000
2019-05-30,55.57768249511719,55.84481452164873,55.304602689770476,55.515236489311384,18088000
2019-05-31,54.83872985839844,55.180694960773586,54.68261297136005,54.796108526517585,31582000
2019-06-03,51.48051452636719,52.881093573067986,50.900161794703344,52.87762624104899,96890000
2019-06-04,52.26108932495117,52.456855563196314,51.34620148086811,51.76548395586114,60512000
2019-06-05,51.772918701171875,52.37607186834259,51.19603709595773,52.28636741585876,46988000
2019-06-06,51.927547454833984,52.038562570995836,51.32043164773946,51.85072922935905,29020000
2019-06-07,52.9489860534668,53.19976450009471,52.09555360809189,52.250679832046735,43828000
2019-06-10,53.662166595458984,54.26085796278407,53.29145324063986,53.37669591083266,28510000
2019-06-11,53.57691955566406,54.71532738750787,53.50406777654028,54.367410703409845,33508000
2019-06-12,53.480777740478516,53.65027241899154,53.00995036632593,53.522903743541775,23670000
2019-06-13,54.071041107177734,54.34758824154439,53.65275307370434,53.75881108146844,20814000
2019-06-14,53.83761215209961,54.25689464476395,53.598733016073176,54.00810128348329,24582000
2019-06-17,54.21377944946289,54.580031056140875,53.921869409538594,53.97638630641335,19770000
2019-06-18,54.77628707885742,55.447334881797815,54.555742847957134,55.08653575767853,34526000
2019-06-19,54.7401008605957,54.98394085352092,54.319827765234635,54.87540241230832,26714000
2019-06-20,55.1707878112793,55.642605832117525,54.863511130827796,55.59205160560382,24018000
2019-06-21,55.77394485473633,55.83341508138536,54.998321212056794,55.00525965724378,50774000
2019-06-24,55.3442497253418,55.684732634870436,55.1762410507709,55.50780040186352,24236000
2019-06-25,53.90105056762695,55.29469111706797,53.75335811004404,55.263965338513984,31644000
2019-06-26,53.541236877441406,54.2747344708787,53.21265330808006,54.070543792942544,34698000
2019-06-27,53.35835647583008,53.94465690292035,53.319697808966254,53.85990957306717,24078000
2019-06-28,53.664146423339844,53.664146423339844,53.21810085434756,53.38809463801861,33672000
2019-07-01,54.51659393310547,54.94231954592079,54.285144789869875,54.56813504943169,29196000
2019-07-02,55.141048431396484,55.15542065279538,54.50023112179419,54.75596288971609,20630000
2019-07-03,55.65598678588867,55.903789460004994,55.25256255020916,55.43345744358683,20154000
2019-07-05,56.1357307434082,56.2338596354491,55.38389826892284,55.47657471559063,29794000
2019-07-08,55.34871292114258,55.86513362949331,55.099424235047145,55.798721178484186,29888000
2019-07-09,55.72041702270508,55.8973492604674,54.87094717312913,55.02805474218913,29472000
2019-07-10,56.54411315917969,56.61498360685667,56.03611690591419,56.11838757766129,30710000
2019-07-11,56.70122146606445,57.155196196239075,56.475723881621214,56.8043074805299,26004000
2019-07-12,56.7636604309082,56.87071287852547,56.42764309515108,56.64422087470115,21878000
2019-07-15,57.01988983154297,57.02831427513715,56.499007391595406,56.76365894278199,21164000
2019-07-16,57.16609573364258,57.41984619018782,56.83255127205369,56.83255127205369,25352000
2019-07-17,56.83304977416992,57.412907127041954,56.827101995722224,57.0402124477823,19538000
2019-07-18,56.85783004760742,56.90392249654442,56.1451515514553,56.59813180495845,25450000
2019-07-19,56.080223083496094,57.07291978828749,56.06535552790111,56.96091400704778,23184000
2019-07-22,56.45985794067383,56.50000261071285,55.76601345050147,56.27450126082239,28914000
2019-07-23,56.89797592163086,56.93812059273154,56.14465740616326,56.66999790009238,20648000
2019-07-24,56.485626220703125,56.76960710760005,55.92955622217144,56.13325155608208,27192000
2019-07-25,56.297794342041016,56.67693212783193,55.691669217875564,56.4469690096886,54762000
2019-07-26,61.713775634765625,62.86209020191099,60.8603430969985,60.8603430969985,121216000
2019-07-29,61.5462532043457,61.900612992105195,60.96936785698194,61.57896409483417,41382000
2019-07-30,60.8603401184082,61.301923922317876,60.72751521911687,60.81077655714907,28616000
2019-07-31,60.3746452331543,61.20280061587695,59.87804920339233,60.70521391987625,39960000
2019-08-01,60.05646514892578,61.27168739703548,59.819563585983744,60.34639382180189,35426000
2019-08-02,59.290260314941406,59.9434647695918,58.97703586246428,59.62132432132842,34910000
2019-08-05,57.23003005981445,58.32680726802884,56.635305120848756,58.13302235950556,47840000
2019-08-06,58.03935623168945,58.55081983916508,57.56605218187536,57.76379975882566,36014000
2019-08-07,58.27873229980469,58.474990088824434,57.03624777151568,57.38118868283496,30686000
2019-08-08,59.77942657470703,59.783884572900526,58.18407198963662,58.80010759750834,30116000
2019-08-09,58.922523498535156,59.69368535107968,58.723785256582595,59.472150441304976,20418000
2019-08-12,58.20884704589844,58.75946462189785,57.92238948180988,58.48143150180657,22064000
2019-08-13,59.31057357788086,59.741751566350956,58.13401006026483,58.20140938891951,28434000
2019-08-14,57.70085144042969,58.619701867209486,57.5432485539342,58.28665654098117,35430000
2019-08-15,57.952125549316406,58.30400490109744,57.638904867575555,57.90801821500315,28506000
2019-08-16,58.44227600097656,58.67174378363145,58.13450777764711,58.52058400398845,24916000
2019-08-19,59.494449615478516,59.93801853322621,58.99686291954529,59.06773336729353,24450000
2019-08-20,58.65637969970703,59.373523742290665,58.63259236659922,59.242188624158935,20206000
2019-08-21,59.05533981323242,59.50039471026344,58.87394958936071,59.265478262571,14152000
2019-08-22,59.052371978759766,59.41218045329354,58.42741281307858,59.165368431532706,17352000
2019-08-23,57.17204284667969,59.25804558458864,56.994615284291136,58.737658454308054,36254000
2019-08-26,58.04430389404297,58.07800545014868,57.23498255791972,57.46296055884889,21166000
2019-08-27,58.02646255493164,58.72923053710072,57.716213896237164,58.63011098537049,23460000
2019-08-28,58.17168045043945,58.4070922455493,57.50261395548607,57.73158263877487,16810000
2019-08-29,59.18717575073242,59.43249798171872,58.74311150706316,58.79960973109826,19636000
2019-08-30,59.00330352783203,59.48998909332239,58.764915966654016,59.48998909332239,18064000
2019-09-03,57.963523864746094,58.93143877153899,57.67409052559713,58.573116319883106,25908000
2019-09-04,58.593936920166016,58.723290712947666,58.06165797355199,58.45417735019245,21312000
2019-09-05,60.0767936706543,60.16649812976074,59.11036084282279,59.15843462857053,26394000
2019-09-06,59.785865783691406,60.11444934410257,59.63420688812718,59.92562534134293,18972000
2019-09-09,59.733829498291016,60.49111445401143,59.13414744573212,59.82353395054993,31854000
2019-09-10,59.75514221191406,59.96825268261143,59.27489970782787,59.27886615419613,27922000
2019-09-11,60.4638557434082,60.58627108775235,59.58564144603767,59.665435454120896,23522000
2019-09-12,61.205772399902344,61.57499595167409,60.59072373372645,60.63582551282621,31644000
2019-09-13,61.456546783447266,61.507101007442145,60.814738789996035,61.06402745370272,23676000
2019-09-16,61.04023742675781,61.40648896216271,60.721065219338364,60.98125876175765,28218000
2019-09-17,60.953514099121094,61.20726456849424,60.629883845747514,61.04024655328494,20806000
2019-09-18,61.090789794921875,61.26871268049365,60.28890225832113,60.97135024313267,17440000
2019-09-19,61.39311218261719,61.67015463306158,61.0739437315395,61.07443906464093,16554000
2019-09-20,60.9515266418457,61.593829971512335,60.64127797668327,61.13985530652676,37692000
2019-09-23,61.19189453125,61.43920185978645,60.65118742964138,60.78946098208002,20798000
2019-09-24,60.38108825683594,61.807439674243646,59.99996912431239,61.45506498727683,35804000
2019-09-25,61.74945831298828,61.85254432397838,59.92860234092421,60.266109487642346,26798000
2019-09-26,61.56855010986328,61.68650744037947,61.04965280311248,61.56111633271894,23166000
2019-09-27,60.75873947143555,61.702371740362565,60.22596144286288,61.595319289066644,34122000
2019-09-30,60.520347595214844,60.831091588087766,60.137742494258035,60.49358448429573,24470000
2019-10-01,59.769996643066406,61.101194738157005,59.74769531271123,60.58725078689613,24504000
2019-10-02,58.37834548950195,59.41118686082133,58.11617059122782,59.29918107982884,33030000
2019-10-03,58.94879150390625,59.026600399615326,57.64584604008084,58.64696725071422,28368000
2019-10-04,60.01582336425781,60.09016491997894,59.02510803751147,59.189649370035795,24282000
2019-10-07,59.88151931762695,60.40983559742086,59.688728852507744,59.819568644308006,17040000
2019-10-08,58.98347854614258,59.81311988849005,58.95126298908241,59.41168077323603,20086000
2019-10-09,59.591583251953125,59.89192147053786,59.37946347700178,59.53855614409171,15948000
2019-10-10,59.94198226928711,60.24677851453171,59.36658667048485,59.40326022781254,12842000
2019-10-11,60.251243591308594,60.897513455663706,60.14865291063316,60.66358764663134,22330000
2019-10-14,60.35333251953125,60.755266973504796,60.06142251302873,60.16103740300825,13296000
2019-10-15,61.56607437133789,61.8084245846959,60.50944574195248,60.53819018483243,27584000
2019-10-16,61.603755950927734,62.15833627479746,61.38221724011954,61.544777271781356,22986000
2019-10-17,62.08943557739258,62.63212402257517,61.94422357766576,62.02005113319439,20958000
2019-10-18,61.67363357543945,62.35261056512032,61.46200909803557,62.18311587486686,31624000
2019-10-21,61.66718673706055,62.12462877724251,61.45457160617475,61.886244979862205,18094000
2019-10-22,61.51454162597656,61.88773166341229,61.447633840406326,61.67709786273552,22862000
2019-10-23,62.32881546020508,62.34913546091626,61.46547254945289,61.46547254945289,21282000
2019-10-24,62.40217208862305,62.59000544331607,62.067141603226155,62.40217208862305,20224000
2019-10-25,62.659385681152344,62.84276102517835,61.908543864862274,62.049789425950415,27104000
2019-10-28,63.88254928588867,64.39104096533727,63.05637886654899,63.18969534211412,65428000
2019-10-29,62.47898864746094,63.47713785052904,62.228705511114924,63.23924560489196,52654000
2019-10-30,62.480960845947266,62.843745049570245,61.98287887408168,62.205899749563365,29204000
2019-10-31,62.38679504394531,62.76940391612324,61.92489128839739,62.44626904234914,31904000
2019-11-01,63.05339050292969,63.090563173237854,62.43190247703901,62.733726712824655,28812000
2019-11-04,63.91375732421875,64.05698798852949,63.24469089449877,63.24469089449877,30632000
2019-11-05,64.00444793701172,64.29189991159951,63.90235639359178,63.992552381619156,25148000
2019-11-06,63.983158111572266,64.08128702260024,63.55000245760647,63.93756476966508,24626000
2019-11-07,64.77265167236328,65.55124732510535,64.11894803478323,64.14521203530747,45140000
2019-11-08,64.87474822998047,65.27668653556046,64.50403482117828,64.50403482117828,30392000
2019-11-11,64.34346008300781,64.67155213215511,64.22402051116887,64.62694189825123,17234000
2019-11-12,64.29042053222656,64.8920876877892,64.14322718981167,64.35782364879786,28852000
2019-11-13,64.2393798828125,64.55359504237842,64.03965096393655,64.09069674798155,20538000
2019-11-14,64.8821792602539,65.20779842918083,64.12836536368101,64.18090092888458,28948000
2019-11-15,66.09097290039062,66.09097290039062,65.01798283724908,65.17459888257886,39286000
2019-11-18,65.4119644165039,66.10977901389909,65.22958354795469,66.03147101979422,27984000
2019-11-19,65.05267333984375,65.74849923759137,65.01203333229586,65.74849923759137,21864000
2019-11-20,64.52088928222656,65.08339870952443,63.89394873060489,64.99171291711811,28892000
2019-11-21,64.4356460571289,64.97981680887413,63.970267309920125,64.39153493682359,25546000
2019-11-22,64.114990234375,64.77067525431099,63.90138441373106,64.57738943791793,27776000
2019-11-25,64.7082290649414,64.9446353501172,64.21114138581487,64.24335695073118,23590000
2019-11-26,65.07299041748047,65.12304553431402,64.62892991582375,64.9198455057119,21910000
2019-11-27,65.02985382080078,65.30293734931635,64.89802717326724,65.19291291752623,18808000
2019-11-29,64.63140106201172,64.9218250921024,64.58877972481791,64.7558015227708,12802000
2019-12-02,63.876590728759766,64.69830674310012,63.456313830417564,64.55556762557949,26538000
2019-12-03,64.16800689697266,64.29141668310302,63.29128242026133,63.37107264352633,25270000
2019-12-04,65.36737060546875,65.63153061632272,64.5798514663001,64.73101503038244,35506000
2019-12-05,65.76485443115234,65.8154086629345,65.13841301033878,65.7668357637966,24408000
2019-12-06,66.38088989257812,66.53353569149026,65.97647872644366,66.05180717841115,32968000
2019-12-09,66.5593032836914,67.2809091155048,66.21634370373974,66.35462104976114,30842000
2019-12-10,66.55433654785156,66.80759162623465,66.1137397137641,66.40813390129956,17606000
2019-12-11,66.62175750732422,66.90127665439235,66.4656405961161,66.82247708963801,20480000
2019-12-12,66.83190155029297,67.1337220751374,66.32192763549732,66.57022192259154,29114000
2019-12-13,66.7516098022461,66.97364007690634,66.49340129754584,66.8026555908686,33170000
2019-12-16,67.4370346069336,67.5772857409777,66.93696739622504,67.15453588142127,28128000
2019-12-17,67.1490707397461,67.61692229902084,66.94488007036423,67.52176540880079,32948000
2019-12-18,67.00138092041016,67.3740756040836,66.9295235885865,67.25364537789,23330000
2019-12-19,67.22589111328125,67.27991645266661,66.84477198828064,67.00138043639537,28922000
2019-12-20,66.96717834472656,67.60056187619001,66.94289568077183,67.55595921284369,50090000
2019-12-23,66.93795013427734,67.49401639740252,66.8076056794049,67.33938927575151,19936000
2019-12-24,66.63066101074219,67.00633521845035,66.61778235108628,66.91712233062835,13468000
2019-12-26,67.52473449707031,67.5609202794814,66.68418830496807,66.7357331937693,23662000
2019-12-27,67.13668823242188,67.75173316701557,67.05540822557307,67.60056959640701,23212000
2019-12-30,66.39674377441406,67.25364739766525,66.30406732440926,67.24423228707724,19994000
2019-12-31,66.38088989257812,66.44383123438371,66.0210813978325,66.20247164468444,19514000
2020-01-02,67.83251190185547,67.83251190185547,66.73276652225083,66.82792341596551,27278000
2020-01-03,67.4776611328125,68.08379009099887,66.77390239021686,66.80760773096915,23408000
2020-01-06,69.27620697021484,69.30148029943362,66.95627869440405,66.98749602026135,46768000
2020-01-07,69.14240264892578,69.55821779935313,68.96646485726092,69.4075533410106,34330000
2020-01-08,69.63453674316406,69.97204388362319,69.01949180178964,69.12802647532469,35314000
2020-01-09,70.36554718017578,70.80613648268411,69.8907534284605,70.47160139102655,33200000
2020-01-10,70.82003021240234,71.11640582320393,70.35614880232912,70.84531111023372,26258000
2020-01-13,71.3686752319336,71.44053257795511,70.64211594164074,71.13176983529964,30730000
2020-01-14,70.90080261230469,71.49750880179123,70.76103550256398,71.36716436377095,26076000
2020-01-15,71.32752990722656,71.40583792168397,70.95384451597616,71.02124763841545,21550000
2020-01-16,71.8707275390625,71.89749065849024,71.36718916463563,71.63729324392382,26080000
2020-01-17,73.32579803466797,73.37684381090587,72.18739403885324,72.48426114877846,52424000
2020-01-21,73.46111297607422,73.83926013588128,72.8643991173482,73.30003517222072,48930000
2020-01-22,73.54138946533203,74.36954862534002,73.48142768998797,73.831821043348,28458000
2020-01-23,73.58202362060547,74.0186578379967,73.36544584943454,73.72377206652983,26650000
2020-01-24,72.6641616821289,74.05334019971716,72.51597013718991,73.98494642892575,29786000
2020-01-27,70.95730590820312,71.19767480231553,70.35117700362538,70.94789079814586,34132000
2020-01-28,71.88756561279297,72.10067230733206,70.88941257474418,71.45341176845339,29724000
2020-01-29,72.19483184814453,72.56356386926777,71.63430381972567,72.2820558505161,21566000
2020-01-30,72.07341766357422,72.1229736667599,71.11937574477422,71.27301221062503,27110000
2020-01-31,71.00935363769531,72.83763974165787,70.72586425069801,72.74793528121658,43822000
2020-02-03,73.47844696044922,73.66182608356632,72.19036913116597,72.44015314026151,71636000
2020-02-04,71.6352767944336,72.72213569203288,70.4765530199634,72.08528870940326,95880000
2020-02-05,71.66699981689453,72.58535483314986,70.85569723570985,72.53728106020947,36376000
2020-02-06,73.14987182617188,73.42691809405072,71.88657563140107,71.96091341803267,37822000
2020-02-07,73.30547332763672,73.60977419551057,72.62649648623446,72.72462536770595,28360000
2020-02-10,74.77000427246094,74.78090916442083,73.11171202305549,73.21232137301007,38302000
2020-02-11,74.8393783569336,75.82167304144915,74.61090502112194,74.99846724762173,34852000
2020-02-12,75.26412963867188,75.34689187241607,74.77050554826452,75.12684294355199,31042000
2020-02-13,75.0044174194336,75.62689608164477,74.53903875028274,74.83640497378897,22914000
2020-02-14,75.2690658569336,75.33448763337121,74.61585388336378,75.06091253402924,23198000
2020-02-18,75.30426025390625,75.85537316720415,74.8864637897621,75.05150424505347,25642000
2020-02-19,75.57337188720703,75.86429500722407,75.38058521971043,75.68884877939992,22746000
2020-02-20,75.1828384399414,75.68240645418584,74.55192774826135,75.2829486635649,25962000
2020-02-21,73.52107238769531,74.8834956332235,73.27475947782071,74.56779071017739,42520000
2020-02-24,70.3690185546875,71.1877625983734,69.72126652670165,70.52711678476247,49560000
2020-02-25,68.70677185058594,71.21106293016649,68.4143664703446,70.92113799695146,51580000
2020-02-26,68.91243743896484,70.06224551074448,68.22255562083214,69.13595745407619,49776000
2020-02-27,65.16961669921875,67.86819119574264,65.13442914630396,67.35969967242637,62290000
2020-02-28,66.37395477294922,66.53254456868979,62.85317207191718,63.15549166870897,80198000
2020-03-02,68.70677185058594,68.76376163348303,65.67763179244827,66.97562400936349,55430000
2020-03-03,66.2981185913086,69.7906479427087,65.87784169688798,69.26976927543198,56602000
2020-03-04,68.47283935546875,68.53131891334556,66.26243609006487,67.35078505307477,47598000
2020-03-05,65.16020965576172,67.08663199651346,64.50997717418309,66.68617596648993,54380000
2020-03-06,64.21757507324219,64.5649888842822,62.30800530544465,62.93940759811256,64640000
2020-03-09,60.25520706176758,62.085973437860574,59.37550676498299,59.718466349939796,69252000
2020-03-10,63.19811248779297,63.23181404799084,60.191769215403774,62.168246803240756,54872000
2020-03-11,60.012847900390625,62.29412145420184,59.03353279180073,61.864928567207265,54732000
2020-03-12,55.089012145996094,58.91508605796514,54.93636636348303,55.63764838838644,94326000
2020-03-13,60.17987823486328,60.186321347096765,55.12569152214793,58.233139516247576,79400000
2020-03-16,53.1784553527832,56.77010434529723,52.885055565048226,54.00165359735801,96520000
2020-03-17,55.41166305541992,55.80517314914321,51.99396979376344,54.05271450900397,83194000
2020-03-18,54.07996368408203,54.763897729434355,51.394275053932354,52.53119691195089,93044000
2020-03-19,55.09496307373047,57.12397237248402,52.313625928919365,53.9327678550478,74064000
2020-03-20,52.94105911254883,56.4236781479315,52.638244210911644,56.048007686267525,82878000
2020-03-23,52.243247985839844,52.8766315654061,50.00013767795823,52.35426310073486,83672000
2020-03-24,56.0038948059082,56.16843613018343,53.84404603943384,54.7138357697785,72468000
2020-03-25,54.59687423706055,56.804793052032366,53.67455271127898,55.73478286590232,90324000
2020-03-26,57.63493728637695,58.05917685755691,54.121592502034,55.246119650005106,76562000
2020-03-27,55.02508544921875,57.04666104910788,54.71483674205059,55.87802267264633,62794000
2020-03-30,56.81173324584961,57.044173024062125,54.44174969491328,56.13424235942423,58736000
2020-03-31,57.58686447143555,58.154330943122716,56.33645085139658,56.93167488332719,65228000
2020-04-01,54.62066650390625,55.974661472404435,54.19395025688407,55.706043456891315,51970000
2020-04-02,55.36061096191406,55.645087218791915,54.17611436881151,54.51659352115847,56410000
2020-04-03,54.15479278564453,55.4478276673134,53.28153946046502,55.24562211424247,51374000
2020-04-06,58.639530181884766,59.0142061972001,55.755602497061574,56.152088293952644,63320000
2020-04-07,58.60830307006836,60.502509752587144,58.34513751348153,60.31566330394941,61620000
2020-04-08,59.81956100463867,60.211089663751835,58.677190583284805,59.62627523106197,40334000
2020-04-09,59.798248291015625,60.562471582559844,59.09696632888142,60.37364759432982,54028000
2020-04-13,59.98857116699219,60.19226652151703,58.596911921148106,59.54698734678868,38702000
2020-04-14,62.705482482910156,63.22685654351929,60.88710314879472,61.45358277533107,63358000
2020-04-15,62.312461853027344,63.195134097542535,61.15770048868612,61.77770250465346,42236000
2020-04-16,62.31890106201172,63.10840152659315,61.36585370716055,62.80013418506722,57896000
2020-04-17,63.38792419433594,63.93308931599049,62.74363573527321,63.52173597337611,51050000
2020-04-20,62.503265380859375,63.27987960151955,62.26983493676543,62.93642471323275,35292000
2020-04-21,60.075294494628906,61.95066327946131,59.720439401400704,61.58936885642568,49648000
2020-04-22,62.36747360229492,63.43153606448749,61.31629358182884,61.51007469601736,46296000
2020-04-23,62.9998664855957,63.84140722065894,62.472544668602076,62.73075313152235,34202000
2020-04-24,63.268985748291016,63.323997976696404,61.65331112209811,62.198476293536736,37402000
2020-04-27,62.9845085144043,64.13629803011247,62.69705646864389,64.03221756640986,44186000
2020-04-28,61.08782196044922,63.67339274554905,60.97829284393305,63.59608296834432,80700000
2020-04-29,66.51915740966797,67.40975873675693,65.75344808139765,66.65891696341713,108358000
2020-04-30,66.74317932128906,66.90673001324649,65.49425157692038,65.98292232013938,55842000
2020-05-01,65.28707122802734,66.97758613985344,64.9074419444247,65.62259696617241,48872000
2020-05-04,65.56362915039062,65.64144560406487,64.23094864842768,64.83162512222222,30806000
2020-05-05,66.85816192626953,67.94800083676537,66.16481644512335,66.28722802515163,39666000
2020-05-06,66.68022918701172,67.83300920932899,66.66536163173396,67.30320697756437,31732000
2020-05-07,67.86223602294922,68.19528887818169,67.03259478889485,67.46724007066607,30652000
2020-05-08,68.60863494873047,69.21822742140198,67.99755269554913,68.48374294304661,33326000
2020-05-11,69.56267547607422,70.15442844759716,68.17052461949073,68.2344566274301,32718000
2020-05-12,68.1546630859375,70.09495481486462,68.12145686010034,69.79214367959435,33918000
2020-05-13,66.82395935058594,68.65770538437538,65.81689032510918,68.20323154118306,40368000
2020-05-14,67.24671173095703,67.27198506358019,65.5834587375986,66.08996899266552,36660000
2020-05-15,68.0495834350586,68.1249118737089,66.36154882389845,66.82048436815816,41544000
2020-05-18,68.6502685546875,69.02593525404038,67.11487952102308,67.48063955767863,47094000
2020-05-19,68.11599731445312,69.01254263159231,68.0842808724935,68.66512886344131,31586000
2020-05-20,69.83872985839844,69.98096987690036,68.76128572867,68.84751907073908,38262000
2020-05-21,69.71928405761719,70.20051340358503,69.10671203417986,69.92941872936086,30894000
2020-05-22,70.04093170166016,70.22727525632826,69.18402813173392,69.57803347006285,28544000
2020-05-26,70.44385528564453,71.62042645531723,70.34622550732381,71.46430955805518,44590000
2020-05-27,70.38983917236328,70.64111296949386,69.11712797478641,70.37596228255275,31684000
2020-05-28,70.28874206542969,71.58821644638739,69.33916194732967,69.38475528420979,35170000
2020-05-29,71.0460205078125,71.20510940143461,70.17672981418404,70.39727026219002,37044000
2020-06-01,71.11292266845703,71.4454764506555,70.4889542189017,70.65845644685386,25162000
2020-06-02,71.4816665649414,71.51586345984298,70.4557597178944,71.11937761225468,23442000
2020-06-03,71.32998657226562,71.81369626408228,70.95183952741782,71.50097098719262,27732000
2020-06-04,70.09346008300781,71.4325912261773,69.6826058547975,71.20758143939362,26982000
2020-06-05,71.36817169189453,71.67941486247041,69.76240739637808,70.15988391423575,42642000
2020-06-08,71.76564025878906,71.81321492577551,70.59799261823765,70.6872055170517,33878000
2020-06-09,71.96585845947266,72.74495316037958,71.48412999551343,71.62686911667684,33624000
2020-06-10,72.59131622314453,72.99126556620439,72.07886198518231,72.43321799548916,31762000
2020-06-11,69.47891235351562,71.9420714461508,69.30594657750737,71.41821322493519,47144000
2020-06-12,70.02507781982422,71.09508812261465,68.68099326977082,70.6663867539515,36676000
2020-06-15,70.41262817382812,70.62375348540785,68.7503661032029,68.86386165002531,30468000
2020-06-16,71.68782806396484,72.21812185182957,70.82150937457023,71.81321161861592,30648000
2020-06-17,71.98866271972656,72.46741921038576,71.12581508481102,72.00849116981989,30610000
2020-06-18,71.07575988769531,72.00997330472221,70.68521806962335,71.85534618092774,34862000
2020-06-19,70.60591125488281,71.59017956783022,70.32638461988523,71.36715870933081,52784000
2020-06-22,71.89547729492188,71.90985329738507,70.3358133685618,70.62425602292842,29442000
2020-06-23,72.55563354492188,73.11170737614935,71.61497701926105,71.96189927090062,37752000
2020-06-24,71.00538635253906,73.14094525944436,70.87157077976596,72.52094696988216,31592000
2020-06-25,71.42169189453125,71.48215278669201,70.35316378712089,70.93203051023997,23958000
2020-06-26,67.52821350097656,71.21948135641514,67.15452813817328,71.00191289630564,97640000
2020-06-29,69.24449157714844,69.28563069385827,66.98849501522294,67.41917770561653,45074000
2020-06-30,70.27930450439453,70.57419025687216,68.73698108421948,69.23011349005918,40286000
2020-07-01,71.46629333496094,71.78745069882932,70.08752033557674,70.33483147032733,42182000
2020-07-02,72.85051727294922,73.77185199898827,71.91580477152797,71.95397188987388,57218000
2020-07-06,74.32345581054688,74.83640917181805,73.19991930923392,73.75351267291511,44712000
2020-07-07,73.84123992919922,75.39744054043872,73.83033503772904,74.14901196321672,42364000
2020-07-08,74.51922607421875,74.89440122654209,73.95918956859587,74.380457171251,31766000
2020-07-09,75.26560974121094,75.78500626699903,74.12225223661837,74.83294567449893,41836000
2020-07-10,76.27416229248047,76.38963919030913,74.37649193816277,74.9974808669184,35918000
2020-07-13,74.94693756103516,78.12525214839029,74.6659286390458,76.81586355325133,42954000
2020-07-14,75.3746337890625,75.4707813470095,73.643486194084,73.98347375977394,38108000
2020-07-15,75.1773910522461,76.14133958926885,74.2332634031044,75.49209774784732,31026000
2020-07-16,75.08024597167969,75.12931041610598,73.75945351224223,74.41513840582077,26484000
2020-07-17,75.1759033203125,75.50201403049498,74.24664320234244,75.17887531922496,34264000
2020-07-20,77.50475311279297,77.76098024738981,74.47462260455251,75.08421510478026,30166000
2020-07-21,77.11222076416016,78.65504339573445,76.94867010071032,78.55493317782401,27486000
2020-07-22,77.5548095703125,77.66037224765607,76.48330944923406,77.10182551895637,24482000
2020-07-23,75.17094421386719,77.827389236186,74.7665255226966,77.60833100238632,33910000
2020-07-24,74.74769592285156,75.10552305492557,73.72575942026643,74.30066345548695,29902000
2020-07-27,75.79936981201172,76.20229873811029,74.95188885196664,74.99798130151846,27124000
2020-07-28,74.5217056274414,75.62987550532888,74.3665793891612,75.57982039046628,30910000
2020-07-29,75.50597381591797,75.99265563453109,74.4899812798863,74.58860929092415,22676000
2020-07-30,76.2424545288086,76.36734655138768,74.10143546344366,74.24020437742044,36042000
2020-07-31,73.74359893798828,74.5895976539911,72.06101661639134,74.19460163241017,91468000
2020-08-03,73.48638916015625,74.22830750360635,72.9392388448342,73.89477056396018,45482000
2020-08-04,73.01754760742188,73.99934333821604,72.55812041402446,73.68215617116527,37212000
2020-08-05,73.30448150634766,73.84518857436902,72.91443887072055,73.19198418685275,29134000
2020-08-06,74.58612060546875,74.65154238351218,72.94814864418152,73.15878241875599,33306000
2020-08-07,74.26002502441406,75.33647844212679,73.6603391959197,74.78883662265774,27718000
2020-08-10,74.18319702148438,74.69515210121888,73.2251850652829,73.8848401459376,20546000
2020-08-11,73.3763656616211,74.85822859764728,73.25989808481575,74.04344711201892,31098000
2020-08-12,74.69962310791016,74.9191804606546,73.59739725191154,73.7024683730162,22512000
2020-08-13,75.16598510742188,76.17306163204127,74.74769707911409,74.74769707911409,22388000
2020-08-14,74.57026672363281,75.32160764285088,74.29123915630834,75.01531784878155,21942000
2020-08-17,75.14566040039062,75.51935329930157,74.58860350836233,75.13228262566284,19990000
2020-08-18,77.10528564453125,77.18408519615916,75.41477814265448,75.6353185768315,28378000
2020-08-19,76.55169677734375,77.75354125629191,76.32322343836007,76.94223100784141,30472000
2020-08-20,78.11980438232422,78.31408086011864,76.04866890719974,76.32174495286563,26382000
2020-08-21,78.08609771728516,78.89442843243806,77.42892300821778,77.89924747722306,34838000
2020-08-24,78.56087493896484,79.73199354637043,78.0598171870898,78.92365536175714,25638000
2020-08-25,79.5867919921875,79.7369573344737,78.20057765629728,78.31060210938294,25150000
2020-08-26,81.48396301269531,81.91316349499694,79.34543219094165,79.60909309862284,52188000
2020-08-27,80.7103271484375,81.67526631440305,80.22909022649999,81.60687253223567,31350000
2020-08-28,81.25102233886719,81.34617922901354,80.5661014503227,80.75740589680068,22418000
2020-08-31,80.76038360595703,81.50230188313334,80.55223025727368,81.45620943407884,26422000
2020-09-01,82.02664947509766,82.23183081944713,80.76038141438515,80.89072586563118,22652000
2020-09-02,85.11477661132812,85.54645001185607,82.2799130648107,82.66747534545358,49522000
2020-09-03,80.75938415527344,84.25290404476684,79.67896062981355,84.22911293255147,63726000
2020-09-04,78.36561584472656,81.03097686022531,76.22261573733604,79.74289901970272,55850000
2020-09-08,75.51044464111328,77.09390007901668,75.15856145361319,75.57982909976049,54032000
2020-09-09,76.68155670166016,77.2510007636968,75.58824678956422,76.76431893027807,39242000
2020-09-10,75.6318588256836,77.99143688650432,75.3320196805938,76.82775941751073,33024000
2020-09-11,75.12187957763672,76.25879385001623,73.99487196751262,75.735933828383,30706000
2020-09-14,74.7784194946289,77.16575111984385,74.59405726973172,75.9093897485379,42660000
2020-09-15,76.08136749267578,76.86789598953742,75.43609590207801,75.7230488068471,23042000
2020-09-16,74.94000244140625,77.03542065885986,74.91522065705556,76.44614809243492,22128000
2020-09-17,73.698486328125,74.27438094468211,72.48029221761938,73.63752633306156,40008000
2020-09-18,71.91679382324219,74.10291435499147,70.9518546797174,73.76094545210748,63056000
2020-09-21,70.8785171508789,71.37015234219106,69.51758358119196,70.9518642724512,56908000
2020-09-22,72.34944915771484,72.55512958903905,70.84677506012393,71.8786256422426,33950000
2020-09-23,69.8501205444336,72.01542196505994,69.51757431347869,71.9663575191047,37726000
2020-09-24,70.51769256591797,71.26754361712104,69.49129442637486,69.51756598383865,34552000
2020-09-25,71.32058715820312,71.6615578347478,69.76537731139764,70.62624357149211,30326000
2020-09-28,72.29197692871094,73.00217881108502,71.67842173057377,72.95262280781392,30784000
2020-09-29,72.65674591064453,72.95311394929331,72.06102270971172,72.5521738963951,31816000
2020-09-30,72.63593292236328,73.65687893067928,72.1482603701554,72.40497909066963,40924000
2020-10-01,73.74112701416016,74.09648130270617,73.19100469621421,73.5309923128231,32884000
2020-10-02,72.14031982421875,73.30152440996176,71.73144688729637,72.34004873717964,31222000
2020-10-05,73.4898452758789,73.582521715312,72.3628377612094,72.4897110883713,21602000
2020-10-06,71.913330078125,73.5736034655769,71.61547229083051,73.12657100866626,26096000
2020-10-07,72.31575775146484,72.80293864392578,71.0316426314214,72.32418219519838,36108000
2020-10-08,73.51958465576172,73.74755887897275,72.62848419076307,72.62848419076307,26076000
2020-10-09,74.85871887207031,74.9281033275571,73.69652357091292,73.98694761761746,32966000
2020-10-12,77.54192352294922,78.72294898922016,75.79292865342877,76.2241104850655,55344000
2020-10-13,77.6648178100586,78.56137061464591,77.24652985318345,78.15745109713406,39072000
2020-10-14,77.48493194580078,78.49646280342338,76.61564111614656,78.03803383349177,33174000
2020-10-15,77.08992004394531,77.8794204762289,76.37922672671863,76.54624094186421,31210000
2020-10-16,77.69605255126953,78.1921494513825,77.19846587067573,77.40512942894904,34194000
2020-10-19,75.82514953613281,78.5004327006998,75.47674503291947,78.1039468484506,29734000
2020-10-20,76.87234497070312,78.00034307715951,75.35678468297974,75.48613844813754,41670000
2020-10-21,78.60252380371094,80.04721784308745,77.66831030611162,77.8026174394533,60322000
2020-10-22,79.62693786621094,79.96196457771984,78.18076166313445,78.55345638173165,30512000
2020-10-23,80.93136596679688,80.98786419123687,79.88712057504252,80.04274592114754,30548000
2020-10-26,78.51825714111328,80.76284956365737,77.70001225842906,80.04026068394055,35826000
2020-10-27,79.2413558959961,79.39598302527754,78.15647798175637,78.74823094631225,25902000
2020-10-28,74.87605285644531,77.00764880260952,74.76107508383566,76.81932392288722,45174000
2020-10-29,77.1598129272461,78.73880642032361,75.16103405027546,75.18432605139941,55406000
2020-10-30,80.09526824951172,83.32711619302741,79.37466071000843,82.63921576146262,99878000
2020-11-02,80.50216674804688,82.18325914696204,80.00259120096713,80.46350808110766,44228000
2020-11-03,81.5597915649414,82.22092895585259,79.89703764384542,80.82134439367809,31432000
2020-11-04,86.52526092529297,87.7236342649192,84.40159024527001,84.52945424402306,71342000
2020-11-05,87.35043334960938,88.80355146423722,86.28636720698881,87.74443865213146,39758000
2020-11-06,87.21316528320312,87.64781063793222,86.0707909999368,86.79735014914868,28622000
2020-11-09,87.29691314697266,90.04603445916274,87.10511715128658,89.00972958301574,53440000
2020-11-10,86.1223373413086,87.19581874690427,85.05182793444769,85.72833198232598,43022000
2020-11-11,86.59366607666016,87.37027284342858,86.38699493395451,86.65164652421126,31838000
2020-11-12,86.37509155273438,87.473354716202,86.1347226524478,86.33445155052767,26474000
2020-11-13,87.83415222167969,88.07551178373636,86.03610062019943,86.63181619049185,29744000
2020-11-16,87.921875,88.92845236010726,87.29245409409869,87.43172210004694,25468000
2020-11-17,87.30879974365234,88.07599877234028,87.20125575758067,87.61607259662078,21314000
2020-11-18,86.26704406738281,87.47434095308526,86.16445340083658,87.06001562220402,20108000
2020-11-19,87.15565490722656,87.39949488250359,85.74070395281,85.89979282391478,20106000
2020-11-20,86.0559310913086,87.64087619997211,85.98753730379259,87.32567037760874,27694000
2020-11-23,85.61878967285156,86.5321914126249,84.75743193573689,86.24622920446821,22530000
2020-11-24,87.4198226928711,87.54768668835644,85.2802938462471,85.61581961817127,27984000
2020-11-25,87.43122863769531,87.74098199849014,86.64966101469372,87.61361710340941,19600000
2020-11-27,88.56565856933594,89.06077233033807,87.451537281443,87.451537281443,14790000
2020-11-30,86.9489974975586,88.2345947781287,86.62387750763935,88.00215878980163,32418000
2020-12-01,88.97900390625,90.28542045446022,87.3767108902,87.55661890732226,37350000
2020-12-02,90.44648742675781,90.8315767801654,88.47398023306226,88.97900069788912,29424000
2020-12-03,90.29137420654297,91.38120542558583,90.05149684455593,90.22694308661454,24728000
2020-12-04,90.38651275634766,90.67098516788612,89.88247546731743,90.21106654990662,20544000
2020-12-07,90.05298614501953,90.66059731465431,89.35963318737376,89.97963146661887,22288000
2020-12-08,89.7704849243164,90.00044805346998,88.77680130408386,89.63122447433899,19936000
2020-12-09,88.1116943359375,90.61500208868797,87.32566494275066,89.72241179325566,31728000
2020-12-10,87.60567474365234,87.96944584482684,85.91466810867063,87.35539163522937,28688000
2020-12-11,87.96002960205078,88.08443004562467,86.86672741795577,87.2265358498586,18628000
2020-12-14,86.84293365478516,88.70343487026673,86.68780744073449,87.7578251565572,33050000
2020-12-15,87.28006744384766,87.42478033349926,86.31810030713507,87.21959899351037,21352000
2020-12-16,87.08727264404297,87.67803488029331,86.6843513067573,87.67803488029331,24676000
2020-12-17,86.26060485839844,87.55909602721862,85.79672351081625,87.42131779941667,34880000
2020-12-18,85.55238342285156,86.64965590183743,84.99631718680045,86.54112123455688,85256000
2020-12-21,85.9657211303711,86.08665047301542,83.95554588894409,84.70539704892414,33974000
2020-12-22,85.2550277709961,85.86908203246823,84.53937350209927,85.70652202058871,20370000
2020-12-23,85.65199279785156,86.43901273462653,85.30358082403468,85.43888615125147,22974000
2020-12-24,85.9458999633789,86.35477287610888,85.45970970994662,85.69016438918781,9312000
2020-12-28,87.91841888427734,88.56468878819395,86.32554835686929,86.47868571577018,27650000
2020-12-29,87.11552429199219,88.63752786002674,86.98418918004275,88.5760763070987,19726000
2020-12-30,86.04947662353516,87.61112952417417,85.64060373303981,87.4743419671934,21026000
2020-12-31,86.86177825927734,87.10263870414872,86.04154446235164,86.10003157948303,21070000
2021-01-04,85.54793548583984,87.34994988769441,84.60677983237008,87.22654765590151,37324000
2021-01-05,86.2378158569336,86.5738332163736,85.09048820170439,85.4963891255804,20360000
2021-01-06,85.38684844970703,86.43208444826773,84.05962045926168,84.26579245837004,46588000
2021-01-07,87.93724060058594,88.10970726571644,85.57914501224703,85.57914501224703,41936000
2021-01-08,89.1014175415039,89.17724509831527,87.28700106093784,88.07700063431957,35484000
2021-01-11,87.04267120361328,88.43482947963955,86.83699831013621,88.07006012945878,34796000
2021-01-12,86.10796356201172,87.61807170115141,85.06471635577631,86.50097826490368,29528000
2021-01-13,86.59464263916016,87.04762662802848,85.60689554864183,85.60689554864183,23432000
2021-01-14,85.78531646728516,87.60072359261585,85.54494757680975,86.6749271380058,29212000
2021-01-15,85.62177276611328,86.61298351886033,84.8332704806772,85.69115721631205,31444000
2021-01-19,88.43928527832031,89.39927102495157,85.8799786898442,86.38400845133536,41660000
2021-01-20,93.17727661132812,94.15113930596509,90.17589074243995,90.51587074805265,64152000
2021-01-21,93.37947845458984,95.75491452808738,93.14456200327876,93.85030958575864,58634000
2021-01-22,93.7962875366211,94.38258801925332,93.00034392716495,93.74177064385457,32744000
2021-01-25,93.88153076171875,95.2464344214254,92.14096797256826,94.79642238688461,50586000
2021-01-26,94.55901336669922,94.9455849000485,92.98200145881957,93.47066453918194,31462000
2021-01-27,90.14765167236328,93.1971117881308,89.07417014164034,92.92155529316787,82512000
2021-01-28,91.84559631347656,93.56980187286253,90.74535172102193,90.74535172102193,55278000
2021-01-29,90.56493377685547,91.56506801621617,89.28627865285289,90.89500711521993,44530000
2021-02-01,93.8215560913086,94.93517823806498,91.41885802297121,91.41885802297121,40252000
2021-02-02,95.11261749267578,96.61182068763402,94.48071611878922,94.81575036485842,66332000
2021-02-03,102.0391845703125,104.40520530845473,99.79260337887582,102.37272899522037,97882000
2021-02-04,101.77901458740234,102.55562134899458,100.86065179579815,102.12543773911304,48596000
2021-02-05,103.5235366821289,103.87591138224194,101.59910316453163,102.07289876311265,29866000
2021-02-08,103.30992126464844,104.82052838312552,102.26073015453102,104.07712038040832,28828000
2021-02-09,102.8574447631836,104.00328263700314,102.5903127397753,102.82820120258684,21892000
2021-02-10,103.40705871582031,104.02161204925905,101.7101080573944,103.24152671661228,25102000
2021-02-11,103.51956176757812,103.77975153703218,102.5338035673193,103.6310759901082,20480000
2021-02-12,103.83080291748047,104.05233401562371,102.76722828875226,103.07450872538962,18990000
2021-02-16,104.60742950439453,106.3142945266649,103.66825520694219,103.66825520694219,31004000
2021-02-17,104.99993896484375,105.18926208138022,103.49974516060348,103.77876516091223,20294000
2021-02-18,104.36505889892578,105.1669539793789,103.74654292601814,104.32491801464802,22546000
2021-02-19,103.52255249023438,104.99797228305663,103.25591956136509,104.46321664464453,37938000
2021-02-22,101.81021118164062,103.10225909107349,101.4999663191888,101.77750407548331,29466000
2021-02-23,102.10063934326172,102.71420199290405,98.63685456772592,99.81441631035422,34658000
2021-02-24,103.27473449707031,103.49825450138255,100.48547224750138,100.60986513415875,22608000
2021-02-25,99.91156005859375,103.23459480191558,99.44271782605095,101.89299077097074,41548000
2021-02-26,100.20693969726562,101.92222910849493,99.17112631812763,100.60540682700322,40042000
2021-03-01,102.57344818115234,102.89905971367365,100.82693407602981,101.49996692019756,26060000
2021-03-02,102.31671905517578,103.8164211337076,101.92965598543974,102.33455860700954,25564000
2021-03-03,99.68656921386719,102.88718520454555,98.82371397897086,101.69575393391699,33892000
2021-03-04,100.80267333984375,102.8178020839043,99.39019490310947,99.8580465289273,49216000
2021-03-05,103.93190002441406,104.38438487608283,100.49785050979133,102.15168816314645,53100000
2021-03-08,99.4927749633789,104.75808274317625,99.37828873496463,103.28713246318019,36868000
2021-03-09,101.12133026123047,102.28897784929946,100.88542314472488,101.58670894507843,33920000
2021-03-10,100.91466522216797,102.16408434665642,100.07907232110979,102.16408434665642,27100000
2021-03-11,104.10389709472656,104.63568072084324,101.91877458051778,102.00649770427991,27702000
2021-03-12,101.5990982055664,102.96746538300351,100.72782616573727,102.9079951600995,33818000
2021-03-15,101.81914520263672,101.84639986684593,100.49836027807162,101.35030296707097,26168000
2021-03-16,103.27871704101562,104.75511989536767,102.05952443443275,102.39157914363233,31900000
2021-03-17,103.19593048095703,104.02755311828832,101.30767543125644,102.51447316939472,26382000
2021-03-18,100.17870330810547,102.52836717978956,100.0716508476845,101.50890348351723,31700000
2021-03-19,100.45721435546875,100.95678233428838,99.26627484580405,100.59450102043229,46072000
2021-03-22,100.64208221435547,101.51682534830367,99.8149137452383,100.49042709934655,33536000
2021-03-23,101.16941833496094,102.29840741354518,100.50878000501446,101.10102454547118,28510000
2021-03-24,100.73328399658203,102.47136638997688,100.55832930680076,101.68632764385609,25218000
2021-03-25,100.72981262207031,101.38301712802823,98.9272915511988,100.5608094927387,35616000
2021-03-26,100.34671020507812,101.07326181314708,99.31187989492297,100.69660445230305,27978000
2021-03-29,101.39044952392578,101.55995176525356,99.39117913290644,100.21933831690066,26492000
2021-03-30,101.42414855957031,102.22702679811378,100.91268499326586,101.74678812299072,27312000
2021-03-31,102.21958923339844,103.3961603316529,101.4504087988673,101.81715946283474,42570000
2021-04-01,105.55303955078125,105.84891601894121,103.65239718036233,103.69303718393783,39880000
2021-04-05,109.97283935546875,110.46993447035067,106.31775001395617,106.41389756983538,48510000
2021-04-06,109.49209594726562,110.42086434967698,109.12188174590547,109.57436661004975,35240000
2021-04-07,110.96753692626953,111.23863163081371,109.68243096173272,109.68243096173272,24134000
2021-04-08,111.53251647949219,112.59113031315094,111.1647751250388,112.20505028993573,28664000
2021-04-09,112.53562927246094,112.69917995793787,110.87980997763093,111.2852193593174,26146000
2021-04-12,111.24457550048828,111.85267820844336,110.41195454530049,111.71539909018354,25024000
2021-04-13,111.73075103759766,112.17878171242072,111.16675191989482,111.56026570494154,25682000
2021-04-14,111.1102523803711,112.3750381583166,110.81834616308481,112.3750381583166,21002000
2021-04-15,113.25821685791016,113.79099869324847,111.56919891951989,112.1034629731022,29174000
2021-04-16,113.13430786132812,113.70375943501823,112.54800739975896,113.45595676086148,26282000
2021-04-19,113.48172760009766,114.19192938868903,112.51133603226087,112.51133603226087,30290000
2021-04-20,112.9489517211914,113.9396632750493,111.8640739438885,113.86482638561692,22288000
2021-04-21,112.91624450683594,112.99801605945058,111.2544738339239,112.60401072672376,23204000
2021-04-22,111.63609313964844,113.43811493653551,111.03145402181963,112.77003537095592,24146000
2021-04-23,113.98577117919922,114.29255255605142,112.06877136254057,112.35374295580408,29066000
2021-04-26,114.48136901855469,115.20495618404446,113.85640986234887,114.21324633268112,32038000
2021-04-27,113.54220581054688,114.90363083568847,113.3033191151112,114.86299083121631,44386000
2021-04-28,116.915283203125,120.50048895349634,116.62684053810642,118.57357518868605,81106000
2021-04-29,118.58645629882812,119.15144604811134,117.64926345388002,118.41150919786686,41234000
2021-04-30,116.64073181152344,118.04576886027662,116.29678154912857,117.36034878239039,44856000
2021-05-03,116.12429809570312,118.03089194443908,115.748631417019,117.20620391311888,28242000
2021-05-04,114.3277359008789,115.22775243296606,111.8422752076323,114.66078126628535,44818000
2021-05-05,114.72124481201172,115.7238519784705,114.39959590373067,115.40815462993878,26636000
2021-05-06,115.84032440185547,115.84032440185547,113.6442970726025,114.30295402461856,25190000
2021-05-07,116.56291198730469,117.52042496312349,116.27694974187273,117.15566315675112,28898000
2021-05-10,113.58036041259766,115.52561297200754,113.2230248324833,115.38386451451022,30914000
2021-05-11,112.50538635253906,113.01189659277263,110.71426940565203,111.16775253542369,34186000
2021-05-12,109.04557800292969,111.41110772177602,108.71699439695318,110.33118310303581,46376000
2021-05-13,110.47241973876953,110.98784598165807,109.36622368361735,110.32769928437514,33204000
2021-05-14,112.91773223876953,113.23194736658283,111.51120550382073,111.93445441533588,31996000
2021-05-17,113.44010162353516,113.48272295866457,111.78428241583579,112.18374021644,21598000
2021-05-18,112.12922668457031,114.36986421874587,112.11534979452306,114.10570419354653,22204000
2021-05-19,112.5767593383789,112.74972513246455,110.29400712295823,110.44219113551104,23684000
2021-05-20,114.33368682861328,114.58396240325392,113.17248227319268,113.54319564211424,32352000
2021-05-21,113.69830322265625,114.92542855828297,113.45892500037012,114.85207388727218,40632000
2021-05-24,117.014404296875,117.23791673774083,114.58197094605173,114.727182946644,31832000
2021-05-25,117.10511016845703,118.15232004522714,116.71506746234576,117.55759509928788,22440000
2021-05-26,117.96944427490234,118.39962785894154,117.28302600020656,117.28599799895012,21572000
2021-05-27,117.095703125,118.40261134045875,116.77752529481326,118.40261134045875,35224000
2021-05-28,116.80674743652344,117.75929948137693,116.60850831851938,117.6775279248431,21482000
2021-06-01,118.01255798339844,118.23706866867205,116.67937832399878,117.67852195944192,23354000
2021-06-02,117.48773193359375,118.63009883401507,116.58423662911846,118.40756945223434,21158000
2021-06-03,116.34732055664062,116.81517213599709,115.45225740031125,116.25563477530487,18696000
2021-06-04,118.62661743164062,118.89722057775712,117.08231235748671,117.42229995615384,24458000
2021-06-07,119.05928039550781,119.16881330030914,118.00364606009472,118.42193410416897,24120000
2021-06-08,118.86795806884766,119.9126949181085,118.68656785483122,119.54049938057632,24240000
2021-06-09,119.33879852294922,119.58362163847241,118.79164827724793,119.51176430716637,17942000
2021-06-10,120.68634796142578,120.7294684105752,119.1326278842615,119.2882456679508,25904000
2021-06-11,120.4420166015625,121.01295040637044,119.88495212398634,120.92770773649222,21958000
2021-06-14,121.36929321289062,121.3697847648287,119.83737537905269,120.54410606860253,22098000
2021-06-15,120.35231018066406,121.6963871144153,119.99200260970889,121.37374754662788,21562000
2021-06-16,119.71099853515625,120.81471417778299,118.41994866002946,120.50347104008702,26472000
2021-06-17,120.67346954345703,121.44562207681038,119.44089917857585,119.6366654253896,25842000
2021-06-18,119.05530548095703,120.5341886020674,118.96014859064296,120.30026282219889,46116000
2021-06-21,120.74186706542969,120.92771909272383,118.84468811884209,119.44140198870178,27414000
2021-06-22,121.25529479980469,121.32418769238659,119.99993168735884,120.67989924350617,22390000
2021-06-23,121.05359649658203,122.01358237189528,120.76367158155908,121.02039027033481,19148000
2021-06-24,121.42330932617188,121.9739231126459,121.22507021343145,121.6215484389123,21362000
2021-06-25,121.4317398071289,121.55514959738011,120.49653574308054,120.92770999401274,34594000
2021-06-28,121.458984375,121.70579635727879,120.33842001252417,121.60022613720305,28526000
2021-06-29,121.19781494140625,121.93974078212915,120.62142867598224,121.59231941946096,23108000
2021-06-30,121.01641082763672,121.18244193585444,120.2878704084393,120.92224460766282,24474000
2021-07-01,121.36830139160156,121.5095431679097,120.46332403287062,120.65512003494412,18110000
2021-07-02,124.15656280517578,124.30177479669551,121.97788381815009,122.06758825744845,25982000
2021-07-06,125.08087158203125,125.31677868304527,123.48749474995711,124.54412715498938,26404000
2021-07-07,125.36238098144531,126.16525922771358,125.04420319403772,126.0443374513042,24060000
2021-07-08,123.9449462890625,124.49159740298323,122.93193339631354,122.93589606105768,23790000
2021-07-09,124.41526794433594,124.62936525776696,123.4567644585727,123.92610575924982,18632000
2021-07-12,125.85948181152344,125.95265737591463,124.50697281548125,125.06899063825736,17668000
2021-07-13,126.22225952148438,126.93196222420258,125.56112215124197,125.92192128117352,19240000
2021-07-14,127.1098861694336,128.18981821391048,126.79021860093354,126.83333904936362,23742000
2021-07-15,125.88870239257812,127.56880409528097,125.41787885934153,127.51825743542209,24218000
2021-07-16,125.8540267944336,126.68812995291671,125.04470541650979,126.54093661242045,20424000
2021-07-19,123.48303985595703,125.09573845007814,122.41946523144453,124.9812522316888,27968000
2021-07-20,125.10020446777344,125.92637467785345,123.25754270830208,124.42419202434681,26312000
2021-07-21,126.42794036865234,126.474524368803,124.91584338583961,125.02487717060785,20746000
2021-07-22,127.29277038574219,127.35373795631206,126.37838538694336,126.72035432035567,14302000
2021-07-23,131.84588623046875,132.22651378843682,128.6596466811027,129.2840991163657,41506000
2021-07-26,132.85691833496094,133.0571387651644,131.13864953195989,132.15663081880655,30572000
2021-07-27,130.74070739746094,133.21775146262686,128.9605026008915,133.07055810074505,54710000
2021-07-28,134.89784240722656,137.08148279421212,134.0885209333833,135.11392866954762,95130000
2021-07-29,134.58409118652344,135.459824888862,134.35165520894898,134.95331470842268,31716000
2021-07-30,133.5423583984375,134.11528112375458,133.07500591131242,133.84814909697133,25576000
2021-08-02,133.66921997070312,134.1469781657833,132.6180400189408,133.92940973358665,21634000
2021-08-03,134.4379119873047,134.53900531485272,132.14771857757245,133.94725240636728,20762000
2021-08-04,133.9378662109375,134.45726275713403,133.30497408561808,134.15989647499984,19676000
2021-08-05,135.05393981933594,135.15158472085915,133.66079088435984,134.48795935776522,17870000
2021-08-06,134.5454559326172,135.27301333831355,134.0216127855547,134.8463008593739,20488000
2021-08-09,135.70962524414062,135.9782545970757,134.14995363195558,134.74766566385927,17760000
2021-08-10,135.60455322265625,136.56156692108615,135.16593769907715,136.13483939066336,19414000
2021-08-11,135.08120727539062,136.47235972924676,135.07376593544024,135.97577128495558,15352000
2021-08-12,135.9881591796875,136.0932302954075,134.23520937229634,134.7803631501877,16506000
2021-08-13,136.5169677734375,136.6448469030297,135.82858330220628,136.04367130953105,15948000
2021-08-16,137.09385681152344,137.14639993489493,134.10981879520125,136.31625185991177,22384000
2021-08-17,135.46034240722656,137.0502482689052,134.8859374907993,136.53927624045247,21716000
2021-08-18,134.25851440429688,135.89946615420885,134.13213260953893,135.30027185515118,19258000
2021-08-19,134.48745727539062,135.1540470600647,133.07003326839052,133.25390393778633,21782000
2021-08-20,136.2216033935547,136.34500562415587,134.06125518787377,134.80466325730745,31194000
2021-08-23,138.8106689453125,139.6363402668979,136.39805586142148,136.756873733109,28454000
2021-08-24,140.01991271972656,140.83121539533298,139.10502114709683,139.37561670216243,19268000
2021-08-25,140.83023071289062,140.9397636176069,140.13342175774235,140.38022622324365,15848000
2021-08-26,140.19732666015625,141.16572923780748,140.11454932356156,140.50410040730594,20610000
2021-08-27,142.73831176757812,143.2423415908645,140.25334264721428,140.40747821898057,28780000
2021-08-30,143.3196563720703,144.68753203308154,142.89590833586342,143.13082479723923,24434000
2021-08-31,143.42568969726562,143.89552255155283,143.01286173699748,143.8712474507567,22448000
2021-09-01,143.9391632080078,144.96853350536102,143.61008051608152,143.72555741436526,21936000
2021-09-02,142.02760314941406,144.24047911372418,141.92649470207718,143.93964934296415,32342000
2021-09-03,142.47613525390625,142.88798016222196,141.14889962263817,141.82293077721366,19850000
2021-09-07,143.0124053955078,143.29440501526614,142.35672035845968,142.57032618467832,20124000
2021-09-08,142.42807006835938,143.13083818572056,141.74314906987232,142.83348703566523,18344000
2021-09-09,142.27935791015625,143.04209517575325,141.91905794701822,142.5762249942161,15314000
2021-09-10,139.63780212402344,143.4465279342337,139.5010145668301,142.9449634747417,36840000
2021-09-13,141.08151245117188,141.6935778474216,140.00852254788668,140.7018679540071,22094000
2021-09-14,141.2916259765625,142.10294377890315,140.50411441226078,141.73866598781828,19674000
2021-09-15,143.16009521484375,143.18090677127046,140.10518257663045,141.5166628676266,27408000
2021-09-16,142.34779357910156,143.03173149903006,141.14991911518433,142.68530075918127,26190000
2021-09-17,139.56246948242188,142.18917178562248,139.23536813670114,141.7733642211635,53384000
2021-09-20,137.50027465820312,137.77831160755642,135.12385505551097,136.9471803209948,46518000
2021-09-21,137.8109893798828,138.78088932420297,137.06262052986705,138.5211835537175,25332000
2021-09-22,139.05052185058594,139.64871796788344,137.33374996410507,138.07963855657158,25056000
2021-09-23,139.97482299804688,140.45109904539308,139.16748291766282,139.74833097489636,20952000
2021-09-24,140.9650421142578,141.07953591694633,139.00839293774456,139.30327875954345,22984000
2021-09-27,139.8320770263672,140.69096191409616,138.83640458295432,139.56692635866548,21882000
2021-09-28,134.63613891601562,137.87392316936433,134.17026871953288,137.4363058631819,45772000
2021-09-29,133.17263793945312,135.94555070244238,132.68843655514806,135.77604845611555,30848000
2021-09-30,132.50108337402344,134.3511790892162,132.3821429237052,133.081447432977,37996000
2021-10-01,135.34288024902344,135.70715804170354,132.8945886396275,133.26579353336834,35360000
2021-10-04,132.4847412109375,134.76551219994235,129.89817950948486,134.76551219994235,51202000
2021-10-05,134.82745361328125,136.01840082000018,132.86287924921712,132.86287924921712,32404000
2021-10-06,136.35589599609375,136.53926754708024,133.3673964801773,133.5656355859823,24364000
2021-10-07,138.00131225585938,138.81113270818318,137.4323522466048,137.67123135730094,25110000
2021-10-08,138.55691528320312,139.09760738627318,137.99389915584896,138.35023656244303,26526000
2021-10-11,137.6930694580078,139.47527073185262,137.638544994846,138.06775309903637,17954000
2021-10-12,135.2497100830078,138.28083098740217,134.5667554031385,138.25406031342655,36332000
2021-10-13,136.37274169921875,136.78706701680704,135.31908129001275,136.19481503512776,19654000
2021-10-14,139.91036987304688,140.09522363408612,137.6048099997412,138.24810774301423,31894000
2021-10-15,140.12545776367188,140.4723875270416,139.517854250556,140.36979686591434,30274000
2021-10-18,141.5230712890625,141.5409184042978,139.8295917986677,139.83653402400074,20396000
2021-10-19,141.97804260253906,142.39980927751645,141.346647938062,142.1272172677941,20164000
2021-10-20,140.52294921875,142.28433864697428,140.1338971977449,142.0781590742051,23288000
2021-10-21,140.638916015625,140.9065471263321,139.26509648022758,140.52294001353957,26292000
2021-10-22,136.3573760986328,139.34735778624022,134.86015436540723,137.92695427249757,50588000
2021-10-25,136.2389373779297,136.7870707005219,134.23370805453146,136.3410289296942,34412000
2021-10-26,138.08409118652344,138.85177438830706,137.08891772648917,138.03948851571823,49236000
2021-10-27,144.93235778808594,147.34347311686153,138.17973449966777,138.17973449966777,85782000
2021-10-28,144.56707763671875,145.8645780331488,143.35581813063857,145.84128603540435,36206000
2021-10-29,146.74478149414062,146.93905794038585,143.37813478343114,143.80286589775253,43320000
2021-11-01,142.2357635498047,146.74479239872048,141.96665019325252,146.74479239872048,46924000
2021-11-02,144.1542510986328,145.3204089612238,143.0668927959046,143.3087514833836,33482000
2021-11-03,145.30950927734375,145.3798843880956,143.3201457071093,144.61813015361963,27494000
2021-11-04,146.96434020996094,148.41745854274853,145.02205961897133,145.83138101023934,38412000
2021-11-05,147.543701171875,149.00622700469464,146.89445936853247,147.85840028668068,38354000
2021-11-08,147.72113037109375,149.29120778593392,147.1258987759427,148.50814284863625,23052000
2021-11-09,147.609619140625,148.5175685400609,145.9508203469495,147.92135382889896,19530000
2021-11-10,144.61122131347656,146.76860539151744,143.26715167326918,146.20360791802267,29970000
2021-11-11,144.48532104492188,146.23878525750848,144.32077969235291,145.20197357813035,16518000
2021-11-12,147.37123107910156,147.5417315550425,144.1329471350042,145.32685883285086,22360000
2021-11-15,147.14720153808594,148.2350588729297,146.27791087379003,147.59176109433906,23508000
2021-11-16,146.57627868652344,147.45497691847146,146.01772444610071,146.84737335766715,18904000
2021-11-17,146.74575805664062,147.2537504824228,145.9458594225756,146.72642872326313,19594000
2021-11-18,148.52154541015625,149.25702820435575,146.58472464481926,146.9385815884133,35608000
2021-11-19,147.6175537109375,149.63963221382073,147.59029904384553,148.65732984777023,33682000
2021-11-22,145.01611328125,148.51260548030166,144.86297594328792,148.0199796793374,30594000
2021-11-23,144.50067138671875,145.3709602825968,142.84833094604366,144.86841272271184,27218000
2021-11-24,144.83572387695312,144.9640870123925,143.1040844590682,144.1949064284518,18040000
2021-11-26,140.9333038330078,143.28693003446975,140.59579672453097,143.07976736967893,30470000
2021-11-29,144.25140380859375,145.0116607886392,142.62878315864714,142.73435339938078,32596000
2021-11-30,140.6503448486328,144.71678060777072,140.3569412412241,143.7339942267299,42068000
2021-12-01,139.811767578125,144.66771130937158,139.67349778643103,142.73435417388086,34020000
2021-12-02,141.7094268798828,142.60002820764856,138.98210021683846,140.00850599610223,29194000
2021-12-03,140.75341796875,143.1308356569036,139.0678634936082,142.41816088869103,41230000
2021-12-06,141.89675903320312,142.5881230149532,138.9181661975633,141.78326347810582,30618000
2021-12-07,145.97511291503906,146.23431960919498,143.95105317379645,144.31681320908484,32240000
2021-12-08,146.884033203125,147.0887305485921,145.11919542765767,146.29922253666786,24270000
2021-12-09,146.34088134765625,147.78953800523445,145.8219839399429,146.29379822913546,23270000
2021-12-10,146.70066833496094,147.66808793780228,145.41457182465953,147.39303059375538,24458000
2021-12-13,144.54481506347656,146.6694692071858,144.23852522703294,146.48261894599256,27070000
2021-12-14,142.64215087890625,143.21011265403155,139.9738104375734,142.7026193273764,38446000
2021-12-15,145.1538848876953,145.43142268224105,140.43274769467823,142.148536251989,36370000
2021-12-16,143.17543029785156,146.37901781040114,142.3447831853687,145.87696937173112,33650000
2021-12-17,140.47933959960938,142.5702956240414,140.05807203589413,141.2475218263389,50416000
2021-12-20,140.3623809814453,140.52841967849685,138.09647759296158,138.7695105661895,27192000
2021-12-21,142.2114715576172,142.6044862116724,139.26757475967167,140.8049373737219,28756000
2021-12-22,145.12811279296875,145.2123723601168,141.81004635956177,141.81004635956177,26322000
2021-12-23,145.62522888183594,146.94056153124288,145.1648034683037,145.21238570176314,26384000
2021-12-27,146.6064910888672,147.0401457449663,145.87596932932522,145.9617111068582,15976000
2021-12-28,145.39772033691406,146.9955515001699,144.77078743444807,146.93310171719043,18200000
2021-12-29,145.3660125732422,146.12132376201117,144.3673755989165,145.35560679623677,17788000
2021-12-30,144.91551208496094,146.00535087821257,144.71132895620318,145.4046743627597,15688000
2021-12-31,143.578857421875,145.40912459334086,143.578857421875,144.76632590571236,18136000
2022-01-03,143.71714782714844,144.56909064299023,142.44988137611608,143.78008160886833,28646000
2022-01-04,143.13035583496094,145.19752108924183,142.45336015947626,144.1180880032146,28400000
2022-01-05,136.56405639648438,143.22945569243274,136.47783061916755,143.15065613098375,54618000
2022-01-06,136.5367889404297,138.71002316784708,135.35824405520043,135.79437916865325,37348000
2022-01-07,135.81271362304688,137.23163499485634,134.57320114440378,136.93128920152486,29760000
2022-01-10,137.45068359375,137.59937427004354,131.99407910389132,133.89075867659383,44408000
2022-01-11,138.5078125,138.9836045313537,135.49107504085617,136.7940204323314,28730000
2022-01-12,140.1874237060547,141.35457977142337,139.45790011942026,139.9093868006954,26108000
2022-01-13,137.36895751953125,141.59449028417075,137.192513016588,140.29599123469478,31436000
2022-01-14,138.25457763671875,139.50499514618633,135.79439774836212,135.87418041718718,29662000
2022-01-18,134.8026885986328,135.92622520287958,134.24811208025204,134.97813484766374,34872000
2022-01-19,133.92892456054688,136.74693894623502,133.82881433443535,135.3235557494751,28648000
2022-01-20,132.13583374023438,136.41638959519287,131.79584612438092,135.05247646638676,29908000
2022-01-21,129.205810546875,133.6801282847316,128.943140301046,131.42810942176132,55652000
2022-01-24,129.6543426513672,130.04983783070446,123.40574871292903,124.87075517822278,76622000
2022-01-25,125.81932067871094,128.26166818247938,125.38864558275658,127.6084637559973,46960000
2022-01-26,128.09713745117188,131.8310265621683,126.02451243511305,129.96656245343323,49130000
2022-01-27,127.87115478515625,131.4865877278821,127.79928232197474,130.14994443376057,31950000
2022-01-28,132.17893981933594,132.18439982716436,127.3557110756648,128.51938847818633,34362000
2022-01-31,134.11428833007812,134.28230836211273,131.0474879109952,132.9828264004286,39986000
2022-02-01,136.43421936035156,136.58191182952572,133.18751085954932,136.38515490873857,68644000
2022-02-02,146.69918823242188,150.21451067811546,144.24347030048295,149.92062310914736,123200000
2022-02-03,141.8323516845703,148.35948154682154,141.41158317819725,144.42487252128518,71518000
2022-02-04,142.03353881835938,143.60163470292892,139.27995591119637,142.18371170014618,57998000
2022-02-07,137.9775390625,142.98215841687698,137.6791745678362,142.98215841687698,54974000
2022-02-08,138.17379760742188,138.7695132466174,135.80976527306845,137.80457400105325,54284000
2022-02-09,140.34747314453125,141.27178722548067,138.95482359458836,139.72450302884025,40144000
2022-02-10,137.401611328125,140.24093608556134,136.74444425283198,138.47559928783693,39330000
2022-02-11,133.10226440429688,137.93341878729322,132.22751362039665,137.38182183921865,39958000
2022-02-14,134.3348388671875,135.10203810058192,132.08528518005716,132.08528518005716,34302000
2022-02-15,135.40780639648438,136.8946223837062,134.6277210675767,136.36134149082847,26680000
2022-02-16,136.5273895263672,136.87232287322377,133.7381120163284,135.44547612196956,25022000
2022-02-17,131.37408447265625,135.90837156390384,131.31411513265346,135.04552392763165,38950000
2022-02-18,129.25685119628906,132.89162828166567,129.05216896587058,132.293916239701,45620000
2022-02-22,128.67254638671875,131.01873151195204,127.09650976671601,128.6968214918031,44990000
2022-02-23,126.46659088134766,130.89036178652327,126.40662154377361,130.49140310139634,32786000
2022-02-24,131.52471923828125,131.83100899869677,123.85523180480044,123.85523180480044,54456000
2022-02-25,133.27772521972656,134.08258496199525,130.5935183573774,132.37820011756196,36406000
2022-02-28,133.86996459960938,134.55834913060832,131.42711758243306,131.88060076108007,38864000
2022-03-01,132.8831787109375,135.0578951055112,132.04760096390638,133.69299913792386,26496000
2022-03-02,133.3887176513672,134.07363858013736,131.90190155372292,133.4447243246417,23520000
2022-03-03,132.72262573242188,135.24029431326773,131.8562994539406,134.81456495195397,24604000
2022-03-04,130.74710083007812,132.67501249501674,129.19189132762278,131.75913799419806,30430000
2022-03-07,125.2677230834961,130.57714191731998,125.18495329978524,130.3323188037654,45112000
2022-03-08,125.98734283447266,130.09640705754634,124.56991120175218,125.1403534553541,40428000
2022-03-09,132.24734497070312,132.56007791135033,128.75877778532615,130.0964193195806,37026000
2022-03-10,131.2655487060547,132.10064255507427,129.76188368845354,130.11227705245972,27102000
2022-03-11,128.72901916503906,132.6195239239846,128.49212139674947,132.31521548383986,31526000
2022-03-14,124.84397888183594,129.26279649048794,124.17392551133625,129.10519737260148,38812000
2022-03-15,128.0624237060547,128.713162774351,124.61548797628525,125.85995365691173,30920000
2022-03-16,132.1090545654297,132.16108344524727,127.6030057057171,129.58394480607387,35576000
2022-03-17,132.66265869140625,132.90203693206857,131.02318923079633,131.97872086094247,28264000
2022-03-18,134.92904663085938,135.0465048489617,131.0960307543159,132.2517827162383,44566000
2022-03-21,134.9052734375,135.84543842143734,132.9139283478914,134.96672499602926,26832000
2022-03-22,138.63868713378906,139.8103052333626,134.9052963546293,134.9052963546293,35496000
2022-03-23,137.06015014648438,138.3616132811459,136.6235310367747,137.48339904374487,25154000
2022-03-24,140.32769775390625,140.37428175630868,136.53978312219112,137.97653660408002,26396000
2022-03-25,140.42779541015625,140.78661319393285,138.50930604145182,140.6686558555551,24126000
2022-03-28,140.2122039794922,140.75439330324906,138.5826413227132,139.66207420173586,35050000
2022-03-29,141.2529754638672,142.52966445696305,140.79008476675781,141.39374081978931,34318000
2022-03-30,140.69094848632812,141.4660728529996,140.35542274045525,141.2078644355121,19884000
2022-03-31,137.84521484375,140.85898818058075,137.80259350469294,140.80446372092825,37524000
2022-04-01,138.91867065429688,139.23634932313234,137.0918670617453,138.27389064424523,25942000
2022-04-04,141.71487426757812,142.4488747295106,139.07726712649293,139.12484935301754,25942000
2022-04-05,139.35531616210938,141.73371683584432,139.14865258935774,141.6132941655978,21418000
2022-04-06,135.34783935546875,138.13561937873442,134.3258953417317,137.53048114777272,32468000
2022-04-07,134.6941375732422,135.9589233791473,133.04772597265375,134.81456023404073,26234000
2022-04-08,132.1160125732422,134.4775643861143,131.79683653197742,134.39182259689332,25142000
2022-04-11,127.69123840332031,130.9315035311139,127.53760194851499,130.66487062485646,36884000
2022-04-12,126.59197998046875,130.4433348003117,125.67461550166297,130.4433348003117,32710000
2022-04-13,128.7523193359375,129.18845446203287,126.61824282890016,126.87496906105243,27928000
2022-04-14,125.61614990234375,129.3326989063027,125.48827832283405,129.3326989063027,31598000
2022-04-18,126.55431365966797,127.0855981275949,125.07295002814799,125.88376118192888,20808000
2022-04-19,128.86630249023438,129.187444684176,125.8832479970726,126.5691670682094,26490000
2022-04-20,126.91461181640625,130.24409728114765,126.37936469139383,129.74154970357304,31696000
2022-04-21,123.71746063232422,128.95501432098166,123.43198996855905,128.11397656104157,36446000
2022-04-22,118.58399963378906,124.2998191633257,117.87974930996148,123.90135199182903,56884000
2022-04-25,121.99227142333984,122.19398166489279,117.46938074819151,118.05419147063641,46128000
2022-04-26,117.6071548461914,121.43322887611035,117.46937661496328,121.21962308439458,73054000
2022-04-27,113.2899398803711,116.2115281359682,111.74563485499026,113.46339722510035,91820000
2022-04-28,117.48076629638672,118.59785963790864,113.11200403723606,115.39179161420873,48884000
2022-04-29,113.10655975341797,116.88356939125211,112.81415439821426,115.70848796251151,42676000
2022-05-02,115.55833435058594,115.71940460074636,111.61033985325037,112.40826488753257,35534000
2022-05-03,116.30271911621094,117.40098229604361,115.01464126005,115.40715683615127,24968000
2022-05-04,121.18641662597656,121.7746984397327,114.10421172565688,116.0028802952593,49916000
2022-05-05,115.48149871826172,119.97515308141593,113.99468267182898,119.1474930563822,45840000
2022-05-06,114.72915649414062,116.53812038689702,113.01337571511645,114.17209964267633,39710000
2022-05-09,111.52210235595703,114.06555074428341,111.01609125808115,112.25460544901141,40802000
2022-05-10,113.38955688476562,115.22825625829458,111.90819312090024,114.49228193195775,39900000
2022-05-11,112.60401153564453,115.34173644656327,112.24123109079025,112.24123109079025,37534000
2022-05-12,111.8521957397461,113.29043907288383,108.85923393706668,110.39858573493113,53836000
2022-05-13,115.0304946899414,116.83895961506994,112.60649331317624,113.52633065893913,35038000
2022-05-16,113.4391098022461,115.14894677053942,112.88849600182488,113.94512093552153,25990000
2022-05-17,115.44927215576172,115.87252101925971,113.86036470486414,115.81354235490828,23054000
2022-05-18,110.9159927368164,114.38572970803413,110.57501446156296,113.98924386906536,35126000
2022-05-19,109.41380310058594,112.01672181932308,109.03317553495751,110.45209689987173,34144000
2022-05-20,107.95077514648438,111.19749090818948,104.86662695851531,110.96702866649967,48962000
2022-05-23,110.50809478759766,111.1617983492407,107.78523742789535,108.6243014393132,37184000
2022-05-24,105.0385971069336,105.52280600519344,100.98900326705386,104.8423393279953,76780000
2022-05-25,104.87504577636719,105.56393689303482,102.94367020306227,104.0627448772428,40258000
2022-05-26,106.8450927734375,107.69455509948278,104.30015422152373,104.7481849485602,37948000
2022-05-27,111.32930755615234,111.33079733654694,108.17923875397253,108.5207160824911,37914000
2022-05-31,112.76212310791016,114.71778157634024,111.09341756221775,111.755545645054,50012000
2022-06-01,112.8909683227539,116.07226223773644,112.25461274183665,113.84550925646737,36606000
2022-06-02,116.58869171142578,116.86325753077544,111.95379502062653,112.99803295268033,37992000
2022-06-03,113.53427124023438,115.29912428517936,112.5207591526129,115.04239803816901,26136000
2022-06-06,115.79373931884766,118.2980302082557,115.14300770312117,115.6787539707655,33542000
2022-06-07,116.11984252929688,116.65658702589174,114.0407818998257,114.46551304706918,31590000
2022-06-08,116.16395568847656,117.52836028330441,115.57517473426661,115.73525430628604,26108000
2022-06-09,113.82617950439453,117.25923874880715,113.76720083398786,115.3050626696795,25798000
2022-06-10,110.1844711303711,112.28336016383942,109.39596129686058,111.45669077399432,41452000
2022-06-13,105.45738220214844,107.83529107558937,105.18628753798215,105.84791642014875,47252000
2022-06-14,105.77754211425781,106.97591545107889,104.87009189196922,105.59863233927445,33706000
2022-06-15,108.79975128173828,110.44416645951732,106.7231636370719,107.59096455911155,39698000
2022-06-16,105.1015396118164,107.69355345483342,104.21391025532901,106.27860230897124,51684000
2022-06-17,106.2017822265625,107.74410579485648,104.12271420584322,105.10153777233351,51376000
2022-06-21,110.56360626220703,111.50079919576064,107.64548168742688,107.97208392269314,47416000
2022-06-22,110.50760650634766,112.35026079420923,109.41231534981758,109.58478958192295,30774000
2022-06-23,111.25547790527344,111.75158241290121,109.5292910357325,111.2450721279725,28362000
2022-06-24,116.93807220458984,117.04116198171148,111.9597177381019,112.00184751717647,41164000
2022-06-27,114.81539916992188,117.53725815108606,114.16714052686946,117.23345639112544,36420000
2022-06-28,111.02304077148438,116.27844224563663,110.8649425315994,114.784683854193,35792000
2022-06-29,110.71971893310547,112.16589494206592,109.8980029257133,110.57153493394433,24716000
2022-06-30,108.00529479980469,109.91337852535331,105.81174794310992,109.03318289219757,43170000
2022-07-01,107.78178405761719,108.28977655197615,105.7924202926031,106.9843506377648,35476000
2022-07-05,112.26750183105469,112.38049828174634,104.80219643466671,106.15916719622534,39342000
2022-07-06,113.56498718261719,114.57354585155757,110.49619829116553,112.30615296257244,37432000
2022-07-07,117.73897552490234,118.14190442135235,113.82419547258564,114.06852703009027,40936000
2022-07-08,118.3044662475586,118.63304981056329,115.87401417090683,116.21945418412874,38238000
2022-07-11,114.65979766845703,116.96089626552066,114.31683805679349,116.96089626552066,31196000
2022-07-12,113.01834106445312,115.94588075015933,112.69074816289236,115.19354915850505,29960000
2022-07-13,110.3747787475586,113.19229389367698,110.22411430080437,110.71922052622219,43722000
2022-07-14,109.39744567871094,110.11657102778943,107.42047675216378,109.241827899975,37004000
2022-07-15,110.79505157470703,112.14607830712104,109.92526931854086,111.01609870201857,46770000
2022-07-18,108.07169342041016,112.68082434708725,107.41749833919559,111.64996438782659,43164600
2022-07-19,112.80968475341797,113.01783808815178,108.59703937527189,109.87570205635436,36530900
2022-07-20,112.89889526367188,114.38571124810389,111.4913779467038,112.17530815715327,35600400
2022-07-21,113.33502960205078,113.54319050720274,110.13342322528176,113.27555937905743,32676200
2022-07-22,106.95164489746094,111.35261562744701,105.56394829009997,110.02439680939997,48901200
2022-07-25,106.56507110595703,108.90432910851514,105.36570699180157,107.45716230393901,34690900
2022-07-26,104.0969467163086,106.25778639316266,103.1552995551691,105.66306147231995,47991000
2022-07-27,112.0662841796875,112.9088193610781,107.06067446511638,108.29968789382276,59858500
2022-07-28,113.2160873413086,113.33502778538879,110.48034369240179,111.3823490591432,32816600
2022-07-29,115.2976303100586,115.68420188473884,112.06628125487264,112.08610970412361,37223400
2022-08-01,113.85044860839844,115.69410090489107,113.3350148683378,114.28658368655181,26034300
2022-08-02,114.11808776855469,115.32736606008014,112.72048458212805,112.9980223744773,20236000
2022-08-03,117.04216766357422,117.57742237828928,114.46502121528304,114.69299545382555,28499000
2022-08-04,117.15119934082031,117.73601004530308,115.86262235872188,116.44744062554241,21602900
2022-08-05,116.43753814697266,117.07191247720034,114.98045700767706,115.20843882744883,19159500
2022-08-08,116.26902770996094,119.0939769251346,115.85271343429999,117.34944383201373,19138300
2022-08-09,115.60491180419922,116.28884966977363,114.6929996916588,116.11043142494283,19086500
2022-08-10,118.6479263305664,119.85720468184134,117.36927109011395,117.7360142356941,30930400
2022-08-11,117.79546356201172,120.42217315306054,117.51792580519208,120.21401983544581,24293700
2022-08-12,120.61052703857422,120.61052703857422,118.41003791477617,119.2030095573056,19096300
2022-08-15,121.00701141357422,121.2250789907804,119.54993038618566,120.06535665403284,19494800
2022-08-16,120.6303482055664,121.3539353982233,119.57966720477233,120.45192996370155,19041200
2022-08-17,118.4992446899414,120.2239492265823,118.33073312003822,119.06423449827227,22847000
2022-08-18,119.11378479003906,119.75807324012199,117.67653233875487,118.38029100928513,17987700
2022-08-19,116.17980194091797,118.10275306426914,115.73376016351709,118.0135401713866,21809500
2022-08-22,113.23590850830078,114.61369077944998,112.84933693940785,114.18746987498629,21456600
2022-08-23,112.85924530029297,113.9991390611321,112.43302441797354,112.4825879754463,15870400
2022-08-24,112.69075012207031,113.77116618601146,111.8779576273456,112.5024176637424,17734600
2022-08-25,115.62474060058594,115.69412505365322,113.10706427704174,113.23591895778435,16956800
2022-08-26,109.37018585205078,114.10817938697578,109.2215102957735,113.71169359144874,37245700
2022-08-29,108.4582748413086,109.97482602837435,107.8437290366526,109.02326464751619,21191200
2022-08-30,107.98250579833984,109.52879220958579,106.8525261036081,109.2016908341797,27513300
2022-08-31,107.26883697509766,109.87571872929853,107.17962406819578,109.67747958870974,28627000
2022-09-01,108.77546691894531,109.47922565257869,106.41638802751207,107.32830011371269,28360900
2022-09-02,106.90206909179688,109.76666731895013,106.31725842726799,109.61798420619859,24160700
2022-09-06,105.8712158203125,107.08049412281643,104.8502699767572,106.3569145236708,25068300
2022-09-07,108.4880142211914,109.01336227424459,105.96043133074927,106.11902111929638,23167000
2022-09-08,107.42741394042969,108.63669221562516,106.21814322757177,107.09040592922442,24238300
2022-09-09,109.67745971679688,110.01446770720469,108.06178152061504,108.11134507795128,23197700
2022-09-12,109.88561248779297,110.63893469392616,108.96378628731095,110.01446714894143,22966800
2022-09-13,103.40310668945312,107.34812886109147,103.17512488610275,106.85252347865307,38172900
2022-09-14,104.0771255493164,104.35466334080722,102.74890681508529,103.65090463743046,26395100
2022-09-15,102.00548553466797,104.3447355717328,101.45040246140101,103.11563655652857,34188300
2022-09-16,101.89646911621094,102.22356291951621,100.05281649828837,101.17288193424302,42797200
2022-09-19,102.16407775878906,102.42179463607586,100.65744095181202,100.85568004982535,23036800
2022-09-20,100.25105285644531,101.4702453845617,99.6364994799985,101.18279336472388,26517100
2022-09-21,98.40739440917969,101.97575131964689,98.39748018499488,100.7763873127521,31487300
2022-09-22,99.25983428955078,100.35016449651606,97.92170141907806,97.95143652872501,34298600
2022-09-23,97.87213134765625,98.78405083604791,96.61329722824732,98.75430816604332,31625400
2022-09-26,97.3071517944336,99.00212116985077,96.94040867838093,97.23776734850438,27072700
2022-09-27,96.64303588867188,99.12106244991988,96.01857591767867,98.55607269644881,30072800
2022-09-28,99.17063903808594,99.81491997880579,96.25647699916067,96.79173171420844,32466300
2022-09-29,96.56373596191406,97.77301411797487,95.11656937653636,97.77301411797487,31047200
2022-09-30,94.80931091308594,98.03074589010642,94.72009801207578,96.19700749257774,32941500
2022-10-03,97.77301788330078,98.4173063180856,95.67164858345502,95.90954458427032,27982000
2022-10-04,100.74665069580078,100.94488980250854,99.49772314899776,99.55720093087983,28850800
2022-10-05,100.53850555419922,101.03411092367425,97.93162403320214,98.95256988434666,22176900
2022-10-06,100.5285873413086,102.02531761520133,99.70588064565636,99.79509354103838,22324000
2022-10-07,97.81266784667969,99.64640604800172,97.43601051980215,98.97238249935859,27502800
2022-10-10,96.9998779296875,98.22897705771258,96.15735036259238,98.12985750199623,18225100
2022-10-11,96.32585144042969,98.37765718707726,95.46349545095802,96.57365410336944,26507100
2022-10-12,96.70250701904297,97.88205009327943,95.88971460177453,96.44479769912304,21876400
2022-10-13,98.18932342529297,98.90299629495368,93.55045733483536,94.31369376135358,34574500
2022-10-14,95.7113037109375,99.80500878199092,95.52297881847961,99.11115674778205,25410700
2022-10-17,99.09133911132812,100.04290051639435,97.96135947016587,97.99109458245891,28419200
2022-10-18,99.88430786132812,102.56058152852803,99.09134376768007,102.22356592791553,24060700
2022-10-19,98.75433349609375,100.13211596190627,98.05057470554004,99.13099845606514,23811100
2022-10-20,99.09133911132812,101.42068284311566,98.51643506587006,99.12107422362116,25323200
2022-10-21,100.24114227294922,100.41956051373178,96.861117485556,96.98997216298973,32458700
2022-10-24,101.6189193725586,101.84690116488177,99.10125080640549,100.90525400873032,27176400
2022-10-25,103.56169128417969,103.89869927280016,101.81715843544772,101.99557665364006,40611400
2022-10-26,94.09563446044922,97.44592398970775,93.85774600381856,95.58245054848182,88114100
2022-10-27,91.40945434570312,94.59123986812598,90.993147655817,93.68923447770169,60710900
2022-10-28,95.44367980957031,95.70139671064247,91.32023964176592,91.45900853564996,43697300
2022-10-31,93.67932891845703,95.18596591202643,93.15398843755676,94.58132675716521,31675000
2022-11-01,89.67484283447266,95.18597249623339,89.57572326633404,94.61106841375579,47161400
2022-11-02,86.20559692382812,90.37859311828306,86.11638402723818,90.14070466460588,57038300
2022-11-03,82.69671630859375,85.75955401223071,82.60750340529754,85.56131487965403,61288000
2022-11-04,85.81902313232422,85.87849335362182,82.97424573696946,84.64939421866777,51124900
2022-11-07,87.71223449707031,88.11863452220038,86.08664952122535,86.51287043332725,34078900
2022-11-08,88.11862182617188,89.52613903084507,86.8201308276418,88.11862182617188,30429000
2022-11-09,86.55252075195312,88.6538902246859,86.51287141522182,87.67258615584599,31769100
2022-11-10,93.11434173583984,93.56038355540274,90.80481883714413,91.43919312210994,51620100
2022-11-11,95.56262969970703,96.07805594966968,93.09450954770053,93.85774604143894,33090500
2022-11-14,94.8588638305664,95.93928745861939,93.67932820432442,94.25422468031444,30179500
2022-11-15,97.57477569580078,99.25983072215564,95.85997799853077,97.39635748199429,41640800
2022-11-16,97.9811782836914,98.76423566096419,96.78181421845211,97.03953112343324,29105200
2022-11-17,97.49547576904297,98.40738771120833,95.93927542078849,96.11769363228491,26052600
2022-11-18,96.57366180419922,98.03074278844717,95.5229808495008,97.9018805535472,28342300
2022-11-21,94.7597427368164,97.53513576068444,94.52185428293382,96.43489126326328,21647400
2022-11-22,96.19700622558594,96.36551023797273,93.22337397827062,95.10666835170002,23438500
2022-11-23,97.59459686279297,97.89196307410882,96.23663558921139,96.23663558921139,18868100
2022-11-25,96.6033935546875,97.77302247882432,96.543923332857,97.37653668783366,9701400
2022-11-28,95.20579528808594,96.72234652124172,94.7696601393946,96.18709181030358,26237500
2022-11-29,94.35334777832031,95.27517402033777,93.28283842068635,94.8886024571373,20061700
2022-11-30,100.10237884521484,100.15194241127442,93.59012404398783,93.98660988544916,43647500
2022-12-01,100.10237884521484,101.35130659899957,99.36888495403137,100.13211395991522,28687100
2022-12-02,99.55721282958984,99.88430663851699,98.03074732602357,98.17943045499304,21480700
2022-12-05,98.60564422607422,100.48893851504042,98.1298597604134,98.52634555474117,24405100
2022-12-06,96.12761688232422,98.9030023011365,95.57253374869178,98.42722540069438,24910700
2022-12-07,94.10555267333984,96.02849641963317,93.88748509454602,95.56263371133674,31045400
2022-12-08,92.8863525390625,94.73991924555087,92.62863564307744,94.54167257081721,32213300
2022-12-09,92.01409149169922,93.43152310128887,91.93479282039716,92.94582441131696,28225400
2022-12-12,92.48986053466797,92.73766318967445,90.80480550555872,91.89513567511982,29420000
2022-12-13,94.78948974609375,98.65521352800921,94.1947647555695,96.90077367161189,40593700
2022-12-14,94.2343978881836,96.018580115214,92.77731699649831,94.3632525525602,28733600
2022-12-15,90.0614013671875,92.81696579796765,89.21887381683445,92.31144624282094,40107000
2022-12-16,89.4666748046875,90.52726989079738,88.73317348357445,89.96228012646478,58011800
2022-12-19,87.66268157958984,89.76404353999254,87.43469977854382,89.4666848509379,29493000
2022-12-20,88.2375717163086,88.39616905558795,86.67146458378042,87.33557392675367,23453800
2022-12-21,88.79264831542969,89.4270225012476,87.5437208285783,88.29704301011338,24745600
2022-12-22,86.9886474609375,87.76179054640475,85.56130172632905,87.3851332274773,27658300
2022-12-23,88.44573211669922,88.76291923113465,86.30471342250716,86.34436275710375,23003000
2022-12-27,86.62191009521484,88.15828984043061,86.24525271849105,88.01952093519877,20097300
2022-12-28,85.26394653320312,87.26619651001516,85.18465541951453,86.21551552084601,19523200
2022-12-29,87.67259979248047,88.06908565912538,85.84877539318839,85.85868961949771,23333500
2022-12-30,87.45452117919922,87.52390562395297,85.80910782884277,86.21550783549851,23986300
2023-01-03,88.3366928100586,90.24972960120895,87.74196039065848,88.80255544716131,28131200
2023-01-04,87.30583190917969,89.85324286170601,86.50294617668717,89.55587665525148,34854800
2023-01-05,85.4423599243164,86.80032131544093,85.14500124959856,86.70120175720164,27194400
2023-01-06,86.57232666015625,86.91925640594395,84.1141287068417,86.02716538968608,41381500
2023-01-09,87.2463607788086,89.25852481278592,87.08777100232832,87.58337634262733,29003900
2023-01-10,87.6428451538086,87.89064781997227,85.07561316227476,85.2242962744404,30467800
2023-01-11,90.71560668945312,90.79490536631714,88.22767309213403,88.39617710871649,26862000
2023-01-12,90.32902526855469,91.06252660626463,88.96115727194007,90.67595505151839,30258100
2023-01-13,91.31034088134766,91.37972533429402,89.33782596038705,90.05149894060011,26329200
2023-01-17,90.48761749267578,91.43917877077745,89.25851845375324,91.25084633493321,32602400
2023-01-18,90.31912231445312,91.98435660415667,89.84333784782173,91.3301539078307,29116700
2023-01-19,92.23216247558594,92.78723807060146,89.83342673497357,89.92263963407981,37000400
2023-01-20,97.15846252441406,97.43600785288929,94.18483063749785,94.2641293027765,63191100
2023-01-23,98.91291809082031,99.1607207694037,96.64304464751609,97.08908644403112,40005100
2023-01-24,96.8412857055664,98.73450183779414,96.3456803384707,97.23777151171052,33078500
2023-01-25,94.3830795288086,95.31481996198589,92.93591288382635,94.73000174467127,42330000
2023-01-26,96.6628646850586,96.71242824527482,94.54167438000948,95.65183309275027,30114000
2023-01-27,98.49662017822266,99.43826741577091,96.45472078244721,96.45472078244721,33879800
2023-01-30,96.08796691894531,97.42609984090785,95.5527122376928,96.62322160019781,27226200
2023-01-31,97.97126007080078,98.0109094055175,95.96901782279963,96.01858138177985,29870700
2023-02-01,99.54730224609375,100.30062458138316,96.7223529416814,97.8424184378622,35531100
2023-02-02,106.79303741455078,106.9020711952248,104.68176137141613,104.87009382209624,69883800
2023-02-03,103.85905456542969,106.86242173682118,101.67839407914221,102.02531630709647,65309300
2023-02-06,101.99559020996094,103.44275703327085,100.98455098504732,101.49998482270392,31999600
2023-02-07,106.69392395019531,107.22917865979215,102.2136547117616,102.31277427376001,49010200
2023-02-08,98.49662017822266,102.23348157664965,97.17830799578448,101.15306543172245,94743500
2023-02-09,94.17494201660156,99.15081699981067,92.80706624668896,99.12108188521925,119455000
2023-02-10,93.73880004882812,95.89963977995525,93.42161291225615,94.61106278381658,54980700
2023-02-13,93.77845001220703,94.36326072696573,93.01521349695155,93.90730468774592,50076100
2023-02-14,93.84783172607422,94.01633573432831,91.44910358703162,93.6000290448755,54726100
2023-02-15,96.08796691894531,96.26638514602948,93.32248818030943,93.6594961857254,50169000
2023-02-16,94.67054748535156,96.82147314864744,93.9073109194476,94.53177857561236,42462600
2023-02-17,93.5207290649414,94.72009311770113,92.39074945945416,94.01633442041258,34284100
2023-02-21,90.98323059082031,92.28171418116946,90.91384614467198,92.18259462414863,33629300
2023-02-22,90.8444595336914,91.30041553499177,89.81359952809775,90.89401552985218,30884000
2023-02-23,90.09114074707031,91.13191501658295,88.97107536820448,91.11208656749149,41206400
2023-02-24,88.34660339355469,89.09992561252551,87.8014420680175,88.65388384050988,36585100
2023-02-27,89.08011627197266,89.3675683080764,88.55476820178005,89.08011627197266,27502300
2023-02-28,89.26844787597656,90.42817033272811,88.53495395502385,88.54486818110583,30142000
2023-03-01,89.56580352783203,90.22991291205538,88.88186569379845,89.18914616715412,31111200
2023-03-02,91.19139099121094,91.46892879729705,88.80256940162761,88.87196141548718,32204400
2023-03-03,92.8268814086914,92.90618007780824,91.63742405895086,91.66716673162266,35160100
2023-03-06,94.29386901855469,95.1264899199855,93.1738036755349,93.19362456165446,32639300
2023-03-07,93.03504180908203,94.8291308506661,92.70794044588578,94.14520057401873,27835500
2023-03-08,93.42160034179688,95.11656958375383,93.17379768837036,93.29274568445635,34103300
2023-03-09,91.50858306884766,94.69036890987229,91.09227633727548,93.22338112366414,28813500
2023-03-10,89.83341979980469,91.97443846501345,89.60544558188205,91.35988513059155,35941000
2023-03-13,90.3092041015625,91.75637076191212,88.6340556613181,89.29816499049838,37335600
2023-03-14,93.14407348632812,93.53064506595086,91.62752227975622,91.74646272743232,36050200
2023-03-15,95.26526641845703,96.07805893634688,91.82576388320213,92.40066793697098,50622100
2023-03-16,99.43826293945312,100.30061902134946,94.66062738841612,95.35447189407667,65492000
2023-03-17,100.72683715820312,101.93610789707766,99.22019261289883,99.37878995970463,61028500
2023-03-20,100.33035278320312,100.85569326789229,98.99221979039645,99.24002247655834,32960400
2023-03-21,103.99783325195312,104.17625149489693,100.3303563898546,100.36009150328888,42110300
2023-03-22,102.4614486694336,105.65314064298035,102.42179933554432,103.35353221376229,43427400
2023-03-23,104.67184448242188,105.36569648380548,103.54186493178221,104.136589817013,40797800
2023-03-24,104.51327514648438,104.56283115191431,102.9273317259528,104.06722572358287,30393300
2023-03-27,101.5594482421875,103.83923589570183,101.03410777688019,103.70046700155793,31120900
2023-03-28,100.14201354980469,101.54953089706174,98.86335086819658,101.53962423516843,32057900
2023-03-29,100.49886322021484,101.58919359656976,99.76536933973438,101.38104023436605,28779600
2023-03-30,100.00325775146484,100.27088890436659,98.90301315028726,100.02308620252188,33086200
2023-03-31,102.81829071044922,102.9768804923042,100.1519314693277,100.40964837247186,36863400
2023-04-03,103.44275665283203,103.61126066891856,101.03411417712786,101.49007022424684,25035400
2023-04-04,103.79959106445312,104.6520329153803,103.12556745121624,103.41301947651381,24420100
2023-04-05,103.55177307128906,105.16744363432637,102.7488949015205,104.85025654335166,28290500
2023-04-06,107.46707153320312,108.2104796222192,103.41302305102441,104.33484938389788,48711500
2023-04-10,105.50446319580078,106.64434938467814,104.19606545034118,106.03971785017113,27067400
2023-04-11,104.4240493774414,105.79192503108294,103.75994000022175,105.61350679636178,26311800
2023-04-12,103.72029113769531,105.81174640224904,103.42292489102086,105.64324239155782,24370300
2023-04-13,106.48577117919922,106.54524140425345,104.90974215422128,104.90974215422128,24843600
2023-04-14,107.91311645507812,107.98250090468606,105.90095229177238,105.95051585392284,26578000
2023-04-17,105.0385971069336,105.22692955632782,103.60133708165166,103.7401135343835,37571200
2023-04-18,103.58152770996094,105.6035986320666,103.15530676712977,105.55403506755718,26596400
2023-04-19,103.26433563232422,104.05730725261225,102.16409110128505,102.66961069827711,20905700
2023-04-20,104.36456298828125,105.31612423862752,102.95704577812343,102.99669510884661,27820800
2023-04-21,104.48353576660156,105.06834651824295,103.85906811249279,104.54300599562588,25800100
2023-04-24,105.0385971069336,105.69279222417367,103.77975530677848,104.56281265248298,23542800
2023-04-25,102.9372329711914,105.75227538154243,102.92731874642017,104.89983354732145,46664100
2023-04-26,102.7984619140625,105.41525758570141,101.72795253139088,103.99782596670221,53347600
2023-04-27,106.64435577392578,107.41750647367289,102.62995696914422,103.53195477534291,50089200
2023-04-28,106.39655303955078,106.40646726401752,104.16632896179492,106.09919436658583,36139800
2023-05-01,106.25779724121094,107.04085469916035,105.88113985076905,105.9009607398077,26681700
2023-05-02,104.39431762695312,106.2577911455612,102.79846768787561,106.19832091951841,30997200
2023-05-03,104.48353576660156,106.54524851694086,104.0374863619041,104.60247622465018,21795400
2023-05-04,103.76984405517578,104.67184180284514,103.05617118623383,104.56280802773806,23419500
2023-05-05,104.6421127319336,104.94938562732777,103.19494602522195,103.89870471094449,26639300
2023-05-08,106.8227767944336,107.0111092526405,104.2357237525446,104.25554463966958,26511400
2023-05-09,106.40646362304688,109.18185651644418,106.24787384869296,107.43732362452766,36360100
2023-05-10,110.76780700683594,111.94735027992186,106.98138204967745,107.02103138919628,63153400
2023-05-11,115.54544067382812,116.88357371843381,113.40442931492669,114.3857258726591,78900000
2023-05-12,116.47718048095703,116.99260675738344,115.08948388118702,115.65447372138091,41102300
2023-05-15,115.48597717285156,117.43866373909671,114.99037175247821,115.08949132408517,36266800
2023-05-16,118.4595947265625,119.68869389632489,115.40666390786913,115.46613413085095,45035600
2023-05-17,119.77789306640625,120.60059973288946,117.84503529559602,118.55870818399895,33323600
2023-05-18,121.75040435791016,122.22618122876236,119.76798308390626,119.88692352045081,35234200
2023-05-19,121.6810302734375,124.8628157815704,121.07639112841179,122.46408765080419,41353400
2023-05-22,123.95088958740234,125.31875750435499,121.66118793994096,121.85943459899433,35253000
2023-05-23,121.48278045654297,123.53458629434267,121.13585822548262,123.06872361968306,34046300
2023-05-24,119.83737182617188,120.83849672292195,118.80651181921867,120.05543938411122,34182600
2023-05-25,122.39470672607422,124.21853087598284,120.88806215130478,123.42555925112126,42317000
2023-05-26,123.5147705078125,124.15905899914881,121.37375168657263,122.08742462698592,35635900
2023-05-30,122.5830307006836,124.5555455229917,120.92771057579567,124.53571707323403,35076700
2023-05-31,121.7900619506836,122.96959754632296,121.42331126767849,121.67111394373497,37325800
2023-06-01,122.63258361816406,123.32642805270005,121.54225340860589,121.7404925149484,30772700
2023-06-02,123.57422637939453,125.04122142678463,122.67222864615749,122.90020285421588,26980100
2023-06-05,124.90245819091797,126.30997552224953,122.75152529744679,122.92003685811163,32305500
2023-06-06,126.1910400390625,127.16242235359813,124.25818207275529,124.90247058230369,26638300
2023-06-07,121.42330932617188,127.90582057329998,121.04665198703012,125.85402231319067,52539000
2023-06-08,121.06647491455078,122.14689851551302,120.17438376750341,121.15568781042428,29389200
2023-06-09,121.15567779541016,122.67222883886024,120.83849069849471,121.17549868044499,23778300
2023-06-12,122.55329132080078,122.95969134096524,120.59069835405128,121.7107637315462,28306400
2023-06-13,122.74161529541016,124.05992726081115,122.09732686731414,123.8815090432205,22278300
2023-06-14,122.5830307006836,122.95969562270113,120.38254164252703,122.01804087999511,30592300
2023-06-15,123.99053955078125,124.35729022251407,121.32418798075481,122.05768176188316,35246300
2023-06-16,122.44425201416016,125.001577340157,122.1964493483621,124.82315911828891,45535600
2023-06-20,122.01803588867188,123.47511683040602,121.06647452234982,121.84953188431368,26097500
2023-06-21,119.4904556274414,121.58191085699323,119.04440626489465,121.32419395167761,30306300
2023-06-22,122.06758880615234,122.1567941316219,117.78555924986613,118.94527385499144,26952200
2023-06-23,121.26470947265625,121.71075881058304,119.99596102780514,120.31314813901791,34913600
2023-06-26,117.29987335205078,120.927708228838,117.23048890392118,119.69860904954042,33969900
2023-06-27,117.28997039794922,118.03337846384325,115.07956708792895,116.0509569547925,39535900
2023-06-28,119.12370300292969,119.33185634380241,115.82296953551025,116.0608579876023,27091400
2023-06-29,118.05318450927734,119.00474580650618,117.26022054275512,118.19195339247716,24090900
2023-06-30,118.6479263305664,120.0158020352129,118.63801966773421,119.11379660317279,29532200
2023-07-03,118.84616088867188,119.13361289055685,117.77565154972177,118.19195821631217,14467900
2023-07-05,120.6799087524414,121.5323506020042,118.18206099111318,118.19196765372497,27584800
2023-07-06,119.05431365966797,119.24264610609485,117.35934432883768,118.74704077325545,24745200
2023-07-07,118.42986297607422,119.98606354107629,118.35056430162291,119.04440879722722,21709500
2023-07-10,115.4264907836914,117.27014341516231,115.11921786589225,117.2602367523764,35315200
2023-07-11,116.11042022705078,116.67541002080333,114.33615217521867,115.26789264862505,23078800
2023-07-12,117.88469696044922,119.27239354834892,117.36927068843174,117.75584228302935,30404400
2023-07-13,123.44539642333984,123.73284846860429,119.39134023735181,119.86712475835395,44297900
2023-07-14,124.3176498413086,125.6656970596948,122.4046128006824,123.703104019214,33283100
2023-07-17,123.55441284179688,125.9828759841853,123.1083634981514,124.83307552717416,25716200
2023-07-18,122.6722412109375,123.58415326124799,121.87926960750545,123.50485458843724,26193600
2023-07-19,120.95742797851562,124.07974287247721,120.72945377604523,123.50483891108253,37224000
2023-07-20,118.1523208618164,122.9993409263446,117.18093854128094,120.35280998310415,37906800
2023-07-21,118.9651107788086,119.92658641540363,117.68645556733492,119.55984327813516,72937900
2023-07-24,120.46183776855469,121.9189187390688,119.91667640915657,120.59070000224004,29686100
2023-07-25,121.13585662841797,122.067597090128,119.95631349602652,120.29332906056865,52509600
2023-07-26,128.13381958007812,129.82878151515044,127.19217238007396,128.92679121548855,61682100
2023-07-27,128.26263427734375,132.0688941403828,127.65799525968609,130.51268637579733,44952100
2023-07-28,131.41473388671875,132.56454208145672,129.4224055598101,129.63055136465587,36591200
2023-07-31,131.55349731445312,132.35637563474472,130.62175675151056,131.56340397747383,28055500
2023-08-01,130.39376831054688,131.4642776626303,129.53140473197496,129.63053185009693,23166800
2023-08-02,127.25163269042969,128.9465944934301,126.4388326681817,128.31222025946755,26273300
2023-08-03,127.32099914550781,128.25273953384962,126.30005343266693,126.84522229017263,20089500
2023-08-04,126.98400115966797,130.35411143081842,126.78576204807231,128.14371584341106,26147200
2023-08-07,130.37391662597656,130.45321528140613,127.88598370114637,128.02475256698008,22746300
2023-08-08,130.24505615234375,130.35408991442534,128.40140398193742,129.4719131574642,23535200
2023-08-09,128.5203857421875,130.87945697389134,127.86618303626592,130.50280718461022,24912900
2023-08-10,128.55010986328125,130.88936757032903,128.31221386564667,130.16578804061726,20857800
2023-08-11,128.42124938964844,128.78799249024013,127.04346719118266,127.52916585454872,19591100
2023-08-14,130.17568969726562,130.21533146634363,127.8265254190536,128.25273871650413,24695600
2023-08-15,128.63931274414062,130.26489755204278,128.14370743533297,129.94771801923622,19770700
2023-08-16,127.5688247680664,129.13493962042415,126.7461255654186,127.5688247680664,25216100
2023-08-17,128.77809143066406,130.82990482519432,128.15362385412445,128.6591509873898,33446300
2023-08-18,126.33972930908203,128.11399757171444,125.26921981615214,127.38049612525968,30504800
2023-08-21,127.24170684814453,127.59854328866702,125.44761798387218,126.06217131195805,25248700
2023-08-22,127.94548797607422,129.13493787485558,127.19217323593709,127.38049057746434,22054900
2023-08-23,131.20655822753906,132.23742584663677,128.72853142638633,129.03580432978123,27819700
2023-08-24,128.63931274414062,133.07002541485494,128.4311669842587,132.7726592046356,28500700
2023-08-25,128.73846435546875,129.61071958018746,126.13157509513833,128.40144118659,26762900
2023-08-28,129.85848999023438,131.37504093670455,128.99614164313212,130.15585618309913,20543300
2023-08-29,133.38722229003906,135.36964355822954,131.0776996976363,131.0776996976363,43075600
2023-08-30,134.6857147216797,135.08219295170898,132.89162577508347,133.59537690208668,28315800
2023-08-31,134.97317504882812,136.78709265772878,134.59651009871462,134.81457768828804,30053800
2023-09-01,134.46763610839844,136.25181824627185,133.66475792752385,136.25181824627185,21543700
2023-09-05,134.57669067382812,135.22097162539615,133.39714743586188,134.24958930429057,19403100
2023-09-06,133.2781982421875,135.32999653967815,132.4951333142853,134.824484524279,18684500
2023-09-07,134.07118225097656,134.388377002044,131.7814874686669,132.4158618461236,18844300
2023-09-08,135.1813201904297,135.45885797662925,133.66476902845534,133.7242392505445,23558300
2023-09-11,135.71656799316406,136.27164356834132,134.59649505596173,135.33990308514734,20763400
2023-09-12,134.15045166015625,135.66700281159663,134.00177610596597,135.06236368343136,18405500
2023-09-13,135.5084228515625,135.69674018178068,132.9709107286248,133.90265121619703,20749500
2023-09-14,136.8861846923828,137.4809019549108,135.04253244166762,136.39057941127305,24751000
2023-09-15,136.19235229492188,137.30251863025583,135.28044021121335,136.76725635034862,38919600
2023-09-18,136.99525451660156,137.9369017736187,135.40931114975817,135.40931114975817,21861300
2023-09-19,136.82675170898438,137.19351004211867,135.41923398702423,136.21220576515523,20353700
2023-09-20,132.5645294189453,136.86638038785247,132.44557384571905,136.86638038785247,29927500
2023-09-21,129.2935333251953,131.06779392210422,128.9267901856762,130.284744080372,31503900
2023-09-22,129.1051788330078,130.86953246620288,128.46089800194463,129.61069078701092,26397300
2023-09-25,129.9576416015625,130.0171118264149,127.82654454608127,128.6888930557924,20094600
2023-09-26,127.43997192382812,129.21423249109523,126.10183137682498,128.62942178523338,25718700
2023-09-27,129.39266967773438,129.749506221742,127.43999803724336,127.43999803724336,22746500
2023-09-28,131.14710998535156,132.128414207964,128.649254316224,128.69881788548926,22513100
2023-09-29,129.7098388671875,132.87180356786632,129.21423349403221,132.10856705829798,30859800
2023-10-02,132.99075317382812,133.23855587746678,130.01712073016435,130.0567776325655,22288000
2023-10-03,131.2660369873047,133.0799545386721,130.68122625412332,132.76277495232893,22989400
2023-10-04,134.05133056640625,134.37843188809666,131.3651431138617,131.62285243185696,26752300
2023-10-05,133.88282775878906,134.2991344106199,132.27705624495698,133.88282775878906,19832600
2023-10-06,136.37075805664062,136.94566202758472,132.83212890565903,132.83212890565903,27597600
2023-10-09,137.203369140625,137.71880288642004,134.41806978059012,135.73638169070284,19278100
2023-10-10,136.84652709960938,138.49194025439297,136.1229476278013,137.2826621647012,27786600
2023-10-11,139.31468200683594,139.86975763903897,137.36199550625815,137.36199550625815,25884300
2023-10-12,137.74855041503906,139.9787744613181,137.04478417224522,139.8102704594491,24765500
2023-10-13,136.15272521972656,138.76952130215145,135.41922373367413,138.15497540485302,23420500
2023-10-16,137.87741088867188,138.4027513362433,136.7771664348634,136.9555770964501,28501900
2023-10-17,138.4919891357422,138.67039983915632,135.9743049621474,137.41157287703706,23515800
2023-10-18,136.74742126464844,139.48315708044316,136.17251730070473,138.2243153813824,23375000
2023-10-19,136.5392608642578,138.43247675008314,136.17251778023484,137.2826688181467,26066000
2023-10-20,134.40817260742188,136.65820993362706,133.89273882524216,136.1229628278564,26335700
2023-10-23,135.30026245117188,136.4500705092504,132.77267210572043,133.8530881539799,26317900
2023-10-24,137.58995056152344,138.135119454478,136.21216833642438,136.61856834068817,44814300
2023-10-25,124.50597381591797,127.18223962045136,123.97071914254384,127.03356406868409,84366200
2023-10-26,121.20525360107422,123.23723873561569,120.20412859059402,122.18655016094156,57061100
2023-10-27,121.0962142944336,122.22619393308011,119.15344215145646,121.79997301237394,44566500
2023-10-30,123.3660888671875,124.29782939084916,121.6711193945083,122.12707543139821,28940100
2023-10-31,122.98944091796875,124.26810378904446,121.61165847691149,123.9608232910617,26292300
2023-11-01,125.3386001586914,125.37824949738864,122.63259896306457,122.97952122374261,30082400
2023-11-02,126.36946868896484,127.84637073263299,125.8143930349341,127.29129507860225,27124600
2023-11-03,127.96532440185547,128.39153779957329,126.73621752586052,126.89481488882961,26393100
2023-11-06,129.1051788330078,129.19438415583073,127.53906429208809,127.91572915468251,19052700
2023-11-07,129.81886291503906,130.75060336661838,128.73844691253734,129.56115358521535,29757300
2023-11-08,130.68121337890625,131.04797161797262,129.63053247035484,129.81886492088287,26425800
2023-11-09,129.0952606201172,131.38495444905476,128.92675665052784,130.80014388553784,23747800
2023-11-10,131.42462158203125,131.63278248151076,128.27257885187583,128.95651664701234,26913300
2023-11-13,130.92901611328125,131.42462145714984,130.09640276550397,130.62174322003068,18324800
2023-11-14,132.44557189941406,134.50729201715737,132.1482207824069,133.01056927107837,32395200
2023-11-15,133.4368133544922,133.84321347423608,132.39605395591323,133.6846160921879,23861500
2023-11-16,135.72645568847656,136.0139152227425,133.13941062812088,134.00175898157278,28013200
2023-11-17,134.1207275390625,134.86413562027792,132.4753140227168,134.80466539372887,37240600
2023-11-20,135.0524444580078,135.45884443455537,132.44555573609716,132.5149477380473,27815500
2023-11-21,135.76614379882812,135.9742895959558,134.76502634077858,135.09211259340776,22635300
2023-11-22,137.27276611328125,138.19458474282766,136.26172703194487,136.26172703194487,17813900
2023-11-24,135.48858642578125,136.9159321844401,134.7947419943983,136.81680506938213,12514300
2023-11-27,135.2110595703125,137.2033876965765,134.80465954030564,134.83439465228903,23436500
2023-11-28,135.99412536621094,136.04368893356298,134.22977126615422,134.88397405597584,18730000
2023-11-29,133.80352783203125,137.07451079768657,133.65483716334538,136.360853061755,23967200
2023-11-30,131.3651580810547,134.35861874891418,130.1261446568203,133.8630133792204,38988300
2023-12-01,130.70103454589844,130.94883720390865,129.52149147382195,130.70103454589844,31442300
2023-12-04,128.13381958007812,128.88713431514626,126.7758581121976,128.73845875055255,36669900
2023-12-05,129.8386993408203,130.97858563372688,127.1227764879299,127.81662097598935,27384800
2023-12-06,128.87722778320312,130.68122350903377,128.73845888121613,130.28474525326413,23576200
2023-12-07,135.72645568847656,137.34213375268916,133.51606035882827,133.85306832170912,56767100
2023-12-08,133.80352783203125,135.20112331976583,132.85195897633275,133.02046296777098,32260100
2023-12-11,132.11846923828125,132.16803279885028,130.20543982265264,131.21647898449544,31138000
2023-12-12,131.355224609375,131.83100143226736,130.10628965285787,130.65145847318897,29032800
2023-12-13,131.4048309326172,132.32664977230945,130.4136200728995,132.20770930904013,30104800
2023-12-14,130.7803497314453,132.54470366937534,128.55012552763398,132.20769564183271,38722400
2023-12-15,131.43453979492188,132.33653000234125,130.0270073455555,130.46314245666346,50847100
2023-12-18,134.6063995361328,135.9445247418158,131.26600960302858,131.46426381839478,32258000
2023-12-19,135.4489288330078,136.26172882321336,134.88394662917216,135.63726127584442,25476800
2023-12-20,137.12405395507812,140.45452176756532,136.85643801566755,137.74852139637935,49107200
2023-12-21,139.185791015625,139.45342211326152,137.9566844233994,138.2639724149609,27488300
2023-12-22,140.24639892578125,140.74200424587772,139.4732558364047,139.53272605486842,26532200
2023-12-26,140.27615356445312,141.42594657240042,139.94905219268907,140.34553045409487,16780300
2023-12-27,139.13624572753906,140.83122273553664,138.6604688106895,140.34552403156647,19628600
2023-12-28,138.9974822998047,139.8994877320987,138.5217053642322,139.5426512492503,16045700
2023-12-29,138.4622344970703,139.12634389616656,137.56022906895078,138.40276427098348,18733000
2024-01-02,136.95558166503906,138.2243301608941,135.28043314911363,137.3322465738531,23711200
2024-01-03,137.698974609375,138.40274078957884,135.87515073698754,136.0436547238705,24212100
2024-01-04,135.19122314453125,137.93688094484938,135.15158137245075,137.20337960162615,27137700
2024-01-05,134.53700256347656,135.95444150265752,133.96209863444332,135.54804155071932,22513900
2024-01-08,137.6197052001953,137.78820922289705,135.06237949599685,135.09211461031617,21404000
2024-01-09,139.71116638183594,140.24642871103555,136.93577297492843,137.28270282254584,24759600
2024-01-10,141.0294647216797,141.74313767378752,139.67151083001588,139.7607161678604,21320200
2024-01-11,140.83123779296875,143.94363922184246,139.4038917651352,142.2288487056122,24008700
2024-01-12,141.3961944580078,141.94136334539857,140.57350292074238,141.41602290609686,18785500
2024-01-16,141.2375946044922,143.08124680493754,140.20672717807517,140.75189599736566,22670500
2024-01-17,140.22659301757812,140.59333617350276,137.6791740029759,140.10765256153263,20968600
2024-01-18,142.2189178466797,142.9425126026269,140.74202347084398,140.80149369743117,25746400
2024-01-19,145.09339904785156,145.16277591860452,143.11097803121055,143.46781441919282,34271900
2024-01-22,144.7068634033203,147.0857631627537,144.55817271543333,145.80710794511032,32200400
2024-01-23,145.74761962890625,145.88638852663772,144.22116175386006,144.60773333501743,21636100
2024-01-24,147.39305114746094,148.53295270577948,146.7983337091306,147.2344537807019,25233500
2024-01-25,150.53512573242188,151.7047619246054,148.22560357615959,148.75095902771966,29149100
2024-01-26,150.8523712158203,151.19928591444616,149.68273462913356,149.7719550941985,26115500
2024-01-29,152.16073608398438,152.42836718497855,150.0990161895496,150.72348371697814,27784300
2024-01-30,150.1287841796875,152.26978786685433,149.86115304703833,151.4570029311418,36331800
2024-01-31,138.8686065673828,142.73432173106326,138.6406172470756,142.35765687548871,71910000
2024-02-01,139.9193115234375,141.80260587734793,139.5525532652903,140.87086536289783,40466500
2024-02-02,141.12857055664062,141.36645142167342,135.30024736856095,138.03598318915266,62499600
2024-02-05,142.41717529296875,144.19145127928024,141.52509153007875,141.5647484360212,38505400
2024-02-06,142.83346557617188,144.08238559279584,141.93146022405054,143.37861935248668,29128200
2024-02-07,144.26077270507812,144.3400713617922,142.66492315980338,143.48762970795593,25208900
2024-02-08,144.62754821777344,145.0438548719161,143.8246700187359,144.54824955155473,22563800
2024-02-09,147.6903839111328,148.1265190084021,144.89516267391085,145.39076798904887,26829500
2024-02-12,146.23330688476562,148.0273957523625,146.07470954986746,147.1154837637095,21564100
2024-02-13,143.86431884765625,145.3808699923918,142.42706637302987,143.6462512860247,27837700
2024-02-14,144.6572723388672,145.2321762817776,142.82352674295169,144.79604121304055,22704200
2024-02-15,141.51513671875,142.25854464312403,139.22544273162563,141.88187978821253,37590700
2024-02-16,139.28492736816406,141.9314580380152,138.90826247425002,141.7332189292563,31468900
2024-02-20,139.87966918945312,140.831238252674,138.2640058017007,138.43250982988707,25144700
2024-02-21,141.297119140625,141.43588806391705,139.44354444240048,140.20678108284588,23223300
2024-02-22,142.82354736328125,143.7255527379726,141.5448922041246,143.65616072853092,27191900
2024-02-23,142.6947021484375,143.40835995334845,142.16934655124388,142.40724256933106,19493800
2024-02-26,136.36085510253906,141.18804608290887,136.18242932238044,140.89067986576057,53641800
2024-02-27,137.65936279296875,138.02610595453126,135.88508696473966,136.80692088729302,33099200
2024-02-28,135.1813201904297,136.796983347661,134.21984460085443,136.68794956560583,37328600
2024-02-29,137.24302673339844,137.63950492469195,135.2011201866837,136.07339035713764,42133000
2024-03-01,135.93463134765625,137.6494215802847,135.71656378920932,137.21328646339086,31151100
2024-03-04,132.17794799804688,134.46764221027212,130.75060222297805,134.46764221027212,55999400
2024-03-05,131.50393676757812,132.06893419092674,129.52151514124904,130.7208868800359,40194800
2024-03-06,130.24505615234375,132.40590294868642,129.69990246660805,131.949939455071,35318600
2024-03-07,133.1988983154297,133.75397388585452,130.45324044956945,131.62286181229678,37738200
2024-03-08,134.21986389160156,136.8763016912152,132.822252972934,133.03041390483907,39370400
2024-03-11,136.45999145507812,137.8774307891928,134.93353345070832,134.93353345070832,32437800
2024-03-12,137.28269958496094,138.1549699529064,135.8256184588143,135.8256184588143,27563400
2024-03-13,138.5613555908203,139.8499326977314,137.7683990247307,137.7783056881699,23347200
2024-03-14,141.8422393798828,142.32792288200474,139.22544406599317,139.9490235510771,42753400
2024-03-15,139.93911743164062,141.9215388042357,138.7992311922684,141.24752279739727,49475400
2024-03-18,146.38198852539062,150.81270155253688,145.87647651462308,147.3038223387608,69273700
2024-03-19,145.7377166748047,147.4822421656298,144.79606947876087,146.8577896722865,24070400
2024-03-20,147.43270874023438,147.5516492035206,145.4502870205174,146.6992072590552,21311500
2024-03-21,146.30270385742188,149.04834657827197,145.60884427485487,148.15626300736415,24755600
2024-03-22,149.44482421875,150.2477023731003,147.67054880079294,147.80931767778344,29211800
2024-03-25,148.7510223388672,149.05829528824307,146.5207978840941,148.62216008602792,19229300
2024-03-26,149.34571838378906,150.92173980939236,148.66178056238658,148.89967658168865,22149100
2024-03-27,149.54393005371094,150.3071664081134,147.59124407048597,149.85120290265056,22879200
2024-03-28,149.60342407226562,150.09902942352818,148.85010938322958,149.52414052577765,24485400
2024-04-01,154.1233673095703,154.3711700008442,149.28625393600836,149.3655526121771,31730800
2024-04-02,153.20150756835938,153.3402764470575,150.8126863978592,152.15082675469168,24586000
2024-04-03,153.558349609375,153.716946940742,151.3875959008957,152.2499594372824,24705000
2024-04-04,149.20693969726562,153.40967834779974,149.12764102936788,152.15083657251893,34724700
2024-04-05,151.15963745117188,152.07154951460475,148.28513236262637,148.71134571985755,23459200
2024-04-08,153.48898315429688,153.9052898339039,151.26866573838439,151.4371697426533,20702000
2024-04-09,155.22360229492188,157.16636680492698,153.825991572372,154.71807515609422,31079500
2024-04-10,154.7676544189453,155.23352470706243,153.32047998943062,154.83704643510924,22838600
2024-04-11,158.0089111328125,158.27652714867145,155.08484241109738,155.53088422887154,27166400
2024-04-12,156.3436737060547,158.8117940185791,155.75886296974886,156.57166307757163,25353700
2024-04-15,153.4989013671875,157.8404094057048,153.23127022277416,157.4637444709509,27136500
2024-04-16,153.04295349121094,154.28196708853187,152.08147772971566,152.83480767668053,20779500
2024-04-17,154.10353088378906,155.69938073798713,153.22135395349792,154.25220644098835,21763100
2024-04-18,154.6387939453125,155.56062786894117,153.26101151618397,153.97468451361368,19883000
2024-04-19,152.73568725585938,154.9857402824542,150.96142636132757,154.82714290509986,32615600
2024-04-22,154.90640258789062,156.2544497066036,152.7059136863934,152.9537163543577,26446200
2024-04-23,156.86898803710938,157.572754235579,154.90639523489975,155.58042632459905,21151600
2024-04-24,157.73138427734375,158.1675194626567,155.78860439495244,156.10579912051713,22779100
2024-04-25,154.62884521484375,155.1145438273879,149.54393027269114,149.99989377882164,57109700
2024-04-26,170.43869018554688,173.17444161155032,168.15890237210272,172.83741845240817,64665300
2024-04-29,164.6896514892578,168.05977693862212,163.75792613748897,167.57407825152322,45610000
2024-04-30,161.3492889404297,166.62253752967678,161.1708782605576,164.1544172520467,33562900
2024-05-01,162.41976928710938,165.65111039357393,161.65653289129983,162.8559043704291,33493200
2024-05-02,165.15553283691406,165.26456662605938,162.44953168316837,163.34161532186556,24294500
2024-05-03,165.77008056640625,166.4837534702782,161.61690537224646,166.08726012108556,34662400
2024-05-06,166.62252807617188,166.6621698501134,164.5707146259979,165.98815382038057,21871300
2024-05-07,169.7448272705078,170.25033926742327,166.90996414876957,167.01899792747776,28039700
2024-05-08,167.89129638671875,168.65451784133106,167.25692205611742,167.51463142881647,19569100
2024-05-09,168.46617126464844,169.18975081513116,166.70180236639047,167.90117392580035,15346700
2024-05-10,167.1676788330078,168.35714377508077,164.72930897604326,166.55313303769844,29799900
2024-05-13,167.65338134765625,167.7921502441081,162.5585588283877,162.81626817189104,31327600
2024-05-14,168.84283447265625,169.7448398794561,167.3163765820282,168.27785221350925,25127100
2024-05-15,170.9937744140625,171.13254332493105,169.01135275898227,169.13030834306738,26948400
2024-05-16,172.64907836914062,173.58081887894542,171.17218405543662,171.7669014209654,27867900
2024-05-17,174.51255798339844,174.72071889069628,172.1633934028928,172.64907697879545,24479300
2024-05-20,175.364990234375,177.1987360270171,174.53237690001112,174.64141067889267,22554400
2024-05-21,176.2868194580078,176.58417055209722,174.26474127015484,175.34515724447746,16989400
2024-05-22,174.82974243164062,175.5929637561036,173.6700277652412,175.08745176039344,17880000
2024-05-23,172.02464294433594,176.68333083049927,171.42991039517594,175.5137093084088,21024900
2024-05-24,173.4519805908203,174.22512379260593,172.12374664509454,173.44205880318444,16579400
2024-05-28,174.8495635986328,175.7119272031069,172.83740706265183,172.9167057345963,20572200
2024-05-29,174.35394287109375,175.2856832784532,173.18432159354813,173.88807266741404,23388700
2024-05-30,170.5972900390625,173.67995620758435,170.28009532573515,173.6601277568323,22931500
2024-05-31,170.9838409423828,171.53891649882755,167.9507387056137,170.34946671720675,37638900
2024-06-03,171.64796447753906,172.9960117081414,169.65563630662328,171.0234968625416,27459100
2024-06-04,172.26251220703125,172.3219975576634,170.37921780326457,171.7570001617278,26879600
2024-06-05,173.8682861328125,175.09737781727256,172.40128329216327,173.6601252146541,22068500
2024-06-06,175.1766357421875,175.59294235698053,174.20525364100376,174.3539291731896,23251000
2024-06-07,172.9266357421875,176.30665293703487,172.76803839075907,175.493867979147,19661400
2024-06-10,173.67086791992188,175.70518493273318,171.43808427850212,173.63118065101344,23726700
2024-06-11,175.2685546875,175.48687252833415,172.440371072749,174.8716214180017,21540600
2024-06-12,176.4296112060547,179.0295742492246,174.76247320161096,176.88609812176736,27864700
2024-06-13,173.81973266601562,175.38764480431132,173.5418763520932,174.76246052696914,20913300
2024-06-14,175.437255859375,175.7051941501706,172.81745685502335,172.886928506799,18063600
2024-06-17,175.88381958007812,176.99524483970762,173.47240531751984,174.1174408030097,19618500
2024-06-18,173.75025939941406,176.03266350713454,172.7678442779151,175.78457643329608,21869900
2024-06-20,174.95101928710938,175.93343447480135,173.65104535533175,174.02812743639052,20160100
2024-06-21,178.2555389404297,179.466205138687,175.2586426839211,175.645657934706,57759000
2024-06-24,177.84866333007812,179.5058831721026,177.30286873730756,178.78147315371626,18298000
2024-06-25,182.62185668945312,182.87986179667686,178.04713041446374,178.24559704633074,23130200
2024-06-26,182.47300720214844,183.0981763241254,181.0837105201297,181.23257184786374,19839000
2024-06-27,183.99131774902344,184.62642010992184,182.61195409916436,182.77071833286294,18848900
2024-06-28,180.75625610351562,183.71346525578238,180.56772262567728,182.90966546961494,29156600
2024-07-01,181.58982849121094,182.4730179096056,179.91275737108273,181.6295157623823,16006100
2024-07-02,183.82260131835938,184.1500780686585,180.17075176456586,180.65700787416756,17372500
2024-07-03,184.39816284179688,184.6660859724945,182.59208172180752,183.43558380831382,10242100
2024-07-05,189.1416015625,189.39960668236182,184.3783264542018,184.43786493247498,20967500
2024-07-08,187.5836181640625,188.71489474236242,186.3431826553111,188.44695643270228,21035900
2024-07-09,187.53399658203125,189.89579062187278,187.2759914489027,188.8538217724112,15121400
2024-07-10,189.71714782714844,190.28279364749721,187.5836049591009,187.7026819141074,15952500
2024-07-11,184.15008544921875,189.39960141202818,183.66382932012837,188.39733505757295,25625800
2024-07-12,183.65390014648438,185.67828393880026,183.0783363373865,183.66381817797418,22898400
2024-07-15,185.1027069091797,186.79962897877238,183.50502571552826,183.50502571552826,16474000
2024-07-16,182.51271057128906,187.2362833659617,181.96691593885006,185.9263913901426,18290700
2024-07-17,179.63490295410156,182.14554307379208,178.52346250305996,181.56997921247492,20734100
2024-07-18,176.33038330078125,181.10357651103143,175.11971708479683,180.53793067512186,25315700
2024-07-19,176.30062866210938,178.91049478015813,175.77468519675912,177.511294978359,18881900
2024-07-22,180.27992248535156,181.30204007198228,178.85093844213043,179.2081844529357,24100300
2024-07-23,180.39898681640625,182.20506795075516,180.15089974687697,180.65700705961783,36352700
2024-07-24,171.30908203125,174.84183935353695,170.50528237716065,172.27166103830413,49585200
2024-07-25,166.00003051757812,172.09304877138803,165.9107228003057,171.19994131459546,44852000
2024-07-26,165.72216796875,166.80382399385917,162.8046615111257,165.8710141586151,41336900
2024-07-29,168.2328338623047,169.12594142294034,166.70462389049712,167.5381929660285,20293800
2024-07-30,168.9870147705078,169.91982475766497,167.1511791810506,168.93740946049667,18959700
2024-07-31,170.22743225097656,172.91670298864665,168.7091404604878,171.91443658888358,25729100
2024-08-01,169.45338439941406,172.71821867309802,167.58777995648467,168.94729223504007,24531400
2024-08-02,165.38478088378906,167.22061625981866,163.41000220136607,165.1664630337912,29130100
2024-08-05,158.03146362304688,163.17182044634595,153.74451178437454,154.3101575722687,53630700
2024-08-06,157.0788116455078,159.34137978517677,155.2132070680051,158.11086239581772,49004600
2024-08-07,157.72381591796875,161.73289574421796,157.25741108044065,160.01613770044082,25138600
2024-08-08,160.79022216796875,162.4375242703021,158.9841558176074,159.28184824643242,25578800
2024-08-09,162.4176483154297,162.53672526881738,157.84292193770273,158.78564981676743,28602300
2024-08-12,161.0481719970703,163.6382012323742,160.6016183651967,163.09242187232363,15895300
2024-08-13,162.90391540527344,163.46954611395418,161.72301839794923,162.15965411245918,18551700
2024-08-14,159.1428680419922,161.97106632758315,156.50323346974255,161.15733357604037,40591100
2024-08-15,160.06578063964844,160.40317542086007,158.38870962322818,159.27189898700752,31524300
2024-08-16,161.71310424804688,163.7970268327427,159.89710483293223,160.2344996596875,24208600
2024-08-19,165.3946990966797,165.4145503036196,163.0031359185699,164.01533548402497,22416200
2024-08-20,165.90078735351562,167.34962258490438,165.54355648931903,165.62293103111787,18341500
2024-08-21,164.5809783935547,165.5733267344455,163.40999947744584,163.88632244130392,22902000
2024-08-22,162.54664611816406,166.30763931714822,162.06039002531082,165.9801625781286,22493300
2024-08-23,164.3527069091797,164.9084194881608,162.5764102626484,163.45959957039315,13955700
2024-08-26,164.8885955810547,166.26795909914733,163.20160651563705,165.106913416324,14190400
2024-08-27,163.41990661621094,165.16644927065664,163.20160392643822,164.5710342489987,11821900
2024-08-28,161.60394287109375,164.33290096897073,160.29403571593602,163.77717314609376,16407400
2024-08-29,160.54209899902344,164.70004059767595,159.02380738480878,163.05273886524938,19699800
2024-08-30,162.12986755371094,162.4077238619854,160.45279653031872,161.37567316665184,22123800
2024-09-03,156.1559295654297,160.61157889702227,155.28265821334085,160.48256877218185,38945300
2024-09-04,155.25291442871094,157.78340604462628,154.76667337142607,155.46131426900152,19353800
2024-09-05,156.03684997558594,158.2299312085826,154.78648144405375,155.1040401638185,18688700
2024-09-06,149.7652130126953,156.62234382988387,149.39804896411633,156.09640040925774,37912100
2024-09-09,147.76792907714844,152.42820519903154,146.28736276622044,151.54384395398554,39260500
2024-09-10,147.71826171875,150.31172831197244,147.40028159964342,149.4969156283568,31118800
2024-09-11,150.20242309570312,150.54026559740743,146.5854826673726,148.97027288921362,29607700
2024-09-12,153.71005249023438,153.839233801539,151.68296725155358,152.8256911821986,29621500
2024-09-13,156.4625244140625,157.37669455144265,154.22677778049754,154.44537016884462,29591200
2024-09-16,157.05870056152344,157.2474993531957,155.60795803142506,156.313451749423,18379800
2024-09-17,158.31072998046875,159.53293380012653,157.3766823666018,158.0126274199818,20715600
2024-09-18,158.797607421875,159.4832387245749,157.59528121573842,158.84729370623916,23677300
2024-09-19,161.11285400390625,162.7523953061902,160.31791891468873,162.67291544318158,26587700
2024-09-20,162.55368041992188,162.69279293629415,161.03337393309369,162.46425419413836,40896400
2024-09-23,160.82470703125,164.4416474906759,160.64583942390462,163.3088698512438,24150900
2024-09-24,161.2618865966797,162.18600293337994,159.67203168983335,161.9972041569506,23332100
2024-09-25,160.46697998046875,161.77861000791742,160.27818118844277,160.44710243338025,18869200
2024-09-26,161.69911193847656,163.0405658423745,161.25196569121914,162.60335078741144,20319300
2024-09-27,162.911376953125,164.6502907376612,161.5997470113798,161.77859943711212,21101300
2024-09-30,164.7993621826172,165.09744958161895,162.22575806160205,162.2853907035285,20413900
2024-10-01,165.93212890625,168.08838020304094,163.53739254376728,166.62769139519463,28338100
2024-10-02,164.80931091308594,166.45879878634457,163.68646438360673,165.3657609999376,17760200
2024-10-03,164.80931091308594,165.584368557219,162.88159799640147,163.36849940346053,15073100
2024-10-04,166.00167846679688,167.16426473931182,164.43168589066445,166.99534350266865,19047400
2024-10-07,161.9475555419922,167.41271432730716,161.71901678363855,166.65753420806615,22463100
2024-10-08,163.33868408203125,163.68645779124333,161.8382399845631,162.901468985077,23072700
2024-10-09,160.8346405029297,163.7957583809211,158.72807525360884,162.41456443992033,31181800
2024-10-10,161.05323791503906,162.03697180217182,159.38387269706766,159.85089649743236,14144100
2024-10-11,162.20590209960938,162.86170956550862,160.21857182956228,161.10293319324816,15344300
2024-10-14,163.91500854492188,165.17695235890986,162.36487818674945,162.60336327926677,19016100
2024-10-15,164.41183471679688,166.61775729768382,163.58709086133464,164.7397308583214,20247200
2024-10-16,164.11373901367188,164.74968410008972,162.70273632699872,163.48772512033995,16406000
2024-10-17,161.89785766601562,165.3160682513299,161.7289364078274,164.68012315374543,21453400
2024-10-18,162.384765625,163.66660222742627,162.04692309495266,162.1562268737477,19757700
2024-10-21,163.03062438964844,163.45789306330104,161.58979800498344,161.91770927556843,20946500
2024-10-22,164.0938720703125,164.719886004102,161.94755157914383,161.94755157914383,16568100
2024-10-23,161.74880981445312,164.76956032222017,160.90418838301372,163.71626254064074,18280500
2024-10-24,161.68919372558594,162.29533007096418,159.9900196550578,161.79849749810091,22412500
2024-10-25,164.22303771972656,164.54100267206263,162.38475119304076,162.63316747166715,19828900
2024-10-28,165.66384887695312,167.68098784367282,162.91139226813863,167.68098784367282,32138600
2024-10-29,168.6051025390625,169.30068030332265,166.03151333010814,166.6674584466476,42169000
2024-10-30,173.3548126220703,180.86691803166593,172.95733750175077,179.5353953312524,68890800
2024-10-31,170.02601623535156,175.6998499725552,169.91671248048732,172.03322375098372,44769000
2024-11-01,170.2049102783203,171.228399412592,167.810188601417,168.99265264899384,31796500
2024-11-04,168.1678924560547,169.64844379948434,166.9456734265419,168.8535086611848,21492700
2024-11-05,168.66473388671875,169.4497227111904,167.77042612333224,168.35668494331603,18242100
2024-11-06,175.39181518554688,175.81909904785277,172.40088879790804,172.69899134986846,33695500
2024-11-07,179.60498046875,179.93289179611503,176.067534869967,176.28614242154367,25352900
2024-11-08,177.22018432617188,179.7540183112244,176.95189049215537,179.50560202546419,22006200
2024-11-11,179.20750427246094,179.40623425717754,177.3394090594478,177.44871282536081,17450400
2024-11-12,180.46945190429688,181.33395085774214,178.25358296080182,178.68086684117154,25134900
2024-11-13,177.74681091308594,179.81363605883408,177.40895326922643,179.31680352847516,23184000
2024-11-14,174.46771240234375,177.68719264307913,173.21569988978717,177.15060502189382,31007500
2024-11-15,171.3972930908203,173.03683438867833,170.1353342086739,172.62942807176185,32504600
2024-11-18,174.1894989013672,174.32861141194803,171.80469351153303,172.32140362031606,20135300
2024-11-19,176.99163818359375,177.7368870735365,172.4605273586821,172.61951742744716,23434900
2024-11-20,174.86517333984375,176.5544009125721,172.67911323618793,176.21655843045156,18997100
2024-11-21,166.56809997558594,173.02692368437366,162.662987910428,172.79836977486937,59734400
2024-11-22,163.7162628173828,165.40550568311707,162.8617101914929,164.79936934193785,38604600
2024-11-25,166.58795166015625,167.56175439657423,164.56088148234778,165.0378364955745,33135300
2024-11-26,168.04864501953125,168.74422275300518,166.5184073625678,166.5680936524055,20486700
2024-11-27,168.15794372558594,168.40636000516253,166.95561742322607,167.9294049937709,19266500
2024-11-29,167.8797149658203,168.35666996658753,166.10106111500806,167.43256870496816,14257200
2024-12-02,170.4036407470703,170.98989954223964,167.50214035040204,167.7008703464783,23789100
2024-12-03,170.25457763671875,171.5860852555961,169.7676914327812,170.40363650165742,22248700
2024-12-04,173.265380859375,173.80196851105399,169.976351762093,170.06577798333072,31615100
2024-12-05,171.5463409423828,174.9446737388749,171.2383071896845,174.24911120663256,21356200
2024-12-06,173.60325622558594,173.97090750291954,170.77130430056872,170.94022556750923,21462400
2024-12-09,174.45875549316406,175.3441303590525,172.7476915668061,173.05609352730906,25389600
2024-12-10,184.20785522460938,185.39167441568316,180.109267593904,181.89991783336416,54813000
2024-12-11,194.3846893310547,194.59360484337623,183.88951960925283,184.34712093414166,67894100
2024-12-12,190.9625701904297,194.16582489848338,190.71386920648584,193.98676747620544,34817500
2024-12-13,188.83367919921875,191.7285469445743,188.65460660803555,190.01748306194702,25143500
2024-12-16,195.6381378173828,197.96597529078676,191.6191215772895,191.8678225512729,44934900
2024-12-17,194.4045867919922,200.37341051362353,193.9668706236853,196.2250798486302,43504000
2024-12-18,187.42108154296875,195.97640265451105,186.76452239029663,194.20565261646016,34166100
2024-12-19,187.5304718017578,192.0269895380088,187.40115762090377,190.63427019379503,32265200
2024-12-20,190.41542053222656,191.88772607244653,184.25758188521124,184.8146696474835,63462900
2024-12-23,193.61871337890625,194.0862724877592,189.16198039152084,191.61914756204428,25675000
2024-12-24,195.09100341796875,195.09100341796875,192.7731083908338,193.82759815006608,10403300
2024-12-26,194.58364868164062,195.72766709348628,193.36998671071595,194.13597478356786,12046600
2024-12-27,191.7583770751953,194.30508758122627,189.65934042755555,193.9369998492268,18891400
2024-12-30,190.24630737304688,191.5494980812226,188.13731273783964,188.8137872976618,14264700
2024-12-31,188.3163604736328,190.96254219798286,187.53045697905083,190.08711000538557,17466900
2025-01-02,188.44570922851562,191.00236272405684,186.52574484771176,189.65937128935172,20370800
2025-01-03,190.79344177246094,192.20607673113864,188.9928490622425,190.37562593745199,18596200
2025-01-06,195.84706115722656,197.1900526464094,192.84276396758787,192.97207816719848,29563600
2025-01-07,194.47421264648438,199.95557646710608,193.58883781557628,196.08579004713673,26487200
2025-01-08,192.9422149658203,195.27005246800397,191.3803807232366,191.5693958945213,24864800
2025-01-10,191.0421142578125,195.49884619203587,189.32110794141667,193.29038055109964,26665200
2025-01-13,190.01748657226562,190.1866014129224,186.38645842630518,189.08238366148746,21823700
2025-01-14,188.6745147705078,190.98245196740993,187.33152340912505,190.24630678281764,17174900
2025-01-15,194.53390502929688,195.33969375687735,190.8630762218721,192.08668076451275,21776000
2025-01-16,191.9076385498047,194.4642768734046,191.8081520804567,193.13124318936406,17815400
2025-01-17,194.9815673828125,196.2051719482703,192.74325857357104,195.50881224351804,27735100
2025-01-21,197.0209197998047,201.23887871445535,196.84184720049228,198.03562405056638,29971300
2025-01-22,197.33926391601562,199.43830095568052,196.50363220208854,198.02568110227872,26200600
2025-01-23,196.95127868652344,199.25923110054313,194.18572496319172,197.11045095911172,26951400
2025-01-24,199.16970825195312,199.85611023612495,196.97118481318788,197.07067128135972,23877500
2025-01-27,190.81333923339844,195.85700244066396,189.73894916830926,191.41022766272687,41728900
2025-01-28,194.28521728515625,194.46427471258818,189.68921264751984,191.7484641400102,24157900
2025-01-29,194.39463806152344,195.7674571519655,192.4249153665142,194.54385257803781,18218300
2025-01-30,199.82626342773438,200.3535083038363,196.6428938419765,196.97118096512546,24354700
2025-01-31,202.9599151611328,204.41232049224394,200.75144907949408,200.95040684244714,32001100
2025-02-03,200.18441772460938,202.69132821835683,199.06029945336385,199.64723020855905,27838300
2025-02-04,205.30764770507812,205.97416454187623,201.75619025433605,202.33317837712485,43856400
2025-02-05,190.33584594726562,191.74846576717462,187.05298980095407,190.0772023789456,70373900
2025-02-06,190.6044464111328,191.10184839531686,187.73940612479137,188.5153520057582,29297400
2025-02-07,184.376953125,190.18660431911357,182.28787402069702,190.05729013281342,49315000
2025-02-10,185.5010986328125,187.22210526115876,184.8942676002274,186.37653098919859,23105600
2025-02-11,184.35707092285156,185.96864842614565,183.3224663388948,184.0685692836796,21239500
2025-02-12,182.65594482421875,184.14815067534644,180.88519509524076,182.26797191010567,22072600
2025-02-13,185.1728057861328,185.3120777313061,182.18839394998832,183.36227049888035,21402500
2025-02-14,184.2675323486328,185.43145115453234,183.36227228593566,184.0984174978102,20448400
2025-02-18,182.81512451171875,184.99374757151398,180.79567372558517,184.63561754552705,29916700
2025-02-19,184.3073272705078,184.4963424448096,182.63604878465782,183.11356559747395,19549400
2025-02-20,183.6010284423828,184.3471314612023,181.77059267929346,183.83978687302678,20441500
2025-02-21,178.72650146484375,184.37698125219566,178.1495132872048,184.1879660516495,35199200
2025-02-24,178.318603515625,182.16848984705686,177.96047349552646,181.04437173412518,29854200
2025-02-25,174.5084991455078,177.81125539535978,173.7822965453186,177.11488051844918,41913400
2025-02-26,171.83248901367188,175.16508845335508,170.68847049649932,174.1603418876601,35431300
2025-02-27,167.6244659423828,173.65297546387492,167.06737815788244,173.08594510447406,39991000
2025-02-28,169.39520263671875,169.7234897370402,165.90344649975822,167.80351036476668,48130600
2025-03-03,166.14219665527344,172.46915017235435,165.06780660374991,171.0366301036563,40770500
2025-03-04,170.03189086914062,172.38957139478455,164.93849945595062,165.37621562667857,45388000
2025-03-05,172.12098693847656,172.87703249017144,168.18155654289944,169.6339770163835,30954900
2025-03-06,171.45445251464844,173.9016615264532,169.6140592892689,169.6439021909127,28302000
2025-03-07,172.95660400390625,174.06083692312112,169.38526170085638,170.37010783184354,27385800
2025-03-10,165.1981658935547,167.77768707285077,163.02700292073365,167.57848498247546,43604000
2025-03-11,163.37559509277344,166.07462568107138,160.71641100595642,164.24208173462625,39587400
2025-03-12,166.43313598632812,166.96098805134596,162.86763464348198,165.9052839213103,28372400
2025-03-13,162.10076904296875,165.45712989370372,161.4534078114044,165.36748287025196,31756200
2025-03-14,164.81971740722656,165.81566708355933,161.79202188086273,162.60870791000892,31995900
2025-03-17,163.6245574951172,165.6264259709924,163.00707358955603,164.36156568984055,31184300
2025-03-18,160.01922607421875,163.5847275921019,156.08522805432327,163.01702900544848,42074800
2025-03-19,163.2261962890625,165.19817244671944,160.34790225399752,161.10481855769754,34275600
2025-03-20,162.14059448242188,164.22212545502225,160.3080509045436,160.91558075554488,28138500
2025-03-21,163.3258056640625,163.5747931026154,160.23835534721192,160.55706656311347,36625800
2025-03-24,167.00083923339844,167.63826163368083,164.47113366947016,166.3933245024789,30879100
2025-03-25,169.8691864013672,169.93891017820465,167.63826869436164,168.2955839776117,24174400
2025-03-26,164.39144897460938,168.92302298152063,164.17233883294872,168.31549307909538,28901600
2025-03-27,161.58287048339844,164.74998295425303,161.3438371056606,163.96318944763343,24508300
2025-03-28,153.70489501953125,161.16456257842086,153.00773337780885,159.8399478606563,48669300
2025-03-31,154.01364135742188,154.9099898943082,150.0497663121255,152.48983972652445,54603500
2025-04-01,156.43380737304688,157.45963422172338,152.99776917438965,152.99776917438965,30672900
2025-04-02,156.40391540527344,157.7683766642482,154.07339703462338,154.52157130636616,25041700
2025-04-03,150.1095428466797,152.16119683607278,149.78087761580798,150.49796262916686,46883400
2025-04-04,145.01026916503906,150.45811474262314,144.79115903527634,147.41049617328275,62259500
2025-04-07,146.1555938720703,152.2308920981867,139.960786565107,140.97665934325744,76794100
2025-04-08,144.11390686035156,151.62337549950988,142.45067281990836,150.60750263275938,52200200
2025-04-09,158.06716918945312,158.90376321404577,143.32711193141117,143.8350407612742,70406200
2025-04-10,152.20103454589844,157.0811818078422,149.322725435418,155.90595330498695,48022000
2025-04-11,156.50352478027344,157.03137687020202,152.2010302665367,152.28069286385934,33636200
2025-04-14,158.4257049560547,161.06496523045752,156.92181138344625,159.3519307590391,30333000
2025-04-15,155.67689514160156,159.00336349160088,154.58135959003184,158.48548058954378,27551500
2025-04-16,152.70896911621094,155.2585979132132,150.8963333701315,152.47990494067977,28187400
2025-04-17,150.54776000976562,154.0534920051937,147.89853016558348,153.66507223082013,33046600
2025-04-21,147.07188415527344,148.346698501599,145.50825109483685,148.2769899279801,26049100
2025-04-22,150.8564910888672,151.5735760354548,147.93835078181212,148.2869392297591,26971800
2025-04-23,154.72079467773438,156.8919577671247,153.18702360261742,154.9797361333446,31128800
2025-04-24,158.63487243652344,158.94361442258594,155.1590023934932,155.51754490565963,45894000
2025-04-25,161.3040008544922,165.4272315126956,160.3877138664607,164.40140465983956,56034000
2025-04-28,159.95947265625,162.48917806099573,157.9576193461597,161.7720931027873,29745800
2025-04-29,159.51129150390625,160.088944095257,156.88198516909392,159.6706470871033,26809000
2025-04-30,158.1568145751953,158.62491214751483,154.7705764946502,157.34012853089786,34981100
2025-05-01,160.64669799804688,161.29405925789504,158.26637869922348,159.80013463025725,30203200
2025-05-02,163.36561584472656,164.3018109241553,161.21436100650547,162.7481319399907,25715000
2025-05-05,163.54489135742188,164.72010459701127,162.06092097475153,162.3397856484502,21341800
2025-05-06,162.56884765625,164.13249581033162,160.53711717512775,161.51314352018753,21277200
2025-05-07,150.76686096191406,164.33169015930102,147.24119073545722,163.41541831659652,127490100
2025-05-08,153.65509033203125,155.2984009569833,152.2806751349548,154.37217520033343,57498700
2025-05-09,152.13131713867188,154.4220044950508,151.58354176260508,153.5455638933439,32435300
2025-05-12,157.8181915283203,158.45559870977985,155.61713606908535,156.85211913184455,44138800
2025-05-13,158.8838348388672,159.919630909492,155.52748962665564,158.1468266808066,42382100
2025-05-14,164.70021057128906,166.3236135788371,158.96354529840758,159.31213380087087,48755900
2025-05-15,163.29591369628906,165.53680044166376,161.71234217984835,165.1682887318073,33146700
2025-05-16,165.51687622070312,168.66408078965867,164.94917762065725,167.0506320085185,42846900
2025-05-19,165.86546325683594,165.9650643097772,163.55486775907139,163.84368649742183,30426100
2025-05-20,163.31582641601562,167.817523283891,162.24019892385144,165.75590012466307,46607700
2025-05-21,167.8772735595703,172.43872486137178,162.89752522096424,163.02700354080346,73416000
2025-05-22,170.1779022216797,176.05401394301808,170.0185618363875,171.15394376538748,74864400
2025-05-23,167.78762817382812,169.2715985296926,167.2099755896054,168.3752347830085,35211400
2025-05-27,172.19969177246094,172.46860243837372,169.3114438097941,169.47079940418584,37995700
2025-05-28,171.66188049316406,174.56009759174123,171.21370619473115,172.45864324425892,34784000
2025-05-29,171.16392517089844,173.71355410724578,169.93891122977584,173.29525703459385,29317300
2025-05-30,171.04440307617188,171.51250064033223,166.76181642373982,170.65598330984582,52639900
2025-06-02,168.34536743164062,169.18196148692468,166.7120106202351,167.16018492149544,38612300
2025-06-03,165.5069122314453,167.79759955842107,164.61056358901342,166.81161909114326,45084900
2025-06-04,167.3693389892578,167.5386486033552,165.68618167672102,166.0646474005772,26900800
2025-06-05,167.5286865234375,170.23765541573877,166.9111874462575,169.6500488073603,36379100
2025-06-06,172.9765167236328,173.79320267833577,170.13806952300837,170.13806952300837,35731800
2025-06-09,175.58908081054688,175.96800471005412,173.87397240224888,174.04348698482235,28935900
2025-06-10,178.09194946289062,180.5948038838724,174.41244383100403,175.6987675223273,61766100
2025-06-11,176.8455047607422,179.8569029175766,176.24720547354727,179.2586188457646,31646800
2025-06-12,175.20018005371094,176.21728270194464,174.25288557862032,175.6788103288989,20941900
2025-06-13,174.17312622070312,176.6261351195968,171.8996131999643,171.9494740114175,27663100
2025-06-16,176.26715087890625,176.43666545813562,174.15317124562452,174.23294549738824,27389200
2025-06-17,175.44949340820312,176.8554862045177,174.08339534937244,175.2002045527736,24973000
2025-06-18,172.8269805908203,176.0577543370001,172.70731159680278,175.50931582595604,28707500
2025-06-20,166.1659698486328,173.8440631360939,164.98933381824614,173.45517315134433,75659900
2025-06-23,164.72010803222656,166.86398612208345,161.53917977382372,165.7970377232315,57671000
2025-06-24,166.29559326171875,167.7414654003419,165.65741447979076,166.44516047022438,40524300
2025-06-25,170.19447326660156,171.86970222006798,167.07338726794845,167.15316152434053,35479000
2025-06-26,173.0463409423828,173.19592338119924,169.4565906415466,171.9394978428303,31796700
2025-06-27,178.0221405029297,178.17170771682706,171.241481190895,173.046329910377,108140200
2025-06-30,175.72869873046875,180.71447592478233,174.08339834249907,180.265759020371,63378900
2025-07-01,175.3397979736328,175.58908681807281,173.0363714854685,175.24009156508697,35904500
2025-07-02,178.13182067871094,178.35119606008848,174.5719841997796,175.04063318866915,29128900
2025-07-03,179.01930236816406,179.15890351135596,176.54636131074304,177.9922335542414,21689700
2025-07-07,176.28709411621094,178.78996387462078,175.18025102838192,178.5506411042797,34175600
2025-07-08,173.864013671875,177.44379785510552,172.3184197808512,177.3440914457585,40442500
2025-07-09,176.11756896972656,178.92955429499338,172.27853009035698,174.75147104078385,43025600
2025-07-10,177.11471557617188,177.92240891673904,173.8839422139032,175.1303863111691,29252400
2025-07-11,179.67742919921875,180.91389212460822,175.97797606848104,176.2870917998284,34282900
2025-07-14,181.0435333251953,183.147531843333,179.1688762904421,180.4950948080724,32536600
2025-07-15,181.48226928710938,183.69595532751242,181.08341324296114,182.28996266650833,33448300
2025-07-16,182.4495086669922,183.80564050002502,181.51218023918355,182.71874486155866,33104200
2025-07-17,183.0577850341797,183.53641535247564,179.96659729454643,181.62187886390834,31992600
2025-07-18,184.5335693359375,185.88970124039062,183.1874187229756,184.87259850820493,34014500
2025-07-21,189.55923461914062,189.74868135121883,185.62045888710102,185.720180506412,45803100
2025-07-22,190.7957000732422,191.10481579575136,186.9267476808465,190.9552485801447,44660200
2025-07-23,189.68885803222656,191.9823183810532,188.64184187130752,190.95524958744798,58681900
2025-07-24,191.62335205078125,197.3869090653604,190.45668205461735,196.46952792005337,74881700
2025-07-25,192.63047790527344,193.77721577448722,190.71594131306063,191.43389443706346,39785900
2025-07-28,192.0321807861328,193.49800038051387,190.29712498462092,193.0991291078416,38139500
2025-07-29,195.1931610107422,195.36267559548023,191.53360267868564,191.88259792418754,41389200
2025-07-30,195.970947265625,197.0379108346005,194.13618500265545,195.04360005779435,32445400
2025-07-31,191.35411071777344,195.43248777249184,190.54641729704366,195.15328548422434,51329200
2025-08-01,188.5919952392578,190.2871562824159,187.28572417197353,188.49227361862017,34832200
2025-08-04,194.4851837158203,194.7145404143055,189.57918094353215,189.7486955367273,31547400
2025-08-05,194.11622619628906,197.2971541323202,193.33844625639603,194.1561209300893,31602300
2025-08-06,195.5321807861328,196.07065317332066,193.11906676548202,193.94670749735778,21562900
2025-08-07,195.9609832763672,196.97807082829456,193.77721051804474,196.49944049707085,26321800
2025-08-08,200.84701538085938,202.03363260270996,196.60910542589713,196.65896623314958,39161800
2025-08-11,200.42822265625,200.90685295750995,198.50372015999918,200.36839577051538,25832400
2025-08-12,202.76156616210938,203.9182700251912,200.01938893683175,200.7971688962253,30397900
2025-08-13,201.385498046875,203.94817934449617,196.94814463612107,203.5493232968563,28342900
2025-08-14,202.36270141601562,203.85843438375156,200.65755913802832,200.92679533252792,25230400
2025-08-15,203.31996154785156,205.85274455493158,200.70741950553764,203.270115954676,34931400
2025-08-18,202.92111206054688,204.68608127587706,201.91399064284568,203.61911775674488,18526600
2025-08-19,200.99661254882812,202.86128819689205,199.39119181596234,202.45245084896237,24240200
2025-08-20,198.7530059814453,200.70742189093835,196.04074228977996,200.15898342104597,28955500
2025-08-21,199.18177795410156,201.9040077554449,198.86268094385764,199.18177795410156,19774600
2025-08-22,205.5037384033203,207.9467659198768,200.7273710651735,202.15329588435108,42827000
2025-08-25,207.89694213867188,209.9211664546662,204.69606649727584,205.84278916147125,29928900
2025-08-26,206.55075073242188,207.258737698756,205.11484464858782,206.91969332896332,28464100
2025-08-27,206.88978576660156,208.31572581537765,205.0649896678173,205.11485047791405,23022900
2025-08-28,211.03794860839844,211.61630051242363,206.31142697470574,206.66043741838072,32339300
2025-08-29,212.3043670654297,214.03940778242327,209.60206914501953,209.91118489504095,39728400
2025-09-02,210.748779296875,211.07782715720617,205.61342035910417,207.84705371453168,47523000
2025-09-03,230.00384521484375,230.6519900738744,224.1505332557257,225.5665071716633,103336100
2025-09-04,231.63919067382812,231.70898363627637,225.46679662750995,228.996719869086,51684200
2025-09-05,234.33151245117188,235.08934505645462,231.24032471140728,231.53947436612376,46588900
2025-09-08,233.5829620361328,237.66498669397225,233.21368944217105,235.01017746372742,32474700
2025-09-09,239.1620330810547,240.00038899582756,232.77452245999913,233.71268917705035,38061000
2025-09-10,238.70294189453125,241.1880848518513,237.38552753776509,238.4334648921733,35141100
2025-09-11,239.9005889892578,241.77692250779666,235.78863959738683,239.41155563146188,30599300
2025-09-12,240.32977294921875,241.60727216892423,237.53523769524105,239.90060472674395,26771600
2025-09-15,251.11866760253906,251.91710844331666,244.18224230445617,244.18224230445617,58383800
2025-09-16,250.66954040527344,252.54585880051692,248.98283818718852,251.58774200911427,34109700
2025-09-17,249.042724609375,251.10868968975305,245.7990711050268,250.72942686827483,34108000
2025-09-18,251.537841796875,253.49402106561863,249.31220074129322,251.18851917528045,31239500
2025-09-19,254.2225799560547,255.50007913340238,251.3182589953225,252.75544937708653,55571400
2025-09-22,252.036865234375,255.28051872493555,249.81122418035432,253.93314887572123,32290500
2025-09-23,251.16856384277344,253.8632882566711,249.9908602190898,252.54585863312587,26628000
2025-09-24,246.6573944091797,251.85722723296598,245.95876438662486,251.16857220037895,28201000
2025-09-25,245.3100128173828,246.0086580355356,240.26988667693965,243.92272782855147,31020400
2025-09-26,246.0585479736328,248.93292875938775,245.4896689933639,246.58752699597628,18503200
2025-09-29,243.5734100341797,250.65953566268354,242.295910900337,247.3659922504587,32505800
2025-09-30,242.6252899169922,242.8149061000678,238.78280195485732,242.33584768941728,34724300
2025-10-01,244.4217529296875,245.81902814560354,238.1440427490887,240.2798631456683,31658200
2025-10-02,245.210205078125,246.32801300536266,241.82682587144092,244.6712510924991,25483300
2025-10-03,244.8708953857422,245.8190372139174,241.18809864914257,244.0125741538274,30249600
2025-10-06,249.94094848632812,250.82922509816828,244.10238160883648,244.30198799944458,28894700
2025-10-07,245.2800750732422,249.95094390133718,245.04055349112926,247.78518329877946,23181300
2025-10-08,244.14230346679688,245.52958847857047,243.3438778825467,244.4816510919942,21307100
2025-10-09,241.05833435058594,244.28202248032238,238.68297718710045,243.99259549865826,27892100
2025-10-10,236.10801696777344,243.61332042411627,235.37943159764913,240.9585114020794,33180300
2025-10-13,243.6732177734375,244.02254038501275,239.2419009980627,239.74092459803205,24995000
2025-10-14,244.97068786621094,246.63742490132327,240.04033214741565,240.75892736637323,22111600
2025-10-15,250.53977966308594,251.61767243328853,245.5096286311317,246.76716258187247,27007700
2025-10-16,250.96896362304688,256.4582081692579,249.61161877856424,251.27835582828322,27997200
2025-10-17,252.80535888671875,253.72356048353365,247.32607427452788,250.27031046967195,29671600
2025-10-20,256.04901123046875,256.82748687148535,253.73354951664797,254.19265795496185,22350200
2025-10-21,249.97091674804688,254.3822836916651,243.67322591369708,254.2425576881656,47312100
2025-10-22,251.19850158691406,255.85936494298178,248.8031791754094,253.87326076642051,35029400
2025-10-23,252.58578491210938,254.54194887812838,251.35819113136333,252.48597410141812,19901400
2025-10-24,259.4124450683594,261.16898745224296,254.82142179583195,256.07894057309267,28655100
2025-10-27,268.7441711425781,269.61249783187736,263.76392512831256,264.30287916974333,35235200
2025-10-28,266.9476623535156,270.2013056862688,265.9795554362353,269.1633281612099,29738600
2025-10-29,274.0338134765625,274.80229881772505,267.14729422835535,267.22712459889897,43580300
2025-10-30,280.9303283691406,291.02057063774566,279.5130879862653,291.02057063774566,74876000
2025-10-31,280.6408996582031,285.44150434001006,276.48901957648127,282.6569440736325,39267900
2025-11-03,283.1659240722656,284.972386884343,279.2535660437013,281.6289230119746,29786000
2025-11-04,276.9980163574219,280.7207127582489,275.72051721535576,276.20955057551157,30078400
2025-11-05,283.75482177734375,285.8607173914154,276.79843096748175,278.32544209852534,31010300
2025-11-06,284.19390869140625,287.78688430464956,280.59097331869594,284.772762601716,37173600
2025-11-07,278.2854919433594,283.225837847663,274.65261591386644,282.6569436244069,34479600
2025-11-10,289.5334777832031,290.2320924976737,282.30759586857965,283.8645774088431,29557300
2025-11-11,290.7411193847656,291.34994399814246,286.75892091303916,287.18807388729897,19842100
2025-11-12,286.15008544921875,291.43975353768866,283.1359940674285,291.11038092678234,24829900
2025-11-13,278.0260314941406,282.2876823136169,276.69861158680555,281.7886586854728,29494000
2025-11-14,275.8702087402344,278.01600396166356,270.1713681999226,270.8799731285475,31647200
2025-11-17,284.4634094238281,293.3759943011471,283.01625922074476,285.2219350622342,52670200
2025-11-18,283.7248229980469,288.23598483976616,277.65671014644306,287.3577289930973,49158700
2025-11-19,292.2381896972656,303.21670857801746,286.07026549054086,286.5992292728396,68198900
2025-11-20,288.884765625,305.8216273232207,288.1062900504894,303.94529376978943,62025200
2025-11-21,299.0747985839844,303.32648898994427,293.2761473513388,295.84113571634185,74137700
2025-11-24,317.9578552246094,318.85612204740676,308.9954110970811,310.52242205466104,85165100
2025-11-25,322.8083801269531,328.187838552192,317.0296784660599,325.5729598317621,88632100
2025-11-26,319.3252258300781,323.86632857763385,316.1713929045335,320.053780820363,51373400
2025-11-28,319.55474853515625,326.2117368304371,316.1713843298485,322.73852157316225,26018600
2025-12-01,314.2751159667969,319.2254218425781,313.27706870792247,317.0796263275952,41183000
2025-12-02,315.1932678222656,317.75825630619534,313.29698432996054,316.1214443613123,35854700
2025-12-03,319.0058288574219,320.9520026070636,313.4866291038915,315.2731421058358,41838300
2025-12-04,316.999755859375,321.73048997615604,314.0854750084747,321.6007694211511,31240900
2025-12-05,320.64263916015625,322.5289631420099,318.5467642354111,318.8661162174194,28851700
2025-12-08,313.3121643066406,320.02342950621124,310.8154143139121,319.63392187795114,33909400
2025-12-09,316.66778564453125,317.57660631064704,311.4945269093235,311.96391713296777,30194000
2025-12-10,319.7937316894531,320.8923078304596,314.27092168020465,315.4194206321133,33428900
2025-12-11,312.02386474609375,320.70257104825845,308.19885677560706,319.66391441105065,42353700
2025-12-12,308.887939453125,314.46067218572114,305.1627773855729,313.29221022339095,35940200
2025-12-15,307.8193359375,311.0151883437652,304.4836813703359,310.91531224146183,29151900
2025-12-16,306.1714782714844,310.3660001485481,302.1966411442108,304.55358908476643,30585000
2025-12-17,296.3342590332031,307.6894729197007,295.7350329501308,307.60959033164653,43930400
2025-12-18,302.0668029785156,303.56485302569047,298.8410213827925,301.32777470817274,33518000
2025-12-19,306.7607116699219,306.85059101726483,300.5787559089981,301.33777770154796,59943200
2025-12-22,309.3773193359375,309.7268704705607,304.90313186415943,309.4771954426739,26429900
2025-12-23,313.94134521484375,314.5305745464577,308.91788552805923,309.2274800840275,25478700
2025-12-24,313.6816711425781,314.67037436380235,311.5145092668577,314.360779810128,10097400
2025-12-26,313.10247802734375,314.6804107746781,311.8740659325972,314.0712183432231,10899000
2025-12-29,313.15240478515625,313.6117983030154,310.2162240166622,310.9652491009125,19621800
2025-12-30,313.4420166015625,316.5379928503015,312.0538089034933,312.09376543928346,17380900
2025-12-31,312.5931091308594,314.17104176667254,311.03513952358344,312.4433102220648,16377700
2026-01-02,314.74029541015625,322.0807464242433,309.9265541489014,316.4880203907529,32009400
2026-01-05,316.1285095214844,318.60526603903236,314.2209888461081,317.2470486555906,30195600
2026-01-06,313.9313659667969,320.5227923064431,311.3746963103618,315.9886856047422,31212100
2026-01-07,321.56146240234375,325.72602466406613,313.78158025326775,313.9513421990662,35104400
2026-01-08,325.0169372558594,329.8905982345552,321.08205673508803,328.54234711069296,31896100
2026-01-09,328.14288330078125,330.3999246926398,325.37646465172014,326.6647962522232,26214200
2026-01-12,331.4285888671875,333.6057781716088,324.5775210522192,325.37646891287716,33923900
2026-01-13,335.5332336425781,340.04734658205444,333.18628259299794,334.5145706345901,33517600
2026-01-14,335.4034118652344,336.08252056576845,330.05039437456895,334.62442706687915,28525600
2026-01-15,332.347412109375,337.25103316994193,330.3100554080323,337.2110766328429,28442400
2026-01-16,329.5710144042969,334.2149635116852,327.27401649506595,333.97528525413946,40341600
2026-01-20,321.5814208984375,327.30398324237245,320.01345448184367,320.4528849486331,35361000
2026-01-21,327.953125,332.0478012719212,318.9348648307384,320.50283121296127,35386600
2026-01-22,330.11029052734375,334.7142826747097,328.3226090802118,334.0152109953496,26253600
2026-01-23,327.5036926269531,333.2562145369407,327.0243361197249,332.05776231305794,27280000
2026-01-26,332.8267822265625,335.4034148973675,326.5749102768944,327.3838548641184,26042100
2026-01-27,334.1150817871094,337.4707297257924,333.04649592160257,334.93402312381306,21636200
2026-01-28,335.57318115234375,337.10119086219134,331.5084650266126,335.6231039588608,27434400
2026-01-29,337.810302734375,341.8450595994438,326.11553330804276,339.857625711299,39785600
2026-01-30,337.56060791015625,339.5580079569619,331.8580393103398,339.5580079569619,31024000
2026-02-02,343.2431945800781,344.38169669555197,335.193675272949,335.7829045969607,32006100
2026-02-03,339.26837158203125,348.5463032010534,337.0312933144156,346.8884575284791,36506700
2026-02-04,332.6070861816406,342.8637251238478,328.0929422734009,342.51417399710857,70618400
2026-02-05,330.81939697265625,332.2575275064077,306.06161379445837,311.81413592946416,88205800
2026-02-06,322.4402770996094,329.95052083207565,319.50412705068965,326.75466854448496,56380500
2026-02-09,323.8984069824219,327.2740180221729,316.84758707958963,320.5127991892576,39640100
2026-02-10,318.16583251953125,321.25184233940706,314.2009923012897,320.5527401483992,39170000
2026-02-11,310.55572509765625,320.6426005966259,309.25742736560915,318.5553213774315,45406400
2026-02-12,308.59832763671875,315.82890653132813,306.80067966689137,311.684307255737,47761300
2026-02-13,305.32257080078125,308.2287915112591,303.31517401115394,307.32996759040856,38499700
2026-02-17,301.6273498535156,304.0442171582303,295.86486207725466,299.6499434457439,39247600
2026-02-18,302.9356689453125,304.983022308801,300.8583862777236,301.6972906518214,28482100
2026-02-19,302.456298828125,305.0728879320441,299.64995428739604,301.42763905495286,25834400
2026-02-20,314.570556640625,316.0885697634931,303.5049428811186,303.9244103176242,53210800
2026-02-23,311.0850524902344,319.1046122516075,309.4671633706354,318.6352220336332,31423000
2026-02-24,310.495849609375,311.8640638461802,305.53230897934316,310.11633870149166,25615600
2026-02-25,312.4932556152344,313.23231441520727,309.03776179839537,311.65435118745364,29963600
2026-02-26,306.98040771484375,312.73292940852764,301.95694798569707,312.2335794136705,36431200
2026-02-27,311.354736328125,311.9639287272481,303.4050620118916,303.7446468483449,44640600
2026-03-02,306.12152099609375,308.0889612664211,300.908305641281,302.83581985466094,34790200
2026-03-03,303.1853332519531,303.5448811012492,296.3242691134317,298.2018299939976,35497000
2026-03-04,302.7359619140625,305.07291645770977,300.3590508331652,302.49628364637806,29536200
2026-03-05,300.4888916015625,302.90572878105803,297.60263367704704,302.6460874794852,35752300
2026-03-06,298.1319274902344,300.1393243405422,294.7962729857715,295.7050936872067,25576900
2026-03-09,306.1770935058594,306.6168332730834,293.9044256827884,294.1842573074437,29312100
2026-03-10,306.8567199707031,309.3252467158022,305.3875962722132,305.98724420005084,23239700
2026-03-11,308.5157470703125,311.23412470378855,305.7374076911934,306.56689883882945,24125700
2026-03-12,303.3687744140625,308.7555713296518,300.8502897843219,306.636841807898,24928300
2026-03-13,302.09954833984375,307.50632242162294,300.26065041451466,306.8267356773544,23693100
2026-03-16,305.3775939941406,306.3070315122431,302.8391017033621,304.16832484157635,23519700
2026-03-17,310.7344055175781,311.2341070358109,305.3176276402165,305.67739809365116,21955200
2026-03-18,307.5063171386719,312.28346234614037,306.74676108497374,309.0853604878573,20009800
2026-03-19,306.9466552734375,307.8760927647981,302.16951004441273,303.8285227221892,25075800
2026-03-20,300.8203125,305.8173276578073,298.0919312440676,305.2776414809433,44364100
2026-03-23,301.87969970703125,305.7973733016039,300.75036931754545,301.92965766257777,29326900
2026-03-24,290.2666320800781,299.7409842283802,290.15668188195673,299.02141279307426,36864300
2026-03-25,290.7563171386719,295.82329783701033,289.0673235725591,293.2648285118823,29460700
2026-03-26,280.7523193359375,287.7781215852462,278.33375052565475,287.7381369232671,39080600
2026-03-27,274.1762390136719,279.203235317384,273.7864876697142,277.1144865271076,35890600
2026-03-30,273.33673095703125,276.9245842043685,271.9475460941929,276.2550012483934,35141200
2026-03-31,287.3883361816406,287.9080147834651,276.9245851168754,277.87403020607053,43875400
2026-04-01,297.2124938964844,300.34059988895723,290.23664948178913,290.6663854824321,37684500
2026-04-02,295.59344482421875,297.90206355243157,289.2772403921399,290.5164904801884,21666500
2026-04-06,299.8109130859375,300.4405418912755,295.0037868253031,295.69337737406744,16945500
2026-04-07,305.27764892578125,305.4475608650088,297.5422790326475,302.54929810267237,23205400
2026-04-08,317.1305847167969,321.88772251879675,314.8319393907938,320.25872115869026,33547100
2026-04-09,318.29986572265625,319.3492572184689,310.8743084256086,315.72141928886384,23739200
2026-04-10,317.0506286621094,321.6378852163977,316.1311948927162,319.8289680511782,19152600
2026-04-13,321.1181945800781,321.43801087893695,315.28168437302884,316.9507009019676,18866400
2026-04-14,332.7112731933594,333.09105123243734,323.5567375910905,324.59612530340485,27721400
2026-04-15,336.91876220703125,337.278563176308,330.70247381548376,332.69130668872015,24918800
2026-04-16,335.81939697265625,339.67710854893676,334.3202924195682,338.5477782390461,20541500
2026-04-17,341.4760437011719,342.1156763245155,336.0392884001999,337.4484504303517,25581900
2026-04-20,337.2185974121094,341.1962021124509,336.40905286572576,340.55660000710446,18784200
2026-04-21,332.0916442871094,339.13742351057505,331.1522029907326,337.48841459650436,23123800
2026-04-22,339.1174621582031,339.6171637007564,334.96994545488326,336.818816762841,20293000
2026-04-23,338.6877136230469,341.7558578013153,335.97930940305434,340.9763246437424,18650300
2026-04-24,344.19439697265625,345.06387272769797,335.1897964239415,338.5277988797623,26426100
2026-04-27,350.130859375,352.9691603649003,342.5254168368208,345.77347673538645,28576900
2026-04-28,349.5711975097656,352.20963620070955,345.91337868788094,348.34192077884484,27824100
2026-04-29,349.7311096191406,355.5776236260777,344.0045190996302,347.36252924438134,35376300
2026-04-30,384.5702819824219,385.6096696957082,365.60163158627074,373.8467067603946,72040000
2026-05-01,385.45977783203125,386.52914645154755,378.82372671588394,381.4022037517389,30105200
2026-05-04,383.0212097167969,387.14874909409923,379.56328378663693,385.39979379858875,26298600
2026-05-05,388.1981201171875,392.58551415458055,383.79074899852696,385.99945170269467,23878600
2026-05-06,397.8023986816406,399.61131576273664,392.52555179602564,394.0146525811788,31308500
2026-05-07,397.7524108886719,399.8611671879692,392.4455831227277,399.6812819584635,24433500
2026-05-08,400.56072998046875,401.76002583943523,396.1233780013978,396.7630105926761,21461800
2026-05-11,388.40802001953125,397.2027547509894,388.23810807955056,393.41500861238904,30753700
2026-05-12,387.1187744140625,388.28805889354703,382.541491402114,387.10877062384725,26017500
2026-05-13,402.3796691894531,403.4590416115898,384.77019153718186,385.3698394939953,28144600
2026-05-14,400.8305969238281,402.6894719958145,395.6037078837972,397.04285074569174,21136700
2026-05-15,396.54315185546875,399.30151410906007,392.9452946767326,396.0834349796574,20309700
2026-05-18,396.70306396484375,408.36608091552193,394.29449886421145,395.4538101055549,26837200
2026-05-19,387.4285888671875,396.91291402359946,385.8794958446922,396.72302500471704,39545700
2026-05-20,388.6778564453125,393.62488340369265,382.6714341601505,387.4685872554011,31744400
2026-05-21,387.4285888671875,392.2656959548347,382.7913440893277,385.46976743485186,24852800
2026-05-22,382.74139404296875,388.5079387636157,381.54209816202837,387.1187843592316,20442100
2026-05-26,388.6478576660156,389.0276356997364,382.3716078175452,384.2804712769477,27747400
2026-05-27,388.5978698730469,393.64487351491664,385.66962629134815,386.4391861502527,23087300
2026-05-28,389.8971252441406,391.6360768291116,384.9300907577927,387.76839182151133,24357500
2026-05-29,380.1129455566406,385.0100143138995,378.2340629764561,385.0100143138995,44415800
2026-06-01,376.14532470703125,378.3340198477676,373.2970198869562,376.2952290661171,28672100
2026-06-02,361.6340026855469,373.31702687507857,358.2260345973877,366.371163421305,50412300
2026-06-03,358.77569580078125,366.2312646097652,357.8662353535933,361.81388965190393,55441600
2026-06-04,371.96783447265625,373.0271992966173,357.99616844622375,358.68575901079333,44055500
2026-06-05,368.30999755859375,371.8578661166277,363.90262653478294,366.1213024821565,37471200
2026-06-08,363.30999755859375,366.20001220703125,360.5299987792969,365.17999267578125,27942500
2026-06-09,364.260009765625,372.0799865722656,357.29998779296875,367.0899963378906,29535100
2026-06-10,356.3800048828125,368.55999755859375,355.20001220703125,363.19000244140625,32357100
2026-06-11,357.7699890136719,358.79998779296875,346.3599853515625,355.92999267578125,35538200
2026-06-12,359.67999267578125,366.57000732421875,354.94000244140625,362.6199951171875,24704600
2026-06-15,369.3500061035156,372.989990234375,366.54998779296875,367.92999267578125,27727500
2026-06-16,373.25,376.0,367.05999755859375,369.6000061035156,24876100
2026-06-17,363.7900085449219,372.3299865722656,362.0199890136719,369.1300048828125,24543600
2026-06-18,368.0299987792969,369.4800109863281,358.6700134277344,365.75,44470100
2026-06-22,349.67999267578125,358.9200134277344,341.7200012207031,357.95001220703125,52814800
2026-06-23,346.1300048828125,349.2900085449219,340.20001220703125,340.69000244140625,34007700
2026-06-24,345.2900085449219,353.4800109863281,341.92999267578125,349.0400085449219,44997300
2026-06-25,343.7099914550781,345.57000732421875,335.8399963378906,336.7300109863281,44491400
2026-06-26,337.3900146484375,346.3599853515625,330.20001220703125,342.54998779296875,114706300
2026-06-29,353.6499938964844,354.3500061035156,340.6700134277344,341.8299865722656,34213900
2026-06-30,357.3699951171875,358.6199951171875,350.3999938964844,353.8699951171875,35237200
2026-07-01,361.2099914550781,362.9700012207031,356.42999267578125,358.3699951171875,26736400
2026-07-02,359.9100036621094,364.2099914550781,353.4200134277344,359.4800109863281,25974800
2026-07-06,366.4599914550781,367.92999267578125,357.3800048828125,361.54998779296875,26915800
2026-07-07,367.0299987792969,373.1600036621094,365.5,369.07000732421875,24045600
2026-07-08,361.9200134277344,367.8399963378906,358.0199890136719,364.760009765625,22094800
2026-07-09,358.8900146484375,359.6499938964844,351.0799865722656,354.30999755859375,24729100
2026-07-10,357.17999267578125,357.82000732421875,352.75,357.5299987792969,18146100
2026-07-13,352.510009765625,358.1300048828125,351.75,356.19000244140625,15901700
2026-07-14,359.510009765625,360.1600036621094,351.0899963378906,351.20001220703125,18259400
2026-07-15,370.9200134277344,373.6499938964844,357.760009765625,357.9700012207031,28284600
2026-07-16,354.4599914550781,375.2699890136719,352.29998779296875,373.05999755859375,41158500
2026-07-17,346.7699890136719,348.5199890136719,341.3599853515625,346.0,29959300
2026-07-20,351.989990234375,359.67999267578125,350.5199890136719,350.8800048828125,24736600
2026-07-21,347.1499938964844,351.32000732421875,347.0,351.32000732421875,23369800
2026-07-22,342.0899963378906,349.94000244140625,341.7300109863281,348.1600036621094,39334100
2026-07-23,317.69000244140625,324.489990234375,314.8999938964844,321.1300048828125,69419700
2026-07-24,319.739990234375,324.17999267578125,317.32000732421875,318.4200134277344,31806600
2026-07-27,326.55999755859375,330.4200134277344,324.45001220703125,325.0400085449219,28471600
2026-07-28,333.7099914550781,335.8800048828125,324.44000244140625,327.8999938964844,29398100
