Price,Close,High,Low,Open,Volume
Ticker,JPM,JPM,JPM,JPM,JPM
Date,,,,,
2010-01-04,28.152381896972656,28.244363782991172,27.3771235442818,27.4559651608691,35460500
2010-01-05,28.697696685791016,28.802816352886385,28.106396991972986,28.112968380932386,41208300
2010-01-06,28.85536766052246,28.96705868842631,28.45460075377903,28.54658012602342,27729000
2010-01-07,29.42696189880371,29.643770089371625,28.651703508287653,28.769963432688424,44864700
2010-01-08,29.35468864440918,29.3678289131287,28.96049060782356,29.15101823863161,33110100
2010-01-11,29.256141662597656,29.689760561373795,29.111603700505825,29.643770868037713,31878700
2010-01-12,28.572856903076172,29.006475676779175,28.211505836449007,28.901356050010254,47109600
2010-01-13,29.07217025756836,29.256128950983726,28.165512042701188,28.612271017780706,39622000
2010-01-14,29.361257553100586,29.426958896759622,28.97362839738724,29.03932974104628,37938300
2010-01-15,28.697696685791016,29.190445595222524,28.474317079932046,29.10503508250424,69738500
2010-01-19,28.434886932373047,28.743676949602982,28.185229371367733,28.51372853650605,41731500
2010-01-20,28.513734817504883,28.697693588504823,28.060404265754624,28.2575033070046,39934400
2010-01-21,26.634721755981445,28.34948836845653,26.490181273320538,28.277218127126076,137547700
2010-01-22,25.72804832458496,27.068325197450005,25.50466884577412,26.706976703969,106634900
2010-01-25,25.76089859008789,26.2076575625919,25.517809960011927,26.12224709560605,56572200
2010-01-26,25.255016326904297,26.174815043265223,25.149896688427326,25.622936314698645,52975300
2010-01-27,25.839752197265625,25.94487185697194,25.01193268410931,25.195891462032765,66314300
2010-01-28,25.93829345703125,26.306213419675203,25.438975834960612,26.069693622707643,65047400
2010-01-29,25.583524703979492,26.18139333258588,25.491545300540164,26.049995616958718,53649000
2010-02-01,26.036834716796875,26.233933640339302,25.59007582010136,25.68862402874818,37408200
2010-02-02,26.64128303527832,26.726693523951795,26.082835430970636,26.14853426456571,45968500
2010-02-03,26.4704647064209,27.002631777650222,26.39162309818333,26.660994833620222,37373300
2010-02-04,25.195878982543945,26.227365915721155,25.19587898254394,26.14195795755937,57211800
2010-02-05,25.16302490234375,25.544084975684736,24.328637075156212,25.386404340380164,75224100
2010-02-08,24.76884651184082,25.15647576716375,24.519186354280976,25.15647576716375,58321000
2010-02-09,25.2221622467041,25.425832605082782,24.86081371288659,25.090762096338803,45173500
2010-02-10,25.537517547607422,25.951427086431895,25.307569196176637,25.386408272917325,39331800
2010-02-11,25.636079788208008,25.866028242925008,25.20246091199153,25.517819866853497,33830600
2010-02-12,25.590085983276367,25.741195301547343,25.202456860320456,25.406124742827092,38051100
2010-02-16,26.325927734375,26.371917425450757,25.458689979446138,25.83975028407407,46425300
2010-02-17,26.30621910095215,26.575588370951277,26.122257826775748,26.450757058786888,34644100
2010-02-18,26.549297332763672,26.614996150687166,26.128818883055096,26.24050737477489,31809500
2010-02-19,26.29964256286621,26.73983275081407,26.21423458376792,26.352203632695705,40290200
2010-02-22,26.838375091552734,27.134024778661168,26.44417717957429,26.5427279106935,43898900
2010-02-23,26.201095581054688,27.101182642209626,26.122253972504716,26.87123421623022,52233100
2010-02-24,26.838375091552734,26.917216678947785,26.27992763187507,26.312777040165074,44645000
2010-02-25,26.70041275024414,26.73326216674915,26.08283519870054,26.385053840546355,46718100
2010-02-26,27.574222564697266,27.797602112155197,26.67413298762418,26.733262941546865,67699100
2010-03-01,27.48224449157715,27.712192930889287,27.206303858152566,27.613642167612646,34606800
2010-03-02,27.344266891479492,27.856727238754573,27.17344844655411,27.580786666183457,33891600
2010-03-03,27.285133361816406,27.63334409825514,27.160304611017093,27.363974947188836,27562500
2010-03-04,27.54136848449707,27.646490622128454,27.37055002334548,27.534799604019963,25450700
2010-03-05,28.12611198425293,28.165530297676355,27.71877103303796,27.804181555873466,34790800
2010-03-08,27.981552124023438,28.270630416196393,27.902713045476105,28.15237054525084,28524900
2010-03-09,27.8698673248291,28.13266765338111,27.62677864998079,27.85015817737509,37107100
2010-03-10,28.204940795898438,28.57286079280071,28.126101691651495,28.165519990649997,40903700
2010-03-11,28.36919403076172,28.382334300863423,28.119533911329864,28.191804143764106,30119600
2010-03-12,28.34947395324707,28.605702855857647,28.1523724839319,28.47430271173063,31367300
2010-03-15,28.296899795532227,28.38887910197261,27.98810997569825,28.198349106490024,29142000
2010-03-16,28.408592224121094,28.50057153535523,28.047241349632323,28.480859892770585,28553800
2010-03-17,28.76996612548828,28.98020545382305,28.428326590381662,28.454607132986126,32918800
2010-03-18,28.671405792236328,28.76995654104658,28.349478024455525,28.743676007197223,26012000
2010-03-19,28.54657554626465,28.835653884976992,28.336336298792116,28.546575546264645,37014400
2010-03-22,28.73710060119629,28.76995000792366,28.277201388265798,28.296910531052408,23257200
2010-03-23,29.288986206054688,29.39410583663666,28.763385546895137,28.809375228634146,33735700
2010-03-24,29.525495529174805,29.545207177637366,29.039318308747813,29.19699645895424,35849200
2010-03-25,29.525495529174805,30.2547638660643,29.49264612340255,29.551776056292212,45019400
2010-03-26,29.578079223632812,30.149667341582862,29.426969836416177,29.591219497249597,39727000
2010-03-29,29.472951889038086,29.8145913956236,29.210151497433756,29.729180892414654,30628400
2010-03-30,29.288986206054688,29.597773711123782,29.144445774160843,29.499225467218633,30296300
2010-03-31,29.400678634643555,29.56492823595441,29.072179432021837,29.11160023858645,39043000
2010-04-01,29.716394424438477,29.801900466705323,29.59142598501288,29.61773341343413,23894600
2010-04-05,29.821630477905273,29.861095382546424,29.45987763371581,29.782165573264127,21342400
2010-04-06,30.150484085083008,30.216256388583982,29.696649169200185,29.749266510190452,28192100
2010-04-07,29.80847930908203,30.28862441934063,29.611159778833205,30.1439247686536,28890100
2010-04-08,30.097877502441406,30.236003415164603,29.473032816587654,29.70323848937023,28869900
2010-04-09,30.242570877075195,30.400427941971028,29.8939730996236,30.176798563649474,22881200
2010-04-12,30.347814559936523,30.56486775685386,30.189959970408882,30.275463494297412,24645900
2010-04-13,30.17022132873535,30.50566666744247,30.157066363584775,30.282037277988742,27988900
2010-04-14,31.393606185913086,31.525153331289598,30.768759127164493,31.176555528736987,72533100
2010-04-15,31.446229934692383,31.702745519904763,31.23575547969487,31.340992707193625,45412100
2010-04-16,29.959749221801758,31.40676288260137,29.69007868798867,31.35414301792894,121203900
2010-04-19,29.854503631591797,30.05840178645332,29.328317677653633,29.749266440804163,72136600
2010-04-20,30.176799774169922,30.354388038406707,29.96632535190107,30.10444872106756,39310700
2010-04-21,29.828205108642578,30.512248364768112,29.597999449876056,30.282042706001587,46320600
2010-04-22,29.426982879638672,29.676919675595975,28.959990426028128,29.5387963132428,63176900
2010-04-23,29.558515548706055,29.644021528026418,29.10468075210146,29.420392242224466,32483800
2010-04-26,28.867910385131836,29.473026247225043,28.76267317116603,29.45329254463245,42889300
2010-04-27,27.894468307495117,29.18362493426361,27.82211724523865,28.598242716447984,66296100
2010-04-28,28.585102081298828,28.749535483757825,28.137843025885992,28.17730794573581,48578900
2010-04-29,28.94025993347168,29.15731308731814,28.677165657728025,28.86790888218953,36520300
2010-04-30,28.006290435791016,28.973156864209855,27.77608223165023,28.953425664360665,54121100
2010-05-03,28.63112449645996,28.762671634150895,28.21017566309133,28.26279552178889,31230900
2010-05-04,27.93391990661621,28.5193018456979,27.78921785100424,28.26278639006005,48982200
2010-05-05,28.03916358947754,28.525884692884144,27.37485173365004,27.69714206621879,43062100
2010-05-06,26.84210968017578,28.137843193095453,25.84235428619747,28.03918465646654,78226200
2010-05-07,26.8091983795166,27.51955128754629,26.164620282815125,26.986786606524024,72976300
2010-05-10,27.591920852661133,28.47986007487135,27.24332039117769,27.83528154535396,66578300
2010-05-11,27.328815460205078,27.986548696354674,27.065723671177146,27.26961936858949,50771200
2010-05-12,27.4209041595459,27.486679004059006,26.842100582153154,27.453792836329335,47700000
2010-05-13,26.84210968017578,27.361717328152483,26.8223759656063,27.256480050315538,35320800
2010-05-14,26.236984252929688,26.37510766122105,25.78972535165444,26.37510766122105,60719400
2010-05-17,26.204090118408203,26.335637256855573,25.50031581312568,26.263286205256872,56506200
2010-05-18,25.66475486755371,26.71712719315699,25.355619399196822,26.71712719315699,61735000
2010-05-19,25.901531219482422,26.08569569197267,25.335880329344924,25.349035292958906,64600500
2010-05-20,24.882043838500977,25.816023615929485,24.54002233282146,25.355609954089648,76564100
2010-05-21,26.34221649169922,26.414567551556882,24.34928552205357,24.34928552205357,89588800
2010-05-24,25.401649475097656,26.473755040126925,25.322722212295318,26.41455896576206,49141600
2010-05-25,25.612138748168945,25.658179887341912,24.56634249871149,24.776816994660443,66813700
2010-05-26,25.50689125061035,25.98045993072557,25.30299557593522,25.77656174699754,50719600
2010-05-27,26.585569381713867,26.631613004763228,25.914683860887905,26.033076013751906,44843000
2010-05-28,26.033082962036133,26.53953535117446,25.888380845680494,26.526382894281408,41252400
2010-06-01,25.349040985107422,26.283021029951424,25.322731051971534,25.86207213599056,37848600
2010-06-02,26.013338088989258,26.059379195505443,25.434532381147363,25.7633988614356,39618500
2010-06-03,25.717369079589844,26.269865110128375,25.401657420575432,26.217247754819258,30950400
2010-06-04,24.743927001953125,25.45428019781522,24.664999705430734,25.316156801637653,52868900
2010-06-07,24.151958465576172,25.079361968274473,24.112493579208326,24.855732630294973,44528300
2010-06-08,24.849159240722656,24.862314205675414,24.040147714025743,24.24404590721395,51017900
2010-06-09,24.415054321289062,25.099097413353377,24.342703271871294,25.09252118570308,42586000
2010-06-10,25.184608459472656,25.237225818347653,24.605802457527314,24.783390748205548,44302600
2010-06-11,25.05306053161621,25.105677888880138,24.678152765792436,24.85574105103317,31147600
2010-06-14,24.55317497253418,25.171443111388847,24.48740016475026,24.974123706141814,48662200
2010-06-15,25.158302307128906,25.17803350604121,24.50714514343132,24.697888429762852,45355600
2010-06-16,25.33588218688965,25.57266653119609,24.98728440724568,25.007015599586904,37217100
2010-06-17,25.283260345458984,25.585819488926226,24.941238820404564,25.388497544779362,34755100
2010-06-18,25.769989013671875,25.82918510671306,25.243802913890942,25.388502523172427,37270800
2010-06-21,25.566083908081055,26.164620905626343,25.427960564582733,26.013342599549244,33665100
2010-06-22,25.210920333862305,26.033087015623217,25.13856926441877,25.605559337486106,42245700
2010-06-23,25.579242706298828,25.723944807311078,25.007015548104924,25.184603805969157,45046000
2010-06-24,25.013599395751953,25.45428206078317,24.612381636397075,25.35562105111916,73843400
2010-06-25,25.94099235534668,26.04622955015133,25.178022065749797,25.50688861314591,70734200
2010-06-28,25.349040985107422,26.072546582970993,25.302999856646284,26.013350487941914,39962900
2010-06-29,24.375593185424805,24.934665399284462,24.257201009234027,24.934665399284462,56694200
2010-06-30,24.079618453979492,24.658424507135297,24.0138436132495,24.349289028338397,35332500
2010-07-01,23.763465881347656,24.16522966476259,23.15752257093892,24.06643628031001,56642900
2010-07-02,23.598806381225586,24.165228285550754,23.276075313805123,23.914949715901454,36796000
2010-07-06,23.928136825561523,24.290384453831383,23.618578528001734,24.165242582484897,35953600
2010-07-07,25.126850128173828,25.186127199081795,23.980827594781573,24.13231288432738,44602900
2010-07-08,25.13343048095703,25.56812807919351,24.468212380809174,25.5417821611222,41498200
2010-07-09,25.5878849029541,25.614230819626613,24.817285683919845,24.86338978185429,30422300
2010-07-12,25.811817169189453,25.910613088984334,25.423223737139327,25.59446966311917,24998900
2010-07-13,26.661449432373047,26.799761686197815,26.174062677233138,26.220166761841398,48564800
2010-07-14,26.57583236694336,26.595593059352634,26.23993074580249,26.444107817466772,37320600
2010-07-15,26.648277282714844,26.898558401350577,25.890851218070747,26.819523184275596,81876200
2010-07-16,25.68667221069336,26.5758252437622,25.59446404578063,26.529721161305833,58507400
2010-07-19,25.713022232055664,25.923784503426248,25.107078817501897,25.706434497802828,35404900
2010-07-20,26.101613998413086,26.108199219767055,25.212458366568764,25.238804276953257,43538200
2010-07-21,25.304670333862305,26.509969533554443,25.25198101767895,26.509969533554443,41115600
2010-07-22,25.917198181152344,26.081856371661534,25.508846572185245,25.660331805955547,35494400
2010-07-23,26.23334312438965,26.31896357122284,25.66691856849252,25.798643105923432,28241000
2010-07-26,26.562660217285156,26.582418395941687,26.015993824598468,26.21358314861749,27209400
2010-07-27,26.79976463317871,27.162014641340765,26.747075321754334,26.832698279363953,44872200
2010-07-28,26.556076049804688,26.938084305040153,26.44410967239872,26.635111287531544,23945400
2010-07-29,26.483623504638672,26.891977637595144,26.286034172957773,26.812939894935052,28994300
2010-07-30,26.52972984313965,26.799769205533135,26.160897062788475,26.160897062788475,26406500
2010-08-02,27.425464630126953,27.464983495762695,26.826108986648585,26.99076715807104,35566700
2010-08-03,27.0566349029541,27.432055373992046,26.9183201142944,27.333259455304344,29967900
2010-08-04,27.194944381713867,27.267394379634318,26.911732123925376,27.148840294398003,23078100
2010-08-05,27.18177032470703,27.287151450369848,26.964420339755094,26.984181028149774,19830500
2010-08-06,26.63510513305664,26.971009212628253,26.325549476618956,26.832696950444333,34906600
2010-08-09,26.226762771606445,26.71415223972495,26.12138160451126,26.707564503508568,37790900
2010-08-10,25.798633575439453,26.167468676451325,25.792048355994407,26.127949822330333,34166500
2010-08-11,24.876554489135742,25.541772333325408,24.86338153516869,25.456151901265674,46201600
2010-08-12,24.902902603149414,25.02145668687119,24.51430922039121,24.60651739384497,35387300
2010-08-13,24.69873046875,25.05439279049635,24.698730468750004,24.896319810003043,24564100
2010-08-16,24.823871612548828,24.90949458792617,24.553832240191028,24.580178157612515,28334100
2010-08-17,24.68555450439453,25.07414791693971,24.63286519230398,25.008285648705403,33883800
2010-08-18,24.955596923828125,25.153186265557817,24.626280516783712,24.626280516783712,27041700
2010-08-19,24.41550636291504,25.008276612783632,24.369402289312323,24.80409963505477,35384700
2010-08-20,24.461612701416016,24.606512667574297,24.244265264662403,24.44185452875218,30862000
2010-08-23,24.290380477905273,24.639455088238638,24.264034560619933,24.50772801429691,29282800
2010-08-24,23.849090576171875,24.171821719715098,23.658086481268427,24.099371717338997,48709200
2010-08-25,23.862262725830078,24.000574991609394,23.49342750460084,23.677846371457658,36058000
2010-08-26,23.467084884643555,24.119129880664776,23.46049715034909,23.94788647627587,31873200
2010-08-27,24.105955123901367,24.1652321657013,23.414391311225003,23.625153568183816,38448800
2010-08-30,23.611976623535156,24.10595105091023,23.598806183124285,23.974226546930634,27306500
2010-08-31,23.947885513305664,24.132301866383443,23.532946206396282,23.67125847120462,34784400
2010-09-01,24.856801986694336,24.896318345128968,24.14547738505525,24.19816921294762,36770500
2010-09-02,25.13343048095703,25.159776399028342,24.69214765944524,24.92266816135662,31282900
2010-09-03,25.798633575439453,25.798633575439453,25.337592839779077,25.337592839779077,34135600
2010-09-07,25.212467193603516,25.58130253066493,25.172950826676164,25.50885250798455,31885500
2010-09-08,25.765714645385742,25.9698917195672,25.251981861136297,25.251981861136297,30781000
2010-09-09,26.411170959472656,26.55607096127771,25.765711197998787,26.299204603521055,33438800
2010-09-10,26.187232971191406,26.509964074108364,26.127955932389686,26.292614094340667,21928600
2010-09-13,27.08297348022461,27.313496411944225,26.76683011420846,26.76683011420846,41643200
2010-09-14,26.819528579711914,27.155430204219,26.648282643700647,26.984186780692493,42754100
2010-09-15,26.99077606201172,27.09615722598673,26.569251406111675,26.681217793622878,25399500
2010-09-16,26.99734878540039,27.069796253952596,26.707548861256633,26.81951769898956,25207500
2010-09-17,26.384822845458984,27.056628398574237,26.338718764483975,27.02369475860582,45938300
2010-09-20,27.129072189331055,27.208109899539448,26.365058578035374,26.50337331465824,33337500
2010-09-21,26.73389434814453,27.333249846693153,26.654859148468805,27.20811057116628,33548900
2010-09-22,26.30579376220703,26.89856430150319,26.180654431682196,26.628524947487115,34546000
2010-09-23,25.752538681030273,26.147719825646643,25.680091191377517,26.101615735647403,33471100
2010-09-24,26.180644989013672,26.21357611543389,25.884259826263907,26.022572064719167,28855100
2010-09-27,25.739360809326172,26.127951595037967,25.69325422014836,26.04233117402541,25684900
2010-09-28,25.65373992919922,25.950125097729796,25.429804747696554,25.9237791910862,31442600
2010-09-29,25.298095703125,25.607654044941405,25.067575137401548,25.548376969114557,40207000
2010-09-30,25.067554473876953,25.653737011363297,25.001689714759372,25.350766656873404,54885200
2010-10-01,25.561532974243164,25.7459493044799,25.219043709172045,25.251974837788023,38973800
2010-10-04,25.686832427978516,26.075927030164685,25.528555591612548,25.7066160891274,38886100
2010-10-05,26.141891479492188,26.26059855609748,25.765986575484305,25.95723714509579,42379500
2010-10-06,26.31334686279297,26.42545765513458,25.99679311985372,26.089122762384225,31559900
2010-10-07,26.062740325927734,26.590325653228845,25.85170619500729,26.451834976510796,26923900
2010-10-08,25.92424201965332,26.234196893126914,25.80553504148061,26.1616534602742,28178500
2010-10-11,26.201234817504883,26.319941847896853,25.983606938936706,26.062744120622803,24601000
2010-10-12,26.64308738708496,26.702440897968227,26.029768613199717,26.029768613199717,38798100
2010-10-13,26.273773193359375,26.854118283344818,26.102308913629102,26.814548442303142,69607700
2010-10-14,25.53514862060547,25.970406721378307,25.126267892815342,25.884673340941713,76504900
2010-10-15,24.499771118164062,25.6802426517107,24.097486468858115,25.634079086943682,142280400
2010-10-18,25.192232131958008,25.231799472095627,24.407446342880547,24.499776006562563,55058700
2010-10-19,24.85589599609375,25.489001145660044,24.73059521931069,24.994389241273833,70595100
2010-10-20,25.12627601623535,25.25817298669029,24.70420772335992,25.060328788870617,43497200
2010-10-21,24.86248016357422,25.32411822009589,23.879850550182013,25.185625042131875,38250300
2010-10-22,24.86248016357422,24.921833663923074,24.61187621590959,24.730583216607307,24876900
2010-10-25,24.44700050354004,25.106482583518403,24.400836959199513,25.04053538181036,37893500
2010-10-26,24.532751083374023,24.57231842585798,24.25576710735508,24.387664118996184,39188100
2010-10-27,24.756969451904297,24.81632296745958,24.400848358572592,24.440418207518004,30777500
2010-10-28,24.7371826171875,25.03395018713742,24.61847810493313,24.862485877680577,30614600
2010-10-29,24.816320419311523,24.88886387706649,24.611879994340743,24.697613400389834,19803300
2010-11-01,24.677825927734375,25.060326861056524,24.466791797530867,24.80312917210383,36941900
2010-11-02,24.374467849731445,24.776752498909836,24.2887369527488,24.75037260027259,39913100
2010-11-03,24.875669479370117,24.948212924149555,24.374461596743966,24.38765154267886,35299600
2010-11-04,26.247386932373047,26.28036053404663,24.96799257107648,25.152646753028165,77569400
2010-11-05,26.99920654296875,27.26300048964616,26.23420711647489,26.306750577597455,75684800
2010-11-08,26.715625762939453,27.170670141213975,26.5177815842539,26.94644606784362,32967000
2010-11-09,26.31334686279297,26.827742292549576,26.201233554725835,26.66287170447625,32800100
2010-11-10,26.78817367553711,26.80136362507556,26.108907626523564,26.29356188861059,35587900
2010-11-11,26.39249038696289,26.66947183398036,26.280377051937155,26.557361014680755,25499700
2010-11-12,26.122093200683594,26.550755168118165,25.970412579985958,26.286963768710404,33504800
2010-11-15,26.43204689025879,26.801355299713794,26.188036673183323,26.26058011524766,28772500
2010-11-16,26.122093200683594,26.359507221158236,25.74618850684049,26.207826600460596,46023000
2010-11-17,25.838512420654297,26.168253515848228,25.706615479431743,26.102306303099404,32027500
2010-11-18,26.155071258544922,26.3792953698174,25.957227046416424,26.095717743333807,30987600
2010-11-19,25.990203857421875,26.141884522557135,25.89128048133429,25.990203857421875,26542000
2010-11-22,25.396669387817383,25.785764154556386,25.198825145482946,25.759386767110886,33249500
2010-11-23,24.816320419311523,25.205415088949202,24.79653423900764,25.066921889723627,35340400
2010-11-24,25.165851593017578,25.21861139950454,24.789946776839116,24.94822368057396,24248300
2010-11-26,24.730592727661133,25.047144012688076,24.730592727661133,24.8690834431618,12819100
2010-11-29,25.0009822845459,25.119689339650773,24.473396770594324,24.710810880804075,30911400
2010-11-30,24.664648056030273,24.92184584467446,24.55913095002942,24.724001585388642,33716700
2010-12-01,25.159265518188477,25.185642913719093,24.829524174651155,25.027368477628187,33157200
2010-12-02,25.92424201965332,25.970405564973312,25.27794986944887,25.34389707255614,41526000
2010-12-03,26.122093200683594,26.161660526945887,25.52196443369502,25.765972169971636,30070200
2010-12-06,26.31334686279297,26.41226770620165,25.91765594198167,26.036362966652508,25364500
2010-12-07,25.884679794311523,26.68265275871878,25.878086078353117,26.610109304549887,40908200
2010-12-08,26.550764083862305,26.59693017287958,25.75938710416948,25.957231349092687,38115900
2010-12-09,26.913490295410156,27.104738369319694,26.7552133381218,26.82116060281793,43001900
2010-12-10,27.322357177734375,27.368520746410017,26.887098876131347,26.96623606304304,28449000
2010-12-13,27.37511444091797,27.691668219752152,27.14429659773243,27.414684292203695,35730400
2010-12-14,26.900285720825195,27.368517586605034,26.68925156960821,27.32894773985478,34010800
2010-12-15,26.51778793334961,27.038779657350812,26.41886707818504,26.860719099183598,30264000
2010-12-16,26.385894775390625,26.82774937627376,26.260594001031084,26.656282510596295,37123200
2010-12-17,26.161653518676758,26.425447363143782,26.069326427830664,26.418853649108154,52004800
2010-12-20,26.346315383911133,26.55734949458918,26.17484859665707,26.267178221338124,22978200
2010-12-21,27.03877830505371,27.197055187417238,26.366105957528706,26.484812990369925,30757800
2010-12-22,27.803773880004883,28.054377860324507,27.144291574961382,27.150885291092667,47280400
2010-12-23,27.75101661682129,27.87631734917732,27.5795498086232,27.797180176938003,18927900
2010-12-27,28.140108108520508,28.146704340227085,27.56635922058753,27.579549168275392,17203200
2010-12-28,28.10053825378418,28.436873084535808,28.008211143998437,28.15989175517859,20386600
2010-12-29,27.9356689453125,28.206056571372507,27.896099104038413,28.080755847592318,13637400
2010-12-30,27.849945068359375,28.008221971841916,27.731238019678976,27.902704874762232,12901900
2010-12-31,27.975242614746094,27.995028797732598,27.724641110357368,27.770804677782962,12199700
2011-01-03,28.74024200439453,29.043603281449897,28.33136113630197,28.35774103406127,43278500
2011-01-04,29.156187057495117,29.248620218877118,28.61479066773075,28.90529524901915,40036800
2011-01-05,29.512714385986328,29.67777430702807,28.984523142375657,28.997725719678222,50032500
2011-01-06,29.367469787597656,29.57874634934463,29.215614916255472,29.314651906468555,31606200
2011-01-07,28.81285858154297,29.44008676710122,28.159222723528103,29.40707528756962,69579400
2011-01-10,28.654403686523438,28.898691667745897,28.390306801851096,28.568571821212746,30098100
2011-01-11,28.786457061767578,29.063759114316056,28.667613684763257,28.85248255933398,28067100
2011-01-12,29.519315719604492,29.644762871700603,29.215606068892534,29.34105070237412,44296900
2011-01-13,29.34766960144043,29.690994716516013,29.16280068186692,29.67118580311639,42133000
2011-01-14,29.65137481689453,30.331421131070492,29.347665057031037,29.387277840464712,86983800
2011-01-18,29.545740127563477,29.988099720537814,29.38068012685083,29.724005230567023,46237700
2011-01-19,28.85907745361328,29.690980908264933,28.786450681694447,29.413678917176167,44989200
2011-01-20,29.545740127563477,29.70419883643854,28.793066927292333,28.938320533876496,46977700
2011-01-21,29.90226936340332,30.06732935876066,29.611762159660387,29.74381065966939,44767400
2011-01-24,29.724002838134766,30.027712610533193,29.61836454692594,29.84944752187789,27826800
2011-01-25,29.62496566772461,29.99470094413524,29.222218897741637,29.591954174152264,36022400
2011-01-26,29.697582244873047,30.027702104222833,29.624955472837748,29.84283578894364,25639400
2011-01-27,29.776809692382812,29.96167852246761,29.506111514038043,29.697581632983383,26740900
2011-01-28,29.407075881958008,30.291797151805355,29.31464272995544,29.743797009769427,38593900
2011-01-31,29.671180725097656,29.776819010225047,29.314653086927336,29.321254377853567,23574500
2011-02-01,30.324817657470703,30.371034247227264,29.816432651533287,29.842842850998537,28255500
2011-02-02,30.007892608642578,30.357818817330802,29.935265844134214,30.232374190480062,24104900
2011-02-03,30.014507293701172,30.20597748220913,29.6051592330344,30.02771239483436,23322400
2011-02-04,29.440099716186523,29.823037580692496,29.248629524625763,29.710797997194117,38172900
2011-02-07,30.04092025756836,30.20598025898357,29.47971726020294,29.545740253322727,36790900
2011-02-08,30.19937515258789,30.25219303668906,29.91547178452474,30.03431517202166,28649500
2011-02-09,29.783414840698242,30.040907934299597,29.479705167148676,29.948474774403184,33491000
2011-02-10,30.06070899963379,30.06731280623735,29.677771330898043,29.776805762423063,22688600
2011-02-11,30.74736785888672,30.958644397344273,29.974888487391606,29.974888487391606,40812800
2011-02-14,30.727575302124023,30.96526214453441,30.68135869594602,30.767188096781663,28699200
2011-02-15,30.912433624267578,31.255758693468408,30.72756724801155,30.740772348974907,35972900
2011-02-16,31.651899337768555,31.92920140052897,31.097297730863016,31.130311740169592,44327800
2011-02-17,31.572664260864258,31.684906326683613,31.361387744914015,31.539652777487294,22932600
2011-02-18,31.691513061523438,31.777344947943977,31.39440462284862,31.57266968605351,23844300
2011-02-22,30.377634048461914,31.20953766052477,30.271995774395293,31.16332107303407,44561900
2011-02-23,30.344619750976562,30.70114983742716,29.902260306340178,30.397440142427712,36264800
2011-02-24,30.31161117553711,30.41064815970811,29.849442780431005,30.126744824940722,31926900
2011-02-25,30.819997787475586,30.93884116731694,30.45026254812301,30.536094437700715,26782100
2011-02-28,30.826595306396484,31.15011391607385,30.648330258445483,30.905825895673566,25985300
2011-03-01,30.10694122314453,30.826602881594063,30.10033993172341,30.681351802789276,33682600
2011-03-02,29.849449157714844,30.351232957417626,29.757015962668454,29.96829255666468,28600000
2011-03-03,30.423845291137695,30.588905209118398,30.179554799123842,30.186158606267174,23043600
2011-03-04,30.054128646850586,30.397453789576616,29.77682650446509,30.35783847820268,27716900
2011-03-07,29.836244583129883,30.13995689615639,29.552341182688917,30.120147983570842,28110800
2011-03-08,30.635120391845703,30.826587973851293,29.908855274581402,29.961675654868706,32941500
2011-03-09,30.740751266479492,31.097278673516037,30.384221340829193,30.58889648746853,25174700
2011-03-10,30.06070899963379,30.536082330519523,29.88244400055164,30.42384280440165,33783700
2011-03-11,30.19937515258789,30.26539813736821,29.875856482487293,29.895662874198305,20337600
2011-03-14,29.90885353088379,30.06731214389315,29.466494205531937,29.988081578081367,24508900
2011-03-15,29.453304290771484,29.70419617458417,28.95152052314611,29.413688987448793,35606000
2011-03-16,28.92511749267578,29.565548628416753,28.826080477744913,29.473115424409762,41962900
2011-03-17,29.4202938079834,29.453305302578592,28.654415547743127,29.354268300177413,46741800
2011-03-18,30.19937515258789,30.489879811682897,29.545736521354836,29.869255191455434,77421000
2011-03-21,30.12674903869629,30.58231368864832,29.922073751469185,30.55590348669344,28985300
2011-03-22,30.021106719970703,30.179562873200574,29.941876124740624,30.146551384495613,19756600
2011-03-23,30.10694122314453,30.166362920396896,29.55894336503098,29.902268447087376,26688900
2011-03-24,30.192766189575195,30.265392971606712,29.770213114426376,30.172959801244783,21748100
2011-03-25,30.278600692749023,30.621925725699832,30.15315350615024,30.172962414811487,20710400
2011-03-28,30.344619750976562,30.70114983742716,30.338018461352615,30.437052917401186,19039400
2011-03-29,30.38424301147461,30.397448112799843,30.054123034190376,30.258798326808197,17913300
2011-03-30,30.668140411376953,30.93223483052141,30.516285553680504,30.72095828775982,26829100
2011-03-31,30.43705940246582,30.595518091966344,30.344626216346942,30.40404791008271,23340500
2011-04-01,30.60212516784668,30.952054105379393,30.48988556880389,30.734173680956236,25387300
2011-04-04,30.761438369750977,30.88092624795488,30.56892984016981,30.615397066996447,15708000
2011-04-05,30.920761108398438,31.04688609587054,30.56893451004055,30.64859226358744,21058400
2011-04-06,31.6243953704834,31.68413929250918,30.953938051992527,31.073425896044082,31203300
2011-04-07,31.465076446533203,31.730602989900447,31.172993956874418,31.62439186609896,29972000
2011-04-08,31.09334373474121,31.637676191839713,30.95394207598335,31.544741752667804,23808000
2011-04-11,31.106616973876953,31.378783172056195,31.033596342026108,31.199551402678654,25641600
2011-04-12,30.960573196411133,31.272569495433626,30.701683727976746,30.900829278136037,27231300
2011-04-13,30.701698303222656,31.44517655850174,30.456085425833667,31.35888171623826,55383900
2011-04-14,29.852006912231445,30.369786060976114,29.81217677299182,30.323318831333598,45214600
2011-04-15,29.798904418945312,30.11753798265029,29.759076806153733,30.031243133418887,32475000
2011-04-18,29.181541442871094,29.44043096945755,28.89609849502612,29.38732665921415,50958800
2011-04-19,29.63958740234375,29.679415013118547,29.048785009016147,29.3806952709359,26705000
2011-04-20,29.57984161376953,29.852007910321515,29.168271091354978,29.805540679125386,35542800
2011-04-21,29.659486770629883,29.765697901453724,29.28774654660989,29.659486770629883,24368100
2011-04-25,29.61302375793457,29.88518997752765,29.460345393994398,29.63957717747376,17358900
2011-04-26,29.951583862304688,30.15736915373549,29.613036480685807,29.77235200182132,25900000
2011-04-27,30.203832626342773,30.290130000026256,29.90511289611091,30.071068020431476,20857200
2011-04-28,30.436166763305664,30.489273615047974,30.144086675545164,30.27685127262687,19859000
2011-04-29,30.29012680053711,30.549016361967293,30.13744840616223,30.409614680008573,23363000
2011-05-02,29.991403579711914,30.529098974187345,29.944936357849382,30.495905930908105,25904000
2011-05-03,30.482629776000977,30.58220384310741,29.778981813664387,29.838725747473507,30025500
2011-05-04,30.203832626342773,30.56229630262101,30.057791306612923,30.52246616116535,22727400
2011-05-05,29.984760284423828,30.34322383682195,29.865274965897814,30.03123003286657,26154500
2011-05-06,29.898468017578125,30.343226419417796,29.7125966048072,30.183910959641093,26332300
2011-05-09,29.845373153686523,29.94494725521324,29.420528380751776,29.705971437368795,22469500
2011-05-10,29.978139877319336,30.203838995278343,29.85865196003076,29.91175882650336,20534200
2011-05-11,29.36077117919922,29.89846652675002,29.28111345328284,29.885189817051714,31519600
2011-05-12,29.26784324645996,29.427161265964237,28.909379601780852,29.274480336647052,29567900
2011-05-13,28.643848419189453,29.27447571054243,28.530997645650103,29.24792482171577,32872500
2011-05-16,28.464614868164062,28.86290603098874,28.358403722592584,28.524358795815107,34951100
2011-05-17,29.08197784423828,29.221379545459577,28.311946143615565,28.331859948854518,36277100
2011-05-18,29.261215209960938,29.367426411735167,28.81645406159242,29.022239372900216,24372100
2011-05-19,29.208091735839844,29.440427816283773,29.042136669158936,29.420514018609538,19518000
2011-05-20,28.630586624145508,29.26785386890368,28.60403318921185,29.095261606384774,29946700
2011-05-23,28.245546340942383,28.477884908404548,28.079591306586348,28.14597483969248,32299500
2011-05-24,28.106159210205078,28.491173771626812,27.674674885514726,28.391602219041925,39341400
2011-05-25,28.059696197509766,28.37832977177606,27.94684538221935,27.953485006087664,26505300
2011-05-26,28.179168701171875,28.272103126332325,27.946830105997588,27.96010681420239,21648100
2011-05-27,28.404874801635742,28.64385054472431,28.23891970585466,28.3451308658636,24747300
2011-05-31,28.703577041625977,28.796511433637246,28.39158084078335,28.70357704162598,28746300
2011-06-01,27.721128463745117,28.53762948000143,27.701214669490597,28.4579692384375,38628700
2011-06-02,27.621578216552734,28.013232509353447,27.103798909291573,27.834000626314996,45964000
2011-06-03,27.59500503540039,28.04640296619556,27.22990443815305,27.276371648769636,31833100
2011-06-06,26.90464973449707,27.37596431352444,26.798438533365854,27.283027296794195,40895900
2011-06-07,27.030771255493164,27.422425447222434,26.98430402361632,27.163533328127453,36312000
2011-06-08,26.81170082092285,27.263098815872613,26.685575878791433,26.93782829532769,38890700
2011-06-09,27.203369140625,27.37596392267078,26.91128897475296,26.944479499831072,30082300
2011-06-10,27.24981689453125,27.54853647115499,26.61918723994179,26.94446023054829,48545700
2011-06-13,27.66140365600586,27.760977760605787,27.030776101121905,27.409153646962146,31767100
2011-06-14,27.621578216552734,28.17254805053771,27.535280821250915,27.96676526548513,32103500
2011-06-15,27.004213333129883,27.482164818334454,26.718770366385353,27.229912364223843,37336400
2011-06-16,26.791784286499023,27.02412034887389,26.3536630458256,26.97101604844813,50316600
2011-06-17,27.083871841430664,27.25646656368173,26.911279651453462,27.117062355010063,31999600
2011-06-20,26.87144660949707,27.0905085335213,26.63247088593376,26.884723319947653,21565400
2011-06-21,27.156890869140625,27.36931318209376,26.718769532140573,27.004212489972666,34241100
2011-06-22,27.01084327697754,27.568452351441742,26.871441641429772,26.997566568981593,27306300
2011-06-23,26.599281311035156,26.71876917701738,26.300561646079604,26.632471822191622,48307500
2011-06-24,26.214265823364258,26.67230093730472,26.181072781200537,26.5860035857715,36136800
2011-06-27,26.473155975341797,26.625834350286667,26.1080552933194,26.154522514725507,30632700
2011-06-28,26.24745750427246,26.599281482896803,26.04831190377328,26.599281482896803,41558700
2011-06-29,26.85153579711914,26.924556446583903,26.499709261722916,26.579369533288407,44775900
2011-06-30,27.176803588867188,27.26310094140803,26.798426200699765,27.030764837190706,28000100
2011-07-01,27.7712345123291,27.864739940667153,27.230235544018022,27.25695210863799,32136800
2011-07-05,27.40388298034668,27.724474052182188,27.36381068876184,27.724474052182188,23805800
2011-07-06,27.08997344970703,27.15008443741723,26.83617121850492,27.110009596333278,23865700
2011-07-07,27.597576141357422,27.91148936910873,27.45063760107697,27.510748590479743,28550800
2011-07-08,27.210203170776367,27.36381961691274,27.089981161133604,27.1834866024486,20680000
2011-07-11,26.33524513244629,26.862885700649343,26.241739724983724,26.842847007742176,38328000
2011-07-12,26.30854034423828,26.79610629259539,26.208357026205462,26.208357026205462,33808300
2011-07-13,26.46216583251953,26.9630902370989,26.321907610717293,26.49556028325817,34020600
2011-07-14,26.949722290039062,27.5441545106436,26.90964998264557,27.504079655417748,65327400
2011-07-15,26.702604293823242,27.216886879244605,26.382013048592928,27.123381417864852,46544900
2011-07-18,26.6024112701416,26.715952846781153,26.0013013119563,26.575694705815184,47603200
2011-07-19,26.9764347076416,27.043226122736662,26.522263276323084,26.66252142627475,34837400
2011-07-20,27.357126235961914,27.62428669696385,27.130040608459563,27.176793306960253,31250900
2011-07-21,28.245441436767578,28.419094007246184,27.53746777717866,27.764553475701007,45552200
2011-07-22,28.178651809692383,28.265479374341513,27.891455097864593,28.232084941117062,19986100
2011-07-25,27.844707489013672,27.991646079550826,27.57754942638442,27.73116588565853,22522300
2011-07-26,27.67772674560547,27.91149286605141,27.577543449270223,27.71780159283868,24350600
2011-07-27,27.163454055786133,27.651022620807034,27.110023454858833,27.517442296739638,32361100
2011-07-28,27.170127868652344,27.544152175554867,27.130053016823886,27.17680573670768,23370200
2011-07-29,27.016511917114258,27.216881084241624,26.649168019408727,26.876253754908323,37793400
2011-08-01,27.00983428955078,27.630980555254148,26.68924307948331,27.490722378568215,34039300
2011-08-02,26.60909080505371,26.969756802569925,26.609090805053714,26.782743388395613,42119000
2011-08-03,26.6491641998291,26.729311345626254,26.28181780694251,26.555656223928622,41110100
2011-08-04,25.326723098754883,26.442115500032084,25.259934233073,26.255104637857283,59931100
2011-08-05,25.113004684448242,25.881089654621757,24.52525532157001,25.58053455551765,85507800
2011-08-08,22.74863624572754,25.193145988275194,22.501511831383997,24.197975558964973,107650300
2011-08-09,24.311527252197266,24.43842715872149,22.501518829811292,23.630269892673667,78985700
2011-08-10,22.955684661865234,23.944174735973565,22.70188491228929,23.72376942209634,83975700
2011-08-11,24.50521469116211,24.912633510401946,23.129344308875925,23.129344308875925,69583500
2011-08-12,23.984249114990234,25.279972048530723,23.76384380545528,24.799086578712604,44072800
2011-08-15,24.632112503051758,24.80576509852707,24.30484091625364,24.398346355958203,34827900
2011-08-16,24.064393997192383,24.425059976386407,23.890741422672207,24.224690837222564,42266600
2011-08-17,24.425058364868164,24.885907609322246,24.258083668609654,24.351589090861353,30131400
2011-08-18,23.50336265563965,23.69037609036508,23.04251330672476,23.55679579351327,57130300
2011-08-19,22.94232940673828,23.710414268367686,22.88221839541222,23.21616789214979,52960800
2011-08-22,22.31450080871582,23.49668209655124,22.274425959899855,23.456607247735274,50971400
2011-08-23,23.229520797729492,23.24287908024507,21.579812398449583,22.23435295472169,55807900
2011-08-24,23.930816650390625,24.051036097536223,23.16273196557141,23.256237395480138,41959800
2011-08-25,23.85734748840332,25.76085817191129,23.656975797228256,25.239897889652664,55387600
2011-08-26,24.18461799621582,24.364951000770297,23.25623895441585,23.56347182980553,35114200
2011-08-29,25.139713287353516,25.139713287353512,24.358272825319318,24.59203641280852,27943900
2011-08-30,24.752334594726562,25.193147774711672,24.545285014797134,24.97942032670872,28818700
2011-08-31,25.086288452148438,25.400199263323454,24.859202680323637,24.99278044788785,30051100
2011-09-01,24.24472999572754,25.25993664769458,24.23805212765377,25.126356355729836,36862300
2011-09-02,23.129348754882812,23.543445523029348,23.049199020790105,23.41654559913223,41677300
2011-09-06,22.334543228149414,22.37461808821374,21.893729958772543,22.114137867377313,57071200
2011-09-07,23.256235122680664,23.363098824680122,22.62173077738252,22.77534718976727,36145900
2011-09-08,22.381288528442383,23.316347903566868,22.33453581446934,23.00243464017774,44815300
2011-09-09,21.426198959350586,22.17424504972184,21.326013100427833,22.094097891282978,67187400
2011-09-12,21.65328025817871,21.65328025817871,20.845123232638745,20.93862994120142,53377600
2011-09-13,21.70003890991211,22.314504746532627,21.48630889300888,21.91376637898293,50137600
2011-09-14,21.90708351135254,22.167563675899352,21.279259459679913,21.860330791963733,44442500
2011-09-15,22.581655502319336,22.58833336813695,22.127484191782745,22.287778449718427,35847800
2011-09-16,22.327863693237305,22.888898953125626,22.054025206138984,22.741960358349584,52683800
2011-09-19,21.70003890991211,21.96719697233444,21.45959487024933,21.83361666720707,33154800
2011-09-20,21.539743423461914,21.907087375380797,21.53306555429942,21.88705122006074,34085100
2011-09-21,20.26405906677246,21.67332659426267,20.21062718901492,21.526387974992097,57389200
2011-09-22,19.54940414428711,19.78984691935911,19.055159034412785,19.602836013627137,86285600
2011-09-23,19.763124465942383,19.903382594457604,19.275558675509775,19.342347532565142,51731300
2011-09-26,21.138996124267578,21.245859827114124,20.01024682979561,20.077036962553656,58696100
2011-09-27,21.085567474365234,22.127490646192918,20.871840036220895,21.78686079001585,58242900
2011-09-28,20.35087013244629,21.37275546156179,20.317475711603798,21.118954550978565,38725900
2011-09-29,20.9653377532959,21.446225585992202,20.330834814144065,21.092238850692485,51014100
2011-09-30,20.11711311340332,20.671469085650223,20.110433972302044,20.531209670355224,42420600
2011-10-03,19.135297775268555,20.504490894298804,19.128618635302665,20.056998707909905,51002700
2011-10-04,20.388526916503906,20.503069253090494,18.764721682330986,19.03423268455536,69800000
2011-10-05,20.779325485229492,21.00167230075678,19.80908425150574,20.368320259355,51117200
2011-10-06,21.816940307617188,21.870841230718646,20.49633427825103,20.69172930116637,53214000
2011-10-07,20.68499183654785,21.971908131977425,20.651302154521183,21.95169560789139,49320600
2011-10-10,21.763032913208008,21.776508784132815,21.277913126082993,21.2913889970078,37324800
2011-10-11,21.763032913208008,22.019069320260215,21.163370793481697,21.547424118930223,38161700
2011-10-12,22.369436264038086,22.82086641442455,22.02580795021992,22.072972217565976,55462500
2011-10-13,21.29139518737793,21.89105876658331,20.83322572376219,21.864107016897606,78830000
2011-10-14,21.48678970336914,21.776514579710646,21.156638488623976,21.473315113988008,51899600
2011-10-17,20.914077758789062,21.621544416097322,20.866912201189145,21.318343685748047,40865400
2011-10-18,22.147096633911133,22.517674262374076,20.98146023952221,21.129692319011696,64392400
2011-10-19,21.729345321655273,22.915193733876315,21.58111330628027,22.07971026783095,50119300
2011-10-20,22.3222713470459,22.362696392017565,21.33855455695631,21.776510107590845,41657100
2011-10-21,22.517669677734375,22.93541407664925,22.24142067600564,22.55809730125331,48445300
2011-10-24,23.292512893676758,23.37336556052164,22.61873467269621,22.64568641839782,45697200
2011-10-25,22.564836502075195,23.07690688152444,22.477244602998,23.029742605927545,38679100
2011-10-26,23.029743194580078,23.184711899825277,22.571573731133263,22.982578917777637,36350900
2011-10-27,24.943265914916992,25.293630840186943,24.05387901625463,24.633328601498793,76438300
2011-10-28,24.720922470092773,24.916318774735547,24.384033353230055,24.66702154792993,39891200
2011-10-31,23.4205322265625,24.256018436972713,23.400319700348284,24.208854162299417,46429800
2011-11-01,22.039283752441406,22.66589766834811,21.453097452814415,21.877578427842135,74052400
2011-11-02,22.6658992767334,22.733278641980867,22.275109239337983,22.71306354727664,34325900
2011-11-03,23.164501190185547,23.258829751191445,22.126881878599654,22.98931737380844,40084700
2011-11-04,22.888242721557617,22.948882852949588,22.537877803543942,22.901718591895772,30858700
2011-11-07,23.07016944885254,23.137546248779834,22.713065212509413,22.928674056588957,25925900
2011-11-08,23.595714569091797,23.703518986033128,22.921936320643464,23.265562096437694,30193100
2011-11-09,21.924745559692383,22.901724566894483,21.816941139120708,22.800656798119732,52990400
2011-11-10,22.059507369995117,22.389657367947468,21.74956733260251,22.180785125179092,30427400
2011-11-11,22.42333984375,22.80739324929965,22.248158625709497,22.42333984375,29983400
2011-11-14,21.931480407714844,22.221205246096307,21.70913493306158,22.200992722107806,27596300
2011-11-15,22.032548904418945,22.30879787928593,21.614807116384483,21.621543767852458,31260500
2011-11-16,21.20380401611328,21.891059520330447,21.156639737669504,21.789991740659268,40761800
2011-11-17,20.54349708557129,21.224013219196024,20.442430612982054,21.15663514242656,55130100
2011-11-18,20.631086349487305,20.786055006775527,20.435690080196256,20.664774741026566,39029900
2011-11-21,20.152706146240234,20.341364507574216,19.943835261101505,20.226822160537502,39658100
2011-11-22,19.815824508666992,20.280732008317162,19.795610692115094,20.14597580156538,36466200
2011-11-23,19.121826171875,19.640635732869484,19.0881377734229,19.613685271133807,44468500
2011-11-25,19.189208984375,19.654116451375693,19.054454072217208,19.054454072217208,21423200
2011-11-28,19.647371292114258,20.260509322684577,19.41828661199679,20.017948770764935,45280100
2011-11-29,19.243106842041016,19.627160246541713,19.189204632376534,19.526093764062065,45104700
2011-11-30,20.866910934448242,20.887124743621115,20.07859036852573,20.31441300168938,61412600
2011-12-01,20.523279190063477,20.866906156542075,20.23355570237023,20.792791443471554,33189700
2011-12-02,21.783254623413086,22.41660532776077,20.759109969154917,20.80627424659249,90515100
2011-12-05,22.578306198120117,22.975835436237293,22.38291247484138,22.66589808319945,52207600
2011-12-06,22.3896541595459,22.62547812312231,22.019076582794867,22.409866687470007,38782900
2011-12-07,22.908464431762695,23.036481395940534,22.046028946226752,22.113405754686564,44722800
2011-12-08,21.709138870239258,22.706330501928395,21.614810314172235,22.605262723136367,47788900
2011-12-09,22.355960845947266,22.443552731480253,21.803462928449676,21.803462928449676,39104600
2011-12-12,21.587860107421875,21.965174358669632,21.399201696667713,21.93148595341688,35977900
2011-12-13,21.08251953125,21.985382380793514,20.7995326487792,21.810198617455065,49475100
2011-12-14,21.230754852294922,21.52047973326243,20.772585392637477,20.806273794323406,41291500
2011-12-15,21.399194717407227,21.74955838720915,21.271176505964867,21.628278111645848,33457300
2011-12-16,21.48678970336914,21.965171682347812,21.43288749045422,21.668710153880802,52596800
2011-12-19,20.68499183654785,21.493524928238443,20.4963334725884,21.473312404152406,47388000
2011-12-20,21.702402114868164,21.85737084177678,21.048837515429437,21.156641958942416,49091600
2011-12-21,21.776514053344727,21.83715420204953,21.493527121099003,21.560905206896575,30893000
2011-12-22,22.537883758544922,22.605260557778664,21.924745632581377,22.02581083143199,35543200
2011-12-23,22.61873435974121,22.706326246929535,22.32227287190522,22.652422756272138,21958800
2011-12-27,22.254894256591797,22.699587788422313,22.254894256591797,22.382913766076026,16891600
2011-12-28,21.998855590820312,22.295317024105643,21.944952110081474,22.227940243441523,19242700
2011-12-29,22.517669677734375,22.58504905026593,22.039287698931485,22.039287698931485,19792000
2011-12-30,22.40312957763672,22.517670660549282,22.275112619629667,22.308801022235695,18196900
2012-01-03,23.568754196166992,23.710246959692615,22.915188711892764,22.948879668192383,44102800
2012-01-04,23.71807098388672,23.853797226767362,23.297321960843206,23.371968935102934,36571200
2012-01-05,24.213462829589844,24.37633220469805,23.344819258980642,23.55519241755891,38381400
2012-01-06,23.996305465698242,24.274543062122675,23.84700635925894,24.220251536594777,33160600
2012-01-09,23.95557975769043,24.213459250381323,23.745206630209303,24.05058731058664,23001800
2012-01-10,24.464555740356445,24.668143762893408,24.267752863440446,24.478128620360533,35972800
2012-01-11,24.87851905822754,24.93281057723658,24.199890603187225,24.29489817269093,29852900
2012-01-12,25.007461547851562,25.14318777840383,24.54599391723136,24.98710351933561,39420700
2012-01-13,24.376325607299805,24.376325607299805,23.840211254841243,23.928431063830843,61571500
2012-01-17,23.690919876098633,24.213464110678192,23.412682305869225,23.650201235786216,55115100
2012-01-18,24.797075271606445,24.892082806256397,23.43303112767166,23.439818859438752,55502100
2012-01-19,25.061748504638672,25.2110475898922,24.912449419385148,25.000671841467874,37000400
2012-01-20,25.353551864624023,25.380697615959317,24.851365819966457,24.95994623654629,34716500
2012-01-23,25.55714225769043,25.747157357623088,25.292477628852346,25.319623382774605,27499200
2012-01-24,25.55714225769043,25.713226459601053,24.973521492169745,25.231400976908052,25403800
2012-01-25,25.516429901123047,25.665728995645527,25.190688540243094,25.353560515064178,29860700
2012-01-26,25.441776275634766,25.855737366834305,25.278904343494087,25.706440900197016,33284600
2012-01-27,25.25177001953125,25.55715341254247,25.211053959638225,25.265342902416492,27674600
2012-01-30,25.116046905517578,25.224627393351323,24.67493980627681,24.878527897369704,24423600
2012-01-31,25.312837600708008,25.475709548032103,25.061745829480063,25.468921814647636,29649500
2012-02-01,25.516429901123047,25.80824035563759,25.44856808839222,25.713232782309547,41957800
2012-02-02,25.482494354248047,25.896458067302664,25.394271942754013,25.577501910274666,26784200
2012-02-03,25.97789192199707,26.127190984598506,25.82180771507814,25.971106777679577,41074400
2012-02-06,25.882883071899414,26.005036373586027,25.658937077981648,25.828594153795105,23106200
2012-02-07,25.699657440185547,25.869314544523007,25.584291851841815,25.692872295067314,21091900
2012-02-08,25.99146270751953,26.02539360389945,25.76751672040291,25.821805636858485,23258700
2012-02-09,25.692873001098633,26.249348111516298,25.679300121727223,26.195056594030653,28608400
2012-02-10,25.523216247558594,25.631796695280034,25.18390202483383,25.258551568035212,22618800
2012-02-13,25.99146270751953,26.018608460128046,25.638575689893184,25.8421662456956,24828000
2012-02-14,25.73358726501465,25.964321020795897,25.407845948987333,25.94396299753227,27031900
2012-02-15,25.380712509155273,26.05934115818335,25.319635827192233,25.842180197595393,26534900
2012-02-16,25.78787612915039,25.869310802599724,25.14317870816931,25.211043093345083,22139600
2012-02-17,26.106834411621094,26.222199992752024,25.943962462584818,26.195054236452346,28009300
2012-02-21,26.10005760192871,26.446159667700627,26.06612668673377,26.228998703937535,22804200
2012-02-22,25.83538055419922,26.052541414700496,25.720014979641142,25.99146476088691,23416900
2012-02-23,26.120399475097656,26.140757491850824,25.618213488844265,25.82858915408411,31361400
2012-02-24,25.97789192199707,26.249344292406654,25.916815268092996,26.235771415010007,17586400
2012-02-27,26.507232666015625,26.622598279395028,25.645374078296594,25.835389247986214,34030400
2012-02-28,26.609020233154297,26.839754003894665,26.36471358310426,26.554731304677638,37900900
2012-02-29,26.629377365112305,27.104415135036692,26.48007830098653,26.690454019639965,41187700
2012-03-01,27.396224975585938,27.450516484627865,26.78546103143407,26.812604197193398,44376700
2012-03-02,27.57265281677246,27.74230979494081,27.30120061619909,27.436926716485775,34897900
2012-03-05,27.416593551635742,27.626966738392184,27.145141105079986,27.620181592171363,30806900
2012-03-06,26.683664321899414,27.056909365971894,26.547938145301742,26.77188672500213,33927500
2012-03-07,27.111204147338867,27.18585368292385,26.724386180000153,26.778675103940806,22875100
2012-03-08,27.443737030029297,27.654112807884236,27.29444051265192,27.464097646442625,22052300
2012-03-09,27.8441219329834,28.122359468530384,27.484449715724622,27.654106812735268,33494200
2012-03-12,27.511592864990234,27.81018839547371,27.28085913137431,27.728753721480327,30763800
2012-03-13,29.44568634033203,29.676420103632257,27.70161153108931,27.83733773104743,77277600
2012-03-14,29.57461929321289,29.85964190515672,29.228517448696827,29.60176245475904,68028700
2012-03-15,30.33469581604004,30.483992332317474,29.13352300699998,29.61534864211276,57117700
2012-03-16,30.2464599609375,30.483978805594845,30.008941116280152,30.4500479118954,48844500
2012-03-19,30.538280487060547,30.77579941089951,30.002163386095912,30.1582476201561,41509300
2012-03-20,30.796159744262695,30.945456242702843,30.110743560981586,30.219324009284463,34796200
2012-03-21,30.619712829589844,30.992957933622563,30.443270583801223,30.89795037137008,27267900
2012-03-22,30.300769805908203,30.60615062284154,30.137897793282647,30.3482736035984,27457200
2012-03-23,30.646869659423828,30.707946341332793,30.1582562041521,30.165043940343566,30639300
2012-03-26,31.332277297973633,31.332277297973633,30.809735619483966,30.864024554532797,33529400
2012-03-27,31.14225196838379,31.549430497660545,31.101535927589158,31.162609988781103,33026400
2012-03-28,31.400123596191406,31.427269342443687,30.782572107136666,31.054021803376937,29755800
2012-03-29,30.992958068847656,31.230479564277104,30.72150825962219,31.162615170399295,32262300
2012-03-30,31.203332901000977,31.305128194481963,30.877591586128403,31.271197292908916,25945800
2012-04-02,31.305126190185547,31.45442266530068,30.85044385417964,31.047246694969683,27669300
2012-04-03,31.025053024291992,31.414405508216745,30.717673461482388,31.24363792634185,31036400
2012-04-04,30.335168838500977,30.642551166087678,30.027786510914275,30.519598235052996,41342900
2012-04-05,30.287353515625,30.55375065916382,29.92532689550382,30.143909300751453,28832300
2012-04-09,29.979969024658203,30.24636614892094,29.419851326026897,29.501819070636753,29376400
2012-04-10,29.344715118408203,30.06193879491485,29.139794440221703,29.973141484648973,38841000
2012-04-11,30.06192970275879,30.19854431546697,29.7613796393664,29.77504136120792,32142200
2012-04-12,30.628887176513672,30.731348813373963,30.0551077426529,30.137075488716533,33631100
2012-04-13,29.515478134155273,30.704022049506456,29.413019114059022,30.704022049506456,58183900
2012-04-16,29.597450256347656,29.91849166546435,29.26274451688116,29.631603265099535,40387600
2012-04-17,29.98680877685547,30.05511481369419,29.481335244840785,29.843361930360906,26887000
2012-04-18,29.570127487182617,29.993630538003153,29.556465762226136,29.795539434695566,20242900
2012-04-19,29.522329330444336,29.843370927220437,29.214946860587165,29.672603177934125,25961800
2012-04-20,29.180774688720703,29.76821577780638,29.173942524034207,29.720398442122967,26178100
2012-04-23,29.269575119018555,29.344713304373858,28.552351486849307,28.63431923191526,25536300
2012-04-24,29.563291549682617,29.583785437356195,29.2422501741456,29.358370912897712,21420400
2012-04-25,29.481327056884766,29.97996828330117,29.358374140156606,29.816032798135325,31694000
2012-04-26,29.918495178222656,29.97997164347706,29.41302433564897,29.522315539911485,28100300
2012-04-27,29.604278564453125,30.048275476582567,29.52914038495053,30.014119863566894,26242900
2012-04-30,29.358379364013672,29.624776529089978,29.05782918392646,29.597455680506066,23518000
2012-05-01,29.911659240722656,30.219041501460115,29.344709448061646,29.372032894728818,26359700
2012-05-02,29.50865936279297,29.73407137397614,29.262753455532543,29.686256625976426,22462200
2012-05-03,29.378870010375977,29.638437609065516,29.146625865381747,29.631608048495668,19536400
2012-05-04,28.518199920654297,29.15345583991831,28.49087646901315,28.914382152327665,31279900
2012-05-07,28.538694381713867,28.962200112147148,28.258635485502467,28.299620667524156,25910100
2012-05-08,28.26545524597168,28.579667019769055,27.971734751337245,28.34742296833036,28049700
2012-05-09,27.75998306274414,28.019550567004252,27.404786111047937,27.814629950254485,38769900
2012-05-10,27.828296661376953,28.279123141336463,27.69168202381491,28.162999787411106,35827100
2012-05-11,25.24629020690918,25.949854737373947,25.014046085284363,25.369243130458063,217294200
2012-05-14,24.447101593017578,24.911589889152353,24.426607699620927,24.658851847688315,96488500
2012-05-15,24.75447654724121,25.458038342078034,24.67250620954019,24.720320937012175,89903700
2012-05-16,24.221689224243164,25.259957122134356,24.221689224243164,25.130174612038545,68729600
2012-05-17,23.176589965820312,23.975781465334375,23.14243695062628,23.93479888938475,95429200
2012-05-18,22.87603759765625,23.217572928369073,22.52084054102998,23.217572928369073,82650100
2012-05-21,22.206628799438477,23.026314215539802,22.03586111298854,22.89653171189277,99554800
2012-05-22,23.231225967407227,23.620578539751364,22.534496368156713,22.759908272453735,84721000
2012-05-23,23.40199851989746,23.511289715920917,22.684774883136793,22.96483373580363,52512900
2012-05-24,23.20390510559082,23.55226990487304,22.96482887348485,23.524946460225426,37843800
2012-05-25,22.882863998413086,23.313199185294756,22.73941980468834,23.224399281971493,28796400
2012-05-29,22.971660614013672,23.224395958077125,22.78723127460292,23.210734236005173,35855200
2012-05-30,22.514013290405273,22.84188696678496,22.507183728811434,22.746257470221092,34203600
2012-05-31,22.64379119873047,22.862373580019366,22.47985310991004,22.51400611841627,42124900
2012-06-01,21.81044578552246,22.302257481092973,21.70115458714098,22.1383193806669,50472200
2012-06-04,21.175189971923828,21.974381374963183,21.05906791028622,21.967551815032024,60492400
2012-06-05,21.851425170898438,21.947055926979974,21.079556078015152,21.100047359219094,46502800
2012-06-06,22.589149475097656,22.753087601471734,22.042693396697597,22.3432435883906,47980500
2012-06-07,22.411540985107422,23.10827311272653,22.404708821843624,23.067287950264177,53888800
2012-06-08,23.005823135375977,23.00582313537598,22.233952456032487,22.38422885529621,34238200
2012-06-11,22.41838836669922,23.52496257591099,22.391064903333774,23.4771478178759,46404900
2012-06-12,23.06730079650879,23.074130357869176,22.20663014543718,22.459368212812006,43334400
2012-06-13,23.4293212890625,23.955285968915256,22.97166523330544,23.01264780205528,72456600
2012-06-14,23.66838836669922,23.832323789404263,23.272206318033327,23.50445033828761,44428000
2012-06-15,23.927967071533203,23.955290526369723,23.50446394439943,23.832337585313454,40917100
2012-06-18,23.647905349731445,24.112393603651505,23.565937600718424,23.709381812918153,31084400
2012-06-19,24.16704559326172,24.337813292976698,23.72304853171946,23.900648398619687,32489000
2012-06-20,24.897930145263672,25.23263336414169,24.47442699648184,24.611039066231445,61149700
2012-06-21,24.255828857421875,25.2940961823843,24.201184580164274,24.92524014520179,95637000
2012-06-22,24.583707809448242,24.925243050667152,24.563213923094278,24.604199090095104,44193500
2012-06-25,24.126052856445312,24.228514486489786,23.661564650136697,24.085067683286027,33115800
2012-06-26,24.392457962036133,24.672516889475023,24.303660632983366,24.631534308591696,35053600
2012-06-27,25.123340606689453,25.15066406124972,24.2490109064252,24.344640391678098,34156800
2012-06-28,24.50857162475586,24.542724630502857,23.805007198972643,24.126051185550494,69904800
2012-06-29,24.406118392944336,25.137003911188586,24.07824473477284,25.068697876210102,56063200
2012-07-02,24.781797409057617,24.836444300905978,24.310479692547997,24.774967850430183,34274900
2012-07-03,24.712921142578125,24.891999119890745,24.478740632287227,24.76802104812301,26705900
2012-07-05,23.679779052734375,24.561398812473996,23.56957658276692,24.52696103325307,58519800
2012-07-06,23.34917640686035,23.500703191835896,23.232084780697544,23.362949419411578,32057200
2012-07-09,23.390493392944336,23.500695850973145,23.101212925906403,23.287180066473866,30545000
2012-07-10,23.590240478515625,23.727994233074114,23.28718432043441,23.569578334933865,33175500
2012-07-11,23.824413299560547,23.969053512308033,23.50069247608748,23.562681514041184,35144300
2012-07-12,23.445602416992188,23.810647667482105,23.37672421953729,23.645345248459513,39301500
2012-07-13,24.843791961669922,24.933332286548637,24.010385646649542,24.148139386285862,83001000
2012-07-16,24.168794631958008,24.69225554030497,23.920838496844546,24.630266506526606,52368300
2012-07-17,24.099918365478516,24.437412162267098,23.60400611027366,24.409860897548334,43998300
2012-07-18,24.07926368713379,24.26523086071492,23.865747864730295,23.934623427937684,28944900
2012-07-19,23.73487663269043,24.223899880717006,23.63156330521892,24.12058655324549,34384700
2012-07-20,23.34917640686035,23.50759232554618,23.34917640686035,23.452489765602586,36301200
2012-07-23,23.72110366821289,23.76243058031583,22.798156984053982,22.894586445627507,41248300
2012-07-24,23.920846939086914,24.03104941276008,23.569577375326894,23.81753359795007,29920400
2012-07-25,24.223901748657227,24.416758037523124,23.96217253026664,24.09303713946193,32127700
2012-07-26,24.664716720581055,24.754254428122145,24.340995790047494,24.644051949473283,28900500
2012-07-27,25.4085750579834,25.6220934448542,24.458077326906114,24.802460296252452,63636200
2012-07-30,24.892005920410156,25.153737768695574,24.754252177763405,25.13996213168749,30698200
2012-07-31,24.795570373535156,25.022864363127155,24.733581342503992,24.87133503673249,19681600
2012-08-01,24.795570373535156,25.071077761992154,24.67159231147283,24.926434937963982,22180200
2012-08-02,24.223901748657227,24.685376388070036,23.941507761231744,24.53384700983985,36675000
2012-08-03,24.857566833496094,24.99532056889366,24.45119475916196,24.671599684824475,24516300
2012-08-06,25.00220489501953,25.346587889792346,24.871340302882007,24.960880617204385,18979200
2012-08-07,25.491228103637695,26.083567274725535,25.188172014272777,25.188172014272777,37225800
2012-08-08,25.594545364379883,25.814950282017055,25.31215139944264,25.381026950916553,18672400
2012-08-09,25.42924690246582,25.66342751611238,25.201955422198758,25.291495764090413,23406700
2012-08-10,25.463685989379883,25.48434813357404,25.07108948508444,25.319043097717554,15492700
2012-08-13,25.47745704650879,25.54633259972672,25.243276487160315,25.39480322972655,14453500
2012-08-14,25.553220748901367,25.92515506606055,25.470569554232917,25.773625686306637,18065100
2012-08-15,25.532560348510742,25.766740938905116,25.449909148205165,25.532560348510742,17521300
2012-08-16,25.553220748901367,25.725412270463867,25.346591448513188,25.608323296969736,15894100
2012-08-17,25.47056770324707,25.622097071989106,25.346589606537023,25.622097071989106,17079800
2012-08-20,25.739187240600586,25.828727565174724,25.346590791804655,25.429241984331682,17922100
2012-08-21,26.200668334960938,26.765456440160193,25.87006085587611,25.918274282361313,36880600
2012-08-22,26.056028366088867,26.297095501388362,25.870061164242948,26.090466152926695,16899400
2012-08-23,25.64275550842285,26.09734092155414,25.622093371100284,26.042241012882776,16429500
2012-08-24,25.60143280029297,25.787399948961276,25.25704977552217,25.443016924190477,20019300
2012-08-27,25.64275550842285,25.787395724547913,25.41546411557398,25.697858044527752,17618200
2012-08-28,25.573883056640625,25.821839244214132,25.415467187342852,25.55321828938693,18050500
2012-08-29,25.69097328186035,25.821840513643192,25.525670900307475,25.704748918228756,13681900
2012-08-30,25.415464401245117,25.573880253177006,25.284597190241794,25.525666847260066,13700700
2012-08-31,25.58077049255371,25.759851135628224,25.387916840720187,25.58077049255371,16771600
2012-09-04,25.491228103637695,25.649646593291756,25.33281224141737,25.470565964740963,13631400
2012-09-05,25.560110092163086,25.684088198906434,25.443018490268088,25.539447950183902,13537500
2012-09-06,26.64835548400879,26.772333573691196,25.828724893271787,25.883827434212307,41346800
2012-09-07,27.06849479675293,27.226910611845582,26.86186558695525,26.889416848910397,28082400
2012-09-10,26.69657325744629,27.399115004673057,26.675911114933033,27.02029416980297,20853500
2012-09-11,27.275131225585938,27.29579599123821,26.675905570342948,26.72411897780884,22378900
2012-09-12,27.495534896850586,27.722828916839976,27.405997216945853,27.467986256267185,29882200
2012-09-13,28.51491355895996,28.63889164962417,27.268246148362653,27.440437649014743,47018600
2012-09-14,28.632009506225586,28.990168230286987,28.39782890308676,28.90062789241303,43471600
2012-09-17,28.370275497436523,28.542467027196857,28.20497310022977,28.23941088069499,19740100
2012-09-18,28.41848373413086,28.466699770912182,28.005225189027747,28.273843506088145,25186600
2012-09-19,28.47359275817871,28.762873280132965,28.26696343857791,28.466706252746903,22887200
2012-09-20,28.411602020263672,28.432264162772192,27.929465218069325,28.21185921790064,20997400
2012-09-21,28.156747817993164,28.721535587433927,28.08098315643326,28.604444030268677,28287400
2012-09-24,28.397817611694336,28.563122583008212,27.957007858101836,27.970783491330774,20499500
2012-09-25,27.929473876953125,28.618240200071256,27.915698235198562,28.618240200071256,21988200
2012-09-26,27.715951919555664,27.98457030626752,27.344017556061818,27.653962858973358,23782700
2012-09-27,28.018997192382812,28.232515568555755,27.69527637663784,27.826143579990102,20843400
2012-09-28,27.881248474121094,27.984564429205612,27.66084355554574,27.83992156660051,21380700
2012-10-01,28.2187442779541,28.583789422571982,28.1016526899575,28.156755231940327,21956400
2012-10-02,28.184301376342773,28.40470889729632,27.936347841708,28.33583072592534,26946100
2012-10-03,28.350833892822266,28.447972888948804,28.045536880036988,28.330019149892042,22419100
2012-10-04,29.016935348510742,29.13489174746992,28.385529156922946,28.558992425456292,24326500
2012-10-05,28.940603256225586,29.44711554567209,28.767140034627246,29.169575979217974,22774400
2012-10-08,28.905927658081055,29.030821460743102,28.524308881876006,28.676957451094115,18631300
2012-10-09,28.711631774902344,29.107127689043583,28.656122276224973,28.98223396385808,19947500
2012-10-10,28.982240676879883,29.14182655228359,28.67694630395616,28.829592166998424,25797600
2012-10-11,29.211210250854492,29.585891506218896,29.03774700079754,29.398550878536692,27755000
2012-10-12,28.878149032592773,29.440170680233493,28.55204005892888,28.864271660780137,44564000
2012-10-15,29.405492782592773,29.426307526950215,28.95448724469328,29.079381004516545,26268000
2012-10-16,29.71772575378418,29.912003750020588,29.329167114472185,29.68997099808207,28588100
2012-10-17,30.057710647583008,30.210359148981766,29.676092040925155,29.78710841098633,26177500
2012-10-18,29.842618942260742,30.078529088504833,29.662218311292612,29.898128457536703,23630400
2012-10-19,29.363855361938477,29.710781821930038,29.183454767351954,29.696904445909713,29747500
2012-10-22,29.204261779785156,29.502618668172314,28.794888559451955,29.315278111731207,27993000
2012-10-23,28.676950454711914,28.96143012540581,28.482669783058824,28.77408946711867,22896400
2012-10-24,28.940603256225586,29.058559623268586,28.683878429374882,28.919788516622173,18918900
2012-10-25,28.91284942626953,29.336100123942256,28.72551147019554,29.308348019200164,17311700
2012-10-26,28.558996200561523,28.90592278348712,28.357778147223133,28.739396859073334,21892700
2012-10-31,28.919797897338867,28.996122163093638,28.552056595254506,28.760211999324152,19423500
2012-11-01,29.724660873413086,29.766293003820696,28.850407309565195,28.933668923541425,23325400
2012-11-02,29.433238983154297,29.884244430500466,29.37079476261959,29.863429690322228,17029200
2012-11-05,29.329177856445312,29.391624756226992,29.04469812340437,29.370810005246483,13252500
2012-11-06,29.752418518066406,29.870372262091074,29.42630674861593,29.537323126984713,17190900
2012-11-07,28.0871639251709,29.148757971746537,27.969210207479673,29.148757971746537,47631200
2012-11-08,28.031658172607422,28.79489530261596,28.031658172607425,28.64224681787875,27830900
2012-11-09,28.184307098388672,28.607557836557888,27.656980002091338,27.969214370153793,27553200
2012-11-12,28.156545639038086,28.385515668340776,27.962265070750586,28.343883550813846,12816000
2012-11-13,27.78188133239746,28.114930533623713,27.75412657058533,27.879020351900145,19793500
2012-11-14,27.2614803314209,28.010840066591225,27.15046397632757,27.899823711497895,30986600
2012-11-15,27.33086585998535,27.559838592096526,27.03944890657711,27.101895774712993,24858700
2012-11-16,27.428009033203125,27.525148032507406,26.942314036681733,27.358624789939846,32458000
2012-11-19,28.16349220275879,28.239816453073864,27.816565717209578,27.816565717209578,26781200
2012-11-20,28.239822387695312,28.572871566192426,27.927587955716895,27.983097475552874,19375900
2012-11-21,28.26063346862793,28.434096725356685,27.996968577285237,28.406341969038664,13030200
2012-11-23,28.51042366027832,28.600625303366428,28.427162030341332,28.517361026589946,8316700
2012-11-26,28.364700317382812,28.364700317382812,27.81655602594666,28.30225346586682,20376600
2012-11-27,28.274517059326172,28.586751519410623,28.198192786101103,28.357778699735416,19875000
2012-11-28,28.330026626586914,28.3647187562394,27.670865575830298,28.094116439374226,26106900
2012-11-29,28.600616455078125,28.69081542342152,28.3855211102097,28.552046965404394,18915000
2012-11-30,28.503482818603516,28.683883435944413,28.343894297659933,28.441035942054906,20066600
2012-12-03,28.31615447998047,28.704710638861915,28.274522328597318,28.635326366730318,18955500
2012-12-04,28.14961051940918,28.39245796340739,27.892885700491266,28.295318985808105,24031100
2012-12-05,28.586740493774414,28.787958473425384,28.101042926176444,28.232874026548387,25515600
2012-12-06,28.774091720581055,28.82959859765787,28.524304156635925,28.62144317665019,20541700
2012-12-07,29.530384063720703,29.537321428977776,28.954484814337267,29.030809066360526,34552900
2012-12-10,29.356922149658203,29.606707012837646,29.14876412674985,29.51650802620585,22394500
2012-12-11,29.58588981628418,29.898124177919808,29.43324131796476,29.558135062619012,21955000
2012-12-12,29.67608642578125,30.099337083691548,29.62751693849697,29.835672262120802,23110600
2012-12-13,29.683034896850586,29.780173907768077,29.488756875015607,29.59283589919265,18457000
2012-12-14,29.70384979248047,29.912005176494652,29.634462899916198,29.676095035454757,16208600
2012-12-17,30.16872215270996,30.189536891602696,29.70384200518142,29.83567309623311,23879800
2012-12-18,30.43933868408203,30.487908195602763,30.050782591916157,30.411586568098656,33858600
2012-12-19,30.203399658203125,30.800113255013535,30.127075456726818,30.522573832271085,34348500
2012-12-20,30.89726448059082,30.904204490852564,30.12015008209433,30.314428020008855,25014900
2012-12-21,30.52953338623047,30.66830452189937,30.07159049131058,30.404639628812383,38973500
2012-12-24,30.47403335571289,30.543420268557824,30.328324808998655,30.33526482370319,8621200
2012-12-26,30.501779556274414,30.654428074831095,30.335256305884702,30.4948421903579,11498900
2012-12-27,30.272798538208008,30.543400707903558,29.76628630960175,30.50176858685871,19567000
2012-12-28,30.002197265625,30.31442891886323,29.898118283319945,29.905055646949,15401200
2012-12-31,30.50872039794922,30.52953514310363,29.870374195873282,29.905066320077108,24209600
2013-01-02,31.20035171508789,31.43788248938637,30.892960045710815,31.423909777366188,31413000
2013-01-03,31.137474060058594,31.263225796015288,30.87898556504635,31.256240772916435,24227700
2013-01-04,31.689382553100586,31.738285707378296,31.046651194701802,31.05363888246835,24487700
2013-01-07,31.72432518005371,31.7802160435619,31.451863883008922,31.50076705606706,24456900
2013-01-08,31.787193298339844,31.78719329833984,31.40993805695197,31.71733240105575,19624200
2013-01-09,31.7662296295166,32.27622154650742,31.53568391449535,31.829105491338588,25920600
2013-01-10,32.241302490234375,32.248287515116026,31.808156326932124,32.05965986303721,23413600
2013-01-11,32.23430633544922,32.24129402351872,31.766232505634246,32.11554228848917,19723900
2013-01-14,32.05265808105469,32.26224336323031,31.773209261472882,32.05964310228458,19079500
2013-01-15,32.381011962890625,32.46484821964524,31.682392480066476,31.780201446280195,29898000
2013-01-16,32.7093620300293,32.71634971685477,31.836087728362514,32.07361844501675,43453600
2013-01-17,32.44388198852539,32.74428852531907,32.339090683959604,32.415939239653994,41086800
2013-01-18,32.457862854003906,32.55566916219154,32.262250237628635,32.40197467719184,28679100
2013-01-22,32.51374053955078,32.52072555944263,32.22730675360805,32.31114031741494,24257300
2013-01-23,32.297183990478516,32.44389346779203,32.08061095371407,32.297183990478516,19105100
2013-01-24,32.39498519897461,32.69539179467426,32.1923875710787,32.30416658354681,20008200
2013-01-25,32.946895599365234,32.946895599365234,32.56265540636704,32.65347668781015,26009100
2013-01-28,32.58361053466797,32.83511396162859,32.471831529910105,32.72333495687073,19706800
2013-01-29,32.918941497802734,32.94688691011071,32.31114343772074,32.33210116444112,19907400
2013-01-30,32.92594528198242,33.07963979478029,32.80717855411509,32.86306940605795,18631300
2013-01-31,32.87004470825195,32.98881140099233,32.75128068053329,32.84209929054578,19536000
2013-02-01,33.428924560546875,33.53371849685776,32.981808740325384,33.114548081655236,24520000
2013-02-04,33.3101921081543,33.401013427899834,33.10060670222254,33.21238576305435,20822600
2013-02-05,34.08564376831055,34.09262879023444,33.48483061203032,33.49181563395422,28067500
2013-02-06,33.95989227294922,34.11358940648524,33.757291990564774,33.82715287034202,28282600
2013-02-07,33.69441604614258,34.05769848309823,33.463873011452904,33.987837603500566,21429600
2013-02-08,33.97385025024414,34.01576569392652,33.71535924410681,33.76426503677054,15218300
2013-02-11,33.99481964111328,34.16248946845869,33.79920706339488,33.89002566589471,13935900
2013-02-12,34.33016586303711,34.44893257789231,33.952910648822545,34.09263509834892,16388000
2013-02-13,34.00878143310547,34.54671851419237,33.88302976921395,34.476854998130065,21635600
2013-02-14,34.38604736328125,34.43495050757107,33.792219280442616,33.81317967443931,18017800
2013-02-15,34.148536682128906,34.55373478164497,33.93196358401079,34.47688617698941,20016200
2013-02-19,34.54673767089844,34.707419849411565,34.31619193758256,34.31619193758256,20445900
2013-02-20,33.95989227294922,34.6096085819602,33.78523740848436,34.476869179353,24786700
2013-02-21,33.70839309692383,33.84811753913829,33.41497416679333,33.82017211769099,24437700
2013-02-22,34.16947555541992,34.16947555541992,33.82016584715964,33.97386297160107,23584100
2013-02-25,33.32415008544922,34.37207931665818,33.28921964407996,34.3022157688978,32775500
2013-02-26,33.254295349121094,33.71538422642746,32.73033059468102,33.68744146494113,39401400
2013-02-27,34.42797088623047,34.51180715181352,33.366068840710746,33.42894470738698,31921200
2013-02-28,34.176475524902344,34.61660669601859,34.0577114513598,34.34414543081135,24711500
2013-03-01,34.16947555541992,34.525770285235915,33.79222043089364,33.95290257689078,25923400
2013-03-04,34.30221176147461,34.33015717731398,33.76427716418517,34.043723327514265,17695200
2013-03-05,34.57468795776367,35.00783139839906,34.44893620644654,34.57468795776367,25561100
2013-03-06,34.951934814453125,35.06371383451148,34.66550090898971,34.84714348222332,19607900
2013-03-07,35.3711051940918,35.531787355486365,34.93795919552713,34.965904614471015,24245400
2013-03-08,35.07069778442383,35.5247988390646,34.6585121921987,35.34315895021265,32711900
2013-03-11,35.26631546020508,35.46891577445783,34.86810251978949,35.09166056826764,19473000
2013-03-12,35.12657928466797,35.39904039871037,34.96589715754094,35.17548242487962,18003400
2013-03-13,35.042755126953125,35.231382717749774,35.007824683847524,35.13357641104528,16680200
2013-03-14,35.62959289550781,35.62959289550781,35.063710166583085,35.10562829410328,26378700
2013-03-15,34.9449462890625,35.13357386619619,34.3371480949796,34.910015848487035,60880800
2013-03-18,34.588653564453125,34.69344756543592,34.197428312831285,34.365095516377174,28011400
2013-03-19,34.3720703125,34.9239802026295,34.00878795437759,34.686449532511816,24411500
2013-03-20,34.316184997558594,34.67946741399712,34.260296830041206,34.63056426803632,19385300
2013-03-21,33.77824783325195,34.39303366800711,33.77824783325195,34.08564208314032,23535900
2013-03-22,34.07866287231445,34.23236003548497,33.77127121099566,33.97387153244367,22791500
2013-03-25,33.89702606201172,34.455921254352795,33.64552255920261,34.26030860328904,23581400
2013-03-26,33.98085403442383,34.21139976207341,33.75729599459383,34.05071758750948,16417500
2013-03-27,33.37306213378906,33.750317397207596,33.226352641911596,33.673468806693904,26530100
2013-03-28,33.15647888183594,33.484830880346166,33.030727166024434,33.42195502244042,27506700
2013-04-01,33.41496658325195,33.52674557865082,33.17743588490169,33.21935134253784,17442200
2013-04-02,33.729339599609375,33.79920312996512,33.44989347324996,33.54071206518065,17273700
2013-04-03,32.934974670410156,33.79262057458072,32.71001880729745,33.76450042127027,33467400
2013-04-04,33.3848876953125,33.420036544651765,32.97012483706449,33.01230238359747,21514000
2013-04-05,33.68013000488281,33.77151912800616,32.864664636673375,32.892784779432006,22961500
2013-04-08,34.15114212036133,34.15817081708376,33.45518315069528,33.65905021755236,18672300
2013-04-09,34.221431732177734,34.41826737414018,34.066773623958966,34.2636119476059,20066700
2013-04-10,34.622161865234375,34.84008912867653,34.36205703458101,34.40423460179221,20388900
2013-04-11,34.664337158203125,34.8682016278464,34.326903260323014,34.594036753424206,22584700
2013-04-12,34.45341491699219,34.85412024427756,34.059743647873695,34.376088547475625,37805900
2013-04-15,33.69419860839844,34.68541109732022,33.673109836831514,34.01757228695502,31527300
2013-04-16,34.08787536621094,34.10896413945106,33.45518535215421,34.04569513804538,23865500
2013-04-17,32.892799377441406,33.86995197765218,32.604574490460635,33.82074304682758,43466300
2013-04-18,32.78734588623047,33.272409115321146,32.372583036123714,32.89982381091949,26106800
2013-04-19,33.20210266113281,33.29349179624722,32.82952010659026,33.145865049921085,19746100
2013-04-22,33.286460876464844,33.38488139038693,32.94902715950067,33.321612400850846,15230100
2013-04-23,33.8629264831543,33.912138104217156,33.31459676913516,33.51846390751676,20568500
2013-04-24,34.24956512451172,34.39016053362295,33.85589100661789,33.96836894291819,16459300
2013-04-25,34.44639587402344,34.889278857561294,34.369066801154986,34.460455949243624,19058800
2013-04-26,34.36205291748047,34.50967974840496,34.17224584271198,34.34799283619914,13929000
2013-04-29,34.390167236328125,34.51670527453915,34.200362860697645,34.502647876236644,13496300
2013-04-30,34.45341491699219,34.62213309067468,34.24955058763485,34.41826607963295,13802600
2013-05-01,33.750423431396484,34.383113155397,33.637945556205736,34.27766397416889,17686400
2013-05-02,33.799652099609375,33.91915872916634,33.53954470289345,33.91915872916634,15529300
2013-05-03,33.441123962402344,34.23550079735953,33.02636112096649,34.18629187394215,43257900
2013-05-06,33.86995315551758,34.017579953125264,33.44113015911704,33.539548024188825,20829500
2013-05-07,34.54481506347656,34.720561988041815,33.926185138135,34.1441122900026,24291600
2013-05-08,34.98066711425781,35.14235664672257,34.523726713798936,34.60105579062505,23559300
2013-05-09,34.47450637817383,35.01580705510684,34.39014595045755,34.93847800387578,18103100
2013-05-10,34.418277740478516,34.60808474454592,34.19332188714352,34.481546741834315,16199600
2013-05-13,34.91740798950195,34.938499450219815,34.172242525726375,34.333929422237794,23979500
2013-05-14,35.31106948852539,35.44463617718928,34.91036674084863,34.987695811748544,24188400
2013-05-15,35.915653228759766,36.15466923074844,35.25484554405515,35.28999440400046,27467000
2013-05-16,35.83128356933594,36.31634411208554,35.73989441837666,35.76098319102679,21389500
2013-05-17,36.76626205444336,36.78735351236292,36.028125387715114,36.035154085897844,26080300
2013-05-20,36.75922775268555,36.99824367974809,36.492091673807344,36.75219637388899,22020000
2013-05-21,37.27241134643555,37.72935178129471,36.87170853788398,36.92794616419159,37112600
2013-05-22,37.701229095458984,38.636201292224584,37.46221318291171,37.56063102660439,46968300
2013-05-23,37.50439453125,37.81371085044761,37.01933396026109,37.13181189041876,25294200
2013-05-24,37.72233200073242,37.72233200073242,37.061524315719744,37.18806235693074,18342300
2013-05-28,38.38313674926758,38.418288288226144,37.98243387665031,38.355019272461,27162300
2013-05-29,38.43233871459961,38.636205804162124,37.89806920858227,38.02460721716001,20482600
2013-05-30,39.10017776489258,39.297016157737744,38.3339210128538,38.38312994064373,24890800
2013-05-31,38.3760986328125,39.24780456035753,38.3760986328125,39.16344410558251,24990100
2013-06-03,38.30580139160156,38.56590609270829,37.28646867859159,38.38312778687145,28279600
2013-06-04,37.98945999145508,38.93849241470237,37.86995067526996,38.34095387883341,22022600
2013-06-05,37.27942657470703,38.15113226184658,37.04744209226728,37.80666720406088,24326000
2013-06-06,37.609840393066406,37.62390046828659,36.745165879663546,37.14586863754084,23940900
2013-06-07,38.15114974975586,38.29877655004054,37.54657978856821,37.79965583573381,21691000
2013-06-10,38.21440124511719,38.551834926105755,37.975385385873054,38.411236888606055,16007000
2013-06-11,37.60279846191406,37.99646970278527,37.33566249011989,37.58170701566439,17600800
2013-06-12,37.3848762512207,38.03162347762158,37.237249516718485,37.89102812001064,18479100
2013-06-13,38.080848693847656,38.13006030810343,37.237265460254584,37.2583542365887,17090200
2013-06-14,37.34973907470703,38.052726809015994,37.19508091501974,37.98945780566077,17185300
2013-06-17,37.85588836669922,38.1441132300937,37.63796388564814,37.7504418157122,16856600
2013-06-18,38.038658142089844,38.15113604691049,37.76449341669484,37.98241784883714,13259100
2013-06-19,37.64498519897461,38.319852646983676,37.62389642925085,37.95430145724241,20840000
2013-06-20,36.89277648925781,37.38486817970554,36.74514978662869,37.31457051607757,31857100
2013-06-21,36.52722930908203,37.24427687014013,36.337422365123906,37.23021679854866,44412200
2013-06-24,35.796138763427734,36.168724134241074,35.22672034143057,35.76802128850761,30736500
2013-06-25,36.61159896850586,36.9490327267156,36.21089353134135,36.21089353134135,20951400
2013-06-26,36.90685272216797,37.11774848710047,36.47100111708278,37.01230194547679,19332000
2013-06-27,37.36378479003906,37.602800635103314,37.17397785292765,37.27942436353331,17093600
2013-06-28,37.11073303222656,37.3497490328854,36.963106212265956,37.342717651923785,18256000
2013-07-01,36.899810791015625,37.70121601934042,36.8576305804833,37.41299128491336,23511100
2013-07-02,37.3884162902832,37.90533915337466,36.90689858469986,37.2255504047536,23935300
2013-07-03,37.36716842651367,37.395493628991574,36.97062369554303,37.04143670173778,10442300
2013-07-05,38.231082916259766,38.23816286898575,37.607941727973255,37.78497025977411,17070200
2013-07-08,38.733829498291016,38.88253276372629,38.273554399097954,38.620531386353655,21786900
2013-07-09,38.86837387084961,39.06664491034874,38.37269357086145,38.99583459659628,20508700
2013-07-10,38.82589340209961,39.052489674670085,38.54972666249123,38.7834055880274,16915000
2013-07-11,39.045413970947266,39.56233697857737,38.62762651255565,39.54109441838087,21322600
2013-07-12,38.925018310546875,39.54815653943279,38.76923240270545,39.307397727877806,32569200
2013-07-15,38.86837387084961,39.300323807964425,38.66302017923103,39.29324385708531,28292000
2013-07-16,38.95335006713867,39.236596748476074,38.79048417080385,38.8754597959494,19222700
2013-07-17,39.1374626159668,39.35697893689296,38.83297336810562,38.981676665552065,19166600
2013-07-18,39.9163932800293,40.02969143427911,39.293254782275866,39.30741468797115,24563100
2013-07-19,39.76768493652344,40.05093163699532,39.59065642403869,40.015523773505784,17762600
2013-07-22,40.05093765258789,40.12882794073798,39.61898758504833,39.77477086258963,15999700
2013-07-23,40.12882995605469,40.28461594266088,39.9872092786759,40.16423782664065,10577100
2013-07-24,40.10049819946289,40.31293186781329,39.92346969229745,40.30584921483191,16665000
2013-07-25,40.00844192504883,40.00844192504883,39.57649194286308,39.97303676447832,13870200
2013-07-26,39.68978500366211,39.8101657757016,39.371133196781415,39.69686765561516,16762300
2013-07-29,39.434879302978516,39.654395680083,39.21536562711537,39.64023307176258,10049100
2013-07-30,39.179962158203125,39.64731744810504,39.002933598372984,39.56234179449273,14207400
2013-07-31,39.46319580078125,39.84557803722656,39.3074098449167,39.35698031370693,19404900
2013-08-01,40.036773681640625,40.206719560668354,39.79601476865047,39.90931292174931,15979400
2013-08-02,40.00136184692383,40.02260440295083,39.66146474304823,39.84557589941756,11007300
2013-08-05,39.725189208984375,40.065086262349375,39.66145884913346,39.88805778512353,9370200
2013-08-06,39.293243408203125,39.725190639143094,39.165782683912546,39.647300375401336,10588600
2013-08-07,39.1587028503418,39.279083632498605,38.79048325380403,38.98875700654928,12828400
2013-08-08,38.82589340209961,39.46319440573884,38.33021304288644,39.2436780848934,18587100
2013-08-09,38.60636901855469,39.052481518802786,38.47182835395164,38.72674708142477,12652500
2013-08-12,38.30189514160156,38.464761074759274,38.011568443148036,38.26648997373965,15133000
2013-08-13,38.44351577758789,38.73384245537374,37.95491531165589,38.393948005861596,15078100
2013-08-14,38.3443717956543,38.84004940383302,38.23815362176436,38.47183252382608,15785800
2013-08-15,37.73539733886719,38.01156137860192,37.452150646131706,37.898263241755856,16933200
2013-08-16,37.73539733886719,38.08237170116546,37.57961138773861,37.57961138773861,17139000
2013-08-19,36.70154571533203,37.49463254819922,36.68030046092043,37.45214474061625,22793300
2013-08-20,36.90689468383789,37.07684320365068,35.873049066926946,36.66613585649314,18701500
2013-08-21,36.55992126464844,36.97770857199879,36.31207977991238,36.7652722418707,17136200
2013-08-22,36.97063446044922,37.28928632800893,36.772363387852415,36.82193115600161,14658500
2013-08-23,37.04853057861328,37.11934091018629,36.75112394451746,37.01312541282678,11126800
2013-08-26,36.6802978515625,37.20430330284827,36.67321790142243,36.9352192764453,16548400
2013-08-27,35.83057403564453,36.5032830019863,35.79516886925624,36.1279833760365,23596800
2013-08-28,35.81640625,36.149217982316245,35.497754420130875,35.63937775576609,18748100
2013-08-29,35.9013786315918,36.24127301126632,35.72435014001712,35.82348566310048,13576000
2013-08-30,35.7809944152832,35.9934307457569,35.61104859239243,35.986348094079695,15863100
2013-09-03,36.20586395263672,36.62365125579313,35.993430325881285,36.29083686309087,15277200
2013-09-04,36.72987365722656,36.892739558547554,36.06424744731808,36.22711334863907,19923800
2013-09-05,36.89982604980469,37.19015272170551,36.75820269006847,36.843175625413835,13913200
2013-09-06,37.21847152709961,37.324687002687114,36.312083801558316,37.11225335027166,22339900
2013-09-09,37.4309196472168,37.66459594482162,37.1901606944243,37.37426921068139,19936400
2013-09-10,38.004486083984375,38.18859728028202,37.74248459828207,38.117786944008266,20233200
2013-09-11,37.71415328979492,38.068210316441004,37.57253264012908,37.792046267855575,16028600
2013-09-12,36.99186706542969,38.03279254173781,36.87856896252405,37.8345215369629,21976700
2013-09-13,37.23971939086914,37.38842269863508,36.98479789113277,37.02728570816911,11942900
2013-09-16,37.629173278808594,37.87701477156727,37.51587515965156,37.848689566467954,17055300
2013-09-17,37.59376525878906,37.75663112384105,37.44506199520769,37.664575564902094,13207000
2013-09-18,37.82038116455078,38.146113064191354,37.21848514559575,37.31053805120628,20844500
2013-09-19,37.3530158996582,38.061129945149354,37.19722994525312,37.97615701603782,22452200
2013-09-20,37.3884162902832,37.86285404486107,37.3884162902832,37.494634464047905,30792200
2013-09-23,36.43954849243164,37.09101482536037,36.389980724857146,36.87858114986388,28189500
2013-09-24,35.632293701171875,36.30500249303774,35.6181310980416,36.12089135358459,34906900
2013-09-25,36.6094856262207,36.75110893275871,35.44817937484084,35.56147747982327,39175500
2013-09-26,36.74404525756836,37.218483174299855,36.496206369064716,36.772370473752005,22298700
2013-09-27,36.99186706542969,37.105165168335326,36.389968698986095,36.4678616512162,23026000
2013-09-30,36.6024169921875,36.88566371373347,36.4253884665315,36.630742204590284,21350600
2013-10-01,36.793601989746094,36.88565756408699,36.4324650461633,36.567005730784246,19188000
2013-10-02,37.15740203857422,37.41420156581132,36.58673793423682,36.60813698779288,23841200
2013-10-03,37.05040740966797,37.23587497473196,36.73654278105246,37.09320824494617,18614500
2013-10-04,37.571136474609375,37.578271307311425,37.10033819850535,37.14313903129349,17407200
2013-10-07,36.97193145751953,37.349995857451546,36.97193145751953,37.30006292618282,16159300
2013-10-08,36.287147521972656,37.06467842754415,36.26574846255293,36.97194735596412,19536000
2013-10-09,36.2015380859375,36.62240336661966,35.844872686076044,36.50113571567341,24721200
2013-10-10,37.46412658691406,37.49266046638564,36.650930069957816,36.97906152045937,24328700
2013-10-11,37.45699691772461,38.05619486348935,37.207332240798,37.77799630315945,32498800
2013-10-14,37.599666595458984,37.69240036330354,36.9220017771631,37.05040154151985,18881600
2013-10-15,37.314334869384766,37.83506602324423,37.221601104107016,37.74233225796648,17566500
2013-10-16,38.51987075805664,38.55553676082653,37.50694212945571,37.52834118688932,24864000
2013-10-17,38.66966247558594,38.72673024641347,38.241665078943754,38.37006484216462,17791000
2013-10-18,38.73386764526367,38.93360214928733,38.377202192321754,38.70533375595437,24796600
2013-10-21,38.71247863769531,39.126209255509046,38.44141206117738,38.71247863769531,19471700
2013-10-22,38.2487907409668,39.004922250101096,38.2487907409668,38.983523200219196,24820900
2013-10-23,37.62820053100586,38.06333276399817,37.606801477298404,38.02766676743871,21034400
2013-10-24,37.43559265136719,37.728058112661444,37.171661069501766,37.69239212394566,17759000
2013-10-25,37.6424674987793,37.74233337766835,37.14313538319293,37.207335265498905,20889600
2013-10-28,37.57828903198242,37.87075472446283,37.44988919419662,37.72808793568497,14836800
2013-10-29,37.61394119262695,37.799408766058214,37.27154265837885,37.68527592130885,23363100
2013-10-30,37.52119827270508,37.97773226171719,37.44986628252809,37.80653167569503,16157200
2013-10-31,36.765079498291016,37.59967544183067,36.765079498291016,37.55687732440305,23738000
2013-11-01,37.45699691772461,37.59966361360019,36.59386735333161,36.70086805552352,25794400
2013-11-04,37.121734619140625,37.63533093278412,37.09320073473238,37.62106671172099,18891300
2013-11-05,37.05754852294922,37.18594832940227,36.850681865759086,36.986213785396416,14532200
2013-11-06,37.16453170776367,37.335732288387995,36.97193479613007,37.27866452113292,14013000
2013-11-07,36.843528747558594,37.3357259109254,36.7935958203101,37.18592712917991,17348900
2013-11-08,38.4913330078125,38.49846784033601,36.9505384408332,36.971940217262414,31183100
2013-11-11,38.59120178222656,38.62687050523098,38.30587104618184,38.455669886690934,12062800
2013-11-12,38.49846267700195,38.57692949738888,38.23452833185667,38.469928793017445,15964800
2013-11-13,38.61973190307617,38.66253273381941,37.91353588323086,38.1774675366277,22121900
2013-11-14,38.80520248413086,38.876534486475144,38.30587030429646,38.70533387125081,17634000
2013-11-15,39.14046096801758,39.20466085006706,38.65539579723066,38.71246356844846,20530100
2013-11-18,39.76106262207031,39.94652744504875,39.4471953077574,39.58272991026206,22318800
2013-11-19,40.05352020263672,40.40305072449603,39.789585882378084,39.92512045795433,22979900
2013-11-20,40.01785659790039,40.26038917757244,39.78245885003281,40.253257066909015,17682800
2013-11-21,40.816795349121094,40.94519513000892,40.14626255534214,40.14626255534214,22843600
2013-11-22,40.98799133300781,41.030792165023236,40.70266061632901,40.83819250266584,16730600
2013-11-25,41.12351989746094,41.47305045022934,40.9523193156982,41.016519193716604,18649600
2013-11-26,40.7811164855957,41.34464841478419,40.7811164855957,41.10925068912189,16263300
2013-11-27,41.00226593017578,41.25193341515472,40.89526791187781,41.07360066351627,11238900
2013-11-29,40.816795349121094,41.266191861087016,40.802528404451174,41.07359491089674,7128800
2013-12-02,40.645591735839844,41.19485681997648,40.58852668251125,40.73119067640336,12465300
2013-12-03,40.559993743896484,40.81679329273434,40.04639464622078,40.581392799252534,20426800
2013-12-04,40.79538345336914,40.99511790806791,40.096319664775415,40.2603854060753,20287200
2013-12-05,39.81813049316406,40.474396334062064,39.76819754801482,40.45299455675423,21324900
2013-12-06,39.98933792114258,40.48866745773374,39.67547053112312,40.353135543679265,18661200
2013-12-09,40.31032180786133,40.324588750220286,40.010724181746255,40.14625605244483,12714000
2013-12-10,40.44586181640625,40.709793482541436,40.19619437339934,40.29606298328693,14543700
2013-12-11,39.99645233154297,40.49578436827091,39.91798551876764,40.33171863298643,17836100
2013-12-12,40.16766357421875,40.37452746517163,39.882330128492725,39.98219601815441,15325300
2013-12-13,40.06779861450195,40.34599997394891,39.97506754916129,40.21046535036514,11461300
2013-12-16,40.24612808227539,40.617060476908435,40.181930913554545,40.18906302525416,26379200
2013-12-17,39.74680709838867,40.41733730782934,39.70400625564658,40.41733730782934,18338500
2013-12-18,40.831058502197266,40.85245755664429,39.51852964700279,39.83239423717102,27685900
2013-12-19,40.823917388916016,41.045050895030116,40.531451898192614,40.731183632011295,16790000
2013-12-20,41.15918731689453,41.37318601065246,40.802521920250975,40.809654030881795,22001700
2013-12-23,41.54439926147461,41.651397280397084,41.23053187522824,41.35179956204394,13990600
2013-12-24,41.55152893066406,41.58006282248874,41.40173008029705,41.42312913859471,4532600
2013-12-26,41.51586151123047,41.701326359485215,41.31612699640812,41.62285952021304,6677000
2013-12-27,41.473052978515625,41.622851795977,41.41598792854319,41.49445203211265,8943700
2013-12-30,41.337520599365234,41.56578623875149,41.166320009255,41.473052472394244,8815800
2013-12-31,41.7155876159668,41.7655205575774,41.40885513399238,41.515855849524385,11017400
2014-01-02,41.794578552246094,42.002798209261414,41.62226091391164,41.866379850668345,15627600
2014-01-03,42.117652893066406,42.32587242819467,41.79455408664977,41.851995091762895,14214100
2014-01-06,42.36178207397461,42.699241214414066,42.23972401658756,42.476661373431234,17550700
2014-01-07,41.87355041503906,42.67052686842552,41.72277182627377,42.57000780924866,17851200
2014-01-08,42.2684440612793,42.29716457242324,41.85918636376344,42.03150669168845,14687400
2014-01-09,42.18947219848633,42.36179255979503,41.88073623016276,42.34743230144103,13242500
2014-01-10,41.99560546875,42.18946206260744,41.77302562614601,42.124842285008775,12694900
2014-01-13,41.42839431762695,42.12484898819425,41.3063335009892,42.009969669620546,20711600
2014-01-14,41.45710754394531,42.06022454516552,41.32786799090252,41.85918371879977,30272400
2014-01-15,42.71359634399414,42.828475629666364,41.44992146266149,41.44992146266149,35186600
2014-01-16,42.35459899902344,42.95053444829528,42.17509994073436,42.210999204604526,21689400
2014-01-17,41.7227668762207,42.52692199316833,41.66532585554085,42.51256173799837,20997900
2014-01-21,41.76584243774414,41.959701762689015,41.34222726045605,41.708404159392956,19548300
2014-01-22,41.349403381347656,41.88072180164155,41.227342596860055,41.88072180164155,15433500
2014-01-23,40.545257568359375,40.997593328143736,40.35857697062772,40.9904145692797,26234600
2014-01-24,39.55440902709961,40.46626448964907,39.55440902709961,40.20778543079246,26833100
2014-01-27,39.55440902709961,40.06418564932346,39.267209464161596,39.54723027054827,23935000
2014-01-28,40.02112579345703,40.45192259441872,39.66212754634254,39.76982537711333,18041000
2014-01-29,39.87033462524414,40.11445348269615,39.38209691034013,39.46107694347734,25459000
2014-01-30,40.20779037475586,40.48780847663563,39.942132526682535,40.25804989360923,17031100
2014-01-31,39.74828338623047,40.28678071663148,39.6190438078191,39.84880244967508,18174000
2014-02-03,38.9943733215332,40.15034486468788,38.91539330390877,39.84878778532702,28549900
2014-02-04,39.45391082763672,39.74110780323463,39.20261039268164,39.288771950406534,20709300
2014-02-05,39.64057159423828,39.812891896280746,39.1882359368861,39.56159156992458,19491600
2014-02-06,40.55244064331055,40.60270017752471,39.63340603032104,39.74110385837745,20881600
2014-02-07,40.652957916259766,40.87553780004859,40.394478758037664,40.674499672070986,23388500
2014-02-10,40.73910140991211,40.86833819281858,40.48780112235354,40.76064041724021,14715200
2014-02-11,41.23452377319336,41.335042807322125,40.624228072303985,40.64576708277779,18774100
2014-02-12,41.299156188964844,41.435574528632706,41.04067702838227,41.16991660867355,13437900
2014-02-13,41.66533279418945,41.71559232618488,40.89707681775752,40.976056864875794,16605500
2014-02-14,41.751495361328125,41.808933654040395,41.46429568094936,41.564814747400185,13067300
2014-02-18,41.99560546875,42.110484769043346,41.57198753536729,41.65814632585266,14983800
2014-02-19,41.112464904785156,42.031501985927164,41.08374713579508,41.90226243918748,18669900
2014-02-20,41.34223937988281,41.622257573910694,41.119659481044096,41.30633736408293,12457000
2014-02-21,41.363765716552734,41.52890453063337,41.19144540593819,41.34940546242332,16790100
2014-02-24,41.66533279418945,41.80893263086457,41.34223658534429,41.37095436152805,16151400
2014-02-25,40.94734191894531,41.62943918171892,40.86836186108508,41.572000882600214,17991800
2014-02-26,40.746280670166016,41.198619002217605,40.36574359499287,41.19143750706081,23661700
2014-02-27,40.703216552734375,40.846816386247184,40.308319064778416,40.767836340868186,16277500
2014-02-28,40.79653549194336,41.248873772009674,40.48779697019275,40.61703647878312,18599000
2014-03-03,40.35858154296875,40.50936014664568,39.98522304414548,40.42320133582161,19151000
2014-03-04,41.112464904785156,41.18426617460631,40.667307987647575,40.88988781568556,17157000
2014-03-05,41.758663177490234,41.85200345999334,41.18426670619886,41.27042549215796,17761500
2014-03-06,42.289974212646484,42.42639249474841,41.93097613864758,42.00995341421947,19420600
2014-03-07,42.648983001708984,42.93617988970024,42.41204289865103,42.61308099413878,18602200
2014-03-10,42.5053825378418,42.70642063025333,42.26844243840942,42.46230177277993,16945200
2014-03-11,41.78020095825195,42.68487777045199,41.73712293601084,42.663336020393096,19420000
2014-03-12,41.58634567260742,41.615066182844465,41.22734751146017,41.42838834418088,17932100
2014-03-13,41.22734832763672,41.88790638147279,41.06220949891237,41.643787517502304,17192500
2014-03-14,40.78218460083008,41.30632151086332,40.65294506258208,41.00476441424346,18635800
2014-03-17,41.34223937988281,41.42839819213618,40.96169937613021,41.07657870544778,13581400
2014-03-18,41.686859130859375,41.75865765317055,41.37093905923887,41.51453884279928,12554800
2014-03-19,41.85917282104492,42.31151113893146,41.56479452440653,41.636595779036504,21450700
2014-03-20,43.15876007080078,43.431599444597246,41.73712765829076,41.902266486422164,33736500
2014-03-21,43.20184326171875,43.941381436540645,43.07978518505182,43.76906109066729,35144100
2014-03-24,43.848026275634766,43.934185049904045,43.33106815214299,43.34542840434421,25810500
2014-03-25,43.747520446777344,44.14241791515918,43.48186254825704,43.876760016638876,24053500
2014-03-26,43.00798034667969,44.084974818744065,43.00079884972699,43.970095517948074,22745200
2014-03-27,43.022342681884766,43.47468117772361,42.3761475696253,43.03670293846016,24632600
2014-03-28,43.108497619628906,43.50339502869091,42.85001851873349,43.23055567341925,14708700
2014-03-31,43.58955764770508,43.81213750169478,43.510577611162326,43.67571918153647,15216700
2014-04-01,43.56083297729492,44.005992642771034,43.34543464115983,43.761873798101,14584400
2014-04-02,43.69811248779297,43.907644444211506,43.49580729191388,43.61863465906859,14012200
2014-04-03,43.828163146972656,43.92931573690709,43.553604148435355,43.820939143206495,11925200
2014-04-04,43.21401596069336,44.117167920408725,43.206789201543046,44.08826639620958,16966900
2014-04-07,42.62879180908203,43.35131370415122,42.51318841611905,43.127330924446944,18685700
2014-04-08,42.52040481567383,42.64323494908715,42.08689285866615,42.48427927862349,16956500
2014-04-09,42.823856353759766,42.953910464658144,42.26751438073922,42.701026246266316,15308400
2014-04-10,41.472747802734375,42.91056448109953,41.45829703759985,42.881662950830474,29977200
2014-04-11,39.95545196533203,40.497343274327136,39.41356065633693,39.8687501276293,47241300
2014-04-14,39.709800720214844,40.417871811487856,39.36299055854248,40.35284473391165,31081500
2014-04-15,39.59417724609375,40.20109541016953,39.26904202316016,39.80370914045104,26691400
2014-04-16,39.92655563354492,39.99158270934068,39.51471840557247,39.738701168024996,27049400
2014-04-17,39.89765930175781,40.150540858583696,39.74592761146003,39.98436115606922,17955400
2014-04-21,39.76038360595703,40.03494272960032,39.73148482152296,39.92656333031405,12384800
2014-04-22,40.32393264770508,40.519013816058575,39.69533685316562,39.767590668963905,16257600
2014-04-23,40.497337341308594,40.54791363557571,40.143303281438804,40.31670693143996,11379000
2014-04-24,40.59849548339844,40.649071784583995,40.17943430840361,40.51179364653773,15360600
2014-04-25,40.24446487426758,40.71410239128192,40.20111257396699,40.68520361395013,15937700
2014-04-28,40.09273910522461,40.2444680338861,39.507495408127504,40.19389172433227,21394100
2014-04-29,40.53347396850586,40.68520564904666,40.1505382767361,40.266141660451616,13453400
2014-04-30,40.44676208496094,40.714094326690265,40.25890766660554,40.63461925951774,14388100
2014-05-01,40.2589111328125,40.598494467100224,40.09995547237891,40.4034132718958,12744600
2014-05-02,40.15775680541992,40.72854684512797,40.05660145373095,40.33838722770511,15153800
2014-05-05,39.17513656616211,39.550848268278045,38.79942486404617,38.92947902078639,25232300
2014-05-06,38.53931427001953,39.05953086619682,38.52486350276994,39.04508009894723,25327400
2014-05-07,39.05230712890625,39.10288344009574,38.467066169084404,38.691046188294344,18502600
2014-05-08,39.276283264160156,39.39911064022559,39.05952728767884,39.160679892956665,16090800
2014-05-09,39.02339553833008,39.240154251814126,38.784964812179766,39.17512718900922,12366500
2014-05-12,39.485816955566406,39.521942493853096,39.03785146096539,39.211257903424155,12825500
2014-05-13,39.46413803100586,39.61586969636324,39.37743619094579,39.550842627267734,12310700
2014-05-14,39.276283264160156,39.5219407724928,39.23293096638318,39.47858847471582,10325800
2014-05-15,38.662139892578125,39.16068169322576,38.54653651606019,39.16068169322576,19763000
2014-05-16,38.517635345458984,38.662137489975095,38.27197784109917,38.59711042246215,19992400
2014-05-19,38.893348693847656,38.95114900295354,38.337006593169,38.35145735949594,12068900
2014-05-20,38.813865661621094,39.04507237949958,38.58988294783816,38.813865661621094,16888200
2014-05-21,39.10289001464844,39.44970024520243,39.001737375262195,39.052313694955316,13210200
2014-05-22,39.41356658935547,39.44969213081953,39.03063088867259,39.13900751306477,11800900
2014-05-23,39.39910888671875,39.44246118256628,39.13177661949647,39.41355965200126,10876500
2014-05-27,39.83985137939453,40.04938336166486,39.514716020044354,39.558068320025015,14503700
2014-05-28,40.0638313293457,40.17220793742297,39.738695992710454,39.803723060037505,11374900
2014-05-29,40.2589111328125,40.4034132718958,40.02047764216211,40.280585902434666,11741000
2014-05-30,40.150535583496094,40.37451833025887,39.96268113113516,40.15776234485722,11991900
2014-06-02,39.9915771484375,40.20833587508405,39.75314640780867,40.20833587508405,9440000
2014-06-03,40.17221450805664,40.21556681209936,39.803729570401174,39.803729570401174,9131500
2014-06-04,40.23001480102539,40.26614034046435,39.91933020068679,40.11441142109954,9727800
2014-06-05,40.91640853881836,40.93808330989774,40.0927341633799,40.396191983298564,16803400
2014-06-06,41.16205596923828,41.277659313685,40.930849280344844,41.01032434023854,15399800
2014-06-09,41.4871940612793,41.667824483537466,41.11148520843963,41.118709212601296,11999700
2014-06-10,41.83401870727539,41.86291748828172,41.46553099837128,41.52333407278851,11609200
2014-06-11,41.37883377075195,41.75454552787664,41.16930173685889,41.5305627237631,14232200
2014-06-12,41.212646484375,41.48720279957108,41.089816338143414,41.234321257626775,11670200
2014-06-13,41.212646484375,41.667833259874755,41.097043100028735,41.20541972248968,12040800
2014-06-16,41.089820861816406,41.14762393845426,40.699661119320474,41.07537009265695,11199100
2014-06-17,41.4871940612793,41.61002418163964,40.952529554867965,41.0320073816538,11200500
2014-06-18,41.74730682373047,41.76898435096209,41.14761519022395,41.39327270130178,13729400
2014-06-19,41.4005012512207,41.68228433034983,41.33547417479075,41.68228433034983,11624400
2014-06-20,41.58113098144531,41.7400866668564,41.4366260634536,41.682283597178895,17124800
2014-06-23,42.043540954589844,42.065218481984694,41.357147475593905,41.573903456129564,16007700
2014-06-24,41.4871940612793,41.99295979484247,41.4004922303318,41.81955613294747,12322900
2014-06-25,41.56666946411133,41.71840110467313,41.08980528740609,41.34268951754152,14836600
2014-06-26,41.465518951416016,41.53777277344569,40.89472616028831,41.429393418501924,11854400
2014-06-27,41.56666946411133,41.68949957730885,41.357140281223664,41.42216733969262,10178600
2014-06-30,41.63168716430664,41.74729049157626,41.458283551502575,41.50163307660323,11549000
2014-07-01,41.886356353759766,42.191938303549506,41.529847317052635,41.580777179439366,14472200
2014-07-02,41.44980239868164,41.82086311832805,41.34066542353757,41.66807357350121,19189900
2014-07-03,41.50800704956055,41.94455217781791,41.47162898273958,41.6389703104909,12599800
2014-07-07,41.231536865234375,41.464362644767746,41.03509471062385,41.39160372132946,13916100
2014-07-08,40.56945037841797,41.08602907736824,40.47486793077406,40.99871835966233,18343400
2014-07-09,40.75861358642578,40.83136972945736,40.460308959246014,40.656753875994,10914300
2014-07-10,40.42392349243164,40.60581659220334,39.98737838769849,40.060137292888236,12436600
2014-07-11,40.598541259765625,40.67857467157599,40.15472163097624,40.22748053965319,10230000
2014-07-14,40.95505905151367,41.355223394482955,40.88957741172096,41.12967490731493,14004400
2014-07-15,42.395652770996094,42.70123190940654,42.02458921667596,42.16282977731127,36178000
2014-07-16,42.715789794921875,42.912234744303866,42.42476239898033,42.5702747092164,20507500
2014-07-17,42.097347259521484,42.82491979349049,42.02458834084321,42.606648588393575,17013500
2014-07-18,42.36656188964844,42.5484550813997,42.126464319781086,42.43932083163085,12803300
2014-07-21,42.37384033203125,42.497526373583845,42.12646547345613,42.28652959926126,9141400
2014-07-22,42.686676025390625,42.78126122482441,42.46840483670928,42.50478290557805,10375200
2014-07-23,42.926788330078125,43.06502614078562,42.57755377502536,42.75216966481698,11122100
2014-07-24,43.05046844482422,43.181431731926295,42.91950793319129,42.977712296642686,9844100
2014-07-25,42.934059143066406,43.12322957878508,42.81037312972437,42.86857749615907,10500600
2014-07-28,43.06501388549805,43.11594373681629,42.686675864656245,42.883120766370375,12382800
2014-07-29,42.66486740112305,43.02137928474704,42.51935228994039,43.02137928474704,13498800
2014-07-30,42.86130142211914,43.130502504897144,42.643030198908086,42.94133485157268,11815700
2014-07-31,41.959110260009766,42.693960135898266,41.951835755259516,42.67213384617833,15955900
2014-08-01,41.09330749511719,41.82815750735571,40.72224662368278,41.755398569007006,23915400
2014-08-04,41.21699905395508,41.457096627858895,40.991450493222494,41.40616675534991,13543900
2014-08-05,40.787715911865234,41.18060295792909,40.4530304478917,41.05691696344779,16863300
2014-08-06,40.911399841308594,41.24608251291987,40.620372517264805,40.66402508936358,12190600
2014-08-07,40.67858123779297,41.246086939735406,40.51123988402709,41.202434362951536,11743800
2014-08-08,40.99143981933594,41.005991604187884,40.48213845139472,40.66403159884021,12213200
2014-08-11,40.97687911987305,41.16604950632466,40.86774214496108,41.13694594295233,9066800
2014-08-12,40.998714447021484,41.144229520508254,40.8386503641083,40.91140651311709,11289600
2014-08-13,41.267913818359375,41.35522174277296,41.115121481299504,41.24608475565432,7012600
2014-08-14,41.457088470458984,41.47164025623679,41.25336902050836,41.304298882996015,8275900
2014-08-15,41.28974533081055,41.8354247845217,41.02781874895411,41.646257128441626,12727400
2014-08-18,41.63896942138672,41.78448446103204,41.297009494540504,41.36976840209743,8881400
2014-08-19,41.87908935546875,41.99550088685802,41.71902245900732,41.90819015671369,9040500
2014-08-20,41.937294006347656,42.0900836218898,41.75540081390134,41.77722710884454,8121400
2014-08-21,42.56300735473633,42.75945233712226,41.9081907467832,41.95184611247004,12745500
2014-08-22,42.555728912353516,42.984996921094584,42.43931739009168,42.51934805657763,10228600
2014-08-25,43.174163818359375,43.53067566000072,42.82492925792864,42.91223720416893,13996800
2014-08-26,43.46519470214844,43.61798430438186,43.21054258962312,43.34150589881451,10281100
2014-08-27,43.356040954589844,43.617967471893294,43.31238560988309,43.5452085640487,11410900
2014-08-28,43.043182373046875,43.195971908449906,42.788533147375155,43.108663999000804,9096100
2014-08-29,43.254188537597656,43.39970360230459,43.09412168887312,43.17415511323539,8897900
2014-09-02,43.41425704956055,43.443360620571305,43.03592172829783,43.261467464957995,8671100
2014-09-03,43.43608093261719,43.92355319926882,43.261462302857986,43.668903921983485,11791800
2014-09-04,43.443359375,43.75621581572249,43.23963993470414,43.385155010116556,9811900
2014-09-05,43.5888786315918,43.5888786315918,43.0868544875059,43.377881890777786,9600900
2014-09-08,43.5743293762207,43.814429703949514,43.4651951344555,43.537951295632304,8090000
2014-09-09,42.970436096191406,43.42153030314667,42.76671389347852,43.385152230491556,14868700
2014-09-10,43.08685302734375,43.334227838249824,42.868579012950036,43.035923164110386,9153800
2014-09-11,43.4797248840332,43.53793200756358,42.90494480424697,43.057734340311605,11467000
2014-09-12,43.67618942260742,43.952667832890484,43.47246994948814,43.50884803033521,14359100
2014-09-15,43.61069869995117,43.647079548704085,43.254189696112945,43.49428720016147,10685600
2014-09-16,43.6470832824707,43.79987286861453,43.37787941110949,43.44336105880961,10947900
2014-09-17,43.87990951538086,44.08362897849142,43.523397679467855,43.61798290539898,15091800
2014-09-18,44.614749908447266,44.67295704645258,44.04724419024092,44.04724419024092,16973700
2014-09-19,44.46196365356445,45.00036584296098,44.36737843497938,44.92033518543287,18739300
2014-09-22,44.316436767578125,44.709326547373756,44.236403355901025,44.33826305241058,13225200
2014-09-23,44.33827590942383,44.67296143489399,44.214589892215905,44.25096796930827,14328800
2014-09-24,44.84029006958008,44.84756457274393,44.39647043893373,44.51288191783535,13728200
2014-09-25,43.76350021362305,44.74572227533273,43.76350021362305,44.73844776934014,16340100
2014-09-26,44.061805725097656,44.29462877770171,43.887187047909755,43.89446432950535,11948900
2014-09-29,43.89444351196289,44.01812948573102,43.45789841376551,43.676169575130004,10686500
2014-09-30,43.828983306884766,44.19276967877784,43.74894986099312,43.945394834871756,14384800
2014-10-01,43.48701858520508,43.945390141972695,43.457915012448844,43.82897862641721,18995800
2014-10-02,43.09880065917969,43.57491021253402,42.930331855698384,43.3258687651772,24559100
2014-10-03,44.16822814941406,44.234150990596135,43.252634685312735,43.39913019840285,18321100
2014-10-06,44.080318450927734,44.534451887586506,43.94847280896734,44.51980206134995,11578000
2014-10-07,43.41376876831055,43.88987556964725,43.3551694606064,43.88987556964725,14542000
2014-10-08,44.241458892822266,44.263432232682675,43.347839149587585,43.479684777086746,15834100
2014-10-09,43.274600982666016,44.19019423845192,43.13542901951848,44.19019423845192,19189500
2014-10-10,42.864410400390625,43.81662674320791,42.85708409025888,43.23797118621952,16689400
2014-10-13,42.60071563720703,43.32586660170791,42.564092472047435,42.849757072128014,17169300
2014-10-14,42.4761962890625,42.86440686900351,41.06252032031291,41.52397723052522,29096800
2014-10-15,40.67431640625,42.02939618478115,39.744073265772556,41.76570486380562,37866900
2014-10-16,40.344703674316406,41.00392916012085,39.75872173915387,40.102985706936515,31965100
2014-10-17,41.165069580078125,41.58990335900229,40.70360983893184,40.820805653204225,20183500
2014-10-20,41.48003387451172,41.56793003671553,41.06984712727955,41.09182046928835,10807600
2014-10-21,42.432254791259766,42.490851307658716,41.8096524844052,41.91952200046658,14020400
2014-10-22,42.080665588378906,42.67396821567104,42.073339277773265,42.512825706541335,13750700
2014-10-23,42.52747344970703,42.92300758379739,42.439574491759245,42.57142013451226,12641900
2014-10-24,43.02555465698242,43.05485151429791,42.48352228120189,42.48352228120189,13758000
2014-10-27,42.95231628417969,43.062188607674244,42.66665159609693,42.81314709603326,11087100
2014-10-28,43.67745590209961,43.72140258452074,43.07682702621701,43.12077370863815,13625000
2014-10-29,43.42841339111328,43.787324328201365,43.04020000951571,43.67012852100568,16712100
2014-10-30,43.501670837402344,43.71408916539469,43.15740684335744,43.17205667227096,14709800
2014-10-31,44.3000602722168,44.34400975094243,43.853250351429814,44.03636898820031,18347600
2014-11-03,44.59306335449219,44.7908318713706,44.2121761509674,44.527140515532714,11841200
2014-11-04,44.131587982177734,44.21948413853026,43.52363281483236,44.124264466718536,15295800
2014-11-05,44.79082107543945,44.84941758807469,44.23413883747673,44.53445329942521,14063800
2014-11-06,44.849422454833984,44.90802176799676,44.40993878278936,44.73955293390735,10421600
2014-11-07,45.025211334228516,45.083807845067675,44.57840141313424,44.73222039752677,12384600
2014-11-10,45.36214828491211,45.36214828491211,44.82744220837952,44.864065376383664,10801000
2014-11-11,44.95197296142578,45.33286015262919,44.89337643656258,45.201014478975345,12539800
2014-11-12,44.35866165161133,44.563753640251406,44.116943698569415,44.2561128631225,17219600
2014-11-13,44.116943359375,44.40993430732426,43.94115102594045,44.314711830115435,12240400
2014-11-14,44.153560638427734,44.40260207270726,44.08031430829721,44.13158729822226,6803400
2014-11-17,44.22681427001953,44.33668377641246,43.867900509797806,43.94847315765383,9017600
2014-11-18,44.33669662475586,44.54911497717511,44.09498140530975,44.20485094354181,8897800
2014-11-19,44.387977600097656,44.527149618669675,44.0583661320839,44.27810804214973,9210100
2014-11-20,44.036373138427734,44.1315956208899,43.765358312832724,44.094972448917964,10917300
2014-11-21,44.278079986572266,44.73221335218197,44.16820770407188,44.73221335218197,12340500
2014-11-24,44.651649475097656,44.90801725315722,44.461207314802884,44.461207314802884,8335000
2014-11-25,44.16822814941406,44.798156899782896,43.91186309713349,44.798156899782896,14802600
2014-11-26,44.1975212097168,44.36599004664933,44.094975204120395,44.36599004664933,7626600
2014-11-28,44.065673828125,44.35866479911634,43.97045134342747,44.2414689695536,6759600
2014-12-01,43.948486328125,44.102305359672755,43.61887212183016,43.933836497381954,12771600
2014-12-02,44.73954391479492,44.820113762897975,43.948470111585515,43.95579362716998,12546600
2014-12-03,45.07649612426758,45.13509265043979,44.54178989991277,44.651659434299184,12115500
2014-12-04,44.95930099487305,45.09847019165006,44.563763958766465,44.75420616457551,11515200
2014-12-05,45.92615509033203,46.18984637681432,45.325526179641784,45.420745859851415,20071100
2014-12-08,45.9041748046875,46.26308853310813,45.603860376485926,45.85290181408004,15528200
2014-12-09,45.743045806884766,46.03603401187594,45.09114376763055,45.30355930814414,19676400
2014-12-10,44.44655227661133,45.589213486908825,44.219484178811314,45.53061418650814,29620600
2014-12-11,44.783485412597656,45.45736332926957,44.76151207421936,44.80545875097595,16886200
2014-12-12,43.97777557373047,44.8420958236746,43.91917626463718,44.33668656233592,17405400
2014-12-15,43.33319091796875,44.54177494975147,43.06217613777672,44.49050195874672,19209900
2014-12-16,42.798492431640625,43.84593136572682,42.56410077588963,42.791166120678376,20709700
2014-12-17,43.78001403808594,43.823963526874074,42.73257497240778,42.90104382150835,17856400
2014-12-18,45.03254699707031,45.03254699707031,44.27077259150437,44.417268099370034,18173400
2014-12-19,45.36214828491211,45.66978624914923,44.95196153842733,44.9739376745647,22756400
2014-12-22,45.36948776245117,45.65515527938988,45.12777253325023,45.530633111364864,17073400
2014-12-23,45.765018463134766,46.123932291980765,45.36215794099647,45.450054121750284,13552600
2014-12-24,45.765018463134766,46.050683146211576,45.61119944827329,45.95546344796544,7412500
2014-12-26,45.816280364990234,46.06532181191445,45.713734379933534,45.90417652444333,6086500
2014-12-29,46.1165885925293,46.39492965316813,45.59653242741138,45.72105173701645,10601200
2014-12-30,46.255767822265625,46.35098749964234,45.83093125242389,45.940803549912225,7518100
2014-12-31,45.8382682800293,46.50482014835735,45.8382682800293,46.36564816644285,18529400
2015-01-02,46.06678771972656,46.41326347824386,45.75716791331529,45.83825888195023,12600000
2015-01-05,44.636634826660156,45.91196692889126,44.40073540960832,45.74978783725742,20100600
2015-01-06,43.47926330566406,44.78408386435433,43.014834981892776,44.70299289218784,29074100
2015-01-07,43.54560089111328,44.150093520639714,43.2507252030864,44.150093520639714,23843200
2015-01-08,44.5186882019043,44.89465485722175,44.20907125013046,44.20907125013046,16971100
2015-01-09,43.744651794433594,44.81357289846705,43.70779302784147,44.76197006280935,15396200
2015-01-12,43.36868667602539,43.78888279026744,42.955861190040416,43.70041837832123,15455200
2015-01-13,43.376060485839844,44.0100414239046,43.02958187732915,43.68567751393076,21644700
2015-01-14,41.87956619262695,43.37605389185952,40.74429830458822,43.37605389185952,49602300
2015-01-15,40.53789138793945,41.73213286356825,40.17666872535908,41.08340788390536,42458100
2015-01-16,41.2308464050293,41.28244924160981,40.27987502437058,40.29461909369983,29368900
2015-01-20,41.068660736083984,41.56994779931571,40.854875968382096,41.31193363977442,23477700
2015-01-21,41.20136260986328,41.592070645774264,40.68533137751385,40.87700148685643,21842400
2015-01-22,42.45457077026367,42.557776430619214,41.25295598438849,41.56257577759844,31423500
2015-01-23,41.783729553222656,42.66098044453174,41.76898548629185,42.550404160765495,15458300
2015-01-26,41.850067138671875,42.012249026689744,41.42987116711884,41.584679617239935,12577700
2015-01-27,41.42988967895508,41.7321360884938,41.10552575798601,41.31931055823492,15220500
2015-01-28,40.3609619140625,41.783732120662116,40.3609619140625,41.73949991715179,24354400
2015-01-29,41.03916931152344,41.20135123432102,40.30935628322072,40.74429641169707,20393300
2015-01-30,40.08820724487305,40.91385543195553,40.08083380422901,40.53789151127536,26943700
2015-02-02,40.89173889160156,41.02443269577818,40.007114467805295,40.19878173375845,20308900
2015-02-03,41.81321716308594,41.85744655118087,41.18660698102358,41.21609511451566,18812500
2015-02-04,41.56258010864258,42.07123783574688,41.48885976346133,41.51834790153382,14934100
2015-02-05,41.850067138671875,42.049107779745825,41.621538370296015,41.91641401902986,11293900
2015-02-06,42.67572021484375,43.29495690287655,42.41770609988964,42.572514568862104,25214000
2015-02-09,42.62413787841797,42.83054926958937,42.189197581203736,42.32926205204943,14372400
2015-02-10,43.0959358215332,43.28023250514785,42.79368937289096,43.06644767724025,16367300
2015-02-11,43.02957534790039,43.24336010846216,42.63886740160313,42.8010493319801,13061900
2015-02-12,43.91419982910156,44.01740548974399,43.162269257379556,43.44240091636854,23211300
2015-02-13,43.98793029785156,44.39338524416862,43.744660142205504,43.83312176133642,16479100
2015-02-17,44.30491256713867,44.33440070540888,43.729907931587746,43.759396069857964,15308800
2015-02-18,43.76676559448242,44.30491144969446,43.58246895315733,44.30491144969446,14278100
2015-02-19,43.66355514526367,43.84785176641309,43.3465647319152,43.604581688810356,11256500
2015-02-20,44.08375549316406,44.15010239570003,43.01483442437065,43.464518673542905,15379000
2015-02-23,43.75202178955078,43.88471559707649,43.34656973861935,43.862600899870074,16814000
2015-02-24,44.83567810058594,45.152668488003776,44.29016172140852,44.41548206370984,22937700
2015-02-25,45.07158279418945,45.16741782793793,44.78408050508739,44.791451132848024,18307900
2015-02-26,45.39594268798828,45.4844042740955,44.9020263069248,44.990487893032025,15444800
2015-02-27,45.1747932434082,45.64659221010537,45.064216942419364,45.064216942419364,15225900
2015-03-02,45.53600311279297,45.58023530804477,44.99048395325894,45.174780548593795,13047300
2015-03-03,45.68345260620117,45.698196675046596,45.33697401869269,45.44755312896158,13706900
2015-03-04,45.80139923095703,45.83088455449969,45.22639183365245,45.44017659916129,16625500
2015-03-05,45.705562591552734,45.87511514758033,45.41068686933056,45.85300045266383,10931300
2015-03-06,44.887290954589844,46.3469200633631,44.82094404909362,45.823518260083816,22719200
2015-03-09,45.336971282958984,45.43280631859954,44.820940153081985,44.850428288993456,13001500
2015-03-10,44.20172119140625,44.97576679241358,44.20172119140625,44.79147008683353,16357700
2015-03-11,44.40811538696289,44.71036173532285,44.20170125754255,44.32702442313454,13015600
2015-03-12,45.24113082885742,45.30010709361686,44.710358506737904,44.710358506737904,18159600
2015-03-13,44.9683837890625,45.602364731769335,44.54818764092309,45.26325956171714,16506200
2015-03-16,45.59498977661133,45.64659261329065,45.15267894446183,45.33697559321474,15182900
2015-03-17,45.41806411743164,45.454922882764244,44.90940359455367,45.21902341006333,11718300
2015-03-18,45.52126693725586,45.7424223275588,45.03472395373206,45.255879344034994,15697900
2015-03-19,45.11581039428711,45.447544852538215,44.79144656304466,45.38856858789665,11523800
2015-03-20,45.52126693725586,45.77928109058539,45.078956156649994,45.20427651336909,18368300
2015-03-23,45.07158279418945,45.764539913710706,45.056838726524816,45.521267015459195,15112900
2015-03-24,44.5703010559082,45.14530851480902,44.562930427268824,44.94626779582147,12128700
2015-03-25,43.94367980957031,44.702980868087835,43.92893574476554,44.62188991773299,14950900
2015-03-26,43.89208221435547,44.07637882814217,43.39816582709266,43.833105948115005,14039600
2015-03-27,43.89946365356445,44.069016242550155,43.494011565803525,43.855234255134,11755800
2015-03-30,44.938880920410156,45.307474109348185,44.68086681301068,44.87990747249436,20656500
2015-03-31,44.658756256103516,44.92414101450843,44.54080372506606,44.76196190861817,17346700
2015-04-01,44.48807144165039,44.94816412596087,44.324811560093536,44.82943043869254,18100600
2015-04-02,44.91107177734375,45.0446475632748,44.52518648808018,44.57713231251613,12697800
2015-04-06,44.87397003173828,45.081753338790534,44.26545934894077,44.465820205978154,12025200
2015-04-07,45.15595245361328,45.63830970477816,45.15595245361328,45.37858061927997,11505500
2015-04-08,45.304378509521484,45.682844195175804,45.22274854473976,45.311800959502676,11734000
2015-04-09,45.61606216430664,45.6976921395834,45.14112721451704,45.46764428478849,11728500
2015-04-10,45.78672790527344,45.84609334064827,45.41568473396788,45.5269959868587,9869700
2015-04-13,46.061309814453125,46.209727683797006,45.63832072686608,45.74221238615617,15468700
2015-04-14,46.7811279296875,47.20411695659417,46.55850257302636,46.721759658132534,33775400
2015-04-15,47.64936828613281,47.849734789804536,46.758864017136965,46.810812670836874,28732200
2015-04-16,47.352535247802734,47.693891489098455,47.24122115301291,47.55289891992339,16640500
2015-04-17,46.63270568847656,47.04827505770654,46.37297660197953,46.93696097444511,20221200
2015-04-20,46.92955017089844,47.1373334791218,46.855339824507766,46.9147081016203,12755300
2015-04-21,46.239402770996094,47.196692037631664,46.10582699782186,46.99633120870516,14985100
2015-04-22,46.706912994384766,46.862753276464716,46.031614541487365,46.49171010826099,14484700
2015-04-23,46.603031158447266,46.90728650711022,46.45461329379417,46.5956115390905,12851300
2015-04-24,46.454612731933594,46.63271473353026,46.26167149180288,46.47687725140523,9597500
2015-04-27,46.26165771484375,46.86274860653484,46.239396032837035,46.52880922226201,11146400
2015-04-28,46.573333740234375,46.58817580555141,45.838669907465636,46.37297293554072,12307800
2015-04-29,47.196693420410156,47.41189915358878,46.35071538607758,46.424925723812414,17601200
2015-04-30,46.944374084472656,47.40446958939207,46.692064650780644,47.18184428456602,16840900
2015-05-01,47.20411682128906,47.39705804161968,46.99633353311225,47.27090471117946,11640100
2015-05-04,48.027835845947266,48.139149945540474,47.22638112288054,47.256065260216744,14972500
2015-05-05,47.79035949707031,48.473077543480215,47.708729550035514,47.871989444105104,17692400
2015-05-06,47.43415832519531,48.28755876348347,47.06311514869346,47.88683145346113,18087900
2015-05-07,47.86457443237305,47.93878194256983,46.93696640073791,47.248641340566486,15039900
2015-05-08,48.599239349365234,48.71797589731572,47.93878287098379,48.21335689186662,16802600
2015-05-11,48.569549560546875,48.710547779413155,48.29498123328462,48.42855700335016,13798800
2015-05-12,48.50276184082031,48.63633760354503,48.05751118562766,48.4656552605254,12762200
2015-05-13,48.62150955200195,48.70313952759659,48.28015040936582,48.5473020273717,11874100
2015-05-14,49.01481246948242,49.11128167013994,48.76250013147537,48.851552544007916,11855500
2015-05-15,48.88865280151367,49.0964417612499,48.56213861669725,49.07417441216833,11152100
2015-05-18,49.28938293457031,49.378435350898854,48.82929293771593,48.82929293771593,10510900
2015-05-19,49.727210998535156,49.860786776328446,49.40069117244715,49.549106187030844,14282700
2015-05-20,49.33390426635742,49.74204837200863,49.2745359980799,49.6826801037311,12446000
2015-05-21,49.460060119628906,49.48232180595404,48.98512527245944,49.08159446709169,12934500
2015-05-22,49.32648468017578,49.593636241259695,49.215170586112485,49.44521556195196,9296900
2015-05-26,48.77734375,49.19291034089699,48.46566314515709,49.126119617834156,15571300
2015-05-27,49.32648468017578,49.460060460717735,48.84412738034816,48.940596575645685,10963700
2015-05-28,49.12611770629883,49.274538384179856,48.7847586396774,49.24485424860365,11797400
2015-05-29,48.814430236816406,49.1409499826151,48.50275538582775,49.111265854663536,14310700
2015-06-01,49.03707504272461,49.467486551898936,48.95544507851326,48.970284316701495,11899300
2015-06-02,48.99253463745117,49.2671086044248,48.66602051803479,48.85154209152989,12784200
2015-06-03,49.49714660644531,49.81624389459988,49.178049318290746,49.296785826287014,12927300
2015-06-04,49.22257995605469,49.75688293624734,48.98511259393223,49.2077350612335,13863300
2015-06-05,50.03145217895508,50.343127036201146,49.727199769263045,49.99435126452214,20801100
2015-06-08,49.638153076171875,50.12793276087149,49.57878481226842,50.06114204856278,14558700
2015-06-09,49.85335159301758,49.92013663402032,49.326471065656094,49.68266927434094,13263500
2015-06-10,50.65481948852539,50.832918640099024,50.06857055035597,50.157617295307816,17478900
2015-06-11,50.84776306152344,50.96649961579233,50.57319468770005,50.72903216892507,13739900
2015-06-12,50.64740753173828,50.86261331273888,50.36541667818808,50.69193091343802,11804700
2015-06-15,50.454463958740234,50.61772390887416,49.94242807893159,50.15021141122161,14082300
2015-06-16,50.7364501953125,50.84775862814653,50.17988538446222,50.29119381729625,11692800
2015-06-17,50.5657844543457,50.96651192931326,50.491576920834355,50.76615102266543,14521900
2015-06-18,51.04071807861328,51.07040222354718,50.38768387508287,50.721620597663616,16759600
2015-06-19,50.521240234375,50.95906846472585,50.40250370037978,50.8032310101093,21606400
2015-06-22,51.17426681518555,51.41915663502452,51.01842938301586,51.10748177068515,14306700
2015-06-23,51.76052474975586,51.812470569632914,51.34495819073945,51.46368906688568,15736900
2015-06-24,51.21881103515625,51.77537594597512,51.13718672364018,51.58243751996107,16995000
2015-06-25,50.944244384765625,51.55275514834967,50.93682193376535,51.441441030030504,13314300
2015-06-26,51.16684341430664,51.419155677168405,51.03326766612538,51.159426628390584,14489200
2015-06-29,49.86821365356445,50.654829242687164,49.838535173978876,50.2244176869728,19934400
2015-06-30,50.28378677368164,50.54351593674212,49.838535971053524,50.38025598805521,20677400
2015-07-01,50.843971252441406,51.08299072294788,50.62735896687715,50.88132035979423,13964400
2015-07-02,50.43315505981445,50.88878682666824,50.18667032094302,50.754338015159355,12822900
2015-07-06,50.291236877441406,50.388336572781746,49.701156347280836,49.95511202678942,13527100
2015-07-07,49.895381927490234,50.20909402466089,48.77497669587302,50.111988590768284,22421500
2015-07-08,48.87206268310547,49.41732891652338,48.70773571690626,49.2978163234061,17707200
2015-07-09,49.37998580932617,49.820675728001376,49.29035135359191,49.6638197044725,14984700
2015-07-10,50.08211135864258,50.34353808136407,49.91778436188187,50.209089238439425,12356100
2015-07-13,50.858909606933594,50.89625871585117,50.55266856877037,50.70952456861113,16175600
2015-07-14,51.568511962890625,51.613326342627836,50.612433870663786,50.77676086126682,20185100
2015-07-15,51.680545806884766,51.85980899743892,51.42658439648182,51.710423955089475,16891600
2015-07-16,51.95691680908203,52.2482216761716,51.844880859182176,52.00920215192696,18035700
2015-07-17,51.69548034667969,51.90462167862175,51.47886805326143,51.80005101265072,14040700
2015-07-20,51.73283386230469,52.11376744993203,51.673077562752574,51.912097062286634,11512900
2015-07-21,51.613311767578125,51.94196565597585,51.44151956131447,51.65813183333358,11659900
2015-07-22,52.34532165527344,52.50217766749978,51.68801375793518,51.74777005745218,15493000
2015-07-23,52.01667022705078,52.74119972244666,51.88222139596006,52.427487682793185,14331800
2015-07-24,51.471397399902344,51.95690157020403,51.299599495985674,51.86727283657211,12413900
2015-07-27,50.79916000366211,50.95601600656857,50.47050607452054,50.90373067226641,16801600
2015-07-28,50.82902908325195,51.239840722712074,50.61988208468316,51.20249731840099,14932400
2015-07-29,51.49381637573242,51.613323280833946,50.91120667901032,51.030713584111844,13059200
2015-07-30,51.568511962890625,51.87475305555315,51.19504360194733,51.4863484675891,10197200
2015-07-31,51.18757247924805,51.568511801849574,51.090472757229,51.54610461205094,11911800
2015-08-03,51.18757247924805,51.41912103873381,50.79169692967241,51.23238685884532,9980600
2015-08-04,51.13528823852539,51.50128564336321,51.02324658844339,51.14275920151087,10964000
2015-08-05,51.33695983886719,51.852342266092094,51.20997627396872,51.57597934533115,11302900
2015-08-06,50.978424072265625,51.49381216118733,50.79168991815476,51.35189238048735,10803400
2015-08-07,50.82902908325195,51.34441137265996,50.45556084810293,51.03817038314773,11453300
2015-08-10,51.45647430419922,51.54610876929778,50.956028029418505,50.956028029418505,12661400
2015-08-11,50.9634895324707,51.090467393782845,50.679649961685534,50.9634895324707,14800300
2015-08-12,50.224029541015625,50.455583827363704,49.3501148404367,50.351013129790616,21069000
2015-08-13,50.45557403564453,50.64230820202564,50.02234940195848,50.231490756517395,11930600
2015-08-14,50.70953369140625,50.72447561713095,50.34353629260046,50.358472519650206,11248800
2015-08-17,50.843971252441406,50.9709490995631,50.34352512648625,50.50785208096076,10326500
2015-08-18,50.948551177978516,51.06059282173447,50.67218254987046,50.77675892973748,10617500
2015-08-19,50.4929084777832,51.02323273223288,50.313645305538934,50.73939890129,15198200
2015-08-20,49.25300979614258,50.074639059346964,49.25300979614258,49.902841104042636,20972300
2015-08-21,47.50516891479492,48.87953528848817,47.48276172750048,48.618102906921614,28235500
2015-08-24,45.00292205810547,46.997241053828795,37.39910860938654,44.28586373487932,36339100
2015-08-25,44.748985290527344,47.29603976225484,44.614536433423076,47.13171274816343,31772500
2015-08-26,46.98978042602539,47.04206575900356,45.227009630369956,46.16068036117585,33576800
2015-08-27,48.1624870300293,48.34922122870568,47.16158876181264,47.78901578333879,29045700
2015-08-28,47.90105056762695,48.14754105684832,47.5051750114881,48.02056318010096,16687300
2015-08-31,47.878631591796875,48.06536572881533,47.40806361803288,47.51263427886932,14223400
2015-09-01,45.89925765991211,46.94496725911472,45.555667485145705,46.94496725911472,23637300
2015-09-02,46.73582077026367,46.989779317022695,45.966477018024676,46.77316702874711,17757900
2015-09-03,46.817989349365234,47.54998692287218,46.64619426215477,46.96737724891173,17065400
2015-09-04,45.93661117553711,46.250323250029446,45.37640860022569,46.16069163579415,20189000
2015-09-08,47.176517486572266,47.206395635644675,46.55656156467385,46.88521265645903,13385100
2015-09-09,46.44451904296875,48.05789917133473,46.31007022404874,47.75912623433021,13889500
2015-09-10,46.803043365478516,47.05700190241741,45.89925083817767,46.20549470483898,15751100
2015-09-11,46.72835159301758,46.80304410828167,46.3025979874713,46.593902786072775,12766700
2015-09-14,46.593894958496094,46.82544342651769,46.3996898924962,46.788097175159656,10202800
2015-09-15,47.490234375,47.721782916826314,46.691009524641025,46.87774369028792,14023500
2015-09-16,47.90850830078125,48.02054991936691,47.21385710395829,47.721774169362966,12235900
2015-09-17,46.795589447021484,48.28199201310829,46.601384292575254,47.90852363076762,21249200
2015-09-18,45.51831817626953,46.18309418457669,45.3988084268967,46.18309418457669,31008000
2015-09-21,45.89925765991211,46.242847834678514,45.62289189754237,45.95154299740538,13136400
2015-09-22,45.49590301513672,45.63035181578501,45.129902869074876,45.264351669723176,14811900
2015-09-23,45.29423141479492,45.675170646539144,45.05521194949285,45.41374114744596,11712200
2015-09-24,44.980533599853516,45.10004337013923,44.4128600539931,44.82367471126665,17293400
2015-09-25,45.914207458496094,46.205512363806136,45.46604365473322,45.76481952390847,18384300
2015-09-28,44.80126190185547,45.5706057735135,44.58464957995691,45.50338135807385,17452200
2015-09-29,44.69668197631836,44.91329425340918,43.867581973846896,44.80125263440724,19334900
2015-09-30,45.54072952270508,45.56313671093893,44.898363532853615,45.33905628058865,18743800
2015-10-01,45.876834869384766,46.21295683792805,45.21953285238502,45.65275450680138,16863200
2015-10-02,45.74895095825195,45.78656668909516,44.033645506817784,44.831112202216836,20435100
2015-10-05,46.659271240234375,46.824783922501446,46.057410854576865,46.072457722955384,13471100
2015-10-06,46.68183898925781,46.91506113869141,46.358338501613034,46.726979593311725,12134800
2015-10-07,46.74201965332031,47.41911139613028,46.463656940376545,47.05799522598572,12773100
2015-10-08,46.74201965332031,46.8322979783824,46.215390828981754,46.53136640164716,13964600
2015-10-09,46.591552734375,47.0579940840895,46.32823976354331,46.93762203029556,12112000
2015-10-12,46.43357849121094,46.65175092927467,46.19283431342567,46.52385684040617,10857400
2015-10-13,46.305667877197266,46.76458722761083,46.125111232051815,46.18529582380159,15621900
2015-10-14,45.13205337524414,45.86933276198236,44.79350598595187,45.71134206704802,28989400
2015-10-15,46.561466217041016,46.61412881936617,45.21480168353419,45.49316443284895,18147900
2015-10-16,46.96772003173828,47.13323269696517,46.71192903543146,46.96772003173828,17456600
2015-10-19,46.80972671508789,47.22350545946607,46.57650461157842,46.6442140693782,14510400
2015-10-20,47.03543472290039,47.26113201062216,46.704412225568234,46.915062644788996,11545100
2015-10-21,46.689369201660156,47.366461120579984,46.68184433184166,47.306276511516806,12113400
2015-10-22,47.539493560791016,47.832903201946536,46.96020201783805,46.96020201783805,15295700
2015-10-23,48.051082611083984,48.29182968058452,47.7727226683984,47.87052589633013,16985200
2015-10-26,48.07363510131836,48.14134455971049,47.70499407898433,48.028494505758246,13880200
2015-10-27,47.878021240234375,48.04353386152165,47.62975517819909,47.79526492959073,8831900
2015-10-28,49.27735900878906,49.45791566366408,47.915647749582,47.92317261764129,17962000
2015-10-29,49.059181213378906,49.52562543243125,48.81091223840949,49.0967998119351,12753700
2015-10-30,48.33695983886719,49.15699266702487,48.24667862576074,49.12690466911629,15731400
2015-11-02,49.30745315551758,49.46544094733471,48.44227699479198,48.487414723941846,15253300
2015-11-03,49.48800277709961,49.72874686466436,49.029083463336846,49.11936464859555,11519500
2015-11-04,49.540672302246094,49.76637242709345,49.37515964266371,49.66104723277605,11388400
2015-11-05,49.98455810546875,50.15758992944143,49.4654511539631,49.49554489287004,12715900
2015-11-06,51.504249572753906,51.933075265585074,51.2334116888823,51.43654297168263,23262700
2015-11-09,50.69925308227539,51.69984812669216,50.466033838761845,51.68479839110216,17143800
2015-11-10,50.917442321777344,51.045336410474896,50.3531976177416,50.548804055616294,13239700
2015-11-11,50.66916275024414,51.28606993559714,50.59393128662407,51.23340733708382,8513900
2015-11-12,49.65352249145508,50.330617127933444,49.61590389062026,50.30052339522412,13576900
2015-11-13,49.32249069213867,49.78141001103239,49.074227474537174,49.53314105363903,11837000
2015-11-16,50.03721237182617,50.08987497118541,49.02909237578707,49.24726764164474,11041100
2015-11-17,49.751319885253906,50.210239237382446,49.57076323943372,50.15757664319354,12354800
2015-11-18,50.7443962097168,50.81963341608882,49.93188833495302,50.01464467012786,12911400
2015-11-19,50.90239715576172,51.02276637183905,50.43595281145176,50.84220967782615,12839500
2015-11-20,50.81209945678711,51.240925053339446,50.69172453996234,51.150643865720866,11209600
2015-11-23,50.31557846069336,50.842210289272344,50.24034698226604,50.639078983745314,11339000
2015-11-24,50.240333557128906,50.51117139892952,49.6836138777798,49.78141419962188,10910000
2015-11-25,50.300537109375,50.496143555420296,50.06731779203257,50.35319972102633,7772000
2015-11-27,50.53374481201172,50.654119748001534,50.13501288118299,50.4058507473672,4052500
2015-11-30,50.16511535644531,50.79706666113065,50.16511535644531,50.61650996547682,15147500
2015-12-01,50.864776611328125,51.03028929945508,50.39833228476978,50.66164531597465,12708800
2015-12-02,50.15007400512695,51.067907271384094,50.014655041286694,51.030294400191565,13440900
2015-12-03,49.503055572509766,50.428413384521136,49.33754292586262,50.27795047291036,14626900
2015-12-04,51.0754280090332,51.15818435467279,49.676100742501305,49.72876334974525,17786000
2015-12-07,50.40585708618164,50.97010175505681,49.954462499040226,50.90239514989271,11686000
2015-12-08,49.623435974121094,50.37576218186665,49.427829552965086,49.84161126314252,13084500
2015-12-09,49.24726867675781,50.08987602400899,48.93129307396098,49.36011874626895,16770200
2015-12-10,49.3601188659668,50.029688676285524,48.961386927214406,49.30745626537295,12839000
2015-12-11,48.20154571533203,49.021584365390474,47.780241955008826,48.75074643874678,17889300
2015-12-14,48.35199737548828,48.7206413082245,47.84794025088097,48.32190938160102,17638200
2015-12-15,49.728759765625,50.142541464000274,48.953864712116115,48.953864712116115,18126600
2015-12-16,50.804588317871094,50.962576134050856,49.58582352454336,50.3381497386147,21720000
2015-12-17,49.86417770385742,51.158179636560874,49.71371476554952,51.08294816740692,18122100
2015-12-18,48.44979476928711,49.6309463407123,48.44979476928711,49.6309463407123,23819600
2015-12-21,49.30745315551758,49.32249715196999,48.773302314671284,48.916240370243386,18869300
2015-12-22,49.412776947021484,49.65352106197268,48.88615098925088,49.59333359828677,12149500
2015-12-23,50.20271682739258,50.2929922745046,49.6911349145208,49.743797505266784,12524500
2015-12-24,50.104923248291016,50.32309853278562,49.894272832859905,50.119972986418006,4468200
2015-12-28,49.939414978027344,49.992077586536,49.43535776233116,49.87170836985644,6610600
2015-12-29,50.45850372314453,50.631541225678845,50.21023476986164,50.28546622061022,9820800
2015-12-30,50.097389221191406,50.44346425732792,49.992064032729786,50.435939389640005,7190700
2015-12-31,49.67608642578125,50.24033094354758,49.653517563437326,49.79646134467159,14654300
2016-01-04,48.1840705871582,48.51731367492212,47.722072584001076,48.434005069842726,25393200
2016-01-05,48.267364501953125,48.5703118652707,47.744778350055576,48.24464424421993,16566700
2016-01-06,47.57059097290039,47.812950060006045,47.214624799711615,47.50242729908016,22961500
2016-01-07,45.64687728881836,46.957132411008274,45.50297743926539,46.54815024177468,27630900
2016-01-08,44.62441635131836,46.40424465786528,44.57140047176343,46.29821289875543,22373300
2016-01-11,44.55625534057617,44.851630350724,43.95792997229538,44.55625534057617,20925500
2016-01-12,44.65470886230469,45.10913437010555,44.00336765686075,45.0258228825513,22971600
2016-01-13,43.42778396606445,45.20003755582239,43.10211322471771,45.03341450978924,28808100
2016-01-14,44.0791015625,44.9728017792317,43.389892367137236,44.048805954338334,31296300
2016-01-15,43.20055389404297,43.60196063424796,42.57950830426793,42.753703736604976,38131700
2016-01-19,43.177825927734375,43.90490607667069,42.79913949378455,43.723135317149556,22818900
2016-01-20,42.04178237915039,42.5492238931411,41.39801635587262,42.13266923754082,34646100
2016-01-21,41.84485626220703,42.806720273212605,41.70095643913637,42.21597028580311,31301100
2016-01-22,43.132389068603516,43.2914366909772,42.64009550699149,42.746127255240616,22732200
2016-01-25,42.155391693115234,43.05666475026058,42.109948261564,42.77643747856823,21114400
2016-01-26,43.230838775634766,43.28385463800713,42.268975018218185,42.29926773303967,17535700
2016-01-27,43.20055389404297,44.13212227870553,42.83701522362455,43.23084950553164,20560000
2016-01-28,43.38231658935547,43.904905712931594,42.8900259627881,43.56408734737069,15497900
2016-01-29,45.06368637084961,45.09398197945249,43.556513068061506,43.79887504773625,26992200
2016-02-01,44.578983306884766,45.17730877852133,44.260885086981446,44.806194670159,16807900
2016-02-02,43.1929817199707,43.91248665537144,42.98091820226685,43.83675051023399,22448200
2016-02-03,43.48079299926758,43.77616806939848,41.67067160916338,43.450497379472274,31543200
2016-02-04,44.23058319091797,44.32146713956305,43.21570328207726,43.21570328207726,21651300
2016-02-05,43.73828125,44.7910290290783,43.48834682749464,44.366902090254285,22001300
2016-02-08,42.821868896484375,43.10966854811861,42.06449591800739,42.93547310976675,28267600
2016-02-09,42.56437301635742,42.93548425421452,41.753983950172206,41.87516354261628,26300000
2016-02-10,42.049339294433594,43.48077346133455,42.01147123128001,42.84458017725101,22389600
2016-02-11,40.19377899169922,40.82997233408214,39.7620766760624,40.82239987641672,44334700
2016-02-12,43.5413703918457,43.60195872301871,41.78426256145416,42.1478041050858,37011400
2016-02-16,44.19270706176758,44.38205028463573,43.654973002217616,44.10182312375239,23730700
2016-02-17,44.51081085205078,44.87434953959779,44.22300830764532,44.57139918873428,21580100
2016-02-18,43.78373336791992,44.57897442552035,43.35960345559698,44.563826619100034,17037800
2016-02-19,43.791297912597656,44.056377254176475,43.2308436220744,43.54893883196898,15658200
2016-02-22,44.359336853027344,44.59412352563053,44.24572974615351,44.31389343244806,14882800
2016-02-23,42.503780364990234,43.995806394875906,42.38260077656774,43.851906536483355,31772500
2016-02-24,42.518924713134766,42.57194059818165,41.14808127242401,41.80699505025595,25560100
2016-02-25,43.177825927734375,43.192973731790154,42.44317621049249,42.51133988416939,14473300
2016-02-26,43.579254150390625,44.010956638592816,43.276303718005124,43.65499031391227,20947500
2016-02-29,42.64009094238281,43.632250417493516,42.63251848509641,43.48077526943223,19554100
2016-03-01,44.83647155761719,44.83647155761719,42.92031635686709,42.98848002628742,23958100
2016-03-02,45.26060104370117,45.3666356714573,44.65470333083568,44.83647408926942,20943100
2016-03-03,45.412078857421875,45.412078857421875,44.76073769446263,45.12427923265022,15790600
2016-03-04,45.48023223876953,45.85891860693439,45.08639806918036,45.518100297756476,18459000
2016-03-07,45.39693069458008,45.48024217604325,44.92736030441753,45.093983267343866,12832400
2016-03-08,44.51838684082031,45.06369635995583,44.44265069167322,44.84405748262081,14132900
2016-03-09,44.77588653564453,45.093984666633894,44.44264348859949,44.798609688024904,13238800
2016-03-10,44.38963317871094,45.19244673111338,43.783735340346226,45.1318583918513,21139200
2016-03-11,44.94251251220703,45.07126453133799,44.41992619885122,44.98038058317798,21055000
2016-03-14,44.77588653564453,44.91978924050932,44.38205226778307,44.798609688024904,13436100
2016-03-15,44.83647155761719,44.8440440145981,44.25329413905394,44.336605611584126,10910500
2016-03-16,44.62441635131836,45.253037336253534,44.28360080822206,44.66985977200061,17423900
2016-03-17,44.495670318603516,44.783472910051564,43.92006802485656,44.51081812753753,19405700
2016-03-18,45.80592346191406,46.17703754177421,45.184877768392184,45.48025280687832,29570200
2016-03-21,45.790775299072266,46.06343006760948,45.41208876258146,45.60900737948011,12684400
2016-03-22,45.62416076660156,45.88166775846946,45.15458732374583,45.43481747520309,12042700
2016-03-23,45.39693069458008,45.82863301748164,45.33634236479217,45.69988101096463,11658700
2016-03-24,45.048545837402344,45.07126610294743,44.58654784366072,44.912218465834364,12921200
2016-03-28,44.98796081542969,45.25304023015597,44.82133781808807,45.08641723281434,11159700
2016-03-29,44.70772933959961,44.93494356145974,44.3290428220312,44.93494356145974,15933400
2016-03-30,45.222740173339844,45.616574471648846,44.97280859102083,45.03339692737294,13307100
2016-03-31,44.851627349853516,45.389361454870254,44.768315862483604,45.025822782923086,14904700
2016-04-01,45.34391403198242,45.48781672987279,44.35175739696122,44.70014823232518,15417500
2016-04-04,45.168426513671875,45.45072836079341,44.9853099927719,45.3515401240335,12305000
2016-04-05,44.52753448486328,44.88613618712362,44.41308626610897,44.70301961922454,12886600
2016-04-06,44.870872497558594,44.92428088572354,44.214708973773455,44.39019409353525,12167900
2016-04-07,43.73403549194336,44.58094418607543,43.543290395446554,44.45123600697722,19226800
2016-04-08,44.05448532104492,44.695388911556236,44.01633397629889,44.03159393208951,13547700
2016-04-11,44.40545654296875,44.92428340903155,44.18419154497805,44.18419154497805,17627800
2016-04-12,45.229469299316406,45.31339759437804,44.40545212438319,44.51226889608391,17779200
2016-04-13,47.144561767578125,47.42686371351961,46.0687594708688,46.14505635013751,37516800
2016-04-14,47.75493240356445,47.999085842743824,47.0072121322603,47.06824903678585,24249900
2016-04-15,47.205596923828125,47.99146872150044,46.8851465502342,47.97620876410941,19290700
2016-04-18,47.510780334472656,47.747305258859065,46.94617367100196,47.03010196386612,13813100
2016-04-19,48.31190872192383,48.43398544430144,47.724413585938244,47.724413585938244,19255600
2016-04-20,49.01384353637695,49.06725191439378,48.18219796138969,48.433979899106404,14594400
2016-04-21,48.52554702758789,49.334310122450894,48.327173425679916,49.02911683124285,15395800
2016-04-22,48.807857513427734,49.1206764529925,48.556072582336085,48.556072582336085,12444700
2016-04-25,48.52554702758789,48.792591885029665,48.18220821315251,48.52554702758789,10687200
2016-04-26,48.77732849121094,48.8841452624428,48.319541497206174,48.68577167451773,12048000
2016-04-27,48.914669036865234,49.31904767720896,48.525547441727085,48.72392395586703,15284100
2016-04-28,48.52554702758789,49.151190655079354,48.334801948217596,48.556066938816485,12852500
2016-04-29,48.220359802246094,48.5331816364615,47.83886961854247,48.136431496145036,16376400
2016-05-02,48.67051696777344,48.83074214189717,48.17457857867918,48.5942171868533,10247300
2016-05-03,47.7320556640625,47.99909764427923,47.15218892053575,47.99146912078988,19120300
2016-05-04,46.97670364379883,47.50315907927386,46.74781010274618,47.114040350538275,17030200
2016-05-05,46.72490692138672,47.304770570321516,46.58757025785562,46.99957733791055,14033900
2016-05-06,46.99958419799805,47.060624017604994,46.22897539396246,46.31290369065262,11057900
2016-05-09,46.702022552490234,47.22084937920188,46.57994582329566,46.82409928168481,11197100
2016-05-10,47.33528137207031,47.50313499812993,46.8088232929376,46.96141987979546,11897200
2016-05-11,47.159812927246094,47.76256514631192,47.159812927246094,47.28188965762461,11254000
2016-05-12,47.129302978515625,47.73205823552183,46.824109632792634,47.51079320539964,11071700
2016-05-13,46.69439697265625,47.60997395457872,46.557060279840925,47.075887139245694,15122300
2016-05-16,47.04536819458008,47.2971531067642,46.541801280750896,46.70202645548312,10951300
2016-05-17,47.04536819458008,47.426858369012464,46.65624949729623,46.86988306360587,12180900
2016-05-18,48.86124801635742,48.96043333724896,47.068242972144176,47.07587440331319,24007100
2016-05-19,48.365325927734375,48.99860104157089,47.99146717062297,48.472142715480494,16076200
2016-05-20,48.456878662109375,48.975708421159304,48.35006188339339,48.723923519438266,11862000
2016-05-23,48.41873550415039,48.73155735184951,48.189841966169936,48.411106980784716,9347500
2016-05-24,49.24274444580078,49.41822663783942,48.68576923052392,48.78495456423805,13839400
2016-05-25,49.990478515625,50.50930547515149,49.53269139159082,49.547954261003454,18935200
2016-05-26,49.61661148071289,50.03625300377197,49.52505756373865,50.028621570331396,9428400
2016-05-27,49.92180252075195,49.94469099895671,49.63187209502858,49.753945919146574,10116000
2016-05-31,49.79972839355469,50.21936994406601,49.563206331127496,50.15070450184335,15139400
2016-06-01,50.120182037353516,50.295664261491865,49.02911988260919,49.41061006509212,14031000
2016-06-02,50.21173858642578,50.21173858642578,49.715805980076915,49.99047357046345,10637600
2016-06-03,49.31905746459961,49.48691410056173,48.48740862998478,49.02149554487735,20261700
2016-06-06,49.80736541748047,50.17359861367334,49.28853845183675,49.31905836994275,13193500
2016-06-07,49.639495849609375,50.15832268012234,49.62423880506972,49.93705769729264,9924100
2016-06-08,49.784461975097656,49.95994999620732,49.53267709218801,49.540308524691234,9428000
2016-06-09,49.40297317504883,49.5174213813687,49.03674007904074,49.43349308480597,10817800
2016-06-10,48.70866775512695,48.88415289390896,48.51029413623312,48.777336106001584,16678400
2016-06-13,48.27376937866211,49.09015524842116,48.26613794489902,48.43399456121652,14314900
2016-06-14,47.365821838378906,48.42636406620804,47.06062853214446,47.823608887191504,19509300
2016-06-15,47.28189468383789,48.05250358054438,47.23611481362734,47.61760500043116,16982100
2016-06-16,47.47262954711914,47.53366645037424,46.46549590383258,46.8851344367789,16791200
2016-06-17,47.51841735839844,47.84649915618379,47.25137538835882,47.53367731533487,15751500
2016-06-20,47.58708190917969,48.71629243744769,47.564193430872436,48.411102054708174,12213200
2016-06-21,48.02960968017578,48.067758112442974,47.411594599507545,47.86175308555356,11611600
2016-06-22,47.846500396728516,48.60948080009732,47.82361191600001,48.0296169741743,12643500
2016-06-23,48.868892669677734,48.945189538781804,48.4721396366118,48.601847806735506,16583600
2016-06-24,45.4736213684082,47.075881626786924,45.275247785647856,46.14504479793468,44108700
2016-06-27,43.95529556274414,44.8250926393361,43.528025546813495,44.794572728797014,37300700
2016-06-28,45.412593841552734,45.43548232222266,44.45123690586643,45.160808912026575,29088700
2016-06-29,46.69439697265625,46.70202549535088,45.77881999073377,46.053493376364415,21483000
2016-06-30,47.41160583496094,47.44975427626842,46.55706852540725,47.02248707676134,21343600
2016-07-01,47.104034423828125,47.680724381154704,47.027143602796635,47.41160357434769,14217800
2016-07-05,45.7891731262207,46.59653832293163,45.44315863243138,46.48120211379935,23357700
2016-07-06,46.28129196166992,46.358185718626814,45.18173616936011,45.37396616195697,20429800
2016-07-07,46.5811653137207,47.011758546861934,46.25821745566837,46.5350290673714,13771400
2016-07-08,47.54230499267578,47.803734866744946,47.15784515453296,47.15784515453296,16998800
2016-07-11,47.88063049316406,48.40349612843003,47.78067010998783,47.9959666892635,13151400
2016-07-12,48.59572982788086,48.872541413123365,48.357363644322895,48.465011942318064,16588100
2016-07-13,48.56497573852539,48.77258444201434,48.16513707993886,48.50346367815626,18526900
2016-07-14,49.303138732910156,49.964410217412876,49.24931458260842,49.77986524518486,28985900
2016-07-15,49.349266052246094,49.825998373042495,48.91098206259471,49.78755004189748,17607100
2016-07-18,49.18010711669922,49.51843368814568,49.13397380837186,49.31082206788818,10824400
2016-07-19,49.10322189331055,49.28776101398017,48.79565278126593,48.91099193158177,9737400
2016-07-20,49.15704345703125,49.38772174550463,48.98788016100311,49.29544925683677,10411100
2016-07-21,48.97249984741211,49.34927183110444,48.92636653774918,49.21086603572327,9808700
2016-07-22,49.24163818359375,49.28008066428791,48.90331150167812,49.13398985141953,8195700
2016-07-25,49.11091232299805,49.341587702278375,48.964818600533036,49.19549397981337,8168300
2016-07-26,49.31082534790039,49.41078867778186,48.987880435343165,49.19548913621408,8067800
2016-07-27,49.46460723876953,49.74141880864207,49.256995628169165,49.27237730782427,11806800
2016-07-28,49.28775405883789,49.3569598858187,48.99556667014302,49.210863258275246,10013400
2016-07-29,49.187801361083984,49.4338554665125,49.01863806365326,49.05708346765216,13210400
2016-08-01,49.05707931518555,49.449227095894805,48.9109856190774,49.32620298679031,11422600
2016-08-02,48.941749572753906,49.21856118776543,48.73414086149526,48.89561332585317,13550000
2016-08-03,49.718345642089844,49.72603061451868,48.9417351802228,48.97248973591604,13122300
2016-08-04,49.641456604003906,49.84137737926291,49.41846917513658,49.58763245678711,9873000
2016-08-05,50.97938919067383,51.03321334635126,50.03361517932119,50.08743933499863,20752700
2016-08-08,50.825599670410156,51.12547793527481,50.6256788717028,50.802533014096376,11359200
2016-08-09,50.64875793457031,50.96401205555463,50.510352112422844,50.887121235782374,10097000
2016-08-10,50.195091247558594,50.802538686009306,50.102824612002244,50.68719952517047,11556100
2016-08-11,50.333492279052734,50.51034642436725,49.995165670482116,50.187395631462174,9604500
2016-08-12,50.2258415222168,50.248908177787285,49.872139115220016,49.95672076324018,7685400
2016-08-15,50.53341293334961,50.61799458524503,50.33349213192473,50.41038294281343,8371600
2016-08-16,50.525718688964844,50.71794863643453,50.164325449099046,50.25659793578578,10128900
2016-08-17,50.66414260864258,50.733348465011055,50.3950217591975,50.59494261866865,11868100
2016-08-18,50.71025848388672,50.74101597986622,50.38731357569073,50.45651940824274,9313600
2016-08-19,50.641048431396484,50.67949676031112,50.14894032652415,50.533400150105116,9084900
2016-08-22,50.59492492675781,50.65643405198366,50.29504667560905,50.55647659039823,9055600
2016-08-23,50.57186508178711,51.01014924074409,50.56418010570281,50.80254342498298,8949600
2016-08-24,50.71025848388672,50.92556095574324,50.57185268517522,50.74101597986622,10167200
2016-08-25,50.80253982543945,50.856363986185656,50.58724318245463,50.67951568647393,9978700
2016-08-26,50.91786193847656,51.42534587466245,50.63335954614754,51.00244357223947,14038600
2016-08-29,51.47917556762695,51.594514704865475,51.10240652794717,51.12547318211643,14583100
2016-08-30,51.90208435058594,51.97897515412317,51.47917613154277,51.47917613154277,13791200
2016-08-31,51.90208435058594,52.10969010677568,51.40997616827695,51.87132685589259,14952300
2016-09-01,51.67910385131836,52.07125462831097,51.24851060059271,52.00973963066643,12226500
2016-09-02,51.89439010620117,51.96359593131958,51.502245273967134,51.82519014747466,13720700
2016-09-06,51.85594940185547,51.9405310429893,51.29463540763931,51.90208270924043,16649400
2016-09-07,51.640655517578125,51.97128539301438,51.48686804091806,51.640655517578125,10070400
2016-09-08,51.70985412597656,52.04048985913292,51.5176241849878,51.68678747168067,12253000
2016-09-09,51.24850082397461,51.848257270611356,51.24080998413795,51.54068820745632,19686900
2016-09-12,51.56376647949219,51.7483114788041,50.564174131989056,50.85636158130968,16453000
2016-09-13,51.15623474121094,51.40997969001915,50.61030237238861,50.83328982439649,18876100
2016-09-14,51.0562744140625,51.70985505184829,50.91017777904965,50.95631108846745,12648600
2016-09-15,51.24081802368164,51.463805482795365,50.81790976219133,50.97169725109365,12531300
2016-09-16,50.61029052734375,50.948617046571336,50.318103175714384,50.81789624916621,25161500
2016-09-19,50.89480209350586,51.240813647799754,50.63336631789453,50.86404459835203,13466900
2016-09-20,51.10240173339844,51.40227994224799,50.933238463505525,51.32538914676712,10092200
2016-09-21,51.394596099853516,51.61758354358063,50.98706954857008,51.39459609985352,14116800
2016-09-22,51.817501068115234,51.84056772180772,51.394592862446,51.50993199730053,12781700
2016-09-23,51.70985412597656,52.20965314582579,51.6560299771554,51.81750242361889,13967400
2016-09-26,50.57953643798828,51.36383780957905,50.39499735436351,51.21005035123199,16408100
2016-09-27,51.02552032470703,51.063968662716356,50.064370538401356,50.295048833671814,13711400
2016-09-28,51.29464340209961,51.340776716674625,50.74102016162741,51.194685931722745,11278000
2016-09-29,50.479583740234375,51.67909669626305,50.24890546420167,51.28694597356435,18727200
2016-09-30,51.202369689941406,51.56376295590667,50.810224792585494,50.810224792585494,21680100
2016-10-03,51.1408576965332,51.4561117649704,50.94862774594704,51.017827712289645,14901700
2016-10-04,51.58230972290039,52.03152646126019,51.195055136528715,51.28025161825337,17226900
2016-10-05,52.42652893066406,52.720840295435174,51.737216224698855,51.80691921541984,16280000
2016-10-06,52.56596374511719,52.64341351603945,51.93086616909259,52.45753288401826,17485000
2016-10-07,52.75184631347656,52.80606174601609,52.201945237993115,52.5040034920046,18497000
2016-10-10,53.162322998046875,53.487615517198996,52.844777227171015,52.929967822059595,13027500
2016-10-11,52.90673065185547,53.301732066257095,52.612419232538194,53.053889316032745,15657100
2016-10-12,52.7673225402832,53.123596150104696,52.705366280037765,52.868012542627724,11899800
2016-10-13,52.46527099609375,52.565961011190744,51.752723686206075,52.24840928517476,17890000
2016-10-14,52.29486846923828,53.46437923683916,52.124481376620736,53.28624539622711,24163800
2016-10-17,52.02379608154297,52.50399404696576,51.69075679612865,52.217423435643425,14963400
2016-10-18,52.43428421020508,52.82928566019575,52.310365778446666,52.55046180244207,11870300
2016-10-19,52.93772506713867,53.0539026781687,52.51948921285386,52.51948921285386,12705800
2016-10-20,52.868003845214844,53.1932963168803,52.620161117893055,52.72859194178154,14122000
2016-10-21,53.0461540222168,53.07713511131412,52.434290807881325,52.51948732563933,12175700
2016-10-24,53.3404541015625,53.47986600273267,53.05388355220253,53.4179038446489,10197100
2016-10-25,53.2862548828125,53.38693898851645,52.96095640854122,53.348211150686545,9945100
2016-10-26,53.54182434082031,53.63476758157233,52.95320154316808,52.95320154316808,9801300
2016-10-27,53.61929702758789,54.03752697122631,53.518607007530825,53.82066524962454,14210700
2016-10-28,53.526336669921875,53.86712264309941,53.03065120477465,53.85162914848033,12766500
2016-10-31,53.64253234863281,53.890375164857346,53.61929800789908,53.77419755214985,14336300
2016-11-01,53.41790771484375,54.045258361043565,52.922222232333795,53.812909114950365,15564500
2016-11-02,53.193321228027344,53.32498644597585,52.674401197967114,53.17008688474696,12449800
2016-11-03,52.9609489440918,53.58830555609213,52.837030516770646,53.33271604413042,10369700
2016-11-04,52.48074722290039,53.100351063173534,52.38780398779299,53.046135653286676,13571300
2016-11-07,54.12270736694336,54.19241627614055,53.44114131510547,53.50310347682809,16515100
2016-11-08,54.23889923095703,54.64164747921223,53.62703601809747,53.98330967829952,17531700
2016-11-09,56.732810974121094,57.42987058427958,55.23800766362917,55.34643850198299,50948400
2016-11-10,59.36614990234375,59.83085438566753,57.48409172220007,57.48409172220007,56192300
2016-11-11,59.397132873535156,59.420367212082766,58.68457967352495,59.095074654339705,27574300
2016-11-14,61.581241607666016,62.3015355574776,59.83084877851488,59.83084877851488,46130700
2016-11-15,61.46506118774414,61.503789018039384,60.24133502247674,60.69829860200403,28126300
2016-11-16,59.947017669677734,60.68279910016482,59.54426954700359,60.582115024014634,26054900
2016-11-17,60.42719650268555,60.767982392617775,60.10190410358773,60.3574935210369,19306700
2016-11-18,60.187129974365234,60.73703098687695,60.06321153233922,60.3807573411245,19770000
2016-11-21,60.45045471191406,60.543392048410816,59.86182597494026,60.41172688234898,11983500
2016-11-22,60.822235107421875,60.84546944889256,60.225865343198,60.68282314955877,14410100
2016-11-23,61.07784652709961,61.37215813939163,60.3265710359677,61.08559328004026,13373700
2016-11-25,61.05458450317383,61.53477660509723,60.775760614104165,61.263699465456845,6185700
2016-11-28,60.659576416015625,61.08555895275138,60.427221230698336,60.55114557194431,13007200
2016-11-29,61.12428283691406,61.3101693547415,60.71379378419498,60.71379378419498,14144100
2016-11-30,62.092430114746094,62.37125402955291,61.72840967546836,61.898802724410196,25351900
2016-12-01,63.34712600708008,63.726633967368116,62.46418574328624,62.46418574328624,23823600
2016-12-02,63.199951171875,63.37809089245576,62.65779708147513,63.35485656130096,16931500
2016-12-05,64.48565673828125,64.50889107571426,63.73438164641146,63.74212839523513,18529800
2016-12-06,64.81869506835938,64.91163241671367,63.842811547373884,64.74898614805575,16130000
2016-12-07,65.11299896240234,65.1284865489845,64.1680966368863,64.71025671185706,18996900
2016-12-08,65.9262466430664,66.2205581074011,65.01232525387759,65.23693370391125,20844900
2016-12-09,66.21282196044922,66.22056871073582,65.16723521524543,65.8488015144878,14567200
2016-12-12,65.62417602539062,66.44515399795846,65.28339004023248,66.11211476038218,14511300
2016-12-13,65.64742279052734,66.35222331898083,64.91938201492728,65.81781581537315,16669000
2016-12-14,65.62417602539062,66.70074348682706,64.87290105394857,64.96583838878293,22622600
2016-12-15,66.60779571533203,66.98730359452865,65.75583671938512,66.14309134563705,19438900
2016-12-16,65.7868423461914,66.83242904541322,65.7481145055007,66.83242904541322,23008500
2016-12-19,66.16631317138672,66.17405991697777,65.20592353433958,65.67837456178985,21685100
2016-12-20,67.01829528808594,67.02604203636817,66.25927940947957,66.44516000499006,14587300
2016-12-21,67.18866729736328,67.2351359544585,66.63101977607778,66.94082461112924,11400500
2016-12-22,67.29712677001953,67.51398847422202,66.77046009879709,66.94859987527099,13924200
2016-12-23,67.4210433959961,67.49849315161808,66.91761112089682,67.38231556366631,10759400
2016-12-27,67.48302459716797,67.5062648505781,67.18871305341023,67.42106831519355,6946400
2016-12-28,66.99507904052734,67.68439209781657,66.87890142107697,67.5062582024933,9455600
2016-12-29,66.52261352539062,67.1267299267664,65.8642817010462,67.05702691539439,14689000
2016-12-30,66.83241271972656,66.9330968082731,66.3444739550261,66.6852540518961,13617800
2017-01-03,67.56047821044922,67.97096737246076,66.59234116455802,67.64566883417123,20550700
2017-01-04,67.68507385253906,67.89534588056631,67.28788675322748,67.7240100360894,15266600
2017-01-05,67.06201171875,67.8408064144115,66.40003741578413,67.60716562902026,14300800
2017-01-06,67.06981658935547,67.45921402578331,66.92963327457211,67.28008859066382,12893300
2017-01-09,67.11651611328125,67.57600205640713,66.60250884632921,66.7660609343456,12806600
2017-01-10,67.31124877929688,67.67728336198363,66.75830506948238,67.03088211773824,13989000
2017-01-11,67.81746673583984,67.81746673583984,66.90627805606256,67.31124882205224,14713100
2017-01-12,67.16326141357422,67.96541910122696,66.99192560810805,67.56823803408203,21337400
2017-01-13,67.5215072631836,68.66633657799716,67.05423156820922,67.84081598548467,28296000
2017-01-17,65.06830596923828,66.36889182029667,64.8580280521614,66.14304062204832,30024600
2017-01-18,65.37203216552734,65.59788335240478,64.66332610238793,65.1306017565302,21270100
2017-01-19,64.87362670898438,65.9405720699627,64.73344336951654,65.46550663852913,16555600
2017-01-20,65.16178894042969,65.28639901678005,64.86584892170079,64.97487976763962,18436800
2017-01-23,65.19292449951172,65.41877574783972,64.8035270248222,64.87362165996795,12179200
2017-01-24,65.9794921875,66.19755376687841,65.0760874252381,65.35645401064818,15175300
2017-01-25,66.99971771240234,67.10874851234944,66.32995368887995,66.85174479458858,17551000
2017-01-26,67.56044006347656,67.71619662641137,66.93740192827332,66.93740192827332,15962800
2017-01-27,67.70063018798828,67.7395723035231,67.18662278324513,67.49035821260502,12535400
2017-01-30,66.99971771240234,67.36575223011027,66.44677410074696,67.12432773618929,13661900
2017-01-31,65.90943145751953,67.09320341382613,65.48888136317919,66.66486370429372,15655100
2017-02-01,66.15860748291016,67.05422257753723,65.94833552797157,66.61809944626785,15430900
2017-02-02,65.87824249267578,66.12746250706266,65.54336646724082,65.68354381273517,11081400
2017-02-03,67.89533996582031,67.99658116431239,66.87512054297366,67.12433467457488,17885200
2017-02-06,67.57605743408203,68.1056384120182,67.45145329078076,67.59163666557963,11828400
2017-02-07,67.5370864868164,68.06666719225065,67.3501773971728,67.86417887912593,9392800
2017-02-08,66.94522094726562,67.21779802300777,66.48573472554811,67.11655680679915,13970900
2017-02-09,67.91092681884766,68.01217397930355,66.94522260865183,66.94522260865183,13749100
2017-02-10,67.7551498413086,68.12897397203695,67.66948193513612,68.12897397203695,10992500
2017-02-13,68.6507797241211,69.11026591730824,68.09004637927734,68.0978359928819,18739100
2017-02-14,69.7488784790039,69.8579093039471,68.61962810277758,68.7676010545152,17932100
2017-02-15,70.55103302001953,70.76910060125357,69.58532892720496,70.15385186595913,17381800
2017-02-16,70.50431823730469,70.90150539514569,69.91243230781897,70.40307701507403,17672700
2017-02-17,70.27066802978516,70.45757714632472,69.85011806127088,69.95135926153529,15776600
2017-02-21,70.87811279296875,70.98714358406352,70.44977329814472,70.48871541284963,14068300
2017-02-22,70.91707611083984,71.10399120288982,70.41864774884274,70.49652606632952,11839000
2017-02-23,70.97158813476562,71.13513437619066,70.49652269654952,71.01053026251493,11067000
2017-02-24,70.34854125976562,70.51208746765974,69.88126553124911,70.23172084220317,15062300
2017-02-27,70.42642211914062,70.66006296276359,70.10711336230482,70.34075420592777,12361000
2017-02-28,70.57439422607422,70.73015082551647,69.77223050791972,69.97471884058137,15183500
2017-03-01,72.89517974853516,73.19112552513253,72.12417469077226,72.26435796870477,24451400
2017-03-02,71.7581787109375,73.14443301261036,71.67251077618378,73.10549682337184,16862500
2017-03-03,72.27216339111328,72.51358788969911,71.75815594565988,71.75815594565988,12817500
2017-03-06,71.58680725097656,71.89832631868325,70.94819583595726,71.84381092746447,15059200
2017-03-07,71.18964385986328,71.71921868183922,71.0338813165761,71.36876335747668,11156800
2017-03-08,71.03387451171875,72.3110975356516,70.94820660655094,72.17870384284058,17378400
2017-03-09,71.31423950195312,71.75815229968389,70.98714711241104,71.3376023952443,13726200
2017-03-10,71.08839416503906,71.64912741724264,70.5042980176159,71.61018529738779,13729900
2017-03-13,71.15071868896484,71.47781119519149,70.81583656828472,71.11177655843242,10004300
2017-03-14,71.26753997802734,71.37657081472011,70.6912273363828,70.88592610786772,10237700
2017-03-15,71.43885803222656,72.0774696057711,70.97157634380524,71.49337343697792,16601400
2017-03-16,71.36875915527344,72.27994769835195,71.31424375376618,71.67248866963294,14492000
2017-03-17,70.6211166381836,71.68027810056127,70.59775374355856,71.51673189645292,21734700
2017-03-20,70.11491394042969,71.00273977827389,69.92800480133995,70.30182307951941,14623600
2017-03-21,68.05886840820312,70.58995118508275,67.80186473099658,70.37188961959794,33089200
2017-03-22,68.16790771484375,68.58845761875058,66.98414223630554,67.66947951948737,21741000
2017-03-23,68.05886840820312,68.92333100118366,67.82522762133681,67.91868512442974,16090100
2017-03-24,67.98101806640625,68.60405051789344,67.57604132829182,68.37041557673616,16093200
2017-03-27,67.94208526611328,68.0666953385585,66.37671133773334,66.61034631096521,16689300
2017-03-28,69.001220703125,69.32831310548852,67.73957688208488,67.77072344653881,16264400
2017-03-29,68.74420928955078,69.17254877451553,68.59624232888943,69.00121298052963,10207600
2017-03-30,69.33612060546875,69.67100270620837,68.62742021751045,68.68971930422387,11631000
2017-03-31,68.40936279296875,69.11027961292446,68.33927408184088,69.08691670921517,16987600
2017-04-03,68.16014862060547,68.66636665427625,67.44365851170228,68.5261832902095,19831800
2017-04-04,68.38727569580078,68.66925326628746,67.92514944053704,68.0583038555242,14280800
2017-04-05,67.51000213623047,69.35068432110343,67.46300190123189,69.2566898269785,17635500
2017-04-06,67.73714447021484,68.07395057177928,66.7737204201072,67.34550974634324,14379600
2017-04-07,67.50218200683594,67.99563975937058,67.13404429703098,67.3063645846736,13097100
2017-04-10,67.26720428466797,67.90165684864823,66.8912381494472,67.42386182090493,15081600
2017-04-11,67.14971160888672,67.1967058769265,66.42127057490325,67.00088845892958,14690500
2017-04-12,66.8912353515625,67.3220301124787,66.60142340355166,67.30636734744712,14730600
2017-04-13,66.10797882080078,68.13664493402028,66.10797882080078,66.96957449041476,30529800
2017-04-17,67.25154113769531,67.423861438642,66.08447088474806,66.13929952815164,19071700
2017-04-18,66.70323944091797,67.07137111903698,66.37426167989773,66.8598909645485,14127000
2017-04-19,66.15495300292969,67.29852595893941,66.07662723419236,66.96955414471876,17588500
2017-04-20,67.00872039794922,67.18886906948187,66.22545075437705,66.562256940148,15635800
2017-04-21,66.20195007324219,67.11054576152708,66.19412167914803,66.9695569814785,19820600
2017-04-24,68.53611755371094,68.96691839725577,67.69018461140936,67.79201352490644,25468300
2017-04-25,69.13138580322266,69.81282662168509,69.13138580322266,69.358534734668,18253800
2017-04-26,69.26453399658203,69.75016332113708,69.03738508554207,69.20187099163175,12832200
2017-04-27,68.62226104736328,69.21754771127867,68.15230040779798,69.21754771127867,13329000
2017-04-28,68.14445495605469,68.81023291849675,68.10528908584577,68.61441551919775,10755600
2017-05-01,68.19144439697266,68.72406792443267,67.79980962607183,68.42642764986209,15712300
2017-05-02,67.75283813476562,68.0504785093608,67.37686599896833,67.9173240767162,14414200
2017-05-03,68.14445495605469,68.22278072059973,67.37684812141855,67.40817962241113,11540500
2017-05-04,68.22280883789062,68.71627271205848,67.80767673642418,68.68494119815297,11540100
2017-05-05,68.14445495605469,68.41076375068239,67.69015715547152,68.34027235535369,9436000
2017-05-08,68.22280883789062,68.39512917643336,67.87033976423521,68.17581455496997,8162200
2017-05-09,67.94863891601562,68.80239992561918,67.75282151279944,68.34810809182105,10273900
2017-05-10,68.48124694824219,68.52041281034491,67.72930900766819,67.7763032614942,8334900
2017-05-11,68.26979064941406,68.52043671705555,67.63533812204525,68.2149560329899,10907400
2017-05-12,68.081787109375,68.18361597432293,67.62748934111963,67.89380409266919,8738800
2017-05-15,68.4107894897461,68.52828116870545,68.0348232881262,68.22280638893615,8835600
2017-05-16,68.62226104736328,68.99822716866602,68.41077487524096,68.42644361622159,9795000
2017-05-17,66.00613403320312,68.6222579007504,65.77115671213203,68.6222579007504,24679700
2017-05-18,65.76334381103516,66.42129367174952,65.29338303959656,65.84950398298436,23350100
2017-05-19,66.4056167602539,66.84424596287352,65.91215890730685,65.95915318590903,13412900
2017-05-22,66.34294891357422,66.80508119776219,65.959148389193,66.71892104267417,11636000
2017-05-23,67.17321014404297,67.41602183514438,66.19412303363605,66.3821060855896,11753000
2017-05-24,67.13404083251953,67.33769261430331,66.76590314171266,67.26719523850873,9833800
2017-05-25,66.85205078125,67.42384014692884,66.64057064515468,67.3533427843157,12238500
2017-05-26,66.85990142822266,67.0165529763694,66.593586625325,66.66408400510248,8113500
2017-05-30,65.71630859375,66.69539541434857,65.62231410765872,66.67972667873083,12603200
2017-05-31,64.34559631347656,65.6536550600044,63.94612715988734,65.58316366718589,28327900
2017-06-01,65.05838775634766,65.0740564988567,63.95398044443361,64.5884270709401,17123500
2017-06-02,64.72940063476562,65.00354380538839,64.21244579528742,64.45525746414287,14998500
2017-06-05,64.84687805175781,65.41083300815033,64.68239218545527,64.7293864398641,9080200
2017-06-06,64.98004913330078,65.18370091456245,64.32993389272868,64.45525990454298,12196800
2017-06-07,65.72417449951172,65.88082607562856,65.089721871727,65.25420781941204,13711100
2017-06-08,66.53876495361328,67.14972039745928,65.70850090492065,65.72416964690021,17951000
2017-06-09,68.11312103271484,68.18361840140919,66.8833880478857,66.97738254752065,19120200
2017-06-12,68.1288070678711,68.72408778907769,68.0583096812781,68.1131383260175,16053400
2017-06-13,68.35594940185547,68.81024729737061,68.12880642997193,68.57526995463363,12557200
2017-06-14,68.2149429321289,68.38726319101417,67.22019322293552,67.96429691262465,16175700
2017-06-15,67.8076400756836,68.20710919215874,67.54915970761897,67.55699407582844,12509700
2017-06-16,67.50218200683594,68.11313140784267,67.37685598823278,68.02697126402137,16936600
2017-06-19,68.98258209228516,69.10790814877173,68.02699182713852,68.12098636950344,15972300
2017-06-20,68.55174255371094,68.86505154222671,68.43425691190545,68.73189716426587,11197800
2017-06-21,68.23845672607422,68.57526292777153,67.95647916298468,68.52043428916376,10005900
2017-06-22,68.16015625,68.42647117105008,67.87035015976676,68.08966481482202,12180600
2017-06-23,68.0348129272461,68.92773998995513,67.83899548409282,68.66143113568624,18812000
2017-06-26,68.33244323730469,68.66924942901655,67.84681987428286,68.1522945625944,10082400
2017-06-27,68.9668960571289,69.66400557750804,68.53609535313134,68.70058126487407,15415200
2017-06-28,70.3532943725586,70.54911182583068,69.39770424445092,69.39770424445092,17466200
2017-06-29,71.3950424194336,72.56994710222448,70.7370926896161,72.32712940418654,27697800
2017-06-30,71.59083557128906,72.06079608974338,71.40285255908178,72.02946459173013,16892700
2017-07-03,73.04785919189453,73.62279377331659,71.99250756054263,72.11063945304974,13208100
2017-07-05,73.78033447265625,73.86696856528538,72.93762594241932,73.33929255290474,17535400
2017-07-06,73.5440444946289,74.43401163775461,73.15025542492567,73.67005988113124,16596100
2017-07-07,73.91419219970703,74.16621691288384,73.42589769784496,74.00082625818123,12817800
2017-07-10,73.39440155029297,73.78031311838096,73.31563893706607,73.63854882681382,13987200
2017-07-11,73.11088562011719,73.50467471942785,72.67771520737753,73.50467471942785,13262300
2017-07-12,72.8588638305664,73.11088862413075,72.51232748613604,72.93762045191556,13540100
2017-07-13,73.32351684570312,73.54403774309344,72.72495583225525,73.00061296273695,12820100
2017-07-14,72.65406036376953,72.93758888491291,71.33880672936371,71.51994627919603,22235200
2017-07-17,71.97673797607422,72.4492834760882,71.8664775596957,72.31539668602028,14374200
2017-07-18,71.7247314453125,72.12639792582469,71.13404791874781,71.23643090020468,14719400
2017-07-19,71.82713317871094,72.15792060659109,71.66961993400238,71.93739365175594,11651200
2017-07-20,71.82713317871094,72.23667722894535,71.5908633116481,71.78775787190636,11561700
2017-07-21,71.58297729492188,71.95313998538404,71.29157121740509,71.71686413780347,10971300
2017-07-24,71.89010620117188,72.09487812750957,71.59870623815438,71.63808152596478,10725100
2017-07-25,73.08724975585938,73.65430093797238,72.66982831738561,72.74859093402776,16447700
2017-07-26,72.40206909179688,73.39441937375412,72.20517452840232,73.32353420638456,11815500
2017-07-27,72.10276794433594,72.50442839604,71.79561300656542,72.32328882183855,12332400
2017-07-28,71.89010620117188,72.26026875729464,71.59870623815438,72.02399299546327,9351900
2017-07-31,72.29967498779297,72.74071681932165,72.06339914447729,72.07127660825296,11520300
2017-08-01,73.26837921142578,73.35501327074515,72.67769572083544,72.84308637715156,12523700
2017-08-02,73.33141326904297,73.41016989436761,72.8588675083497,73.14239616651473,10165600
2017-08-03,72.8509750366211,73.34714708183074,72.6462030459617,73.00848825482424,11078800
2017-08-04,73.76457214355469,74.34737828997582,73.61493037280347,73.638556755818,14324000
2017-08-07,74.048095703125,74.18198855650752,73.80394839716806,73.94571270582729,7978300
2017-08-08,73.78033447265625,74.99320576071844,73.71732676733589,73.9929779671806,13745400
2017-08-09,73.66218566894531,73.7803235968201,73.11088335052249,73.22902127839727,11214400
2017-08-10,72.60679626464844,73.29986253648174,72.51228476945873,73.1659757581858,13252300
2017-08-11,72.00037384033203,72.98484626543636,71.8586095707673,72.55955345674215,10679500
2017-08-14,72.84310150146484,73.16601142756296,72.71709212185554,72.74859596894397,10994800
2017-08-15,73.03213500976562,73.68582040174869,72.96912730659403,73.48892583589642,8812700
2017-08-16,72.52808380126953,73.42592860417092,72.3626930769509,73.27628680222975,11085400
2017-08-17,71.39395904541016,72.42568447810228,71.27582112356698,72.2681712548076,13837500
2017-08-18,71.46484375,72.09490870965791,71.03167934788686,71.12618488571421,13040700
2017-08-21,71.37820434570312,71.62235765395694,71.00804766890448,71.55147249712702,11502100
2017-08-22,72.11065673828125,72.22879466784978,71.66961487721974,71.72474510985244,9211800
2017-08-23,72.19728088378906,72.72495675333387,71.54358963771446,71.5672220273717,8811300
2017-08-24,72.07913970947266,72.55169134133634,71.99251165295749,72.40204959066327,8623200
2017-08-25,72.37053680419922,72.83521091577445,72.29965767342527,72.36265934231004,11794600
2017-08-28,72.14215087890625,72.60682507034812,71.77198822015016,72.58319868936266,7292900
2017-08-29,71.74835968017578,71.91375035084118,71.12617229505716,71.23643274216742,10886100
2017-08-30,71.91373443603516,72.36265358813463,71.8192289358515,71.86648168594333,9165300
2017-08-31,71.58297729492188,72.33905159493753,71.51209814589436,72.30754774801049,13217400
2017-09-01,72.22090148925781,72.7407058627591,71.63021797868457,71.86649378641123,9815800
2017-09-05,70.49613189697266,71.75625591411801,70.11021422238964,71.68537074600765,16897300
2017-09-06,70.96867370605469,71.29157765089357,70.59851098218833,70.88203962137342,11845700
2017-09-07,69.72428894042969,70.9844127114915,69.36988119532434,70.96866379317878,14592300
2017-09-08,69.63766479492188,70.42524301520032,69.49590047492195,69.55103070999165,14242200
2017-09-11,70.71662139892578,71.07890651718866,70.05505282867948,70.40158903255815,13219000
2017-09-12,71.58297729492188,71.8665059085208,70.96078983778781,71.01592006772402,14003800
2017-09-13,71.7877426147461,72.06339373877405,71.13405137151989,71.36244973392702,12485400
2017-09-14,71.64596557617188,72.08700729616052,71.46482000760923,71.82710513599174,10562800
2017-09-15,72.15791320800781,72.22879235823565,71.48059550946739,71.73262028040723,18171800
2017-09-18,73.18175506591797,73.35502320802905,72.33904674553185,72.40205443516206,11318700
2017-09-19,73.98509216308594,74.31587353875312,72.86672664113676,73.01636841006712,12626100
2017-09-20,74.50487518310547,75.0483059082875,73.80393126652669,74.11108619587051,15311600
2017-09-21,74.84353637695312,75.11131602149374,74.18197374116447,74.39461715731274,10851500
2017-09-22,74.6860580444336,74.80419600132728,74.37102549563245,74.58366901104422,8358300
2017-09-25,74.12686157226562,74.72541667171238,73.59917961713568,74.43401658635521,10463400
2017-09-26,73.79605102539062,74.05595318927689,73.51252248455887,73.85905870307388,9358100
2017-09-27,74.9616928100586,75.38698575623555,74.48914709499913,74.79630211022503,15090200
2017-09-28,75.11920166015625,75.51299073450782,74.74904497761109,75.28459235033458,10270400
2017-09-29,75.22156524658203,75.2294366991132,74.83564775782885,75.0561746122917,11438400
2017-10-02,76.26905059814453,76.30055443917817,75.18219512182877,75.42634237891036,13797200
2017-10-03,76.67073059082031,76.73373828400685,76.21393382833452,76.26119260259658,9633500
2017-10-04,75.89103698730469,76.74162289834425,75.82802928824734,76.63136242936632,12166600
2017-10-05,76.91291809082031,77.15849852681593,75.69296359556485,76.04944294180788,14236200
2017-10-06,76.77825164794922,77.34862345928184,76.42177228779981,77.27733000479873,10231900
2017-10-09,76.37425231933594,76.89708917876585,76.16035984294415,76.80994869488292,7765100
2017-10-10,76.94462585449219,76.98423736708237,76.23958444623851,76.41386543144608,10631500
2017-10-11,76.71489715576172,76.84957268063492,76.16037220817314,76.70697968784519,14283600
2017-10-12,76.04154968261719,77.23774621369729,75.74844620608759,77.0793122287553,18251600
2017-10-13,75.93856048583984,76.61191391927333,75.22559553825855,75.6375335274693,13190600
2017-10-16,77.507080078125,77.59422057724886,76.31880713792904,76.31880713792904,12434000
2017-10-17,77.33279418945312,77.77641409036369,77.09513721746941,77.68927360356084,10335700
2017-10-18,77.62590026855469,78.06952622855407,77.34071430993654,77.75265226965968,10158600
2017-10-19,77.72096252441406,77.7922559905339,76.9129336451816,76.99215666602755,9133900
2017-10-20,78.83003234863281,79.13105933221505,78.21213135693462,78.6478278297087,15326600
2017-10-23,78.69535827636719,79.2102777936303,78.61614128383496,78.83003381192799,9238600
2017-10-24,79.94701385498047,80.16090640059073,79.02808578738451,79.12314376866053,13000800
2017-10-25,80.02619934082031,80.36683774194991,79.36869306838925,80.20840380629917,14632700
2017-10-26,80.59659576416016,81.13527977110444,80.26388077148344,80.28764526469334,13054400
2017-10-27,80.62035369873047,80.98476271120035,80.0499877764862,80.35101473910417,10400400
2017-10-30,80.3351821899414,80.74711418432419,79.9074031704655,80.11336614572228,8839500
2017-10-31,79.70143127441406,80.56490675087494,79.66974326924087,80.30349128496681,8690200
2017-11-01,79.94701385498047,80.56491490875302,79.79650337000358,80.0896068707641,8418200
2017-11-02,80.47775268554688,80.62034566286206,79.3449384218186,79.90738682015409,8731800
2017-11-03,80.3351821899414,80.43024016502324,79.79649817029056,80.08960165195182,7103500
2017-11-06,79.83609008789062,80.5569785104791,79.7410321289511,80.27971001325695,8121500
2017-11-07,78.22798156738281,79.81234575102602,77.83189052147202,79.6618292195416,18822600
2017-11-08,77.3486328125,77.92692820332664,76.9604654110197,77.84770518583183,18524700
2017-11-09,77.3406982421875,77.80808859432537,76.69110948114853,76.93668992130239,13697800
2017-11-10,77.24567413330078,77.9031806478058,77.23775062044088,77.48332512427278,9314000
2017-11-13,77.52291107177734,77.67342754711649,76.54060733661845,76.59605982060644,9303100
2017-11-14,77.05553436279297,77.45954884299914,76.72281939973779,77.1109868566355,11043800
2017-11-15,77.78434753417969,78.2200439799644,76.00985561619935,76.35841760792204,15384100
2017-11-16,78.00616455078125,78.47354904196959,77.87941252640321,78.05369353798842,9808000
2017-11-17,77.74471282958984,77.95860527666328,77.2931694949387,77.49121492318686,9017900
2017-11-20,78.43392944335938,78.54483442278449,77.44370209572939,77.99030348179085,9483200
2017-11-21,78.37056732177734,78.86172234897643,78.35472634071184,78.8221108305089,13389400
2017-11-22,78.14082336425781,78.8379412714542,78.10121185108609,78.44977382661847,7342200
2017-11-24,77.88733673095703,78.34680375760621,77.83980774332754,78.29135125741539,3680000
2017-11-27,77.57835388183594,78.52896950133713,77.57835388183594,77.87938075110908,13076200
2017-11-28,80.29553985595703,80.56487874048332,77.61004430086538,77.80016622193493,16773000
2017-11-29,82.17301940917969,82.56118679245297,80.77085426189069,81.1273396922933,21105500
2017-11-30,82.79883575439453,84.49411029872972,82.41859189021761,82.97311671042031,23945900
2017-12-01,83.01273345947266,83.43258885612528,80.96097940739915,83.09987394298935,19683500
2017-12-04,84.72384643554688,85.87251374430785,84.58125346079957,85.34175335536375,23576600
2017-12-05,83.74945831298828,85.088247448262,82.48196868035471,83.63855334787455,17193900
2017-12-06,83.12364959716797,83.78116204517083,82.80677561852707,83.61480456625476,15476200
2017-12-07,82.8780746459961,83.3296180986403,82.17303322070724,82.34730816625736,13371800
2017-12-08,83.91583251953125,83.92375603115529,82.65626010152218,82.9810575955545,13506900
2017-12-11,83.6702651977539,84.01882116868099,83.4246846673889,83.74948218915237,10591200
2017-12-12,84.6446304321289,85.05656838340782,83.60687413079387,84.69216545350291,15508800
2017-12-13,83.5831298828125,84.85061995547969,83.55936538830458,84.52582241355309,15020300
2017-12-14,82.9097671508789,84.32776754608277,82.89392012705198,84.06635209162594,13034200
2017-12-15,84.08219146728516,84.38321843169692,83.3375385022151,83.80492899429161,29350600
2017-12-18,84.73175811767578,85.26251843252511,84.35151426734406,84.91396257703221,12713100
2017-12-19,84.37530517578125,85.15164013891747,84.31985267841438,85.04073514418373,12149900
2017-12-20,84.08219146728516,85.34176390726816,84.04257995234238,85.2387763859644,13091500
2017-12-21,85.42096710205078,85.61108904656989,84.41489280607404,84.43865729365547,12323700
2017-12-22,85.11994934082031,85.92005481417337,84.61295336899845,85.71408581191176,14573400
2017-12-26,84.779296875,85.54771421791374,84.28814800796727,84.92188984630221,7403700
2017-12-27,84.93773651123047,84.99318899740054,84.50203408856012,84.50203408856012,9496500
2017-12-28,85.38929748535156,85.42890295855709,84.89022500710546,85.08034699255127,7440600
2017-12-29,84.7159194946289,85.77744015380448,84.7159194946289,85.62692368510724,8925700
2018-01-02,85.51602172851562,85.57147421200618,84.61293497231672,85.26252379772062,13578800
2018-01-03,85.60317993164062,85.94381841328286,85.14371899210931,85.44474595854275,11901000
2018-01-04,86.82948303222656,87.61782677757108,86.16058070636457,86.28799298761523,12953700
2018-01-05,86.27205657958984,87.23559517299041,85.82612578124686,87.0046649880338,14155000
2018-01-08,86.39948272705078,86.54281851744616,85.76243341965966,86.12077593332434,12466500
2018-01-09,86.83745574951172,87.2993101228466,86.39151879975896,86.57467245194621,13292300
2018-01-10,87.79299926757812,88.15133560995852,87.10817357184379,87.17187970059834,15834500
2018-01-11,88.2628402709961,88.33451120252543,87.63376183782346,88.12746927020463,13676800
2018-01-12,89.72007751464844,89.86341328810622,88.26283149705306,88.9078455152889,18884200
2018-01-16,89.40155792236328,90.32527875329848,88.44599009584942,88.79636780073547,22703300
2018-01-17,89.97490692138672,90.22176671837532,88.63710823173331,89.09896867734814,14940300
2018-01-18,90.1899185180664,90.55621976444175,89.4015685880222,89.79176419696024,14572900
2018-01-19,89.9908218383789,91.04990748553601,89.82359778882778,90.73138895802043,18785500
2018-01-22,91.0419692993164,91.08974587414404,89.58472301354472,89.71213531355558,12475700
2018-01-23,90.9464111328125,91.28882409888587,90.26158520066575,90.51640372830039,12320800
2018-01-24,92.1090087890625,92.37179206941344,91.30474152547028,91.46400080579393,15904500
2018-01-25,92.13290405273438,92.50717007273333,91.63919660112094,92.40365214021658,13510000
2018-01-26,92.6266098022461,92.6266098022461,91.5436296939556,92.13289631673506,13883900
2018-01-29,92.53105163574219,93.44680768881405,92.38771585286702,92.38771585286702,11679900
2018-01-30,91.6630859375,92.84958408283244,91.5595680037974,91.99753410055705,14279100
2018-01-31,92.1090087890625,92.89735863011533,91.70289580163154,92.09308529117098,13141400
2018-02-01,93.06461334228516,93.16016651180318,91.95774457610446,92.1886687860091,13800600
2018-02-02,91.00215148925781,93.10440583782767,90.85085090174579,92.76199287554189,16477300
2018-02-05,86.63837432861328,91.24899557506211,82.80016728715461,89.98286787249431,30097600
2018-02-06,89.27415466308594,89.56879102241427,84.89445750873917,85.08556986528475,33114800
2018-02-07,89.87934875488281,91.13751165402394,88.50969706876127,88.82822170570732,21878300
2018-02-08,85.90575408935547,90.0704499894845,85.8739010220573,90.0704499894845,27425800
2018-02-09,87.62578582763672,88.43005909316247,84.59185246435514,86.8772539126711,28188000
2018-02-12,88.97952270507812,89.76787260610946,87.64968877960882,88.52562703873551,18043300
2018-02-13,89.52897644042969,90.02268996120773,88.2309956052157,88.64507340544542,16358200
2018-02-14,91.59937286376953,91.79048521744444,89.60860145987868,89.68823110096388,15186900
2018-02-15,91.98160552978516,92.36383024496098,90.9543667353026,92.16475310049582,12130200
2018-02-16,91.3206787109375,92.42754727854035,91.17734290702151,91.21716077074657,13214300
2018-02-20,91.34456634521484,91.88605648109353,90.75529963349047,91.29678976936916,13461500
2018-02-21,91.7267837524414,93.52643669988964,91.31269990454295,91.57548318393789,14212500
2018-02-22,91.55956268310547,92.71420768742644,91.38437382444108,91.97364046920575,17070400
2018-02-23,93.41495513916016,93.47866128198308,91.82233802070013,91.82233802070013,12162500
2018-02-26,94.57758331298828,94.6811073340611,93.42293810753218,94.07591101016625,16511200
2018-02-27,93.45478057861328,95.02350953961307,93.44681579127625,94.68906137568948,17563300
2018-02-28,91.97366333007812,94.35462486150662,91.846251010161,93.82109944139974,17735600
2018-03-01,90.32528686523438,92.8814368023062,89.70416711468361,91.95772196376608,18690000
2018-03-02,90.23770141601562,90.42881380244025,88.4858247105245,89.49713408384778,18353700
2018-03-05,91.6232681274414,92.3160588158916,89.09897125311836,89.22638354884133,13933000
2018-03-06,91.70289611816406,92.22845660532792,91.03399377272117,92.08512082240102,10674400
2018-03-07,91.36046600341797,91.6550962251227,90.07044419984406,90.58008109315328,13006500
2018-03-08,91.36843872070312,91.75863427333094,90.15008764599844,91.66307506292888,11173700
2018-03-09,93.99626159667969,94.02811466759508,92.10900815356938,92.80976356300378,15366600
2018-03-12,93.69366455078125,94.56163793226425,93.36717513733039,93.96440653479732,12339300
2018-03-13,92.57086181640625,94.33866763347258,92.23641370921845,94.12366093931499,13312300
2018-03-14,91.53567504882812,92.84162072256946,91.25696824199663,92.81773243560572,12905100
2018-03-15,91.7665786743164,92.371774761785,91.4400953882202,92.2682568565059,8748000
2018-03-16,91.92585754394531,92.84957226847514,91.84622183161962,91.84622183161962,19888900
2018-03-19,91.20122528076172,91.93382775311098,90.22176908031389,91.65512095116861,13214900
2018-03-20,91.288818359375,91.93382638791375,91.13751777970194,91.47197201241883,9921200
2018-03-21,91.36843872070312,92.87346135126208,90.94639617329321,91.42418007459969,13633000
2018-03-22,87.55414581298828,90.46067400475228,87.22766238026968,90.14214928538638,22550400
2018-03-23,85.21299743652344,88.32656135822475,85.01392025743873,87.80895947753379,23081500
2018-03-26,87.84081268310547,88.51767995326158,86.51894337124233,86.94895080773372,20217500
2018-03-27,86.1366958618164,88.93970540773233,85.4439112997477,88.44599191120054,18039900
2018-03-28,86.0013427734375,86.93302252873158,84.92632720384023,86.22430824560838,19189300
2018-03-29,87.57006072998047,88.21506877408183,85.82614289180692,86.39948607560933,13274600
2018-04-02,85.88188934326172,88.17526221440836,84.47242566233038,87.56210113274922,18822500
2018-04-03,87.0604248046875,87.1957958149914,85.41206616791136,86.28800445417862,14050700
2018-04-04,88.38227844238281,88.55746728390089,85.22093273503849,85.28463887292719,15302600
2018-04-05,89.54277801513672,90.3031109709555,89.15060987945091,89.34269135931495,16627000
2018-04-06,87.30982208251953,89.2786804171031,86.29338441936221,88.47833368492347,18906000
2018-04-09,88.3582763671875,90.42317230618568,87.95009784292955,88.04614164456693,15974300
2018-04-10,90.0470199584961,90.33514529428754,89.17463877341602,89.74288426729319,13951400
2018-04-11,88.53433990478516,89.48674817232907,88.45430036273696,89.3667010715763,14503300
2018-04-12,90.73530578613281,91.5516567173076,89.23865528845833,89.28667413553903,16435500
2018-04-13,88.27827453613281,92.15995617667983,87.27784080887004,92.05590716110025,39152800
2018-04-16,88.20620727539062,89.21464580654963,87.8700631337245,88.79046304118609,16580500
2018-04-17,88.20620727539062,89.57479937174038,88.03013002799581,89.13461235941396,15501400
2018-04-18,87.493896484375,88.89450313709258,87.14974717688939,88.46231520865763,16081400
2018-04-19,89.41474151611328,89.53479475203287,87.63797072175493,87.6619801477066,17911000
2018-04-20,89.21463012695312,90.23106754987295,88.74242249137086,89.8789192231345,15584400
2018-04-23,88.78244018554688,89.59879095362919,88.54233378579121,89.29466147261017,11285800
2018-04-24,88.36627197265625,90.35913331803361,87.7099818917933,89.43873349705562,16453100
2018-04-25,88.0301284790039,88.46231641332434,86.91764709676002,88.25422456950476,13548200
2018-04-26,88.11817169189453,88.6944223010097,87.50990648158842,88.0141288176446,10299500
2018-04-27,87.55794525146484,88.16621055774385,87.34184818587015,87.6779984983328,9384000
2018-04-30,87.06169891357422,88.27822911950696,87.03768949345815,87.83803606351293,13744900
2018-05-01,87.06169891357422,87.21376671585575,86.06927087643102,86.7975830799778,10503400
2018-05-02,86.37342071533203,87.62996488198137,86.22135898340049,86.52548855342475,12162100
2018-05-03,85.82917022705078,86.25335296068144,84.18045813598512,86.10929032415027,15379100
2018-05-04,86.78158569335938,87.02969119571222,84.82073888422956,85.18089242675211,11967900
2018-05-07,87.53392791748047,87.78203346074734,86.72557597481708,87.04571590216348,9356700
2018-05-08,88.8304672241211,89.11058731225793,87.46187527394403,87.6619619234932,12543200
2018-05-09,90.76731872558594,90.9513950401345,88.86248974409399,89.19063480957001,11368100
2018-05-10,91.47162628173828,91.59167950955326,90.23909161474876,90.59124612136314,9159700
2018-05-11,91.12747955322266,91.82378340949712,90.97541171990547,91.63169579704562,10253000
2018-05-14,91.15950012207031,91.79977388700097,91.03144170538735,91.32757221434566,8710700
2018-05-15,90.46319580078125,91.16750487694921,90.09503701376681,91.16750487694921,11536200
2018-05-16,90.71129608154297,90.99142232393054,90.14305063200882,90.35114249298898,7571100
2018-05-17,90.40716552734375,90.76732521810331,89.7989003052456,90.59924703205229,8617200
2018-05-18,88.94253540039062,90.27911916272966,88.71043410161512,90.23909938129337,11806300
2018-05-21,89.75889587402344,90.07103064112202,89.57481342119428,89.67886241433484,9441900
2018-05-22,90.44718933105469,91.47163220996927,89.87093868512494,89.91895753689867,11507600
2018-05-23,90.03101348876953,90.25510962490996,88.93454223605933,90.04702384487199,11453900
2018-05-24,89.02256774902344,89.75888526095495,88.13418240735096,89.75088008408416,14084800
2018-05-25,88.56636810302734,88.90251224908202,88.19820325030761,88.40629510050556,8283500
2018-05-29,84.7807388305664,87.39787024351796,84.00440143869591,87.3818659938397,30643800
2018-05-30,86.7175521850586,86.9176388334349,85.35696541856369,86.14930683640908,17490800
2018-05-31,85.64509582519531,86.58950510650607,85.17288813145979,86.39741751609147,19808200
2018-06-01,86.7575912475586,87.18977923688666,86.2773844059145,86.7095662890813,13594200
2018-06-04,86.79759216308594,87.44587710486002,86.65352952115396,87.22978008888187,9415400
2018-06-05,86.30941009521484,86.68557412971477,85.69314564514822,86.62955008879962,10415200
2018-06-06,88.32625579833984,88.63038532373342,86.82160631132274,86.96566895096397,15453600
2018-06-07,88.67842102050781,89.2386612946917,88.06215061274453,88.98255058275606,13444400
2018-06-08,88.926513671875,88.95052309355287,88.08614727618844,88.53434553676267,10383200
2018-06-11,88.7024154663086,89.56679126293285,88.65439051794502,88.93451671389252,12642900
2018-06-12,88.19021606445312,89.2626778481525,87.65397906644192,88.95054308387215,15294100
2018-06-13,88.01410675048828,89.19861616676504,87.70197209983702,88.40627483097025,14979700
2018-06-14,86.4614486694336,88.32625785199214,86.26136200451084,88.26222865373836,20487300
2018-06-15,86.35743713378906,86.7416002503716,85.05286769723082,86.27740366001458,26028600
2018-06-18,86.58150482177734,86.75758206985805,85.38898996817711,85.84518733540409,9786800
2018-06-19,86.07727813720703,86.34138787104216,85.31694521353894,85.5570516328362,12707200
2018-06-20,86.06928253173828,86.94966265678569,85.9892490851268,86.58150391744442,8876900
2018-06-21,86.04529571533203,86.60553609496674,85.26095307768128,85.71715056000158,11048700
2018-06-22,84.63665771484375,86.73356812311243,84.4445762297548,86.56549606038958,19478900
2018-06-25,83.86834716796875,84.59665962647064,83.20405781680195,84.56465112588404,16907600
2018-06-26,83.92436981201172,84.204489983715,82.5237628473335,83.80431656523551,17086800
2018-06-27,82.62779998779297,84.77272960582235,82.61980091641652,83.78030130678229,16276800
2018-06-28,83.98037719726562,84.40455995977389,82.8438863795717,82.97994384940255,14491300
2018-06-29,83.39611053466797,85.55704994729143,83.35609686967999,85.38097272409695,18972400
2018-07-02,84.1004409790039,84.10844005035547,82.73984779139205,83.01196887137895,11130000
2018-07-03,82.92391204833984,84.6606627118535,82.85187767884665,84.36453837660372,8311700
2018-07-05,83.46306610107422,83.99416224315496,83.31017190381412,83.79298825279925,10723400
2018-07-06,83.73667907714844,84.09074734635487,82.23994375285045,82.98026887385885,12173700
2018-07-09,86.32781219482422,86.4726577645207,84.25974309042415,84.25974309042415,13900800
2018-07-10,85.79667663574219,87.22903431483863,85.72425081433744,86.92324595232883,14575900
2018-07-11,85.61162567138672,86.15077063585075,85.4667801141365,85.54724850386559,10186500
2018-07-12,85.98175811767578,86.55309148610522,85.27362791582155,86.44043454806801,12456800
2018-07-13,85.58746337890625,86.74622753377781,84.60573331873373,86.34387955104108,21289100
2018-07-16,88.9832992553711,89.13618734484713,86.08639442414298,86.1427229074961,24662600
2018-07-17,88.91889953613281,89.2649190287702,88.31537759357987,89.0717937261692,14821900
2018-07-18,89.74774169921875,90.22251552004705,88.67749457199345,88.85452866995169,14244900
2018-07-19,88.42802429199219,89.39365683252228,88.29927615161442,89.36951693991033,16775300
2018-07-20,89.54657745361328,89.91673690812601,88.33953335176334,88.51656746899633,13578100
2018-07-23,91.2123031616211,91.9284822108939,89.26494004201061,89.36954832651486,18140000
2018-07-24,91.85604858398438,92.36300484805957,91.26861780934911,91.37323221733992,14000400
2018-07-25,92.68488311767578,92.95847680368321,91.23642789956847,91.6387758891157,13329100
2018-07-26,92.41934204101562,93.01481541141142,92.20207680429816,92.87801855350251,11897800
2018-07-27,93.36888885498047,93.58616024316456,92.38715861644584,92.68489838792829,12802700
2018-07-30,93.93216705322266,94.64029732510895,93.39301606576106,93.57005016856846,13411600
2018-07-31,92.49980926513672,94.21381579514716,92.39520098792582,94.21381579514716,15843800
2018-08-01,93.07113647460938,93.89997232037571,92.76534808459184,93.14355616318646,13531600
2018-08-02,93.4654312133789,93.54589957654397,92.00088490214134,92.19401020160603,11058100
2018-08-03,94.22185516357422,94.25404374148101,93.29645964096387,93.34473943815232,11016100
2018-08-06,94.24598693847656,94.57590906824016,93.48957082050056,93.98043581544125,9857400
2018-08-07,94.59201049804688,95.18748377648993,94.41497640839934,94.74489855237108,10562100
2018-08-08,94.78512573242188,95.17137630574892,94.3747291263375,94.41496637492422,8997100
2018-08-09,94.05286407470703,94.72881189138937,93.9080185525139,94.55982647205457,9694200
2018-08-10,93.1274642944336,93.3044922450542,92.28253109755087,92.94238152601466,12630600
2018-08-13,91.6468276977539,93.24817103182333,91.59049922286734,92.99066855529286,10336300
2018-08-14,92.25839233398438,92.57222326482896,91.45369638015869,91.95260394235115,10597600
2018-08-15,91.49394226074219,92.00090472265212,90.90651755767512,91.59050800094977,10152100
2018-08-16,92.3549575805664,92.78949415899025,91.97675561613282,92.0169867326845,10118600
2018-08-17,92.3549575805664,92.59636883724964,91.97675561613282,92.25034931032009,8505100
2018-08-20,92.2342529296875,92.58027243725209,91.82385627203112,92.21010689389587,8618700
2018-08-21,92.79753875732422,93.65856319726124,92.44347056691694,92.83777601144978,10976700
2018-08-22,92.51589965820312,92.86996786109339,92.3630054543472,92.78949335000506,8314700
2018-08-23,92.32276916503906,92.6607399910369,92.08135792398754,92.50784579574807,9265400
2018-08-24,92.28255462646484,92.71709128371008,92.09747181085609,92.5239659269381,8845700
2018-08-27,93.91607666015625,94.37475316992669,92.67684398794368,92.71708124678155,13768000
2018-08-28,93.45738983154297,94.17356875650707,93.32059298954826,94.14942885960718,8302600
2018-08-29,93.15160369873047,93.64246871309511,92.82972409498176,93.62637135626915,7221700
2018-08-30,92.69294738769531,93.3769378571061,92.52396194038282,93.01482092199865,8991800
2018-08-31,92.20207977294922,92.41129633671889,91.59050902349458,92.40325379611973,13065700
2018-09-04,92.6607437133789,92.73316340499785,91.43760238061834,92.00893579209267,10174200
2018-09-05,92.21011352539062,93.10332659428681,91.9365198268389,92.54004183883127,11462400
2018-09-06,91.8158187866211,92.29863519248325,91.33300238075896,92.13769843697709,9877600
2018-09-07,91.99286651611328,92.35497733926591,91.43762419055761,92.13771207324326,10955600
2018-09-10,91.5019760131836,92.51589463225132,91.46174489916824,92.41932890779724,8276900
2018-09-11,92.08138275146484,92.20208840453591,91.07551254144681,91.36520365307956,9333800
2018-09-12,90.99502563476562,92.44347475882132,90.80994285247559,91.93651848630333,10800800
2018-09-13,91.34909057617188,91.83995564536079,90.66510017890086,91.22839108321024,12470800
2018-09-14,91.33299255371094,92.12963984463474,91.11572734322009,91.5824463397084,10337900
2018-09-17,91.6065902709961,92.0813641064496,91.17205983087702,91.56635915434826,9561300
2018-09-18,91.97676086425781,92.26645193306994,91.38128136761976,92.00090076343488,7944200
2018-09-19,94.64834594726562,95.00240801332434,92.08941241582228,92.08941241582228,16052800
2018-09-20,95.46109008789062,95.95195516895478,95.01851094452277,95.35648181167865,15590000
2018-09-21,94.83340454101562,95.94388874139575,94.74488750651163,95.86341424505243,24788200
2018-09-24,93.92411804199219,95.32428736207711,93.69075546542082,94.76100261817606,12492500
2018-09-25,93.6585693359375,94.92999052178472,93.60224086007558,94.18162297713727,9308300
2018-09-26,92.55613708496094,94.04482969078992,92.26645215479631,93.94826395450595,14023600
2018-09-27,92.15377807617188,93.15160548081661,91.86409318053315,92.87800566362598,13283000
2018-09-28,90.80189514160156,91.92847078744153,90.54439266306757,91.45370308675272,15815100
2018-10-01,91.33299255371094,92.22620557115458,90.96283314439944,91.22838428782171,10146300
2018-10-02,91.71119689941406,91.83190251780265,90.77774666584129,91.22033188681851,13753100
2018-10-03,92.57222747802734,93.07114120226956,92.12159968796547,92.49175910685103,17142000
2018-10-04,93.40687561035156,94.65478641234378,92.54792650836251,92.82344233385152,16357400
2018-10-05,92.88014221191406,94.0794286397008,92.3939386620349,93.86064198812312,13777600
2018-10-08,93.44738006591797,93.82013162150629,91.851026846281,92.58032605605621,14370900
2018-10-09,92.79910278320312,93.21237332151107,92.11032267424645,92.9206536688625,14069500
2018-10-10,90.32759857177734,93.1475470212824,90.32759857177734,92.94496426901138,23086400
2018-10-11,87.62110137939453,90.3276105226362,87.0133530421729,89.92244496448845,33705600
2018-10-12,86.6648941040039,89.80898220018865,85.5709485393594,89.43623069872714,32075700
2018-10-15,86.17062377929688,88.20455698613186,86.1544198742201,86.8675091619999,18903200
2018-10-16,88.0181655883789,88.1478153485049,86.486640316481,86.83508293392704,19302800
2018-10-17,88.99867248535156,89.7846946970651,87.70214387020678,87.82368859792653,18794500
2018-10-18,87.58871459960938,89.00679449360956,87.36182280574339,88.34232301914298,17582500
2018-10-19,87.44283294677734,88.50436472130569,86.92421534922656,87.23214512736631,15234500
2018-10-22,86.18682098388672,87.79127318714913,85.98423819785508,87.63731447375356,16199100
2018-10-23,85.28734588623047,86.02475013409801,84.03133024347531,84.43649578212722,21407500
2018-10-24,83.69910430908203,85.1090787635922,83.391180701094,84.89029207571524,23168900
2018-10-25,84.97132110595703,85.81406620637084,84.04754413061292,84.42029570116091,17464700
2018-10-26,83.804443359375,84.72822034613773,83.24531908780968,84.27443689505031,19174900
2018-10-29,84.96322631835938,86.40561488614873,84.03134418834843,84.64719764035323,18445200
2018-10-30,86.46232604980469,86.68922395136747,84.97131979069188,85.66009999044151,18019700
2018-10-31,88.34229278564453,89.52538161849183,87.34558900621676,87.58058576439407,20860000
2018-11-01,88.30988311767578,89.31469191784626,87.77506164159983,88.82849451017252,13065000
2018-11-02,87.82366180419922,89.79276616288315,87.10246778885279,89.05536824956303,19009200
2018-11-05,88.39900970458984,88.56107962110822,87.85608939450746,88.01005426961612,10276400
2018-11-06,88.8122787475586,88.86900167178784,87.32127263505565,88.05867065003578,10825000
2018-11-07,90.335693359375,90.53827608865188,88.60968454924202,89.4362255467989,12679600
2018-11-08,91.06500244140625,91.51068699804637,89.94674780247567,89.95485284414241,11662500
2018-11-09,90.1817398071289,91.04879374978802,89.80898828043138,90.9434529430045,10432200
2018-11-12,88.28557586669922,90.70847044405278,88.00196120212125,90.28709478610607,13279700
2018-11-13,88.80418395996094,90.0439957595565,88.4071234445101,88.4071234445101,13746100
2018-11-14,86.97283935546875,89.71175627644462,85.87889359550613,89.32280080648871,18361400
2018-11-15,89.19314575195312,89.20125079417271,86.5514645809287,87.71023832489627,19100000
2018-11-16,89.12831115722656,89.75226953272626,87.96143864006609,88.69073164491564,13798600
2018-11-19,89.80897521972656,90.10879369632971,88.75554257574936,89.1039851103879,13987000
2018-11-20,87.88040161132812,89.5334777274075,87.49955120357143,88.95814341258118,18936200
2018-11-21,87.22405242919922,88.82040592914844,87.22405242919922,88.35041233561623,10619600
2018-11-23,86.42180633544922,87.02144957179571,85.9437078087887,86.49473316126081,6488400
2018-11-26,88.53677368164062,89.12021303622178,87.07007025350318,87.2888631026388,13948300
2018-11-27,88.90953063964844,89.1607313061392,88.02626651233824,88.1316135136427,9238200
2018-11-28,89.89813232421875,90.27088388050959,88.22074722974226,88.97435538420767,13977300
2018-11-29,89.18502807617188,89.78467746876088,88.84469053918995,89.35519684466284,11144300
2018-11-30,90.10073852539062,90.20607936793088,88.79610464793885,89.01489137701081,18652700
2018-12-03,90.95155334472656,91.47826975224898,90.5463878285301,91.06499919467475,16034500
2018-12-04,86.89179992675781,90.43294260619625,86.48663440774946,90.43294260619625,23555900
2018-12-06,85.23873138427734,85.37648618912793,83.3668623173962,85.09287153727797,27213900
2018-12-07,83.69910430908203,86.6892281981951,83.391180701094,85.21442576863397,19248600
2018-12-10,82.13513946533203,83.86114203455845,80.4496497311856,83.35874083969482,23636400
2018-12-11,81.33293151855469,83.99892147408131,81.20327558015727,83.56944081489142,16860700
2018-12-12,81.85963439941406,83.38306062679662,81.08171738604919,82.37825192399218,22621500
2018-12-13,81.94066619873047,82.62944625555005,81.57601356935464,82.28910874733346,17250900
2018-12-14,81.26809692382812,82.60514431345308,80.91965434571173,81.02499515031998,19879500
2018-12-17,80.23087310791016,81.48688243390092,79.76898469057565,80.84672020946628,25113500
2018-12-18,79.8499984741211,81.75427463435389,79.50966101889654,80.56308735873448,20837200
2018-12-19,78.83711242675781,81.50310245266776,78.27798199674463,79.74468547249383,28767900
2018-12-20,78.15643310546875,79.63934052088798,77.54058591300154,78.28608905062126,31825200
2018-12-21,76.30886840820312,79.76088018215552,75.91991299223757,78.34280093918073,41313900
2018-12-24,74.66390991210938,76.34940014826773,74.66390991210938,75.27165826032972,17009300
2018-12-26,77.75936889648438,77.75936889648438,73.8292644353059,75.10958901232001,22542900
2018-12-27,78.63453674316406,78.7236736656172,75.80648271737068,76.8356005734168,20304700
2018-12-28,78.46437072753906,79.67176247137107,78.14834205755844,79.37193770498644,17963300
2018-12-31,79.10452270507812,80.06881249177353,78.41573633729284,79.08020757937803,13237200
2019-01-02,80.47398376464844,80.85484039070879,77.74317177175233,77.75127063189353,15670900
2019-01-03,79.33029174804688,80.78439350466591,78.98719034688669,80.58016558980276,16286400
2019-01-04,82.2548599243164,82.45091703215078,80.2860992843586,80.9641376466087,16935200
2019-01-07,82.31202697753906,82.89203355312574,81.4542671751332,82.04244461306386,15430700
2019-01-08,82.15682220458984,83.17796198849523,81.32357488324182,83.02274674692798,13578800
2019-01-09,82.01795196533203,82.90838290083812,81.63400239404304,82.35288258690693,14230300
2019-01-10,82.00978088378906,82.28753415628833,81.09483735958474,81.70752125276927,14376100
2019-01-11,81.61766052246094,81.83005310197085,80.83341971373589,81.60131879631871,15439900
2019-01-14,82.4590835571289,82.80218503592079,80.59652554935268,80.76807628874862,21258500
2019-01-15,83.0635757446289,83.70893668766867,80.54748639943263,80.78439152276681,26504900
2019-01-16,83.73345184326172,84.50951548928009,83.16161612856838,83.5292239119367,18533000
2019-01-17,84.0765380859375,84.55034829684068,83.25962650819025,83.41484170237526,14247600
2019-01-18,85.44081115722656,85.69405807999246,84.0030507254304,84.77094366007017,16428700
2019-01-22,84.0928955078125,84.62388314645074,83.43119276816999,84.20726265144614,17083700
2019-01-23,83.88050842285156,84.71375576172696,83.30050176129798,84.50136316963764,12146700
2019-01-24,83.92951202392578,84.21542989187292,83.2759863589812,83.43119535441417,11296800
2019-01-25,84.46050262451172,85.21205991459264,83.92950875753692,84.55853427508212,14369400
2019-01-28,84.8608169555664,85.15490577638538,83.80699971972241,84.05207581458622,12283100
2019-01-29,85.09771728515625,85.86561652113794,84.7382802612755,84.8608120691078,9743300
2019-01-30,85.29376220703125,85.97179424981056,84.77910379520151,85.0731925355207,12526300
2019-01-31,84.55036163330078,84.79543763829804,83.92134236153564,84.47684257132663,17520600
2019-02-01,84.8608169555664,85.65322259874287,84.56672813474744,84.95884864002073,13000800
2019-02-04,85.16304779052734,85.16304779052734,84.1500789911762,84.78726914290581,9871500
2019-02-05,84.7872543334961,85.40810888451415,84.37879854013647,85.38359630157831,12763000
2019-02-06,84.74642181396484,85.46530813103524,84.52585838739039,84.72191545907235,8745000
2019-02-07,83.63542175292969,84.55036514605135,82.86752895494917,84.34613721091596,13177500
2019-02-08,82.80216979980469,83.60273976967588,81.7401821046219,83.39034721667261,12892600
2019-02-11,82.41006469726562,83.33317907113768,82.32020389569325,83.1289511098446,10978500
2019-02-12,83.81515502929688,84.07656657344796,83.2351483604786,83.2841610773373,12852300
2019-02-13,84.21543884277344,84.83629358811957,84.06022983084397,84.06022983084397,10754100
2019-02-14,83.66809844970703,84.22359867911955,82.7940031420696,83.70894652949666,11518500
2019-02-15,86.22503662109375,86.34756839601907,84.681073931615,84.8771310040375,14716900
2019-02-19,85.92279815673828,86.0780134198574,84.80362655446407,85.70223467510792,12764900
2019-02-20,86.33941650390625,86.42927730713683,85.67771365897711,85.94729606866888,10030300
2019-02-21,86.15968322753906,86.58447459501267,85.7430564901312,86.14334150232352,8400100
2019-02-22,85.77574157714844,86.66617247428124,85.59601997854188,86.34757736131237,10647300
2019-02-25,86.67433166503906,87.63011687522818,86.33940110300381,86.38841381146219,11230700
2019-02-26,86.01264190673828,86.15968627617094,84.90981225226444,85.36728085381395,15465400
2019-02-27,85.90643310546875,86.08614843522575,85.37543928028036,85.92276859634072,9968800
2019-02-28,85.25291442871094,85.94728819983942,85.1058700580273,85.78390833576529,15156900
2019-03-01,85.3100814819336,86.51911343256629,85.1221890653504,85.85741077637427,13813300
2019-03-04,85.11405181884766,86.52730589841208,84.3624881432678,85.71039400836088,12466300
2019-03-05,85.0487060546875,85.40814931742037,84.35433212376208,85.0650415518373,10856600
2019-03-06,84.7301025390625,85.42447640160302,84.59122901306303,84.84446970547891,9070800
2019-03-07,84.11742401123047,84.52587998391195,83.45572732990041,84.34615835872513,12705700
2019-03-08,84.15010070800781,84.32982233206495,83.3168470387508,83.3168470387508,10582400
2019-03-11,85.24473571777344,85.4081217993479,84.68107087583134,84.94248237380873,9763200
2019-03-12,84.99151611328125,85.60420004757606,84.75461091078206,85.44081392557148,10219100
2019-03-13,85.27742004394531,85.75940123409713,84.91797686705529,85.11404018129107,13022200
2019-03-14,86.05347442626953,86.4864428572707,85.33459438284056,85.36727159834301,10926500
2019-03-15,87.04194641113281,87.24617434148972,85.96362318814998,86.11066754730864,24811700
2019-03-18,87.56477355957031,88.0549193691221,87.00110245068758,87.04195053170945,12935500
2019-03-19,87.24617767333984,88.55323523103102,87.04194973518365,88.38984914098084,12889300
2019-03-20,85.38362884521484,87.1236551769572,85.29377427036553,86.94393356217225,14920700
2019-03-21,84.03570556640625,84.5421868119539,83.55372444116092,84.5421868119539,19751000
2019-03-22,81.49513244628906,83.58642490451172,81.29906910392333,83.17796895673116,31115200
2019-03-25,80.81710815429688,82.15684339777553,80.13089880157567,81.35626685835817,21032300
2019-03-26,81.62581634521484,82.0179367072659,80.72721471316906,81.54412642094553,15987100
2019-03-27,81.34806060791016,82.05876972841837,80.93960479794781,81.59313035436294,12753200
2019-03-28,82.27117919921875,82.34470449549987,81.4787738275834,81.69117262151104,12454100
2019-03-29,82.69598388671875,83.3168323645134,82.17315460311644,82.94922454917335,14523400
2019-04-01,85.48164367675781,85.51432089414884,83.42302884145862,83.4475351963664,17499300
2019-04-02,85.89010620117188,86.13518223432517,85.2284096372174,85.4489730810214,10295400
2019-04-03,86.06166076660156,86.88674346694124,85.60419213237411,86.43743946365164,11499200
2019-04-04,86.89305114746094,87.03299357709494,85.9793400633407,86.06166135614879,11952100
2019-04-05,86.68726348876953,87.34579617272448,86.42385167123417,87.09061774080266,9933700
2019-04-08,86.96714782714844,86.96714782714844,86.35800913636996,86.52263917812624,8056300
2019-04-09,86.3250732421875,86.59671215590669,85.81471011538959,86.49793665282077,9092200
2019-04-10,86.71196746826172,87.0247733556905,85.99581984227235,86.53910403163553,10882300
2019-04-11,87.444580078125,87.85616144551096,86.89305627285053,87.01653193911297,11183800
2019-04-12,91.5439224243164,92.07074604593234,89.62595184049714,90.0869272195858,25834100
2019-04-15,90.4985122680664,91.37106274951326,89.8235190827478,91.30520822405944,15163800
2019-04-16,91.4533920288086,91.69211001063299,90.43267184602105,90.46559911388313,11583200
2019-04-17,94.08750915527344,94.3838482612927,91.37930282985133,91.94728088286018,17791900
2019-04-18,93.39604949951172,94.6225602994561,93.28904059758156,94.27683343454298,12501900
2019-04-22,93.51128387451172,93.78292907977018,92.73751518712375,92.87745134247514,7975900
2019-04-23,93.62652587890625,94.14512241110533,92.8939115615846,93.01738722545264,9193100
2019-04-24,93.47013092041016,93.96402730456597,92.86098597572584,93.23141297401764,9245700
2019-04-25,93.5195083618164,93.96401694260808,92.60579732578341,93.02561203212541,9311800
2019-04-26,94.22744750976562,94.31799592094245,93.5112936068854,93.79939933325085,7889300
2019-04-29,95.58565521240234,96.44174517606803,94.21096872715316,94.33444438849367,14242200
2019-04-30,95.52803039550781,96.07954787732466,94.87773113237624,95.84082994932197,11389100
2019-05-01,94.79541778564453,96.310034110998,94.7542571393159,95.25638687940726,10412900
2019-05-02,95.00119018554688,95.30575630096408,94.31796378138495,94.8036266574457,8613300
2019-05-03,95.58565521240234,96.04662431582501,95.21522822838084,95.48687342728334,8185400
2019-05-06,94.73780059814453,95.05060647145882,93.61007161767353,93.98872573989763,9387000
2019-05-07,93.19023132324219,93.86522436152177,92.43292328619326,93.86522436152177,15017700
2019-05-08,92.69635772705078,93.56890823187845,92.57288205857454,92.73751837662066,9575800
2019-05-09,92.62226867675781,92.80336548426857,91.02533723283265,91.4863063572358,12205900
2019-05-10,92.61404418945312,92.88568312816554,90.99241254210358,91.98843873133838,13189000
2019-05-13,90.09516143798828,90.918324196783,89.70828021675086,90.61375799537836,13783700
2019-05-14,90.81130981445312,91.96373886321119,90.13631664421717,90.17747729176438,10503600
2019-05-15,90.465576171875,91.2887388189708,89.4036956034935,89.89759193570447,10142000
2019-05-16,91.62623596191406,92.33415636960235,91.0335578270836,91.05825798289558,9672700
2019-05-17,91.18171691894531,91.98841901680196,90.40794835839986,90.54788449081177,9570100
2019-05-20,91.6591567993164,92.0378108522037,90.85246094584463,91.02532434301715,8518200
2019-05-21,91.97197723388672,92.12837388653045,91.55216247103581,91.73325928168653,7967900
2019-05-22,91.22289276123047,92.02136160781174,91.16527162179847,91.70032864808591,7918900
2019-05-23,89.42839050292969,90.37502881398497,88.48998557690484,90.25155315945904,14558000
2019-05-24,90.30918884277344,90.5149795400581,89.88114695572416,90.15278590316231,8537300
2019-05-28,89.32962036132812,90.40796785242935,89.26377211320376,89.88937129190302,11665500
2019-05-29,89.08267974853516,89.23084930462221,88.12780788036659,88.44884087184958,9966400
2019-05-30,88.1277847290039,89.87289167778209,87.69974294621869,89.43661651064558,10367800
2019-05-31,87.2223129272461,87.74090313162237,86.30036850590012,86.89304661389164,10952800
2019-06-03,87.63390350341797,87.96316985154445,86.67903800210776,87.09061936720754,11680700
2019-06-04,90.3338623046875,90.46557133569347,88.18540740820269,88.77808548726502,12858600
2019-06-05,90.65491485595703,90.86070555130989,89.42840407011941,90.43266366827874,8340500
2019-06-06,90.85245513916016,91.26403642428419,89.66709902832874,90.67135836886847,8726700
2019-06-07,89.85645294189453,90.56436716167528,89.69181661617394,90.30095532075599,10618900
2019-06-10,90.82777404785156,91.54392789514354,90.72899853804117,91.1652737869926,11380600
2019-06-11,91.10763549804688,91.84024969900457,90.85245710542156,91.22287775795715,9847700
2019-06-12,89.94698333740234,91.28874252600322,89.63418377968759,91.12410622175899,9670500
2019-06-13,90.16922760009766,90.67959064831739,89.76587970405492,90.10337308802441,8406900
2019-06-14,90.39971923828125,90.79484006163592,89.42015370472694,90.19392858200395,9077400
2019-06-17,89.90583038330078,90.85246873681334,89.77412133783717,90.30094495922569,8128600
2019-06-18,91.1323471069336,91.70856479886002,89.7082790693636,89.73297294697424,11057300
2019-06-19,90.47382354736328,91.85673097930885,90.30095383813652,91.2228984063338,13126500
2019-06-20,90.70429992675781,91.44514133260476,89.74942818020298,91.27227791922495,13638000
2019-06-21,90.08692932128906,91.92257865436675,89.79881734754971,90.70430135604519,27089500
2019-06-24,89.44486236572266,90.35856718867988,89.34608058043102,89.9552192224802,13039600
2019-06-25,88.70399475097656,89.70825402837175,88.629906858592,89.46130276073202,18660100
2019-06-26,89.29669189453125,89.97991215823303,89.03328008340657,89.14852235825906,10324600
2019-06-27,89.593017578125,90.17746857166058,89.26375755051885,89.593017578125,10906600
2019-06-28,92.02958679199219,92.54817700066423,91.28873915086598,91.40398141945975,21634700
2019-07-01,93.5771484375,94.26860218298498,93.08325200783446,93.2067276853093,12724500
2019-07-02,93.67591094970703,94.00517098154073,93.1984751112226,93.43719303046481,10174900
2019-07-03,93.52667236328125,94.39711458689263,93.0624398838582,93.95774447636076,6849400
2019-07-05,94.08212280273438,94.72873433080824,93.60959850724231,94.09870615328222,7929400
2019-07-08,93.56816864013672,94.07385339774332,93.26143984996177,93.64277475616252,6917200
2019-07-09,93.96607208251953,94.08213024675689,92.971286010572,93.07905249887938,8947300
2019-07-10,93.69248962402344,94.36397613017397,93.46037333041868,93.98264131572404,9242300
2019-07-11,94.5877914428711,94.8033306905955,93.77538449518481,93.98263206904066,11595200
2019-07-12,95.58259582519531,95.62404155045445,94.44687669822204,94.61267224864822,10783400
2019-07-15,94.42200469970703,95.80641710395822,94.11527598496917,95.78154840473252,12946600
2019-07-16,95.43338012695312,95.74839421197244,93.60959739476522,94.07383633416133,16945000
2019-07-17,94.4966049194336,95.28414951919645,94.28107198975444,94.86136268457403,13120900
2019-07-18,95.06031036376953,95.39190772840895,94.13184533241154,94.44685935023747,9397200
2019-07-19,94.12358093261719,95.433387423896,94.00752277006798,95.24271682845344,10402800
2019-07-22,94.72872161865234,94.87794013008305,93.48523613162796,93.60130059580227,9061100
2019-07-23,96.46131134033203,96.53591743111255,95.18466552563731,95.234402919491,12752200
2019-07-24,96.85093688964844,96.89238260924262,95.76495531129977,95.81469902938436,10011000
2019-07-25,95.9224853515625,97.19083974319872,95.5991795781923,96.90069434718639,10138400
2019-07-26,96.34527587890625,96.58568388026704,95.77327041619627,95.97222636312758,12800400
2019-07-29,96.03855895996094,97.14111796687482,95.98882154827037,96.54424372780275,8500400
2019-07-30,95.82296752929688,96.2291772528735,95.13491051783458,95.4913765320734,7121100
2019-07-31,96.16289520263672,96.31211374128381,95.21784656610369,96.24579298528613,13648000
2019-08-01,93.62619018554688,96.82609405883214,93.3443301234188,95.60747699767225,15664500
2019-08-02,93.61788177490234,94.03237695564225,92.34952753378937,93.17851789526917,11025500
2019-08-05,90.83248138427734,92.0013609292899,89.75479129276343,91.84385072330224,15855300
2019-08-06,91.54540252685547,91.60343159705135,89.81280944581681,91.23038847789131,10203500
2019-08-07,89.55581665039062,89.76306421510029,87.8232300452708,89.53094795457646,17320900
2019-08-08,91.0728759765625,91.25525485674157,90.12782752899288,90.40139584926149,10903300
2019-08-09,90.9734115600586,91.56199402931632,89.77137791962588,90.65010578574372,9980800
2019-08-12,89.26567077636719,89.95373420490294,88.87604434515553,89.89570514012846,9393700
2019-08-13,90.64179992675781,91.46250490977664,88.72683428243582,89.4895038704686,12124700
2019-08-14,86.87818908691406,88.62735918864674,86.58803741174869,88.12167458152814,19491800
2019-08-15,87.20978546142578,88.18799436298522,86.49685322852511,86.8947713938606,13365600
2019-08-16,89.29884338378906,89.5143826502167,87.76521246911508,88.17970765279425,11830600
2019-08-19,90.10298156738281,90.98170949394562,89.87915058534031,90.88222835473832,8265400
2019-08-20,88.9589614868164,89.8957247254433,88.9009324093993,89.40661708033194,8374000
2019-08-21,89.20764923095703,89.88742104333944,89.07500774332425,89.70504216019148,8189300
2019-08-22,90.12784576416016,90.58378673216221,89.47294252769261,89.8377003618506,9343400
2019-08-23,87.88955688476562,90.17757209354716,87.13517893141155,89.53096061218805,14762300
2019-08-26,88.59420013427734,88.69367492752174,87.88126793411864,88.38695254875898,8209500
2019-08-27,87.6574478149414,89.16621017067554,86.91135515008493,88.99212293632489,14331800
2019-08-28,88.53619384765625,88.87607668653239,87.07716869921994,87.11032908039985,10585500
2019-08-29,90.5423355102539,91.09775757879352,89.54754320236269,89.64702433056033,10002200
2019-08-30,91.0728759765625,91.65316666377396,90.74957026158837,91.05629262853124,10170300
2019-09-03,89.99520111083984,90.35166725686321,88.96725472509385,90.34338190615455,9868800
2019-09-04,91.08118438720703,91.37132978412845,89.99520258059357,90.73300358620602,6929200
2019-09-05,93.15364837646484,94.27278408967337,92.1837248553026,92.22517690288956,13224700
2019-09-06,93.35262298583984,93.65935175520478,92.81377788276987,93.3940750417282,7836600
2019-09-09,95.66549682617188,96.2126272207829,94.1733115232417,94.26450097645937,13985100
2019-09-10,96.88411712646484,97.21570824998774,95.939068510095,96.41159281827991,14333100
2019-09-11,97.14937591552734,97.15766126480175,95.64889916193357,96.9006762940251,9919200
2019-09-12,97.74625396728516,98.21048653350765,96.09655863788356,96.61882659957823,12283500
2019-09-13,99.66950988769531,99.8104367254854,98.44260141976663,98.64984900170299,16257200
2019-09-16,98.78250122070312,99.37108365837653,98.13588338207666,98.56696194116097,11993900
2019-09-17,98.29338073730469,98.32654110864557,97.19082210782298,98.16903092594987,10735400
2019-09-18,99.27989959716797,99.54517629227969,97.61362699600303,98.08615130681753,10665600
2019-09-19,98.96488189697266,99.7607120042088,98.72447389717806,99.2301585993847,9382600
2019-09-20,98.56696319580078,99.76070511183272,98.54209449490148,99.2633121197615,21862800
2019-09-23,98.55036926269531,98.74933149791453,97.5555833853767,97.63848115437087,9135100
2019-09-24,97.26545715332031,98.86540907575592,97.02504914868852,98.44262214866583,11696500
2019-09-25,97.82085418701172,98.1192911972866,97.09134500894757,97.21568849265044,9389400
2019-09-26,97.0167236328125,97.86229719205222,96.95040289783421,97.72136404905001,9899200
2019-09-27,97.58875274658203,98.35142241108696,97.22399493977753,97.78770867543224,10207800
2019-09-30,97.5638656616211,98.45917033508782,97.17423922771641,98.11928761754345,9755000
2019-10-01,95.78984832763672,98.64986282936634,95.67379017146014,98.15246982793882,11250300
2019-10-02,93.88317108154297,95.25100662714028,93.61789438313039,95.17639419571732,12548700
2019-10-03,93.74948120117188,94.35113678042353,92.35397203110054,93.81632686247453,12735200
2019-10-04,95.78004455566406,96.04744626822402,93.81630625600222,93.87480018139472,9453100
2019-10-07,95.57112884521484,96.51538966979872,95.32043697125351,95.42071499590989,6771600
2019-10-08,93.44026184082031,94.4764425364821,93.30656419074725,94.4764425364821,10806300
2019-10-09,94.11713409423828,94.56002395887514,93.64918269052806,94.15056010526897,7273700
2019-10-10,95.43743896484375,96.43184213689635,94.42632597388344,94.54331383231785,10994100
2019-10-11,97.05022430419922,98.59614102384303,96.82460664526448,96.95830434583586,15076500
2019-10-14,97.30924987792969,97.66021982427495,96.64910684575466,96.80787243718508,8779000
2019-10-15,100.24232482910156,101.6044014829419,98.49585856206754,99.31477362376178,23379000
2019-10-16,100.00834655761719,100.79384195940068,99.75765463672788,100.24232228358835,11087700
2019-10-17,100.56822967529297,101.58770092185216,100.17548192863218,100.90248348364435,10818500
2019-10-18,100.74370574951172,101.12809537583563,100.15876639974944,100.27575426970189,10417400
2019-10-21,103.24223327636719,103.42606677788214,101.93864432005483,101.9887865253406,12714600
2019-10-22,104.27840423583984,104.53744783300309,102.88290184897575,103.15865526274081,12549100
2019-10-23,104.55418395996094,104.5792518773229,103.76033044978949,103.78539836715146,8828300
2019-10-24,104.47896575927734,105.00541748464073,103.67676058887974,104.69623165189334,8020500
2019-10-25,105.31460571289062,105.83269938447386,104.24499872994765,104.45390654303371,9055700
2019-10-28,105.71569061279297,106.30062982361193,105.62377068318439,105.76582643790339,9522200
2019-10-29,105.64885711669922,106.47613025284382,105.23939959734528,105.3396712651444,9797300
2019-10-30,105.06390380859375,105.50678728334114,104.38703826430783,105.33130551270686,8513700
2019-10-31,104.3870620727539,105.06392777141835,103.50129492123467,104.86337166607134,11589100
2019-11-01,106.7936782836914,106.95244388889513,105.30624927576163,105.45666315856978,11682600
2019-11-04,107.64604187011719,108.14741305410236,107.4287695480728,107.86330144143845,9159900
2019-11-05,107.87998962402344,108.88274448231078,107.66271735840265,108.12231705407763,13747600
2019-11-06,108.047119140625,108.49835438845847,107.44546364303335,107.53738358712987,11231100
2019-11-07,108.63207244873047,109.71003124963474,108.56522041252151,108.99138779879117,13528900
2019-11-08,108.9496078491211,108.96631129381569,108.00534044430951,108.53179221877559,9293400
2019-11-11,108.56521606445312,108.71563632757943,108.08891285778337,108.29782068104872,8679000
2019-11-12,107.93013763427734,109.15015214514467,107.8047852936455,108.32288535029221,9099000
2019-11-13,107.36188507080078,107.64600934834884,106.47611810438207,107.06942182284855,8023300
2019-11-14,107.46217346191406,107.66271678206611,106.61817782054175,106.7268139527706,8483400
2019-11-15,108.23930358886719,108.23930358886719,107.29503629387517,107.98861168967147,10163600
2019-11-18,109.15013122558594,109.17519913876357,107.78806119029859,108.26436429139254,8749300
2019-11-19,109.1167221069336,109.67659347305248,108.78246198115512,109.45933395433651,8824500
2019-11-20,108.32286834716797,109.15013501216679,107.74628082264196,108.88273967875602,11782800
2019-11-21,108.57353210449219,109.23368774945503,108.12229696485473,108.63203239612679,7705500
2019-11-22,109.2922134399414,109.65154153366728,108.71563854656678,108.75740991149513,8167900
2019-11-25,109.87715148925781,110.36181911715715,109.3590514728301,109.67659541024835,10068500
2019-11-26,110.02754211425781,110.15289442593777,108.93286744613177,110.15289442593777,10490700
2019-11-27,110.35344696044922,110.66262640384623,110.01083513085183,110.54563855358363,6607900
2019-11-29,110.10276794433594,110.64593590250591,109.84372429922264,110.1946878910588,5712000
2019-12-02,109.86041259765625,110.92166757657058,109.76014095422794,110.56233960308974,8615600
2019-12-03,108.44821166992188,108.59863191012964,107.4538085425739,108.43985994852353,10361300
2019-12-04,110.58740234375,110.69603845286346,108.62367716435388,108.94957274097723,10318200
2019-12-05,111.18907165527344,111.39797942938922,110.45371221015589,110.87152775838747,9587400
2019-12-06,112.84362030029297,113.4619919164245,112.51772467506449,112.55115706010885,10170600
2019-12-09,112.31719207763672,113.19460738329252,112.31719207763672,112.50103196075393,8498200
2019-12-10,112.39241027832031,112.61803430038223,111.03869164739233,111.34787114933964,7532900
2019-12-11,112.1249771118164,112.82691694034921,111.9829213520721,112.21689704467673,9011900
2019-12-12,115.33380126953125,115.70983269246908,112.15004900422336,112.38402467852771,13717400
2019-12-13,114.32268524169922,116.0106635820872,113.82966596800516,115.27530415642941,10592100
2019-12-16,114.76557922363281,116.0190259501925,114.74887578113002,115.63464276111709,11372000
2019-12-17,115.46754455566406,115.87700854548493,114.67369724951838,115.09151296335544,11546800
2019-12-18,115.35052490234375,116.16945265648157,115.08312954949561,115.44244484410534,10381500
2019-12-19,114.7739486694336,115.50094372211295,114.56504087262044,115.11654776565994,9350400
2019-12-20,114.68201446533203,116.05244893195092,114.39789020645664,115.3338056902655,29992600
2019-12-23,114.64859771728516,115.241901477674,114.38120236452862,114.98285784663105,9738400
2019-12-24,114.96613311767578,115.00791722458209,114.5316013571448,114.75722533386346,3324300
2019-12-26,116.18614196777344,116.23629054413287,115.13325137716049,115.22517130774153,6770900
2019-12-27,116.26972198486328,116.79617370899032,115.87697430983516,116.4034260339622,7868200
2019-12-30,115.84358215332031,117.05524510274998,115.70987807250414,116.90482482415104,6963000
2019-12-31,116.48699951171875,116.55385154660424,115.55944824760574,115.74328815586036,7201600
2020-01-02,117.89920806884766,117.90757254167191,116.37000137633925,116.81288491151854,10803700
2020-01-03,116.34334564208984,117.09183132484358,115.28369564717512,115.63691231214669,10386800
2020-01-06,116.25084686279297,116.28449388133215,114.79592770912507,114.84638540435621,10259000
2020-01-07,114.27449798583984,115.93966585195649,114.22404029786294,115.45188681388682,10531300
2020-01-08,115.16597747802734,115.70421432613709,114.039046082388,114.12313797056154,9695300
2020-01-09,115.5864486694336,116.25082961235242,115.25004269684909,116.09945654912119,9469000
2020-01-10,114.43431854248047,115.4266875471826,114.21565139511426,115.39305335743806,10190900
2020-01-13,115.38460540771484,115.38460540771484,114.17356956818428,114.53520438564931,12355200
2020-01-14,116.7302017211914,118.37854605038977,115.79669601291943,116.00694493070523,24906000
2020-01-15,114.9809341430664,116.56201017941282,114.50156043020883,115.93126339885882,16293400
2020-01-16,115.42668151855469,115.97332369326148,115.08187013693181,115.59487812365074,10783800
2020-01-17,116.22566223144531,116.30134880308584,115.48559436554494,115.67060170758315,14697700
2020-01-21,115.08185577392578,116.11628978968994,114.95571154399201,115.37620942054033,8474200
2020-01-22,114.94728088378906,115.55279878683105,114.6949924513344,115.4182492337137,7549100
2020-01-23,114.82957458496094,114.99778403109052,113.29896871929827,114.13155928035515,9345700
2020-01-24,111.97860717773438,114.73707290576046,111.28059182212887,114.68661520126656,15166400
2020-01-27,111.03666687011719,111.80197607571017,109.08556342020316,109.55651898285218,12860500
2020-01-28,113.0550308227539,113.50917562686719,111.4150919913988,111.71785091661623,13062800
2020-01-29,112.88685607910156,113.98855845985048,112.432724019833,113.37463515465771,9326000
2020-01-30,114.28292083740234,114.48476445281928,111.5917367947321,111.5917367947321,9048900
2020-01-31,111.31420135498047,113.39146194700628,110.5657156281121,113.10552646316378,12785200
2020-02-03,112.16361236572266,112.89528748109961,111.56651249869195,111.56651249869195,10021100
2020-02-04,113.77830505371094,114.8800202237695,113.6017031391553,113.99697215326248,9157100
2020-02-05,115.7126235961914,115.83036250969718,114.3838485251525,114.8548170117547,10150700
2020-02-06,115.72943115234375,116.30130212979365,115.30893325742682,116.25926260636385,8992300
2020-02-07,115.35942077636719,115.77991877999872,114.62775835647412,114.98938047995853,6379800
2020-02-10,115.83879089355469,115.93130096464881,115.00620025370753,115.17439688317498,5960700
2020-02-11,116.05740356445312,116.74702618005213,115.87238348868635,116.27605782100675,6578600
2020-02-12,116.05740356445312,117.14228234274408,115.8892069953676,116.56200610428536,7958000
2020-02-13,115.9565200805664,116.34337101259959,114.71183689534693,115.84718650593221,7447500
2020-02-14,115.60327911376953,116.21720240578726,115.16595773945309,115.9228487661831,6627600
2020-02-18,114.07266235351562,115.81352970553162,113.5764779437187,115.50235255368851,8996400
2020-02-19,115.62853240966797,116.38542359644823,114.66137941258295,115.1407532414352,7071200
2020-02-20,115.62853240966797,116.36019474572751,114.82117068886703,115.35940755854125,7422800
2020-02-21,114.21565246582031,115.14915843907582,113.46716661934188,114.83799405885038,9772800
2020-02-24,111.14602661132812,112.02065674338873,110.00227161858447,110.54050850737092,13618400
2020-02-25,106.18414306640625,111.20488314940627,105.62067094267321,110.17046179589515,20797200
2020-02-26,106.50370788574219,108.44640613576568,106.25140657854669,106.74759743835416,24825600
2020-02-27,102.0716552734375,105.64588716842958,102.01278582828917,103.36678948298923,23005500
2020-02-28,97.64801788330078,99.64958547560381,94.74658508743141,98.83381856450109,45931400
2020-03-02,102.19781494140625,102.24827905650628,96.2603861732076,98.08534566480843,27355400
2020-03-03,98.36286926269531,103.40043237290233,97.75735125230396,101.735264260615,32547700
2020-03-04,100.79335021972656,101.07929214202095,96.46222035707476,99.51503936509202,25795900
2020-03-05,95.8482894897461,97.9171383259977,94.67930587596517,97.27797974052766,25025600
2020-03-06,90.89483642578125,92.77866540405694,88.32138466493645,89.36422417787799,38159400
2020-03-09,78.5826644897461,83.45203186401946,78.21262421444347,81.21497953247534,40352000
2020-03-10,84.68826293945312,85.17604197681466,79.54137345206877,83.25857284102145,31102700
2020-03-11,80.70197296142578,84.1416498343842,79.51617197358185,82.16530416082749,38127000
2020-03-12,74.0497055053711,81.5429770489135,72.59477950123534,75.34483378891414,49725200
2020-03-13,87.38787841796875,87.45515320694433,77.37161515840447,80.7271866714309,38543300
2020-03-16,74.31039428710938,79.03679330372756,71.10620213165055,71.65284430456052,38589700
2020-03-17,78.85176086425781,81.94662538465855,73.5871258364281,76.43810082695923,35239800
2020-03-18,70.55113983154297,76.35401235546638,67.58242557125796,73.73010304982311,41525600
2020-03-19,71.73694610595703,74.10014231002278,64.68099168026936,68.59161711533204,32175100
2020-03-20,70.22313690185547,75.23547021495554,69.36532416047241,72.57792729262435,30150800
2020-03-23,66.46389770507812,70.43339894696398,65.67335959204307,69.53353368871103,32536600
2020-03-24,74.36925506591797,75.77371644053407,69.71854955520371,71.40054106960531,34363200
2020-03-25,77.14454650878906,80.02075056579275,71.09778473575086,75.05046237551932,38111700
2020-03-26,82.51851654052734,82.89696211306381,78.66675394093144,79.12089247774875,29826300
2020-03-27,76.63996124267578,79.76005555425202,76.15218845132367,78.37241732218271,30041500
2020-03-30,78.63311004638672,79.12929450589814,75.10093012953521,76.23627321593112,21656900
2020-03-31,75.71484375,79.19656552232561,75.134554649183,77.41365869987739,23379300
2020-04-01,70.9464111328125,72.79659945490423,70.01290521662108,71.56874627151038,28029600
2020-04-02,73.59556579589844,73.93196549762,69.76903121936066,70.23158161126413,24018000
2020-04-03,71.42021179199219,74.3348023850633,70.33254581359178,73.07719204161137,21199400
2020-04-06,76.01727294921875,77.31736613061885,74.52173791512259,75.61789656372473,26820800
2020-04-07,77.01995849609375,80.29993520401645,76.79902564220791,80.25744587262857,22563800
2020-04-08,80.12999725341797,80.60584668480567,76.94349163331326,78.26057673317916,22903300
2020-04-09,87.31875610351562,88.7038215926338,82.3308101371828,82.3563011457306,42055900
2020-04-13,83.43547058105469,87.61616466677734,82.67920705069699,87.61616466677734,26911900
2020-04-14,81.14968872070312,86.6729659634735,79.56918117567332,85.84022284975198,46151300
2020-04-15,77.14743041992188,78.2010998543458,76.58660228812296,77.4533354949099,30118600
2020-04-16,74.20735168457031,76.9604909940041,73.9694269456389,76.67158423471965,32449600
2020-04-17,80.87776184082031,81.31962110244152,77.2918798004581,78.17560480666282,30191900
2020-04-20,77.92918395996094,80.47838856375277,76.86701537504767,78.57498427481771,23679400
2020-04-21,75.66889953613281,77.64877703330393,75.05708933772539,75.30351325002633,23035000
2020-04-22,75.91529846191406,78.06513279703039,75.77934427482936,77.06244554580451,16662400
2020-04-23,75.95780944824219,77.56380804401839,75.84734623455678,76.25521539505937,16638800
2020-04-24,77.0794448852539,77.41084094702319,75.19303254412894,77.01996370706358,15809200
2020-04-27,80.40192413330078,81.26015177393153,77.78473890435794,78.12463418446119,22870200
2020-04-28,80.97124481201172,83.579930870088,80.75031190801242,83.11257405065933,20238900
2020-04-29,83.1550521850586,84.50612747247649,82.65370525696754,84.1917297299254,20462600
2020-04-30,81.37060546875,82.2883141167386,80.34242714874429,81.2346447902557,19127600
2020-05-01,79.23777770996094,79.6541459867194,78.03964841507135,79.45021143036298,18547700
2020-05-04,78.29457092285156,78.74492936966685,77.15592930131574,78.1926004039082,15725900
2020-05-05,78.17562103271484,80.05353462956681,78.09064882818505,79.57768509782909,18064100
2020-05-06,76.70558166503906,78.82142665013978,76.41667485400855,78.3115869064033,20978000
2020-05-07,77.50431823730469,78.94887143446024,76.96898759255473,77.61478143870819,16771900
2020-05-08,78.77041625976562,79.94305447592807,78.269075821175,78.8553949292562,20487800
2020-05-11,76.45064544677734,77.4193426565702,75.90681566173441,77.4193426565702,31907600
2020-05-12,73.95243835449219,77.14744387089453,73.84197513486116,76.60361397231078,27962900
2020-05-13,71.4032211303711,73.80797240345976,70.86789048832885,73.40009680740663,35451600
2020-05-14,74.36878204345703,74.87012891423848,70.01814429735919,70.2900591564903,35152500
2020-05-15,72.99224090576172,74.16487292184414,72.48240118063737,73.79948659696164,26099000
2020-05-18,76.85852813720703,77.45334652683343,74.67470944708269,75.36299920532232,30504400
2020-05-19,75.34601593017578,77.4958448719225,75.27803556069833,76.5186546132848,19597300
2020-05-20,77.60629272460938,78.50700967599815,76.79054796964093,77.0794547340626,20552400
2020-05-21,76.62059020996094,77.97167199862095,76.195722783068,76.70556239874703,14621400
2020-05-22,76.02577209472656,76.78203553318286,75.38847100728843,76.48462965563745,13557900
2020-05-26,81.4216079711914,82.84916303981132,78.69395938137478,78.93188414565084,41233900
2020-05-27,86.13762664794922,87.16580506916546,83.95380827762195,86.73243846750816,39402000
2020-05-28,84.85453033447266,87.48020814725417,84.46365304598235,87.47171546571698,24713900
2020-05-29,82.68769836425781,84.27670490961923,82.23733991912954,83.83484562844505,26526400
2020-06-01,83.78385925292969,84.55712111830216,82.74718164496176,83.06158588961256,15176800
2020-06-02,84.06428527832031,85.33038863521534,83.21455026347141,85.21142625177359,21195000
2020-06-03,88.60187530517578,89.15420441228453,85.8742264342761,86.3160923131488,25941100
2020-06-04,90.44580078125,90.59025418381421,87.34426655268182,88.21949261675955,26784700
2020-06-05,94.51602935791016,98.37382065312272,93.07147593060435,97.66004634640228,42231000
2020-06-08,96.40242004394531,97.03122852614716,95.11932503620848,96.36843635357579,24881800
2020-06-09,93.92969512939453,94.85590304383504,92.629601790355,94.0231664855443,17031100
2020-06-10,90.12287902832031,93.90420312277226,89.94443548201029,93.86171378571446,24913300
2020-06-11,82.60274505615234,86.31608963150744,82.03342411737333,84.99899768493361,36259200
2020-06-12,84.86302947998047,85.93369082009835,82.70470198778511,85.57680370672573,24856800
2020-06-15,86.0356674194336,86.18861997638668,81.46409552400115,81.93144587699531,22153600
2020-06-16,86.72394561767578,89.79998842426295,84.38717454033288,89.5365726682743,22193600
2020-06-17,84.53163146972656,87.13181821271667,84.30219941419045,87.12331904841014,15639800
2020-06-18,84.07278442382812,85.41536081991968,83.38449465354789,83.84335233941349,16591900
2020-06-19,83.11258697509766,85.48334865120808,82.19487800609059,85.42386745430055,40371200
2020-06-22,82.21184539794922,83.23152460814971,82.03340186031224,82.63671281602647,16216900
2020-06-23,83.21455383300781,84.94801411561299,83.14657347299256,84.09827906431421,15381400
2020-06-24,80.43590545654297,82.28832123914754,80.13849306733486,82.2118482130969,22919800
2020-06-25,83.24002838134766,83.45246210215028,80.09601190665377,80.17248493432064,25743600
2020-06-26,78.67695617675781,81.03922479149597,78.1756156663719,80.81829188851349,41896300
2020-06-29,79.02536010742188,80.29146352402054,78.32857762170725,79.36525542598207,18499700
2020-06-30,79.92607879638672,80.43592502594917,78.65997535435861,78.88090828830474,19137000
2020-07-01,79.24629211425781,81.3281403813834,79.05085020139795,80.63135790378149,18755700
2020-07-02,79.50366973876953,81.47710022909257,78.87731593449513,81.28833588955413,27845600
2020-07-06,81.51143646240234,81.68303686807937,80.20725635930368,81.02236810547336,18625300
2020-07-07,79.21197509765625,80.73924133948475,78.93741045357626,80.49899809418196,25757200
2020-07-08,80.05282592773438,80.08714077734153,78.76580304494853,79.18622868707358,18762200
2020-07-09,78.31961822509766,80.75638454247391,77.89061066992413,80.24157023935705,25600800
2020-07-10,82.60111999511719,83.09018839473416,78.82585837161463,78.93739799042676,28954200
2020-07-13,83.78516387939453,85.17514395370516,82.56678418216542,84.71182162635813,32079200
2020-07-14,84.26567840576172,85.7586231342206,82.91859470130704,84.40296399033295,42731700
2020-07-15,85.56985473632812,86.90835629037036,84.64319679300526,86.56514891734678,22508400
2020-07-16,85.81010437011719,86.84830200543881,84.55740292883317,84.75474276448205,16886900
2020-07-17,84.22278594970703,85.870173773403,84.20562197767462,85.801530977548,16137700
2020-07-20,83.4848861694336,84.4201196467182,83.45056477400983,83.59642579495822,14458100
2020-07-21,85.29529571533203,85.84442492956325,83.77660511805465,83.83666592129441,17798100
2020-07-22,84.67753601074219,85.91307364913467,83.68223507406242,85.50122995171635,14271200
2020-07-23,84.92633819580078,85.243799595956,84.05974110456133,84.51448806402155,12870200
2020-07-24,84.32572937011719,85.62991608677356,84.03400735615807,85.45830912608919,12744200
2020-07-27,83.14168548583984,83.76803300110639,82.51533142443593,83.66507535264469,11959100
2020-07-28,83.5020523071289,83.9911207872102,82.7984799928692,82.7984799928692,11754300
2020-07-29,85.5269546508789,85.55269405927227,83.22747367311642,83.28753447474641,12743500
2020-07-30,83.24463653564453,83.86240856199447,82.41236724328975,83.69080813073586,14834800
2020-07-31,82.91859436035156,83.16741957176106,81.7259536703751,82.78131532248177,14535000
2020-08-03,82.45526885986328,83.71655239578388,82.24076503528188,83.2446413632499,12962800
2020-08-04,81.98335266113281,82.3265534945228,81.53718110390777,82.29223864809283,13366200
2020-08-05,83.40766143798828,84.48876248293871,82.12922055191625,82.2579241482903,15260900
2020-08-06,83.43341064453125,84.1713043678377,82.83280251911324,83.72513926697543,10482100
2020-08-07,85.26954650878906,85.36392870258658,82.84994395517444,83.16741192941481,14743700
2020-08-10,86.35065460205078,87.55187726636599,85.827264773643,85.89590756500658,14989900
2020-08-11,89.07914733886719,91.08690652580658,88.81316469315506,89.11346873607798,31518600
2020-08-12,88.3240966796875,91.31856823030691,87.26873498513169,91.08690698064876,19240800
2020-08-13,87.83501434326172,88.68444751929921,87.2086603957521,87.51754637724505,13598600
2020-08-14,87.86933135986328,88.64153972900817,87.01989167998654,87.08853446048613,12134400
2020-08-17,85.55268859863281,87.51754404959635,85.39824561199397,87.08853648072578,14988000
2020-08-18,84.36006927490234,85.72431709064564,84.1884688226968,85.72431709064564,13246500
2020-08-19,84.55740356445312,86.30774887366344,84.37721460548995,84.87486501013638,13533000
2020-08-20,83.54492950439453,84.11121604512566,83.05586117761678,83.4505473232501,13672600
2020-08-21,83.5020523071289,84.574571478021,83.17600883578721,83.45914892183822,12228300
2020-08-24,85.85299682617188,85.98170041241433,83.58783727439535,84.47159186251788,17898300
2020-08-25,86.23052978515625,87.50039519363578,85.62992174839091,86.89119862559812,13648900
2020-08-26,85.0207290649414,86.03318733470255,84.98641421510409,85.75004727365462,12052400
2020-08-27,87.8178482055664,88.07525536583262,84.94349879789513,84.94349879789513,22163900
2020-08-28,88.17820739746094,88.59005751852469,87.35451370146903,88.49567533549207,13756700
2020-08-31,85.96454620361328,87.67199464294387,85.81867864247798,87.62051582497645,14219400
2020-09-01,85.92162322998047,86.54797707233482,84.97780802104253,85.41539751238228,11595600
2020-09-02,87.21723175048828,87.46605690226127,85.4239768794813,85.7586022276261,14475700
2020-09-03,86.94267272949219,90.08300463034531,86.35064020840574,88.65012096669412,23281200
2020-09-04,88.82173919677734,90.27178711949969,86.97701157563336,89.27649279542482,26325500
2020-09-08,85.73287200927734,88.86462860841927,85.35534979556427,88.35840281329071,22108600
2020-09-09,86.54801177978516,87.2515841136272,85.42400720603261,86.48795096638904,13434000
2020-09-10,85.6556625366211,87.87791885456531,85.49263754710171,87.00274619459843,15922800
2020-09-11,86.71959686279297,86.96842205879878,85.4497314738903,85.77578144265348,13784300
2020-09-14,87.92083740234375,88.77027079916469,86.97702178963848,87.097143419648,19017400
2020-09-15,85.18373107910156,88.24684447248929,85.06360949866558,88.14388685847854,23683000
2020-09-16,85.54411315917969,86.77107516186784,84.7375833193692,85.31245193456539,19270600
2020-09-17,84.56597900390625,85.23522983616077,83.83666736737598,84.68610061245774,18290100
2020-09-18,84.38581085205078,85.36394785620783,83.60502026451461,83.99112456494687,20121600
2020-09-21,81.77741241455078,82.4123482654966,80.49897182150205,81.68303023525168,28378800
2020-09-22,80.88509368896484,82.07774089345457,80.3702858548639,81.47712629855616,19257000
2020-09-23,79.57231903076172,81.81173897923374,79.50368279740248,81.32267063106949,19952700
2020-09-24,79.50366973876953,80.91081375661194,78.40540508564904,79.21194124690066,18366500
2020-09-25,80.19866943359375,80.41317320054094,78.82584663435888,78.98028960840628,13293100
2020-09-28,82.50675964355469,83.16742858632072,80.95374740029725,81.56293751654941,20894100
2020-09-29,81.81171417236328,82.39516452888594,80.93654191064617,82.39516452888594,12848200
2020-09-30,82.60111999511719,83.3990743888224,81.73452936083183,81.81174758628566,16400600
2020-10-01,83.20172882080078,83.88813700221205,82.39519249785315,83.33043240048289,15778700
2020-10-02,83.99110412597656,84.59171212407911,81.58865904129398,81.72594461008097,15149600
2020-10-05,85.7663345336914,85.94818885077702,84.45870784583435,85.14283024261049,13871900
2020-10-06,84.88306427001953,87.34244243302857,84.44142074845577,86.65831979700901,19220400
2020-10-07,86.36388397216797,86.90078545178042,85.44594391417286,85.69707802203796,16358500
2020-10-08,88.1391372680664,88.26037351850523,86.51110290011651,87.03934939426283,15659000
2020-10-09,87.6368637084961,88.4249058954074,86.69295201494796,88.32964790343176,13689100
2020-10-12,88.71067810058594,89.1956230632331,87.33377135752757,87.55026558826357,16058000
2020-10-13,87.27316284179688,89.38614888052042,86.82285769933596,89.1956328794053,21697300
2020-10-14,86.78821563720703,88.26903550824073,86.6842960191611,87.48965489009663,15204100
2020-10-15,88.0871810913086,88.13913759686758,85.76636247772473,85.81831898328372,17171200
2020-10-16,87.90531921386719,88.61542002572669,87.22119665257043,87.81872284303157,13275000
2020-10-19,86.42450714111328,88.21707926472993,86.21666790440398,87.983261775152,11725700
2020-10-20,86.9181137084961,88.13047622076049,86.70161945889457,86.86615059591321,11257100
2020-10-21,86.0521240234375,87.4550023256259,86.01748415578258,86.90943927553921,10730500
2020-10-22,89.09168243408203,89.40343458133874,86.0001458128514,86.00880742996354,14837200
2020-10-23,89.89707946777344,90.4513042760158,89.13502200816039,89.62862868446628,15087600
2020-10-26,87.67150115966797,88.93582666468919,86.81418586242417,88.89253178300025,12410700
2020-10-27,86.01750183105469,87.39440216715352,85.87028731843039,87.03935501277253,10391700
2020-10-28,83.6014175415039,85.12553885981308,83.19440730818725,84.43275464052346,16389500
2020-10-29,84.14698028564453,84.84842612149207,82.47564447529956,83.23770843455318,14208800
2020-10-30,84.90038299560547,85.22945186597667,83.33296679292587,84.78780836789743,15194500
2020-11-02,86.81420135498047,87.35976453115316,84.74451668414535,86.06946054547956,15011600
2020-11-03,89.55070495605469,90.70244960481513,88.92720031820687,89.21296777148572,17482600
2020-11-04,86.81420135498047,88.39027935969341,85.67111188570384,87.46368415813494,18886500
2020-11-05,90.36470031738281,91.0141830795205,87.4636786345438,87.51563514131313,17837400
2020-11-06,89.16098022460938,91.01417024945171,88.66737365924257,90.95355213113928,12552800
2020-11-09,101.23272705078125,102.96468129764874,95.56057424953775,97.99397445906575,47792400
2020-11-10,100.90363311767578,101.70899195990305,99.31890029196661,101.62239558472504,20539300
2020-11-11,99.39684295654297,101.28467315590918,98.68674205257295,101.2240550277732,14443400
2020-11-12,98.17581939697266,98.68674267923721,97.04138498196677,97.44839524784152,22063000
2020-11-13,98.7906494140625,99.46611035999612,98.34899933138296,99.32755088037916,11847900
2020-11-16,101.5791015625,102.71352928278154,100.21951797934123,102.00342842928868,19858600
2020-11-17,100.54859161376953,100.83436561401146,99.22364783958638,99.92508710665268,14553200
2020-11-18,99.80384826660156,102.71353148648197,99.76054677427615,101.61373700746567,12571200
2020-11-19,100.07230377197266,100.29745965037274,98.34034970679137,98.87725784547453,10202500
2020-11-20,99.2149887084961,100.15024549263386,98.7993168243636,99.09375245205756,12718900
2020-11-23,102.07271575927734,102.33250490632442,100.08096593084737,100.49663781575535,13209200
2020-11-24,106.79228973388672,106.94816586744243,103.66611204921102,103.97786431632244,20121600
2020-11-25,105.67517852783203,105.97826917445335,104.32425644181669,105.10363710947192,11715600
2020-11-27,104.97374725341797,105.95229901783665,104.85251098550347,105.64920834805042,5983600
2020-11-30,102.08135986328125,104.5407378218193,101.98610187081339,103.91723336453136,14411800
2020-12-01,103.69210052490234,105.28550189241382,103.59684251129062,104.21168548567825,12668900
2020-12-02,105.68382263183594,105.91763348993952,103.28506289712551,103.6574332317938,10811300
2020-12-03,104.99104309082031,105.55392942713759,104.22898575676109,105.51928955646947,12904400
2020-12-04,105.9436264038086,106.7663085443007,105.38074662127448,106.06486926602376,13583700
2020-12-07,105.54528045654297,105.79641459382347,104.09910036895437,104.91312091000977,9724300
2020-12-08,105.64918518066406,105.9349591524596,104.57537564022951,104.81784812288767,9592100
2020-12-09,104.82652282714844,106.77497115771342,104.29827630675594,106.66238991465507,13073900
2020-12-10,104.15105438232422,104.59270451708959,103.53621148449184,103.90858187127826,13668400
2020-12-11,103.53620147705078,103.93455007910623,102.5056934047107,102.99929999930983,9981600
2020-12-14,102.44507598876953,105.14691984861307,102.28053825380938,105.07764010685302,12112400
2020-12-15,104.1943588256836,104.69662710242683,102.72220047730444,103.30240351756959,12590200
2020-12-16,104.49742889404297,104.85248258740249,103.79598973296008,104.17702167571093,11169400
2020-12-17,103.63146209716797,105.17290004195084,103.5535273414088,105.00836891083263,11618000
2020-12-18,103.12055969238281,103.81333744210511,102.41911371442934,103.17251620671964,28954800
2020-12-21,106.99146270751953,108.24712673489216,104.8611534393222,106.66238721384207,28323600
2020-12-22,105.36341094970703,106.96546694065471,105.3114544483737,106.85289231880593,11788200
2020-12-23,108.3077392578125,109.56340322021785,105.95228084483037,106.3246512058074,14973200
2020-12-24,107.83145141601562,108.72341326159263,107.00877592186683,108.32505803388091,4164900
2020-12-28,108.54156494140625,109.67599941834922,108.06528150756132,108.95723685030154,8072600
2020-12-29,108.25579833984375,109.35558634188098,108.1518787101164,109.28630658872942,8389200
2020-12-30,108.55889129638672,108.9832182313694,108.16054261766486,108.67146594247734,7398000
2020-12-31,110.03971099853516,110.26486689684722,108.09126250289242,108.32507341534189,8580200
2021-01-04,109.00054168701172,110.72383429346053,108.05662319743895,110.41208200395768,16819900
2021-01-05,109.59361267089844,110.16055269953021,107.95384725550434,109.01794864520646,13731200
2021-01-06,114.73969268798828,115.8037942607368,111.53866397118186,113.28309768799502,24909100
2021-01-07,118.50763702392578,120.53117861332697,117.67903690938968,118.35064499143141,21940400
2021-01-08,118.63850402832031,118.92633612899067,116.98129011315069,118.59489068417194,12035100
2021-01-11,120.40906524658203,120.5398919359636,116.97254224367336,117.38248361562971,15937900
2021-01-12,122.3017807006836,123.55777029748951,121.08940444161274,121.62145522056741,18033500
2021-01-13,122.4151611328125,122.79892386536793,120.4526809007441,120.88005696690743,14816800
2021-01-14,123.13038635253906,124.50848537087764,122.10989808702536,122.53728752154211,18565600
2021-01-15,120.92369842529297,123.54905668848403,119.50198593431837,119.86831406576894,27881000
2021-01-19,120.40034484863281,122.72043593667526,120.20847012417228,121.9877797959003,19843800
2021-01-20,118.59485626220703,120.51372306747076,118.13258422804095,120.20845636488346,16028800
2021-01-21,117.60057067871094,118.7606164564433,117.15574649839189,118.35067496698433,13411700
2021-01-22,116.69346618652344,117.22551708098445,115.30664958436157,115.7340390926745,12933200
2021-01-25,115.2368392944336,116.15266609889841,113.44008167726872,115.25428729031597,14212800
2021-01-26,114.765869140625,116.15268559532247,114.55653308166322,115.78635747383201,11307800
2021-01-27,111.521240234375,113.25695022664375,111.0764094000007,113.03016615502533,17603900
2021-01-28,113.48371887207031,115.2804768669973,112.50684384001467,113.3005481490978,13761800
2021-01-29,112.22772216796875,114.88797630626985,111.80906336701551,114.42570416358906,14808100
2021-02-01,113.05631256103516,113.44881929341398,112.06198967744794,112.86442452131463,11080700
2021-02-02,116.53643035888672,117.21675573130128,114.45184091081236,115.07983560979811,12253600
2021-02-03,117.87093353271484,118.41170165154475,116.4492212486558,116.57133060803424,10600800
2021-02-04,120.58349609375,120.94110676274377,118.15874403628906,118.15874403628906,12419500
2021-02-05,120.3479995727539,121.6650503065946,119.82467952520591,121.57782364420989,10051300
2021-02-08,122.23200988769531,122.37156725385914,120.52246542449575,120.53991342249697,10136400
2021-02-09,121.74354553222656,122.0924255616752,120.8364361613881,121.61270553949332,8614800
2021-02-10,121.81333923339844,122.86871010352633,121.27255781941692,122.10988862592018,10323200
2021-02-11,121.47322082519531,122.58965343525918,120.55739366456868,121.81338367812216,9201000
2021-02-12,123.2001724243164,123.51416985630345,121.23769180162817,121.28130514391705,8324600
2021-02-16,126.16565704345703,126.75005170577924,124.20317698589874,125.20623033400256,12130600
2021-02-17,126.55817413330078,126.80239282921238,124.83118195788494,125.55512070252315,10810100
2021-02-18,126.98558044433594,127.16002051026388,125.07543044645378,125.59876395316152,10587800
2021-02-19,129.1050567626953,129.82026497169787,127.22107225144676,127.22107225144676,11969800
2021-02-22,130.31741333007812,130.99773874890658,128.03220506606266,128.10198373836826,11488400
2021-02-23,131.3640899658203,132.84685041429984,130.47442837316328,132.14907687709675,16234400
2021-02-24,133.67543029785156,134.11153702853494,130.9279632181149,130.9279632181149,15061400
2021-02-25,131.8612518310547,135.1058876396232,131.34664897711198,134.5564020959742,18127700
2021-02-26,128.3636474609375,131.59083445407373,127.78798340943239,131.09367972517066,19829200
2021-03-01,131.2681121826172,132.0356642070576,129.50623744875162,130.41334680653026,14845500
2021-03-02,130.84075927734375,132.384581098645,130.69248456022447,130.90182061852883,14221700
2021-03-03,133.37017822265625,135.1756533653807,131.54725508228984,131.90485252595272,14324100
2021-03-04,131.3204345703125,134.6522958217246,129.62833860987126,133.10847452775562,20093900
2021-03-05,131.62576293945312,133.87607571631926,129.0614527214214,133.6405743082141,18465100
2021-03-08,133.37017822265625,135.5943254552518,131.4861937450043,132.98640212806907,17133300
2021-03-09,132.4281768798828,134.538931946083,130.67503254168378,132.1403448287298,16238800
2021-03-10,135.30650329589844,136.20488226088966,132.14908093754636,132.49797437132972,14342200
2021-03-11,134.59999084472656,136.1961298039182,133.76266004661483,134.41682015769786,11771500
2021-03-12,136.19613647460938,137.48702207279578,135.254157580364,136.81541393269143,12849500
2021-03-15,135.51580810546875,136.86774170092568,134.2859971773602,136.3705869233758,12101100
2021-03-16,133.8934783935547,134.844201143807,132.7421635905019,134.39936377830782,12805600
2021-03-17,135.27157592773438,136.832845400384,133.49226640930502,135.48962928243466,13952400
2021-03-18,137.5044708251953,141.02822127623253,137.0334813298985,137.46087079166534,21898500
2021-03-19,135.31520080566406,136.01297426202373,131.8699601692327,135.6379155393002,54418800
2021-03-22,131.67808532714844,134.29472606893358,131.3640879057773,133.27423777670813,19944800
2021-03-23,130.36105346679688,132.68113158060393,129.92494665691171,131.11987505714148,17076300
2021-03-24,131.37281799316406,133.60568284664132,130.70994039882686,130.83204977959753,13079800
2021-03-25,133.05618286132812,133.4225109639218,130.24765409918703,130.8320355944381,15608300
2021-03-26,135.27157592773438,135.58557329085963,133.0561596999044,134.5825331828065,16754400
2021-03-29,133.16957092285156,134.08539789808074,131.73914109897154,132.68113341844236,17570300
2021-03-30,134.739501953125,135.95187786363903,134.21618197752457,134.72206727018113,13184300
2021-03-31,132.77708435058594,134.748295778724,132.68114031373918,133.69291137340966,16736700
2021-04-01,134.06793212890625,134.13769749142878,132.18394792670048,132.48921464172892,16561500
2021-04-05,134.7786102294922,135.9367195792239,133.88372215449144,135.46294270440302,13508000
2021-04-06,133.8311004638672,135.35769585007853,133.2345082774727,134.0504381889791,13071600
2021-04-07,135.9279022216797,136.19111004078079,133.9275442162006,134.32236263850515,16903500
2021-04-08,136.0946044921875,136.43677064972445,133.62925174335638,135.1119762217852,12335500
2021-04-09,137.1123504638672,137.7791320993026,135.96302332179076,136.69999461158375,12122400
2021-04-12,136.8228302001953,137.96338871440565,136.48944605897694,136.49821474598244,12273400
2021-04-13,135.19091796875,136.16477743416425,133.7345131128504,135.76997243733243,16113600
2021-04-14,132.6641845703125,134.96283876227747,132.41851409625977,132.8922908973456,19939600
2021-04-15,133.50640869140625,133.53272813240804,131.00596808510227,132.6992479303067,17694100
2021-04-16,134.49781799316406,135.55940447234656,133.9626337176681,134.9979007560315,13773400
2021-04-19,133.92759704589844,135.0067481911693,133.55034261997446,134.60316092437262,11900200
2021-04-20,130.962158203125,133.13798444762764,130.41819160151618,133.12921575902348,13716700
2021-04-21,132.07635498046875,132.13777594909584,128.78629019193536,129.66364080221095,12236700
2021-04-22,129.29518127441406,131.8658260432796,129.19867215229328,131.8044050622434,15256100
2021-04-23,131.76927185058594,132.5939834507485,128.69854514454585,129.1284383155156,14041900
2021-04-26,132.09390258789062,133.7608767400064,131.93598590771848,132.28692078852833,10799100
2021-04-27,132.69927978515625,132.980038406312,131.69910062507782,132.04126682754392,12821200
2021-04-28,133.55909729003906,134.13815198223796,132.83089458087557,133.73456475780276,8943700
2021-04-29,136.1560821533203,136.2350405177933,134.41014912187322,134.70844520142347,12976900
2021-04-30,134.94525146484375,135.54185664776577,134.24336852676637,135.1996905562073,11705100
2021-05-03,134.5504608154297,136.41043942007755,134.34867396747194,135.85771775938417,11801100
2021-05-04,136.41043090820312,136.55081017945983,133.48008390406576,134.1205459216314,12977700
2021-05-05,138.20030212402344,138.8670839143264,135.66475884091875,136.86672515610664,10506700
2021-05-06,140.98147583007812,141.09553569668807,137.88442915621852,138.68282144787173,13542400
2021-05-07,141.46401977539062,141.6921261187515,137.76159906216986,137.9370665099327,14257800
2021-05-10,141.44642639160156,143.6485709801534,141.35868600050537,141.69208342190598,14014300
2021-05-11,139.09518432617188,142.4729901247308,138.65650894388165,141.3236627651,15451700
2021-05-12,138.1388397216797,141.06041862373695,137.7703541016869,140.03392009933415,14381700
2021-05-13,141.69210815429688,142.5255884659785,138.34062276152034,138.77929801896397,15395000
2021-05-14,143.89425659179688,144.28029296961097,142.12201814791476,142.4729530073966,10584000
2021-05-17,144.47335815429688,144.63128826355157,143.034503342685,143.33279940900806,9886800
2021-05-18,142.4378662109375,145.20151507034456,142.34135711557974,144.48208119816726,11098100
2021-05-19,141.34996032714844,141.41136790975796,139.1829032032472,141.2534512224979,13278900
2021-05-20,141.10427856445312,142.00794848312677,139.95495158365298,141.10427856445312,10426000
2021-05-21,142.7098846435547,143.20119895062672,141.20084019337006,141.55177515918987,10249000
2021-05-24,143.48194885253906,144.08732306722894,142.23611228037512,143.32403212904322,9440300
2021-05-25,141.9992218017578,145.3770140988147,141.74478259173748,143.7539232715982,12609100
2021-05-26,141.9816436767578,143.65738647047058,141.52541763407373,143.50823848075424,13058300
2021-05-27,144.1925811767578,144.54351607330236,142.63089812871073,143.8416328929051,15707500
2021-05-28,144.0960693359375,144.71021208688285,143.2362560973061,144.48209235988318,10291300
2021-06-01,145.68405151367188,146.4385734704176,145.18395530856208,145.5261214641034,9445400
2021-06-02,145.69284057617188,146.90358870541354,145.2278458225111,146.74565863375648,10498600
2021-06-03,145.78932189941406,146.73686198688225,144.4645275463466,145.1225403803685,13354400
2021-06-04,146.0262451171875,146.2280320193317,144.78917748104757,145.8244582150433,8510800
2021-06-07,145.3419189453125,146.6053060845933,144.88569283672572,146.51756566041192,7267200
2021-06-08,144.76283264160156,145.42961420282356,143.148510932976,144.31538870559413,10370700
2021-06-09,142.9554901123047,144.0784976616837,142.37643557947632,144.00830801643428,12377400
2021-06-10,140.72703552246094,144.9734227407462,140.64807717881288,144.20134990336555,12119400
2021-06-11,140.63052368164062,141.4289159513702,139.55138617752195,140.7533522318061,13683800
2021-06-14,138.24412536621094,140.665607938259,137.4457331944729,140.50767788611114,19917900
2021-06-15,136.14727783203125,137.67387289897405,135.2260702890703,137.48085467025797,24485500
2021-06-16,137.10354614257812,138.28796111033685,134.331115758924,135.7524190751562,25321200
2021-06-17,133.14671325683594,138.14762204940885,132.6992693004434,137.831775319218,29722400
2021-06-18,129.7777099609375,131.33939308810042,129.46186318312314,130.9884581737773,43595700
2021-06-21,131.97979736328125,132.6553608333087,130.74274363187632,130.79538250717403,18664800
2021-06-22,131.7868194580078,132.4536009930906,130.4269235575271,132.12898560443665,14251200
2021-06-23,132.585205078125,133.39236594261897,131.68153512182707,131.77804421363103,12733300
2021-06-24,133.80471801757812,134.3399023503989,132.67294177921602,133.2870844429515,13733200
2021-06-25,135.1558380126953,135.55064303338975,133.06773968073517,133.87490047937646,15484900
2021-06-28,135.40151977539062,135.53311701053644,133.46256905795974,134.84878461316265,14125800
2021-06-29,135.2348175048828,137.1386666519262,134.76982276970807,135.98933953716195,14528700
2021-06-30,136.46311950683594,136.93689637311638,134.85757953585502,134.89266767280108,12531000
2021-07-01,137.81422424316406,137.86686313352374,136.35781913578148,137.09479037543045,10479400
2021-07-02,137.68186950683594,137.9377749029148,136.8788764514139,137.61127537910568,11424000
2021-07-06,135.36997985839844,137.46127888466538,134.43463115406732,137.46127888466538,15083400
2021-07-07,135.52879333496094,136.13765589444844,133.7286902353244,134.13458963201415,12271800
2021-07-08,133.19041442871094,134.59343727062452,132.39624064812526,133.78162505773517,17834600
2021-07-09,137.45245361328125,137.78775890144348,134.63757494231,135.0523070422969,13694500
2021-07-12,139.42022705078125,140.4438218226232,135.83765881378912,136.19944871039002,19940400
2021-07-13,137.34652709960938,138.88191881815493,135.44935905240808,137.69949767743924,22671700
2021-07-14,136.87884521484375,138.7848458352409,134.96402537966281,137.61124397539774,14622800
2021-07-15,137.1789093017578,138.12307717875615,135.62586537031598,135.80234396312886,11539300
2021-07-16,134.04638671875,137.90249916240782,133.26104540159997,137.6201360584945,14002700
2021-07-19,129.6873016357422,132.20216588110134,128.57547414502844,131.08150570696154,22172900
2021-07-20,132.10507202148438,133.34925484973104,129.12253399160963,129.29019336693918,15385200
2021-07-21,134.8846435546875,135.58173869000836,133.56103394769963,134.16989652122658,12356700
2021-07-22,133.18157958984375,135.39642807320627,132.33447706162258,134.90228268766862,9913300
2021-07-23,132.92568969726562,134.86698094037396,132.5815517653712,133.66690778681482,9666100
2021-07-26,133.81689453125,134.09045176274827,132.51093712835038,132.52858902235513,8208000
2021-07-27,133.6404571533203,134.55816742197234,132.18449186398647,132.71392766717415,11218700
2021-07-28,133.86105346679688,134.80523481497434,133.13748719177391,134.38167003186203,9217300
2021-07-29,135.0081787109375,135.77586796753158,134.0463589698904,135.13171506791187,9063500
2021-07-30,133.93162536621094,135.59937271258454,133.4198281032429,134.6375530897686,9805200
2021-08-02,133.39334106445312,136.287632267452,133.3051085248256,134.1522109203888,10203200
2021-08-03,134.91110229492188,135.29054401563636,131.93739729261122,134.08163819631307,10394800
2021-08-04,133.45513916015625,135.3346555008019,133.1639434534191,133.4639583763172,10155000
2021-08-05,135.14053344726562,135.61704043868053,134.13459069972117,134.37284419542863,9151500
2021-08-06,138.97898864746094,139.2613651190781,136.8700381837061,136.94063230161038,13328800
2021-08-09,138.82901000976562,139.9055469684494,137.56716177006567,138.99666939152928,9516900
2021-08-10,140.53201293945312,141.16734650942843,137.92891722426444,138.30835890899027,8667000
2021-08-11,142.20860290527344,142.5086178165768,140.373196180818,141.18500836317205,9156500
2021-08-12,142.76451110839844,143.27630838442684,141.670335900191,142.84393790935846,8844200
2021-08-13,141.1673583984375,143.0910111652187,140.80558204254052,142.7645116730848,8980900
2021-08-16,140.24082946777344,140.32907548523525,138.34366127241137,140.24966214819074,8755800
2021-08-17,138.54666137695312,140.17911904293894,137.01128244417657,139.04082040434747,9347200
2021-08-18,137.28475952148438,139.42900014500523,137.07297718426187,137.92891228358383,8065500
2021-08-19,136.1376495361328,137.26712857814314,135.01698971035066,135.14935874048683,9517700
2021-08-20,136.52590942382812,136.6847361014185,135.14935769356958,136.19942338803534,6974100
2021-08-23,138.2730712890625,138.61720922433867,136.98476556806037,137.06417890748125,7934600
2021-08-24,139.12901306152344,139.90553498869335,138.4230852608647,138.53780239950194,7670900
2021-08-25,141.99688720703125,142.75575752181874,139.24378256010826,139.87028378874263,11335000
2021-08-26,142.72923278808594,144.56463968480463,142.1997835712516,143.1792551972781,11027500
2021-08-27,143.8763427734375,143.97340800020234,142.29682803466864,142.7292119474304,8780200
2021-08-30,141.57327270507812,144.2646146848037,141.07912731820102,144.01754199136514,7937600
2021-08-31,141.14093017578125,142.39394590717697,140.61149430496306,141.57331424840362,12340800
2021-09-01,140.93795776367188,141.8556545374964,140.27615293325061,141.37916098395274,8729900
2021-09-02,141.5909423828125,142.60570439655254,140.6820513681176,141.20268139737863,8813300
2021-09-03,140.73500061035156,141.97036417603067,140.43497220344116,141.52916097908056,7959700
2021-09-07,140.4879150390625,142.40273512283778,140.26731346077798,141.176190886154,9285600
2021-09-08,139.8614044189453,140.81440487866988,139.45549157955347,140.20554235180816,7852700
2021-09-09,140.4702606201172,141.91740640909688,139.49078909154576,139.65844844234337,7904300
2021-09-10,138.85548400878906,141.82037031541444,138.73194764036526,141.67918204737174,8311600
2021-09-13,141.06146240234375,141.22912174265684,139.48196115332448,139.88786048460284,10052800
2021-09-14,138.59957885742188,142.3674444678126,137.88481836768284,141.58210331522693,11685600
2021-09-15,139.5614013671875,140.02907568843747,138.07013237644753,138.29073397946934,11691500
2021-09-16,139.49961853027344,141.93506870652368,138.73192930399588,140.66440139099356,10880900
2021-09-17,139.13780212402344,140.31140397707767,138.5377723753972,138.87309103754126,25581600
2021-09-20,134.9728546142578,136.3846964172815,132.79331028223748,135.7934858950563,15819900
2021-09-21,134.9905548095703,136.37593960281373,134.6375975634279,135.47588112135801,8999900
2021-09-22,137.5759735107422,138.75839475605022,136.8612265410329,136.94945909495695,11236200
2021-09-23,142.22622680664062,142.6939144863587,139.12898584929988,139.42018151503368,12336100
2021-09-24,143.86753845214844,144.352864681638,141.90860856444667,142.45569624253298,10102400
2021-09-27,147.34420776367188,147.71481681295234,145.25290903399915,145.5970469700776,13220900
2021-09-28,146.55003356933594,149.39138280936893,146.1794245551296,147.9795274047677,13387900
2021-09-29,146.43531799316406,147.27360125780172,145.63232505501117,146.6647522408941,7777100
2021-09-30,144.4411163330078,147.35306035884318,143.64694243625956,147.2912854433882,13161200
2021-10-01,147.4766082763672,148.50902230499477,144.36171428976408,144.7146715174392,11285000
2021-10-04,147.3177490234375,150.39735227429443,146.2412121146315,147.33540092187218,14120000
2021-10-05,149.7235107421875,151.0373382733105,147.95693536946504,148.43631384344195,12292900
2021-10-06,150.04306030273438,150.11407982266005,147.36213099429037,149.1287059952723,8692600
2021-10-07,150.99288940429688,152.2534551700338,150.50463876196562,151.9782630476978,10195400
2021-10-08,151.1083221435547,152.1025683058946,150.2916180036915,150.93078012107802,8190100
2021-10-11,147.9302520751953,152.05816117129785,147.77046833781213,151.6231853002527,12154700
2021-10-12,146.79397583007812,147.97464984992072,146.2702221541923,147.14018749412315,13032600
2021-10-13,142.9235076904297,146.83837223897822,142.56842364856442,145.64882579858283,22753500
2021-10-14,145.11618041992188,145.59554521193775,142.08903964199308,143.5892947185567,15176800
2021-10-15,147.90362548828125,148.40074852337628,145.71094717266894,146.78509865931744,14267400
2021-10-18,147.85037231445312,149.67908081294712,147.28222973680852,147.7882251588793,12672900
2021-10-19,149.64356994628906,149.71457591236566,147.87699515082716,148.60492144060018,8053900
2021-10-20,151.65869140625,151.68532202969575,148.65819495147218,149.4038794991268,8185600
2021-10-21,150.46920776367188,152.09374419862687,149.74126763130843,151.5877350511656,8415200
2021-10-22,152.49317932128906,152.76837150680382,150.64671236084186,150.9396628134963,8817900
2021-10-25,151.7474822998047,153.54068785849694,151.33912346235658,153.31875694687224,10159200
2021-10-26,152.15582275390625,153.12345179247123,151.39237990036722,151.8007387248317,8015100
2021-10-27,148.98667907714844,151.53444191342504,148.551689561808,151.1971160983183,9847000
2021-10-28,151.2326202392578,151.36577338497253,149.1020886342849,149.4039114616313,7212900
2021-10-29,150.81536865234375,152.9015246245037,150.37150683235976,151.9605261878439,8140100
2021-11-01,150.73548889160156,152.98142879759922,150.03417957412736,152.72398133578608,7435500
2021-11-02,151.33026123046875,152.41328523532852,149.95428677718738,150.73548797297835,7173800
2021-11-03,151.38351440429688,151.91615401764597,150.15845142094682,151.02843035912286,8402700
2021-11-04,149.39503479003906,151.09059052676537,147.79714276032698,150.91304847297408,9574200
2021-11-05,149.18194580078125,150.99289588896477,148.61380326864656,149.93650269353003,7975600
2021-11-08,150.0785675048828,151.72973413916023,149.79450296279046,150.06969514423858,6413700
2021-11-09,148.9422607421875,149.55479217792714,147.89475342266923,148.56054610576243,7990300
2021-11-10,148.80023193359375,149.9809059981329,148.3297394888901,148.6493205405367,6999200
2021-11-11,148.79136657714844,149.74122387123737,148.16107680416025,148.71147469687327,5815300
2021-11-12,148.12557983398438,148.90678103886592,147.1135753392919,148.82687560975654,8113400
2021-11-15,147.85926818847656,148.95116462708512,147.36214504717802,148.43629676330428,6492500
2021-11-16,146.79397583007812,148.31198915432927,146.58091728851684,148.30310324910553,9706100
2021-11-17,146.00390625,146.97152175403755,145.04516310583514,146.66082661144287,9909600
2021-11-18,144.7433624267578,146.34126791104748,144.30837290599322,145.93290901955524,8122500
2021-11-19,142.85247802734375,143.90887126341005,141.5475232705074,143.189817325069,12193600
2021-11-22,145.89739990234375,147.34438036587372,144.6900950922002,145.7287302269754,14549900
2021-11-23,149.38612365722656,149.6346851771418,146.80284477640728,146.91825317693468,12354400
2021-11-24,148.21437072753906,150.4159219456947,147.75275056151622,149.54595641962828,9629800
2021-11-26,143.7490692138672,144.38823125913544,140.9882619528493,143.9354971210648,13619300
2021-11-29,143.12770080566406,146.27912292385244,141.87602057445622,144.97416788771696,12104400
2021-11-30,140.9971466064453,142.5950518589473,140.51776825790085,141.2900970315363,18922600
2021-12-01,140.16268920898438,144.93864687094828,140.0827973299137,142.9235103545511,12253400
2021-12-02,143.10995483398438,144.92090536361414,140.97053729865502,141.88489169754703,12969900
2021-12-03,140.51779174804688,143.66034152756737,139.54130371342652,143.3673910535043,12681800
2021-12-06,142.1778106689453,144.35273071316283,141.55640687710985,142.93236757846455,11186500
2021-12-07,144.31723022460938,145.04515652317295,143.06553671440145,143.7046987815039,9851600
2021-12-08,142.6660614013672,144.93863158134326,142.18668308633636,144.39711965989687,11705700
2021-12-09,142.44415283203125,142.8613705148597,140.8373615345152,141.72508524679222,11189600
2021-12-10,141.87599182128906,143.54490297320115,141.26346037186278,143.20757721722893,10405400
2021-12-13,140.1892852783203,141.84932379144144,139.62114281344142,141.59188995158678,12069000
2021-12-14,141.2634735107422,142.82586231088433,139.6389375511274,139.77209068487107,12563600
2021-12-15,140.20706176757812,141.90261702457528,139.68330811612452,141.90261702457528,14014200
2021-12-16,142.39976501464844,143.65145870937027,140.88175149511085,142.38200674750365,19542800
2021-12-17,139.1595458984375,141.48539092871525,137.75694099263876,141.43212968030053,28082000
2021-12-20,136.65621948242188,137.3308847707451,134.79199387215084,137.16221506226634,15148000
2021-12-21,138.56478881835938,139.53240439857666,137.67706512004878,137.96114320539073,11291300
2021-12-22,139.1062774658203,139.4258584853909,137.81020866937416,138.26294280310483,7273000
2021-12-23,139.60340881347656,141.2545752554857,139.5590334698338,139.91411749249906,8055200
2021-12-27,140.4023895263672,140.43789251579588,138.7867258227818,139.9052664008299,6188100
2021-12-28,140.8284454345703,142.16890294737036,140.33132247738845,140.43784495518895,6342300
2021-12-29,140.75746154785156,141.70733236718596,140.39349159583065,141.01490899512024,6398900
2021-12-30,140.68641662597656,142.24881865669215,140.58876649905685,141.2456867661155,6948200
2021-12-31,140.571044921875,141.40549377176825,140.2248332413656,140.65980915922302,5805900
2022-01-03,143.544921875,144.37938433363047,141.60080477363516,141.91151349183633,13120900
2022-01-04,148.98667907714844,149.65247189183447,145.79086814841963,145.86188767412355,20195800
2022-01-05,146.2628936767578,150.35304098319185,146.21823870608205,149.8708027295316,17539400
2022-01-06,147.81680297851562,149.46892794920416,146.34327064452464,149.0581349058741,14047500
2022-01-07,149.28138732910156,149.61180957837593,147.40598760629422,147.95074553516426,13913300
2022-01-10,149.42428588867188,151.20143659797546,147.82572781521154,150.98711453353607,12922500
2022-01-11,149.5760955810547,150.49593074021448,148.5222955104893,150.26373034449165,11854100
2022-01-12,150.4244842529297,151.45148043118525,149.299238964396,150.44234896632423,12568000
2022-01-13,150.23692321777344,151.6479356400798,149.9332912555357,150.33515869106003,13623400
2022-01-14,141.0028533935547,143.80701372863592,140.118734070285,143.56588779923814,40158400
2022-01-18,135.0908966064453,139.11852392455683,134.4389640627138,139.11852392455683,32324800
2022-01-19,133.0011749267578,135.9482259220611,132.6618271194621,135.35882662442782,22380000
2022-01-20,131.8669891357422,134.50146838453384,131.59907298928616,133.054740271165,14860800
2022-01-21,129.5629425048828,131.73303484956145,128.83957838998995,131.72410930711447,20705400
2022-01-24,129.4468231201172,129.9201357084715,124.6422520272478,127.062395469319,28471400
2022-01-25,130.8578338623047,131.1436146963741,125.7317525721211,128.2858608628007,18915900
2022-01-26,132.09918212890625,134.4657589703007,130.34882199234275,132.81362067775706,20709100
2022-01-27,129.7683563232422,134.29610064961153,128.7145698489299,133.4387715228418,17536800
2022-01-28,130.92930603027344,131.06325730708755,126.96418471517951,128.76813912804664,14117000
2022-01-31,132.70645141601562,132.87611846705255,129.1967785653274,130.06303303761217,13985700
2022-02-01,134.98373413085938,135.2695150459539,132.43856428637088,132.7868512599023,14584900
2022-02-02,133.90313720703125,134.79618199179012,132.23314782010237,134.4032401062111,12441100
2022-02-03,132.7957763671875,135.43025614568413,132.42962468096954,133.95673748407293,12474900
2022-02-04,136.24293518066406,137.0823996126492,132.8583008211923,133.1530072894499,16654400
2022-02-07,136.69837951660156,137.18954327472105,134.7158188915654,136.87698575835253,12572300
2022-02-08,139.2703399658203,141.52974231914467,138.24334385132119,138.4219500938276,20411400
2022-02-09,139.85084533691406,140.59206065763956,139.15427136248954,139.84190616622618,9131100
2022-02-10,139.2703399658203,142.02091970612452,138.61842104861955,139.90440779751842,16455600
2022-02-11,137.4574432373047,141.27074805076114,136.6090534689701,138.96669101162917,16830000
2022-02-14,136.18043518066406,137.24314727031302,134.242529191137,136.394757256728,17026500
2022-02-15,138.17189025878906,139.26140598689534,137.39494565622124,137.98434485810958,9500000
2022-02-16,138.4219512939453,139.40430607642196,137.29671969229446,137.29671969229446,9076500
2022-02-17,135.2337646484375,137.28777037013128,134.55505552050664,136.63585149548837,11367500
2022-02-18,135.8678436279297,137.65393333705288,134.96587323046438,135.85891808502598,11733300
2022-02-22,135.62673950195312,136.8502204155738,134.32290143571652,134.4925821656425,11333500
2022-02-23,132.7868194580078,136.90375609595887,132.14382617982338,136.74300096302238,11799000
2022-02-24,129.0896453857422,129.4825873292277,124.8298173191874,127.65184252532512,25655100
2022-02-25,132.14381408691406,134.07279374494018,129.4110997181002,129.71473161979517,18367700
2022-02-28,126.63374328613281,129.5450641507888,125.81214378371666,128.19657153705919,31315300
2022-03-01,121.85597229003906,125.454942099948,119.2929378210445,125.06200016878851,36840400
2022-03-02,124.38327026367188,125.06197936024843,121.99884244372564,122.6061063259076,19405600
2022-03-03,123.4991455078125,125.90143792994189,122.40070434283946,124.88336751750282,16640800
2022-03-04,120.02522277832031,120.93613234377204,118.23913307253112,120.5074746298819,21016000
2022-03-07,115.39032745361328,118.49811961886832,115.15812707873793,118.03373249590018,27560100
2022-03-08,114.57765197753906,117.69436964681233,113.65781009895336,115.7743287538605,19207800
2022-03-09,119.16790008544922,120.7753834480156,118.27485528699926,118.6856482632882,17536200
2022-03-10,117.75688934326172,119.17682732256186,116.38160632987554,117.75688934326172,15604200
2022-03-11,115.10454559326172,119.73945036069834,114.6848134403135,118.31951237610286,20061800
2022-03-14,116.2476577758789,118.70353135182195,115.40819335508925,115.61360350181646,15786900
2022-03-15,118.31059265136719,119.2661573007651,117.10499012974574,117.70332861857143,15096600
2022-03-16,123.597412109375,123.67779650894197,120.05202266870081,120.44496461579581,20354900
2022-03-17,125.16024017333984,125.19596960116348,121.38266397464211,122.22212838030474,17050500
2022-03-18,125.11558532714844,125.78536894533065,123.65099236046133,125.19595609090248,23656500
2022-03-21,124.71369934082031,125.70497960174266,123.89209977010354,125.33884159458447,12676100
2022-03-22,127.36604309082031,128.53592958085719,126.56230823367832,127.05348559161267,13548600
2022-03-23,124.8298110961914,126.44622013394346,124.31184343530798,125.90146221704737,12093200
2022-03-24,125.6424789428711,125.66034365491761,124.23146648041369,125.29419200526837,10017600
2022-03-25,126.74090576171875,127.86613720979891,125.74070003009193,125.9996770046092,8383500
2022-03-28,125.80322265625,125.89253259125137,123.15087838274712,125.02627800351297,10818100
2022-03-29,126.08007049560547,128.24125111182605,125.24061974905737,128.0179898902712,11316500
2022-03-30,125.50851440429688,126.91952687081952,124.94590542764549,126.72305591808961,8771000
2022-03-31,121.73987579345703,125.33884530988709,121.68628165802816,124.87445819031412,17353900
2022-04-01,120.83788299560547,122.71328242214666,119.48939032815098,122.70434325350259,15721300
2022-04-04,121.37371063232422,122.29354559974009,118.67671177427587,119.77515295955075,17416400
2022-04-05,119.96125793457031,121.81456455867456,119.66436701015694,120.61802288605615,12110300
2022-04-06,118.2968978881836,119.25953182853948,117.8200767698013,118.37786440388057,12914700
2022-04-07,117.93700408935547,118.68372719621222,115.813795534856,117.81105162119827,12994200
2022-04-08,120.09619140625,120.46504333323581,118.29686282037471,118.45879580376541,13126900
2022-04-11,119.65535736083984,121.36471411773648,119.26850828352293,119.65535736083984,10466400
2022-04-12,118.34184265136719,121.07682996506871,117.58612789144514,118.88164675290497,12989900
2022-04-13,114.52728271484375,116.28162557761347,113.36671479643655,114.20340297650245,30838000
2022-04-14,113.4656753540039,115.42694399903974,112.47603903374693,113.80754535125067,18835200
2022-04-18,115.57090759277344,116.272644803837,112.94388203888276,113.06083595276155,11834400
2022-04-19,117.96399688720703,118.14394075729756,115.36396720676183,115.56189448162948,15015400
2022-04-20,118.37784576416016,120.11419150150813,118.1619213618425,119.22353251350066,13430200
2022-04-21,117.46016693115234,119.48441157374653,116.92037659646643,118.95361293991306,12174200
2022-04-22,114.08644104003906,117.42420202394086,113.9784857042953,117.20827762466395,14318800
2022-04-25,114.05044555664062,114.36533356729424,110.75767763583706,113.36670559907569,17149000
2022-04-26,110.67671203613281,113.7265806825748,110.5417678665557,112.1341708426179,17209500
2022-04-27,109.23725128173828,111.16253257473028,109.05732114485659,110.05594919150788,17215200
2022-04-28,110.96461486816406,111.24351552742803,108.98535573632448,110.48779378683241,13015600
2022-04-29,107.38394165039062,111.2075152904747,106.970096856543,110.70370543081577,14874800
2022-05-02,108.36457824707031,108.59849292162242,106.35833040456204,107.85176979463733,18545000
2022-05-03,110.68571472167969,111.71133163200636,108.66146973594628,109.33621806452409,15720900
2022-05-04,114.34735107421875,114.6172531567878,110.42481349388046,110.47879802873133,17128500
2022-05-05,111.48640441894531,113.44767297323389,109.9030001075869,112.68295964978665,15055400
2022-05-06,111.30648803710938,111.81929650451255,109.02133948611598,111.37846284121036,14417900
2022-05-09,109.63311004638672,110.95561788152929,108.40956584951297,109.85802615810769,14312300
2022-05-10,106.96111297607422,111.36047187803634,105.764557531208,110.7576983040585,16382400
2022-05-11,106.28636932373047,110.5597759336509,106.1064391593974,107.32998349577049,14630300
2022-05-12,106.19639587402344,106.44830082979969,103.79429336357747,105.26074399264363,16318800
2022-05-13,107.14105224609375,108.18466646046566,106.12443373497304,107.42895150293792,10443200
2022-05-16,106.39433288574219,107.4739276131808,105.4676794863098,106.64623786455148,10269000
2022-05-17,109.92101287841797,110.63174868290925,108.6884699976325,108.89539586026491,11160200
2022-05-18,108.04069519042969,109.73206866611008,107.5368853196626,109.12929516160023,12664900
2022-05-19,106.43928527832031,107.64483905645565,105.82751325595927,106.33132995101164,12765800
2022-05-20,105.56661224365234,107.66283184057187,103.4793912121837,107.47390314946973,13150100
2022-05-23,112.09819030761719,113.87053039147749,108.364581427024,108.37357999351177,24376700
2022-05-24,113.68160247802734,114.6982208536512,110.75769296339475,111.88227354594575,19324900
2022-05-25,114.47329711914062,115.03109152196792,112.61099207292516,113.6096201128851,12780400
2022-05-26,116.45256805419922,117.12731638851099,115.34598462970914,115.48992050790858,15990900
2022-05-27,118.09896087646484,118.09896087646484,116.1826711291145,117.1003327482698,11177800
2022-05-31,118.96259307861328,119.79028249358403,116.69544918326194,117.11827872683274,17015000
2022-06-01,116.87539672851562,119.5383954651262,115.75980801422358,119.5383954651262,10768000
2022-06-02,118.75569152832031,118.76468322961414,115.75980766288491,116.86639094470901,8374800
2022-06-03,117.1003189086914,118.54877910852959,116.94737761153944,118.04496925254918,8596000
2022-06-06,116.71343994140625,119.10655015404784,116.47054047659618,117.93698387715038,11323500
2022-06-07,117.01935577392578,117.24427187522622,115.7148314041518,115.90376696947148,6722200
2022-06-08,115.15703582763672,116.46154637856398,114.16740642377181,116.05670017004013,8422100
2022-06-09,112.73695373535156,115.24702532084513,112.70096633250233,114.59026723066327,13560100
2022-06-10,107.55488586425781,111.01859256347376,107.34796002425864,110.28985970425487,12945200
2022-06-13,104.3520736694336,106.11541510077954,103.5153854881623,105.13478418220184,16805600
2022-06-14,102.61573791503906,105.54864631390207,101.86002297637884,103.95624305664181,13357900
2022-06-15,103.83026123046875,105.21573822655722,101.81500823564306,104.01918991175354,14083500
2022-06-16,102.04891967773438,102.79564267836729,100.6454455956918,102.43577559315557,16724900
2022-06-17,101.6890869140625,103.1285488768549,100.90638311823894,102.14791777416684,30919900
2022-06-21,104.20812225341797,105.28771671693652,103.49738660044214,104.24410965072114,11680500
2022-06-22,103.62334442138672,104.54099907647512,102.91260873163154,103.353442359593,9842700
2022-06-23,102.48977661132812,103.62335578572859,100.29459993264686,103.47041447042326,11851500
2022-06-24,105.54863739013672,105.99846963384918,101.50914576348947,101.86901293123852,14841100
2022-06-27,104.70294952392578,106.61024068911306,104.03719973180849,106.21438612217534,11280500
2022-06-28,104.19910430908203,107.32094008961558,104.00117709267232,105.8634816574201,11590900
2022-06-29,103.7313232421875,105.09881031014693,103.21851473371575,104.36108566876835,9338400
2022-06-30,101.31120300292969,102.63371069565692,99.79976662036917,101.8150128424851,15172600
2022-07-01,102.6067123413086,102.93958372702629,100.00668316019895,101.34718099541236,10573600
2022-07-05,102.2164535522461,102.29813625751622,99.20314697860752,100.53734630362622,12514200
2022-07-06,101.55388641357422,102.55226983215822,100.55550299499022,101.40867040658897,10656200
2022-07-07,104.1224594116211,104.28583174661338,102.92439792988112,103.01515879940784,10347400
2022-07-08,103.79570770263672,104.96654153657856,103.11499084043402,104.52180845883026,8807800
2022-07-11,102.43427276611328,103.67771804588263,101.85339493787605,103.06053448780433,7939500
2022-07-12,102.53410339355469,104.5399480618599,101.88969232203115,102.1801312123602,11250900
2022-07-13,101.57205200195312,102.08939662485734,100.18338355926285,101.42682905711841,12979900
2022-07-14,98.02325439453125,98.23201066831179,96.2624640904574,98.01417622838117,26204800
2022-07-15,102.51595306396484,103.36004222032456,97.72370763093286,99.07607006855429,18863900
2022-07-18,101.46312713623047,105.13899436116151,101.00931585478635,104.1678384958555,13977900
2022-07-19,103.97722625732422,104.32212722206869,102.26182037087447,102.67932586933533,11862300
2022-07-20,103.9590835571289,104.140605290037,102.99700590841762,103.55972743519882,11667500
2022-07-21,104.66702270507812,104.8576225923545,102.89716166279044,103.86831742630905,11595900
2022-07-22,104.15875244140625,105.51110792887272,103.16944038777078,104.5944073318473,7645500
2022-07-25,104.5762710571289,105.70172107742037,104.16783675588512,105.13899260496939,9394000
2022-07-26,102.94255065917969,104.90301874241396,102.58857840936416,103.99539616860788,10675100
2022-07-27,104.59442901611328,105.04824032709473,102.83364583824078,103.47805706888111,9337400
2022-07-28,104.20413970947266,105.26606332469507,103.04238398730452,104.60349583569682,10384800
2022-07-29,104.70333862304688,105.73802778300616,104.18599404306724,104.91208793316274,12944500
2022-08-01,103.6595687866211,104.47643045221751,102.62487965173575,103.92278015245829,14740400
2022-08-02,102.04399871826172,103.83201616462607,101.89877579335833,103.39635431452609,14942900
2022-08-03,103.11497497558594,103.55970798490942,101.39049113840578,102.96975207684662,14394500
2022-08-04,101.98046112060547,102.85177785946334,100.76424341194704,102.42519419130576,18033900
2022-08-05,105.06637573242188,105.45665365912308,101.69909730651602,102.1347522005115,14174600
2022-08-08,103.78663635253906,105.91954794254511,103.63234218221672,105.51112056825411,10332500
2022-08-09,104.72148895263672,105.27513927070466,103.80479514861854,104.14968923011551,10233800
2022-08-10,107.45340728759766,108.34288021942204,106.64562396641648,107.0631294080128,12847300
2022-08-11,109.04177856445312,110.0038563041755,108.28845014486139,108.82395107943522,11684900
2022-08-12,110.84793090820312,110.9568480985828,108.40643114752942,109.52280291932867,9906700
2022-08-15,111.1474380493164,111.38342181173202,109.45925983474582,109.94937676071238,8456200
2022-08-16,112.2093734741211,112.76302378413506,110.61196277026787,110.99316257973668,9555000
2022-08-17,111.26546478271484,111.78281637544956,110.4486098827609,111.00226029026588,8149300
2022-08-18,110.40320587158203,111.15653424619167,109.41390062088134,110.9477780139152,9531800
2022-08-19,107.67125701904297,109.81324671950163,107.19929635562796,109.47743081896355,13464500
2022-08-22,105.8923110961914,106.33705108878003,104.83039447638889,105.96492255513769,8967600
2022-08-23,104.84854888916016,106.4550446032187,104.72148229223701,105.91047248431808,7607000
2022-08-24,105.10269165039062,105.65634194716718,103.87739569629183,104.6398022216113,9771300
2022-08-25,107.59866333007812,107.77110691747461,104.99378394301428,105.42944584322913,10758900
2022-08-26,104.07707214355469,108.9056236468533,104.01353884448274,108.42458482179282,11276200
2022-08-29,103.82292938232422,104.24951303305447,102.97884024406916,103.4689571880182,8117300
2022-08-30,103.8410873413086,104.90300394092198,102.8880810034342,104.3765812604845,10745400
2022-08-31,103.22390747070312,104.40381253734783,102.86992833363875,103.90462432920928,10738300
2022-09-01,103.93186950683594,104.04077979090137,101.57205204906622,102.82456878809654,9979800
2022-09-02,103.20574188232422,106.60024770658246,102.73378128293912,105.16620958271466,10666600
2022-09-06,103.23298645019531,104.14968716060882,101.71725846017837,103.76848735316932,9751900
2022-09-07,105.1934585571289,105.38405846824777,102.34352420582832,102.67934012915696,10647900
2022-09-08,107.6440200805664,107.81647056017205,104.04075788310112,104.63071385446968,11435000
2022-09-09,108.16138458251953,108.96009690967287,107.70757327831366,108.13415701220492,9299700
2022-09-12,109.44112396240234,110.32151890539954,108.72410134825628,109.4774296937704,8614600
2022-09-13,105.63818359375,107.93446744065152,105.08453330758677,107.16298969054854,12904600
2022-09-14,105.39314270019531,106.95424781322068,104.26768564887853,105.9195585649474,9345700
2022-09-15,106.98147583007812,108.35198093801411,105.06639163530558,105.39313631756322,10821400
2022-09-16,106.26445770263672,106.55489666320808,104.7124238579012,106.54581849814338,14844100
2022-09-19,107.24468231201172,107.76202688119582,104.83948120367455,105.28421430798113,8201300
2022-09-20,105.12992095947266,106.81809944569974,104.0498479159697,106.56396624125445,9619000
2022-09-21,102.09845733642578,105.82878652068666,102.03492403576533,105.77433138429497,12606300
2022-09-22,100.93669891357422,103.10591616726137,100.80963231563014,102.90623810631774,11684500
2022-09-23,99.05791473388672,100.14705891608078,97.26082614080553,99.88385449632825,18138600
2022-09-26,96.92501068115234,99.48450593537461,96.2624431883022,98.0232331100431,15753600
2022-09-27,96.07185363769531,98.17753785435728,94.98270925565369,97.79633801310382,12793600
2022-09-28,98.01415252685547,98.68579816730814,95.88124102174599,96.16260178285361,12762600
2022-09-29,96.35321807861328,97.36975095399661,94.75580037136835,97.07023383552365,12713900
2022-09-30,94.84656524658203,97.67835035733043,94.7558043681104,96.26245433965065,15973400
2022-10-03,97.77819061279297,98.34999038640053,94.81026068525013,95.86310627748011,12248100
2022-10-04,102.35257720947266,102.5522552497183,99.71139956928499,100.39211638397175,16013600
2022-10-05,101.08885955810547,101.60167335343623,99.66030285021894,100.50278465299489,10943500
2022-10-06,99.02845001220703,100.90572600519454,98.84530420211476,100.23723052388458,11521400
2022-10-07,97.05044555664062,98.63467702343239,96.40026188286828,98.46068361891038,11681100
2022-10-10,96.14385986328125,98.26838343772174,95.7134595164074,97.73725778403534,8931700
2022-10-11,93.36915588378906,95.73177451175344,93.26842359438685,95.57609987779172,12739700
2022-10-12,94.880126953125,95.90576156520447,92.7464442175861,93.22263446077322,13181000
2022-10-13,100.1548080444336,100.64015068566272,93.18600369948167,93.38746826449699,22398700
2022-10-14,101.82144927978516,105.53020361405036,101.39104902432622,102.52656819709884,33387100
2022-10-17,106.09798431396484,107.15109015904487,104.68773925856723,105.68590275946444,22276300
2022-10-18,108.82689666748047,110.0173653829019,107.10530231257025,109.57781264769982,21539700
2022-10-19,106.6932144165039,108.81773780803796,105.92398669571581,108.04851008724987,17072000
2022-10-20,106.34522247314453,108.70784087660407,105.90566978530704,107.28844354669732,12207400
2022-10-21,111.9312744140625,112.07778966687378,106.52838910195081,106.64743318152028,20593300
2022-10-24,112.06861114501953,112.72794713650374,111.10708531290815,111.78473308790528,12624200
2022-10-25,112.36164855957031,112.88362172160647,110.70415618279235,111.5832685090341,11289100
2022-10-26,113.65287017822266,114.6510267463944,112.5265031557678,112.63639483662547,11667000
2022-10-27,114.10157775878906,115.56676517888995,113.74443854346963,114.6510221680063,10727600
2022-10-28,115.45687866210938,115.6400244667623,113.59792149728024,114.7334408565705,11859500
2022-10-31,115.27373504638672,116.69313959840397,115.00816871790636,115.10890101445287,13295200
2022-11-01,117.35245513916016,117.4715061957716,115.68581021224358,116.18031225073543,13386900
2022-11-02,116.27188110351562,119.37624908165756,115.96968425941513,116.89458657625418,16546100
2022-11-03,116.48250579833984,117.37993001810507,115.3012034867295,115.66749509431108,12474400
2022-11-04,119.66928100585938,119.80665083109656,117.6363445290073,118.57955864183005,14953200
2022-11-07,120.3011474609375,121.14362930229979,119.48613679035985,119.96232703917457,12011200
2022-11-08,120.37439727783203,120.93300098657986,119.17477635571635,120.1820991003853,9884100
2022-11-09,118.80850982666016,120.35610386313091,118.33231952221442,120.25538554057319,9494000
2022-11-10,123.69854736328125,123.85422197290447,121.36340027267869,121.4549801480463,16351600
2022-11-11,123.90000915527344,124.69670095537147,122.50807612477733,123.79927688386003,10704700
2022-11-14,122.62712860107422,124.2937733248211,122.62712860107422,123.44213918000513,11085600
2022-11-15,121.7388916015625,124.27550393545813,120.51179918446361,123.33227567437925,14038300
2022-11-16,121.9037094116211,122.30663858623812,120.90555284831159,121.7938247178637,7893400
2022-11-17,121.37254333496094,121.69305890096629,120.2187124489686,120.8780483761431,8820200
2022-11-18,122.56304168701172,123.3231100656975,121.13448482032692,123.23154414814023,9468500
2022-11-21,121.839599609375,123.222366403102,121.5648739357984,122.47146446666271,7800500
2022-11-22,123.66194915771484,123.87258014343146,122.42570428579585,122.7095824273521,9185700
2022-11-23,124.98060607910156,124.99892485236217,123.49710682698058,123.57036794689309,7316200
2022-11-25,125.2187271118164,125.58501879353477,124.59601448513682,124.98062494288068,3220500
2022-11-28,123.03006744384766,125.19122130367973,122.88354522243881,124.60514639117245,9906900
2022-11-29,125.05387115478516,125.12713227701508,123.08502914745303,123.3139649144977,7925300
2022-11-30,126.53733825683594,126.53733825683594,121.96779045213349,124.62343908487885,14761200
2022-12-01,124.76083374023438,126.97693016591022,124.01907015859663,126.53736345683684,8858500
2022-12-02,123.77182006835938,123.94581346398753,122.10516119774077,123.15827397065328,8931900
2022-12-05,120.3011474609375,123.23153609383242,119.59603544662698,122.9293392420728,10154500
2022-12-06,120.50262451171875,123.72604395794203,118.92754534896932,122.15096479519259,13966700
2022-12-07,120.42020416259766,121.86707977531921,119.34878653237514,120.24621075738449,11739400
2022-12-08,121.68395233154297,121.77551826122537,120.35611360640029,121.18029081233001,8907300
2022-12-09,121.02460479736328,122.4897852929503,120.87808255586556,121.06122837117269,7957800
2022-12-12,122.90189361572266,123.30480886201711,120.51180344879283,121.24438678615113,8841600
2022-12-13,122.78279876708984,125.53917962013129,121.86705594869548,125.35603385107773,10025400
2022-12-14,122.16925811767578,124.2754694870519,121.5740168757178,122.50807850395239,9966100
2022-12-15,119.13817596435547,120.95134328433645,118.17664297069904,120.0996949848819,12087800
2022-12-16,118.39640808105469,118.95501187828005,117.6088685304276,118.2682046180749,21133700
2022-12-19,119.10152435302734,120.2645217974707,118.21325258477675,118.72606639466815,9017200
2022-12-20,119.67845153808594,120.92386254196667,119.22973245038584,119.9348584530206,8549900
2022-12-21,121.02460479736328,121.7755068320615,120.66746556691888,121.04290959770297,8051700
2022-12-22,119.65098571777344,120.2370606885674,117.5905639336046,120.05391488015606,8648200
2022-12-23,120.21873474121094,120.36525696844745,118.71691684485835,119.57771746346202,5091900
2022-12-27,120.63997650146484,121.07952918763898,119.550240198278,120.484301882885,5411000
2022-12-28,121.29933166503906,122.16928477590163,119.97149305184182,120.74072784048434,8827700
2022-12-29,121.99527740478516,122.04106734709401,121.16194796340132,121.729704123271,6585200
2022-12-30,122.80110931396484,123.01172623561858,121.28097298365836,121.61979333237858,9292500
2023-01-03,123.73518371582031,125.21869680593807,122.60882379266664,123.84508237224334,11054800
2023-01-04,124.88903045654297,126.0794851365286,124.14728088810833,124.53189125792152,11687600
2023-01-05,124.8613510131836,125.19345415723286,123.33920573781509,125.14732598349279,8381300
2023-01-06,127.2506332397461,127.65653862110756,124.06798651965855,125.58089761978853,10029100
2023-01-09,126.72482299804688,128.11781802662577,126.27280343097205,127.8595171093418,8482300
2023-01-10,127.85951232910156,127.97020869627205,126.66947007664382,127.11226962166953,9048700
2023-01-11,128.80967712402344,128.92037347696242,127.39824231868354,128.13623677339942,8703700
2023-01-12,128.68051147460938,129.94434160906331,128.43143063360026,129.15098499532414,11001700
2023-01-13,131.92774963378906,132.37056322485412,124.35397340286053,125.09198197829284,20200000
2023-01-17,129.8889923095703,130.57163850117982,128.44064951950335,130.23031540537508,14292900
2023-01-18,125.9868392944336,129.824459286586,125.83923473571934,128.1547231856242,13392600
2023-01-19,124.3078384399414,125.36871603171208,123.23772676781353,124.83367427199015,13303400
2023-01-20,124.61227416992188,124.99050549995506,123.20083928110803,124.6860764350266,13092500
2023-01-23,126.632568359375,127.26910058498841,124.3724285154748,124.64916941674768,10487100
2023-01-24,127.72111511230469,129.41852492998638,124.53846818506591,125.84842667977738,6945000
2023-01-25,128.3391876220703,128.3391876220703,126.61410379069925,127.35211231112285,8967000
2023-01-26,129.13255310058594,129.2063553652818,127.63809595043652,128.6159513240574,7487600
2023-01-27,129.4462432861328,130.31338840568634,128.9204073189552,129.71376423474106,7489900
2023-01-30,128.34844970703125,129.23404886369812,128.14549696772326,128.44069199449729,6729300
2023-01-31,129.11415100097656,129.21562738518514,127.53665704216085,129.04034871461153,9188700
2023-02-01,128.7727508544922,129.9627927866754,127.4166644162406,127.49970074561475,8841800
2023-02-02,128.17312622070312,129.5753408172683,127.30596737909491,129.1509813990818,11822100
2023-02-03,130.15655517578125,131.30046932687927,127.42594137506877,127.47205548026778,11501200
2023-02-06,130.92221069335938,131.21741973271486,129.17867277414865,129.36317138557496,8406200
2023-02-07,132.5181427001953,133.15467486781688,130.23954897835594,130.42406166418485,10447900
2023-02-08,131.58639526367188,132.87789940709442,131.25429218731475,131.59561526600368,6958000
2023-02-09,129.53846740722656,132.23218690992869,129.03108560033974,132.02923418717396,6443100
2023-02-10,130.1103973388672,130.33180411400602,127.85025772181471,128.94804344115659,6582900
2023-02-13,131.52188110351562,131.6694715831288,129.8336909451477,130.35029281465685,7134600
2023-02-14,132.10305786132812,132.66578794262725,130.6270544560005,131.45730549172566,9249400
2023-02-15,132.65650939941406,132.73953165108261,130.35024189968968,130.63621681744115,6728300
2023-02-16,130.82998657226562,132.27831565300778,130.70082204237585,131.8355161088989,8165300
2023-02-17,131.21742248535156,131.76169832719637,129.21558365288175,130.05505446393278,7948800
2023-02-21,128.80967712402344,130.3871564587718,127.99786633222567,129.7875324452297,9996300
2023-02-22,127.8226089477539,128.62518579251523,126.78940527851228,128.15471213805932,11107500
2023-02-23,128.84657287597656,129.30782645428664,127.25063943639948,127.97941389653887,8068000
2023-02-24,130.0089111328125,130.40559648197427,128.16389704227882,128.32995563012386,9126900
2023-02-27,131.14361572265625,132.20449328145548,130.7377103371305,131.09748755132986,10014700
2023-02-28,132.24139404296875,132.61961124344361,130.90374753112508,131.86316276615307,11019800
2023-03-01,131.50338745117188,132.3428722747317,130.81150713916256,131.08826207923448,7139200
2023-03-02,130.13809204101562,131.39268826747863,128.72664313356037,131.2174237309055,11106800
2023-03-03,132.5273895263672,132.6011917925285,130.14731922895072,130.54399057368198,9513100
2023-03-06,131.7525177001953,132.877963812771,131.6049131333064,132.324467801457,9261300
2023-03-07,127.87796783447266,131.2820223008746,127.13073911284208,131.00526727307,11747600
2023-03-08,127.12149047851562,127.85026494714538,126.28200557788901,127.30598909672068,10002500
2023-03-09,120.23960876464844,126.70639451988238,119.20640500147024,126.16210446660158,25888100
2023-03-10,123.29310607910156,124.77834352844434,117.9148933864578,118.96655827795529,37599700
2023-03-13,121.07908630371094,123.50528507083655,119.38167620547117,121.04219220433384,42901100
2023-03-14,124.18792724609375,125.02741226082236,121.11597627206211,124.7967854376339,29648100
2023-03-15,118.32076263427734,120.83921730242474,116.90933485138834,120.82998322201568,34280600
2023-03-16,120.61782836914062,121.7248343037224,116.25436578335037,118.09015332283113,24558500
2023-03-17,116.06062316894531,118.52371558895283,115.72852002937451,118.4314733190589,38396000
2023-03-20,117.28755950927734,119.43700287665557,116.2451289544415,117.14918202793817,22875500
2023-03-21,120.43331909179688,121.52187084305194,120.10121593311274,120.47021318660936,17807800
2023-03-22,117.324462890625,120.53479095895408,117.23221358068643,120.4425346108443,17250200
2023-03-23,117.01082611083984,119.49237307549467,116.25437038337026,117.9886886645242,16677600
2023-03-24,115.23038482666016,115.9407123176095,113.56986894913054,115.89458413950018,22311100
2023-03-27,118.532958984375,119.35398985556544,116.5034388565988,116.96469247134272,18853900
2023-03-28,118.8927230834961,119.31706847934788,117.84105848314509,118.73589856099942,10820500
2023-03-29,119.13258361816406,120.12889311989855,117.86874617402837,120.0181967562647,14595300
2023-03-30,118.77279663085938,120.03662693329807,117.75804016436587,119.87980240554847,12134700
2023-03-31,120.2119140625,120.23958815310226,118.86506139871327,119.61228999766035,13105200
2023-04-03,120.07355499267578,121.25436322479173,119.38167450934169,119.84292816489776,11775400
2023-04-04,118.4683837890625,120.4702229073124,117.53665649917986,120.38720063002806,11579900
2023-04-05,118.64503479003906,119.14709201057964,117.57582414515304,117.89194186582034,9614700
2023-04-06,118.51486206054688,119.08200834987258,117.94771577122117,118.0778797956493,8760200
2023-04-10,118.90534210205078,119.22145267413045,117.35266632962198,117.65018508298203,9477300
2023-04-11,119.49109649658203,119.88158856058351,118.5799412538381,119.28655100779827,10516300
2023-04-12,119.47249603271484,121.26690103116188,119.06340506045575,120.10471721761407,11821000
2023-04-13,119.92807006835938,119.97454606868823,117.91981315305058,119.43530529564194,12450200
2023-04-14,128.98379516601562,129.34639592243803,125.42286251355279,125.65529925963929,43931300
2023-04-17,130.00653076171875,130.22036860936103,127.98898138025827,130.11809586712968,16050500
2023-04-18,131.4662322998047,131.81954073230335,129.26273624552854,130.41562773954573,13760100
2023-04-19,131.29888916015625,131.55921721829318,130.53648971360158,131.30818152408432,9158100
2023-04-20,130.91769409179688,131.49413278576523,130.01583822017926,130.08092733043537,10586200
2023-04-21,130.66665649414062,131.19661917231718,129.03030663899233,129.92287013341033,11842500
2023-04-24,130.84329223632812,131.18730827572392,130.20176453203194,130.5922707591097,7567500
2023-04-25,127.99828338623047,130.1274122203145,127.96109974389691,129.79270269205225,10629300
2023-04-26,125.72968292236328,128.1284318863963,124.5860980839009,127.95177768638719,14416100
2023-04-27,127.42183685302734,128.22141988860258,126.12948901275256,126.4455996069345,9041100
2023-04-28,128.52822875976562,128.60261022124138,126.13877219035167,126.96624644240126,9887300
2023-05-01,131.28028869628906,133.29783821644935,130.93628680641368,132.26581836000824,20415800
2023-05-02,129.16043090820312,132.40525252719615,128.7048498437153,131.4661991276203,14113400
2023-05-03,126.42700958251953,128.92803160871594,126.22246408088758,128.71419374312444,12930900
2023-05-04,124.69769287109375,126.18529410097554,122.54997905822927,125.4786913195309,17089200
2023-05-05,127.13361358642578,128.1935246297932,126.36192185155446,126.85468664094724,11261400
2023-05-08,127.44046783447266,128.27723472064378,126.89190615145786,127.83095999380703,7484900
2023-05-09,126.82681274414062,127.3288699653478,125.7111189961569,126.38052389549456,7343600
2023-05-10,126.89189147949219,128.3608937300772,125.39499794838092,128.2586209725423,8133400
2023-05-11,126.4920883178711,127.19869096486417,125.42287070396287,125.51585108319455,7057300
2023-05-12,124.6790771484375,127.36604538453714,123.77722143236268,127.2079900985093,9988600
2023-05-15,125.72968292236328,126.13877387252892,124.54891444607372,124.83713374637769,7639500
2023-05-16,124.88362884521484,126.3898145056844,124.5489193443534,125.94353990014044,6477200
2023-05-17,128.7234649658203,128.8536289739523,125.94353060925548,126.3526073585183,12711500
2023-05-18,129.69972229003906,129.9135601537646,128.0819572058346,128.5561373131233,10999600
2023-05-19,129.40219116210938,130.6201717479733,128.42596808225812,129.9693374456531,13492200
2023-05-22,128.33297729492188,131.689364532914,127.9889754446489,131.09432702029443,11402500
2023-05-23,126.99415588378906,129.26274112947746,126.87329840506368,127.87741281159326,9514900
2023-05-24,125.83196258544922,126.77101618732583,125.59023345923494,125.8877451386668,8578000
2023-05-25,126.1387710571289,126.69662491977871,125.12535025390105,125.34849463632358,8472500
2023-05-26,127.31953430175781,127.93317061984663,126.10156821352174,126.54784272358141,8579900
2023-05-30,127.80305480957031,128.04478397139485,126.4642165878609,127.18941826015079,7399900
2023-05-31,126.17601013183594,127.2266149155367,124.9580292730815,127.12434214684183,14219900
2023-06-01,127.9145736694336,128.51890344883446,125.93420833382801,126.92904427567287,12248100
2023-06-02,130.60159301757812,131.54063260172768,129.55097412008783,129.7555196432597,12922500
2023-06-05,129.3184814453125,130.26682717149933,128.4259324450983,130.26682717149933,8511900
2023-06-06,129.55093383789062,130.2575505843406,128.50032945388895,128.9372974591774,9329500
2023-06-07,130.8061065673828,131.3453615251316,129.07677659488266,129.74619556403198,9281400
2023-06-08,130.84329223632812,130.99205516218504,129.6811084783462,130.78750968583515,7368100
2023-06-09,131.10366821289062,131.83817656118904,130.35988168520126,130.49004574622876,7249100
2023-06-12,131.0943145751953,131.39184039666694,129.94142329721078,131.15940366869674,7596600
2023-06-13,132.04269409179688,132.83297065646826,130.29476491165087,130.61087553751943,7701600
2023-06-14,131.5499267578125,133.5209861370307,130.81541857922923,132.95383981928003,9068700
2023-06-15,133.03750610351562,133.32572542805949,130.1924823122168,130.71313840646567,9343100
2023-06-16,133.19554138183594,133.8556679507628,132.48893881540624,133.00030246924925,13813500
2023-06-20,132.516845703125,132.9538279509158,131.1315174934463,132.5912271694313,8428600
2023-06-21,132.32159423828125,133.90216123389115,131.7358491133408,132.8608349910178,9926500
2023-06-22,129.7740936279297,132.58193366281853,129.18834845257769,132.31229907643169,10075200
2023-06-23,129.09539794921875,129.40220202550213,127.95179873580885,128.80716441468397,9919500
2023-06-26,129.41151428222656,130.1738996046303,128.01689349037008,129.11398837029202,8429700
2023-06-27,129.42079162597656,130.0158291939676,128.80715514394416,129.2348450460071,8154000
2023-06-28,128.8536376953125,129.43009050189633,128.26790671248017,129.3836003129569,7558600
2023-06-29,133.35362243652344,133.4744941017453,130.02514023569887,130.22968573677505,15423200
2023-06-30,135.22239685058594,135.74305286566013,133.5674484368948,134.44141282797466,14212800
2023-07-03,136.31024169921875,137.11911724800308,135.74309532252184,135.91974956577747,8021600
2023-07-05,135.40219116210938,136.14172948067352,135.14007523014382,135.6830337418573,8934900
2023-07-06,134.0635223388672,134.23201930820707,132.4065640524601,133.88565490395533,9709500
2023-07-07,135.12130737304688,136.52550555928698,133.8668937548906,134.7187774160945,8981500
2023-07-10,135.87957763671875,136.6659395090326,135.2710974449543,135.2710974449543,9100100
2023-07-11,138.00462341308594,138.37908490759793,136.40384516231424,136.99359880427176,11260900
2023-07-12,138.68797302246094,140.29812147148584,137.61142675811845,138.03268337093755,11323200
2023-07-13,139.3620147705078,139.83008093340652,138.3135511365733,139.20287398923173,11234900
2023-07-14,140.20452880859375,143.12525681027427,138.93138839786866,141.870843043834,27028400
2023-07-17,143.58395385742188,143.93031818225228,140.7474745833013,140.7474745833013,17262400
2023-07-18,143.84609985351562,144.53882864830726,143.05975211033515,143.58398393912213,13491700
2023-07-19,144.39840698242188,145.2971002736689,142.49805956001194,142.99420853526703,12510000
2023-07-20,146.17706298828125,146.58896351409925,144.5482018161326,144.6605331289025,9935900
2023-07-21,145.05369567871094,146.1676953908266,144.8103064253035,145.84941384000646,10636400
2023-07-24,147.90890502929688,148.64844326937535,144.84774837498787,145.07242527179113,14381400
2023-07-25,146.8042755126953,147.64678887686114,145.99920115581102,147.25361502130073,9944700
2023-07-26,147.68421936035156,148.14292930748638,146.29874762297274,146.70129192030421,8728600
2023-07-27,146.05535888671875,148.63907877636402,145.61537558273733,147.69359033815113,10778400
2023-07-28,146.88851928710938,147.53445284492707,146.4485359733566,147.234883659289,9103800
2023-07-31,147.87144470214844,149.2007506770254,147.11316564135666,147.14124846387747,8892700
2023-08-01,147.14126586914062,147.90890120016138,146.17705075722094,147.37529894065986,6853900
2023-08-02,145.47494506835938,145.74643141841656,144.1081999906907,145.6247296556844,8299400
2023-08-03,146.36431884765625,146.89790693303152,144.49205388911506,145.10053428694172,6084000
2023-08-04,146.05535888671875,147.7216731631504,145.75578970773367,146.4110794314577,6209400
2023-08-07,146.74807739257812,147.6280439392386,146.5983070977639,146.5983070977639,7251800
2023-08-08,145.92428588867188,146.01789053426512,142.8444030785175,144.46392200237997,8623400
2023-08-09,143.96775817871094,145.58727709541188,143.66820331619675,145.4000535208101,6277800
2023-08-10,143.75247192382812,145.51240519701045,143.31248860553254,144.5201072567677,5995100
2023-08-11,144.5856170654297,144.65115317660656,142.88186387000218,143.25631104053193,5180700
2023-08-14,144.8852081298828,145.02562226899528,143.15335756484984,143.7992911732594,5044300
2023-08-15,141.19680786132812,143.4809724951409,140.6351228816474,143.08779872306133,10300300
2023-08-16,140.59771728515625,141.31854318067522,140.12028065372675,140.98153496964974,6978200
2023-08-17,139.1373291015625,141.59934699720856,138.92200841764713,141.2436264856294,9953900
2023-08-18,139.4556121826172,139.9517610959369,138.02333108805377,138.2199108469386,8517500
2023-08-21,139.93304443359375,140.5134561406489,138.56629935066977,140.09218520164686,8327000
2023-08-22,137.03102111816406,140.0828066162515,136.5348722488115,139.72707184794504,9673300
2023-08-23,137.95779418945312,138.16374441088766,136.16979258953467,137.00294965470403,7858000
2023-08-24,137.8267364501953,139.8675120243072,137.60207386958209,138.07949613762864,6534000
2023-08-25,137.6582489013672,139.1279690919885,136.53489306897146,137.8735553172173,6695500
2023-08-28,138.1356658935547,139.11860756571915,137.73313590181482,138.14503635752138,5094100
2023-08-29,139.259033203125,139.3432959645767,137.7799424826576,138.27610573389072,6337000
2023-08-30,138.69737243652344,139.6241343213218,137.78932291407224,139.12798531844592,6277300
2023-08-31,136.98422241210938,138.87521339871287,136.637858079505,138.79095064722685,10933900
2023-09-01,137.4429473876953,138.62246891114418,136.3944695270514,136.75956054270785,7903500
2023-09-05,135.92637634277344,138.74414307002488,135.74850896054588,137.7612015206172,7854700
2023-09-06,135.70175170898438,136.24469590171947,134.90603349797408,135.45834815612446,8629200
2023-09-07,134.5409393310547,135.9919472963918,134.23201394868647,134.92475701377694,8373700
2023-09-08,134.64390563964844,134.91537771193597,133.53926213708527,134.21327851187928,7107900
2023-09-11,135.23367309570312,135.78598770305322,134.5128472530841,135.5051451671015,6854200
2023-09-12,136.9936065673828,137.91102656774117,134.84986974127222,135.27112644775508,8363200
2023-09-13,137.05914306640625,138.26674753287986,136.50682839895887,137.9297393099169,8325900
2023-09-14,139.71774291992188,140.3262231887897,138.09823807360453,138.39779297567569,10034900
2023-09-15,139.30584716796875,140.16708718154675,138.83778101161687,139.40882229373597,19863400
2023-09-18,139.59603881835938,139.61476546325227,138.31354218596897,138.6973598429271,6512400
2023-09-19,139.4181671142578,140.15771958020997,137.80803280911252,139.95176934545702,7943400
2023-09-20,138.8284149169922,140.65386993955852,138.67863032943688,140.09218487834835,7332000
2023-09-21,137.74249267578125,139.34328503841164,137.26507039146745,138.15439313326482,8052400
2023-09-22,136.42254638671875,138.08886061958907,135.91704126570235,137.88291038548203,7071700
2023-09-25,137.0965576171875,137.1620937275213,134.5221940712428,136.06682076935587,7044700
2023-09-26,135.6736297607422,136.5255134713151,135.01834009270283,135.36471871200064,7468400
2023-09-27,136.46939086914062,136.7595896504992,135.28049862798795,135.91707613789373,6717800
2023-09-28,138.16375732421875,139.36200547860716,136.68466663396703,136.9374263446685,8868100
2023-09-29,135.75787353515625,139.2589982510753,135.60808897933043,139.10922797949095,11917800
2023-10-02,134.58775329589844,136.3195895900525,133.52056297766828,135.58005131127518,9170600
2023-10-03,133.59542846679688,134.41921506435102,133.25842031372002,134.0541240888714,9431100
2023-10-04,134.19454956054688,134.30688084770995,132.86522933598312,134.04476498816743,8128700
2023-10-05,134.76039123535156,134.94901072046437,132.80830619332247,133.9493763741643,8576200
2023-10-06,136.8350830078125,137.57065291285397,134.04367882202118,134.7698235091785,10270600
2023-10-09,136.52389526367188,137.11800063708546,135.32623051848367,135.47712036142732,6964900
2023-10-10,137.35372924804688,138.40994351775856,137.00480915687686,137.13683414188532,11288800
2023-10-11,137.82525634765625,138.84374102392985,136.75963119469503,138.16475123974746,8698200
2023-10-12,137.50462341308594,138.58912775754237,136.86336329119763,137.96671807007812,10484400
2023-10-13,139.5699005126953,144.3888348154425,139.41901068024754,140.04142044685983,29427000
2023-10-16,139.4284210205078,141.00329554327354,138.3627815883004,140.9372758593186,12663500
2023-10-17,139.12664794921875,140.80525749010098,138.42879338011554,139.1643775960049,11482700
2023-10-18,137.59893798828125,139.07950296279404,137.0896884480104,138.24019813274663,9620300
2023-10-19,137.01425170898438,138.64572098900047,136.62761631159904,137.1934315805182,11143600
2023-10-20,134.80751037597656,136.8727694396069,134.02478576708765,136.33524434051608,13332900
2023-10-23,132.96859741210938,135.49593689560837,132.71397266456037,134.79809672849134,10133400
2023-10-24,133.12890625,133.6570061539827,132.36504643247912,133.14777107218316,8881400
2023-10-25,132.4027862548828,133.13835617043748,131.5634813825373,132.5631156887243,8242600
2023-10-26,132.7422637939453,133.60043337964612,131.48801925860812,131.79922408824612,9109400
2023-10-27,127.9610595703125,131.17682841025032,127.48953971893079,131.0353638210495,17434700
2023-10-30,129.59254455566406,130.17722470352462,128.29114485659662,128.6683694597706,9855500
2023-10-31,131.13909912109375,131.3088537506683,129.63966944313077,129.86600415268222,9672500
2023-11-01,131.02593994140625,132.52536963058716,130.5827101254128,131.3182799499032,9432000
2023-11-02,133.3646697998047,133.42124987825363,131.29941059855653,132.1104252988265,10186200
2023-11-03,134.85470581054688,135.58085056324327,133.77021568051663,134.0908457932642,9538700
2023-11-06,135.8731689453125,135.9769038934277,134.6566396092663,135.01499931905428,7625100
2023-11-07,135.80715942382812,136.04291937904668,134.68495412429016,135.33563951339102,6297900
2023-11-08,136.47669982910156,136.58985998285516,135.43935045421637,135.90144506478217,7618200
2023-11-09,136.07118225097656,137.35371672684704,135.51479232127906,137.15568646220893,7992500
2023-11-10,138.0893096923828,138.136464559863,135.87317481726728,136.68418961313236,7983300
2023-11-13,137.4763641357422,137.91959406785,136.89168396557776,137.40091921222938,6676300
2023-11-14,139.9848175048828,140.7486773711874,138.17418298003085,138.32505839820212,9927700
2023-11-15,141.21080017089844,141.60687520316353,140.00371024695332,140.00371024695332,8365300
2023-11-16,142.82337951660156,142.89882442983355,141.5408447709493,141.5408447709493,8126200
2023-11-17,144.11534118652344,144.15305644499725,142.90823707069305,143.53064675784515,7812400
2023-11-20,144.55857849121094,144.99238317230925,143.2666184458422,143.41750828184567,7019000
2023-11-21,144.2567901611328,144.87919984297054,143.87958002103724,144.47368527220556,7083500
2023-11-22,144.59628295898438,145.11495768637337,144.19076839406415,144.67172786384498,5174500
2023-11-24,144.79429626464844,145.64304055257284,144.5491111448352,144.84145112336245,3496900
2023-11-27,144.46426391601562,144.78489398263042,144.01160885787445,144.69058425026378,6259100
2023-11-28,144.79429626464844,145.1055010645898,144.02101126238048,144.49253107023543,6582700
2023-11-29,145.52992248535156,146.76530243681577,145.22814281403222,145.3884578683031,9126100
2023-11-30,147.18966674804688,147.23682162015268,145.586501823976,146.08631181107492,9869800
2023-12-01,147.90635681152344,148.86826142383205,146.94446658886,146.94446658886,8916000
2023-12-04,148.99087524414062,149.04745533437793,147.0010605294652,147.13308553656773,9607500
2023-12-05,148.9720001220703,149.47181007082003,148.02896031089793,148.3024355246939,9135600
2023-12-06,147.40655517578125,150.15080456532945,147.11421512755064,149.79244482122945,9366000
2023-12-07,147.8592071533203,148.34959188917585,147.25566224366952,147.7649118050395,8130900
2023-12-08,149.4906463623047,149.7358314861377,148.0383572721016,148.30240721765801,7369400
2023-12-11,150.03762817382812,150.2262332436277,149.1417289104025,149.49066339865834,8093900
2023-12-12,151.37677001953125,151.49935542257748,149.83018514642347,150.16024048034427,10223000
2023-12-13,151.885986328125,152.80073607591623,150.66947133004385,151.376751172791,12379100
2023-12-14,154.64910888671875,155.45068411871856,152.49897919789595,152.61213937426155,13643000
2023-12-15,155.81849670410156,155.86565158249525,153.14026653126427,153.7909664400107,20309300
2023-12-18,156.76150512695312,157.61024959807705,156.19568986918287,156.46916508532496,8469600
2023-12-19,158.85504150390625,158.87390632782794,156.12023201068527,156.5445970162341,10345700
2023-12-20,157.0632781982422,159.76037254396365,156.9689684644074,158.42125778345093,10734700
2023-12-21,157.95913696289062,158.5155268873352,156.24279794080266,157.3367273577614,7601700
2023-12-22,157.86485290527344,158.64757764689784,157.70453786994963,157.95916263882626,6576300
2023-12-26,158.79849243164062,159.15685220791008,157.65740779068372,157.92147220821988,4683600
2023-12-27,159.75094604492188,159.8169657419524,158.03462098752954,158.27980617011522,6428600
2023-12-28,160.59967041015625,160.93916529174086,159.373715871676,159.70378553614376,6320100
2023-12-29,160.4110870361328,160.96747710381322,159.96785714773753,160.31677729363093,6435100
2024-01-02,162.2782745361328,162.36314465626333,159.28884039116926,159.4585806314303,9977400
2024-01-03,161.57102966308594,162.24057994163016,160.66570501716694,162.07083966469682,9852300
2024-01-04,162.64321899414062,164.4839997839759,161.81770540051127,161.91259668017605,11972500
2024-01-05,163.45921325683594,164.51244261762304,162.7001265545649,162.7001265545649,10066000
2024-01-08,163.2220458984375,163.54465313300418,160.82144383692776,163.2220458984375,11229900
2024-01-09,161.9315948486328,163.00379113396048,161.4002383747752,162.84248752428073,9923600
2024-01-10,162.273193359375,162.3301223453623,160.3090564725397,161.3053571624542,9670200
2024-01-11,161.58999633789062,161.6469253167498,160.01489369036094,161.6184608273202,11919500
2024-01-12,160.4039306640625,167.29261232317756,160.26159373589286,164.91099163359718,19436500
2024-01-16,159.3981475830078,159.49302439057672,155.8968705158976,156.43771030633505,17206400
2024-01-17,158.54415893554688,160.42290202843512,157.97485469273727,158.78137265631167,11107500
2024-01-18,158.85726928710938,158.9616438945128,156.7887727674102,158.5726099507023,9382300
2024-01-19,161.59945678710938,161.8461682983927,158.53465987279188,158.9806227818617,13115700
2024-01-22,161.40969848632812,163.1840524158629,161.03016233915122,161.7418034738899,12837500
2024-01-23,160.3470001220703,161.0681246579549,159.82512701395376,160.99221452601276,8360800
2024-01-24,161.77975463867188,162.26366540807356,160.22363323770475,160.69806067066273,9967100
2024-01-25,164.09500122070312,164.14244687077485,162.16882655050438,163.49721788223468,8873500
2024-01-26,163.46871948242188,164.20882513921873,162.9942920368661,163.78184333389387,7443000
2024-01-29,163.89569091796875,164.00006552852224,162.5388354591491,163.4307613169015,6971200
2024-01-30,167.25466918945312,167.71959885740603,163.99060578443397,163.99060578443397,10822100
2024-01-31,165.4423370361328,169.18082757038678,165.42335588463555,167.18822653609234,11521800
2024-02-01,164.84457397460938,165.89780359657934,162.66220459378047,164.7591805000011,9354800
2024-02-02,165.7934112548828,166.82767409091414,164.39859340512308,164.4365557087008,8607600
2024-02-05,165.57518005371094,166.13500096991308,164.07598757427212,164.9679134968324,7820200
2024-02-06,166.14447021484375,166.8750779377934,164.8729938638922,165.67952618156954,6764800
2024-02-07,166.45762634277344,166.87512486092518,165.06282280749863,166.70433790988764,7225500
2024-02-08,165.85983276367188,166.34374353104843,164.69274533742478,166.04960084038564,6060300
2024-02-09,166.05908203125,166.14448997128747,164.78762000748162,166.04959869496852,6296700
2024-02-12,166.79920959472656,167.76704572264995,164.81610617285773,165.8408712827099,8539300
2024-02-13,165.3474578857422,167.2167032899838,163.79133635147977,166.3532562916045,8397600
2024-02-14,167.0269012451172,167.09332802753954,165.49924451152302,166.11600878885736,7056700
2024-02-15,170.67050170898438,170.99312333219834,167.14076082984667,167.14076082984667,8723400
2024-02-16,169.8734893798828,170.77489862748652,169.04799026069725,170.42382695213206,8152600
2024-02-20,170.53768920898438,171.2303637188881,169.28520825442058,170.02531392720303,9668000
2024-02-21,171.64784240722656,171.73325035019496,169.38957763277347,170.7464331647667,7024000
2024-02-22,173.70684814453125,174.03893862404504,171.97044219351025,172.52077969260773,9296500
2024-02-23,174.579833984375,175.72794040887263,173.8207471003428,174.40903255823818,7105800
2024-02-26,173.98202514648438,175.02577126846347,173.14702824890108,174.3520779572995,7145400
2024-02-27,174.0674285888672,174.15282205509578,172.91932226723353,173.93458948194154,5717100
2024-02-28,174.94985961914062,175.72791305734785,173.60248748692752,174.04843594056865,6131600
2024-02-29,176.54393005371094,176.89500171310078,174.4469689552258,176.16439390725577,9643000
2024-03-01,175.8133087158203,176.90450047991027,175.63303845622815,176.20234267897524,6311800
2024-03-04,177.13221740722656,177.99567880021087,174.84548820991387,175.26298666271404,7063600
2024-03-05,178.90660095214844,179.61824215364595,176.82860632723535,176.82860632723535,6617800
2024-03-06,179.8364715576172,180.3488613215342,178.03365300369188,179.57079333868876,7572900
2024-03-07,178.2613525390625,180.75684537868307,177.0847818143066,180.1970245029766,7618300
2024-03-08,178.5934600830078,180.7189001480093,178.3088007338345,178.80220930717653,6172200
2024-03-11,178.65988159179688,178.8022185128998,176.69575949029132,177.70154336122792,5762600
2024-03-12,180.13063049316406,180.4342710440802,178.2993472849781,179.2861501186988,5708400
2024-03-13,181.59185791015625,181.92394844272968,180.1306132360268,180.62402184480607,7795500
2024-03-14,178.3562469482422,181.82905916695464,177.53074786350967,181.25974046676782,10310900
2024-03-15,180.56710815429688,181.17437477098684,176.94247512959424,176.94247512959424,17214200
2024-03-18,182.80641174316406,182.84435957350138,180.17807928216243,180.88023720962101,9013800
2024-03-19,183.8785858154297,184.01142492310007,182.54071140188407,182.85383525818784,8478700
2024-03-20,186.28868103027344,186.50691359955096,183.70779458867116,184.25813215855158,9367000
2024-03-21,188.87904357910156,189.23011523950757,186.2886739000261,186.46895863754574,11203800
2024-03-22,186.56385803222656,190.22643876540545,186.48794789784623,188.8316208127196,8108800
2024-03-25,184.85592651367188,186.86749435505874,184.41944687042397,186.54488715000187,8620000
2024-03-26,185.71934509277344,186.6017875814552,184.1347593214929,184.63765120490154,5961500
2024-03-27,189.31553649902344,189.3914466295502,186.33613264813874,186.4499906047404,8725800
2024-03-28,190.0556640625,190.4541814348802,188.3856699553311,189.28709381016824,8628300
2024-04-01,188.7651824951172,190.66289215811688,188.4141108405425,189.76148296386717,7309000
2024-04-02,188.6892852783203,189.56223004560812,187.9491796173942,188.24332231873962,7014700
2024-04-03,188.15792846679688,189.353480421599,187.5886097387711,188.8600718225351,9353400
2024-04-04,186.72633361816406,190.5725228336972,186.63090338860295,190.06669747224808,9243800
2024-04-05,188.4442596435547,189.08369905029488,186.21099104756672,187.21310323176615,6532300
2024-04-08,189.42723083496094,189.90442560247544,188.60645525232286,188.60645525232286,8001000
2024-04-09,188.1579132080078,189.80901778367087,186.02008971749524,189.03596449913155,7351500
2024-04-10,186.55455017089844,188.0815794697576,185.32337934002095,186.63090309212447,7681400
2024-04-11,186.51634216308594,187.6043602268826,184.42624128812224,187.06035119498426,10137700
2024-04-12,174.45286560058594,180.3128170621153,174.21426820465587,179.7306533963621,31532300
2024-04-15,174.54833984375,178.90990796764004,173.8898085897857,176.08490791538944,14766600
2024-04-16,172.55368041992188,174.80604095219934,171.4561234016168,174.5578902815886,16451800
2024-04-17,171.8665008544922,174.0997692825039,171.02663324895016,173.09765717367875,9017100
2024-04-18,172.9831085205078,174.99687108359075,171.76149104329275,172.83995591100177,9557700
2024-04-19,177.32559204101562,177.40194495717884,173.1358222453055,174.08065863681227,13402300
2024-04-22,180.77093505859375,181.45809672584136,177.49737120450726,177.50692442058224,11529700
2024-04-23,183.3764190673828,183.46231063719642,181.83031255941904,182.41249080398302,9144400
2024-04-24,184.2735595703125,184.41671219594375,181.49628213042132,181.83986299476692,6964900
2024-04-25,184.55032348632812,185.0943325814848,182.46020780549338,183.48141172959566,9802300
2024-04-26,184.66485595703125,185.98190375230607,184.25446084078007,184.74120887546937,6413700
2024-04-29,184.46441650390625,185.39971421292185,183.653179537329,184.65529150697463,5387800
2024-04-30,182.99468994140625,186.0964565277787,182.8992451443853,184.01587936793962,8153700
2024-05-01,183.1092071533203,185.59062618122607,182.08800319125083,183.50051042268325,7445300
2024-05-02,182.9183349609375,184.67440852887157,180.87594156798932,184.26402794452196,6501700
2024-05-03,181.82077026367188,183.74864146909349,179.86428309609008,183.2428161104816,8922800
2024-05-06,183.24282836914062,183.43370340279216,181.16226574552516,182.98513906415366,7911100
2024-05-07,183.00421142578125,184.13038419824304,182.90876663771533,182.9564890317483,7688800
2024-05-08,186.72633361816406,187.6807232907595,182.28842746572758,182.28842746572758,9227600
2024-05-09,188.49195861816406,188.57785019283477,186.20142924996162,186.268228953762,7977300
2024-05-10,189.70404052734375,190.24803507157247,189.22684568795714,189.48452041598773,7529800
2024-05-13,189.6658935546875,190.73482010486643,189.00736221861453,189.7327078353134,7049200
2024-05-14,192.3190460205078,192.38586028369684,189.12184954887874,189.92353333016814,8596200
2024-05-15,192.89170837402344,193.44525616341704,190.65843990714103,192.79626357615743,8370000
2024-05-16,193.2352752685547,195.1535932389949,192.77717231019278,192.9966778539951,8497900
2024-05-17,195.449462890625,195.69761353618276,193.55977533673882,194.51416504960696,9260500
2024-05-20,186.65953063964844,196.48974700752038,186.48773292892272,195.06770117767758,17373300
2024-05-21,190.41983032226562,190.78248849278148,187.6330142438508,188.01476428528767,14420800
2024-05-22,189.26499938964844,191.7750486996597,188.67328249730463,189.92353054420116,9425300
2024-05-23,187.93838500976562,189.25544722484275,187.12716264476265,188.78779111125615,8069400
2024-05-24,191.5555419921875,191.60324982166694,188.5492060306778,188.73054238375408,7356200
2024-05-28,190.40072631835938,191.2692243545398,189.59904254472963,190.74430715889065,6910200
2024-05-29,189.0741424560547,189.91401004508248,187.90978586684102,188.9691590074262,6120000
2024-05-30,190.2384796142578,190.7347662809771,189.35088971872463,189.50359554891975,6829100
2024-05-31,193.38796997070312,194.02740925735446,189.30318363373397,190.2098508442745,14417900
2024-06-03,192.6149444580078,193.1875695647281,190.1048947798636,193.08258611073796,6444300
2024-06-04,190.0762481689453,192.7676194373073,189.2363806080914,191.0306378288864,6848300
2024-06-05,188.26290893554688,190.70615882571187,187.9384199292547,190.6488832103386,8351600
2024-06-06,187.92886352539062,188.9882365858564,186.4209261786032,188.2628911546147,7640300
2024-06-07,190.8302001953125,191.75595928489324,188.0242924032084,188.42513429310472,6964500
2024-06-10,190.5057373046875,191.67963261173603,189.38910305220256,190.15261775965763,6070800
2024-06-11,185.49517822265625,188.9118950141953,184.7698473106833,188.8832644889089,9235300
2024-06-12,182.7942657470703,187.74755082799157,182.5842988392324,187.0603890501278,12751300
2024-06-13,184.8271026611328,185.7051393894414,182.17390060566132,183.54822402834617,8587800
2024-06-14,184.94163513183594,185.97237775666235,182.68927485451107,182.71790538052034,6874000
2024-06-17,186.08689880371094,186.65953844630556,183.85363041068777,184.6553142600554,8725400
2024-06-18,188.01475524902344,188.93097569239987,185.2756616981407,185.7242259848272,9023000
2024-06-20,189.60858154296875,190.35300427166862,187.1653464782276,187.4325744032568,8731100
2024-06-21,187.3466796875,188.17699397183773,185.36154759002739,187.7379829150178,20972100
2024-06-24,189.80902099609375,190.14304864072443,188.1102085595612,188.78781706567207,9785900
2024-06-25,189.0359649658203,190.94474426582192,188.72101463378038,189.05504227358247,6862500
2024-06-26,188.42515563964844,188.91190371760356,187.3276132855566,188.44424751166255,7758600
2024-06-27,190.08578491210938,190.74431610090178,187.91931632822877,188.43469489460125,7913500
2024-06-28,193.0348358154297,193.35933934812502,190.20985074638892,190.8874592091773,15307600
2024-07-01,196.07936096191406,197.6445594874765,193.416620106431,193.58840326228037,10205800
2024-07-02,199.30520629882812,199.33383682530447,195.43038637882975,195.92665854630712,7802900
2024-07-03,199.17160034179688,200.78452135813035,198.1790268412077,199.99237611377828,5560900
2024-07-05,196.53245544433594,199.00842649532183,196.27335292204722,198.64375880499992,8093100
2024-07-08,196.89715576171875,198.55739478921961,195.74554496023563,196.77239292168676,8707000
2024-07-09,199.25796508789062,201.30206944737745,197.16585925201633,197.33860892161442,9058900
2024-07-10,199.42111206054688,199.58425558028438,197.2906255075793,197.82804290048543,8328500
2024-07-11,199.085205078125,199.70900458588088,197.09867916383936,197.89521368869632,10658100
2024-07-12,196.67642211914062,199.08520875553353,193.95093996868792,195.77432240821722,15443400
2024-07-15,201.5803680419922,203.07746338803915,198.3846385255346,198.83568835973134,10719700
2024-07-16,205.0064239501953,205.12159527581198,199.68981390311083,201.5323940342005,11557000
2024-07-17,208.1253662109375,208.78754638356358,204.67053414664076,205.17916232258048,11572500
2024-07-18,201.51318359375,207.90464262796732,200.80303124118646,206.93537311360464,12415100
2024-07-19,201.32125854492188,203.787638142558,200.49593484279177,202.68399960778325,8095900
2024-07-22,201.80108642578125,203.61487723988253,201.25407758649305,201.97383607849395,7663200
2024-07-23,201.8490753173828,202.95269915898984,200.9085949784075,202.5112554797567,5557300
2024-07-24,200.1792449951172,203.4805398970385,199.6802229423339,201.10054238495405,7119000
2024-07-25,200.25601196289062,201.71472666285024,199.66101627259542,200.23681430218042,6403800
2024-07-26,203.6820831298828,204.56498521561846,200.20803848586095,200.8030488593653,8027800
2024-07-29,202.34811401367188,204.99682004630137,202.0602076823259,204.0755227146991,6533600
2024-07-30,206.5131072998047,207.08890530291896,204.37302950002504,204.63213201184072,8850700
2024-07-31,204.219482421875,207.6647229458713,204.09471959527943,206.11964077185962,9071600
2024-08-01,199.57464599609375,205.207951245614,198.05835297856282,204.6033494115887,10918600
2024-08-02,191.1102752685547,196.41729340747878,188.95099978059565,195.6591542348571,18041700
2024-08-05,187.04124450683594,188.26003972022244,183.2025323392783,186.2255269573448,13927000
2024-08-06,192.26190185546875,194.4307836748442,186.17754637997143,187.5210898263343,10605800
2024-08-07,192.3194580078125,197.45374096940827,192.12752534383736,195.3040570597253,9204400
2024-08-08,195.8319091796875,196.6476414155857,193.6534358098913,194.30602452731497,7761200
2024-08-09,197.50173950195312,198.14472201831654,194.71866445703174,195.26568795748204,5540200
2024-08-12,197.8760223388672,198.78771357086882,195.44803800867777,198.08715268440758,6936000
2024-08-13,199.55545043945312,199.6993962854889,197.11786006073427,199.35391161147854,6387800
2024-08-14,201.7627410888672,202.26176318738948,198.76853528010065,199.36354569530272,6999800
2024-08-15,203.01991271972656,205.26555604485006,202.58806048697608,204.41144308904532,7001000
2024-08-16,205.34231567382812,205.45747235510242,203.05827720505397,203.15425086846594,7931200
2024-08-19,206.7626190185547,206.83939501460688,205.1983538600032,205.37108886847773,6090800
2024-08-20,205.87013244628906,207.290451812223,205.0639917823852,206.33077379457382,5640000
2024-08-21,205.94692993164062,206.3307953213397,204.25788707250234,205.78377176531626,5202300
2024-08-22,207.8950653076172,208.05820882254338,205.6973943235858,205.92772233240674,5247100
2024-08-23,209.50730895996094,210.3518303146011,207.770294063869,208.82594575716917,7214000
2024-08-26,210.3326416015625,210.82207214735465,209.25780684522277,210.17908959536388,5105200
2024-08-27,211.30189514160156,211.53222313341251,210.3518232928703,210.65891263842738,5185200
2024-08-28,212.36715698242188,213.25007370690733,210.35184179007584,210.40942013221067,6506400
2024-08-29,213.25009155273438,213.98903319667016,210.11193985204136,213.19249856225443,6416100
2024-08-30,215.73562622070312,216.38820025870874,212.981340289583,213.5283638010213,8574100
2024-09-03,211.4170684814453,215.06384784728323,210.39981213405102,213.336424500989,8956100
2024-09-04,210.48619079589844,213.1157139537024,208.45167799328414,212.12723207920712,7389500
2024-09-05,208.854736328125,211.8969139547451,207.31924560820755,211.27311444323652,8067900
2024-09-06,203.89321899414062,209.91999639189612,202.57845001745773,208.82596392525963,7777000
2024-09-09,208.06781005859375,209.35377522003003,205.54385192671694,206.51313619606708,8935100
2024-09-10,197.2714385986328,209.82403058506446,192.52103467454134,209.78564990213292,28406900
2024-09-11,198.87408447265625,199.32513434186177,193.69182869664772,196.97392597392317,13658700
2024-09-12,198.2694854736328,200.36157653556083,196.6284296106188,199.27713568329062,9054400
2024-09-13,196.0814208984375,199.46908315177689,194.83383653849526,198.51899663631963,10226700
2024-09-16,199.47866821289062,199.8145613678539,197.3001950685702,197.53052305856136,8634900
2024-09-17,200.8126220703125,201.4651960832742,199.28673756042474,199.35390740598294,7573300
2024-09-18,199.16197204589844,202.81834284396587,198.3654375571648,200.58229137057424,8259900
2024-09-19,201.9930419921875,203.36538928713296,198.97965334983056,201.32127025220836,11635200
2024-09-20,202.57843017578125,202.89512568030523,201.05254563504943,201.46520015567114,20885000
2024-09-23,202.91433715820312,203.25982185543435,201.52280686007273,202.49207645675105,7223500
2024-09-24,203.0582733154297,204.3634360377964,201.88746493315114,202.63601263414566,7323200
2024-09-25,201.7147216796875,203.68206451343198,200.19842867858037,203.14463253149498,8976500
2024-09-26,201.32125854492188,203.16383862893971,200.582302352154,202.61682975945425,7807500
2024-09-27,202.0122528076172,203.87403078215758,200.88943111693106,202.15619867429749,7032500
2024-09-30,202.35772705078125,202.4537007192819,196.9835237723132,197.99118871746668,8663800
2024-10-01,198.6917266845703,200.6590695133516,197.87600917065313,200.47672835038065,8540100
2024-10-02,198.931640625,200.5247095749859,197.39616465396708,198.73011645099774,5810900
2024-10-03,196.95472717285156,198.16393091884422,196.10061427209934,197.8568269060444,7251300
2024-10-04,203.9453887939453,204.37988743060353,199.78383154222516,202.0915171398113,10211700
2024-10-07,203.66534423828125,205.98269458084312,202.46806055788844,203.76190602752735,6718900
2024-10-08,203.49156188964844,204.0515878849043,201.20319174460775,203.32741862551052,6021800
2024-10-09,206.06961059570312,206.86137608833337,202.16875851799102,202.47772975256393,7024000
2024-10-10,205.5095672607422,207.41171960680364,204.18675618891916,207.41171960680364,7927100
2024-10-11,214.6340789794922,216.89349797730637,207.74965411869448,208.2420838481715,18320700
2024-10-14,213.8520050048828,215.99554718168815,211.34156042358927,215.51276767760157,9048900
2024-10-15,214.7306671142578,217.68527532023913,214.1803061412129,215.95693117924253,9235800
2024-10-16,215.93760681152344,215.97622268757254,213.42714760377535,214.6727269219523,6382500
2024-10-17,216.69076538085938,218.07152251645772,215.61899422056717,216.5459374132235,6470200
2024-10-18,217.6080322265625,218.1390926356883,215.416223853029,217.25078010281487,7000500
2024-10-21,215.3196563720703,217.92666271781536,215.22309457904748,217.46319852448005,5870000
2024-10-22,216.40106201171875,217.521113903058,213.48508466002997,215.3389560319398,9586800
2024-10-23,215.71554565429688,217.05767211185088,214.86584899630188,215.95693541093075,6180500
2024-10-24,217.23146057128906,217.3087070595921,214.02581233964898,214.18995560232,6002200
2024-10-25,214.65342712402344,217.84942517866347,213.27268477329852,217.25078329046238,6369700
2024-10-28,217.73353576660156,217.86871342564066,215.27135758179068,215.6575899885166,6843000
2024-10-29,215.2230987548828,218.94050685947278,215.13620197943288,217.45355245759362,6580000
2024-10-30,216.6811065673828,218.5156628404685,213.94857273050474,214.87550115342282,7110900
2024-10-31,214.27685546875,217.91701709128074,214.18030840692387,216.96110835965536,7829900
2024-11-01,215.26173400878906,218.3611702661073,215.02999453599656,215.86037589692594,6923500
2024-11-04,212.2105255126953,216.05344565816085,211.6215340175422,214.98167473200544,8229600
2024-11-05,213.86166381835938,214.3154777176928,212.42297563395553,212.45194122469928,5600700
2024-11-06,238.55099487304688,239.45862265494782,226.68428170878914,226.90635614480942,23987800
2024-11-07,228.23883056640625,236.14676076756385,227.11877864228583,236.07916456872846,16451100
2024-11-08,228.81817626953125,231.09689618425554,227.65950837276299,231.09689618425554,9502100
2024-11-11,231.04859924316406,233.76183232238978,230.7685936247478,231.734152593889,9017100
2024-11-12,231.30931091308594,233.14388184693877,230.53686076900374,232.26521962387952,6861000
2024-11-13,232.85421752929688,235.68329839480197,232.0334864664189,232.29419152794952,11472600
2024-11-14,233.53976440429688,235.87641555426896,232.74801363884512,234.07082483230462,10172200
2024-11-15,236.8612518310547,237.93302280132795,233.14385889927163,233.14385889927163,11518800
2024-11-18,236.59091186523438,239.3910269686542,234.32184240561926,239.22688371269956,9051400
2024-11-19,234.71771240234375,236.70676140391376,233.2307581603698,233.90664645217612,6792700
2024-11-20,232.48728942871094,236.1853820806055,230.42099380614764,235.9826082126915,9015300
2024-11-21,236.33021545410156,237.03508413180523,233.771489998293,234.8529113632746,8783500
2024-11-22,239.9897003173828,240.56902689654652,234.65981033615955,235.21983634263424,7997300
2024-11-25,241.66973876953125,245.55128980408418,240.48210540768852,240.99385046333052,10295400
2024-11-26,241.3607635498047,242.3552880551951,239.78689780117762,241.86285831172583,6212100
2024-11-27,241.1869659423828,242.53875732525523,240.20210641192003,240.76213237626226,5472300
2024-11-29,241.11941528320312,243.09881434916647,240.8587102055902,241.25459296543534,5494800
2024-12-02,237.76889038085938,241.63112616369568,236.5909072884335,240.95523784835137,8899700
2024-12-03,236.38815307617188,240.4627983571973,236.20469451535047,239.68069795223073,6657700
2024-12-04,235.01705932617188,236.89991119978995,233.88735704195787,236.2722889974968,7346300
2024-12-05,237.02540588378906,238.66685314495626,236.19502460109126,236.93850911465168,6572500
2024-12-06,238.8406524658203,239.2075695661081,236.40743988833765,237.23782113991652,5519700
2024-12-09,235.41293334960938,239.3331004642951,235.36465245379455,238.61859624597477,7076500
2024-12-10,234.49566650390625,239.4200234478752,233.87770931432982,235.49019112567362,9108300
2024-12-11,235.14259338378906,235.85711238207702,233.83908277788504,235.59640731424383,7884400
2024-12-12,233.21145629882812,235.692949917877,232.73832710066324,234.63082916006218,6113800
2024-12-13,231.67623901367188,234.36049197314819,230.90378883302319,233.73288448883088,10392700
2024-12-16,231.32864379882812,232.38109964932826,229.3395944716041,232.32316846244012,9032000
2024-12-17,230.15065002441406,230.78792251755053,228.4802370347638,230.43065565931622,8083600
2024-12-18,222.43582153320312,230.83619659782678,221.6247555113085,230.76860039603835,11322400
2024-12-19,224.93661499023438,228.21950946148152,224.27037697069503,224.27037697069503,11790800
2024-12-20,229.41683959960938,230.97139028265684,223.6138201931546,223.9324564524048,32348400
2024-12-23,230.17962646484375,230.40170092597464,226.79051942786361,227.939537080267,8611500
2024-12-24,233.964599609375,234.13840789117347,230.8361978696138,231.18378496668848,3729100
2024-12-26,234.76600646972656,234.88186883103566,232.4969370056862,233.11489415476902,4451800
2024-12-27,232.86386108398438,235.0074032318014,231.77277470486047,234.3604804730654,5730200
2024-12-30,231.0775909423828,232.54523003977909,228.9436990328983,230.54653053655986,5723800
2024-12-31,231.4541473388672,233.12456023279114,230.79755957752477,231.78243385290807,4871000
2025-01-02,231.73416137695312,234.9011937371106,231.20310097714537,232.6224738942401,9220900
2025-01-03,234.9011993408203,236.446099680159,231.98520694861776,235.49019093770127,9491100
2025-01-06,233.75595092773438,238.45338882592614,233.4938994273639,236.52199744283416,9917800
2025-01-07,236.00762939453125,238.03606663951624,233.8044861980307,235.00796836721887,8753400
2025-01-08,235.96878051757812,237.05578696137664,233.41624059042408,235.5999684129956,8675300
2025-01-10,232.8048095703125,236.628762281155,231.70810291840846,235.92996814062778,10256800
2025-01-13,237.01698303222656,237.3372500960213,231.96043318189513,232.61069705427852,10005300
2025-01-14,240.1809539794922,240.42359041299397,235.05647368868276,235.51263136841433,12407400
2025-01-15,244.917236328125,246.19834907161936,236.50259128635952,243.02466018784034,18448500
2025-01-16,246.78067016601562,249.46908602016472,244.8978090555052,246.51861866884337,15292300
2025-01-17,251.52664184570312,252.94363035716344,244.71340648745428,246.65449800073918,17678100
2025-01-21,255.28265380859375,256.46672083789156,251.85662841034198,252.4098466101375,13712100
2025-01-22,255.09823608398438,255.62233907134996,252.5845261978736,255.15646645827997,9021900
2025-01-23,258.11663818359375,258.99980869731013,256.03965618936724,256.8937411358266,10749700
2025-01-24,257.0393371582031,259.2327800677332,255.26325143834285,255.92321545084891,7666300
2025-01-27,258.01959228515625,258.13605303558734,254.535336614133,256.3890825417096,7522300
2025-01-28,259.2715759277344,259.45595234973075,257.02958825496063,258.0195637615963,7375400
2025-01-29,258.7280578613281,262.7073011271936,257.78662735417487,259.3395063870375,7684900
2025-01-30,260.3294677734375,261.75617104949805,258.766873890751,260.71768010583645,8753500
2025-01-31,259.4268798828125,262.8432200467561,259.0968978658329,261.3000557826277,7193800
2025-02-03,258.9513244628906,260.2712821624786,253.99184960482245,254.11799568005065,8381400
2025-02-04,260.04803466796875,261.8920656979003,258.97071346699056,261.8920656979003,5626000
2025-02-05,262.46466064453125,262.6684965624178,260.4265087965908,260.9894418764152,5704400
2025-02-06,268.7441101074219,268.8217703532776,263.20230221236784,264.4251993255983,7264400
2025-02-07,267.6764831542969,270.3454837389774,266.61859193134063,269.10318646976515,6857900
2025-02-10,263.05670166015625,268.04529090684423,261.6493986180838,268.01617572204907,8627400
2025-02-11,266.890380859375,268.08416285966723,261.71738476219014,262.299718167667,7196400
2025-02-12,267.3368225097656,268.3073682010428,265.20161014147436,266.0071500330046,6683900
2025-02-13,268.18121337890625,268.81206220355733,265.74513402635904,267.38535874167565,8398700
2025-02-14,268.4432373046875,271.0054922240324,268.30737630553097,269.20026178200214,5688600
2025-02-18,271.70428466796875,271.72368491952835,267.89001749911944,268.6082414686908,7919800
2025-02-19,271.02490234375,271.9954480996811,269.0546956439582,270.18053227508295,7007200
2025-02-20,258.94158935546875,270.52990776080935,257.9128132494212,270.47167738640707,13846700
2025-02-21,256.45703125,261.2709600914064,255.09827295553427,260.41687498668233,12835600
2025-02-24,253.64244079589844,259.1357336859581,250.9928400471611,257.67020002120825,10372800
2025-02-25,249.8184814453125,255.2535438153115,245.88778282719832,254.50623421668564,9608400
2025-02-26,251.16751098632812,253.2250629756072,249.3622807192329,249.58551687607053,5943600
2025-02-27,251.4198455810547,255.87467629942992,250.2648938568394,252.51656693419218,8204400
2025-02-28,256.85491943359375,257.0102103033765,250.29405049282587,253.0503967893836,10467100
2025-03-03,252.94363403320312,258.47575677394605,250.22611772259287,256.2240834773225,9058300
2025-03-04,242.8790740966797,249.6534940988536,238.70572440707394,247.76091803763094,13465600
2025-03-05,244.1213836669922,245.59661742826808,240.53036717213234,243.8496320279879,7861400
2025-03-06,239.27833557128906,242.015281613365,236.66758002130527,240.80209946195242,9983200
2025-03-07,235.143798828125,239.45302388235442,232.36803767756697,238.00690553291304,20498700
2025-03-10,225.380126953125,230.5143072655119,221.9638018922669,229.25260968443942,18887200
2025-03-11,222.39083862304688,226.4477273046224,220.01300464646138,224.92396346414336,18143000
2025-03-12,221.18736267089844,227.4182791975453,220.56621400526214,227.10769746005099,16054000
2025-03-13,218.55718994140625,222.7402395654928,217.62545954737027,222.5461333861297,16467900
2025-03-14,225.59365844726562,226.27303751626079,220.87680546916633,221.40089366257604,11962100
2025-03-17,227.03976440429688,228.72851937201781,223.67198421387434,224.37076354224342,9586000
2025-03-18,228.04913330078125,229.2137852248078,226.6418449421928,227.4182844946614,10344900
2025-03-19,232.0671844482422,235.19234280757902,227.97148038251137,228.79645015668714,10120600
2025-03-20,231.97012329101562,234.63912397597252,229.2428922333378,229.59228927901535,8328500
2025-03-21,234.5129852294922,235.16324913514356,229.5340805612011,230.8054931833966,19326900
2025-03-24,240.7535858154297,241.36503440089746,237.21109961277028,238.24957590512537,9422700
2025-03-25,243.73313903808594,244.40281792040972,240.32651425571743,241.96673880880573,9287700
2025-03-26,243.6361083984375,247.16889448049588,242.4229261613384,245.1598723967236,12779300
2025-03-27,240.81179809570312,243.25757744441526,239.89948275399726,242.1802711082619,8022500
2025-03-28,235.69703674316406,242.16086005777964,234.00828183952703,239.6665652294854,11978400
2025-03-31,238.0748748779297,238.61837812715723,230.36873927152533,232.35836101622476,13603000
2025-04-01,236.48318481445312,238.45339153399044,233.78506877067235,235.47380892493115,8054700
2025-04-02,238.57957458496094,239.9674479641913,234.34799432373393,234.48387014274496,7758800
2025-04-03,221.95411682128906,228.2141341410838,220.60505877931982,227.36976405138714,17188500
2025-04-04,205.3434295654297,212.58923458837728,204.02511643608108,210.2553432331429,27170700
2025-04-07,209.40579223632812,216.83713987942957,197.4140796651513,200.9393316199066,22914400
2025-04-08,211.77871704101562,222.4911845873146,208.24370556467724,218.27260941397304,19485700
2025-04-09,228.83859252929688,231.9048767833682,206.04652973562588,207.5113154920403,24022400
2025-04-10,221.7783203125,224.9422627815506,214.93289385418547,224.60047349209523,18896400
2025-04-11,230.65493774414062,232.97906934942662,219.71787325553504,220.99711715573133,20284500
2025-04-14,229.2096710205078,234.15087913970558,228.14526363842643,231.53380246810318,13017800
2025-04-15,227.65701293945312,233.04741393456666,227.3542929260278,230.5572900044825,10912900
2025-04-16,224.21963500976562,228.09643576900157,222.5790672431111,226.55352634462056,9322300
2025-04-17,226.5144805908203,228.83859723978307,225.13757837531108,225.38170933973876,9557900
2025-04-21,223.6142120361328,226.36800167119193,221.02641477455015,225.21571062759392,8716200
2025-04-22,230.0592498779297,230.44986835764868,225.9383180454656,226.53399818903708,10701400
2025-04-23,235.22508239746094,240.99632733668028,234.36573659509583,234.5805730456871,14126800
2025-04-24,238.89678955078125,239.7073061190241,232.00253368423319,234.1118287364866,9055200
2025-04-25,237.83238220214844,239.85377878556818,236.07463632488924,238.9065494767277,8588600
2025-04-28,237.51011657714844,241.04512791658067,235.18598519677712,238.81865487510098,7394300
2025-04-29,238.8772735595703,239.49248838967188,236.01606566197046,236.50432761587396,7216800
2025-04-30,238.8772735595703,239.46319386448346,232.8325881861533,235.54733835838334,12991700
2025-05-01,241.093994140625,242.61736909781558,236.4847999672637,237.13906921679697,8689600
2025-05-02,246.58203125,247.66597331622904,243.60364543700763,245.36137644120922,7165000
2025-05-05,246.63087463378906,249.1698427426024,244.7071213522389,245.28326687904956,5450700
2025-05-06,243.3985595703125,246.71873456309945,243.1544286178849,244.13095242759528,6369900
2025-05-07,243.5352783203125,246.5234388677099,242.98842735746476,243.98448584012095,8724100
2025-05-08,247.51950073242188,249.87292678022158,245.64457673393773,245.66411138304096,8320100
2025-05-09,247.13864135742188,249.51158700328907,246.41600839213655,248.5253033443988,5087600
2025-05-12,253.94500732421875,257.4116847639064,252.62672400889193,256.7281061698435,9603900
2025-05-13,256.8355407714844,257.4800500721763,254.27705311794927,254.90201286940857,8589000
2025-05-14,259.40380859375,260.38033243913924,256.13244775146745,256.82577133737385,8643100
2025-05-15,261.2103576660156,263.19269990894253,258.5444666020599,260.7025759874391,9214600
2025-05-16,261.2787170410156,262.1575825394603,258.495618128322,261.2201279945288,8932900
2025-05-19,258.6616516113281,262.0208961622138,255.78089422806747,259.3159059261038,12145000
2025-05-20,259.4428405761719,260.3998446453458,256.14218530617444,256.3570217379832,8436300
2025-05-21,254.9118194580078,259.41358054893016,254.60909941854277,258.1441113383442,7464000
2025-05-22,254.5504913330078,256.1422002145729,252.79273047922572,253.34935623964725,6514100
2025-05-23,254.58950805664062,255.8394573114257,249.9900893661378,250.78107124918157,6671800
2025-05-27,259.06201171875,259.0717566921421,255.83946524243134,255.8883093139594,7506600
2025-05-28,257.3042907714844,260.4584739162862,256.72814520654777,259.98973168327075,5535400
2025-05-29,258.16357421875,259.1791672441841,256.3667741282984,258.5834722711684,5081200
2025-05-30,257.8022766113281,259.10104011963335,256.56210214543427,257.26520045551075,10977700
2025-06-02,258.44677734375,258.8080863604011,255.75156227727646,256.84526410102234,6011200
2025-06-03,260.01898193359375,260.32170192801004,256.70858174263634,257.53863293425644,6998400
2025-06-04,258.01715087890625,260.8490642816774,257.9780815778546,259.6772534604333,5915700
2025-06-05,255.8004150390625,258.5248949172323,254.19890174190374,258.5248949172323,8173800
2025-06-06,259.4917297363281,260.3901151155264,258.05623828371085,258.1245723139139,7738100
2025-06-09,260.47796630859375,261.61073756854347,257.1675659016327,259.75534818459647,8285000
2025-06-10,262.2943115234375,262.58725675736963,259.6088709415357,259.63816546492893,7538100
2025-06-11,261.8548278808594,263.2903189321121,259.55024622096454,262.3723842570994,7434100
2025-06-12,261.9427490234375,261.9915930968164,258.91554891738133,260.5951413369258,6618000
2025-06-13,258.7300109863281,260.75139274608847,256.5425772552077,258.85693405632503,7098300
2025-06-16,264.012939453125,265.3508019866292,260.58536145007355,260.73183404829985,8566000
2025-06-17,263.19268798828125,264.2375756229939,261.51306583381086,261.87440467845437,6739300
2025-06-18,267.5284729003906,271.20021221292876,263.3880211997966,263.66144669321045,9586400
2025-06-20,268.5440368652344,270.79002961674195,267.3819711943445,269.1006625666469,13969700
2025-06-23,271.7372741699219,272.0106996489925,265.7218838292262,268.60264103465835,8094600
2025-06-24,274.6571044921875,276.0730461780452,272.94818777394573,273.6317365805569,9267900
2025-06-25,277.3913879394531,277.60622439824255,274.31534348949015,274.89148903780136,6826900
2025-06-26,281.9712829589844,282.6157923247423,277.79176175773335,278.0163729885891,8942100
2025-06-27,280.3697509765625,281.9224501380631,278.34836923641,279.10028187976,17868600
2025-06-30,283.1040344238281,285.77970025058426,282.13728534359143,283.5825215764878,12689200
2025-07-01,283.59228515625,284.2953834962509,279.86195702454677,284.0610273166312,9338300
2025-07-02,285.14495849609375,285.9457151893501,282.89896560647867,285.18402779363225,8158700
2025-07-03,290.443603515625,290.8360888827844,285.74351114178125,286.66586822419856,6541600
2025-07-07,286.4892578125,290.4828645965253,284.6347217587213,289.7076857742013,8825700
2025-07-08,277.4717712402344,284.2618850781592,275.048135846527,283.83993409983367,15440900
2025-07-09,277.8446044921875,281.80877514408627,277.1773764457948,281.7891314137912,11273800
2025-07-10,282.78021240234375,282.89795501811136,277.687634657396,277.687634657396,8410900
2025-07-11,281.4751281738281,281.9853860406829,278.3253938002881,280.16028588065166,7384700
2025-07-14,283.2806701660156,283.8693832899546,279.9052418467557,281.6812629749765,9079900
2025-07-15,281.17095947265625,286.4696162877272,280.12106794184945,282.5937524960941,12526100
2025-07-16,280.4546813964844,285.2725159686822,277.6974322542774,282.98623724838524,9979800
2025-07-17,284.4580993652344,284.85058472552134,278.11937245969557,278.11937245969557,8509500
2025-07-18,285.8023681640625,287.009289803847,282.819455566978,284.08521856694546,12217000
2025-07-21,285.50799560546875,288.65773001934355,285.125302200427,285.5374312562634,7898100
2025-07-22,285.9593811035156,288.11809552877634,283.75161723688194,286.0280742772089,6717500
2025-07-23,291.1893310546875,291.41499440772435,287.0583381931105,287.34290279554006,7083500
2025-07-24,290.9832458496094,293.96618832212596,290.6398398939318,291.8369396401929,7001200
2025-07-25,293.014404296875,293.2891470363467,290.4043332995373,291.1304626389869,5918500
2025-07-28,292.6807861328125,293.8091927274499,291.2482011503524,292.0724293571669,5840400
2025-07-29,291.46405029296875,295.6342703916454,290.6398221491837,294.3684775536459,7635700
2025-07-30,294.0054626464844,294.9670472888904,291.79769880383014,291.83695632333047,8061700
2025-07-31,290.6790771484375,295.33011989507037,289.9529777509294,293.5246633224064,14749700
2025-08-01,283.93804931640625,286.32242707449086,278.9043429750852,284.9487133421405,12007100
2025-08-04,288.73626708984375,288.79513839592664,284.81135364584816,284.81135364584816,6649500
2025-08-05,285.9005126953125,290.2375553774225,281.84803463230764,289.15819815384634,7182300
2025-08-06,285.8808898925781,287.784475314663,284.71322574362773,286.8130388717205,6330200
2025-08-07,281.5536804199219,287.95127882891904,281.03363056399576,287.44105083933385,8057100
2025-08-08,283.3395080566406,285.7631432800269,279.365515270513,283.55537949152693,6634100
2025-08-11,284.12451171875,285.8514833981763,283.3591547144072,283.96751157110066,5510100
2025-08-12,287.3527526855469,289.2170807199043,284.88985973561466,286.02808831162713,8570900
2025-08-13,285.0762634277344,289.0207905053278,281.769528771024,288.43207746741234,8420400
2025-08-14,288.6381530761719,288.67741059714604,284.20301143696577,285.1253385944976,6322400
2025-08-15,285.0370178222656,289.95298150728627,284.3796115875491,289.30536719380285,7340500
2025-08-18,286.0574951171875,286.4205448097455,282.9960675051489,284.5562169634104,5386900
2025-08-19,285.203857421875,286.9897003409671,284.0950645111781,285.3706494849781,6031500
2025-08-20,286.754150390625,287.8236856501562,281.8774445149503,285.35100110061984,7374200
2025-08-21,285.9986267089844,287.2742115786807,284.0361700203976,286.45980522859077,6624000
2025-08-22,290.6790771484375,291.5818204071259,284.6837862966605,287.6961645212777,8552800
2025-08-25,289.3642578125,291.76827944217837,288.61854456863614,290.67910031440016,5856300
2025-08-26,292.9653625488281,293.13215460321874,287.99052751038425,288.63814183000835,6714700
2025-08-27,293.6620178222656,295.41842494390727,291.46407591230917,291.6701254801894,6056500
2025-08-28,295.4184265136719,295.5852185641284,293.0929201153854,294.38811877937053,6410500
2025-08-29,295.7618713378906,297.2631495608047,294.10359298088383,296.37022814205386,6796400
2025-09-02,294.07415771484375,294.8198709218748,288.9717581566039,294.62364321253557,7221900
2025-09-03,293.8876953125,294.9277949064193,290.8164459674565,294.9277949064193,6316900
2025-09-04,298.1168212890625,298.7153562428407,292.68080753910596,294.36852159403367,6605800
2025-09-05,288.85400390625,299.4218223620716,288.78531073562726,297.9499798501053,9837700
2025-09-08,287.4115905761719,290.89493913151904,285.9691837491296,289.3544334283243,8188500
2025-09-09,292.2588806152344,293.3872872696363,286.8228669749493,287.1074315912692,7848200
2025-09-10,294.89837646484375,295.8796048140829,289.8548483762926,291.13046319713106,7787300
2025-09-11,299.8241271972656,299.9909491896388,295.1436788264331,295.5852136096933,7942500
2025-09-12,301.1488037109375,301.7767742987404,297.9990690164523,299.27465392414524,6846700
2025-09-15,303.1014709472656,304.13177881627445,301.403964844485,301.403964844485,7122000
2025-09-16,303.385986328125,305.06387836899023,301.3646583866889,304.1807788708881,10525600
2025-09-17,305.89794921875,307.03617773944126,302.973877849489,304.563492987762,8657800
2025-09-18,307.3501892089844,307.556238792954,303.7981171700278,305.9372178866198,8050700
2025-09-19,308.8710632324219,309.8719053836384,303.31730709863126,307.7132209495945,23568600
2025-09-22,306.5749816894531,307.8113389670314,303.74903930910966,303.9845245259009,7520200
2025-09-23,306.8693542480469,310.37234675445063,304.74989735202223,305.9666409066948,8584400
2025-09-24,307.53662109375,310.63727651453155,305.81947137817144,308.15476983779797,7310500
2025-09-25,307.5660400390625,309.72472445454315,305.94698929656073,308.2234462682717,7083200
2025-09-26,310.12701416015625,311.8441636854759,307.8113297451866,308.988785738579,7258100
2025-09-29,309.76397705078125,312.0404339863167,307.7720847183659,311.10825508542985,6462400
2025-09-30,309.50885009765625,311.45169300349573,304.28870810842403,310.31346452838187,11823300
2025-10-01,304.8774719238281,308.68464295873514,301.6394301376976,308.07628613361976,9235200
2025-10-02,301.77679443359375,304.73030161726365,300.39328868596704,304.1808160870063,7600000
2025-10-03,304.2102355957031,305.80964265751953,302.4243927447969,302.718779227698,6029900
2025-10-06,304.8511047363281,307.38512889871987,300.8578215934895,305.8371035459471,7214500
2025-10-07,303.3819885253906,305.66951307877287,300.43386159315816,305.01875022701944,8454200
2025-10-08,299.7732238769531,304.4567183318842,299.2999336047902,303.8946917756213,6489900
2025-10-09,301.25225830078125,303.72712529673134,299.1422361925597,300.7789679717848,7060300
2025-10-10,296.6772155761719,306.1230715472904,296.5983188157025,301.3804193716138,8597400
2025-10-13,303.6580505371094,305.1271791148808,301.17334440263704,301.321238204041,10788700
2025-10-14,297.85052490234375,302.70165257420854,290.0907186231138,301.5578902761218,16178800
2025-10-15,301.40997314453125,307.7499381556482,301.1634734465224,302.1001843350741,11354800
2025-10-16,294.360107421875,304.3581201926382,292.9106878973514,301.0747572360179,10549400
2025-10-17,293.3938293457031,295.3559575215809,290.08088749555986,294.97143359875633,10153500
2025-10-20,298.1266174316406,299.43801283887467,293.9854400437148,294.3206760639065,6894900
2025-10-21,292.9303894042969,299.7929328501146,292.8416531202475,297.436411288458,7372700
2025-10-22,289.9920959472656,293.8868032880077,286.4721030595595,293.6008552074487,8054100
2025-10-23,290.4161071777344,292.2204718178062,288.4145307332595,290.25834375227123,5438800
2025-10-24,296.2334899902344,298.36325106738366,291.31336547241364,291.93451945757295,7228300
2025-10-27,299.8915710449219,300.26625545589764,296.7955500258321,297.9294427867379,5642200
2025-10-28,301.0845947265625,303.6580673748709,298.915415308335,300.59159530101573,6336000
2025-10-29,301.2325134277344,303.93414060421026,298.7675163425421,299.2605157595805,7520300
2025-10-30,305.10748291015625,308.2330823767899,300.82825156305904,301.50859316866377,7514600
2025-10-31,306.7639465332031,308.4894444595929,302.9481359332913,304.22008283002725,7721300
2025-11-03,305.01873779296875,307.94715546133403,301.92268708722753,306.64562981088375,7770000
2025-11-04,304.920166015625,307.84858401169095,300.82827651560933,302.415720333495,7085200
2025-11-05,307.3161315917969,308.7162632770978,301.35085025066564,305.27510663609064,6865200
2025-11-06,309.0317687988281,310.4318702971036,305.9160088624015,306.6357687557767,7206100
2025-11-07,309.8106689453125,310.02758988101914,303.3326798145578,307.5231746391179,7302300
2025-11-10,312.4531555175781,315.08575530581015,309.81065602274725,310.5896034535161,5794100
2025-11-11,311.2009582519531,314.58292715130625,310.86572224729366,313.05464094031504,5030200
2025-11-12,315.92388916015625,317.7381233989844,311.782682032414,311.83200002815875,10578300
2025-11-13,305.1469421386719,316.14082355780937,304.7722577523736,314.7604311532612,8973300
2025-11-14,299.3591003417969,303.3327046462357,297.0124483237873,303.20451997960254,10327000
2025-11-17,296.1644592285156,301.31137424610444,293.5022804823602,299.74363974118836,8344000
2025-11-18,295.2179260253906,298.70837045931603,292.8613742767781,295.3066623130797,8077300
2025-11-19,299.02386474609375,300.1873662746028,295.0798692888629,295.5432899586994,5546600
2025-11-20,294.2023620605469,305.58079800315744,293.98544109490615,302.05090502503106,7501600
2025-11-21,293.84735107421875,297.456110287291,288.71030575970536,297.0715864028587,11766800
2025-11-24,293.8276672363281,295.6221924256846,290.386540762355,294.0642973394352,10940200
2025-11-25,298.7576599121094,300.236658228506,291.42182585555855,295.848951187077,8877200
2025-11-26,303.33270263671875,304.21022597199055,298.95486530692773,300.7296512123902,7910900
2025-11-28,308.6965026855469,309.3275563846455,303.9242719247256,304.7722465716023,4322400
2025-12-01,304.59478759765625,309.6430970545817,304.2201032083801,308.5683618849884,7727300
2025-12-02,303.5693054199219,306.13290823405146,302.79035796814105,304.41724991681934,7249000
2025-12-03,307.75982666015625,307.98658713845214,302.50443592551073,302.89885953876745,8535300
2025-12-04,311.6742248535156,314.03074632461573,308.6176225735461,308.87399188892334,9627800
2025-12-05,310.6290588378906,314.0208969911127,310.2740836361238,311.2206641139725,6518900
2025-12-08,310.79669189453125,312.0390600856641,308.96274846028484,310.64879808375287,7417200
2025-12-09,296.30255126953125,314.336450228146,295.8193913272319,310.5403783790639,18049200
2025-12-10,305.7680969238281,306.8329925602339,294.2812160390869,296.2926621709551,18874100
2025-12-11,312.9363098144531,313.5476242674454,304.9102649889192,304.9102649889192,9721900
2025-12-12,314.06036376953125,315.7858618718594,312.16726270211575,315.2041261224818,8982900
2025-12-15,315.5393371582031,318.3593094805321,313.9321843288561,315.1153648797306,10864100
2025-12-16,311.1319274902344,315.0463441586525,309.9980348220149,314.6223718715413,8331300
2025-12-17,310.5699157714844,314.8984348971578,310.254388930852,313.97159360923496,8718700
2025-12-18,308.6176452636719,313.2518519730792,307.84856735129125,311.57564186364317,11444900
2025-12-19,312.7686767578125,314.099781180705,308.8049723403709,309.39657764946713,24494400
2025-12-22,318.56634521484375,318.7043994886834,313.0644852104395,313.0644852104395,8354600
2025-12-23,321.3666076660156,323.1907116116738,318.56637445826755,319.07908304324746,6668300
2025-12-24,324.561279296875,325.3697755465356,320.94265000334224,321.67227957875514,4289300
2025-12-26,323.3188781738281,326.2275566521161,321.96806459862194,324.502058709128,4158300
2025-12-29,319.2171325683594,323.1808371734579,319.0002116144308,322.4216288798564,8635300
2025-12-30,318.89178466796875,320.39049219725354,317.97478280166575,320.2623075229155,7904300
2025-12-31,317.70855712890625,320.3313177342217,317.5310845539587,319.79886991908165,5048500
2026-01-02,320.92291259765625,321.1694123071354,316.2492576445291,317.9846252281575,8054000
2026-01-05,329.3630676269531,332.5281155423397,320.63697169770103,320.942628937084,10752600
2026-01-06,331.41326904296875,332.6612412306879,327.49110960074296,329.44229029813283,7660800
2026-01-07,323.8660583496094,328.9767653957764,321.49890717343806,327.9764350864437,9815200
2026-01-08,326.63934326171875,328.2339475379842,322.53888044956136,323.27183137637843,11737100
2026-01-09,326.0450744628906,328.7291759216584,325.0348299492433,326.1936353875406,6738100
2026-01-12,321.3899841308594,322.90536610933975,318.16114900395775,318.8049332018166,12805100
2026-01-13,307.9298095703125,323.73732718365267,307.6029755260753,321.20178657189985,19371200
2026-01-14,304.9287414550781,308.78159262538577,303.19546018048277,305.2556057077196,25951500
2026-01-15,306.30548095703125,309.95031666446005,304.8098971346673,305.5230197927318,14751400
2026-01-16,309.48480224609375,314.17950872864606,307.0383983149945,307.38506061636195,14652500
2026-01-20,299.8477478027344,308.1774060521912,298.9761500928895,303.2845981841295,12900600
2026-01-21,299.15447998046875,302.4823658305288,298.2729680555718,300.53118494697816,10270100
2026-01-22,300.729248046875,305.2555953909441,300.0062112868251,301.9474777854751,10535800
2026-01-23,294.875732421875,299.4813025896872,293.67730062328087,299.11484222180513,11107900
2026-01-26,298.1640319824219,298.8969527426069,294.60833256531976,294.96487880777863,11752700
2026-01-27,297.44097900390625,299.08512378237486,295.3016109870806,298.45122352878457,11527400
2026-01-28,297.89654541015625,299.03558292254246,295.2025300603667,297.4013222225187,9556700
2026-01-29,303.49261474609375,303.898671192008,299.3327275624257,299.51100066931883,11580000
2026-01-30,302.9676818847656,304.98817089860455,299.66947824936375,302.333781642444,11953200
2026-02-02,305.1961669921875,306.3450582127215,298.49082554616626,301.55130128288636,9839400
2026-02-03,311.8420715332031,313.22869052113475,306.14700443281885,306.77099053389486,12688000
2026-02-04,314.23895263671875,316.25947197584406,311.40629013300924,311.40629013300924,9848800
2026-02-05,307.1968688964844,312.9909865673853,302.6210112179966,311.99062599899656,9388000
2026-02-06,319.3199462890625,321.15227836348157,311.7034102684662,311.7034102684662,17797400
2026-02-09,319.0228271484375,323.2817350541263,317.05181803840316,318.27007812796035,11477500
2026-02-10,315.2392883300781,323.01429884581904,312.1094739861534,319.4684837021083,9902200
2026-02-11,307.8505554199219,322.1724018130651,305.78052608370194,320.1518827061323,8703500
2026-02-12,299.7487487792969,310.6238322045743,297.1537535117247,309.2966374972976,13443400
2026-02-13,299.6595764160156,301.3829738793206,293.6871852314235,295.66807823097014,9114500
2026-02-17,304.1958312988281,305.29521237973853,299.6100592744303,299.8675850307636,8896800
2026-02-18,305.8300476074219,309.2966101142475,304.2849535938903,305.51309749540866,7209600
2026-02-19,305.10699462890625,306.2262038721237,302.2049939958365,304.2354272061944,6737700
2026-02-20,307.82086181640625,308.0288471084009,302.75966472033866,305.4536802835111,7792700
2026-02-23,294.8262023925781,308.02884001734253,292.2807478108573,305.84984577889935,12955400
2026-02-24,294.459716796875,296.886322684036,288.5962907533433,293.98432184665864,13554100
2026-02-25,300.40240478515625,300.75898123488724,294.1725181992404,295.7869507950724,8095500
2026-02-26,303.20538330078125,306.05787397622345,300.73918125790124,301.67017313360896,7007800
2026-02-27,297.4310607910156,300.0557680991628,291.636973162459,297.13393894248406,18620800
2026-03-02,294.7172546386719,297.11414843979566,290.4088063693875,291.9935267958635,8508900
2026-03-03,297.3914489746094,299.5011046657454,286.73423592223537,289.4975898716125,10278200
2026-03-04,296.52978515625,298.12438947518206,292.99388398032096,297.12402886142485,8055700
2026-03-05,290.74554443359375,298.3620800816865,289.63624924146006,295.1332451958745,12732500
2026-03-06,286.7144470214844,287.21955415339994,280.99955170429564,283.6044306839189,13496500
2026-03-09,287.1502685546875,288.31898819476027,277.77073879547015,282.7724816341387,12241100
2026-03-10,285.97161865234375,289.9532025593205,284.43640849634494,286.52626625452876,8344900
2026-03-11,284.77313232421875,287.70487537204474,282.13854132603683,286.05081661783123,10205000
2026-03-12,280.1874084472656,281.167940752382,276.4336079693154,280.1279538528093,13760500
2026-03-13,280.7321472167969,284.4463214441296,280.2468381234208,281.9504072447318,9091200
2026-03-16,283.4261474609375,286.506421278288,281.89093739443587,283.6044205599556,8149000
2026-03-17,284.1492004394531,288.97266988082987,283.2181783456238,286.23902796907333,8961200
2026-03-18,284.9910583496094,286.6451172582804,282.3960934275981,284.08974843243266,10057000
2026-03-19,285.2188415527344,286.7441374214082,281.9008401776293,284.1392586396808,9846700
2026-03-20,283.8223571777344,287.9327042603992,282.54467268192724,285.32782503235495,22436500
2026-03-23,287.14031982421875,292.9245231806114,285.2188513876401,291.4982779446762,11470800
2026-03-24,289.6065368652344,292.6571288676103,282.64369950840546,283.4360748065673,11092300
2026-03-25,292.59771728515625,294.7965097163498,289.6461758443202,291.3398308899875,12188200
2026-03-26,288.8736267089844,292.1718002190451,287.95251872814185,289.78482055260446,8669200
2026-03-27,280.13787841796875,287.3384134369941,279.05829538327214,286.3777093696089,9873300
2026-03-30,281.0589904785156,284.50575515603197,279.6327451103039,282.01972478590784,11734400
2026-03-31,291.3497314453125,292.25104134220237,282.22772810140145,285.71408872506316,12956900
2026-04-01,292.5580749511719,295.8661624411999,290.1116710297465,292.567989087923,11267200
2026-04-02,291.7855224609375,292.7957669317203,285.9616926535428,289.1212191631598,6669300
2026-04-06,294.125,295.4987855589938,291.88509063240025,292.7412191857173,7142600
2026-04-07,296.0662536621094,296.8427544058445,291.38734983011653,291.8253790066561,7849100
2026-04-08,306.5888366699219,309.8640903908154,303.96066179364243,306.5888366699219,10590200
2026-04-09,308.938232421875,309.8640846884941,304.73715687535,305.5734164156603,6586600
2026-04-10,308.4803161621094,308.9581744354404,305.344449093958,308.6097380099313,6069700
2026-04-13,312.2732238769531,312.33295236293975,304.0900871089203,306.0910825316173,8318200
2026-04-14,309.7247009277344,312.91036189245165,307.4847916064935,308.4305432499699,11455500
2026-04-15,304.5579833984375,312.8307129741003,302.8954898881459,312.54203541599225,9885800
2026-04-16,308.5599670410156,308.5599670410156,303.8312695552229,303.98059076810495,8208600
2026-04-17,308.8984375,313.4877482505245,308.69932229637936,311.068653468178,11082400
2026-04-20,315.5683898925781,315.70777661938337,308.9780833700189,309.45594165814435,10772000
2026-04-21,311.5962829589844,318.8038038717339,311.3474041387296,316.0661368489313,7084300
2026-04-22,311.6161804199219,313.73663281642627,310.5410372905177,313.43799038623484,5545900
2026-04-23,310.29217529296875,313.57736372602733,307.5047445243564,312.11395497732667,6969700
2026-04-24,306.8974609375,309.7545850384977,306.5092257615542,309.7545850384977,5215300
2026-04-27,310.232421875,311.1781431330245,305.50372444273444,305.50372444273444,7925300
2026-04-28,310.0532531738281,314.03531438457196,309.7745101043047,313.78643555890045,7398600
2026-04-29,307.86309814453125,310.65052875636707,305.91189671624613,309.1771855961317,8031800
2026-04-30,311.82525634765625,312.6913497643884,305.1951210592971,305.6928786901284,8865400
2026-05-01,311.06866455078125,314.6624601726697,310.43152018106696,312.54203812020876,6135400
2026-05-04,306.270263671875,309.2568094519629,305.13539207341324,309.22694520939064,7338200
2026-05-05,308.0124206542969,309.5753869306937,305.42407485773,306.32999740556414,6316800
2026-05-06,313.4877624511719,314.84167905955115,309.95369528217543,310.0532528884956,8629500
2026-05-07,304.8964538574219,314.8814709002291,304.76706239082745,313.23887676443206,8359600
2026-05-08,300.74517822265625,307.60426284206056,299.1523476664256,306.86759124184925,9464300
2026-05-11,298.6545715332031,301.83026757429667,297.5395993270601,300.74515961007836,9512000
2026-05-12,303.5126953125,304.6873960201211,294.2245209852311,298.67447538308426,9498200
2026-05-13,298.9034729003906,301.6411400127173,298.72428743531935,300.91440289675086,7709500
2026-05-14,298.56500244140625,302.38777761395096,297.4699295162906,300.8945046380796,7364300
2026-05-15,296.4743957519531,299.44104214981957,295.1205095874812,298.86362628854243,8699300
2026-05-18,299.3813171386719,299.908939014877,295.8870488301784,296.6635495230975,7546300
2026-05-19,294.3738708496094,300.436555061437,293.935841710235,299.7396822358739,8066900
2026-05-20,300.625732421875,301.57145376364997,292.35300240137923,295.3694126574367,9327000
2026-05-21,301.6411437988281,302.6167597554335,298.8636475324957,299.8790926087445,7874400
2026-05-22,305.0059814453125,306.07119010408854,302.4773640852478,303.31359328873907,5973900
2026-05-26,305.3643493652344,308.54004556072954,304.0701916446211,307.1065011172144,7725400
2026-05-27,297.93780517578125,304.52811132231307,294.42363753054383,303.63215366632585,11779200
2026-05-28,295.3992614746094,299.7197941661088,294.4236455581874,296.23549066837876,9757700
2026-05-29,297.9676818847656,298.53513289689414,293.87612858626386,295.070728717322,13969000
2026-06-01,295.2499084472656,298.20659004481905,293.94578586060317,296.3549462063085,7930000
2026-06-02,299.6102600097656,300.7152977310929,293.9457758280521,295.17027051801705,8296200
2026-06-03,299.50079345703125,300.60580089187994,295.23002417973413,298.5749714904202,7003900
2026-06-04,309.4957580566406,311.5066879726736,303.0746723882986,304.36883009196185,10345200
2026-06-05,310.9691162109375,313.58732636819616,308.211549706599,312.8805189963161,9118800
2026-06-08,309.7147521972656,314.88147906470095,309.3862455138746,311.84516953437026,6827000
2026-06-09,311.2976379394531,315.0009559692908,307.62418415256917,312.1040028799189,11594600
2026-06-10,307.75360107421875,313.3384270822022,307.64407859799763,311.1582462393224,7446200
2026-06-11,312.0840759277344,313.30857066124145,307.4947650619962,308.1717081621576,9116600
2026-06-12,319.28167724609375,319.85906276888113,314.1348496322589,314.5529794375797,7426200
2026-06-15,317.96759033203125,324.4583697274161,317.41010417767774,322.4673390673774,7988900
2026-06-16,329.6549377441406,330.26218746993305,322.56684357389287,322.8455866314347,11094900
2026-06-17,331.9645080566406,336.25517637046335,330.01330666560995,330.69024974688585,12246400
2026-06-18,323.761474609375,336.57375116590936,322.70623086248213,335.4388795655989,20111000
2026-06-22,329.993408203125,331.2776010100568,325.28461010223134,328.22139226156105,10182500
2026-06-23,332.6414794921875,333.86594380335947,325.7425357353925,327.9924099173137,7582200
2026-06-24,331.95458984375,333.02973300317086,328.291070440402,331.57628916780243,7907400
2026-06-25,333.6170654296875,341.90972446819404,333.2586945227413,333.4577793441399,10043100
2026-06-26,327.57427978515625,334.8913229247855,326.03124330500606,334.49312290223526,17640900
2026-06-29,327.91278076171875,330.8993264933345,325.73259994718205,326.80774304304947,7981800
2026-06-30,325.86199951171875,328.95806779511634,325.2149206632551,327.41503128103255,8080100
2026-07-01,332.5718078613281,334.13477419390347,323.5524415571975,326.89735842569155,15210200
2026-07-02,332.9700012207031,338.4751995750331,330.2820977776739,336.5040683580973,8413900
2026-07-06,337.7200012207031,339.7200012207031,334.1099853515625,335.0,8673500
2026-07-07,339.2200012207031,341.3999938964844,337.0899963378906,340.9800109863281,7115800
2026-07-08,330.6199951171875,336.5299987792969,330.1300048828125,336.5299987792969,18505200
2026-07-09,335.4700012207031,337.0,330.80999755859375,331.4599914550781,15570600
2026-07-10,336.4700012207031,338.5899963378906,335.7699890136719,337.4700012207031,6299000
2026-07-13,334.5299987792969,338.3500061035156,332.5,338.3399963378906,7120300
2026-07-14,342.8900146484375,344.7300109863281,325.75,327.0,14537900
2026-07-15,346.9100036621094,351.239990234375,344.04998779296875,345.8500061035156,10750000
2026-07-16,343.1499938964844,349.3399963378906,341.1099853515625,349.2799987792969,12432400
2026-07-17,341.1000061035156,346.1300048828125,335.04998779296875,339.0299987792969,9250900
2026-07-20,338.8699951171875,344.260009765625,337.3699951171875,341.79998779296875,7723300
2026-07-21,345.2300109863281,345.739990234375,337.29998779296875,340.1199951171875,6015300
2026-07-22,348.2099914550781,349.07000732421875,344.25,345.07000732421875,8040200
2026-07-23,349.8999938964844,349.9200134277344,345.4200134277344,346.5799865722656,10913000
2026-07-24,353.2099914550781,353.3699951171875,347.5,350.6400146484375,7520800
2026-07-27,356.20001220703125,359.04998779296875,352.5799865722656,357.8900146484375,7884900
2026-07-28,357.30999755859375,359.29998779296875,354.1499938964844,357.29998779296875,6533800
