Price,Close,High,Low,Open,Volume
Ticker,KO,KO,KO,KO,KO
Date,,,,,
2010-01-04,17.20524787902832,17.25954223069631,17.163019194541075,17.241443729925198,13870400
2010-01-05,16.997127532958984,17.19017485115478,16.93378447497779,17.147944995188062,23172400
2010-01-06,16.991090774536133,17.024269639778773,16.885517892105838,16.99712245865619,19264600
2010-01-07,16.94886589050293,17.003160268634907,16.816146938761378,16.991095746219067,13234600
2010-01-08,16.635162353515625,16.78296278490559,16.51450795386838,16.72866842012889,28712400
2010-01-11,16.972993850708008,17.02728821800888,16.529590234632778,16.635163126893666,28642400
2010-01-12,17.156986236572266,17.19318208720674,16.90964581438688,16.918694489384166,23269800
2010-01-13,17.20223045349121,17.32288482096798,17.099674586329552,17.150953095233046,15157400
2010-01-14,17.232397079467773,17.26859293461724,17.12380836337389,17.205249900444304,12392600
2010-01-15,16.97902488708496,17.298757071041063,16.9036161794507,17.178103829213583,27460800
2010-01-19,17.018238067626953,17.03935356619607,16.867420639233323,16.957912016786032,14615400
2010-01-20,16.74073028564453,17.009185055671427,16.6773872580159,16.939809194366923,18810200
2010-01-21,16.39988899230957,16.764868091382574,16.3455946189151,16.755818262052955,27396800
2010-01-22,16.36067771911621,16.547691037642526,16.28225199961928,16.393856592054004,23551400
2010-01-25,16.393850326538086,16.451161672877387,16.25208275810678,16.436080163552194,16853200
2010-01-26,16.330516815185547,16.439105586650278,16.249075236586997,16.309402459694745,15515000
2010-01-27,16.442108154296875,16.487353822756862,16.197784766419357,16.288274952694184,20414800
2010-01-28,16.342573165893555,16.54165208311498,16.327491656382694,16.502439237870412,20905200
2010-01-29,16.363691329956055,16.571818971348854,16.25811958808558,16.421001539736356,22146800
2010-02-01,16.40289878845215,16.457193138023612,16.2882772559518,16.44211047930741,14517600
2010-02-02,16.604995727539062,16.653257250145884,16.333525094367733,16.448145491405523,16888600
2010-02-03,16.550697326660156,16.577844498408503,16.448141472349203,16.56577883304364,15899400
2010-02-04,16.116352081298828,16.493395689506933,16.10730340290848,16.454182832072473,21342800
2010-02-05,16.0137939453125,16.116349838498948,15.84487801810964,16.059039632259257,29285000
2010-02-08,15.881072998046875,16.068086255608385,15.85694166125418,16.068086255608385,16721200
2010-02-09,16.291297912597656,16.583884088364258,16.098251790681992,16.194774851639824,31495000
2010-02-10,16.224933624267578,16.469257037547326,16.03791924912461,16.469257037547326,18717600
2010-02-11,16.354637145996094,16.387817153883127,16.068083892279795,16.167622765295594,26327200
2010-02-12,16.282249450683594,16.408936689020816,16.173660718007593,16.264150945022372,24640000
2010-02-16,16.535619735717773,16.535619735717773,16.267164946331174,16.442112532966465,19339400
2010-02-17,16.689451217651367,16.755810080005205,16.51751835209506,16.53260101006413,17064600
2010-02-18,16.864404678344727,16.867420520607297,16.63516269508273,16.63516269508273,17264600
2010-02-19,16.807090759277344,16.861385113180962,16.644207697566486,16.831220943987063,18944800
2010-02-22,16.70453453063965,16.849319087760115,16.671354520553535,16.83122058662804,13487600
2010-02-23,16.53864288330078,16.77090075446144,16.526577210588417,16.71359053504653,14835600
2010-02-24,16.6381778717041,16.644210706633544,16.496409127476237,16.589916342914176,14470600
2010-02-25,16.022842407226562,16.161595308364948,15.869009144835971,16.028875242114804,63648600
2010-02-26,15.902186393737793,16.013790943132317,15.754384841313636,16.013790943132317,63095400
2010-03-01,16.068082809448242,16.098245823324508,15.923298271680764,16.053001302510108,39449800
2010-03-02,16.077136993408203,16.194774398745423,16.031892457087682,16.101268333295643,24506200
2010-03-03,16.267168045043945,16.324478254046596,16.040941900694897,16.077137761609958,26574200
2010-03-04,16.430051803588867,16.60198358813291,16.3848061126475,16.4994276858921,28983200
2010-03-05,16.499420166015625,16.574828849452036,16.3968643105163,16.49640317431686,24238600
2010-03-08,16.427030563354492,16.550700782554507,16.384801876405035,16.505456253956698,18915600
2010-03-09,16.342573165893555,16.466243384915266,16.273197301627267,16.390834686715554,23070000
2010-03-10,16.348609924316406,16.39988729909156,16.30034839190921,16.366707279815547,21574800
2010-03-11,16.29994773864746,16.354686463476387,16.11748609592626,16.354686463476387,29130600
2010-03-12,16.223926544189453,16.351650659014616,16.196557173874286,16.32732181426195,22334400
2010-03-15,16.315155029296875,16.372934283014423,16.23000525111064,16.339482708733716,23874000
2010-03-16,16.33036994934082,16.38206702476253,16.290836141035992,16.360779857228458,22287800
2010-03-17,16.37293243408203,16.41854842296138,16.29994708388763,16.36685022489393,26074400
2010-03-18,16.406387329101562,16.433756695962618,16.342525859780103,16.391182383081645,23496200
2010-03-19,16.649667739868164,16.74394024880329,16.299948227425695,16.649667739868164,43610800
2010-03-22,16.585817337036133,16.680088748760646,16.543243001410396,16.570612382893177,18127400
2010-03-23,16.816930770874023,16.829095194680093,16.54627872153715,16.637509579956063,19081200
2010-03-24,16.61013412475586,16.835171242519383,16.60709359994926,16.792596934849687,17052600
2010-03-25,16.664880752563477,16.7804404710699,16.619265898461272,16.698332341609817,16638800
2010-03-26,16.619264602661133,16.716577675901142,16.57364859205217,16.66183892719572,16276800
2010-03-29,16.65574836730957,16.713527613067285,16.625337322124388,16.664871100833746,13853600
2010-03-30,16.6861572265625,16.740895944467724,16.60709083406756,16.695281119588493,13631600
2010-03-31,16.725692749023438,16.81388304375154,16.573640996759586,16.661831291487694,22922000
2010-04-01,16.816930770874023,16.856464568212097,16.765233709793183,16.835177406583128,14346000
2010-04-05,16.68311882019043,16.895991510172486,16.61925736121466,16.895991510172486,19191800
2010-04-06,16.509780883789062,16.677037592888208,16.48849372954351,16.677037592888208,17604200
2010-04-07,16.366849899291992,16.51281943671409,16.287783501545228,16.51281943671409,24060800
2010-04-08,16.348608016967773,16.35469022780012,16.251294963776417,16.35469022780012,19466800
2010-04-09,16.60101318359375,16.607095393926862,16.375976041520644,16.394222672519977,20640600
2010-04-12,16.652711868286133,16.683122922941088,16.57668597174343,16.619261448260364,16930400
2010-04-13,16.73177719116211,16.75002382149138,16.619259204289023,16.628381939422177,15055000
2010-04-14,16.710491180419922,16.743942758283417,16.619260342650506,16.734818862462344,13865200
2010-04-15,16.50066375732422,16.655757270515803,16.461131117545747,16.652715584339994,20351000
2010-04-16,16.716569900512695,16.768266939097867,16.473286170508043,16.491532798277234,35075600
2010-04-19,16.823015213012695,16.823015213012695,16.701373278952474,16.719619917080546,26468600
2010-04-20,16.56452178955078,16.81388662355005,16.518905790134525,16.792599466505948,32508800
2010-04-21,16.479372024536133,16.597973391172932,16.421592763915427,16.5949317058406,19263200
2010-04-22,16.515859603881836,16.57667936883948,16.42158711209724,16.464161411592652,20295600
2010-04-23,16.385101318359375,16.561480792636846,16.34252700250147,16.561480792636846,21675400
2010-04-26,16.339481353759766,16.52802520399596,16.339481353759766,16.421589440168148,17890800
2010-04-27,16.07795524597168,16.37901828742044,16.068832510191218,16.318197342070253,27600400
2010-04-28,16.226964950561523,16.29082641503697,15.983682352514867,16.120528016372845,24754600
2010-04-29,16.342525482177734,16.479371153258107,16.287786749720386,16.306032220497507,17437600
2010-04-30,16.254335403442383,16.409427707559637,16.239130457558417,16.306032451460464,19349600
2010-05-03,16.348608016967773,16.40638843984352,16.19959791179612,16.333403069918454,16123400
2010-05-04,16.172224044799805,16.36076788790695,16.132690265417367,16.23608550068182,23282800
2010-05-05,16.31819725036621,16.39118261638889,16.17830988889104,16.248253569628627,23670400
2010-05-06,15.90461540222168,16.482412610129188,15.573142486960357,16.321236940098135,47912000
2010-05-07,16.017133712768555,16.06883192044088,15.673497530268586,15.871164145323231,43535600
2010-05-10,16.433752059936523,16.448957001667065,16.193510036380804,16.375971657272693,35311400
2010-05-11,16.30299186706543,16.442879224790385,16.26954029020446,16.30603239220597,23165200
2010-05-12,16.427675247192383,16.452002929939567,16.24521240630465,16.360772089527238,24005400
2010-05-13,16.266502380371094,16.421594708860304,16.25433795772714,16.40638976058696,19319800
2010-05-14,16.220884323120117,16.315156846588007,16.07491475005126,16.226966533672535,25868200
2010-05-17,16.242164611816406,16.284738907617196,16.0718662685507,16.2634517597168,17393400
2010-05-18,16.14789581298828,16.336440823219355,16.141814763682728,16.330358613850983,20435600
2010-05-19,16.153980255126953,16.223923932436474,15.953271958480462,16.117488153935675,21119200
2010-05-20,15.673495292663574,15.96543438587594,15.670453607907268,15.96543438587594,29290400
2010-05-21,15.688702583312988,15.728236370619454,15.296408715585702,15.460624915108243,34233400
2010-05-24,15.649169921875,15.773852343061263,15.51536476452438,15.573144027003787,16832600
2010-05-25,15.393717765808105,15.427169334072602,15.186927307502785,15.317691896138877,28693800
2010-05-26,15.229501724243164,15.472784258483243,15.186926265696348,15.457579317604981,32607800
2010-05-27,15.579214096069336,15.585296302126409,15.284233482643335,15.390670348548829,22663600
2010-05-28,15.63092041015625,15.798177103637311,15.509278545772133,15.564017268738706,23577000
2010-06-01,15.597471237182617,15.846836053447365,15.42717283287814,15.545773030850038,24274800
2010-06-02,15.938069343566895,15.938069343566895,15.56098037590648,15.673499541132651,18742200
2010-06-03,16.041458129882812,16.11748399779695,15.950227320398385,16.017129295320203,23564400
2010-06-04,15.59139633178711,15.855966217375881,15.515370409256489,15.855966217375881,23942800
2010-06-07,15.44845962524414,15.661332335604754,15.439336890249367,15.579224240462962,20177800
2010-06-08,15.679588317871094,15.758654775132477,15.363320168698294,15.445428312814135,22429800
2010-06-09,15.61571979522705,15.76777159911461,15.560981053022473,15.679582434507857,17645800
2010-06-10,15.950230598449707,15.96543554314488,15.770809466895658,15.770809466895658,18790000
2010-06-11,15.839832305908203,15.864365803032536,15.680360480029455,15.858232136282124,14946000
2010-06-14,15.796890258789062,15.93796219731938,15.781556683044439,15.928761115971133,13656400
2010-06-15,16.002365112304688,16.008498777035918,15.81222618514422,15.895028904200455,16368600
2010-06-16,16.0698299407959,16.08209609708879,15.87662364819433,15.89502463744859,16784800
2010-06-17,16.057575225830078,16.161845240408617,15.959438879153513,16.10050973126638,20740200
2010-06-18,16.042234420776367,16.171037879113836,16.026899672984474,16.066767911464787,28405800
2010-06-21,16.09436798095703,16.247706091869208,16.029966255144384,16.19863794317239,18346400
2010-06-22,16.08823585510254,16.27837597313345,16.07903594192839,16.08823585510254,20805000
2010-06-23,16.020769119262695,16.146506345205967,15.950232546527335,16.118905433663436,20718000
2010-06-24,15.885831832885742,16.094371806890315,15.845963587005603,15.980901905406927,17401400
2010-06-25,15.413542747497559,15.925692525112103,15.413542747497559,15.882758051394756,57969600
2010-06-28,15.665024757385254,15.757027406314155,15.52088653314111,15.55768735873724,23525400
2010-06-29,15.435015678405762,15.625154619118682,15.364479113907455,15.511684738195472,23502600
2010-06-30,15.370619773864746,15.511691797182735,15.336885185025176,15.450356287463288,21933800
2010-07-01,15.34300708770752,15.425809786852627,15.171269196037644,15.425809786852627,26030800
2010-07-02,15.349146842956543,15.47488406492354,15.287811355926449,15.401282416389114,16270200
2010-07-06,15.46568489074707,15.542353960730994,15.339947662768525,15.514753048741696,18338200
2010-07-07,15.784626007080078,15.821426827288494,15.425814207947822,15.499417018241637,23480000
2010-07-08,16.075963973999023,16.08209763767135,15.81222345534934,15.849024267506573,21562600
2010-07-09,16.0698299407959,16.09743083973898,15.968626254712397,16.057562614626395,12948000
2010-07-12,16.085166931152344,16.091300595540304,15.931828831083928,15.996230552342215,10770600
2010-07-13,16.16796875,16.23850413173916,16.13116676571077,16.174102414048207,13706400
2010-07-14,16.198644638061523,16.2293118049679,16.075973630681155,16.118909302178484,12392600
2010-07-15,16.207843780517578,16.23851211583751,16.04530569789275,16.16797669941773,14970600
2010-07-16,16.060636520385742,16.278377569164828,16.011568362184224,16.183307500828125,19563800
2010-07-19,16.029964447021484,16.121967069215835,15.962495311469782,16.112767157959443,11367400
2010-07-20,16.327438354492188,16.364239164056134,15.92262476978221,15.937959512820777,19539000
2010-07-21,16.585054397583008,16.802794283668796,16.339712428603693,16.407181587060727,36364000
2010-07-22,16.6402530670166,16.769057702340152,16.551317842250874,16.56358400333358,20692000
2010-07-23,16.7905216217041,16.815056278765283,16.548247147670715,16.621849948977417,16177400
2010-07-26,16.848796844482422,16.861064178231242,16.775195181744177,16.815063431489172,13305800
2010-07-27,16.882526397705078,16.943861878298755,16.8119910044793,16.839591912252605,17905400
2010-07-28,16.83039093017578,16.928527224939042,16.79665635949899,16.882525324947615,12954800
2010-07-29,16.8641300201416,16.962266341203662,16.76292628099041,16.891730933557632,18292600
2010-07-30,16.900928497314453,16.956130316468474,16.692388551594163,16.77825752811061,16672600
2010-08-02,17.299602508544922,17.324137163410114,17.066529136709256,17.11866352348269,32091200
2010-08-03,17.29041290283203,17.336413653305183,17.192276564636394,17.256678317225262,15427400
2010-08-04,17.342540740966797,17.38854264386439,17.23827077495898,17.333340828338073,11974400
2010-08-05,17.287336349487305,17.302669924876014,17.112531016327047,17.299603677748998,15099800
2010-08-06,17.403881072998047,17.41614840650728,17.066537590635356,17.20454099804362,18090600
2010-08-09,17.514278411865234,17.603214792883605,17.284271256051653,17.287337503383334,18731000
2010-08-10,17.474409103393555,17.603213711069394,17.333338337267918,17.37013915237095,15376000
2010-08-11,17.186128616333008,17.403868362654904,17.167727629507716,17.247464069207524,24302000
2010-08-12,17.07879638671875,17.13399819381971,16.974526436625467,17.029728243726428,18782800
2010-08-13,17.091062545776367,17.167731587074417,16.980658939126897,17.063461644114,14906800
2010-08-16,17.137069702148438,17.1524032811424,16.90399508988264,17.023598643863497,13958400
2010-08-17,17.210670471191406,17.302673110338365,17.02053152763742,17.180003314768094,18060600
2010-08-18,17.124797821044922,17.210666776497927,17.05426244051184,17.207600529464653,16616800
2010-08-19,16.953062057495117,17.091066598531572,16.857993172463228,17.091066598531572,18781400
2010-08-20,16.959199905395508,17.002134402112283,16.84266257868048,16.84266257868048,19263200
2010-08-23,17.051193237304688,17.13399593704994,16.99292519076247,17.023592337389605,15240000
2010-08-24,17.069602966308594,17.155471956728128,16.913198566633405,16.913198566633405,24366400
2010-08-25,16.986801147460938,17.084937476096517,16.88559857037682,16.99600106268386,15853800
2010-08-26,16.9162654876709,17.02666914824517,16.85799740897994,16.9990682331016,14817400
2010-08-27,17.222942352294922,17.235209686056287,16.87639777773903,17.002135024099687,19665600
2010-08-30,17.035858154296875,17.24746542485239,17.02359082878247,17.23519809933799,10220000
2010-08-31,17.137069702148438,17.186137856855378,16.867194266321704,16.928529752174654,18567800
2010-09-01,17.57561683654785,17.578683084394044,17.256673246197735,17.290407821891296,24166000
2010-09-02,17.59708023071289,17.60934638929081,17.4376084704316,17.60934638929081,14701200
2010-09-03,17.652286529541016,17.664552691239393,17.508148308221664,17.590951041540624,14865400
2010-09-07,17.673748016357422,17.72894982058408,17.60321263759597,17.640013450454827,14392200
2010-09-08,17.735088348388672,17.851624482715643,17.69522010776257,17.704420021031257,18378800
2010-09-09,17.876155853271484,17.93749132681625,17.72895141869015,17.857754860244995,18106600
2010-09-10,17.946693420410156,17.983494241060644,17.787221637755387,17.873090609232186,18445600
2010-09-13,17.931251525878906,18.076481756504116,17.844731990395086,18.070301621292376,18019600
2010-09-14,17.795284271240234,17.959053656828168,17.78292400624574,17.87562363622495,20985200
2010-09-15,17.74275779724121,17.79837782371294,17.680958815597084,17.727308051830178,17402400
2010-09-16,17.77056121826172,17.82309174766038,17.690221864683245,17.73657226246209,16574000
2010-09-17,17.786008834838867,17.915788038543745,17.73965844566463,17.813818832595537,19971200
2010-09-20,17.912700653076172,17.92197026049703,17.782920255486655,17.80455012529499,14062200
2010-09-21,17.955963134765625,17.983773140014595,17.813823631821865,17.86326351018229,14754000
2010-09-22,17.9930419921875,18.082652136303533,17.95287172435279,17.968322643416652,15176000
2010-09-23,17.881811141967773,18.01159162044313,17.83546189723676,17.928161565439023,12696000
2010-09-24,18.11355972290039,18.1691797559497,17.993050044206942,18.020860060731597,13812000
2010-09-27,18.107376098632812,18.187716654772114,18.091926354372156,18.153726510154712,10544400
2010-09-28,18.261871337890625,18.302041605927915,18.033212350963737,18.104282099805317,19884000
2010-09-29,18.15681266784668,18.230973076974763,18.051752775846726,18.230973076974763,15742000
2010-09-30,18.082651138305664,18.280410632516432,17.999221130671827,18.187711016947578,15849600
2010-10-01,18.268051147460938,18.30513193825936,18.08265190842727,18.243331799001602,16454400
2010-10-04,18.193897247314453,18.243337137440037,18.09192681088921,18.209346991964956,11523800
2010-10-05,18.43491554260254,18.45345594239954,18.23406533705799,18.27732626991766,20063000
2010-10-06,18.47817039489746,18.481261050080363,18.342211035339297,18.425641044183937,14123400
2010-10-07,18.366933822631836,18.44109423729476,18.292774586708717,18.438003581533078,14960800
2010-10-08,18.357664108276367,18.447274265017946,18.249514732029496,18.37929398352574,16189400
2010-10-11,18.40401268005371,18.422551897711063,18.332942928641277,18.40401268005371,12997000
2010-10-12,18.416378021240234,18.478178184816223,18.336038633709503,18.336038633709503,16164400
2010-10-13,18.52143669128418,18.53070748137374,18.434917175381603,18.453457576820725,24011000
2010-10-14,18.512163162231445,18.53379303662959,18.441093406531866,18.521432771619292,14491600
2010-10-15,18.52143669128418,18.53379695891026,18.459637710633768,18.52761682509722,19697600
2010-10-18,18.53997802734375,18.53997802734375,18.478177864837924,18.48126852127025,19661800
2010-10-19,18.645030975341797,18.6852012427549,18.487441739705194,18.527610828378677,35052800
2010-10-20,18.895326614379883,19.059096030408416,18.654306117146607,18.654306117146607,32398000
2010-10-21,18.99420166015625,19.080721152151497,18.852060979213054,18.852060979213054,23266400
2010-10-22,19.03746223449707,19.077632505559723,18.981842221868696,19.000382618991395,9534600
2010-10-25,18.852067947387695,19.080728204844437,18.845888991738153,18.938588650102734,21228200
2010-10-26,18.923131942749023,18.96330103339567,18.7779017848644,18.784081916980732,15502200
2010-10-27,18.90768051147461,18.910771166818982,18.632671122807373,18.85515115801666,19029400
2010-10-28,18.913860321044922,19.02201086020145,18.811891092471782,18.935490193128302,16533600
2010-10-29,18.947853088378906,19.003473103957965,18.858242932308222,18.895323728520786,14239600
2010-11-01,19.068363189697266,19.142523605173487,18.913863404633297,18.963303288704175,17996800
2010-11-02,19.114713668823242,19.13943302158203,19.089993137324637,19.096173270199287,13196000
2010-11-03,19.14252471923828,19.14252471923828,18.935494382259023,19.105445098712103,15687400
2010-11-04,19.29701805114746,19.358818183822176,19.12088843920518,19.139427653889953,27487000
2010-11-05,19.337186813354492,19.358816681300933,19.157966560381816,19.28774576806046,16013800
2010-11-08,19.300111770629883,19.33410191001095,19.25067188936826,19.312472035630226,11142200
2010-11-09,19.35572624206543,19.37735611025265,19.266116114581564,19.309377029695415,16637600
2010-11-10,19.327917098999023,19.355727099148236,19.25066722955559,19.33100775387086,18013800
2010-11-11,19.405176162719727,19.405176162719727,19.269216752427187,19.309387033617718,16253600
2010-11-12,19.44225311279297,19.45461337895728,19.278483711705366,19.380454139451135,20022800
2010-11-15,19.454608917236328,19.568939584925808,19.411349174322293,19.43297904577931,22949400
2010-11-16,19.182693481445312,19.46079238154817,19.102352934784193,19.439162506387053,23609000
2010-11-17,19.318653106689453,19.38045325595386,19.18887267536022,19.201232940961063,16749200
2010-11-18,19.726531982421875,19.760522122663097,19.420621898990667,19.429892687345404,41436000
2010-11-19,19.874853134155273,19.877943790087357,19.636923313199183,19.65237305664,40774800
2010-11-22,19.859403610229492,19.871763877348346,19.64619548549897,19.79451397596543,33680600
2010-11-23,19.65854835510254,19.775968498107133,19.553488475306764,19.754338626861493,17662200
2010-11-24,19.964466094970703,19.9706450502213,19.720356106670927,19.72653624066156,16093000
2010-11-26,19.809961318969727,19.890301861982348,19.775971179905905,19.81305197456084,9016800
2010-11-29,19.722841262817383,19.803737002054515,19.56105097122858,19.772622799699672,22397800
2010-11-30,19.654388427734375,19.781954859038354,19.576604713164805,19.585939565995155,23550600
2010-12-01,20.130422592163086,20.16153797424225,19.859736808729235,19.893960643114823,20951600
2010-12-02,20.192657470703125,20.211324806932367,20.07131503767076,20.11487373805309,22773600
2010-12-03,20.068208694458008,20.20510886221323,20.06198703854723,20.161550149522352,20677800
2010-12-06,19.909523010253906,20.065089275220483,19.909523010253906,20.02775460598939,22221600
2010-12-07,19.956193923950195,20.089982036814295,19.949972269901885,20.03397765529511,19714600
2010-12-08,20.03397560119629,20.04953329537857,19.934412530233917,19.934412530233917,18226600
2010-12-09,20.17087745666504,20.195768819998918,20.086869698855956,20.102427394382396,19622400
2010-12-10,20.114871978759766,20.192655704606654,19.999751209948833,20.183322037308375,17909400
2010-12-13,20.177099227905273,20.21443627312314,20.00597644497497,20.033977448560066,18748400
2010-12-14,19.881515502929688,20.18642629768111,19.81928830145821,20.170870980919677,27936800
2010-12-15,20.142873764038086,20.208211811438044,19.834850862360838,19.881521574438246,26126600
2010-12-16,20.329551696777344,20.357555070030944,20.12731592601245,20.177096271905572,28817200
2010-12-17,20.441566467285156,20.45712416520833,20.17710221899112,20.22999459389564,29294200
2010-12-20,20.32023048400879,20.454018657887172,20.282895795150193,20.366901218854213,18271400
2010-12-21,20.3762264251709,20.41045145825294,20.273553699695963,20.332667723752152,18720200
2010-12-22,20.407331466674805,20.407331466674805,20.23309672911088,20.351329478546628,15419800
2010-12-23,20.40422248840332,20.497561512076604,20.36999746759201,20.385552784652386,13063600
2010-12-27,20.24555015563965,20.3948959691213,20.242438141629087,20.3948959691213,9923800
2010-12-28,20.33577537536621,20.35755472140349,20.242433964480345,20.26110367091993,9861600
2010-12-29,20.363779067993164,20.4291194885186,20.332666051505957,20.345111732855038,8747200
2010-12-30,20.37933349609375,20.410446507593203,20.33577480524039,20.35755415066707,9285800
2010-12-31,20.46334457397461,20.472680616422842,20.335780479104145,20.335780479104145,10773400
2011-01-03,20.292219161987305,20.497566967740497,20.25799413206661,20.497566967740497,18945600
2011-01-04,19.8721866607666,20.282885839923512,19.853519325499587,20.229991100381948,27940400
2011-01-05,19.753955841064453,19.89707761396377,19.557940516598133,19.847296076134203,34379000
2011-01-06,19.61083221435547,19.806847532155707,19.548606184348802,19.7944018514002,21712400
2011-01-07,19.57660675048828,19.60149811144591,19.464599186835198,19.533048055697844,16592800
2011-01-10,19.62016487121582,19.66372356209678,19.464597439849367,19.508156130730324,14904600
2011-01-11,19.505050659179688,19.732179042724287,19.498827817411737,19.707288862538185,15504000
2011-01-12,19.613950729370117,19.713513834645227,19.508164781654585,19.666843109784967,14223200
2011-01-13,19.725955963134766,19.869077752803587,19.641949385663338,19.679285246688764,17947600
2011-01-14,19.641952514648438,19.716624248594584,19.59528179076774,19.716624248594584,12631400
2011-01-18,19.750837326049805,19.83173304019827,19.654385108991278,19.666830786073366,16344000
2011-01-19,19.732173919677734,19.887741362829598,19.660613038254123,19.813069654772526,18326800
2011-01-20,19.5797176361084,19.87529600258287,19.52371326406543,19.794400271016208,20580000
2011-01-21,19.529937744140625,19.663725845603125,19.514381236574497,19.657503005199583,16708200
2011-01-24,19.679277420043945,19.68550025888757,19.50193066709871,19.561045855785405,15062800
2011-01-25,19.589054107666016,19.697952040848495,19.458378012109662,19.66994985081706,18195800
2011-01-26,19.589054107666016,19.691729200076452,19.55794109069132,19.654392155444192,13657000
2011-01-27,19.50815773010254,19.66683600087599,19.489489209529317,19.660613160684917,13520400
2011-01-28,19.355703353881836,19.688617627898132,19.333924004133895,19.554829515511898,23842400
2011-01-31,19.55482292175293,19.55482292175293,19.256133780023873,19.389921847297646,15717800
2011-02-01,19.617055892944336,19.701062461305355,19.554828673393338,19.564163527801558,16028000
2011-02-02,19.557941436767578,19.750844756572253,19.46460119730632,19.648170849230528,15595200
2011-02-03,19.46771240234375,19.59527767569126,19.33081346093453,19.508160275420444,12997400
2011-02-04,19.464601516723633,19.55794175771662,19.402374293766453,19.492603707710085,9374600
2011-02-07,19.45215606689453,19.498825594505192,19.389928843194742,19.498825594505192,12012800
2011-02-08,19.561050415039062,19.57660692233143,19.396149301346224,19.424151489226652,13056800
2011-02-09,19.648164749145508,20.14597999630793,19.561046190728206,19.943741884525288,29979600
2011-02-10,19.769515991210938,19.769515991210938,19.54549843626464,19.65128437200198,18352400
2011-02-11,19.778846740722656,19.806848930957408,19.6388357895489,19.673060820600877,19098000
2011-02-14,19.645057678222656,19.834850159849953,19.60149898149878,19.80995879778747,12122600
2011-02-15,19.660612106323242,19.669946959551947,19.461485978429277,19.573494722090967,16289200
2011-02-16,19.725955963134766,19.75395815562524,19.564165649510418,19.626392875809877,12992800
2011-02-17,20.083763122558594,20.13665549738356,19.685509556661376,19.719734593023748,18450600
2011-02-18,20.083763122558594,20.114876144586727,19.949974991443344,20.09931844668695,24652400
2011-02-22,19.837966918945312,19.996645245445148,19.70417996195139,19.713513632073198,17950200
2011-02-23,19.88463592529297,20.01842287072769,19.81929786631388,19.84418804678346,18192200
2011-02-24,19.87529754638672,20.027754168097978,19.82240399673306,19.974859431558876,17057000
2011-02-25,20.009082794189453,20.037086166939908,19.822402346345584,19.84107086588411,11435400
2011-02-28,19.88774871826172,20.061985933197136,19.869081377786085,19.965532468605772,19370000
2011-03-01,20.19577407836914,20.301558839424704,19.974866138477015,19.999757508291857,31084000
2011-03-02,20.046419143676758,20.16776154928967,19.95307773608039,20.09619948696304,20776000
2011-03-03,20.40111541748047,20.497566477438422,20.155318560189027,20.1584305738631,29005800
2011-03-04,20.289104461669922,20.394891551172783,20.152204360114684,20.34510883287246,23050800
2011-03-07,20.292219161987305,20.454008270345245,20.06197999378798,20.32333217815949,23630000
2011-03-08,20.422893524169922,20.485119551243184,20.29221744305361,20.348221816927854,20717600
2011-03-09,20.416671752929688,20.435339086189583,20.304663005828786,20.38866837926908,14819200
2011-03-10,20.314002990722656,20.391786735192984,20.2144398927515,20.301557306754827,17761800
2011-03-11,20.310861587524414,20.404879805231936,20.204309839039645,20.34533477461833,12006400
2011-03-14,20.038209915161133,20.248182399993127,19.909719718350335,20.163565534091244,17802600
2011-03-15,19.75302505493164,19.82823938556459,19.539919179544725,19.72795440838148,25421200
2011-03-16,19.304880142211914,19.702886753007235,19.207729722386095,19.64647629191867,31957200
2011-03-17,19.517990112304688,19.677820183712935,19.40203578289499,19.564999238128696,20128800
2011-03-18,19.649612426757812,19.83764651495027,19.57126469076236,19.734228125091892,23653000
2011-03-21,19.92226219177246,20.01314585234703,19.759298757618897,19.784370606946325,12545600
2011-03-22,19.903459548950195,19.984941868866258,19.82197842452578,19.956736634355565,8418800
2011-03-23,20.141630172729492,20.223112468444516,19.82197253720532,19.83450845892937,12962600
2011-03-24,20.273258209228516,20.392345891197888,20.232515861752095,20.238785018740543,13312800
2011-03-25,20.439355850219727,20.49263173191131,20.313999006076116,20.329669508212667,12419400
2011-03-28,20.379802703857422,20.523962180429525,20.379802703857422,20.433078564354986,11600200
2011-03-29,20.596050262451172,20.599184840915996,20.395480278393034,20.433085656039676,11569600
2011-03-30,20.69633674621582,20.837361704521054,20.561578554309115,20.59605174695848,18826200
2011-03-31,20.79035186767578,20.950181901604225,20.671264182366436,20.671264182366436,17723000
2011-04-01,21.066146850585938,21.147629193398064,20.871843538029005,20.962727229822537,18720200
2011-04-04,21.204023361206055,21.244763305769652,21.04732795614003,21.06613063963367,13485600
2011-04-05,21.144479751586914,21.238495566304028,21.094336070951954,21.153881093960397,12470200
2011-04-06,21.19462776184082,21.25417280373039,21.06300414491097,21.16955830455636,14099800
2011-04-07,21.135080337524414,21.232230738890543,20.978384907717103,21.131945759453163,12734600
2011-04-08,21.08180809020996,21.19776360211048,20.95331904441286,21.119415864849284,11201800
2011-04-11,21.122547149658203,21.26043751986471,20.934513087752734,21.07867261491302,14664000
2011-04-12,20.965848922729492,21.037927481271705,20.812288071459882,20.99092076525831,16587400
2011-04-13,21.08493995666504,21.144484994437892,20.987789540073873,21.06927184581837,8497400
2011-04-14,21.40773582458496,21.45787952611951,21.025398468825564,21.103746209235826,23879600
2011-04-15,21.313716888427734,21.42026865230487,21.26984235142151,21.414001886010954,17532200
2011-04-18,21.09433937072754,21.20089351325389,20.8843680549331,21.175821669014436,16104600
2011-04-19,21.025402069091797,21.153893533038726,20.981527518227896,21.06300985168244,10701800
2011-04-20,21.263574600219727,21.32625422221833,21.188361444804503,21.276110524619448,12817800
2011-04-21,21.272972106933594,21.36385574919373,21.144483089243526,21.276106685213644,10948800
2011-04-25,21.229103088378906,21.30431864073844,21.097479458224658,21.294914903456032,10709200
2011-04-26,20.97525405883789,21.006592672174545,20.624255372911726,20.884370406473536,32800000
2011-04-27,20.997190475463867,21.12881408072791,20.85929771319706,21.11314597018667,16872600
2011-04-28,21.125673294067383,21.138206821005507,20.890630212776816,20.978379247234862,14084400
2011-04-29,21.141347885131836,21.238498290093528,21.081802854486874,21.172686494056645,14824200
2011-05-02,21.22283363342285,21.26670817125114,21.1758245168974,21.235369557228502,12514200
2011-05-03,21.272972106933594,21.2792412634937,21.17582169909603,21.222830809366123,10542400
2011-05-04,21.141347885131836,21.288641977159305,21.059865589141246,21.266704711813677,13529000
2011-05-05,20.90317153930664,21.229098353893654,20.809155706299446,21.216562431296143,14206200
2011-05-06,20.965848922729492,21.178954802259412,20.912573050592638,21.135080273325237,17042600
2011-05-09,20.981517791748047,21.084937352691956,20.943912417573962,20.95331376111748,8884200
2011-05-10,21.103740692138672,21.14134845845788,20.99092217514638,20.99718894070825,11111800
2011-05-11,21.097469329833984,21.207155635638085,20.965845762869066,21.088067988048227,11215400
2011-05-12,21.40773582458496,21.44534360073587,21.050470319592836,21.110015367419287,17097400
2011-05-13,21.366994857788086,21.551894368808853,21.31685115860628,21.39519889534047,16011000
2011-05-16,21.257307052612305,21.38266390102136,21.22283385952524,21.341921550473185,12364600
2011-05-17,21.30743980407715,21.36698482113985,21.153878981685075,21.225959917654773,13276400
2011-05-18,21.404603958129883,21.42027207185741,21.20089935180542,21.310585711831415,13418000
2011-05-19,21.454740524291992,21.529953670105886,21.313715577018087,21.439072414029777,12960200
2011-05-20,21.404603958129883,21.47354796230099,21.276112514254198,21.41087072542423,12970600
2011-05-23,21.15074920654297,21.2792406112774,21.053598801683098,21.182087815434933,13230200
2011-05-24,21.144479751586914,21.24163014408929,21.062997466046248,21.204024774595357,10881000
2011-05-25,20.96898651123047,21.153885996715175,20.940780086590433,21.08493961535381,13132000
2011-05-26,20.90317153930664,20.968985730689266,20.77781709529705,20.91570746190415,14872400
2011-05-27,20.8436279296875,21.04419789998663,20.834226585920764,20.956448836853593,9097400
2011-05-31,20.937646865844727,21.072405058794516,20.884370982604416,20.978389216190966,20294000
2011-06-01,20.921977996826172,21.053601606295956,20.87183430313316,20.87183430313316,14883000
2011-06-02,20.69633674621582,20.92197859229058,20.564713132999874,20.887505399641213,14264200
2011-06-03,20.536514282226562,20.630532549766684,20.436229245976236,20.455031943090713,12937800
2011-06-06,20.50203514099121,20.611721494041742,20.4832324493206,20.530241569480303,10445400
2011-06-07,20.433082580566406,20.592912584456357,20.426815815562808,20.53336755750114,11522000
2011-06-08,20.495771408081055,20.536511376392504,20.392351806617153,20.442495513139114,11753000
2011-06-09,20.649328231811523,20.784086427647065,20.45502499403052,20.50830326939475,13112000
2011-06-10,20.492631912231445,20.62739010244959,20.445622796391078,20.5835155652607,14003200
2011-06-13,20.555768966674805,20.596803877529478,20.451600644935972,20.5494544214397,19081600
2011-06-14,20.71044158935547,20.783042001437277,20.61258781294374,20.644153314209458,14045000
2011-06-15,20.50841522216797,20.675714511514432,20.40424692221127,20.6473062887769,16378400
2011-06-16,20.672557830810547,20.75778731804653,20.45475422538147,20.508415808726827,15538800
2011-06-17,20.713598251342773,20.906150934168654,20.713598251342773,20.795668070555575,21317400
2011-06-20,20.779882431030273,20.877736185280753,20.634679231457916,20.634679231457916,11091800
2011-06-21,20.915618896484375,20.9250883051005,20.760943861443902,20.86826944511062,14265000
2011-06-22,20.959808349609375,21.09238486957903,20.868266731070477,20.92508558367073,15701200
2011-06-23,20.511577606201172,20.82408017566303,20.337963729670427,20.81145349297957,26467800
2011-06-24,20.49579620361328,20.637842186981075,20.429507917488728,20.539988394362986,32073800
2011-06-27,20.584178924560547,20.663093888575098,20.470541183716104,20.470541183716104,14777600
2011-06-28,20.843013763427734,20.865109850503757,20.62836502827801,20.682026609992224,12932400
2011-06-29,21.05766487121582,21.095544914025446,20.89036556331964,20.893522835627063,17035400
2011-06-30,21.240739822387695,21.30387079407867,21.092379389792487,21.142886093779026,15594600
2011-07-01,21.493274688720703,21.493274688720703,21.15551879806711,21.15551879806711,16487000
2011-07-05,21.559568405151367,21.714241055082464,21.490122853833142,21.490122853833142,14801200
2011-07-06,21.632164001464844,21.70160953731111,21.556406329765714,21.562718465618573,11486000
2011-07-07,21.701608657836914,21.745800831894897,21.647947076236914,21.723704744865906,12423400
2011-07-08,21.67951202392578,21.67951202392578,21.502743332152967,21.5753437270056,12671600
2011-07-11,21.496435165405273,21.553254034372426,21.3733280173587,21.3859547002729,14152400
2011-07-12,21.417518615722656,21.60375916453416,21.37964097808145,21.4553986616572,13343400
2011-07-13,21.483806610107422,21.600601610664594,21.392264973177745,21.518529383021896,14688000
2011-07-14,21.360698699951172,21.569035329900316,21.2660022022142,21.455397605981368,15011200
2011-07-15,21.316509246826172,21.423834847945738,21.237594284468134,21.41752030231272,17491600
2011-07-18,21.187084197998047,21.284937954051923,21.019782500338398,21.23127637223482,14792000
2011-07-19,21.88153839111328,22.026741617758955,21.31650703038516,21.37016862121857,37415400
2011-07-20,21.73948860168457,21.887846666351923,21.717392514751744,21.85943844384951,15833800
2011-07-21,21.887845993041992,21.976232746347215,21.62269295800466,21.723703982060705,22086600
2011-07-22,22.010957717895508,22.039365942371507,21.93204277218259,21.954138860650488,13323200
2011-07-25,21.862592697143555,21.957289167369407,21.783677767809085,21.818400529379655,13154800
2011-07-26,21.840499877929688,21.925726954701755,21.808931974843187,21.891004187940908,11830600
2011-07-27,21.682674407958984,21.859443141408917,21.63532495198679,21.707925363956566,18677600
2011-07-28,21.720544815063477,21.868905270515082,21.660571105205168,21.67004051158845,15270200
2011-07-29,21.4680233001709,21.73317637159372,21.43330053010937,21.578503746597075,20545600
2011-08-01,21.3796329498291,21.625847135214563,21.187080336480484,21.622689863832267,17654200
2011-08-02,21.171302795410156,21.341759377256693,21.171302795410156,21.27547110792079,18127600
2011-08-03,21.59113121032715,21.641635526970635,21.133423046687934,21.14920700030395,28086000
2011-08-04,20.776729583740234,21.505903008786245,20.751476219751567,21.39226527913059,32324800
2011-08-05,21.07660675048828,21.231281808212287,20.530516568332313,20.918776828291655,43916600
2011-08-08,20.555768966674805,21.21549685443401,20.502104965349922,20.890367615334046,50096800
2011-08-09,21.04819107055664,21.108167190416985,20.07280244845025,20.776723507799748,43128400
2011-08-10,20.189599990844727,20.991376150865435,20.1075289748162,20.909303930690363,38237200
2011-08-11,20.98189926147461,21.24705223601885,20.173810049240643,20.202219468534114,38406600
2011-08-12,21.193395614624023,21.385948256534473,20.95980807182666,21.07344577552112,20310400
2011-08-15,21.52799415588379,21.597439686756445,21.23127562619079,21.297563885216658,23081600
2011-08-16,21.51853370666504,21.616389908310147,21.329138257990905,21.36701831104325,21413800
2011-08-17,21.86890983581543,21.891005924753337,21.515372412808915,21.610068904702917,23176000
2011-08-18,21.38910675048828,21.76158537648169,21.168143465882707,21.543779363907134,39569000
2011-08-19,21.180768966674805,21.55324757193399,21.10501130019798,21.316502756937716,30478200
2011-08-22,21.234434127807617,21.483805663987145,21.20286862881001,21.46802411863494,19652800
2011-08-23,21.79945945739746,21.79945945739746,21.250212219804965,21.297561659387128,23951200
2011-08-24,21.99517250061035,22.004641908224485,21.638477833485073,21.72686218227414,19475400
2011-08-25,21.455398559570312,21.969923204193023,21.38911028572027,21.969923204193023,25320000
2011-08-26,21.62269401550293,21.707921092849467,21.054505472216352,21.442768044844332,19849600
2011-08-29,22.010957717895508,22.048835350530172,21.739490111979634,21.767898336455634,17660600
2011-08-30,22.05198860168457,22.184565108317724,21.944663042772554,22.02673524567085,31678000
2011-08-31,22.238229751586914,22.33924078128457,21.988860653499664,22.05514891596129,22322800
2011-09-01,22.238229751586914,22.443409082992662,22.026738284453216,22.12459204214044,23530000
2011-09-02,22.014118194580078,22.09303316041354,21.938360501702174,22.0078060569626,17530000
2011-09-06,21.916257858276367,21.95098062553024,21.27231164051315,21.284938320268456,25784600
2011-09-07,22.348712921142578,22.364494464837588,22.067775915466118,22.09934141114909,21287400
2011-09-08,22.465503692626953,22.654899059814408,22.269796190126776,22.30451895507863,24867600
2011-09-09,21.89731216430664,22.301356156384703,21.69529016826761,22.288729480595745,32891200
2011-09-12,21.900476455688477,21.950983180588608,21.527997788576187,21.606912740012746,29144200
2011-09-13,21.96086883544922,22.03396686243721,21.795607209900382,21.916375227619923,21421800
2011-09-14,22.17379379272461,22.40579815969416,21.78288548054693,22.037134217598716,22250000
2011-09-15,22.571062088012695,22.571062088012695,22.199221725264607,22.21829214046743,21186000
2011-09-16,22.637800216674805,22.780814965128112,22.571057414363494,22.685470183013553,34620600
2011-09-19,22.40262222290039,22.46618623384426,22.23100303043057,22.269141436996893,28571200
2011-09-20,22.453468322753906,22.717253452533242,22.41215111886164,22.49796190793132,18313400
2011-09-21,22.018068313598633,22.58695346276037,22.014889506977894,22.51703426541818,23531000
2011-09-22,21.55405616760254,21.65893493542871,21.17268191605801,21.411041429452933,36341000
2011-09-23,21.426929473876953,21.519095438473883,21.25213396147717,21.407861489725253,24284400
2011-09-26,21.852806091308594,21.894120877275547,21.503212539695866,21.614446520929153,24008200
2011-09-27,22.110233306884766,22.377197282403735,22.018067316807915,22.28503129232688,22249200
2011-09-28,21.630334854125977,22.29774356473672,21.57630726889561,22.189685969557146,19032600
2011-09-29,21.944963455200195,22.132471746315066,21.671644394642463,21.900469880199445,21372600
2011-09-30,21.47142791748047,21.96085982756782,21.47142791748047,21.754281061826198,25026200
2011-10-03,20.79131317138672,21.268032380038186,20.695970784487994,21.163153572202233,38471200
2011-10-04,20.73092269897461,20.794484266668427,20.130255700450835,20.60697351995042,30800000
2011-10-05,20.826276779174805,20.848523582868133,20.514821527468232,20.807208783071882,23037800
2011-10-06,20.781768798828125,20.975634707526652,20.48302413465963,20.96610071606903,25205400
2011-10-07,20.9438533782959,21.137719281908314,20.781768253614466,21.137719281908314,18857800
2011-10-10,21.26167106628418,21.271205059755815,20.978817944605566,21.1536134825956,12354400
2011-10-11,21.229890823364258,21.357013972532318,21.16314801791679,21.207644029787982,11161000
2011-10-12,21.446002960205078,21.60173051079975,21.22671141211972,21.372904969270433,17549600
2011-10-13,21.420576095581055,21.47778247758336,21.258490942454774,21.391971692220682,12909400
2011-10-14,21.563594818115234,21.674828796783405,21.404688441526737,21.674828796783405,13503000
2011-10-17,21.293447494506836,21.5635877613592,21.2362411206672,21.554053769838944,20232800
2011-10-18,21.2108154296875,21.44917491547498,21.102760293328522,21.36972175354582,23650600
2011-10-19,21.302989959716797,21.5540623433977,21.252141176476606,21.290277157726987,15389400
2011-10-20,21.331592559814453,21.477786133210248,21.156794578189672,21.449181724981262,13323600
2011-10-21,21.671648025512695,21.712962802158707,21.439643695809064,21.592194853311483,23146600
2011-10-24,21.569944381713867,21.817837848729905,21.487312417802528,21.73838469008538,13609200
2011-10-25,21.277555465698242,21.589012922520013,21.22988550905239,21.582657736539915,14228200
2011-10-26,21.44281768798828,21.465064474221773,21.105937089390277,21.385611319856746,16041200
2011-10-27,21.79241943359375,21.95768099112908,21.643047058189808,21.906832213702355,26704600
2011-10-28,21.906831741333008,21.922723347840503,21.735212574870662,21.776527357183948,17307400
2011-10-31,21.712963104248047,21.94496743717952,21.703429111406198,21.817841874945223,18998600
2011-11-01,21.306163787841797,21.452357339485406,21.223531806575938,21.33476576709624,23682800
2011-11-02,21.538169860839844,21.630335852987137,21.404689082441262,21.426935878841025,14538600
2011-11-03,21.817846298217773,21.871873885087226,21.61444632729368,21.64304831161789,17363400
2011-11-04,21.54134750366211,21.65893909240477,21.385619937276616,21.598553894845182,15177200
2011-11-07,21.678003311157227,21.69707129666249,21.38243741223366,21.50320778634939,12513800
2011-11-08,21.817846298217773,21.840093094265132,21.54770593915161,21.70343351148311,12063600
2011-11-09,21.302989959716797,21.60808993331511,21.24896236979939,21.563596338710298,18243400
2011-11-10,21.417394638061523,21.531807387900884,21.264845921421134,21.48731381015426,16201600
2011-11-11,21.649398803710938,21.805126324820662,21.595368809894072,21.601726420798702,12882400
2011-11-14,21.544525146484375,21.601731534577905,21.42693356409248,21.544525146484375,9428600
2011-11-15,21.61126708984375,21.754281858050756,21.44600552603301,21.541347896598058,12217600
2011-11-16,21.296628952026367,21.547701267104692,21.264848168095092,21.506384065747486,17781400
2011-11-17,21.17268943786621,21.417404225012945,21.007425425358438,21.274389436055912,17467200
2011-11-18,21.417394638061523,21.51909459072783,21.261667115948338,21.360188263141847,18688400
2011-11-21,20.959745407104492,21.25531129834042,20.78177108110207,21.194928537571503,18588200
2011-11-22,20.966100692749023,21.09004743099637,20.829441157666295,20.85168794594869,11787600
2011-11-23,20.616514205932617,20.816735367869818,20.594267410161816,20.804022566755236,14089600
2011-11-25,20.5751895904541,20.772234299729053,20.5751895904541,20.705493936438668,7572600
2011-11-28,20.711854934692383,20.89618689915736,20.578374170653063,20.74045934111149,21318200
2011-11-29,21.1888370513916,21.28807390760998,20.811093687367777,20.86231184329797,21656200
2011-11-30,21.521770477294922,21.75545781498686,21.358507821176815,21.556981596915172,25300400
2011-12-01,21.393712997436523,21.633804039011526,21.345694300655047,21.448133047367087,15429000
2011-12-02,21.249649047851562,21.624192790355153,21.182423874153862,21.595380606009584,21170400
2011-12-05,21.227251052856445,21.5089594718425,21.08959874148808,21.42892911505467,17955200
2011-12-06,21.34569549560547,21.454535601559563,21.1728296429144,21.28487164678847,16730800
2011-12-07,21.377708435058594,21.47054394166788,21.19203742184002,21.30408187479331,16832800
2011-12-08,21.361703872680664,21.524964041775068,21.307281373983198,21.35209817832276,16118200
2011-12-09,21.630605697631836,21.688227654776952,21.42252627225598,21.483350127668263,18298200
2011-12-12,21.412918090820312,21.608192320510764,21.23044900891818,21.53136387611308,13380200
2011-12-13,21.281675338745117,21.534569138178316,21.220851480932314,21.47694717875905,14276200
2011-12-14,21.21124267578125,21.41932205490199,21.150418833889837,21.208040778225854,15762200
2011-12-15,21.412918090820312,21.57297877467595,21.380906442515627,21.419321885880578,13474600
2011-12-16,21.588987350463867,21.678620949004102,21.53136540249766,21.598590601402837,23957200
2011-12-19,21.56658172607422,21.72664244187379,21.518563022867806,21.595391482598444,11762000
2011-12-20,21.896303176879883,21.973131625266873,21.713834085503063,21.729838689320335,15931000
2011-12-21,22.270849227905273,22.344478236194046,21.870697414523093,21.934720727731104,18730400
2011-12-22,22.149194717407227,22.280443187439523,22.05315734531973,22.197210961119147,15586800
2011-12-23,22.389293670654297,22.398896922813197,22.155603951346063,22.16200774767379,9255200
2011-12-27,22.370086669921875,22.47252543908219,22.34767826549096,22.34767826549096,10099800
2011-12-28,22.25164031982422,22.424506177620348,22.216426768662085,22.350877177281546,8210000
2011-12-29,22.459720611572266,22.469323863660748,22.251641194435347,22.280450950700793,8734000
2011-12-30,22.39889907836914,22.501337848476748,22.39889907836914,22.40850233145221,7862000
2012-01-03,22.45331573486328,22.63578484276226,22.440510585250582,22.456517632849597,15639600
2012-01-04,22.312469482421875,22.430915326797656,22.248446153876465,22.379697152428015,14239200
2012-01-05,22.206819534301758,22.366880213666484,22.200415739421167,22.331666668819675,14287600
2012-01-06,22.065969467163086,22.29005348310149,21.966732609009302,22.2388353261724,13646600
2012-01-09,22.065969467163086,22.142797923723023,22.02435456201241,22.088377868756925,10522600
2012-01-10,22.197219848632812,22.25484180649012,22.12359328390741,22.238837199622026,12964400
2012-01-11,21.78746795654297,22.014753922705477,21.624207754158522,21.886707279815674,23428800
2012-01-12,21.630605697631836,21.928318735826142,21.560178589750826,21.902708434354363,15237000
2012-01-13,21.44493865966797,21.58579290159898,21.31048821546104,21.556980696507075,19991800
2012-01-17,21.560171127319336,21.72983504176325,21.550567878174498,21.68501825086606,15577000
2012-01-18,21.637008666992188,21.710637678636616,21.505760136234233,21.595393755743657,13282200
2012-01-19,21.592187881469727,21.685023382391535,21.53136647504906,21.65621362813951,13544800
2012-01-20,21.797069549560547,21.80667524514516,21.576187397773943,21.621004207836904,19158600
2012-01-23,21.93791961669922,21.966731813323424,21.739445907580834,21.76825566187253,13803200
2012-01-24,21.736248016357422,21.92832040737146,21.67542415630868,21.819480281318924,14751200
2012-01-25,21.905900955200195,21.92830934881228,21.620993189704354,21.739438951557798,14476000
2012-01-26,21.771455764770508,21.96673000220032,21.691425419670825,21.96673000220032,14721000
2012-01-27,21.588987350463867,21.813071346814457,21.52176215155869,21.73944479472743,16825000
2012-01-30,21.595386505126953,21.630600049873184,21.457734223573173,21.540966460458097,10591600
2012-01-31,21.6177978515625,21.761853947630588,21.505755849508965,21.761853947630588,13543400
2012-02-01,21.720237731933594,21.877096542966186,21.704233126426445,21.729840983704403,14915000
2012-02-02,21.713838577270508,21.845087101984767,21.68822827506627,21.79066704155039,13150000
2012-02-03,21.793867111206055,21.925115624907374,21.71703621104014,21.85148906516417,16555800
2012-02-06,21.77785873413086,21.841884480362058,21.67221808459875,21.717034885794344,14586400
2012-02-07,21.94432258605957,22.23242988745569,21.649809046730166,21.797064595228658,24269600
2012-02-08,21.873903274536133,22.040365384425154,21.83228591531391,22.037163485484992,16428400
2012-02-09,21.758649826049805,21.893100214773344,21.694624086896532,21.88349696448341,16311400
2012-02-10,21.749052047729492,21.749052047729492,21.582587526381435,21.617801081192262,10994600
2012-02-13,21.909114837646484,21.96033300435123,21.79707036595953,21.902711040350223,11091000
2012-02-14,22.056367874145508,22.065971126646144,21.80026974324225,21.918715556193245,12596000
2012-02-15,21.896303176879883,22.168405865096915,21.841883127702943,22.16200451203647,14776800
2012-02-16,22.04355812072754,22.0851730203188,21.902703933907468,21.963527776822,11752000
2012-02-17,22.10438346862793,22.142796473225296,21.960327374390484,22.11078482195001,14841800
2012-02-21,22.0307559967041,22.104384997830177,21.928317240136913,22.049962500331507,13424800
2012-02-22,22.168413162231445,22.197222923985194,21.960333705455064,21.960333705455064,13766400
2012-02-23,22.14599609375,22.184411536729495,22.062763855127187,22.117183900932332,11120000
2012-02-24,22.088376998901367,22.248437701791957,22.03395694607837,22.200419002458283,12485400
2012-02-27,22.033958435058594,22.08837849155912,21.934719131774074,21.989141630607264,12086200
2012-02-28,22.04035758972168,22.120387938589467,22.024352985347576,22.07236924080231,9049000
2012-02-29,22.36368179321289,22.402097241472628,22.05636553413257,22.05636553413257,23464400
2012-03-01,22.280445098876953,22.395688978335983,22.21321990958119,22.36687922963724,15294200
2012-03-02,22.14599609375,22.280446480679952,22.078770900285026,22.219625082210985,11995800
2012-03-05,22.162010192871094,22.19722130722777,22.088381180974675,22.09478253567599,10338600
2012-03-06,22.011550903320312,22.117189122371727,21.973135451271673,22.030757408178246,13161200
2012-03-07,22.021156311035156,22.069175020212516,21.92832079124772,22.008351159098993,10933800
2012-03-08,22.17481231689453,22.248441326847267,22.120392255204585,22.1460025579997,33754800
2012-03-09,22.25164031982422,22.325266877830437,22.18761457119644,22.226030020373106,36742600
2012-03-12,22.45651626586914,22.51733766991142,22.197216276078166,22.24203551816064,18143600
2012-03-13,22.653217315673828,22.66611623997656,22.414593366618945,22.414593366618945,18068000
2012-03-14,22.643552780151367,22.772539614471015,22.604855991789705,22.656451709605257,12918000
2012-03-15,22.679012298583984,22.682235184088736,22.501655187104905,22.659662684465758,17991400
2012-03-16,22.62420082092285,22.720939080994665,22.53390833388296,22.695141227554696,22898800
2012-03-19,22.70158576965332,22.743505424970408,22.57259899762329,22.640316499389996,10652400
2012-03-20,22.762853622436523,22.820897549498053,22.55002753002302,22.582273609453168,10180400
2012-03-21,22.933767318725586,23.024057344118344,22.685467288676833,22.727389414908238,19870800
2012-03-22,23.03050422668457,23.08209992972251,22.875722038007822,22.898294543032286,14252800
2012-03-23,23.05307388305664,23.088545309457412,22.988581722447,23.024053148847774,16206600
2012-03-26,23.185287475585938,23.185287475585938,23.085321422040803,23.133691775663497,11536400
2012-03-27,23.175613403320312,23.21108483120694,23.10467054754706,23.15948913238336,11430400
2012-03-28,23.43036460876465,23.481957853927387,23.185289928640376,23.204637088049076,26260600
2012-03-29,23.801193237304688,23.988223939317166,23.304595749315407,23.33039359653467,41063600
2012-03-30,23.865699768066406,23.907619445558588,23.639972182551695,23.739938275370513,26555800
2012-04-02,23.907623291015625,23.926970459090196,23.746390329808225,23.807659642337356,14579000
2012-04-03,23.785072326660156,23.888261259218016,23.68833162604169,23.756049132387332,12989200
2012-04-04,23.688337326049805,23.733482341143255,23.607720876208816,23.633518730610447,12487400
2012-04-05,23.691560745239258,23.707682557764418,23.562573943944933,23.630291461075267,11531400
2012-04-09,23.498085021972656,23.575476129360982,23.45616289113065,23.527105764661172,9806800
2012-04-10,23.223983764648438,23.417465195587635,23.20141125906801,23.40456626951045,17290600
2012-04-11,23.256237030029297,23.369099580837982,23.165944529163255,23.356200652142835,12026600
2012-04-12,23.28848648071289,23.30138541126854,23.159499635375855,23.26591396729537,10640600
2012-04-13,23.19818687438965,23.41101299037074,23.19818687438965,23.28847689087971,10525600
2012-04-16,23.359420776367188,23.4722833019406,23.262680062893672,23.28847791451575,14147600
2012-04-17,23.846351623535156,24.017260612121433,23.598053970293133,23.598053970293133,22614400
2012-04-18,23.917293548583984,23.97533750495456,23.77541023540434,23.804430983479925,11779800
2012-04-19,23.804424285888672,23.97210541254761,23.675437479110183,23.955983599336992,10731200
2012-04-20,23.904386520385742,23.975329383052603,23.77862506755578,23.849567930222644,13461000
2012-04-23,23.76250457763672,23.885040690741256,23.646416697761385,23.856019950881777,10472200
2012-04-24,23.901161193847656,23.975326935268395,23.768949061427087,23.8366665706358,10288000
2012-04-25,24.16236114501953,24.201057924540418,23.96243147448963,24.036599686849993,18596000
2012-04-26,24.41388702392578,24.4977288262857,24.126892639921145,24.16881231099162,16782000
2012-04-27,24.71055793762207,25.094293097849672,24.481607472512437,24.49450640212387,25103000
2012-04-30,24.610599517822266,24.797630346448678,24.484838002764455,24.64284561856687,26517600
2012-05-01,24.807302474975586,24.829874990194252,24.597699142105345,24.68154096729737,13841000
2012-05-02,24.88146209716797,24.910482838015977,24.713778504872394,24.746024592554225,16558600
2012-05-03,24.97175407409668,25.036246254489527,24.894360505362485,24.945956217851947,15612000
2012-05-04,24.829866409301758,25.023345395772036,24.816967482174565,24.929830019263996,13160800
2012-05-07,24.920154571533203,24.974973162551734,24.781494190580172,24.82019096906193,8965400
2012-05-08,24.875015258789062,24.920160280584245,24.707334100723983,24.833095584327587,10561600
2012-05-09,24.75892448425293,24.891136647183707,24.665409104179208,24.697655193117313,14070800
2012-05-10,24.962080001831055,25.05559292349475,24.89436001546655,24.897585362488417,12659200
2012-05-11,24.981430053710938,25.068494751622644,24.89436289558001,24.89436289558001,10604000
2012-05-14,24.787944793701172,24.910480901453578,24.7073283506544,24.86856123674795,15411800
2012-05-15,24.691207885742188,24.878238652906347,24.591244268218126,24.687982538661707,16397800
2012-05-16,24.613821029663086,24.778276855894497,24.481608838931017,24.7202353597324,17804400
2012-05-17,24.22364044189453,24.604150320339716,24.18171829836687,24.562228176812056,22310800
2012-05-18,23.87859535217285,24.2784522867609,23.691564583010102,24.265553358520123,31913000
2012-05-21,24.026933670043945,24.05595441865554,23.90439505976535,23.930192920899735,13488800
2012-05-22,23.92374038696289,24.04950186212111,23.833450349435864,24.04950186212111,15260600
2012-05-23,24.039825439453125,24.04627367270615,23.80442433210891,23.862468272260998,18000000
2012-05-24,24.365514755249023,24.45903013130284,24.055947886356456,24.117217174858315,20204600
2012-05-25,24.259117126464844,24.407451184292057,24.18817421615178,24.38487866375792,8999600
2012-05-29,24.33325958251953,24.42032669264269,24.204272820252022,24.42032669264269,10533800
2012-05-30,24.20428466796875,24.265553963585447,24.126893556813336,24.207510015164118,13884600
2012-05-31,24.097871780395508,24.255879343132897,24.075299271433025,24.1720375411784,15147600
2012-06-01,23.569019317626953,24.007572912693195,23.54322392867235,23.859238970276422,20843400
2012-06-04,23.74638557434082,23.778631668080724,23.39812185742363,23.549681204242365,13397200
2012-06-05,23.61739730834961,23.74638413571408,23.55613047202129,23.64642051311069,12275200
2012-06-06,24.05916976928711,24.05916976928711,23.63674042467207,23.665761161224967,12496400
2012-06-07,23.952760696411133,24.20428364217077,23.926962840379645,24.181711133197954,14342800
2012-06-08,24.2623291015625,24.304251235283424,23.910842517029586,23.914067864289454,11594200
2012-06-11,24.075294494628906,24.436454566370507,24.062395569178353,24.417107408303913,10657200
2012-06-12,24.24942970275879,24.2655539785265,23.97210888904382,24.178489285950437,11911200
2012-06-13,24.24942970275879,24.392281796944044,24.178002417157256,24.223455693991355,9376200
2012-06-14,24.5903263092041,24.674740588994514,24.25267166705997,24.281893042648676,13945400
2012-06-15,24.703956604003906,24.73967023832282,24.4864299055285,24.713698712741337,19748800
2012-06-18,24.668249130249023,24.81110121183862,24.600066743991892,24.66175439012092,10457200
2012-06-19,24.5903263092041,24.75590749882673,24.5643547805911,24.75590749882673,11115400
2012-06-20,24.531888961791992,24.590329242924035,24.298127837263806,24.57409734523157,14706800
2012-06-21,24.24293327331543,24.6714944800536,24.226701376729842,24.606561939675977,12804000
2012-06-22,24.330596923828125,24.447477487711804,24.304622914738896,24.3338418172009,15252800
2012-06-25,24.275394439697266,24.29812107175301,24.08059438250271,24.17474828016712,9734200
2012-06-26,24.376047134399414,24.46695367775663,24.090338024399543,24.346825758596,11859400
2012-06-27,24.785139083862305,24.830594855491345,24.428004993202208,24.428004993202208,13644400
2012-06-28,24.85980796813965,24.892274245711352,24.574101257683182,24.707213738832625,10891200
2012-06-29,25.38576316833496,25.38576316833496,25.025381895393984,25.041613790930327,18519800
2012-07-02,25.622760772705078,25.648734769487294,25.327314609611552,25.356533498229044,13350200
2012-07-03,25.700695037841797,25.7656275837928,25.55459309392526,25.613033376088303,7335000
2012-07-05,25.470184326171875,25.694205869215665,25.38901738762191,25.65524484698506,10546400
2012-07-06,25.372779846191406,25.418233123514437,25.272131180389408,25.330571462235852,10036000
2012-07-09,25.31759262084961,25.392264817357695,25.229930939882948,25.34356415871159,8615600
2012-07-10,25.31759262084961,25.49940577097544,25.26564459108886,25.496158399860796,11583400
2012-07-11,25.14875030517578,25.30783672489767,25.048104148599062,25.291604832201095,13645600
2012-07-12,24.882530212402344,25.087069954270092,24.843569199991347,25.009150406465867,19104000
2012-07-13,25.09031867980957,25.190964871035494,24.78513025864981,24.879284185965435,13307400
2012-07-16,24.830589294433594,25.12928301412524,24.73968024855428,25.031881703477943,17575600
2012-07-17,25.22342872619629,25.538356720608203,24.921487734102307,25.343554162856666,21209600
2012-07-18,25.14226531982422,25.220184867562484,24.940970471397787,25.207197863436477,13852000
2012-07-19,25.177989959716797,25.19422186420111,24.837087764301206,25.168247844603595,18050400
2012-07-20,25.009157180786133,25.11305076500638,24.931237611875556,25.08707674969671,16436000
2012-07-23,24.960453033447266,24.999414050967495,24.794874282277,24.853314570048298,10655800
2012-07-24,24.88901710510254,24.983168520627345,24.707201581531468,24.966936628337578,10445800
2012-07-25,25.005901336669922,25.070836352941654,24.911749897856705,24.983174700229217,9020400
2012-07-26,25.60003662109375,25.619518359073236,25.226668431537274,25.226668431537274,14144600
2012-07-27,25.97665786743164,26.051330035482337,25.616276598616675,25.664977238703077,17825000
2012-07-30,26.337032318115234,26.353264209263624,25.8337966291958,25.898729147822976,15947800
2012-07-31,26.233150482177734,26.40522396246906,26.100035539601937,26.20068173139092,16333600
2012-08-01,26.30133056640625,26.379250119347613,26.16496825248646,26.288343561413036,12954600
2012-08-02,25.892244338989258,26.298078889757114,25.817569691760262,26.210419716678967,13393200
2012-08-03,26.242897033691406,26.294842590009846,25.976669555385662,26.03510985438051,11834200
2012-08-06,26.181196212768555,26.379243655605872,26.17470395037172,26.30132412175724,9179400
2012-08-07,25.898744583129883,26.291594729113218,25.892252318204587,26.246138966562995,12782800
2012-08-08,25.83055877685547,25.973413342887017,25.76562623430534,25.879259422276924,8790200
2012-08-09,25.726665496826172,25.90198633600181,25.593553040074035,25.801340150870846,9583400
2012-08-10,25.580564498901367,25.71692431772717,25.522124222687797,25.70069242140082,40577600
2012-08-13,25.518882751464844,25.577323041187256,25.35654888857128,25.525377493110764,8898200
2012-08-14,25.57082748413086,25.759132858307908,25.486413192730065,25.713679580711602,10841200
2012-08-15,25.551342010498047,25.681209560546044,25.473422471276248,25.596795281462224,7692500
2012-08-16,25.68120765686035,25.733155663835763,25.525368589968718,25.583808859307407,8824100
2012-08-17,25.668222427368164,25.798089976756046,25.499396347076154,25.75263670602291,10541000
2012-08-20,25.6292667388916,25.707186286359047,25.492904434551377,25.67472001466576,9211800
2012-08-21,25.49290657043457,25.77212098902236,25.473427301190107,25.590307870692808,8329000
2012-08-22,25.174726486206055,25.486407090968182,25.122778480237073,25.41497982126946,13479200
2012-08-23,24.746179580688477,25.220194261262733,24.68773927886323,25.200714986327213,14973300
2012-08-24,24.97992706298828,25.03187259328155,24.720191980469963,24.720191980469963,9317800
2012-08-27,24.785139083862305,25.0383820528579,24.7526727987148,25.0383820528579,9589400
2012-08-28,24.67474937438965,24.882536539380933,24.525402504365815,24.76565594944604,16148800
2012-08-29,24.3241024017334,24.707210369681395,24.272156860105767,24.707210369681395,23435400
2012-08-30,24.11631202697754,24.434487405702548,24.109819764031837,24.27215358486719,17041800
2012-08-31,24.28514862060547,24.402029208429067,24.122814746074734,24.291640885698627,20710300
2012-09-04,24.207223892211914,24.40851876602817,24.168265351937723,24.3630654843629,17293400
2012-09-05,24.356571197509766,24.427998492036178,24.09683850843514,24.259172367988576,20839200
2012-09-06,24.772144317626953,24.86954313283237,24.4799429179752,24.53188845734787,19851400
2012-09-07,24.609811782836914,24.999412018288805,24.505918221581883,24.921492466602004,16391700
2012-09-10,24.453968048095703,24.6617551523001,24.408514773864592,24.648768148660114,18216900
2012-09-11,24.525392532348633,24.56435353882486,24.389032725207908,24.434485994254818,16505000
2012-09-12,24.54828453063965,24.73133602162081,24.52213396137726,24.70518545235842,14632200
2012-09-13,25.071277618408203,25.162804589549715,24.587504668792196,24.665953864487097,23803400
2012-09-14,24.92091941833496,25.20203178075378,24.84900660555033,25.20203178075378,25087400
2012-09-17,25.071277618408203,25.090891787723155,24.86207810065183,24.94706618407003,23594400
2012-09-18,25.24778938293457,25.49621473763189,25.038589871775212,25.090890996492497,24373700
2012-09-19,25.182416915893555,25.37200476309018,25.110504112208282,25.27394139554571,26276800
2012-09-20,25.260862350463867,25.411224329472027,25.09088869841041,25.097425091473955,26953000
2012-09-21,24.862071990966797,25.326235644912728,24.7640111439097,25.319696758796308,98967500
2012-09-24,24.92091941833496,24.999371119839292,24.71825875742047,24.71825875742047,21902000
2012-09-25,24.633268356323242,25.01898045747131,24.620193073962533,24.97975461038918,20299200
2012-09-26,24.68556022644043,24.96667248551464,24.67248744151764,24.698635505217652,16677400
2012-09-27,25.045133590698242,25.071281664246168,24.777096509452893,24.881696285210705,15176100
2012-09-28,24.796707153320312,24.986295018299714,24.777095475513914,24.95360556348203,22721200
2012-10-01,25.090898513793945,25.234721662146505,24.94053647596521,24.94707287158575,16671400
2012-10-02,25.064743041992188,25.29355425179972,24.91438103356793,25.20856865607415,10276000
2012-10-03,24.999366760253906,25.18241571079848,24.933990353734483,25.051665391614538,13637100
2012-10-04,25.058197021484375,25.202020086461218,24.966670078866503,25.14318258456254,9654500
2012-10-05,25.221641540527344,25.234714327968966,25.00590313991692,25.162804021620403,12287900
2012-10-08,25.221641540527344,25.287015453155096,25.130114571451614,25.19549097793428,9434600
2012-10-09,25.208572387695312,25.385084987328177,25.143195965318967,25.169346534269504,13078700
2012-10-10,24.90130043029785,25.319699406748374,24.87514987080604,25.267400781619365,13754500
2012-10-11,24.91438102722168,25.025517187998414,24.855543502735422,24.973218551707934,10843800
2012-10-12,24.992826461791992,25.09742621246335,24.914377272252167,25.012438135713257,12059700
2012-10-15,24.927457809448242,25.00590701553121,24.84900610950998,24.901307242802154,13785100
2012-10-16,24.777095794677734,24.986295340158318,24.476369265926007,24.96014477350942,25811800
2012-10-17,24.67249298095703,24.940530021433382,24.646342417531294,24.881692500652964,15449600
2012-10-18,24.737869262695312,24.88823127599813,24.489443874090327,24.685568130839428,23063300
2012-10-19,24.45021629333496,24.80323889692853,24.45021629333496,24.79670250350384,19864500
2012-10-22,24.339088439941406,24.50252578038731,24.16257581299712,24.43061295157417,13340500
2012-10-23,23.933752059936523,24.175638499448556,23.887989827970856,24.162563219764852,13287300
2012-10-24,24.110258102416992,24.214857817865166,23.927206729992232,23.927206729992232,13531400
2012-10-25,24.247562408447266,24.312936342985566,24.090661474157308,24.1887248698205,10457900
2012-10-26,24.214874267578125,24.358697415362986,24.04489805584744,24.267172913902904,11896500
2012-10-31,24.306386947631836,24.456748911738547,24.136410818569004,24.293311668945893,11643500
2012-11-01,24.404447555541992,24.554809502795788,24.286772554412217,24.286772554412217,10622300
2012-11-02,24.241018295288086,24.613655090008262,24.18871716922317,24.567892851628937,11237500
2012-11-05,24.03835678100586,24.182182393452972,23.946832298123194,24.15603182867075,12139600
2012-11-06,24.463294982910156,24.502520834487456,24.09719701027697,24.13642036799887,11448400
2012-11-07,24.00566291809082,24.44367352987618,23.796463447707605,24.37176074433425,16745000
2012-11-08,23.770315170288086,24.260626943622892,23.770315170288086,23.959902987835992,12921700
2012-11-09,23.724550247192383,23.87491220803439,23.56764940022217,23.56764940022217,11520300
2012-11-12,23.587268829345703,23.724555542427563,23.528431310331346,23.724555542427563,10169700
2012-11-13,23.639570236206055,23.901070905606105,23.52189518436155,23.554582144572755,12105200
2012-11-14,23.54149627685547,23.770309883163836,23.449971831873757,23.659171275790268,13508300
2012-11-15,23.816083908081055,23.848770869793896,23.443447058072973,23.469597624985372,17643600
2012-11-16,23.90106201171875,23.95989951574682,23.711474221644487,23.855299785680725,15624800
2012-11-19,24.345619201660156,24.37830616006471,24.064506870441853,24.090654940852456,14076200
2012-11-20,24.352153778076172,24.36522905923303,24.09065314264884,24.339078496919317,12278600
2012-11-21,24.44367790222168,24.49597902610001,24.3325417547625,24.404454553167778,8631300
2012-11-23,24.796707153320312,24.809782436476333,24.509058405453654,24.54828176106645,5365500
2012-11-26,24.424068450927734,24.698641894717838,24.339080363816716,24.567894060830213,13217000
2012-11-27,24.463294982910156,24.705183993520397,24.41099634132916,24.476370266769255,11873700
2012-11-28,24.723297119140625,24.72987836155064,24.22303732312877,24.394179757383533,14846300
2012-11-29,24.993173599243164,24.993173599243164,24.683802471425437,24.80228492416558,12433700
2012-11-30,24.960256576538086,24.999751559254488,24.7891166733655,24.97342157077689,13039500
2012-12-03,24.604816436767578,24.973426301414968,24.57190520041926,24.947098818916142,12864900
2012-12-04,24.453414916992188,24.67721476790957,24.446831165249147,24.558732346190627,11794200
2012-12-05,24.55874252319336,24.68380623751546,24.40734881291926,24.48633628980866,14561400
2012-12-06,24.604816436767578,24.644308915999012,24.552156449837163,24.57848644330237,8974700
2012-12-07,24.822032928466797,24.841781679305896,24.61139799993675,24.644309236713365,10654700
2012-12-10,24.775955200195312,24.868107661997378,24.690383980964995,24.815450188524594,8603200
2012-12-11,24.920761108398438,25.006332305178887,24.73645623314725,24.769367459304164,10671300
2012-12-12,24.775955200195312,24.966843877337453,24.683802738393243,24.940513885117934,14681700
2012-12-13,24.749624252319336,24.87469045504976,24.703548023197445,24.815449230326447,11442100
2012-12-14,24.78911781311035,24.861524029269866,24.683800365323613,24.696965360167706,11800900
2012-12-17,24.68379783630371,24.89443271029624,24.604810386297952,24.87468647553624,17588900
2012-12-18,24.53899383544922,24.815453771740987,24.44026011681879,24.70355254413322,17952100
2012-12-19,24.20987319946289,24.54557432668927,24.203291956815796,24.51924433416832,17991900
2012-12-20,24.38759994506836,24.42051118436932,24.12430751969408,24.150635004554886,16182700
2012-12-21,24.282283782958984,24.479753740386514,24.04531882965926,24.354690019907984,27942400
2012-12-24,24.176959991455078,24.223036219123777,24.071642540931474,24.170378749345016,4851800
2012-12-26,23.972904205322266,24.223034069733252,23.854424281091653,24.15721161060893,9982100
2012-12-27,23.972904205322266,24.05847541095658,23.828094293055578,23.926827981742065,11380600
2012-12-28,23.676698684692383,23.97290223740255,23.66353369175505,23.841257329960545,14053400
2012-12-31,23.861007690429688,23.88075392776779,23.419991650104777,23.617461556384082,15651400
2013-01-02,24.749624252319336,24.74962425231934,24.130884524849513,24.34810318582372,21872400
2013-01-03,24.749624252319336,24.74962425231934,24.427090648466084,24.65089055175792,16357900
2013-01-04,24.78911781311035,24.927346492524318,24.696965360167706,24.782536571171313,15311300
2013-01-07,24.55215072631836,24.696963145652415,24.420503300647926,24.696963145652415,14610200
2013-01-08,24.381017684936523,24.53899263138041,24.29544645754896,24.479751398722325,14324300
2013-01-09,24.374431610107422,24.486332821570475,24.242786670926794,24.486332821570475,10563700
2013-01-10,24.32835578918457,24.466584484233433,24.196708336819142,24.433673248883654,15603700
2013-01-11,24.29543685913086,24.31518309189356,24.03872578935372,24.249360642040887,15644800
2013-01-14,24.34810447692871,24.42709194375954,24.223038267566412,24.32177448432967,11001500
2013-01-15,24.565311431884766,24.63771762891264,24.22302918927642,24.34809535176651,12721600
2013-01-16,24.565311431884766,24.63113387774718,24.433664029194578,24.492905234856895,9168000
2013-01-17,24.690385818481445,24.789122041169705,24.571905866608564,24.63772834108977,12121800
2013-01-18,24.81544303894043,24.822024279616056,24.55873196617684,24.677214386062424,14056100
2013-01-22,24.44025230407715,24.84177582666696,24.387592328867942,24.84177582666696,21249400
2013-01-23,24.44025230407715,24.525820997343374,24.3810110874497,24.407341075054305,13570200
2013-01-24,24.427099227905273,24.519251718515438,24.35469298214956,24.48634047343567,13258900
2013-01-25,24.38759994506836,24.5192474132388,24.295447470639033,24.473171176024138,14040700
2013-01-28,24.36125946044922,24.427084421676668,24.262525785056333,24.40075443718569,13386500
2013-01-29,24.63114356994629,24.729879788557344,24.262533710526544,24.27569870707244,17705800
2013-01-30,24.68379783630371,24.756204045044722,24.565315405812193,24.617975379793204,13219400
2013-01-31,24.51266098022461,24.70354713214458,24.42708976738499,24.70354713214458,12969100
2013-02-01,24.710124969482422,24.822023634820077,24.598223793179294,24.710124969482422,11932600
2013-02-04,24.585058212280273,24.736454360881194,24.552146988614364,24.670629402583966,9456300
2013-02-05,25.105073928833008,25.118238925655316,24.72329906485172,24.72329906485172,17897300
2013-02-06,25.21697425842285,25.295961725609057,25.012920581311647,25.098491802160385,16823700
2013-02-07,25.611894607543945,25.710630749585768,25.24328252301413,25.289358719709806,18805300
2013-02-08,25.519752502441406,25.631651164967316,25.407851328950088,25.572409958052006,12308000
2013-02-11,25.414440155029297,25.55925258106417,25.282792723267224,25.48026261542738,12159900
2013-02-12,24.723297119140625,25.118236948862656,24.538989689099637,25.085325714880188,30700500
2013-02-13,24.49290657043457,24.973417482135062,24.36125916056576,24.795693855456992,19943800
2013-02-14,24.24936866760254,24.690384751698083,24.15721620292385,24.512663576084233,22748600
2013-02-15,24.63114356994629,24.63114356994629,24.051898787724873,24.315191185743785,25204300
2013-02-19,24.795703887939453,24.861528874989766,24.657475181583553,24.690386419625455,14850600
2013-02-20,24.835187911987305,24.933924093473795,24.624553068383833,24.815441680076166,12949300
2013-02-21,24.822032928466797,24.874692916082516,24.63772799374461,24.76279169788232,14135100
2013-02-22,25.355199813842773,25.355199813842773,24.82202882668767,24.85494005802579,20102800
2013-02-25,24.8286075592041,25.486842096735785,24.8286075592041,25.381524671169334,15874600
2013-02-26,25.085325241088867,25.137982712273025,24.86810658116806,24.980007787754396,15770000
2013-02-27,25.309112548828125,25.3683537437842,24.960246618102378,25.032652802044794,14271100
2013-02-28,25.486845016479492,25.651403669714064,25.289372623825383,25.32228636324492,19005500
2013-03-01,25.473674774169922,25.53291597756662,25.335446136566052,25.335446136566052,13724500
2013-03-04,25.55266761779785,25.55266761779785,25.309121512704703,25.40785519862397,9934300
2013-03-05,25.460519790649414,25.671154705302804,25.381532325395955,25.657989709266186,13240700
2013-03-06,25.684314727783203,25.697479721270525,25.47367985391752,25.539502310388386,11653900
2013-03-07,25.750144958496094,25.796221194129757,25.56584001596145,25.697487479614704,15094900
2013-03-08,25.815954208374023,25.947599080809912,25.690888064208945,25.783040479300062,11183600
2013-03-11,25.87520408630371,25.921280309307516,25.78963288173986,25.802797875593207,9200400
2013-03-12,25.644821166992188,25.875204799325537,25.539503724229082,25.8554560525184,11375900
2013-03-13,25.585155487060547,25.770794571698314,25.55863489521434,25.73764509646198,14358300
2013-03-14,25.870241165161133,25.936540104456665,25.63156093706936,25.73764075742766,14572500
2013-03-15,25.7442684173584,25.81719622829939,25.631557202009507,25.737637006909733,20781900
2013-03-18,25.697858810424805,25.8171989195205,25.571889819331492,25.598410405606604,11479900
2013-03-19,26.07577133178711,26.12218109406914,25.73764017328388,25.803939111074683,15192000
2013-03-20,26.433786392211914,26.466935857665625,26.095657797956694,26.1221783819765,19271900
2013-03-21,26.56639862060547,26.805078924850548,26.360867796584824,26.420537872646094,23063600
2013-03-22,26.546497344970703,26.705615789218434,26.447046420459316,26.506716469337732,16128500
2013-03-25,26.599536895751953,26.685727531342177,26.49345708623404,26.592908014156777,15718400
2013-03-26,26.97744369506836,26.98407510514687,26.606165663212582,26.606165663212582,13666500
2013-03-27,26.66585350036621,26.878013239882883,26.55977363060788,26.818343155072345,14559900
2013-03-28,26.811689376831055,26.91776915810782,26.533230899407613,26.771911039565698,14227200
2013-04-01,26.81833267211914,26.844853261478054,26.632691075749353,26.77855178808077,8200500
2013-04-02,26.997343063354492,27.11668318724104,26.798441170781828,26.80507258274365,13359200
2013-04-03,26.632692337036133,27.063643082528575,26.57302480186672,27.037122491913685,13639200
2013-04-04,26.87800407409668,26.911153547877287,26.65258411158872,26.69899388071012,11435900
2013-04-05,26.573022842407227,26.758661904737234,26.526610547682186,26.659210961836138,10729500
2013-04-08,27.090158462524414,27.09678734433175,26.367488946697218,26.559759397959095,22757900
2013-04-09,26.99070930480957,27.269170412716203,26.858108897670338,27.05701077295039,21056100
2013-04-10,27.22939109802246,27.295690040834288,26.990710857271818,27.037120623068606,9703700
2013-04-11,27.302326202392578,27.454815820702464,27.22276695134894,27.269176725219644,10962500
2013-04-12,27.23601531982422,27.255904491588762,26.970814560301484,27.123304111827398,10394700
2013-04-15,26.579647064208984,27.176347558697923,26.55312648020012,27.083525514666903,16050600
2013-04-16,28.091289520263672,28.16421987359597,27.348730751061424,27.448181692722287,32135700
2013-04-17,28.210628509521484,28.310079447202007,27.865868462476055,27.93879881288945,24208000
2013-04-18,27.912277221679688,28.276928960630954,27.90564833967254,28.16421773337084,16034200
2013-04-19,28.2835636138916,28.356493976563275,27.978584396485356,28.031623050792046,13875800
2013-04-22,28.32333755493164,28.409525663184475,28.111177931453234,28.190737157972084,10544100
2013-04-23,28.31008529663086,28.482464091199272,28.0183638347018,28.363123952981553,11216200
2013-04-24,27.945423126220703,28.44267263003857,27.912271135986103,28.27029138572899,11368200
2013-04-25,28.07803726196289,28.204008828005062,27.899029562369794,28.018367185717448,10197100
2013-04-26,27.912277221679688,28.131068265050448,27.90564833967254,27.96531839430617,15159800
2013-04-29,28.005107879638672,28.038257358145774,27.792945653078423,28.005107879638672,11311100
2013-04-30,28.064762115478516,28.10454045558262,27.7664119189894,27.94542203688287,13432200
2013-05-01,27.985204696655273,28.21725600936148,27.938794939942444,27.945426350411164,8710600
2013-05-02,27.819454193115234,27.95205457882976,27.507846195199395,27.620554879114444,18709600
2013-05-03,28.005107879638672,28.12444549643562,27.819466247541342,27.958695574757023,11757800
2013-05-06,27.899023056030273,28.038252358418852,27.759791224499054,28.038252358418852,9356100
2013-05-07,28.31008529663086,28.316714180246098,27.94543599836246,27.985214358339746,13785300
2013-05-08,28.150964736938477,28.296825470326056,27.952065346319124,28.204005923313222,12636300
2013-05-09,27.925537109375,28.2172584963004,27.845977880732743,28.184106499319036,10113700
2013-05-10,27.945423126220703,28.005093167844517,27.746521301380145,27.918902545689726,9927000
2013-05-13,27.971946716308594,28.13769658373452,27.8459777275561,27.93879724865186,9291000
2013-05-14,28.190731048583984,28.29017942789492,27.852599983158484,27.965311181347538,13023900
2013-05-15,28.45594596862793,28.57528611720521,28.104556936229905,28.177487308043037,12306200
2013-05-16,28.568634033203125,28.794053849775885,28.369734790142708,28.449293981538656,12330000
2013-05-17,28.489089965820312,28.595169787043236,28.21726026586516,28.542128611860555,12611200
2013-05-20,28.09791374206543,28.47582317704711,28.04487257898077,28.47582317704711,9966000
2013-05-21,28.07139778137207,28.217258474723234,27.892387620207174,28.16421730290744,9148800
2013-05-22,28.0117244720459,28.41615450813934,27.872495205924483,28.03161364459411,13615600
2013-05-23,27.799575805664062,27.89239535293218,27.554266640863613,27.799575805664062,10934200
2013-05-24,28.005107879638672,28.091296017928517,27.514486998647065,27.541007593109985,11542100
2013-05-28,28.210628509521484,28.542128262933353,28.11118010098337,28.243777979034192,14412100
2013-05-29,27.448179244995117,28.131067894131867,27.388509191148255,28.071397840285005,16986600
2013-05-30,27.03049087524414,27.580779164567616,27.017230581277705,27.507851341465926,20874500
2013-05-31,26.513349533081055,27.030488302845356,26.513349533081055,26.950929075760595,26184400
2013-06-03,27.057008743286133,27.0768979176652,26.274669181908,26.486828805758794,16577200
2013-06-04,27.4614315032959,27.660333329003937,27.149823532694064,27.57414270647324,19241000
2013-06-05,26.9509334564209,27.448183132523553,26.91778145469994,27.448183132523553,16429300
2013-06-06,27.04375457763672,27.04375457763672,26.72551506976076,26.884633559127344,11171600
2013-06-07,27.454814910888672,27.66697459273636,27.169724864191544,27.31558559389042,14459600
2013-06-10,27.302326202392578,27.52774618796871,27.209506654651168,27.51448589127094,11247400
2013-06-11,27.04375457763672,27.169723592480494,26.785185135558926,27.103424643434884,16491600
2013-06-12,26.9636287689209,27.330798253332702,26.890194362714038,27.230662510287207,11611100
2013-06-13,26.976999282836914,27.02372983775407,26.489664533969254,26.910242074847904,17861200
2013-06-14,26.930255889892578,27.230668275880852,26.876848111662202,26.956959779007764,13635100
2013-06-17,27.15723419189453,27.310777736282013,26.970312059009434,27.063773125451984,12409200
2013-06-18,27.324140548706055,27.36419639880855,27.083810541339258,27.170596943249283,9893100
2013-06-19,26.976999282836914,27.664608202295845,26.976999282836914,27.377547624019464,16936100
2013-06-20,26.122478485107422,26.936926609828877,26.01566549104776,26.883521386110374,24899700
2013-06-21,26.543062210083008,26.683256381417927,26.2359750664418,26.45627837380844,21938300
2013-06-24,26.389522552490234,26.70996169076981,26.122491210569205,26.336117302755586,16433700
2013-06-25,26.516355514526367,26.656547110963167,26.329430839320963,26.583112689984937,12942100
2013-06-26,26.923583984375,27.023719759011968,26.743336534080505,26.756688480023428,13855600
2013-06-27,26.87685203552246,27.290754737366093,26.863502635638966,27.13721117247187,11459100
2013-06-28,26.776714324951172,26.99701505986372,26.770037078867727,26.87017539713366,16316000
2013-07-01,27.010366439819336,27.31745354102385,26.943609260122066,27.03707033034751,10754300
2013-07-02,26.950292587280273,27.197299833807776,26.823452886599867,27.017052334973105,12248300
2013-07-03,27.0304012298584,27.077131774650464,26.723311518422953,26.863505699422838,5264800
2013-07-05,27.050424575805664,27.237346732151213,26.80341993397428,27.183941493176793,10402200
2013-07-08,27.063779830932617,27.210646166035204,26.983668142741724,27.13721427179576,9936300
2013-07-09,27.257373809814453,27.417592060927717,27.183939383627877,27.277400454547813,8760500
2013-07-10,27.15723419189453,27.34415632477963,27.057095879778622,27.31745243533231,9539300
2013-07-11,27.390893936157227,27.471005625201062,27.197297054193932,27.37086728720813,13489600
2013-07-12,27.390893936157227,27.457653677027093,27.190619806795084,27.39089393615723,10686400
2013-07-15,27.377540588378906,27.53776141165199,27.32413534503694,27.404244483361683,11418400
2013-07-16,26.856822967529297,27.03707040918531,26.36948842377333,26.55641056476927,33575600
2013-07-17,27.26405143737793,27.357512518335707,26.910233760431083,27.070452028751994,18513100
2013-07-18,27.244020462036133,27.41759064957799,27.197289928981668,27.277399050414598,9708800
2013-07-19,27.430952072143555,27.437626773476257,27.230677926051367,27.290760424541418,11401100
2013-07-22,27.26405143737793,27.464325546090798,27.210643650188654,27.4242722523223,9425100
2013-07-23,27.344158172607422,27.457648437116287,27.230670454721793,27.33748347310607,9400900
2013-07-24,27.277400970458984,27.457648416337907,27.203966542883506,27.450971170218374,10511000
2013-07-25,27.26405143737793,27.29075533097257,27.023721488273107,27.244024790493683,9147300
2013-07-26,27.130529403686523,27.137206649138687,26.709952072004576,27.137206649138687,12279600
2013-07-29,26.890201568603516,27.15723538152809,26.876849623294973,27.110504846259765,10132000
2013-07-30,26.916915893554688,27.19062451192501,26.87018534017128,26.983673099352654,10769400
2013-07-31,26.75669288635254,27.090483950024858,26.7433409382108,26.97699366413194,13557100
2013-08-01,27.08379364013672,27.20395856883314,26.970305955602587,26.970305955602587,12001100
2013-08-02,26.850156784057617,26.97699648473037,26.643205386158293,26.723314536760878,25516600
2013-08-05,26.896888732910156,27.017053738375246,26.823454279945476,26.823454279945476,9933200
2013-08-06,26.950292587280273,26.99034843589597,26.74334373599245,26.85683148713429,8645600
2013-08-07,26.803417205810547,26.923582164551334,26.743334726440157,26.9102302195109,9301800
2013-08-08,26.836801528930664,26.943614565452208,26.716636544515968,26.903558721772754,9481100
2013-08-09,26.810091018676758,26.916904028845867,26.736656596693674,26.87017349606082,9021600
2013-08-12,26.589794158935547,26.770039070627764,26.509682479712993,26.729985777639897,13970000
2013-08-13,26.469636917114258,26.736668285971692,26.369498562152625,26.656559129976877,13548700
2013-08-14,26.389522552490234,26.489660897350557,26.26935755730741,26.429578399759144,13787100
2013-08-15,26.09578514099121,26.30273651472455,26.049054596377825,26.235976774831368,14227800
2013-08-16,26.069080352783203,26.155866738362114,25.84210233816239,26.055728405261558,20565200
2013-08-19,25.888832092285156,26.09578345262902,25.82874960358039,26.069079558399455,11913000
2013-08-20,25.802043914794922,26.129157650888096,25.802043914794922,25.935558270232004,10238200
2013-08-21,25.555042266845703,25.83542807631313,25.535015618535045,25.788697532505832,15799000
2013-08-22,25.5750675201416,25.715259129957115,25.434873363702845,25.581742219675235,10307900
2013-08-23,25.715253829956055,25.775336299868535,25.615115531227676,25.775336299868535,11302800
2013-08-26,25.448225021362305,25.768664074438032,25.441550321904217,25.768664074438032,12740600
2013-08-27,25.468259811401367,25.528342306224317,25.23460453303488,25.35476952268078,16742500
2013-08-28,25.60177230834961,25.72193728910322,25.401498189301453,25.408175436356427,19245200
2013-08-29,25.434885025024414,25.6818923136113,25.434885025024414,25.6818923136113,14215700
2013-08-30,25.48828887939453,25.555046081477414,25.36812387834613,25.474936929653154,14296600
2013-09-03,25.301361083984375,25.635152113870063,25.234601350033167,25.548365733045216,19068500
2013-09-04,25.728618621826172,25.85545832315313,25.241283920992284,25.28801447130348,19138600
2013-09-05,25.528343200683594,25.828753138700296,25.408178206827365,25.788699838497465,14290500
2013-09-06,25.60177230834961,25.782019779480027,25.434876784705548,25.62180150289094,13976900
2013-09-09,25.715253829956055,25.73528047105264,25.548358363157238,25.715253829956055,10605500
2013-09-10,25.788698196411133,25.888833987165967,25.70858650785882,25.882159286431794,11757300
2013-09-11,25.888832092285156,25.888832092285156,25.721936573285642,25.82207490333476,11996500
2013-09-12,25.848482131958008,25.962797776952055,25.740892294686933,25.949348726650165,12114100
2013-09-13,26.016599655151367,26.050223574130285,25.835041266273684,25.92918464821183,11623600
2013-09-16,26.130918502807617,26.35954732778632,26.05022673079901,26.245231632724376,13351500
2013-09-17,26.083847045898438,26.28557775042753,26.083847045898438,26.097296101553056,12881700
2013-09-18,26.621768951416016,26.628492189727027,25.942609015736718,26.097269148314332,18030500
2013-09-19,26.43349266052246,26.6755677641424,26.32590287053262,26.655395480126472,14251700
2013-09-20,26.494016647338867,26.494016647338864,26.07710389472004,26.446946266421154,30675300
2013-09-23,25.97625160217285,26.35281481926891,25.848486883391374,26.33264252268006,19016200
2013-09-24,25.90900993347168,26.137638732066787,25.90228668872398,26.036774669981963,15083300
2013-09-25,25.774518966674805,26.00987095933327,25.7543441064867,25.9896986642895,11446100
2013-09-26,26.05021858215332,26.05021858215332,25.814864020126024,25.88210928005284,10941100
2013-09-27,25.82158851623535,25.9426274128071,25.653479222679508,25.935901604584085,12609600
2013-09-30,25.471914291381836,25.754336600258625,25.384496763096532,25.68036811979749,18101500
2013-10-01,25.518991470336914,25.61313226502643,25.29708596987368,25.552612816276845,13196000
2013-10-02,25.16932487487793,25.424851731896695,25.02138786842322,25.424851731896695,25664200
2013-10-03,24.98777198791504,25.18950268121426,24.967599688128598,25.18950268121426,14437900
2013-10-04,25.014663696289062,25.06173409384172,24.81965629777418,25.048285042377493,17217500
2013-10-07,24.91379737854004,25.135702882527735,24.765862941025887,24.933972238539845,16708600
2013-10-08,25.06845474243164,25.155872285329316,24.81293048649076,24.94741585692532,20471300
2013-10-09,24.93397331237793,25.16259950430468,24.88690034711395,25.135703965053807,18998900
2013-10-10,25.404672622680664,25.458468821537956,25.182769715254196,25.397949380395474,17174400
2013-10-11,25.3979549407959,25.49881898801967,25.229845630278433,25.49881898801967,14266900
2013-10-14,25.492095947265625,25.5189940527973,25.22312002223792,25.25674393672478,14202900
2013-10-15,25.323976516723633,25.801406155994236,25.283629374547605,25.673644053485393,21676600
2013-10-16,25.55260467529297,25.713990675589518,25.404667722116418,25.55932791628124,17995100
2013-10-17,25.922462463378906,25.92918827417318,25.55934563484495,25.592969558525866,15900200
2013-10-18,26.077104568481445,26.07710456848145,25.83502685171095,25.942619228180895,18896600
2013-10-21,26.104015350341797,26.191432916140837,25.956078325934918,26.191432916140837,12977500
2013-10-22,26.285572052001953,26.3931619087695,26.016596127510823,26.130911793220136,17110200
2013-10-23,26.285572052001953,26.3931619087695,26.090564635003112,26.27884880820471,12591800
2013-10-24,26.090559005737305,26.473847948095287,26.063660906062786,26.32591353017338,17143800
2013-10-25,26.245229721069336,26.312474997132803,25.97625631225046,26.117467544266244,14383400
2013-10-28,26.635250091552734,26.722667685798196,26.218339555001755,26.238511859387046,16552100
2013-10-29,26.763002395629883,26.870592254465947,26.460405116045784,26.608342133874583,14199600
2013-10-30,26.641963958740234,26.823522329727318,26.567995448507205,26.816799085680962,12360000
2013-10-31,26.608339309692383,26.803346709742538,26.567992154982054,26.567992154982054,14853500
2013-11-01,26.635250091552734,26.70921862782616,26.446968410235296,26.608351975608667,12430400
2013-11-04,26.56800079345703,26.769734067457122,26.426789553773073,26.70248878774205,10252100
2013-11-05,26.56127166748047,26.65541247309398,26.37299005625345,26.46713086186696,10575000
2013-11-06,26.931110382080078,27.04542604434891,26.50747421155702,26.641962169754994,17198000
2013-11-07,26.783184051513672,27.06560654066833,26.736111071509338,26.951293408909127,16233200
2013-11-08,26.931110382080078,26.931110382080078,26.554547177299092,26.722656483760446,11903600
2013-11-11,26.810073852539062,26.93111276913113,26.74283115005221,26.90421466207852,9567800
2013-11-12,26.816791534423828,26.890760023828303,26.641956456714368,26.83696382602727,10509200
2013-11-13,26.978178024291992,26.978178024291992,26.662134304756783,26.77644739019322,11770500
2013-11-14,27.03870391845703,27.19336419364988,26.91766499610701,26.958012158605285,10887200
2013-11-15,27.04542350769043,27.112666197910332,26.870588408887958,27.005076354471964,12021500
2013-11-18,27.011804580688477,27.058877550699673,26.897491473196837,27.058877550699673,9553900
2013-11-19,26.991634368896484,27.05215383199403,26.84369733351474,26.991634368896488,11014800
2013-11-20,26.937824249267578,27.20007424066862,26.857129971033945,26.93109844350979,14422500
2013-11-21,27.186641693115234,27.22698885671763,26.96473614101938,27.031981413690033,26364300
2013-11-22,27.186641693115234,27.206813992344,26.958012896324746,27.126122230284082,26396500
2013-11-25,27.146289825439453,27.489234243770134,27.11939428617668,27.22025832998703,14059100
2013-11-26,27.065595626831055,27.30094760622408,27.05887238391019,27.226981673517837,14240400
2013-11-27,27.214576721191406,27.343236492168053,26.87600272702479,27.146862955603915,9909100
2013-11-29,27.214576721191406,27.410950257755545,27.160406225344328,27.268749800153063,8641100
2013-12-02,27.140085220336914,27.221342233533417,26.91662520515418,27.153625903274765,16738800
2013-12-03,27.322914123535156,27.350000656896917,27.092683756188155,27.11977028954992,16592300
2013-12-04,27.336454391479492,27.4041707174556,27.04528064756651,27.22134051199068,13196100
2013-12-05,26.970792770385742,27.35676673326668,26.950476583893405,27.275507153524014,18171200
2013-12-06,27.397403717041016,27.424490253287985,27.119773178295265,27.119773178295265,12557100
2013-12-09,27.356769561767578,27.424483302107582,27.22133949797395,27.356769561767575,12237100
2013-12-10,26.98433494567871,27.282281588350056,26.916621208588037,27.26196540073206,15967800
2013-12-11,27.173934936523438,27.316135317941406,27.011418369822046,27.052048157275692,14963500
2013-12-12,26.550968170166016,27.228116060758044,26.530654560044802,27.079145281345458,19817700
2013-12-13,26.56450080871582,26.84213122944591,26.55095754634933,26.727017374000514,14037400
2013-12-16,26.59160041809082,26.794744287320622,26.544200268041013,26.720257599209656,14562100
2013-12-17,26.476484298706055,26.57805752631995,26.32074057731537,26.490027567928873,17655700
2013-12-18,27.09945297241211,27.1400827668944,26.408761964895064,26.58481924142436,23884500
2013-12-19,26.991113662719727,27.1536276998653,26.787969824730734,27.065600339375635,14791800
2013-12-20,27.11299705505371,27.214567669652663,26.984337326869166,27.031737463638088,22237200
2013-12-23,27.194252014160156,27.24842507102175,26.997878557707168,27.15362222151396,10943200
2013-12-24,27.214576721191406,27.295836339633894,27.153633298916834,27.201033451450993,4783800
2013-12-26,27.4177188873291,27.451575764816862,27.180715578686442,27.234888649158194,8588300
2013-12-27,27.532838821411133,27.620868788662985,27.444808854159277,27.553152435732812,6762200
2013-12-30,27.82400131225586,27.857858183329558,27.60054131356481,27.607314237647763,10927500
2013-12-31,27.972972869873047,28.027143343531193,27.749512885360204,27.85108607525032,11729200
2014-01-02,27.532838821411133,27.918812992211517,27.431265583573243,27.8443262955457,12698600
2014-01-03,27.397403717041016,27.580233962036647,27.322917033918987,27.546377083285073,10403400
2014-01-06,27.268749237060547,27.48543638220348,27.194262546583687,27.410949691726625,11036300
2014-01-07,27.34999656677246,27.57345655891813,27.282282826608473,27.4109399661655,11872300
2014-01-08,27.045272827148438,27.383846609785756,26.97078876478312,27.383846609785756,15339600
2014-01-09,26.903074264526367,27.085904429398383,26.760873886219176,27.052047565484262,14070200
2014-01-10,27.173934936523438,27.28227845328663,27.01819129262092,27.05881849696137,13290000
2014-01-13,26.767658233642578,27.17394856256879,26.74734462128634,27.08591860383427,14091900
2014-01-14,26.87598991394043,27.03173356703279,26.80150584055018,26.84213304728789,12801100
2014-01-15,26.923389434814453,27.045276218496948,26.80150523424525,26.97079214679168,12844900
2014-01-16,26.88953399658203,26.96402065535533,26.801506657225794,26.936934127962598,11063100
2014-01-17,26.59836196899414,26.916622228226117,26.59836196899414,26.89630862295211,13992700
2014-01-21,27.031736373901367,27.031736373901367,26.7676491702311,26.842135834469097,17579000
2014-01-22,27.018190383911133,27.146847498517396,26.916617210249854,27.07913377148528,9841700
2014-01-23,26.571277618408203,26.842135156020582,26.490018032322293,26.82182155105588,14828100
2014-01-24,26.300426483154297,26.578057039349034,26.28688321417962,26.462943127735954,16507500
2014-01-27,26.22593116760254,26.395218099422678,26.212387903083297,26.28687456638233,14601900
2014-01-28,26.320735931396484,26.46293894157833,26.151448970664116,26.253022180349145,8915500
2014-01-29,25.663894653320312,26.117582298002574,25.609721606312434,26.117582298002574,23776100
2014-01-30,25.84673309326172,26.009249719482387,25.731619194654108,25.731619194654108,13662000
2014-01-31,25.609731674194336,25.839962048261544,25.542017921927425,25.697761618632583,16185000
2014-02-03,25.189899444580078,25.745160450859053,25.12218311264731,25.745160450859053,23164900
2014-02-04,25.379497528076172,25.426897664240936,25.196667324391925,25.352410997949537,17759700
2014-02-05,25.467525482177734,25.542012142686122,25.31178182071178,25.386268481220167,13665200
2014-02-06,25.75193214416504,26.36813658996993,25.677445466686304,26.246249769207285,22661500
2014-02-07,25.69775390625,25.968611417142256,25.64358085420357,25.846724633151087,20389000
2014-02-10,26.117589950561523,26.151446823305122,25.623272375786314,25.779016056897916,20877200
2014-02-11,26.16499137878418,26.2597916603848,26.076961438820486,26.1853049868089,15361300
2014-02-12,26.076969146728516,26.35459973195632,26.002485034250324,26.30719957714533,10633400
2014-02-13,26.171762466430664,26.246246551664278,25.819645314406397,25.819645314406397,10435600
2014-02-14,26.361364364624023,26.422307770651322,25.91444691479514,26.137904348152638,16030100
2014-02-18,25.372732162475586,25.806106397027932,25.230529142982817,25.718076448411303,46098500
2014-02-19,25.122188568115234,25.460762551961068,25.08833168635355,25.393048788437703,26645100
2014-02-20,25.25761604309082,25.406589407036893,24.979985508627653,25.095101994344407,22639900
2014-02-21,25.17635154724121,25.47429560359956,25.149265019450418,25.453981999313196,19419800
2014-02-24,25.393041610717773,25.460755355100844,25.20344105995415,25.257611538837857,24223500
2014-02-25,25.57587432861328,25.690988221976923,25.393044101111595,25.481074043934044,22845500
2014-02-26,25.643592834472656,25.69099298560121,25.542022189103392,25.66390903003811,18195100
2014-02-27,25.77900505065918,25.80609157053511,25.59617491616574,25.623261436041666,18423400
2014-02-28,25.867042541503906,25.995699674010478,25.75869901331062,25.785785541137308,15763200
2014-03-03,25.812870025634766,25.83995655402787,25.630039833651573,25.650356021503164,18683400
2014-03-04,25.941532135009766,25.99570261367542,25.88735907323035,25.961845741620166,20425200
2014-03-05,25.96861457824707,26.036330901548073,25.90090083805968,26.016014713000967,14367400
2014-03-06,26.04987335205078,26.10404382588494,25.91444329279509,26.00247321877832,14700000
2014-03-07,26.104053497314453,26.144683305078374,25.97539631406711,26.110826423499017,17047600
2014-03-10,26.171762466430664,26.171762466430664,26.029559470897613,26.104046139244986,14540800
2014-03-11,26.273332595825195,26.300419126197692,26.097275314631403,26.300419126197692,13812100
2014-03-12,26.25627326965332,26.276747824422788,26.078818449717236,26.11977016283638,15673700
2014-03-13,25.915021896362305,26.269929002388842,25.88089416026726,26.2426278549451,18302800
2014-03-14,26.051515579223633,26.15389355343902,25.85358882122994,25.901364514909112,14687200
2014-03-17,26.11977195739746,26.188022213704965,25.969618269224483,26.05151909750957,19203000
2014-03-18,26.208505630493164,26.249454752621727,26.031050755999367,26.119778193246265,16880400
2014-03-19,26.031049728393555,26.338181150138443,26.00374857899825,26.181203446486812,20882200
2014-03-20,26.242616653442383,26.256267221337595,25.901360266800946,26.01056220638302,13228000
2014-03-21,26.235795974731445,26.501978203249944,26.126594010562393,26.467850474038205,19189100
2014-03-24,26.208505630493164,26.297230464159053,26.078826467536697,26.263105327858252,15693000
2014-03-25,26.358642578125,26.481495085616004,26.249440638530736,26.269917792165643,16898900
2014-03-26,26.35182762145996,26.577055559947564,26.35182762145996,26.406427308167668,15835500
2014-03-27,26.495155334472656,26.618007886852265,26.2631008025979,26.283575360134314,13031500
2014-03-28,26.58387565612793,26.63847532950216,26.495148257867452,26.542923948412355,11502100
2014-03-31,26.385953903198242,26.638482997856205,26.249450775098044,26.61118445510066,24489800
2014-04-01,26.215316772460938,26.542922606888176,26.14706653329766,26.297217580172813,20515700
2014-04-02,26.160722732543945,26.304049827783636,26.140245573523778,26.269924700857086,15709100
2014-04-03,25.983264923095703,26.26992168423811,25.962790370006957,26.2016688346423,18114000
2014-04-04,26.08565330505371,26.2631055776543,26.031051003588278,26.09930388042007,15453600
2014-04-07,26.358642578125,26.542921339361502,26.112937563143,26.11976414888117,17295700
2014-04-08,26.54974937438965,26.54974937438965,26.26309264006951,26.392769136797813,14769900
2014-04-09,26.611173629760742,26.611173629760742,26.4132443047115,26.50879567443746,12031400
2014-04-10,26.54293441772461,26.89101756165153,26.495158708335566,26.60436070173637,21025700
2014-04-11,26.3654727935791,26.768155489441178,26.324521084251103,26.501975887759123,18084200
2014-04-14,26.43372344970703,26.481499142875567,26.208495553852526,26.42007287971888,19389800
2014-04-15,27.423372268676758,27.62130166151798,26.959263225122395,27.184493762544562,47529200
2014-04-16,27.70320701599121,27.703207015991207,27.382425023728096,27.382425023728096,21919900
2014-04-17,27.791921615600586,27.791921615600586,27.471139771459168,27.593992281829088,18547100
2014-04-21,27.812402725219727,27.81922670914752,27.539396503662758,27.62129993227802,12630900
2014-04-22,27.78510093688965,27.819226062896462,27.587171561037835,27.69637612998799,17404900
2014-04-23,27.79875373840332,27.853356027259338,27.682727779954938,27.77827918187253,12072500
2014-04-24,27.778268814086914,27.90794529634967,27.614464612236542,27.778268814086914,11392600
2014-04-25,27.98986053466797,27.98986053466797,27.600828283609424,27.614478857770525,16811400
2014-04-28,28.003503799438477,28.174132026544157,27.805577034716784,27.860176713528936,20736700
2014-04-29,27.689552307128906,28.003507663464834,27.655427177715083,27.96255854960044,18928400
2014-04-30,27.83970832824707,27.90113460775938,27.703205195599633,27.771455460133,12362000
2014-05-01,27.8328800201416,27.84653059292109,27.477972938616563,27.839706608321617,15385800
2014-05-02,27.948904037475586,27.955728020964255,27.7305001157165,27.83970207659604,14197000
2014-05-05,27.819231033325195,27.935259606775304,27.67590391634037,27.744156784128872,10163500
2014-05-06,27.63495445251465,27.750980420928304,27.607653305741795,27.655429010803964,9359900
2014-05-07,27.92160987854004,27.96256160045295,27.730507050108,27.77828275721601,11115600
2014-05-08,27.79875373840332,27.955731413493716,27.744154053127737,27.880654568106912,8538700
2014-05-09,27.894315719604492,27.948918029169146,27.785113704056602,27.832889423134965,8516400
2014-05-12,27.860177993774414,27.962555976174396,27.771450582599776,27.901129707450455,8906000
2014-05-13,28.0581111907959,28.133188040965596,27.860181786454074,27.86700837478619,11579600
2014-05-14,27.907949447631836,28.105878794932167,27.867000343762697,27.996676845314717,10036100
2014-05-15,27.655424118041992,27.955728868671915,27.600821834156445,27.723674369318733,12379200
2014-05-16,27.907949447631836,27.921600016781497,27.607644737078807,27.655420427312702,13823900
2014-05-19,27.78510093688965,27.79875150800842,27.587171561037835,27.71002409752653,7559500
2014-05-20,27.696380615234375,27.935259139547075,27.689554026779355,27.84653171469637,9639500
2014-05-21,27.894315719604492,27.901142310090783,27.64178654682151,27.675911688508712,8607300
2014-05-22,27.696380615234375,27.873832861355147,27.662252880120576,27.826057156492606,8430400
2014-05-23,27.696380615234375,27.778281451630065,27.662252880120576,27.730505746767523,6255200
2014-05-27,27.826051712036133,27.86017683689235,27.628122342857896,27.68272462549195,11282900
2014-05-28,27.696380615234375,27.907957992888296,27.662252880120576,27.778281451630065,7536700
2014-05-29,27.750978469848633,27.894305574958288,27.710026752568528,27.764629042275335,9867100
2014-05-30,27.92160987854004,27.92843386373514,27.63495563589198,27.66908076902902,10446100
2014-06-02,27.88747215270996,27.90794670263067,27.764619646026514,27.812395331561234,7472100
2014-06-03,27.901126861572266,27.983027676990332,27.785098319781692,27.791924906488187,10493100
2014-06-04,27.83970832824707,27.928433151424308,27.785106033755817,27.92160916640325,7864700
2014-06-05,27.907949447631836,27.983026276165052,27.730497255845922,27.798747498014382,10131700
2014-06-06,27.976207733154297,28.023983432677838,27.873829746415087,27.942080001854325,8760600
2014-06-09,27.92160987854004,28.044462440698,27.88065815662713,27.88065815662713,7316400
2014-06-10,28.030803680419922,28.08540596035738,27.853351477783207,27.87382603096975,9168600
2014-06-11,27.88747215270996,28.023975227200413,27.839696467175244,27.969372955972396,9648600
2014-06-12,27.79464340209961,27.973432788237243,27.76026163496874,27.78776809793771,11583600
2014-06-13,27.760265350341797,27.870288593782266,27.6777485735517,27.774018583666983,9194600
2014-06-16,27.95967674255371,28.035318196524575,27.608978556060215,27.63648239310018,12878200
2014-06-17,28.13847541809082,28.331018097970144,27.925306819056562,28.317264862038655,26926600
2014-06-18,28.578567504882812,28.585442810403276,28.021573323922034,28.049079792326292,18518200
2014-06-19,28.736730575561523,28.79174089842056,28.557941124155953,28.56481905398936,13275200
2014-06-20,28.6679630279541,28.79861745695103,28.557939764313357,28.791739527445127,23402600
2014-06-23,28.695463180541992,28.702341108533282,28.42040639359196,28.509798472191225,13099300
2014-06-24,28.777982711791992,28.805489180070925,28.516679132625722,28.55106090639379,14962800
2014-06-25,28.853607177734375,28.86736040376582,28.509784396427268,28.606054355487714,17621800
2014-06-26,28.901758193969727,28.91551142763242,28.729846707927727,28.819241415154675,16903300
2014-06-27,29.01178741455078,29.080553597025368,28.819247349945233,28.8742602959249,18674400
2014-06-30,29.128684997558594,29.218079712098554,28.757355527772294,28.867378782913274,14058700
2014-07-01,29.080551147460938,29.190574406990955,28.984281123267348,29.149314700981666,11497700
2014-07-02,29.080551147460938,29.163067936318097,28.984281123267348,29.094304382797368,6707000
2014-07-03,29.039283752441406,29.10117198348789,28.88800082695873,29.059912288403325,7537700
2014-07-07,28.977401733398438,29.01866143732801,28.832996704386858,28.853625244771003,8991900
2014-07-08,28.839874267578125,29.053045486491705,28.819245725579275,28.860505432738467,10090500
2014-07-09,28.84674072265625,28.99114570553124,28.736717503823815,28.832987492407142,9891600
2014-07-10,29.059921264648438,29.080552430143793,28.57169319289684,28.578571122449137,12564500
2014-07-11,28.86048698425293,29.05302691492889,28.79859877465568,28.96363225147513,9773000
2014-07-14,29.142427444458008,29.149302747726153,28.867368096845844,28.87424602327434,11857700
2014-07-15,28.949893951416016,29.176818377997144,28.846748631011007,29.163065143977576,10541900
2014-07-16,28.963653564453125,29.149318329866755,28.894890002371817,29.059923600631656,10331400
2014-07-17,28.894874572753906,28.984269254253007,28.764222825301648,28.832986350663816,9983500
2014-07-18,29.176809310913086,29.20431577040422,28.894874659029817,28.977391414342872,19272400
2014-07-21,29.156187057495117,29.273085600769367,28.94301588526682,28.96364442274794,17607200
2014-07-22,28.324127197265625,28.420399804697595,27.925294030545952,28.262238975496672,24706000
2014-07-23,28.062833786010742,28.22786735458028,27.939057298002947,28.179732345150725,17531700
2014-07-24,28.17285919189453,28.262251288715525,27.959687974447544,28.172859191894528,14856000
2014-07-25,28.193485260009766,28.22099172884652,28.062833467777036,28.13847232233625,10809900
2014-07-28,27.97343635559082,28.193482841082975,27.925301350836975,28.186607536044296,11709100
2014-07-29,27.746509552001953,28.04219748325617,27.746509552001957,28.021568946755902,10863600
2014-07-30,27.244531631469727,27.849660798111334,27.23765632620429,27.815279025461933,20346200
2014-07-31,27.01761245727539,27.32017575839913,26.990105987220137,27.18264603128421,15434700
2014-08-01,27.01761245727539,27.155142184390314,26.85945418919971,26.907589200215728,13566700
2014-08-04,27.093242645263672,27.134499709988305,26.900700058294387,27.10011794833102,11012900
2014-08-05,26.941967010498047,27.182642030152127,26.886954078485125,27.05199025136291,11639200
2014-08-06,27.45082664489746,27.47833311403935,26.907588306732205,26.907588306732205,17567500
2014-08-07,27.05886459350586,27.512710773820295,27.045113984152863,27.47832900411604,14367400
2014-08-08,27.12763214111328,27.217026845437214,26.996977737141144,27.051990670005416,13667000
2014-08-11,27.21014404296875,27.41643725793347,27.175762277668056,27.175762277668056,14102600
2014-08-12,27.285789489746094,27.395812728690196,27.189519483565125,27.203272716328254,13297500
2014-08-13,27.464576721191406,27.574599961945605,27.299543171640597,27.299543171640597,9638900
2014-08-14,27.62961196899414,27.6364872736782,27.45770049712293,27.45770049712293,6902000
2014-08-15,28.110960006713867,28.296624680678587,27.959677096855106,28.090328849721928,23221600
2014-08-18,28.43415069580078,28.482285688418436,28.04907075485953,28.04907075485953,14891500
2014-08-19,28.37226104736328,28.52354394407804,28.303497525125785,28.434149266641114,10260400
2014-08-20,28.36538314819336,28.427271361806728,28.255359948787373,28.296619632249616,6782500
2014-08-21,28.475419998168945,28.66796003363942,28.34476820597987,28.39290321484749,11951000
2014-08-22,28.275991439819336,28.551050778716753,28.22785644898633,28.392892576956832,11244600
2014-08-25,28.475419998168945,28.502926466996513,28.276002033910952,28.413531754887543,10229300
2014-08-26,28.606063842773438,28.674829995737145,28.475412086883164,28.475412086883164,8416500
2014-08-27,28.606063842773438,28.681705299453256,28.49604062119202,28.557928847279097,7693100
2014-08-28,28.62669563293457,28.67483062949276,28.49604125099613,28.54417624755432,9746400
2014-08-29,28.688573837280273,28.709202364837928,28.516662445874058,28.606054480730336,7666700
2014-09-02,28.63357162475586,28.771101313866666,28.406649867409563,28.551054860553627,9798100
2014-09-03,28.729848861694336,28.777983871541707,28.647332076693317,28.66796061715325,8635400
2014-09-04,28.79173469543457,28.99802795224434,28.69546468380075,28.74359968961766,16785300
2014-09-05,28.771095275878906,28.78484850421976,28.612937084699247,28.78484850421976,12768100
2014-09-08,28.729848861694336,28.839872116082795,28.62670353623339,28.65420738245953,9097700
2014-09-09,28.839874267578125,28.901762516736166,28.70922246298293,28.72297569870266,11892500
2014-09-10,28.99802017211914,29.0117734019713,28.76422313411359,28.81235812701595,17558000
2014-09-11,29.056901931762695,29.133094467860168,28.856031180645953,28.8698846092338,19614000
2014-09-12,28.717491149902344,29.0361119875534,28.648226669463615,29.022261205282103,12966800
2014-09-15,28.745201110839844,28.800614815006167,28.627450952892673,28.710568866871313,12259600
2014-09-16,28.842174530029297,28.952999304080215,28.52355363491679,28.599746162502615,15232800
2014-09-17,28.821413040161133,28.93916327739677,28.620542190705795,28.932237880848106,16693800
2014-09-18,28.946081161499023,29.00842027765799,28.779842637651214,28.918374300479105,12586400
2014-09-19,29.12616539001465,29.333961526852686,28.918369253176607,29.077679712828147,47559700
2014-09-22,29.24392318725586,29.264702011796466,28.90452074688637,28.98763868732049,11518100
2014-09-23,29.015348434448242,29.20236580073184,29.00842303966972,29.091540988371776,10251300
2014-09-24,29.278553009033203,29.327038690446308,28.98763627828309,28.98763627828309,13540900
2014-09-25,28.93915367126465,29.209288965627753,28.93222827701482,29.133099059792627,11076300
2014-09-26,29.230058670043945,29.26469091189975,28.890656358407426,29.091527060350046,9939600
2014-09-29,29.26469612121582,29.271621513911473,29.008414315138136,29.0222677428006,12441100
2014-09-30,29.548683166503906,29.652582547154203,29.146944355349508,29.16079513998327,22613700
2014-10-01,29.60410499572754,29.680294901199254,29.347820491086523,29.47249872516276,30409700
2014-10-02,29.548683166503906,29.63180108566154,29.38244468591763,29.507122885789585,16643200
2014-10-03,29.784196853637695,29.832682544110696,29.548693796080844,29.68722547269169,14046300
2014-10-06,30.199783325195312,30.255197041893137,29.763412196421452,29.804969841673376,20328100
2014-10-07,30.421430587768555,30.573815654796558,30.116663095983792,30.116663095983792,24936600
2014-10-08,30.857797622680664,30.86472565637045,30.137435370641647,30.185923679658146,26115600
2014-10-09,30.386804580688477,30.996342331740934,30.386804580688477,30.781618115208236,25029300
2014-10-10,30.802385330200195,31.079445894463888,30.37293709584505,30.39371855381098,25920800
2014-10-13,30.52531623840332,30.91320412431261,30.497609394637646,30.670773204768036,20175200
2014-10-14,30.22749137878418,30.559965765303318,30.10974118955245,30.5045546886859,21027400
2014-10-15,29.94350242614746,30.151298585709952,29.57639578951135,29.57639578951135,22988600
2014-10-16,29.479415893554688,29.742623053104897,29.354737705443217,29.541754987610425,22519200
2014-10-17,29.701078414916992,29.804975188958277,29.306264860561896,29.569472135284016,23236000
2014-10-20,29.98505973815918,30.109737949973372,29.58331824625317,29.611025102716606,17647800
2014-10-21,28.177234649658203,28.530487901107772,27.886317875871622,28.260352595480715,55953500
2014-10-22,28.13566780090332,28.475070184205823,27.77548659655395,27.83782570196579,27728200
2014-10-23,28.301898956298828,28.6620800672391,28.218781051395858,28.357310012143955,23346800
2014-10-24,28.419658660888672,28.58589716888269,28.343466121486056,28.385026409052422,13396000
2014-10-27,28.232643127441406,28.336542531835484,28.094114111278124,28.19108547950107,17222500
2014-10-28,28.094104766845703,28.301900864246793,28.05946988205324,28.232633736932605,18658700
2014-10-29,28.371166229248047,28.419651898736436,28.066398786425186,28.15644473359112,25761800
2014-10-30,28.675941467285156,28.807545073506418,28.28112800635008,28.398878184189424,18295600
2014-10-31,29.00840950012207,29.0153348916682,28.675935218222794,28.973777257849985,18477700
2014-11-03,28.959922790527344,29.285469026896827,28.80753775928804,28.946069365662805,13230600
2014-11-04,28.96685791015625,29.126168386195907,28.85603311629077,28.932225657499195,10105300
2014-11-05,29.306255340576172,29.46556578950583,29.08460579056351,29.299327305860807,20676800
2014-11-06,29.292407989501953,29.52098297937193,29.16772976147411,29.389379357463252,11528800
2014-11-07,29.313188552856445,29.410159926572014,29.188510317430215,29.403234532280226,11803800
2014-11-10,29.361671447753906,29.48634967132466,29.153875289226487,29.26470008325921,9088900
2014-11-11,29.444799423217773,29.58333112356507,29.340902629661613,29.354756063923585,8563700
2014-11-12,29.583314895629883,29.70799309332295,29.306254289189372,29.444783271274147,12768800
2014-11-13,29.63873863220215,29.839609423380267,29.527913823667994,29.541767255018744,12007700
2014-11-14,29.597169876098633,29.76340836250698,29.43785942452082,29.576391056149255,10939500
2014-11-17,29.728776931762695,29.777265254404576,29.59717331965305,29.61102674865481,10664000
2014-11-18,30.151296615600586,30.379874225773953,29.61102610758551,29.749557752332578,26143000
2014-11-19,30.629226684570312,30.774683703663605,30.172074165797817,30.248264050367393,25402300
2014-11-20,30.650005340576172,30.767755505232937,30.37294208849872,30.44913461493357,13465400
2014-11-21,30.823183059692383,30.989421614074754,30.670797938364558,30.878596791910567,14382700
2014-11-24,30.663848876953125,31.017101899254627,30.615363219819002,30.83008466076437,12890800
2014-11-25,30.774686813354492,30.885511597519947,30.559962638040243,30.66386202918904,10741700
2014-11-26,30.8897647857666,30.945558866993238,30.666583139789896,30.680532325230327,9199200
2014-11-28,31.266382217407227,31.384946293012987,30.792120593914465,30.792120593914465,10502000
2014-12-01,31.071104049682617,31.224542454544302,30.77817908825815,30.813050727398842,10065700
2014-12-02,31.064119338989258,31.154785035237794,30.847910999132548,30.94555261695992,9878100
2014-12-03,30.548019409179688,30.9943827451932,30.520121035545007,30.98043355837586,15246500
2014-12-04,30.338775634765625,30.5759064013208,30.24810728447073,30.422468063980876,13779700
2014-12-05,30.359710693359375,30.415507443046273,30.129555752239582,30.338788242494523,12536900
2014-12-08,30.087705612182617,30.429454023396595,30.052833976883697,30.345758906036906,12802300
2014-12-09,29.32053565979004,29.662281604723383,29.062479558716745,29.39725489737741,25714600
2014-12-10,29.013641357421875,29.460007321835032,28.985745646330862,29.320518124239367,18324100
2014-12-11,28.964818954467773,29.299591414081558,28.943896507159103,29.027588956928795,16201500
2014-12-12,28.532407760620117,29.020618644888724,28.50450938768242,28.86718025426666,18432400
2014-12-15,28.295276641845703,28.72071751321436,28.288303378945425,28.685845877642475,23378500
2014-12-16,28.169734954833984,28.81138418555358,27.758243294203456,28.037221683305035,23475400
2014-12-17,28.978759765625,29.125222175532972,28.16275262996552,28.204597512491087,20223900
2014-12-18,29.564619064331055,29.564619064331055,29.11825580816689,29.194974991670392,18030700
2014-12-19,29.257747650146484,29.84360014224496,29.21590009337691,29.599493385225113,24009500
2014-12-22,29.53672981262207,29.599499831178452,29.355395681534578,29.390267322835747,11190900
2014-12-23,29.969133377075195,30.087697436983248,29.62041179776749,29.66923260602781,13411300
2014-12-24,29.948211669921875,30.15047084738915,29.93426248590329,30.059802481535748,6405900
2014-12-26,29.96216583251953,30.199296679168043,29.941243383282536,29.969141755955363,6466900
2014-12-29,29.892425537109375,30.03191475382415,29.63437221553513,29.85057797393429,8694500
2014-12-30,29.822675704956055,29.983090012583084,29.74595917328747,29.808729179587345,9222000
2014-12-31,29.446063995361328,29.94822148187856,29.446063995361328,29.93427229328979,9369500
2015-01-02,29.390260696411133,29.57159744714954,29.15312986427751,29.4739531487715,9921100
2015-01-05,29.390260696411133,29.969139921530157,29.348415800498493,29.773853985309174,26292600
2015-01-06,29.613449096679688,29.948221643004192,29.460013342449102,29.578577455287995,16897500
2015-01-07,29.98307991027832,30.066772336967645,29.69712834693338,29.850564019108095,13412300
2015-01-08,30.345760345458984,30.387607906123826,30.05980866558762,30.115605413140745,21743600
2015-01-09,30.0109806060791,30.380627318158083,29.955186532513324,30.317857322562386,12733500
2015-01-12,29.738977432250977,30.12954657954731,29.613437444210536,30.038878219177068,11415800
2015-01-13,29.73201560974121,30.15745654838781,29.606475573401703,29.87150483462241,12529500
2015-01-14,29.68317222595215,29.711067921303865,29.341424017690496,29.348399936928665,13447600
2015-01-15,29.55765151977539,29.892424026653575,29.411186386331185,29.871501576390997,11193100
2015-01-16,29.66226577758789,29.70411333772572,29.46000922159337,29.5437016813337,15114900
2015-01-20,30.101655960083008,30.22022271731731,29.718062635920905,29.780832646095455,17047300
2015-01-21,30.241138458251953,30.289959270830753,29.822670929746145,29.91333929333595,10720600
2015-01-22,30.5340633392334,30.568937628682903,30.038879291253533,30.248111725276814,14709100
2015-01-23,30.206268310546875,30.51314238473797,30.115599942511032,30.408524832347776,12357700
2015-01-26,29.990070343017578,30.150482027913608,29.871506225695388,30.115610385203304,11151900
2015-01-27,29.564619064331055,29.73897987755361,29.397234173536926,29.669236616478535,15274000
2015-01-28,29.236812591552734,29.850563245957847,29.2228660712443,29.70410083791144,14278500
2015-01-29,29.36235237121582,29.39722665336696,28.92296514988071,29.1321975401166,13657900
2015-01-30,28.713735580444336,29.243793908131007,28.671890690729654,29.174050651583407,19193700
2015-02-02,29.006675720214844,29.034574099175085,28.525440655562033,28.741646441164264,15197500
2015-02-03,29.034574508666992,29.188010274040604,28.85323770340378,29.118266986192225,13193100
2015-02-04,29.069435119628906,29.35538674813511,29.027587566481092,29.132205119083192,16400000
2015-02-05,29.146167755126953,29.16709021108964,28.950881744176147,29.153141020269146,11078500
2015-02-06,28.90903091430664,29.12523667642472,28.818362522802136,29.03457094545578,12366400
2015-02-09,28.75558090209961,28.9090192472543,28.623067660715233,28.860198439347712,13371100
2015-02-10,29.571590423583984,30.010977689518118,29.43210126242346,29.927285257035585,32184200
2015-02-11,29.550682067871094,29.634377208322192,29.083396172764324,29.36237199266008,20496300
2015-02-12,29.41118049621582,29.752928858430558,29.341437235617637,29.57159478455437,13818200
2015-02-13,29.2856388092041,29.453023673990604,29.12522454469323,29.3065612521688,10792100
2015-02-17,29.16010284423828,29.208923658232404,29.041536109870535,29.16010284423828,12804200
2015-02-18,29.104305267333984,29.15312607991804,28.922971200669593,29.118254451005818,9789800
2015-02-19,29.369338989257812,29.460007366914006,28.964820581664917,29.069438145155537,16578300
2015-02-20,29.27170181274414,29.36934346793985,29.041544202180923,29.320522640341995,15982400
2015-02-23,29.188007354736328,29.411189046172193,29.076416509018397,29.090365697300093,11830300
2015-02-24,29.38329315185547,29.52278237329041,29.132213085379693,29.188007177632304,12782700
2015-02-25,29.327491760253906,29.4600076968977,29.11128602873645,29.41118421566275,10323300
2015-02-26,29.613449096679688,29.676219115399014,29.271703286291125,29.320524116346633,14346500
2015-02-27,30.199298858642578,30.450378909747876,29.620422216847977,29.65529385493806,28312800
2015-03-02,30.129554748535156,30.199298022784962,30.045862287328315,30.199298022784962,13514600
2015-03-03,29.95519256591797,30.10165503162933,29.878473371344803,30.066783396060234,10036300
2015-03-04,29.641340255737305,29.9761127205379,29.620417808104474,29.93426516473718,16263000
2015-03-05,29.571590423583984,29.718052845562028,29.466972887579974,29.683181220405512,9223000
2015-03-06,28.957849502563477,29.43211121455475,28.825336217947083,29.376314467009728,18180500
2015-03-09,28.8671875,28.978778359225085,28.81836666537252,28.96482916925496,10123300
2015-03-10,28.378969192504883,28.699795158211288,28.37199592958171,28.664920861989643,14599100
2015-03-11,27.967479705810547,28.40686979951648,27.953533178867286,28.40686979951648,18549700
2015-03-12,28.530061721801758,28.530061721801758,28.14328547584869,28.199542521978024,17728700
2015-03-13,28.06593132019043,28.530063378812965,27.854962690382308,28.438642655605165,17438400
2015-03-16,28.333152770996094,28.37534487709923,28.12218419264734,28.12921531612752,15238800
2015-03-17,28.48786735534668,28.6425789291083,28.35425452148718,28.600384131915614,21661800
2015-03-18,28.55116081237793,28.684776341028552,27.988576878251568,28.466773892911924,26247500
2015-03-19,28.143295288085938,28.4949106674734,28.101100476818957,28.466780793295413,16057600
2015-03-20,28.58632469177246,28.593355817356528,28.136254858649487,28.17844965998934,31608500
2015-03-23,28.56522560119629,28.790259173705635,28.480838682158232,28.579290534804596,17060500
2015-03-24,28.459739685058594,28.82541987328885,28.459739685058594,28.7691601446635,13485700
2015-03-25,28.445676803588867,28.62148444430003,28.297999029218296,28.544128653169246,22811300
2015-03-26,28.375349044799805,28.523029485684784,28.290962137587968,28.368317920286906,17359600
2015-03-27,28.185495376586914,28.466786123196112,28.108139549420173,28.466786123196112,14384400
2015-03-30,28.48786735534668,28.558192017334488,28.087026171156626,28.20657675523012,12561400
2015-03-31,28.51600456237793,28.762136918791523,28.375357884800486,28.487874690339993,16604800
2015-04-01,28.60740852355957,28.698829212747675,28.290954355301253,28.684764284979455,14300700
2015-04-02,28.60740852355957,28.741021313441667,28.46676192848802,28.64256950167479,14343100
2015-04-06,28.952003479003906,29.261426670185223,28.54413111237209,28.670712839198636,19843400
2015-04-07,28.839481353759766,29.09264476059962,28.811354172808677,28.867611217322292,9773400
2015-04-08,28.755090713500977,28.89573733044735,28.649607762749515,28.81838155699629,8954700
2015-04-09,28.86761474609375,28.88871348765047,28.572259190417345,28.691807101254433,12710900
2015-04-10,28.748065948486328,28.944969646196856,28.726967207580426,28.895743721769225,8720000
2015-04-13,28.621479034423828,28.81135157241662,28.621479034423828,28.81135157241662,9616300
2015-04-14,28.48786735534668,28.58632188212961,28.35425452148718,28.544127084936925,11209700
2015-04-15,28.410518646240234,28.698843098465712,28.354258907946498,28.544131500769904,11189100
2015-04-16,28.55116081237793,28.734002267601372,28.34019217240702,28.417547966339104,13121000
2015-04-17,28.340192794799805,28.593356241369467,28.199546137526454,28.459743392396305,15330300
2015-04-20,28.593355178833008,28.762131697811622,28.417547534427342,28.424578659854394,13023700
2015-04-21,28.677751541137695,28.825432049857355,28.508977649190435,28.600395722906597,19673100
2015-04-22,29.050445556640625,29.233284259943158,28.881669099075317,29.226253137074547,26887200
2015-04-23,28.79730224609375,29.120787775316842,28.77620349758779,28.99420601473169,17408800
2015-04-24,28.755090713500977,28.916833384075424,28.69883367628908,28.860576346863528,11623300
2015-04-27,28.71291160583496,28.937945221787277,28.677747923719913,28.832459540666747,10044600
2015-04-28,28.670711517333984,28.811358172058068,28.55116092190438,28.797293238324478,12174800
2015-04-29,28.473812103271484,28.65665090415105,28.4105212332339,28.593360034113466,11371400
2015-04-30,28.523025512695312,28.537090442373408,28.326119179813016,28.41050875788159,12700800
2015-05-01,28.7691650390625,28.783229973611657,28.480840587334704,28.53710032553133,10848300
2015-05-04,28.804309844970703,28.902761648869035,28.670697065767317,28.748052821004713,10204800
2015-05-05,28.65665054321289,28.93091008238397,28.607424609649474,28.93091008238397,11721300
2015-05-06,28.593355178833008,28.895744541819695,28.40348260096148,28.860583549460916,11906900
2015-05-07,28.621479034423828,28.769156780881154,28.487863535867127,28.50192846637895,13834700
2015-05-08,28.81838607788086,28.95199890950433,28.726965360132425,28.83245101004304,11144400
2015-05-11,28.790246963500977,29.106701128947346,28.748054863181896,28.818376818787463,10113500
2015-05-12,28.61445426940918,28.80432686739759,28.494906346200946,28.670714009233322,12384500
2015-05-13,28.86761474609375,29.085617191434743,28.63555004986397,28.65664610880892,13183700
2015-05-14,29.184059143066406,29.254381104101743,29.015282680926404,29.04341253838488,9961000
2015-05-15,29.198123931884766,29.317671801594162,29.1348330942119,29.14889802287374,8479000
2015-05-18,29.057485580444336,29.177036166717933,29.00825965745274,29.177036166717933,11511700
2015-05-19,29.050445556640625,29.10670258742187,28.923863884119342,28.994185843248594,9072000
2015-05-20,29.078584671020508,29.247361197889102,29.05045748538565,29.092649605143883,10965200
2015-05-21,28.99420166015625,29.057492530943307,28.88168485460284,29.015297722881186,9270900
2015-05-22,28.980131149291992,29.00122989057046,28.86058324003152,28.916840290680057,11909500
2015-05-26,28.825414657592773,28.9590274649847,28.6496070613666,28.916832676150445,15194300
2015-05-27,28.91684341430664,28.973103153644143,28.71290856573825,28.79026168340928,9863100
2015-05-28,28.93090057373047,29.04341733955367,28.748061835247,28.973095366893407,9395200
2015-05-29,28.804309844970703,28.95902135544549,28.670697065767317,28.95902135544549,19628600
2015-06-01,28.790246963500977,29.12076605659059,28.748054863181896,29.085605078787804,12684100
2015-06-02,28.825414657592773,28.944962535373282,28.607412272532347,28.719929026812657,11878600
2015-06-03,28.741037368774414,28.98013590917819,28.677746499767174,28.902780104545766,8153800
2015-06-04,28.544132232666016,28.81839175735031,28.5019374278638,28.628519159658403,10145800
2015-06-05,28.199546813964844,28.49490506958499,28.185484562250863,28.46677520093318,15975600
2015-06-08,28.241748809814453,28.312070816742313,28.143296927070402,28.19955399609017,14339300
2015-06-09,28.26987648010254,28.424585419796443,28.206585605760175,28.24877773358015,10772700
2015-06-10,28.36129379272461,28.50897158743143,28.32613011365073,28.354259983865003,11979900
2015-06-11,28.432191848754883,28.538547767051174,28.382559808148173,28.439283685837758,11944900
2015-06-12,28.332929611206055,28.4463746692239,28.247846493878555,28.389653492586742,15568600
2015-06-15,28.07058334350586,28.262022351417674,28.05640237572613,28.240752252119595,11364800
2015-06-16,28.418025970458984,28.474747168127916,28.077687965467245,28.098960781244564,12517400
2015-06-17,28.552719116210938,28.58817017545073,28.368369280576104,28.41800400920275,13898400
2015-06-18,28.822160720825195,28.885973728584506,28.47473374419266,28.47473374419266,16314600
2015-06-19,28.64490509033203,28.822163159691158,28.64490509033203,28.77962024933731,23550600
2015-06-22,28.70162010192871,28.93560200150828,28.68743913485635,28.722890200165796,8775900
2015-06-23,28.630718231201172,28.729982296865835,28.58108619836884,28.666169296832418,11094900
2015-06-24,28.49600601196289,28.68035591717097,28.49600601196289,28.62363203718588,10385100
2015-06-25,28.375478744506836,28.602368910295723,28.375478744506836,28.55982598993126,10607600
2015-06-26,28.36129379272461,28.609454031513454,28.36129379272461,28.432195945308923,16215600
2015-06-29,27.93586540222168,28.347102607577476,27.93586540222168,28.219476615115354,15500800
2015-06-30,27.815330505371094,28.084763475683506,27.737336537274636,28.084763475683506,14621300
2015-07-01,28.00677490234375,28.077677048047228,27.850786936103923,27.921691786550884,11177400
2015-07-02,27.999683380126953,28.22657347270705,27.900416597972818,28.09894745753784,8975900
2015-07-06,27.950044631958008,28.07767062884079,27.808240372970793,27.8791425024644,10252600
2015-07-07,28.538541793823242,28.630716723404564,27.93586559560235,27.999678592275146,20335000
2015-07-08,28.26202392578125,28.524365082462648,28.247842957211553,28.35419886911268,11383700
2015-07-09,28.304563522338867,28.772527360916484,28.290385258815125,28.687441551315207,13392000
2015-07-10,28.637802124023438,28.729977041598456,28.474725088155296,28.5527190411232,13360400
2015-07-13,28.829248428344727,28.907242401168034,28.7087142556128,28.758346292001608,9854200
2015-07-14,29.190855026245117,29.254668033856927,28.956875801497322,28.999418708152945,19531000
2015-07-15,29.162494659423828,29.325571738148646,29.141221854551443,29.176675627757703,11252100
2015-07-16,29.41065216064453,29.49573525814356,29.318477227253894,29.368109259523568,10483700
2015-07-17,29.247577667236328,29.297209703867942,29.10577068911322,29.2901205720962,9608300
2015-07-20,29.339752197265625,29.453197237224522,29.226307157306724,29.31847939276245,10024200
2015-07-21,29.20503044128418,29.439012326279492,29.141217445807527,29.339748267703083,13653800
2015-07-22,28.999414443969727,29.488645627226358,28.779613515684243,28.935601445741224,15528600
2015-07-23,28.95687484741211,29.084500858430644,28.701622825375043,29.063230758175276,13522200
2015-07-24,28.673254013061523,28.94977877379004,28.651983917906453,28.900144043857345,10912500
2015-07-27,28.744163513183594,28.77252544783157,28.47473054351375,28.559813642714715,10945700
2015-07-28,28.751264572143555,28.87889062626307,28.673270571876728,28.822169438178882,11021800
2015-07-29,28.77962303161621,28.86470615580585,28.708720878915468,28.737080117149514,8479900
2015-07-30,28.758338928222656,28.89305403467706,28.637802081611923,28.75124709355838,9095500
2015-07-31,29.127052307128906,29.2263164104273,28.90725128929391,28.98524528609807,15309500
2015-08-03,29.45319175720215,29.460280887555477,28.956868785448506,28.96395791580184,14672600
2015-08-04,29.672992706298828,29.68717367306066,29.311387520472184,29.43192168083345,17559900
2015-08-05,29.864439010620117,29.93534386178519,29.65172986661192,29.722632013033483,15329200
2015-08-06,29.722627639770508,29.956609557072863,29.680087440074164,29.779351512356453,11378900
2015-08-07,29.616273880004883,29.75808085406547,29.446104970183566,29.644635815765614,10886700
2015-08-10,29.552465438842773,29.772266417803873,29.481563293239056,29.701361567456672,9501900
2015-08-11,29.41065216064453,29.47446515995453,29.1908512286339,29.353930997226147,11254900
2015-08-12,29.25466537475586,29.25466537475586,28.96396230089067,29.162493142494878,9602200
2015-08-13,29.141220092773438,29.33975093270202,29.0774070915005,29.26884609531932,10270900
2015-08-14,29.247577667236328,29.247577667236328,29.04195768419498,29.07740875253997,9904800
2015-08-17,29.318479537963867,29.38938437875378,29.04904925719155,29.09158945692238,8272800
2015-08-18,29.283029556274414,29.446106639026326,29.20503558088367,29.26884858759035,11199400
2015-08-19,28.914342880249023,29.240499867758796,28.91434288024902,29.169594998846154,15796500
2015-08-20,28.751264572143555,28.942703653322827,28.659089598669663,28.729994464704994,14218000
2015-08-21,28.02804946899414,28.694541645627048,28.013868496646218,28.47474063135008,28036200
2015-08-24,27.21265983581543,27.60971618409049,25.922221294434443,26.93613767762572,44065300
2015-08-25,26.936134338378906,27.850783816369677,26.893591432876214,27.74443060972773,31363700
2015-08-26,27.460817337036133,27.531722181316642,26.865230168796092,27.474998305892235,23523300
2015-08-27,27.843698501586914,27.92169248666246,27.36864545828294,27.694802369030086,18871600
2015-08-28,27.971323013305664,27.985503982981264,27.687709029280473,27.730251938307273,14503900
2015-08-31,27.879150390625,27.971325348841074,27.694803178936482,27.758616195433206,12673300
2015-09-01,27.474994659423828,27.6735227875742,27.326098563311053,27.41827079152779,23703200
2015-09-02,27.581348419189453,27.70188257200139,27.3402774088229,27.673520640254107,14054800
2015-09-03,27.765703201293945,27.89332922450966,27.538813094408997,27.58135600372871,13311600
2015-09-04,27.311920166015625,27.50335918106223,27.212656092601048,27.425365207738448,15450500
2015-09-08,27.581348419189453,27.673520640254107,27.368636635827503,27.56007561800765,15273900
2015-09-09,27.155935287475586,27.80115454231107,27.085033142666894,27.73734153008587,13764600
2015-09-10,27.241008758544922,27.404088502410897,27.12047461409202,27.1630175087626,14952500
2015-09-11,27.269620895385742,27.31252964523281,27.06221951053872,27.18379793933989,11802300
2015-09-14,27.24817657470703,27.333999571013397,27.06938275800114,27.333999571013397,8950000
2015-09-15,27.534242630004883,27.627216161216435,27.119439743196914,27.226717104454593,13019800
2015-09-16,27.99910545349121,28.02771038325692,27.512786181180644,27.655819014538466,22233400
2015-09-17,28.163593292236328,28.32808322086127,27.92043367423071,27.999103363611383,21232500
2015-09-18,27.877525329589844,28.106381145461704,27.684427723414867,27.79170508068203,27527300
2015-09-21,28.027708053588867,28.113531020281645,27.848914298576542,27.927583987290156,12935800
2015-09-22,27.741640090942383,27.884675642693534,27.591453989282975,27.662970401070435,15021300
2015-09-23,27.72018814086914,27.8060111247888,27.570002011274852,27.741645250937427,8910800
2015-09-24,27.99910545349121,28.034863661830663,27.541391110946357,27.5485443895201,19385700
2015-09-25,28.335237503051758,28.66422013181156,28.12783879157416,28.19935521233518,22511300
2015-09-28,28.270864486694336,28.478265873920904,28.12783168132859,28.2637139376964,19323100
2015-09-29,28.363832473754883,28.399590668138575,28.12782620828224,28.263708438210408,14166900
2015-09-30,28.692819595336914,28.771489280088225,28.463963818701856,28.521179126948645,19752600
2015-10-01,28.46396827697754,28.94313700997983,28.320932712133132,28.76434323596844,19606600
2015-10-02,28.885913848876953,28.885913848876953,28.149284572996272,28.292320098999753,15537300
2015-10-05,29.32931900024414,29.357926648618204,28.914519011522277,28.92882283570931,15664000
2015-10-06,29.293567657470703,29.565334924256717,29.272113280258385,29.350782967605085,14579400
2015-10-07,29.694063186645508,29.75842903896459,29.393688299764523,29.422295951500967,14329700
2015-10-08,30.023042678833008,30.030195955779206,29.50811586573876,29.50811586573876,11960200
2015-10-09,30.051651000976562,30.123167402979888,29.88000781672238,29.908615468794054,13931200
2015-10-12,30.037343978881836,30.24474534206959,29.901461738263436,29.915765562777306,12299100
2015-10-13,29.78704071044922,29.97298501547754,29.70837102164548,29.894315326673798,12903600
2015-10-14,29.80849266052246,30.00874077704154,29.72267242889657,29.72267242889657,14180000
2015-10-15,29.980138778686523,30.05880847592241,29.751282965732923,29.944380569445613,11801600
2015-10-16,30.051651000976562,30.187533256053225,29.951526946901566,30.151775055051562,20384200
2015-10-19,30.030195236206055,30.080257260926672,29.894310259242324,29.965829386111587,15553800
2015-10-20,30.2447566986084,30.32342639888641,30.03735525754393,30.03735525754393,16199300
2015-10-21,30.173234939575195,30.409244019997388,29.82995123655994,29.994441173743727,19254900
2015-10-22,30.924169540405273,31.360424017641137,30.330572955158978,30.352027333072282,35920200
2015-10-23,30.602338790893555,30.97423011689091,30.573731136237733,30.97423011689091,18796100
2015-10-26,30.459300994873047,30.673852932584282,30.366327488200348,30.58087942591158,14788600
2015-10-27,30.473604202270508,30.5880320819377,30.380630697485962,30.394934523466343,30166600
2015-10-28,30.559438705444336,30.638108420998098,30.187547240757457,30.57374253810658,13667300
2015-10-29,30.602338790893555,30.68100847710901,30.28050949645583,30.509365277350188,9427400
2015-10-30,30.28766632080078,30.65240717278648,30.28766632080078,30.60949568191267,15356200
2015-11-02,30.208993911743164,30.294814149874703,29.965834296890325,30.266206494438798,16252200
2015-11-03,30.151769638061523,30.26619749761454,29.9014595478441,30.16607346152757,9693100
2015-11-04,30.015905380249023,30.31627766836613,29.958690052125576,30.23045740435796,10488500
2015-11-05,30.27336311340332,30.287664214523385,30.023050192978474,30.037354022275018,9625100
2015-11-06,30.008739471435547,30.194686481406862,29.75842933667707,30.015892748529136,11926700
2015-11-09,29.708362579345703,29.88715628375461,29.565327070183496,29.822790441040386,10842700
2015-11-10,29.872854232788086,29.9014618819533,29.629694671234958,29.63684521943847,8283100
2015-11-11,30.065963745117188,30.180391659169395,29.980140763445526,29.994444593724136,9101200
2015-11-12,29.736982345581055,30.073112791694378,29.729829066711275,30.044505132568318,10725000
2015-11-13,29.593944549560547,29.880012934749203,29.579640721074664,29.651157135327747,11619500
2015-11-16,30.008739471435547,30.03734712345819,29.6010899787284,29.62969763075104,11244900
2015-11-17,29.801334381103516,30.144620706340046,29.68690651541651,29.930066071023333,12739400
2015-11-18,30.23760223388672,30.28766427243211,29.808498266875812,29.872864134745097,12966300
2015-11-19,30.831188201904297,30.967070441181313,30.266199415973926,30.266199415973926,24090700
2015-11-20,30.34488296508789,31.16733550954877,30.32342858280385,30.97423788446204,19780800
2015-11-23,30.72391128540039,30.88125062738389,30.416385877801144,30.43068970236106,13338100
2015-11-24,31.009986877441406,31.181627341033337,30.509363856975646,30.53797151029963,15767200
2015-11-25,31.009986877441406,31.110110935899364,30.924166645645442,30.981379224117426,10344900
2015-11-27,31.096473693847656,31.16133319045076,30.84424109634707,31.01720067032173,7236700
2015-11-30,30.714527130126953,31.096478783347017,30.707321740035834,31.07485711487443,16063000
2015-12-01,30.909099578857422,31.060437482933047,30.79379411635708,30.79379411635708,11153000
2015-12-02,30.822608947753906,30.937914364534386,30.692890010238617,30.86584950995833,12598500
2015-12-03,30.59920883178711,30.909092708836408,30.498316918161475,30.79378727196447,15004400
2015-12-04,31.197359085083008,31.334283438461497,30.685691357664947,30.685691357664947,16488000
2015-12-07,31.13249969482422,31.305456483912362,30.988367204518365,31.211772701947364,12030700
2015-12-08,30.995574951171875,31.168534502523453,30.84423706192599,31.024402001246937,10736200
2015-12-09,30.74333953857422,31.18294235033825,30.62803410836548,30.829817923956195,12945500
2015-12-10,30.815410614013672,31.038816132812773,30.64965919649132,30.793791700584325,15483300
2015-12-11,30.462278366088867,30.865848688630695,30.368591858354566,30.721716234215904,17313400
2015-12-14,30.59201431274414,30.815417129681077,30.24609787923905,30.491122363275917,20092900
2015-12-15,31.038818359375,31.16133195882714,30.81541282454996,30.87306692996251,17916400
2015-12-16,31.593725204467773,31.644171169681634,31.168535819737457,31.168535819737457,21868600
2015-12-17,31.34149742126465,31.629759705690322,31.291048703663577,31.57210834844483,14697000
2015-12-18,30.628036499023438,31.291042087199713,30.628036499023438,31.24780426568297,24583700
2015-12-21,30.82982635498047,30.94513181672176,30.599215431497885,30.858653407690554,10444400
2015-12-22,31.197359085083008,31.269423955471986,30.779375139350897,30.88747519403295,12280800
2015-12-23,31.471202850341797,31.514443415244852,31.240592002388475,31.269419045657177,9092300
2015-12-24,31.377519607543945,31.50723855532198,31.291038476293117,31.3414871774052,3036600
2015-12-28,31.34149742126465,31.363116336594324,31.211778431088412,31.305462230249727,6326100
2015-12-29,31.500028610229492,31.550474559345368,31.34869076288187,31.377517804976097,7739800
2015-12-30,31.399141311645508,31.543273794132507,31.31266292179269,31.528860270973965,5112500
2015-12-31,30.95952796936035,31.233379318229503,30.894668511709696,31.20455228169643,9727900
2016-01-04,30.555971145629883,30.62803601308009,30.246087267216723,30.51273057570067,16084100
2016-01-05,30.664072036743164,30.721726136731856,30.390220559994468,30.491115234974682,15781900
2016-01-06,30.49831771850586,30.63524206929122,30.296533885959324,30.411839325857137,16245100
2016-01-07,29.993852615356445,30.346977038767978,29.871341799520746,30.015474273343784,20563600
2016-01-08,29.914583206176758,30.35418606698233,29.8425183351687,30.015477874326102,14645900
2016-01-11,29.96502113342285,30.166804898922763,29.756029233956443,29.96502113342285,15815200
2016-01-12,30.354183197021484,30.592002197240017,30.17401828743715,30.483902151850078,21814800
2016-01-13,30.15961265563965,30.678488610710993,30.11637482544975,30.390223580316007,16854300
2016-01-14,30.18123435974121,30.390223620499892,30.008274791455708,30.260507380659607,16028000
2016-01-15,29.907379150390625,29.972238636825303,29.496603319337254,29.511016844000377,21153600
2016-01-19,30.21005630493164,30.354188809066773,30.015480585812906,30.101958988654438,15462200
2016-01-20,29.820894241333008,29.993851001334924,29.366877935406244,29.871340192091747,19923500
2016-01-21,29.828096389770508,29.91457476038444,29.61189908868677,29.871336949626393,15568900
2016-01-22,30.310945510864258,30.440664466260838,29.871342689697887,30.008267031906115,15209200
2016-01-25,30.383014678955078,30.62803910173289,30.217263267825786,30.440668778008096,12505200
2016-01-26,30.325376510620117,30.628052414917207,30.2172764024569,30.38302788563387,13018500
2016-01-27,30.33257484436035,30.599218233598688,30.130790955109646,30.397434344347978,14167000
2016-01-28,30.67848777770996,30.78658784844765,30.310952485580014,30.397430892710766,16622800
2016-01-29,30.93071174621582,31.175736144212525,30.73613605433764,30.88747392539777,20457000
2016-02-01,30.988367080688477,31.096467135260546,30.678483189953706,30.700102101228683,17097800
2016-02-02,30.58479118347168,30.837023682614827,30.56317227606727,30.772164211303515,12332900
2016-02-03,30.78659439086914,30.9451377127842,30.469502248839856,30.84424575817473,15958300
2016-02-04,30.6496524810791,30.909090381783276,30.555968710679018,30.64244709454766,14413700
2016-02-05,30.58479118347168,30.981156146539757,30.455072240849052,30.93791558263285,17315700
2016-02-08,30.736143112182617,30.77217555417117,30.195648235057007,30.39022397161501,17254400
2016-02-09,31.204557418823242,31.341484490348527,30.455070840162396,30.455070840162396,24853800
2016-02-10,30.664072036743164,31.26942634113045,30.63524498674882,31.233393903186915,16729600
2016-02-11,30.563173294067383,30.707305762793087,30.253289448491486,30.289321878398365,16825300
2016-02-12,31.06764030456543,31.089259215991465,30.67127801686276,30.786583459632602,15222400
2016-02-16,31.247802734375,31.31986759943703,31.002778344426368,31.218975688710838,12675900
2016-02-17,31.34149742126465,31.435181220425964,31.190156766659637,31.291048703663577,12332500
2016-02-18,31.427963256835938,31.514441632652304,31.204557807787488,31.442376777655,11170300
2016-02-19,31.54327392578125,31.543273925781246,31.190149479669227,31.40634957885128,12850000
2016-02-22,31.665781021118164,31.824327008757983,31.442378310278205,31.543270211831494,20716100
2016-02-23,31.485618591308594,31.745056500817665,31.46399968188229,31.52165377248357,11166400
2016-02-24,31.64415740966797,31.665776314187827,31.25500063372416,31.391927693277196,10844200
2016-02-25,31.824331283569336,31.83874480702707,31.615339317079975,31.68019879809052,10903300
2016-02-26,31.089265823364258,31.752274322023386,31.067646907343576,31.737860794976537,18421000
2016-02-29,31.082056045532227,31.427972398514857,30.93071540745955,31.11088034645668,15049800
2016-03-01,31.485618591308594,31.485618591308594,31.110875249695304,31.262215862974497,12358300
2016-03-02,31.54327392578125,31.543273925781246,31.291041393101672,31.327076575697653,12856300
2016-03-03,31.68020248413086,31.69461600926563,31.3775267035972,31.42797266701948,13134800
2016-03-04,31.78830337524414,31.817130426263773,31.478419449530307,31.5504843279805,13691500
2016-03-07,31.71623992919922,31.80992648281532,31.608142597272263,31.644175041247912,10695300
2016-03-08,31.939632415771484,32.0477324525803,31.57209723899816,31.651367483680072,18900200
2016-03-09,32.29276657104492,32.30718009691152,31.91802314581022,31.99008802604426,18466600
2016-03-10,32.595428466796875,32.61704737182802,32.19906629633832,32.314371705000774,28908600
2016-03-11,32.82783889770508,32.86415232406629,32.631743070710314,32.68258242172338,16129300
2016-03-14,32.893211364746094,32.98762573981951,32.71164142270692,32.71164142270692,13206700
2016-03-15,32.85689926147461,33.08930857505663,32.733430255206784,32.7406946046836,13686300
2016-03-16,32.71891403198242,32.80606685779285,32.35577402547754,32.71891403198242,15386100
2016-03-17,33.2418327331543,33.34351148008225,32.66080934318169,32.71891029690992,24080000
2016-03-18,33.118370056152344,33.31446600735337,32.96585190650886,33.292678491843894,23853400
2016-03-21,33.16920471191406,33.31446125919785,32.94405969563549,32.987634720443886,9740400
2016-03-22,33.04573059082031,33.21277461079292,32.96583937028177,33.08204402637305,13788300
2016-03-23,33.016685485839844,33.19825547127082,32.93679424896411,32.9731104624808,9292100
2016-03-24,33.103843688964844,33.11836685087317,32.82059216206255,33.009426513330745,10890200
2016-03-28,33.26361846923828,33.35803563086302,33.05299663582075,33.08931284681805,13306600
2016-03-29,33.757484436035156,33.7792719432466,33.27087830472935,33.30719174026093,25010400
2016-03-30,33.830116271972656,33.93905658563365,33.64854631199995,33.86642970985965,14312200
2016-03-31,33.692115783691406,34.04799406569868,33.641276424909975,33.80832042812571,15544500
2016-04-01,34.01169204711914,34.0407411400728,33.48876958641863,33.51055709876842,14922900
2016-04-04,34.055267333984375,34.08431919769987,33.77201858910381,34.01895388960911,10629800
2016-04-05,33.79380416870117,33.99716443253975,33.72843886434914,33.8591694730532,10696700
2016-04-06,33.924537658691406,33.93906359095203,33.684866702736876,33.82285890340535,9122700
2016-04-07,33.67033767700195,33.83012014665043,33.52508113827952,33.772016422946244,9292000
2016-04-08,34.04072952270508,34.12062073477342,33.72842902309462,33.72842902309462,11959300
2016-04-11,33.72843551635742,34.22957039015811,33.706648007248795,34.06252635573714,11880100
2016-04-12,33.880958557128906,33.96084701914563,33.663072369965974,33.706650161506154,11219100
2016-04-13,33.43791961669922,33.97536506833277,33.278137188654874,33.968103490029534,13234100
2016-04-14,33.285404205322266,33.568652880985226,33.2273004920901,33.45244822505843,12982200
2016-04-15,33.48149871826172,33.52507650501729,33.17646252258573,33.27814125447773,13647800
2016-04-18,33.568660736083984,33.61223576066717,33.278147643017896,33.48150514584125,11538100
2016-04-19,33.84463882446289,33.859164753465045,33.51781511879635,33.634019780275885,14418300
2016-04-20,32.225032806396484,32.958576929859795,31.999887849532225,32.929525073962,40360300
2016-04-21,31.70937156677246,32.15966420467547,31.13560993928515,32.145138278222184,37206900
2016-04-22,32.34850311279297,32.43565591346238,31.80379326016841,31.80379326016841,25134200
2016-04-25,32.47196960449219,32.47923395408526,32.23229870813508,32.31945150948879,11173800
2016-04-26,32.341251373291016,32.653552032206534,32.268624472838475,32.624500163810055,13935500
2016-04-27,32.45018005371094,32.58091063277945,32.13787953377364,32.42112819824295,11335500
2016-04-28,32.41387176513672,32.60996766486844,32.29040274506658,32.31945460514636,10932500
2016-04-29,32.53733444213867,32.5809122274736,32.31945105653918,32.341238563937864,11716000
2016-05-02,32.668060302734375,32.82057837354115,32.370285739024254,32.370285739024254,12577500
2016-05-03,32.56639099121094,32.7334350365896,32.42839880690804,32.58817850174877,10420500
2016-05-04,32.668060302734375,32.76247743870211,32.326707959992106,32.47922880133605,9350500
2016-05-05,32.72617721557617,33.038477831667045,32.58818224488496,32.63176004150402,8801100
2016-05-06,32.91501235961914,32.98037767636111,32.624499225090716,32.72618076155267,8564000
2016-05-09,32.85689926147461,33.04573078980842,32.80605712674958,32.915000204601334,8110600
2016-05-10,33.22731018066406,33.292675491840996,32.9876364495025,33.00216238204609,8933500
2016-05-11,33.016685485839844,33.3217245020437,33.00942390545937,33.212781402569874,8833100
2016-05-12,33.285404205322266,33.33624356913164,33.03846896516064,33.08204397954723,10463400
2016-05-13,32.93678665161133,33.28540338129878,32.8496338544582,33.22729966950505,10341200
2016-05-16,33.13288116455078,33.21277237972262,32.78426721969513,32.79879314704795,9413600
2016-05-17,32.50101852416992,33.08930611384443,32.471966669498684,33.0094148987672,17457000
2016-05-18,32.3049201965332,32.55911974970866,32.12335027449522,32.363023901443185,12524300
2016-05-19,32.188716888427734,32.239556247057884,31.98535945390715,32.13787752979759,10659500
2016-05-20,31.919992446899414,32.34849756834086,31.912728098608465,32.32670729400512,12914100
2016-05-23,31.934524536132812,32.0725167043844,31.91273425759167,32.00715140983625,13554700
2016-05-24,32.225032806396484,32.261346241,31.95631006568553,32.028936934892556,12634200
2016-05-25,32.23229217529297,32.413862090792875,32.13787504348265,32.32670653656625,9218100
2016-05-26,32.457435607910156,32.51553930806155,32.27586570074242,32.34123097814428,8695800
2016-05-27,32.52281188964844,32.65354248868583,32.42839750076198,32.471972520082545,7893900
2016-05-31,32.3920783996582,32.66806550305429,32.145143153574885,32.66806550305429,18935200
2016-06-01,32.46470642089844,32.52280736208346,32.31218833343311,32.39207678124533,8916000
2016-06-02,32.4792366027832,32.4792366027832,32.31945414515639,32.464710672950055,6693900
2016-06-03,32.71165084838867,32.71891242912615,32.45018961322766,32.50102899000471,13434900
2016-06-06,32.95132064819336,33.03121188620359,32.74070156771146,32.747963148195055,10310600
2016-06-07,32.91501235961914,33.0312170593228,32.82785952747604,32.93679987502027,9812600
2016-06-08,33.0820426940918,33.16193391141295,32.82058153578162,32.856897740409366,7915400
2016-06-09,33.23457336425781,33.26362523074587,32.907749563151825,32.922275496395855,8042900
2016-06-10,33.401607513427734,33.4161306706122,33.08930699375064,33.132882006378885,12357000
2016-06-13,33.021053314208984,33.423570037606254,32.9990987194844,33.284519618042744,10613500
2016-06-14,32.96250915527344,33.02837573594288,32.52339768688219,32.82345593397968,11298200
2016-06-15,32.9405403137207,33.182051956129676,32.84540190166618,33.0210441945237,8360400
2016-06-16,33.16010665893555,33.18206125374844,32.7283152796456,32.83809104549476,11305400
2016-06-17,32.7795295715332,33.09422498191868,32.479471481605586,33.057630284882315,20805400
2016-06-20,32.918575286865234,33.160086852692984,32.903937968471155,32.99907914214115,10712400
2016-06-21,33.02836990356445,33.13814565743864,32.93322868344598,33.050324495982416,7919400
2016-06-22,32.83076095581055,33.17473102972719,32.794169048151744,33.11618174404623,10738900
2016-06-23,32.99176788330078,33.05763164038673,32.81612282238766,32.95517318476388,9655300
2016-06-24,32.150146484375,32.61121241846358,32.069642598383524,32.34774617041296,26003700
2016-06-27,32.040374755859375,32.120878658950026,31.70372460819364,31.959870852768724,15779500
2016-06-28,32.33310317993164,32.34042044474663,31.959858463344492,32.24528204323379,16509800
2016-06-29,32.52338790893555,32.720987591536804,32.37702025526117,32.48679599551696,12250900
2016-06-30,33.17474365234375,33.17474365234375,32.559989877704766,32.581944472296804,16056500
2016-07-01,33.021053314208984,33.233290369162255,32.98446139240645,33.17474385263513,11799700
2016-07-05,33.247920989990234,33.42356329592847,33.04300403580092,33.05032130197163,12339100
2016-07-06,33.13082504272461,33.33574199601062,32.87467605933299,33.29915008175013,10902600
2016-07-07,32.99909973144531,33.31379529381011,32.911278558069135,33.24060865617599,9741100
2016-07-08,33.21132278442383,33.31378124211001,32.98444849113042,33.152773499012525,11127100
2016-07-11,33.35038375854492,33.496754226850854,33.013733635690414,33.18937596422995,10937800
2016-07-12,33.357696533203125,33.45283494381003,33.06495566051637,33.40160570985743,9739000
2016-07-13,33.47480392456055,33.48943846066098,33.24792953001616,33.379662689198724,8028400
2016-07-14,33.438194274902344,33.621156604076916,33.35769319516375,33.46746891759833,7621200
2016-07-15,33.3942985534668,33.59189828358018,33.25524534054365,33.57726095633644,10621000
2016-07-18,33.3942985534668,33.44552780292752,33.284519995031125,33.438207743413294,7958300
2016-07-19,33.3942985534668,33.452845070657034,33.24792807281414,33.26988266778739,7761100
2016-07-20,33.30646514892578,33.49674755737203,33.21864400214193,33.48211023427741,8478200
2016-07-21,33.26255416870117,33.3064633438214,33.1235010027304,33.182050291935724,8045100
2016-07-22,33.54066467285156,33.547981939629615,33.269878341729644,33.29915299241056,8836100
2016-07-25,33.35038375854492,33.54066620487797,33.2771999202842,33.526028878868935,9134300
2016-07-26,32.845401763916016,33.40892613538968,32.80880985237282,33.321102197545336,15819900
2016-07-27,31.762271881103516,32.24529247690903,31.54271478064096,32.1281966594951,37461100
2016-07-28,31.945234298706055,31.974506159247188,31.630538765666692,31.667130685181487,13077800
2016-07-29,31.930591583251953,32.01841273362179,31.820813051451637,31.99645814397534,16530500
2016-08-01,31.798864364624023,32.076967982834205,31.78422703821459,31.974506697968152,12349700
2016-08-02,31.857406616210938,31.894001323230725,31.696401630817423,31.725673487935403,12825200
2016-08-03,31.937910079956055,31.981822052725168,31.74031039017126,31.952547404212424,12119100
2016-08-04,31.842771530151367,32.055008561934976,31.762270427687866,31.879366239743586,11244100
2016-08-05,31.820816040039062,32.01841574076763,31.769586798196578,31.945231907216737,10398200
2016-08-08,31.79153060913086,31.85007988954446,31.630525671560157,31.784213344970837,8680300
2016-08-09,31.813493728637695,31.937906784302523,31.747627172172827,31.8354483168647,7281300
2016-08-10,31.915958404541016,31.974504915129764,31.83545450967014,31.937912997038744,8412100
2016-08-11,32.018402099609375,32.10622322081189,31.92326092309984,31.996447517254524,11303300
2016-08-12,32.22333526611328,32.34043108416067,32.04769293493445,32.135514100523864,10928900
2016-08-15,32.37702560424805,32.4428921759969,32.2086977495019,32.274564321250764,10390600
2016-08-16,32.07696533203125,32.384340785874606,32.07696533203125,32.384340785874606,9706100
2016-08-17,32.245277404785156,32.25259466854756,32.04035772625619,32.20868271062353,11208500
2016-08-18,32.274559020996094,32.39165481912141,32.201375194086786,32.2086924600641,9144300
2016-08-19,32.14282989501953,32.24529117392786,32.011099548563315,32.2379711152565,9385900
2016-08-22,32.01109313964844,32.164780839564656,32.00377308244262,32.15746078235884,8687500
2016-08-23,32.09158706665039,32.186728246612795,32.01108599783335,32.09158706665039,8421100
2016-08-24,32.09158706665039,32.157453607888485,31.952536720384725,32.06963248349876,11508900
2016-08-25,31.959861755371094,32.15746142713271,31.9305899013124,32.09159486987884,9815700
2016-08-26,31.70370864868164,32.1428170731321,31.696391384713554,31.996449459504134,11824900
2016-08-29,31.86471939086914,31.915948618846137,31.71103170693815,31.71834897159906,9544600
2016-08-30,31.645174026489258,31.85740826253729,31.55735007524422,31.80617902020318,9720100
2016-08-31,31.78421401977539,31.80616860450493,31.528067891986073,31.78421401977539,10217900
2016-09-01,31.72566795349121,31.76957991918414,31.615892226934417,31.623209491991393,8457800
2016-09-02,31.952537536621094,32.076953358486044,31.81348718680335,31.850079090251885,9026000
2016-09-06,32.04768371582031,32.0550009809376,31.76226291592295,32.01109180666645,8600400
2016-09-07,31.937910079956055,32.05500588222288,31.857406192438084,31.996459376981537,8656600
2016-09-08,31.930591583251953,32.003775409929474,31.79885846180519,31.959863438852544,10020400
2016-09-09,30.935256958007812,31.784201669678676,30.935256958007812,31.784201669678676,23624200
2016-09-12,31.608583450317383,31.637858104559978,30.986512402477985,31.001149729599284,15932300
2016-09-13,31.195392608642578,31.556929864555425,31.14374483131114,31.556929864555425,12962700
2016-09-14,31.069957733154297,31.291305714164736,30.981419103668575,31.188010177332682,9823900
2016-09-15,31.25442123413086,31.27655519237318,30.90026382928941,30.996179524734714,10158500
2016-09-16,31.09209632873535,31.180634971439343,30.96666681945409,31.114230285763174,16354000
2016-09-19,31.06258773803711,31.261801828596987,31.04783364059698,31.10685847413703,7659900
2016-09-20,31.239662170410156,31.379848587269855,31.165880438292977,31.217528213693534,8407200
2016-09-21,31.379852294921875,31.438879939264094,31.062585743064936,31.195395128241934,13654700
2016-09-22,31.697111129760742,31.734001991196635,31.49789710049614,31.51265400798896,9288300
2016-09-23,31.534799575805664,31.682363062724473,31.468394880854966,31.58644735914587,8852700
2016-09-26,31.02569007873535,31.520036672642345,30.99617626112455,31.512656810943362,15036000
2016-09-27,31.42412567138672,31.453639496040356,30.98880660882192,31.128993054036837,11920400
2016-09-28,31.099472045898438,31.549545061504165,31.01093060040246,31.45362938410535,15523800
2016-09-29,31.01092529296875,31.276543954812126,30.878115962047065,31.003548247736145,12671700
2016-09-30,31.22490119934082,31.357710551550063,31.0330670320343,31.143739615813804,14375700
2016-10-03,31.01092529296875,31.217519149175736,30.907629772161183,31.217519149175736,11152800
2016-10-04,30.870750427246094,31.239664747449993,30.82647969556818,31.239664747449993,13682700
2016-10-05,30.84861183166504,31.040446010914454,30.745313473277303,30.937150467119192,9607300
2016-10-06,30.774826049804688,30.944526267000157,30.6789103713414,30.752692095481216,9722900
2016-10-07,30.789587020874023,30.94453035077103,30.671534557915436,30.863371569343595,8122800
2016-10-10,30.789587020874023,30.981424032302183,30.693668515159942,30.929773441077117,8983600
2016-10-11,30.64939308166504,30.76744551566263,30.54609755374115,30.73793170351522,12249100
2016-10-12,30.826473236083984,30.870743958485257,30.619882160729322,30.71580065196926,12216300
2016-10-13,30.811723709106445,30.907642223322235,30.627266543472302,30.730564920485527,17655600
2016-10-14,30.745315551757812,30.922395649229774,30.70842468570735,30.878124921213615,9893800
2016-10-17,30.69366455078125,30.885501537431843,30.671530596395556,30.789583044106546,10792500
2016-10-18,30.96666717529297,30.98880113257513,30.789587073257447,30.848614712133532,11297300
2016-10-19,31.02569007873535,31.07733785225798,30.848612802255655,30.937151440495505,16367400
2016-10-20,30.93716049194336,31.06996989545616,30.90764666569754,30.966674318189177,10620500
2016-10-21,31.084720611572266,31.114231617341424,30.752697168981996,30.878126683631194,14401500
2016-10-24,31.401987075805664,31.556930410480454,31.1732591903861,31.22490696861103,13439200
2016-10-25,31.387231826782227,31.638093683405327,31.306070223964024,31.461013566838975,16484700
2016-10-26,31.313446044921875,31.748765049219145,31.291312086690898,31.72663109098817,16886200
2016-10-27,31.077342987060547,31.46839409853432,30.91502259256661,31.453637187290685,14537000
2016-10-28,31.15850257873535,31.33558268762641,31.06258406914466,31.180636536874417,13398400
2016-10-31,31.2839298248291,31.291306871478966,31.077335928931802,31.077335928931802,13327500
2016-11-01,31.077342987060547,31.306070889447355,30.922399640891914,31.28393692987842,12223400
2016-11-02,31.02569007873535,31.239661034524836,30.99617626112455,31.062580943452577,12034300
2016-11-03,31.01092529296875,31.151114483714892,30.95927753256497,31.151114483714892,11258000
2016-11-04,30.76007652282715,31.018318248465395,30.76007652282715,30.878128998532535,14464200
2016-11-07,31.328201293945312,31.357715113083405,31.018314636773457,31.018314636773457,14038500
2016-11-08,31.63809585571289,31.711877600835578,31.261801637644975,31.261801637644975,12036600
2016-11-09,31.188020706176758,31.224911579700535,30.76745855590058,30.81172647829182,21351000
2016-11-10,30.20670509338379,31.180638724121604,30.140300399715617,30.885508941390988,33245500
2016-11-11,30.273113250732422,30.346897815801874,29.9779834342347,30.214088413270222,13421000
2016-11-14,30.37639617919922,30.560853293179083,30.140291298472373,30.34688518005251,19514200
2016-11-15,30.575611114501953,30.634638743745153,30.37639708769456,30.383776948646098,16554000
2016-11-16,30.44280433654785,30.730559831543268,30.369022608349546,30.546102696454994,12681400
2016-11-17,30.339515686035156,30.472325078647692,30.250977029157852,30.45756816673595,12398800
2016-11-18,30.1845703125,30.398541299008773,30.177193264334477,30.273108963451126,16345300
2016-11-21,30.516592025756836,30.51659202575684,30.051759209321823,30.18456858544611,12307000
2016-11-22,30.523963928222656,30.767448681605067,30.428048250762004,30.58299155859136,12743500
2016-11-23,30.339515686035156,30.479704941900142,30.273110989728888,30.413300245593874,9281300
2016-11-25,30.642030715942383,30.678924409486566,30.428062492191813,30.53873512904342,7402300
2016-11-28,30.804346084594727,30.833859906046342,30.45018867095413,30.627265970477964,19424400
2016-11-29,30.618331909179688,30.893635668168987,30.61088965606792,30.893635668168987,11421900
2016-11-30,30.0230712890625,30.655529288520103,30.0230712890625,30.506715474624936,22410400
2016-12-01,29.88914680480957,30.052842325909108,29.673369699637078,29.993318488119915,20409900
2016-12-02,30.030515670776367,30.127245082426846,29.90402292655842,29.98587067192516,11176300
2016-12-05,30.223976135253906,30.276060555772723,29.99331736963858,30.01563845317863,15977800
2016-12-06,30.186769485473633,30.335583312764403,30.075158405408636,30.320701646196557,11303500
2016-12-07,30.72249412536621,30.72249412536621,30.142120558390975,30.164444474527876,13726500
2016-12-08,30.49183464050293,30.662969537711344,30.39510523307644,30.558800716661658,13077100
2016-12-09,31.25078773498535,31.414483245690853,30.72250129020228,30.878754547664098,28125800
2016-12-12,31.176380157470703,31.258225068987088,31.042447991879854,31.250785654626608,17561900
2016-12-13,31.072208404541016,31.221022236842284,30.90851574355861,31.042447908790976,18986000
2016-12-14,30.66297149658203,31.243345139830037,30.55136325477918,31.168936806907126,17937900
2016-12-15,30.915958404541016,31.10941725836509,30.58112795629786,30.58112795629786,14265300
2016-12-16,31.057321548461914,31.072200373297314,30.8638627649573,30.960592156709605,19675200
2016-12-19,31.005239486694336,31.10196889460304,30.938276248589283,31.020121152402407,8687300
2016-12-20,30.997802734375,31.042447735332242,30.83410723591952,31.027566068346495,10603500
2016-12-21,30.930835723876953,31.12429455049809,30.893632976722937,30.953156804491826,9693600
2016-12-22,30.915958404541016,30.968042825557944,30.56624912605422,30.930840073172718,11894100
2016-12-23,30.95315170288086,31.020117772075995,30.767135159381848,30.968033366967244,6436600
2016-12-27,30.960594177246094,31.072202401117526,30.90850977176198,30.923391435955615,6999200
2016-12-28,30.796892166137695,31.005229743808997,30.796892166137695,30.871300471296458,8988000
2016-12-29,30.95315170288086,31.020117772075995,30.789459074705025,30.789459074705025,6875300
2016-12-30,30.848983764648438,31.13172971350752,30.767136029053393,31.020118648898407,11470200
2017-01-03,31.101970672607422,31.10941292508066,30.715055857241374,30.878751351000613,14711000
2017-01-04,30.99036407470703,31.228465075501376,30.94571907266266,31.161498991628726,9959400
2017-01-05,31.064767837524414,31.146615584172494,30.901072344228258,30.99780175739305,8968300
2017-01-06,31.057321548461914,31.109405950546915,30.908507754624605,31.027558222017042,10246600
2017-01-09,30.744821548461914,30.93828039017691,30.66297379530464,30.67785546300486,14822500
2017-01-10,30.53647804260254,30.83410282457393,30.402545897279843,30.83410282457393,19706800
2017-01-11,30.54391860961914,30.59600301939128,30.380225966787037,30.3951047938184,9266200
2017-01-12,30.469505310058594,30.53647136808281,30.35789426722265,30.514147456483588,8541200
2017-01-13,30.417430877685547,30.536481371128268,30.2760564653308,30.50671803817067,8123500
2017-01-17,30.6704158782959,30.729939710378865,30.357906535099733,30.387669870335152,12469400
2017-01-18,30.72249412536621,30.789460197002306,30.610883059843623,30.69273079610855,10390500
2017-01-19,30.610883712768555,30.722494780671788,30.529035974757832,30.610883712768555,10987100
2017-01-20,30.744821548461914,30.834108716275356,30.60344996289164,30.707618798405306,14695400
2017-01-23,30.8266544342041,30.878738826841108,30.662959006838367,30.73736730945303,11628900
2017-01-24,31.176380157470703,31.228464573157392,30.856431410602315,30.856431410602315,17040100
2017-01-25,31.340072631835938,31.4368020482715,31.1763799713924,31.20614046704447,12538200
2017-01-26,31.10940933227539,31.33262862810275,31.094527667435255,31.273101968742207,8976800
2017-01-27,30.841543197631836,31.213576281225976,30.819219282512908,31.183812953325525,12967400
2017-01-30,30.78945541381836,30.863860887016223,30.662962703317753,30.729928764550575,11626200
2017-01-31,30.930835723876953,31.020122884724117,30.774582482797495,30.79690356341237,12678000
2017-02-01,30.700170516967773,30.997798135753225,30.692731103772434,30.893629320694515,11136100
2017-02-02,30.80435562133789,30.87132172288644,30.692744505960786,30.811795037781696,9459700
2017-02-03,30.908506393432617,31.094522917940438,30.848979743164396,30.938269718566726,11882400
2017-02-06,30.92339515686035,31.005240062192627,30.80434466737356,30.90107123869013,15742800
2017-02-07,31.176380157470703,31.235903987517872,31.005242404914124,31.02756632477112,13315200
2017-02-08,31.265670776367188,31.362400204067992,31.131738595977797,31.18382301741944,14219700
2017-02-09,30.69273567199707,31.265667078480877,30.298381431040948,31.265667078480877,27240300
2017-02-10,30.1942138671875,30.655534209771375,30.171889946567656,30.521602039603817,28847300
2017-02-13,30.223976135253906,30.3802322351984,30.134688962705653,30.335587229730255,23617100
2017-02-14,30.156997680664062,30.209082079826185,29.926339009628066,30.04538947033961,32177800
2017-02-15,30.090045928955078,30.231420369674066,30.06028542841423,30.07516425949054,26600800
2017-02-16,30.655534744262695,30.715058577381726,30.13468772212857,30.17189047262645,22214800
2017-02-17,30.6778507232666,30.774580129179373,30.543918573045058,30.603445234649055,15065100
2017-02-21,30.848983764648438,30.878747093662504,30.655527802831557,30.655527802831557,17072600
2017-02-22,30.95315170288086,31.012678359226403,30.80434073879141,30.886185633685727,11186800
2017-02-23,30.997802734375,31.25078539635721,30.9680394004035,31.005242148673997,12856800
2017-02-24,31.08708381652832,31.183813213819235,30.953151678244655,31.027559998617356,13215300
2017-02-27,31.005239486694336,31.06476614952662,30.94571566224956,31.06476614952662,12186400
2017-02-28,31.221017837524414,31.302865575676428,30.982916874748025,31.012680204691915,15946800
2017-03-01,31.36983871459961,31.51121030609458,31.16150103484113,31.25822762136442,14662000
2017-03-02,31.60049057006836,31.667456637678736,31.30286297215844,31.31030522321911,15507600
2017-03-03,31.607927322387695,31.615369572821972,31.436792461428947,31.600487910340313,11740000
2017-03-06,31.384721755981445,31.570738360586176,31.340076749056582,31.50377226939295,16307800
2017-03-07,31.24333381652832,31.429350323837433,31.21357049414607,31.250773227930562,11273700
2017-03-08,31.24333381652832,31.273094300523926,31.05731730921921,31.250773227930562,14636000
2017-03-09,31.273094177246094,31.332620821775947,31.191246460210863,31.317739160643484,14496400
2017-03-10,31.466554641723633,31.548402363201912,31.362385846528287,31.421909655902716,16369700
2017-03-13,31.549123764038086,31.61668089073913,31.40650443586452,31.46655362435465,12831500
2017-03-14,31.50409698486328,31.60167730319373,31.399008726082617,31.5116020618732,9844500
2017-03-15,31.61669158935547,31.736792870415645,31.504098249046784,31.511603326357868,22757800
2017-03-16,31.714269638061523,31.819357884037256,31.4515490231222,31.549129329562554,16004200
2017-03-17,31.549123764038086,31.789326244877476,31.534110751055692,31.736782131158822,37526500
2017-03-20,31.661731719970703,31.781833005114056,31.579161549539556,31.60167964567878,11484200
2017-03-21,31.901926040649414,31.999509204419244,31.684241622793557,31.75930669624718,17187300
2017-03-22,31.811859130859375,32.05206170181506,31.714275941583466,31.946973434952014,11605500
2017-03-23,31.654220581054688,31.819360905233463,31.571653282405517,31.684246615167233,11503300
2017-03-24,31.61669158935547,31.71427477504199,31.459059194859066,31.699261756979418,13804400
2017-03-27,31.766817092895508,31.78183011010095,31.564145655782394,31.60918470739872,12387400
2017-03-28,31.849388122558594,31.946971305329495,31.70676875038599,31.70676875038599,14123800
2017-03-29,31.841875076293945,31.92444522821099,31.744294772610044,31.909432213004266,9580100
2017-03-30,31.976991653442383,31.992004669730694,31.721776103421252,31.789333244998613,11999900
2017-03-31,31.856897354125977,32.01453262791024,31.849392276060392,31.939467530050905,11551800
2017-04-03,31.834369659423828,31.999509961489053,31.72928141754226,31.961978855594186,11240000
2017-04-04,32.03704833984375,32.04455341735046,31.804350848969136,31.9094391147059,10946200
2017-04-05,31.954477310180664,32.17216177674355,31.92445127408087,32.014529382380246,10142800
2017-04-06,32.02953338623047,32.09709052276153,31.87940896144131,31.96197911313926,14597800
2017-04-07,31.984500885009766,32.082084063104666,31.90943580053669,32.00701897863159,11028800
2017-04-10,32.04454803466797,32.127118190574414,31.946967726269442,32.07457406653213,9426900
2017-04-11,32.022029876708984,32.08958701654458,31.91694162884029,32.03704289261023,8909400
2017-04-12,32.23221206665039,32.269746044754314,31.90943932635204,31.9319602859025,13417200
2017-04-13,32.119606018066406,32.33729040582805,32.11209808003911,32.17965520508792,9891900
2017-04-17,32.32978820800781,32.32978820800781,32.11210378159594,32.119611720956286,11318100
2017-04-18,32.637550354003906,32.720120512631276,32.344803692281495,32.359816708708294,13181600
2017-04-19,32.44989776611328,32.87025371116533,32.41987172787229,32.8327225950844,13893100
2017-04-20,32.34479522705078,32.50242756311677,32.314769202055544,32.42736536406802,10838300
2017-04-21,32.32978820800781,32.35230629920908,32.194673933920434,32.26223107096413,13833800
2017-04-24,32.4874153137207,32.600011478377965,32.38983502535312,32.457392151459594,16703800
2017-04-25,32.35981369018555,32.60001620372811,32.14212926746265,32.16464735828232,18745100
2017-04-26,32.4573974609375,32.600016811185974,32.262231125397605,32.32228318662215,13626600
2017-04-27,32.28474044799805,32.48741180442487,32.217183329189105,32.40484167438738,10386200
2017-04-28,32.38983917236328,32.4273702775745,32.16464681421641,32.247216963744954,10337800
2017-05-01,32.4423942565918,32.652570807557794,32.35231613751429,32.3898501188503,13208200
2017-05-02,32.56999206542969,32.607523173455654,32.39734667775824,32.4423857254534,11823900
2017-05-03,32.517452239990234,32.645061460275194,32.389845883145654,32.5249601806519,10389000
2017-05-04,32.772666931152344,32.88526313051045,32.57750343083063,32.59251358486744,10193100
2017-05-05,32.79518508911133,32.90778128868732,32.69760477048179,32.87025017664209,8133000
2017-05-08,32.9453125,32.96032551755139,32.682591851451484,32.720122963609796,14284300
2017-05-09,32.66006851196289,32.94531009775998,32.5624882001545,32.94531009775998,8694400
2017-05-10,32.70509338378906,32.74262447694117,32.54746107448693,32.63753627073974,7597700
2017-05-11,32.78017807006836,32.78768601191547,32.600027553909285,32.64506661466947,6860100
2017-05-12,32.72011947631836,32.78767661637925,32.622536304354846,32.75765058447663,7275800
2017-05-15,32.825199127197266,32.84771721350645,32.622527760096816,32.622527760096816,8493000
2017-05-16,32.915283203125,33.110449548512534,32.85523400231039,32.930296219188655,10454100
2017-05-17,32.975337982177734,33.15548846289304,32.81019765532182,32.91528591297912,14538800
2017-05-18,32.87774658203125,32.99784782696296,32.75764533709954,32.930290697723905,13832200
2017-05-19,32.95281982421875,33.027882047131584,32.84772870332443,32.915285849322075,11796800
2017-05-22,33.163002014160156,33.19302805383961,32.88526830572707,32.94531752164523,12857900
2017-05-23,33.32063293457031,33.478265340664485,33.18551862550656,33.215544663840866,11996100
2017-05-24,33.80104064941406,33.84607971032034,33.41071071188218,33.41071071188218,12738300
2017-05-25,34.086273193359375,34.13881731864561,33.75599542535449,33.778513518065715,16704200
2017-05-26,34.07126235961914,34.19887157451732,34.026226171311755,34.041236325120714,11341400
2017-05-30,34.10128402709961,34.12380211836963,33.8610815087531,33.89861261534976,13093500
2017-05-31,34.13132095336914,34.30396638957867,34.05625585277317,34.10129491313075,14148000
2017-06-01,34.37152099609375,34.37152099609375,33.95116505429279,34.11630539990041,11049300
2017-06-02,34.44657897949219,34.44657897949219,34.23640246623238,34.40154279147379,9923700
2017-06-05,34.521636962890625,34.521636962890625,34.296444615368024,34.36400174693687,10015200
2017-06-06,34.51414108276367,34.5741931600014,34.36401375311001,34.45409186896659,9836700
2017-06-07,34.16132736206055,34.30394955146631,34.041226123499555,34.15382228740522,12776300
2017-06-08,33.876102447509766,34.16134121511206,33.801037353319245,34.16134121511206,12879000
2017-06-09,34.018714904785156,34.04123299673714,33.75599428721209,33.82355142650802,9358800
2017-06-12,34.02622604370117,34.13881937748762,33.92864286366739,34.0187181033846,11228500
2017-06-13,34.07920455932617,34.13975083602043,33.90513834433825,34.05650114906852,10023400
2017-06-14,34.28353500366211,34.412194364701,34.17758193398575,34.19271849922589,11497500
2017-06-15,34.245697021484375,34.31381012551559,34.08676740774648,34.19272048357174,9908700
2017-06-16,34.291114807128906,34.32138505950027,34.06406914880809,34.291114807128906,27025300
2017-06-19,34.34408187866211,34.34408187866211,34.13217284851603,34.32137558689362,7624700
2017-06-20,34.518157958984375,34.71492759309214,34.298682026590924,34.32138543787111,14920900
2017-06-21,34.2230110168457,34.57114355357017,34.18516813880527,34.5257338321254,9515800
2017-06-22,34.109474182128906,34.26840381156295,34.07920104690192,34.18515413319128,7446300
2017-06-23,34.245697021484375,34.34408325775274,34.079197681184795,34.09433424730337,9544800
2017-06-26,34.381935119628906,34.44247851803576,34.28354884933625,34.29868542068941,7747100
2017-06-27,34.094329833984375,34.35921537626438,34.056489867088494,34.313805683786676,11432200
2017-06-28,34.29867935180664,34.43490558287514,34.230566236272395,34.24570280494726,9218800
2017-06-29,33.92784118652344,34.23813360546911,33.791614964839475,34.15488392699501,9283500
2017-06-30,33.94296646118164,34.147305743103004,33.94296646118164,33.973239588948736,9352800
2017-07-03,33.87485885620117,34.260834080263166,33.87485885620117,34.13974443657809,6434500
2017-07-05,33.92026901245117,34.04892838454109,33.85215590652236,33.89756560614319,6853600
2017-07-06,33.6024055480957,33.94296814788359,33.51915588610151,33.84458480825818,13113000
2017-07-07,33.59484100341797,33.693227245221436,33.481321081649305,33.65538727129855,9566000
2017-07-10,33.5872802734375,33.73864308366904,33.47375744401247,33.64025682396772,9672000
2017-07-11,33.549434661865234,33.66295458523218,33.413208444220906,33.54186493477111,10300700
2017-07-12,33.6856575012207,33.88242998472826,33.63268096035443,33.7462037690707,7737400
2017-07-13,33.6251220703125,33.70080203601295,33.57971235868885,33.67053178193615,6371900
2017-07-14,33.814327239990234,33.844600383193054,33.67810098258336,33.69323755418477,8558700
2017-07-17,33.85216522216797,33.89757493428492,33.761348684939726,33.79918866820102,7189200
2017-07-18,33.806739807128906,33.942965993198285,33.76889984144393,33.889989463838454,9037200
2017-07-19,33.92784118652344,33.93540802683695,33.7159321266789,33.80674864546651,6986900
2017-07-20,33.92026901245117,34.04135865776852,33.86729247306264,33.98081527861228,7430300
2017-07-21,34.07920455932617,34.109477697673306,33.80675208821277,33.890001775164684,8545600
2017-07-24,33.93541717529297,34.09434684776751,33.92785033293955,34.086780005414084,9103600
2017-07-25,34.238128662109375,34.27596863222372,34.01108306741395,34.07162932920064,14096300
2017-07-26,34.61652374267578,34.65436370142761,33.53428417775125,33.715917134561586,13608900
2017-07-27,34.90412139892578,35.13873384076829,34.58626217482119,34.661942117606635,15195200
2017-07-28,34.82088851928711,34.90413822869457,34.60898226770896,34.813321676161955,11945300
2017-07-31,34.69221878051758,34.873854703496335,34.65437880527348,34.81330843350173,13622900
2017-08-01,34.58626937866211,34.858721848645416,34.54842939938784,34.79060873114959,10306800
2017-08-02,34.503013610839844,34.81330600540785,34.34408399369632,34.510580450558884,10187900
2017-08-03,34.56355667114258,34.77546571238629,34.533286425540474,34.54842299184394,14261400
2017-08-04,34.43490982055664,34.63167946353449,34.41220640825302,34.56356633961799,9523600
2017-08-07,34.54085159301758,34.63166809943699,34.43489852102747,34.450035086598156,6226300
2017-08-08,34.51056671142578,34.67706598900754,34.47272675388548,34.5408398322595,5747900
2017-08-09,34.503013610839844,34.555990149887684,34.306244021091416,34.48031020467787,9635300
2017-08-10,34.61652374267578,34.69220366017945,34.40461477705867,34.480297581566134,8901600
2017-08-11,34.503013610839844,34.73762606019804,34.48787704439691,34.707352927312165,8357600
2017-08-14,34.66193389892578,34.76788694850482,34.52570772460871,34.563547687029214,8421200
2017-08-15,34.957096099853516,35.0025057953421,34.66194029668921,34.66194029668921,9638100
2017-08-16,34.96467590332031,35.07062900299314,34.904129625218445,34.926835923009364,8087300
2017-08-17,34.70735549926758,35.06305761952335,34.69978577198273,34.90412510359743,8477000
2017-08-18,34.56355667114258,34.73762574013004,34.533286425540474,34.6619429086127,10879800
2017-08-21,34.571128845214844,34.66194536246006,34.48031232796963,34.563559118024806,9429700
2017-08-22,34.51056671142578,34.62408947105038,34.46515991717891,34.58624951351008,10536700
2017-08-23,34.465187072753906,34.556003619806916,34.38950421103808,34.53330020479516,6528400
2017-08-24,34.36678695678711,34.518149732260156,34.29110701255299,34.46517319389531,7534400
2017-08-25,34.48787307739258,34.631666111553216,34.48030623854392,34.510576480943065,8807100
2017-08-28,34.374351501464844,34.57869080166038,34.34408125799502,34.53328399295334,8024000
2017-08-29,34.39706039428711,34.487876905574296,34.245697617471905,34.35922042183452,7762200
2017-08-30,34.351646423339844,34.46516921358533,34.27596648784584,34.32894302009254,7134900
2017-08-31,34.47274398803711,34.548426827957954,34.313814354711056,34.359224058663564,14264600
2017-09-01,34.646820068359375,34.661956640659504,34.465186974769736,34.54086694926443,7391200
2017-09-05,34.75275421142578,34.76032393694554,34.548417814462624,34.62409774763384,9916700
2017-09-06,34.78302764892578,34.843573905604885,34.65437118398931,34.79816421309556,9238900
2017-09-07,35.02521896362305,35.055492102388065,34.783039627513716,34.82087960746728,9418400
2017-09-08,35.040348052978516,35.09332459100575,34.82844190086959,34.95709838264864,10534900
2017-09-11,35.20684814453125,35.25982468368837,34.97980542142863,35.078188773003355,10430300
2017-09-12,35.358211517333984,35.380914923924884,35.15387219700121,35.191712170321004,8567600
2017-09-13,35.47174072265625,35.55499041795484,35.30524421906474,35.327947631598654,10218000
2017-09-14,35.17422103881836,35.44884131370451,35.04453794902159,35.39544325025179,13768800
2017-09-15,35.22761917114258,35.3649293088541,35.090309033431055,35.31915829295819,16141400
2017-09-18,35.17422103881836,35.27339011807752,35.02165389610648,35.20473504935598,8535300
2017-09-19,35.0750617980957,35.23525603338829,35.00640671011645,35.19711496450582,7297900
2017-09-20,34.92249298095703,35.204743279449595,34.7470417443134,34.90723597212147,11026600
2017-09-21,34.632625579833984,34.930130037633596,34.60211155596288,34.86910198989138,7555300
2017-09-22,34.70126724243164,34.808063374652214,34.609725206262844,34.670753230375375,8024800
2017-09-25,34.85383224487305,34.907230312150936,34.594468956676266,34.70889504940112,9215300
2017-09-26,34.76230239868164,34.991151735260786,34.75467534845245,34.85384155131786,6480100
2017-09-27,34.052860260009766,34.708897020947,33.854524985994054,34.68601296509272,14816200
2017-09-28,34.25882339477539,34.32747846811067,34.060488132904815,34.07574222922252,8789500
2017-09-29,34.335105895996094,34.4113909283103,34.16728464485772,34.22068271248945,10082200
2017-10-02,34.174922943115234,34.533455438075904,34.136781869390724,34.365631221715184,10707800
2017-10-03,34.47242736816406,34.52582545333672,34.14440889640205,34.220693953775424,12038100
2017-10-04,34.70891189575195,34.75468293705266,34.28172424021222,34.41140740224196,14060300
2017-10-05,34.72414779663086,34.89959898330609,34.70889079214049,34.71651783939764,10215300
2017-10-06,34.70126724243164,34.724151296485665,34.541070134124425,34.62498221229098,5437900
2017-10-09,34.64024353027344,34.82332471542429,34.586845457516254,34.7470396757878,5268300
2017-10-10,34.991146087646484,35.01403305459445,34.731782772057755,34.78518084497514,6310400
2017-10-11,35.16660690307617,35.16660690307617,34.991155628511535,34.99878558956685,6638200
2017-10-12,35.17422103881836,35.19710509173347,35.04453794902159,35.075051959559204,7710200
2017-10-13,35.22761917114258,35.38018631415274,35.20473511818273,35.2810172346997,7126000
2017-10-16,35.563270568847656,35.6624396650627,35.16659709396419,35.18185410184164,12708600
2017-10-17,35.48699188232422,35.570903978802825,35.32679764903433,35.49461893201455,7699400
2017-10-18,35.39545822143555,35.50225439351248,35.273405037636564,35.403085272307855,6272200
2017-10-19,35.54038619995117,35.69295336740928,35.334420960379234,35.37256202474959,7515500
2017-10-20,35.38019561767578,35.54038985047159,35.30391057112279,35.53276280080478,9646800
2017-10-23,35.33442306518555,35.586159342983386,35.265767981238575,35.38019409114248,7153600
2017-10-24,35.22761917114258,35.311531245296976,35.05216797517257,35.28864428236091,9539500
2017-10-25,35.12845230102539,35.67006292829761,35.036913173452604,35.372558581203755,11994200
2017-10-26,35.26576614379883,35.6624396181606,35.258139094858485,35.334421224168686,10569100
2017-10-27,35.143707275390625,35.34204543530354,35.02165414235815,35.18947829151889,9988000
2017-10-30,34.98352813720703,35.14372239762269,34.95301411332477,35.09032431081747,7201900
2017-10-31,35.0750617980957,35.2199990238399,34.96826564123398,35.029290769450526,6560500
2017-11-01,34.937740325927734,35.15896252788745,34.80806015166065,34.899599269377184,7067600
2017-11-02,34.998775482177734,35.05217355423394,34.8996063869405,34.94537741012154,8317800
2017-11-03,35.06742858886719,35.212365789153786,35.02928461670752,35.06742858886719,4730400
2017-11-06,34.68601989746094,35.029292443787995,34.647875916778226,35.021665393637754,7451300
2017-11-07,35.044551849365234,35.05218181001415,34.56396908766859,34.64025123429357,9868000
2017-11-08,35.22761917114258,35.23524621880379,34.99113995397802,35.07505202813242,7586900
2017-11-09,35.26576614379883,35.387819296681165,35.10557192626139,35.18185405557159,6532400
2017-11-10,35.50224685668945,35.57852898912824,35.19711250698067,35.24288353243004,8022900
2017-11-13,35.63956069946289,35.715842839770566,35.502250518927376,35.54801863912113,7653600
2017-11-14,36.18116760253906,36.21930866862481,35.563271856033424,35.631926938978495,17200700
2017-11-15,35.70820236206055,36.20404190755976,35.685315400592934,36.09724578729765,12419100
2017-11-16,35.50987243652344,35.8378908303949,35.479358420819885,35.81500677360558,12506400
2017-11-17,34.869102478027344,35.380202200102175,34.51819992852971,35.34968817580389,19720700
2017-11-20,34.67839431762695,34.998785753972534,34.64788029321737,34.82333447858372,19160900
2017-11-21,34.92249298095703,35.05217610107086,34.73941469488407,34.75467170371963,10280800
2017-11-22,34.96826171875,35.03691679902803,34.7394124211488,35.00640278335408,8434400
2017-11-24,34.998775482177734,35.128455682892316,34.983518474450726,35.0064025310529,2996300
2017-11-27,35.0140380859375,35.08269317669335,34.94538299518165,34.99878107577207,5649200
2017-11-28,34.96062469482422,35.204730930613785,34.922480731126704,35.082677812719005,8432800
2017-11-29,34.70891189575195,34.95301829606671,34.487689561098634,34.91487721663837,16502100
2017-11-30,35.20112228393555,35.25495815443372,34.631996452309984,34.716596515617084,17147600
2017-12-01,35.35493469238281,35.39338846036201,34.77042685729495,35.22418836065219,12468800
2017-12-04,35.55490493774414,35.67026920436648,35.201125489727225,35.37032563175061,17523600
2017-12-05,35.577964782714844,35.71640068307762,35.42414972349771,35.570275203287665,13670800
2017-12-06,35.72409439086914,35.74716606375633,35.577965972358804,35.654876438373265,8154000
2017-12-07,35.208805084228516,35.62411280565872,35.16266173773694,35.60104113241293,9106500
2017-12-08,34.84733581542969,35.1703509730441,34.64737153647707,35.1472793000243,13238600
2017-12-11,34.862709045410156,34.924234469099154,34.547380613857364,34.84732695602951,9698700
2017-12-12,34.83194351196289,35.00883313221031,34.65505389171547,34.80117933439809,13999300
2017-12-13,35.30109786987305,35.41645917067158,34.91655433287588,34.95500809980873,12418700
2017-12-14,35.40108108520508,35.508752818341264,35.22419139021924,35.23188390477736,9029000
2017-12-15,35.52412414550781,35.701013786874654,35.40876286661664,35.601034598602396,21181600
2017-12-18,35.32417678833008,35.67026662937816,35.30879469163517,35.53183069295893,10156800
2017-12-19,35.477989196777344,35.67026097422859,35.30878909379321,35.408771239541515,8253200
2017-12-20,35.439537048339844,35.60873422522513,35.347244478582816,35.53951626482468,7311000
2017-12-21,35.07037353515625,35.547209689609076,35.039612278284054,35.48568130819528,9657100
2017-12-22,35.06267547607422,35.17034718367813,35.03191129280625,35.139583000410155,5406300
2017-12-26,35.231876373291016,35.27033013635733,35.078058387191696,35.14727633424469,6100400
2017-12-27,35.32417678833008,35.33186636976006,35.162669173785964,35.30110511020519,5660600
2017-12-28,35.16266632080078,35.37032020858127,35.101137939013356,35.30879182679384,6538900
2017-12-29,35.285709381103516,35.51643487471794,35.139580985875114,35.1472734981681,8371500
2018-01-02,35.02423095703125,35.331864069395394,35.00115634657374,35.308792392772645,10872200
2018-01-03,34.94731521606445,35.139586982527064,34.870407683013134,34.98577191642443,12635600
2018-01-04,35.439537048339844,35.54720877922174,34.95501132553667,35.03961138089662,12709400
2018-01-05,35.43184280395508,35.531824949392835,35.2164993527056,35.39338903535117,13113100
2018-01-08,35.37800979614258,35.45491733955682,35.28572015727853,35.33955602443545,7068600
2018-01-09,35.55490493774414,35.654887106561155,35.331868920319714,35.37801521373568,9962400
2018-01-10,35.43184280395508,35.577968298183734,35.32417107833034,35.55489662378828,10700700
2018-01-11,35.40876770019531,35.554893180271606,35.27033179956126,35.554893180271606,7583200
2018-01-12,35.49337387084961,35.67795314767152,35.40108129860394,35.593353090030355,14570100
2018-01-16,35.785614013671875,35.85483195491788,35.48567057955048,35.49336309181882,16459300
2018-01-17,36.0086555480957,36.14709145219383,35.80100169194852,35.82407629852106,12143100
2018-01-18,36.0547981262207,36.20092359495305,35.84714429139011,35.95481599822805,11952900
2018-01-19,36.2701530456543,36.33937101255542,36.04711704854681,36.13940962697157,16187400
2018-01-22,36.43935012817383,36.531639765053946,36.21631414969844,36.254767920578935,9577400
2018-01-23,36.4931755065918,36.685447239572966,36.24706792308261,36.308593352043,11463700
2018-01-24,36.78543472290039,36.877724346707154,36.51625249719882,36.554706262632116,15964500
2018-01-25,36.79313278198242,36.91618662002912,36.685461040420925,36.685461040420925,11755000
2018-01-26,37.323795318603516,37.3930132736484,36.71621875080334,36.74698000450764,16671200
2018-01-29,36.685447692871094,37.269952477469296,36.59315808137324,37.077680742112356,11662600
2018-01-30,36.46242141723633,37.03923677583035,36.45473183667565,36.70852906886301,12404800
2018-01-31,36.60085678100586,36.83927484844355,36.43165667289946,36.49318505178709,10960100
2018-02-01,36.4931755065918,36.70851890870388,36.23168583238406,36.462411325194694,10279400
2018-02-02,35.93943405151367,36.46241343012003,35.862526527414964,36.416267155360416,12912300
2018-02-05,34.524322509765625,36.08556852232488,34.15516102110389,35.87791756869336,23261500
2018-02-06,34.3551139831543,34.40895277087342,33.40913734995771,33.73984498601432,25184300
2018-02-07,34.2705192565918,34.99346001164099,34.05517289228213,34.285901349316354,18041600
2018-02-08,33.14765167236328,34.31666437536919,33.12457999900055,34.31666437536919,23295300
2018-02-09,33.170719146728516,33.42451630064655,32.44777557592075,33.34760878341896,22853100
2018-02-12,33.8167610168457,34.01672237367936,33.355306992573865,33.501435420485464,14689000
2018-02-13,33.98595428466797,34.1551543675317,33.6014107754934,33.778300437653606,13163200
2018-02-14,33.91674041748047,33.98595837481551,33.555271470361475,33.85521497420182,13457900
2018-02-15,34.439720153808594,34.47817685671881,33.932122774039605,34.03210492070404,13467300
2018-02-16,34.59353256225586,35.10112985983021,34.39357123514102,35.0472940050749,17202300
2018-02-20,33.83213806152344,34.47817125201466,33.79368136486466,34.41664288442786,14137300
2018-02-21,33.33224105834961,34.039799910046895,33.32455147684637,33.92443858448842,12792900
2018-02-22,33.47066879272461,33.70139432112777,33.23994326432144,33.40145084082023,12377800
2018-02-23,33.8705940246582,33.88597611755416,33.39375794638626,33.51681468955391,8277200
2018-02-26,33.86289978027344,34.13977157057892,33.69370263473549,34.01671776753583,12713300
2018-02-27,33.54758071899414,34.07825273105737,33.54758071899414,33.95519890419996,12774400
2018-02-28,33.23994445800781,33.77061348577549,33.23994445800781,33.70908804511452,11929400
2018-03-01,33.40145492553711,33.56296252178692,32.9323112979056,33.14765475957201,17746800
2018-03-02,33.624488830566406,33.68601427275244,33.25532737594688,33.26301695603221,14050100
2018-03-05,33.7552375793457,33.79369135353652,33.455294033288425,33.509129903922556,11992700
2018-03-06,33.78599548339844,33.878285111044846,33.524505760204974,33.80137757697857,10010500
2018-03-07,33.70139694213867,33.778304479642856,33.43221762703952,33.52450725881144,10881700
2018-03-08,34.1859130859375,34.19360266400437,33.68600543041391,33.76291588025105,12361100
2018-03-09,34.47047805786133,34.47047805786133,34.1397704232036,34.27820631370376,9778600
2018-03-12,34.24744415283203,34.678133941357466,34.09362909549038,34.570462227684644,11857700
2018-03-13,34.2782096862793,34.47817396282434,34.147466295628846,34.35511721797553,11342100
2018-03-14,33.96785354614258,34.472174177742616,33.92906033441927,34.43338096601931,15321200
2018-03-15,33.882503509521484,34.1385440102699,33.78939921821845,34.04543971896686,12456700
2018-03-16,33.719573974609375,34.15406564811048,33.711816516034524,33.90578553746196,26603300
2018-03-19,33.56439971923828,33.913544565916276,33.50233116856915,33.71957553550989,12380300
2018-03-20,33.486820220947266,33.73510039446954,33.37043759472546,33.6109603077084,13559800
2018-03-21,33.3626708984375,33.71181572071645,33.199737634618096,33.46353561592527,13054000
2018-03-22,33.17646789550781,33.64975289223283,33.1299172136877,33.2695751786142,12274100
2018-03-23,32.84284210205078,33.486817831252,32.811806342642,33.22301979574317,13475200
2018-03-26,33.122154235839844,33.2152615117564,32.780769770011005,33.06008567829498,11276100
2018-03-27,33.2773323059082,33.603201874052516,32.99801637885109,33.12991688206497,11627000
2018-03-28,33.610958099365234,33.90579189595137,33.362677942155734,33.362677942155734,16277400
2018-03-29,33.69629669189453,34.07647429447228,33.58767451972946,33.781643529947715,10450500
2018-04-02,33.106624603271484,33.750603047609786,32.95145178463113,33.7040494261786,14207900
2018-04-03,33.65750503540039,33.78164508928099,33.23853124365373,33.34715342083271,15484600
2018-04-04,34.32476806640625,34.448908153312125,33.448027037783596,33.47130237916185,13563300
2018-04-05,34.44889831542969,34.611831578013366,34.09199307773344,34.35579105703991,11707800
2018-04-06,34.076473236083984,34.54200062198822,33.91353998289696,34.35578907568011,11495100
2018-04-09,34.006656646728516,34.37907688267412,33.967860467367835,34.16182952523948,11913400
2018-04-10,34.13078689575195,34.27820227177509,33.92130001841459,34.19285543733408,10379500
2018-04-11,34.13078689575195,34.24716652111798,33.95233280933961,33.99112897752704,8424300
2018-04-12,34.161827087402344,34.456660863052704,34.09975853237385,34.20062326399447,8476400
2018-04-13,34.53424835205078,34.6739063047984,34.2471749868397,34.285968204884526,10774200
2018-04-16,34.66615295410156,34.829086265042186,34.44890853951406,34.64287761246238,8962100
2018-04-17,34.821327209472656,34.93770687207116,34.64287602570185,34.8756383106319,8406400
2018-04-18,34.53424835205078,34.89115365336849,34.39459335903598,34.836842556159176,7429000
2018-04-19,34.37907028198242,34.50321033679639,34.15406550771574,34.40234561734368,10370400
2018-04-20,33.936832427978516,34.45666815532242,33.81269233191629,34.37908170518354,14690700
2018-04-23,34.12302780151367,34.13078821934494,33.797161286173164,33.93681920981401,11878500
2018-04-24,33.416988372802734,34.216139927844445,33.1531903410803,34.123035610687374,18523900
2018-04-25,32.92042541503906,33.27732773515338,32.51696946023185,33.16094808802009,20774700
2018-04-26,33.168704986572266,33.440260451692104,32.788524375671905,32.897149521452434,13561000
2018-04-27,33.60320281982422,33.626478161156385,33.13767527504894,33.15319315584809,9777900
2018-04-30,33.52561950683594,33.89803983447842,33.33941082288153,33.750624379703375,16037700
2018-05-01,33.0445671081543,33.354918768588995,32.72645798808849,33.331640470230084,11514200
2018-05-02,32.63335037231445,33.044563765014836,32.54024310776409,32.897148369075495,13736400
2018-05-03,32.50144958496094,32.89714805620544,32.214376254658774,32.757490120440615,18352200
2018-05-04,32.86611557006836,32.97473776208032,32.408348503923115,32.42386638274379,10946200
2018-05-07,32.6954345703125,32.9669931156202,32.555776566379144,32.85061045909777,9336000
2018-05-08,32.43938446044922,32.656628845805066,32.34627718695434,32.56352453204296,15062200
2018-05-09,32.41611099243164,32.7652559207305,32.33076412554379,32.563529384231835,9295200
2018-05-10,32.72646713256836,32.86612512281415,32.54025549232944,32.57905168052386,7924200
2018-05-11,32.6954345703125,32.95147523076828,32.61784810578681,32.773023994572085,6331900
2018-05-14,32.61783981323242,32.83508422646061,32.50921760661833,32.78077312315356,10715500
2018-05-15,32.36955642700195,32.524729301209376,32.1600694951425,32.41610710537103,16449700
2018-05-16,32.23764419555664,32.54023533372341,32.22988673856365,32.38506251600942,11590500
2018-05-17,32.81956481933594,32.85835803993222,32.48593779468847,32.59455999625127,14857400
2018-05-18,32.72646713256836,32.88164300614519,32.64888067564675,32.81957147282101,11950200
2018-05-21,32.904903411865234,32.99025025157019,32.79628123759793,32.82731699016924,9110200
2018-05-22,32.78076934814453,33.05232483340763,32.74973358990509,32.974738397541834,8222900
2018-05-23,32.897151947021484,32.9359451649371,32.5324891872025,32.780769333541826,8971400
2018-05-24,32.8350830078125,32.951465630427094,32.734218265528725,32.89715452913576,9269600
2018-05-25,32.897151947021484,33.03680989930396,32.74197611562621,32.85059830968306,8806500
2018-05-29,33.11439514160156,33.24629266970727,32.66438554274811,32.67990342130161,14826900
2018-05-30,33.46354293823242,33.579922597969414,33.129915919467045,33.1842270192909,10114200
2018-05-31,33.3626708984375,33.525604162256904,33.11439079364632,33.51784670386507,15571300
2018-06-01,33.45577621459961,33.61095202474333,33.393707666381566,33.44025833761199,10664700
2018-06-04,33.742862701416016,33.82044915007992,33.58768684435493,33.64199795036631,11727600
2018-06-05,33.44802474975586,33.781651765443456,33.44026433000521,33.75061600590672,9975900
2018-06-06,33.719573974609375,33.719573974609375,33.39370743928283,33.40922531616491,9202900
2018-06-07,33.70405960083008,33.92906439940802,33.61871570870681,33.61871570870681,11948100
2018-06-08,34.099754333496094,34.13854754557869,33.797163135626555,33.804920594150126,12078800
2018-06-11,34.239418029785156,34.332522346406144,34.05320643681033,34.09976007498725,7526100
2018-06-12,34.456668853759766,34.46442631503756,34.200631195324874,34.23942442118065,8243300
2018-06-13,34.2782096862793,34.54200770446105,34.25493434811796,34.41010721550381,16745000
2018-06-14,34.11383056640625,34.325180253144964,34.06686231041268,34.24690281258196,12696200
2018-06-15,34.53652572631836,34.56001134246569,34.012060414474405,34.09816737279919,21562500
2018-06-18,34.09034729003906,34.41128959616998,33.97293112111887,34.34866823663117,12161900
2018-06-19,34.12947082519531,34.24688992795647,33.81635819465195,33.89463560576483,12936400
2018-06-20,33.863319396972656,34.27036845548032,33.83983677366558,34.14512282102346,10893700
2018-06-21,33.730262756347656,33.894647167412224,33.628499698315515,33.87116453328667,10465200
2018-06-22,33.85550308227539,33.98074875458116,33.72243086186593,33.77722565686893,14924400
2018-06-25,34.11383056640625,34.24690281258196,33.785058746637134,33.785058746637134,12092400
2018-06-26,33.91813278198242,34.31735249251457,33.87899107698922,34.09817327779832,13974700
2018-06-27,33.714595794677734,34.13730098912305,33.65197446184799,33.91812184508113,15332600
2018-06-28,34.02772521972656,34.19210964443706,33.792886914605184,33.847684708935105,12668900
2018-06-29,34.3329963684082,34.520863346761146,33.90246464141661,34.105987698980925,11485600
2018-07-02,34.24690246582031,34.56784474662771,34.11383022099201,34.270385100532856,9232500
2018-07-03,34.43477249145508,34.70091996712465,34.43477249145508,34.489567296496496,8214300
2018-07-05,34.959228515625,34.96705506305998,34.544352821452435,34.56783544984949,11653000
2018-07-06,34.943580627441406,35.17841592474715,34.89661535963595,34.96706326134414,8733900
2018-07-09,34.75571060180664,35.01402851085004,34.7087423519385,34.86530019873975,7373100
2018-07-10,35.2018928527832,35.225375480887664,34.833982419988914,34.84180896732637,10606100
2018-07-11,35.060997009277344,35.22538140584239,34.94357787682084,35.217554857188496,7715600
2018-07-12,34.96705627441406,35.19406497709017,34.82615751305851,35.092304926449614,6331600
2018-07-13,35.02186584472656,35.05317503218516,34.810513152391614,34.990553671174744,5585900
2018-07-16,35.01402282714844,35.068817616720345,34.85746500576065,35.01402282714844,5831400
2018-07-17,35.421077728271484,35.530667325236074,34.97488980571989,35.02968460420219,11592200
2018-07-18,35.319313049316406,35.4523882581244,35.100133865506095,35.37410784526899,7351600
2018-07-19,35.311485290527344,35.561976630892474,35.16275400424708,35.2175517844135,10097500
2018-07-20,35.4445686340332,35.4445686340332,35.147111940291516,35.241045475889244,8588400
2018-07-23,35.18624496459961,35.50718722981944,35.04534319098185,35.44456289217032,9055700
2018-07-24,35.42890167236328,35.43673120648092,34.92009244013317,35.05316465920967,13786100
2018-07-25,36.078617095947266,36.46218365865604,35.812469660990196,36.00816621651474,21330600
2018-07-26,36.196044921875,36.47001897101035,36.16473274880434,36.28997845499381,12673100
2018-07-27,36.17256164550781,36.399570435856205,36.055145468015915,36.25866863399123,10516900
2018-07-30,36.18819808959961,36.35258244051417,36.047296364218056,36.08643506880365,8967900
2018-07-31,36.5013313293457,36.5326405164821,36.25083991569538,36.321290812415356,12438800
2018-08-01,36.31345748901367,36.391737913923954,36.141243540303925,36.360425743959844,9904100
2018-08-02,36.14906311035156,36.501317460106975,36.14906311035156,36.38389834815782,12009700
2018-08-03,36.49350357055664,36.603093196105014,36.117766431779344,36.18821733193092,11462800
2018-08-06,36.516971588134766,36.68918249406845,36.438691188990454,36.477829895516656,10056100
2018-08-07,36.399559020996094,36.48566598247647,36.10992895736502,36.415215103637294,8632900
2018-08-08,36.12558364868164,36.446525865234484,36.10209803257814,36.39173107114685,6810000
2018-08-09,36.28213882446289,36.336933619045254,36.0707891802694,36.20386139965733,8924100
2018-08-10,36.0707893371582,36.336933777091645,35.984682377842155,36.17254939262957,7535400
2018-08-13,35.87510299682617,36.1099383251814,35.77333992630473,36.0473139783703,8143400
2018-08-14,35.922054290771484,36.08643865803606,35.90639821016171,35.937710371381264,6846100
2018-08-15,36.0707893371582,36.1255841319789,35.73419103406403,35.82812454145774,9686400
2018-08-16,36.18038558959961,36.30563128455329,35.984689004603666,36.09427861442653,10600700
2018-08-17,36.47783279418945,36.5795958281176,36.196032293152655,36.235171002788974,8885700
2018-08-20,36.5796012878418,36.68919088561726,36.470011690066336,36.540462572363786,6392000
2018-08-21,36.18038558959961,36.59526139424128,36.17255605398774,36.57960530911045,13986300
2018-08-22,35.953372955322266,36.305627367528714,35.945543420555126,36.27431520064534,7159100
2018-08-23,35.77333068847656,36.07079028682923,35.765501154100406,35.92205899460668,13144900
2018-08-24,35.71854019165039,35.85161243113853,35.67940147333581,35.73419627619478,10952900
2018-08-27,35.765499114990234,36.04730261461648,35.66373906264141,36.04730261461648,9581200
2018-08-28,35.51502227783203,35.79682589250401,35.444571374164035,35.73420452596218,8476800
2018-08-29,35.483699798583984,35.554147689775,35.39759283900513,35.42107546940214,12410900
2018-08-30,35.18624496459961,35.47587506099488,35.13927671136277,35.44456289217032,9716500
2018-08-31,34.888790130615234,35.28018333646561,34.747888337621646,35.22538852653402,19834100
2018-09-04,35.037506103515625,35.14709867077929,34.84180956968299,34.91226044130642,11138500
2018-09-05,35.52284622192383,35.5541554072184,34.95923908131922,34.95923908131922,10554900
2018-09-06,35.82811737060547,36.00815780128086,35.46020697665171,35.5384873722226,11439400
2018-09-07,35.78898620605469,35.86726363202566,35.444558365160674,35.695049711578655,10208100
2018-09-10,36.05513000488281,36.25082653620006,35.851603940101306,35.93771089165563,8568900
2018-09-11,36.023826599121094,36.12558965624626,35.91423699272144,36.0864479515954,9278300
2018-09-12,36.196044921875,36.24301019538782,36.023830956079536,36.13342057573367,13216400
2018-09-13,36.18025207519531,36.40918874964245,36.08551654284559,36.32234935073481,8294800
2018-09-14,36.30656051635742,36.3381360133952,36.006570708306036,36.25129662068357,7612900
2018-09-17,36.56707000732422,36.57496613897733,36.24339787385946,36.31444800127815,8527300
2018-09-18,36.25919723510742,36.732862875633636,36.25919723510742,36.622341093610366,9847400
2018-09-19,36.282867431640625,36.40128530775949,36.21181730826765,36.31444593347121,7119000
2018-09-20,36.8197021484375,36.85128066075859,36.43287591272856,36.48813680354412,9736700
2018-09-21,36.772335052490234,36.85917143861084,36.614445512420275,36.819699806466474,19240300
2018-09-24,36.369712829589844,36.732856626311516,36.18814093122901,36.701281130742984,10778900
2018-09-25,36.061832427978516,36.45655475927295,36.00657154251669,36.36182224298015,7919100
2018-09-26,36.19602966308594,36.36970841936725,35.97498616344922,36.1328756681148,10162600
2018-09-27,36.322349548339844,36.45655671415248,36.06183436169218,36.101305994639695,10826900
2018-09-28,36.464439392089844,36.464439392089844,36.29076365456603,36.314446025252984,9071900
2018-10-01,36.49602127075195,36.590753773756475,36.353921010499185,36.4486535135037,9364700
2018-10-02,36.7170524597168,36.7565270832557,36.36180493979437,36.5354806351035,7462700
2018-10-03,36.211814880371094,36.748637329531974,36.15655401161849,36.677587210922695,10542300
2018-10-04,36.19602966308594,36.235504297871195,35.86446441363087,36.04603628997414,9582300
2018-10-05,36.2197151184082,36.44075861848525,36.06971873350578,36.26707986185795,8734100
2018-10-08,36.693382263183594,36.77232852495089,36.29076686839223,36.30655612074569,9808100
2018-10-09,36.622337341308594,36.74864836660668,36.4881331944573,36.614444219755384,10824500
2018-10-10,36.061832427978516,36.867066345198246,36.05393629491689,36.55128727556574,13917000
2018-10-11,35.24080276489258,36.290765418252576,35.13028101432665,36.156558284356926,17677900
2018-10-12,35.27238082885742,35.43027033262372,34.932919449782005,35.114491325091116,12420100
2018-10-15,35.45396041870117,35.73816098502222,35.20133836230301,35.24080999396039,11608500
2018-10-16,35.911834716796875,35.998671089607654,35.41448379583023,35.5407948062274,10442500
2018-10-17,36.20392608642578,36.30655471700931,35.80920382732649,35.848675450938046,11055800
2018-10-18,36.00657272338867,36.37761269065164,35.88815481551975,36.23551240580593,12716900
2018-10-19,36.574974060058594,36.70128509043694,36.18025171368969,36.18025171368969,13989200
2018-10-22,36.290771484375,36.677597676015026,36.164460460973224,36.60654753713326,14283600
2018-10-23,36.59864807128906,36.67759131792066,35.880253685571,36.014457807143074,17483900
2018-10-24,36.890743255615234,37.41177653526718,36.50391711469513,36.57496724426093,21626000
2018-10-25,36.7170524597168,36.89862729582105,36.40916966965551,36.827577189538374,14220200
2018-10-26,36.25129699707031,36.69338708660496,35.86447080378331,36.6065476929917,21458000
2018-10-29,36.67759323120117,36.75653949344281,36.35392108474042,36.43286734698206,20932200
2018-10-30,37.60124969482422,37.688089088560474,36.34603257511922,36.80390890823896,20895400
2018-10-31,37.798614501953125,37.956504050194575,37.27758110080119,37.498624661443635,25309400
2018-11-01,37.688087463378906,38.011759636943346,37.34072990341261,37.743348345829496,16494500
2018-11-02,37.893333435058594,37.893333435058594,37.451243460845944,37.7512331937578,17584900
2018-11-05,38.43806076049805,38.50911090285171,37.83018798958169,37.89334501011494,16543500
2018-11-06,38.76962661743164,38.78541587155581,38.367008165995905,38.40648280705249,14373400
2018-11-07,38.97488021850586,39.11698049165352,38.706468926059415,38.99066947235474,12239700
2018-11-08,38.943302154541016,38.974877648664574,38.76172725299733,38.77751650580513,9762800
2018-11-09,39.219608306884766,39.38539095155524,38.96698627362723,38.990668648153815,12398100
2018-11-12,39.369590759277344,39.66168735091031,39.10907567739194,39.164336543594644,13918300
2018-11-13,39.36170196533203,39.472223709881035,39.14065847623404,39.32223034392049,13872900
2018-11-14,39.282752990722656,39.42485322715725,39.148548884918576,39.35380310893995,12106800
2018-11-15,39.2669677734375,39.27486089278178,38.89592792293393,39.203810772717084,12080100
2018-11-16,39.606422424316406,39.66957941915624,39.180124755112566,39.20380712243187,13405800
2018-11-19,39.874847412109375,40.07220857196468,39.669593130916475,39.71696089341898,13575800
2018-11-20,38.98277282714844,40.13536115049281,38.848565687311364,40.11957189807127,16255300
2018-11-21,38.469635009765625,39.030139953199026,38.359113247566604,38.8643573099005,13559200
2018-11-23,38.69858169555664,38.86436436896684,38.32754170235912,38.485431253389514,4792500
2018-11-26,38.58015441894531,38.86435493954766,38.42226490622268,38.69067617440356,9341900
2018-11-27,38.97488021850586,39.00645872620362,38.46963614131073,38.5880540394312,9180700
2018-11-28,39.243289947509766,39.25118607986575,38.84856765149017,38.84856765149017,11368700
2018-11-29,38.972755432128906,39.33081524924237,38.96479989632884,39.21146096510271,11564300
2018-11-30,40.10263442993164,40.1742463963721,38.98071564590158,38.988671182036896,25538200
2018-12-03,39.537689208984375,39.75252508099838,38.90114016337175,39.680913123660375,14877200
2018-12-04,39.450172424316406,40.1901587201702,39.38651599202899,39.760489943453166,19059900
2018-12-06,39.29103088378906,39.489952664033616,38.718135185387005,39.394468024096284,17674900
2018-12-07,39.06028366088867,39.529739216977845,38.89319008210415,39.44221314181289,15565700
2018-12-10,39.17964172363281,39.34673531850423,38.566962173798295,39.34673531850423,12331100
2018-12-11,39.41834259033203,39.79231349110163,39.13189472740681,39.45812634122595,18083600
2018-12-12,39.16372299194336,39.800272112970745,39.139850313132214,39.74457425458745,12316900
2018-12-13,39.362640380859375,39.47403608517088,38.64652080270642,38.76587507750035,13766200
2018-12-14,39.25920104980469,39.40242496849273,39.00458142442714,39.1716749844614,13835900
2018-12-17,38.455562591552734,39.410384772485244,38.20889847480528,39.25920530207559,18482700
2018-12-18,38.447608947753906,38.853411158435804,38.073634956597274,38.67835898635294,14765700
2018-12-19,38.11341094970703,38.797699263779315,37.89061651146224,38.38394466840732,17903800
2018-12-20,37.82698440551758,38.29644015102443,37.47687996359638,38.041820394340064,21130000
2018-12-21,37.85084533691406,38.78975661156726,37.580311528364724,37.60418117652001,32477700
2018-12-24,36.569766998291016,38.08952876456638,36.46632989292521,37.89060705151827,10733700
2018-12-26,37.34956359863281,37.3654777100751,36.33108474877792,36.50613693933663,14342600
2018-12-27,37.81901550292969,37.834929612789914,36.625484581167825,37.190424857634405,16966500
2018-12-28,37.55642318725586,38.200927649109104,37.42115483265518,38.105446068705795,13218200
2018-12-31,37.675785064697266,37.82696756469464,37.365467564100335,37.787183814544754,10576300
2019-01-02,37.34160232543945,37.57235235295312,37.0471988972393,37.34955786228554,11603700
2019-01-03,37.1108512878418,37.6917025915864,37.023325208387455,37.25407522962056,14714400
2019-01-04,37.85084533691406,37.85084533691406,37.11085589103813,37.19838198134912,13013700
2019-01-07,37.357513427734375,37.99406255989663,37.31772967609405,37.85083862574692,13135500
2019-01-08,37.77922439575195,37.850836358537364,37.42912315285968,37.5962167209238,15420700
2019-01-09,37.055152893066406,37.62009008012839,36.94375717001822,37.46095506737716,18032500
2019-01-10,37.453006744384766,37.46892085707587,36.872155290039395,37.126775022483756,15976600
2019-01-11,37.6678352355957,37.683749345127815,37.373431797516716,37.62805147941844,11088600
2019-01-14,37.51665115356445,37.71557294539607,37.389341328204445,37.596218656174834,11514300
2019-01-15,37.85084533691406,37.87471498506934,37.246124312965904,37.30977771981539,11342900
2019-01-16,37.33363723754883,37.77126757035352,37.285897954192244,37.71556971623391,16907800
2019-01-17,37.44503402709961,37.508687413355226,37.301810113892905,37.3336352893681,12044600
2019-01-18,37.88267135620117,37.946324759351036,37.492783258923794,37.59622345376164,12760700
2019-01-22,37.97018814086914,38.02588599322221,37.56438603337643,37.95427403515322,11700400
2019-01-23,38.40782165527344,38.42373576357105,37.91449643927046,38.049761806841516,12058300
2019-01-24,37.946319580078125,38.28050976574615,37.6996585029932,38.28050976574615,10272000
2019-01-25,37.69168472290039,38.21683791535857,37.58824761922389,38.097486710661585,12066500
2019-01-28,37.532562255859375,37.636002437580125,37.34955457146461,37.57234904250205,9966900
2019-01-29,37.71556854248047,37.898576205364556,37.50073266814559,37.55643052053182,11998600
2019-01-30,38.08159637451172,38.10546602328612,37.548484281201794,37.596226614056896,12952500
2019-01-31,38.296424865722656,38.81361971211235,37.77127144775295,38.073630391067894,32181500
2019-02-01,38.74996566772461,38.813619062771274,38.51126012451471,38.57491351956138,19130100
2019-02-04,39.187591552734375,39.3467295874208,38.62265441313783,38.749964233825864,15105700
2019-02-05,39.19554901123047,39.36264562526582,39.06823918429754,39.25124990611272,12651900
2019-02-06,39.19554901123047,39.27511955012961,39.00458578848393,39.15576525943375,8689100
2019-02-07,39.32286834716797,39.35469657042429,38.988681108895946,39.123946504775645,10047800
2019-02-08,39.38651657104492,39.38651657104492,39.07619904734622,39.283076384710085,9813300
2019-02-11,39.47404098510742,39.68887688522102,39.370600803132945,39.44221276983748,9369300
2019-02-12,39.513824462890625,39.62522018025828,39.354686422948696,39.53769410652494,10983300
2019-02-13,39.61726379394531,39.736615044861196,39.434256114296495,39.474039864601785,12748800
2019-02-14,36.27537536621094,37.36546585401732,36.20376340509633,37.1585885415226,58905400
2019-02-15,35.996891021728516,36.808489311753924,35.96506280458473,36.52204446337747,35701600
2019-02-19,35.67066192626953,36.27538291856634,35.6229195971516,36.06054699049475,25511300
2019-02-20,35.8854866027832,35.99688534521947,35.6467810824591,35.73430714814919,27464000
2019-02-21,36.49021530151367,36.52999905426048,35.77409561084801,35.80592382716776,23121200
2019-02-22,36.02872085571289,36.56183293813789,35.965067448512045,36.41065040483668,24728400
2019-02-25,35.7581787109375,36.25946245526671,35.678611211655955,36.156022277956275,23774400
2019-02-26,35.55926513671875,35.91732503675925,35.535395488484795,35.88549681557649,20463200
2019-02-27,35.7581787109375,35.821835138607156,35.34442103700131,35.48764496395251,17827500
2019-02-28,36.076454162597656,36.29129004935571,35.8934464891309,35.90140202480099,22533900
2019-03-01,36.10829544067383,36.315172831309155,35.965071464346835,36.179907428837325,16291600
2019-03-04,36.32311248779297,36.33902355660351,36.04462021872859,36.227627863099755,15973800
2019-03-05,36.28334045410156,36.362911007013864,36.124205418889424,36.32312724821083,13062300
2019-03-06,36.16398239135742,36.43451614987989,36.15602381990654,36.33903150430326,14232100
2019-03-07,36.02872085571289,36.22764268558817,35.909369578971464,36.19581749964087,12084000
2019-03-08,35.67861557006836,36.004847213463194,35.49560787112061,35.92527970446188,15579100
2019-03-11,36.74482727050781,36.792569584994645,35.885483821575676,35.917312031233564,22126900
2019-03-12,36.641395568847656,36.80053361858378,36.52204430802494,36.56182806163251,19348500
2019-03-13,36.77665328979492,36.87213487777669,36.529989232595,36.70504133998236,16222500
2019-03-14,36.68033981323242,37.00941932035237,36.624155731173126,36.792707977351014,18504100
2019-03-15,36.35928726196289,36.84086907089004,36.230866058609585,36.696394834392194,47254500
2019-03-18,36.447593688964844,36.66430514048373,36.40746261908454,36.46364672927784,24006400
2019-03-19,36.56797790527344,36.67231804020419,36.39139758184699,36.55994985686131,14987000
2019-03-20,36.54389572143555,36.84087226767448,36.262975271537385,36.439555589646666,13376100
2019-03-21,36.527835845947266,36.72849414738179,36.47165176648981,36.54388887747835,20043000
2019-03-22,36.86494827270508,37.00942251383911,36.487709636210305,36.487709636210305,19055900
2019-03-25,36.94522476196289,37.0816740702883,36.752594406661984,36.80877851544177,11668200
2019-03-26,37.434814453125,37.55521066587042,37.05757584420536,37.05757584420536,11434900
2019-03-27,37.410743713378906,37.65153312391131,37.1860073384558,37.442849784597485,11543600
2019-03-28,37.38666534423828,37.659557761655684,37.30640016693601,37.466927459737114,11121100
2019-03-29,37.61140823364258,37.651539298345114,37.30640663065615,37.45890590124738,16045600
2019-04-01,37.4990234375,37.860205921833064,37.39468026599356,37.71573476518141,11522700
2019-04-02,37.378623962402344,37.66757237401382,37.378623962402344,37.52309816820808,8495000
2019-04-03,37.06560516357422,37.3946846863303,36.95323699411648,37.258235436415205,12854500
2019-04-04,37.30638885498047,37.35454794675915,37.00941544351824,37.194020702632734,7814900
2019-04-05,37.298377990722656,37.38666816150653,37.08166658838142,37.314431027392786,7677600
2019-04-08,37.362579345703125,37.378632379052064,37.13784300242408,37.35455435993018,9421300
2019-04-09,37.45889663696289,37.49903075354349,37.13784513694066,37.28231938358179,8641800
2019-04-10,37.434814453125,37.72376291427171,37.37060538498289,37.595341716184606,8059900
2019-04-11,37.491004943847656,37.52311101430769,37.35455873709762,37.49903299236436,7352400
2019-04-12,37.51508331298828,37.66758254393342,37.37863405430837,37.458896162847246,10690000
2019-04-15,37.72377014160156,37.75587621272512,37.48298073178182,37.62745499003436,10261300
2019-04-16,37.683631896972656,37.804025048020684,37.482973583423075,37.76389399767134,10804600
2019-04-17,37.94850540161133,38.165216782627034,37.844165266228615,37.88429632305299,11849300
2019-04-18,38.10902404785156,38.18928920510012,37.94047181033361,37.98863090468274,12167000
2019-04-22,38.044822692871094,38.21337496454276,37.739821157129526,38.044822692871094,9834700
2019-04-23,38.6949462890625,39.104290940452486,38.16520849334812,38.598631161242444,25327800
2019-04-24,38.510345458984375,38.71100378446583,38.462186358619725,38.550476511720056,15997300
2019-04-25,38.397979736328125,38.43811079162409,38.10100625297403,38.31771762573618,11444400
2019-04-26,38.735084533691406,38.88758683135923,38.51034817309034,38.51837622128511,10154300
2019-04-29,38.863502502441406,38.887583583211025,38.61468814164522,38.6628441795784,9731500
2019-04-30,39.377193450927734,39.47350859610634,38.839427511590394,38.95179569126598,17912900
2019-05-01,38.999961853027344,39.393253614873665,38.967855778222784,39.288910402660754,10551200
2019-05-02,38.83943176269531,39.144433327914804,38.743116606974695,38.95179995466997,8724600
2019-05-03,39.10430145263672,39.29693176006053,38.94377415524785,39.00798323712128,7076900
2019-05-06,38.90364456176758,39.01601275563139,38.73508920916821,38.79127636790376,8657800
2019-05-07,38.526405334472656,38.75916976820129,38.341800009661405,38.7110106592839,12487500
2019-05-08,38.40599822998047,38.710999709914006,38.381920213234025,38.56652548582984,9281400
2019-05-09,38.044822692871094,38.51034845203141,37.77995221298421,38.36587420151189,11450500
2019-05-10,38.678897857666016,38.76718801108616,38.04481987381807,38.05284485967305,9653800
2019-05-13,38.56653594970703,38.630748094189926,38.309693495382604,38.45416775866554,11911500
2019-05-14,39.08021926879883,39.58587916972179,38.807323789453484,38.95179804686005,16844200
2019-05-15,39.473514556884766,39.63404186429204,39.00798567158406,39.064169769906044,11422500
2019-05-16,39.7945671081543,39.85877619070541,39.497590533219245,39.54574964148526,17771300
2019-05-17,39.489566802978516,39.77048728896266,39.46548571717726,39.54575090017535,11257000
2019-05-20,39.20863723754883,39.4414016398137,39.136400114839155,39.3611395309377,13850500
2019-05-21,39.00797653198242,39.353109090411905,38.88758337598798,39.32903107157362,10587400
2019-05-22,39.85074996948242,39.898906014453594,39.104300654394585,39.15245669936576,16050400
2019-05-23,40.01127243041992,40.051406548523715,39.69824590475169,39.73035197451338,12199400
2019-05-24,39.818634033203125,40.04337035219925,39.75442190674554,39.98718627245022,6887600
2019-05-28,39.40929412841797,39.86679486822503,39.35311004190153,39.81061078170859,18614000
2019-05-29,39.01601028442383,39.353114844663644,38.855482991155775,39.120353484318585,12534600
2019-05-30,39.52969741821289,39.57785652746915,39.064168547479866,39.10430266942857,9087200
2019-05-31,39.433372497558594,39.57784672775105,39.152449022494196,39.32902931757451,11368600
2019-06-03,40.11561965942383,40.11561965942383,39.34509227849506,39.45746047215505,14167200
2019-06-04,40.13166046142578,40.3563967802329,39.82665898461419,40.13166046142578,12010600
2019-06-05,40.757720947265625,41.04666944608947,39.88285046440601,40.13969289407092,15837600
2019-06-06,41.255348205566406,41.36771636504214,40.60521420342473,40.862056585598616,15190400
2019-06-07,41.32759475708008,41.889435682796034,41.2954886865239,41.311541721801994,15293600
2019-06-10,41.23929977416992,41.36772097958216,41.00653538254679,41.36772097958216,9737400
2019-06-11,41.199180603027344,41.40786397382843,41.078784348693375,41.295495769412156,9915600
2019-06-12,41.44798278808594,41.849299434851766,41.31153659785102,41.335614616879994,11088100
2019-06-13,41.3590087890625,41.82008099511608,41.075892273571995,41.625943867759595,10353600
2019-06-14,41.504615783691406,41.682571495351844,41.294300280312726,41.294300280312726,8694300
2019-06-17,41.1486930847168,41.64212199023842,40.9383806931314,41.45607558230001,12322400
2019-06-18,40.962646484375,41.49651972203563,40.87366709714741,41.45607538757898,9221100
2019-06-19,41.350929260253906,41.447999393051866,40.82514659327434,40.881769294553585,9414100
2019-06-20,41.787723541259766,41.89288127859066,41.53696373245685,41.65829982058517,10656600
2019-06-21,41.698753356933594,41.97377920977376,41.5855079620651,41.68257500256587,21264400
2019-06-24,41.998023986816406,42.224517747865306,41.82006835006143,41.85242504245471,10780000
2019-06-25,41.868614196777344,42.14364000197768,41.77154717309047,42.06275132985613,11519900
2019-06-26,41.350929260253906,41.771557245261036,41.326663269907314,41.67449019816886,12405100
2019-06-27,41.31855773925781,41.57740514319625,41.22957836558439,41.48842576952283,12374900
2019-06-28,41.18914794921875,41.57742230106107,40.86559010362445,41.4722645355327,16339900
2019-07-01,41.739192962646484,41.763462034296346,41.07589593738117,41.31047742053006,14976400
2019-07-02,42.04657745361328,42.103200147266136,41.698750572199785,41.88479700644566,8569200
2019-07-03,42.143646240234375,42.32969576792276,42.06275755613939,42.06275755613939,7253700
2019-07-05,42.15172576904297,42.159813401023044,41.64211855456671,41.97376700843434,8916300
2019-07-08,42.0627555847168,42.32969378398915,41.97377618495935,42.22453603102986,9495100
2019-07-09,41.731101989746094,42.03848449183616,41.60167826555632,41.83625972993308,10584900
2019-07-10,41.917137145996094,42.03847320484217,41.78771345655555,41.900958799103,7620900
2019-07-11,42.095115661621094,42.111294016118315,41.787733097585104,42.054671318230845,10376500
2019-07-12,42.159820556640625,42.29733500927925,41.98995248488574,42.264978304457784,7347400
2019-07-15,42.167903900146484,42.29732761108975,41.957588441298256,42.28923689344692,5876100
2019-07-16,42.17600631713867,42.442944550244846,41.90907116973825,42.030404205572715,7132500
2019-07-17,42.20834732055664,42.27305763177975,42.07083289493757,42.2407040190205,8264200
2019-07-18,42.08701705932617,42.20026243389215,41.79581290432506,42.095107777912325,11911800
2019-07-19,41.56931686401367,42.18408179869969,41.553138514605656,42.175991081143366,10355500
2019-07-22,41.43180847167969,41.6744775586636,41.35900743701403,41.6744775586636,12090700
2019-07-23,43.94748306274414,44.19823977168288,42.67750882534764,43.07387068324154,33417900
2019-07-24,43.502586364746094,44.343842048533126,43.37316265075614,43.77761214268782,15633400
2019-07-25,42.92827224731445,43.518768182301095,42.64515881468558,43.38125682522564,19135000
2019-07-26,43.818058013916016,43.9313064676269,43.025337352168975,43.14667343829249,11451900
2019-07-29,43.67246627807617,43.923223038644515,43.59966523146157,43.818065285600014,12283900
2019-07-30,43.45405578613281,43.92321560716664,43.332719700402514,43.648189820455485,8127100
2019-07-31,42.572364807128906,43.284193865488504,42.095114166382665,43.284193865488504,16865500
2019-08-01,42.08701705932617,43.03343056307978,42.07083870785888,42.69369135367681,19527200
2019-08-02,42.32967758178711,42.653235264862204,41.98993846599845,41.98993846599845,13102300
2019-08-05,41.77964401245117,42.59663082910572,41.577419216816274,42.37822767953538,19986500
2019-08-06,42.281150817871094,42.677509597228955,41.747277604865246,41.95758998575037,19903100
2019-08-07,43.017250061035156,43.18711811439185,41.876702568103966,42.28115207745127,17937000
2019-08-08,43.42979431152344,43.50259535855035,42.75031890117406,43.041523089281704,10799000
2019-08-09,43.21137619018555,43.59965036352813,42.936353536433046,43.51067099404147,9260900
2019-08-12,43.03343200683594,43.227566059546454,42.86356393928796,43.09814232917107,6588600
2019-08-13,43.27609634399414,43.36507572738615,42.76648911183388,42.790758180025655,8581200
2019-08-14,42.86356735229492,43.65628814967763,42.84738899899666,43.14668082075111,17088900
2019-08-15,43.57538604736328,43.68054377600652,43.057691207434466,43.21947161633838,12393200
2019-08-16,44.01219177246094,44.07690516963795,43.640098995806945,43.66436497689602,14288700
2019-08-19,44.23868942260742,44.311490462985915,43.93130999496941,44.03646465330105,10936200
2019-08-20,43.58348083496094,44.23059944530271,43.551124133017616,44.18206439238772,8176700
2019-08-21,43.761436462402344,44.01219627355135,43.55921170409974,43.88277255166588,10886500
2019-08-22,44.076908111572266,44.198241110820675,43.761434907834825,43.77761325820891,7467900
2019-08-23,43.470237731933594,44.254867737915326,43.18712120371526,44.0202862651443,14160400
2019-08-26,44.11735153198242,44.11735153198242,43.46214224105822,43.68054533803295,9226900
2019-08-27,44.2629508972168,44.44899728276653,44.01219111545607,44.246772548164046,13537000
2019-08-28,44.578426361083984,44.61078306308839,44.020284051475315,44.2144211777968,10046400
2019-08-29,44.529884338378906,44.76446576263736,44.16587921206482,44.69975236875732,9262800
2019-08-30,44.52180862426758,44.667410713766905,44.33576219561961,44.61887565536537,8746700
2019-09-03,44.732112884521484,44.756381952150605,44.3842860769831,44.473265458312184,12991400
2019-09-04,45.112300872802734,45.23363388018154,44.73211732779807,44.77256166359101,10718100
2019-09-05,44.586509704589844,45.11229526161447,44.513708674935735,45.0961169121686,13677000
2019-09-06,44.675498962402344,44.84536704058853,44.29531538061917,44.84536704058853,9093500
2019-09-09,44.10116958618164,44.554154093236704,43.9717458821237,44.51370667858368,10814900
2019-09-10,44.00410079956055,44.03645440998792,43.559203942009844,43.86658638385277,12038200
2019-09-11,44.30339050292969,44.32765648106904,43.65627203834484,43.915119424178776,9740400
2019-09-12,44.578426361083984,44.740206785401064,44.47326862242215,44.57033564273041,12357900
2019-09-13,44.211761474609375,44.64361457065516,44.05694809045143,44.39102136761953,11486100
2019-09-16,43.96731948852539,44.276949374575764,43.69843274905283,44.08139283910561,11172000
2019-09-17,44.19547653198242,44.57028991902949,43.967326685212136,44.08140005446418,11347400
2019-09-18,44.18732452392578,44.23621444050095,43.853251197993906,44.16288111977122,9700400
2019-09-19,44.423606872558594,44.48879029881332,44.105830287437286,44.18731034732197,7560300
2019-09-20,43.926570892333984,44.56212406932704,43.918424129565004,44.56212406932704,19211500
2019-09-23,44.11397933959961,44.2932392105674,43.90212930794558,43.92657270552657,6485300
2019-09-24,44.24435043334961,44.49694361175515,44.03250039630308,44.20361040025589,10093000
2019-09-25,44.13842010498047,44.391013261893,43.999903382595065,44.358419994885246,10248400
2019-09-26,44.317684173583984,44.47250065243937,44.105834134446766,44.38287071378948,10031200
2019-09-27,44.252506256103516,44.521392997294804,43.999913043728675,44.45620955723189,7939900
2019-09-30,44.358421325683594,44.55397782533197,44.12212790345092,44.12212790345092,9808700
2019-10-01,44.52953338623047,44.63545684230672,44.00805043546219,44.43175358456233,14261500
2019-10-02,43.25027847290039,44.358421617309396,43.10361187426616,44.1710149875579,14343600
2019-10-03,43.869544982910156,43.983618339231775,43.03843510479658,43.5925083568723,13817500
2019-10-04,44.439910888671875,44.439910888671875,43.91028108664275,43.999911032364494,9295400
2019-10-07,43.893985748291016,44.293245579694684,43.8125056724612,44.268802178598875,5964900
2019-10-08,43.65768814086914,44.05694482610769,43.551761565732946,43.902131453420445,13301900
2019-10-09,43.86140060424805,44.05695405193317,43.62510400571802,44.04880728672379,7135000
2019-10-10,43.722869873046875,43.902129745802505,43.47842657000344,43.63323993666906,8942900
2019-10-11,43.42953872680664,43.75546521850649,43.348058658014374,43.71472518411036,8981700
2019-10-14,43.42953872680664,43.73916858309496,43.3643552934259,43.58435520908349,7306300
2019-10-15,43.60065460205078,43.7391744675519,43.40510116733437,43.53547115990058,9564300
2019-10-16,43.5843620300293,43.649545473611234,43.2910287632459,43.55991551895343,10454800
2019-10-17,43.828800201416016,44.097686925335324,43.65769018544322,43.747317021239326,13190300
2019-10-18,44.635459899902344,45.13249638016882,44.36657319755843,44.8147197736418,18122400
2019-10-21,44.18732452392578,44.456214402690144,43.73917783425122,44.36658444310202,12778900
2019-10-22,43.87769317626953,44.34213648970962,43.78806632786003,44.18732308798491,9533400
2019-10-23,44.521392822265625,44.53768945928371,44.00805963512582,44.048802781803886,8556600
2019-10-24,44.496944427490234,44.66805443457989,44.399167724619765,44.46435115711163,11051400
2019-10-25,43.79620361328125,44.45620333554526,43.731017074075545,44.44805346401191,9782400
2019-10-28,43.6495475769043,43.95917749656944,43.48658429769811,43.78806745212266,8866100
2019-10-29,43.51917266845703,43.72287596743095,43.39694944576642,43.50287603154724,7999700
2019-10-30,43.951019287109375,44.04064922908645,43.31546603783985,43.60879926312284,8620900
2019-10-31,44.35029220581055,44.38288548676206,43.87769895681263,43.96732892529612,13982000
2019-11-01,43.918426513671875,44.60286962922897,43.87768337282001,44.51323969257925,9889500
2019-11-04,43.29917526245117,43.999915149186684,43.16065850302319,43.96732187346274,17515100
2019-11-05,42.712501525878906,43.0954646803557,42.468058215724376,43.0954646803557,19284000
2019-11-06,43.022132873535156,43.022132873535156,42.70435624844998,42.80213295426109,13288900
2019-11-07,42.60658645629883,43.1851031295983,42.33769658635443,43.08732640792122,11725500
2019-11-08,42.541385650634766,42.85916222082208,42.443608961715185,42.745088899038414,7141800
2019-11-11,42.23991394042969,42.67176391651259,42.1910240323151,42.6391737527017,8198300
2019-11-12,42.13399124145508,42.296954508582765,42.02806775984801,42.296954508582765,12656900
2019-11-13,42.7043571472168,42.73695041926161,42.3376906073764,42.51695049535737,12257900
2019-11-14,42.88362503051758,42.91621520037308,42.65547519193262,42.80214183521364,8660300
2019-11-15,42.91620635986328,42.92435623184789,42.67991291282224,42.89176296044035,8982400
2019-11-18,43.20954513549805,43.54361843966748,42.91621187168764,42.92436174471896,13782000
2019-11-19,43.25027847290039,43.437685102651876,43.079165368983695,43.30731513811757,12679500
2019-11-20,43.364341735839844,43.51100830042387,43.193228671648875,43.26656195394089,11970300
2019-11-21,43.15251159667969,43.46214152081239,43.00584495410451,43.27473483491435,7856100
2019-11-22,43.20954513549805,43.33991512960646,42.981398422874776,43.15250845734223,9113300
2019-11-25,43.364341735839844,43.50285843113342,42.99767532437979,43.41322851852491,10963500
2019-11-26,43.918426513671875,43.951016674782025,43.36435336735113,43.437686669313145,13219800
2019-11-27,43.95917510986328,44.08139523143262,43.673988609669784,43.942878472000864,9595200
2019-11-29,43.83603286743164,44.10692806364658,43.68827071259332,44.08230208166785,7222300
2019-12-02,44.12335205078125,44.12335205078125,43.384541182453894,43.77036498385633,13173800
2019-12-03,44.16440200805664,44.19723874670148,43.83604401605951,44.090520911847634,14498300
2019-12-04,44.5666389465332,44.58305731391002,44.098726436485705,44.1643967745096,13624000
2019-12-05,44.48455047607422,44.56664231917072,44.18902923537768,44.50096884469352,14068100
2019-12-06,44.67334747314453,44.73902093359006,44.46812260647669,44.58305116225636,7843500
2019-12-09,44.38602828979492,44.747222882042074,44.34498394795724,44.57483476743429,13887200
2019-12-10,44.13975524902344,44.386024410005646,44.10691852583054,44.36139843335211,8993900
2019-12-11,44.28752899169922,44.45170951925776,44.04946738331349,44.27931824300559,8879100
2019-12-12,44.4434928894043,44.69797283001913,44.27931238357159,44.33677509089063,11233300
2019-12-13,44.67334747314453,44.78006528062704,44.19722741084627,44.27931610492023,13072200
2019-12-16,44.67334747314453,45.009919260703434,44.63230312610756,44.89499070492376,9538100
2019-12-17,44.67334747314453,44.804694394035586,44.566632797144976,44.6569322395161,9230000
2019-12-18,44.25468444824219,44.94424003708415,44.23826608523613,44.76364117549999,15132100
2019-12-19,44.59125900268555,44.60767736787926,44.262897961777156,44.361408152939454,13385900
2019-12-20,45.124855041503906,45.31366158639293,44.7144052139668,45.10022592244278,23832800
2019-12-23,45.075599670410156,45.346498058107464,45.01813694541078,45.149480764192724,9300800
2019-12-24,44.911415100097656,45.149476728951775,44.85395238023402,44.98529618727709,3359300
2019-12-26,45.1658935546875,45.1658935546875,44.97708703422504,45.08380172091039,6228500
2019-12-27,45.43678665161133,45.51887848154764,45.14947307554204,45.15768069279411,6895500
2019-12-30,45.37110900878906,45.469616057357705,45.198720890923276,45.297227939491925,6431700
2019-12-31,45.43678665161133,45.461415766333786,45.13305470955478,45.31365360393154,7982600
2020-01-02,45.14126968383789,45.50246437491872,44.95246002305199,45.412164919277664,11867700
2020-01-03,44.89499282836914,45.141265185205114,44.40245437766339,44.59126088815003,11354500
2020-01-06,44.87857437133789,45.07559163010993,44.75544132465307,44.86215913696639,14698300
2020-01-07,44.53378677368164,44.82110027446731,44.451698096737815,44.69796725905158,9973900
2020-01-08,44.61588668823242,44.85394829540638,44.45170929299267,44.55021635643314,10676000
2020-01-09,45.42857360839844,45.47782870047723,45.0181239021901,45.14946768291746,15398000
2020-01-10,45.58454895019531,45.91291000795528,45.5188786175332,45.5435046008461,13040100
2020-01-13,46.07709503173828,46.15918373844461,45.49425394078298,45.58455339705001,14302900
2020-01-14,45.97036361694336,46.208425180086905,45.830812230503525,46.167380838868276,16345300
2020-01-15,46.54499435424805,46.774845173052405,45.970364175754604,45.970364175754604,17735400
2020-01-16,46.64351272583008,46.75023054539312,46.47112456987053,46.66813871054336,10234100
2020-01-17,46.74202346801758,46.91441476900275,46.62709802168317,46.68456074485037,14264300
2020-01-21,46.93082809448242,46.99650156484665,46.438289592684384,46.668140475992345,11968900
2020-01-22,47.292015075683594,47.31664105568237,46.9390280821152,46.99649078976748,12869600
2020-01-23,47.472625732421875,47.489040968841365,46.98829483947634,47.103220283313675,12858900
2020-01-24,47.349483489990234,47.50545326791811,47.16888459761253,47.48903490211258,8594300
2020-01-27,47.185302734375,47.48903467159517,46.897989162880656,46.963659494300906,14359900
2020-01-28,46.79948425292969,47.40695132744577,46.76665064925366,47.16068207671676,15240200
2020-01-29,46.79948425292969,47.0047091504511,46.51217064899308,46.791276634881534,13163600
2020-01-30,48.318145751953125,48.41665281652605,47.41515441033801,47.55470895567586,20225600
2020-01-31,47.9405403137207,48.4987523204306,47.73531540335629,48.40845285883288,17685200
2020-02-03,48.088294982910156,48.408445291997836,48.039039884787776,48.22784639703222,12333600
2020-02-04,48.30172348022461,48.802472642827624,48.12112460020835,48.22784240489822,15417900
2020-02-05,48.309932708740234,48.49874234313865,48.05545587638953,48.350980187555614,11414900
2020-02-06,48.42486572265625,48.712179311912095,48.30172953784189,48.41665497354422,9347000
2020-02-07,48.58903121948242,48.69574901140288,48.30992531625527,48.334554426072295,8757800
2020-02-10,49.04874801635742,49.122629100971935,48.67113497565358,48.69576096003066,7984900
2020-02-11,48.91740417480469,49.08979232827311,48.695760921138174,49.02412199282559,7431200
2020-02-12,48.7696418762207,49.06516621365817,48.69576079186133,48.82710459389096,9179100
2020-02-13,48.933815002441406,49.12262149355364,48.60545398134365,48.74500851132917,8173200
2020-02-14,49.21292495727539,49.31143201907094,48.94202662298383,48.95023737149857,9965500
2020-02-18,48.86813735961914,49.19649835258973,48.80246703991453,49.09799130729156,10075700
2020-02-19,49.06517028808594,49.25397682346453,48.818901030265316,48.851734634886824,6265700
2020-02-20,49.02412033081055,49.13904576255996,48.5233711226311,48.99128359845838,7597200
2020-02-21,49.360687255859375,49.360687255859375,48.78605698603489,48.85172731692404,10842400
2020-02-24,48.1457633972168,49.08979607018206,48.08008992528,48.5233764664029,14415500
2020-02-25,47.464412689208984,48.59725496790644,47.30023214959606,48.186805184615814,15915100
2020-02-26,47.283809661865234,47.99799447722017,47.18530259927537,47.59575234679671,15837800
2020-02-27,45.09200668334961,47.52186828462787,45.05096233746993,46.91440445004974,23754000
2020-02-28,43.909915924072266,44.238273847360155,42.34199799393283,44.189021881182676,40890600
2020-03-02,45.90470504760742,45.937541783820635,44.082310028543446,44.27111656454414,25698600
2020-03-03,46.019622802734375,47.193509228704706,45.67484341653835,46.594249893923106,27099200
2020-03-04,48.36740493774414,48.433078411583836,46.30694823401937,46.30694823401937,20526100
2020-03-05,46.57783126831055,47.751714477289404,46.12633411314649,47.44798258957386,17948500
2020-03-06,45.36290740966797,45.89649336569754,44.31215699574503,45.10021980618723,22353900
2020-03-09,42.571842193603516,43.9837901241626,42.25989955351852,42.72781194790471,27898300
2020-03-10,44.04946517944336,44.16439060353949,42.005424133146775,43.68827054207224,27457400
2020-03-11,42.859161376953125,43.22035915464265,41.980799178180355,42.97408680386051,22653900
2020-03-12,38.713619232177734,40.98751116054476,38.32779547569275,39.84646138790016,31913100
2020-03-13,40.13795471191406,41.040582639677865,38.597690251789906,40.99917516750195,33697200
2020-03-16,37.47975158691406,39.64937279196409,34.092827252086956,34.978895904787535,28682300
2020-03-17,39.06970977783203,39.33470119633368,37.5708495002877,37.993181745300696,32106700
2020-03-18,37.140235900878906,37.38866810806611,34.4406347678248,37.04914767171657,35408300
2020-03-19,34.63936996459961,36.98288763126418,33.98517123671411,36.734458654291885,41956900
2020-03-20,31.716190338134766,34.83812387534453,31.06199138504651,34.73875288213711,51513500
2020-03-23,31.103395462036133,32.20476534366519,30.03514713522517,32.09711160340333,44978500
2020-03-24,32.66849136352539,34.2832843128528,32.15507110091541,34.134226307749,49096200
2020-03-25,34.45718765258789,35.980889397565484,33.049419220986984,33.64565130000522,42511700
2020-03-26,36.67649841308594,37.488034897905806,35.15279641982613,35.475754462270665,37821700
2020-03-27,35.45090866088867,36.46118698883608,35.111388299400126,36.15479133552838,23297900
2020-03-30,37.26445388793945,37.72819045132136,35.641380654523125,35.641380654523125,23446000
2020-03-31,36.64337158203125,37.6867746710409,36.48603394861718,37.32241233942325,25373900
2020-04-01,34.87952423095703,36.14651767596987,34.61453283987057,35.177640335665934,21936400
2020-04-02,36.39494323730469,36.59368518218155,34.664216602516184,34.96233267877774,17621900
2020-04-03,36.295570373535156,36.717899353601,35.8649586368124,36.08854568235765,14207100
2020-04-06,38.64737319946289,38.92892694491991,37.00773779672377,37.58740764430544,22850000
2020-04-07,38.51487350463867,40.24560010981101,38.49003155169072,40.162791494020375,21279600
2020-04-08,39.59968948364258,39.8232765676266,38.365823881109954,38.62253252057756,18937100
2020-04-09,40.57685089111328,41.18136278041745,40.0385852789789,40.113114315136784,19165300
2020-04-13,38.86268997192383,40.278738636743576,38.50660711577188,40.03858914604625,19586000
2020-04-14,40.51060104370117,40.78387522648791,38.86268582386454,39.6990644131919,21801900
2020-04-15,39.4257926940918,40.07999164230504,39.260172267349006,39.50860132798975,12893200
2020-04-16,39.003448486328125,39.624522526931734,38.721894794896656,39.25188062972631,17606800
2020-04-17,39.798431396484375,39.99717334911866,39.22704117503143,39.99717334911866,19844600
2020-04-20,38.53144073486328,39.74874712647448,38.34926112528397,39.574847115943335,18957900
2020-04-21,37.579124450683594,38.837835006500015,36.65165151969493,37.99317385092796,26863700
2020-04-22,37.82755661010742,38.21676408962122,37.6784985608871,38.13395230730632,15811600
2020-04-23,37.322418212890625,38.17535909285471,37.239609584156,38.051146149752775,17668200
2020-04-24,37.62052917480469,37.8855205411748,37.36381740659465,37.67849583876401,15175000
2020-04-27,38.73846435546875,38.904084762231676,37.852398812075556,38.09254824393448,19175500
2020-04-28,38.70534133911133,39.74874449209234,38.56456289304971,39.66593587131237,17246700
2020-04-29,39.02001190185547,39.63280636186613,38.82126997246272,39.14422797693545,15780000
2020-04-30,38.00145721435547,38.92064747940695,37.844119563893514,38.92064747940695,20801100
2020-05-01,37.76129913330078,38.41549785884985,37.438341148495645,37.77786148623256,14290400
2020-05-04,37.38039016723633,37.661943967247446,36.93321592740446,37.529448247180284,22544200
2020-05-05,37.5956916809082,38.175358389260374,37.38866695394053,37.562566966446184,13370500
2020-05-06,37.057411193847656,37.786138823616845,37.03256924748525,37.59567653063253,11892900
2020-05-07,36.933204650878906,37.46319052827828,36.85039603572541,37.38866151106167,16466000
2020-05-08,38.18363571166992,38.274727083999736,37.16507457906111,37.33069496884748,13985100
2020-05-11,37.71162414550781,38.18364025930055,37.695061788662,37.83583708343158,10874600
2020-05-12,37.115394592285156,37.968335497762006,37.098832234253486,37.76131076078632,13424400
2020-05-13,36.38665771484375,37.082260786939734,36.03885775826877,37.02429412751057,15854800
2020-05-14,36.18792724609375,36.4860433941145,35.79871970185031,35.922935816507966,18000800
2020-05-15,35.82355499267578,37.00773660524206,35.77387108321896,36.40322482159471,31579400
2020-05-18,37.23961639404297,37.587416489065504,36.54401304505063,37.115400269279334,26118500
2020-05-19,36.883522033691406,37.537720856671925,36.6433726188333,37.27272632924299,17839900
2020-05-20,38.00145721435547,38.233323890603934,37.2810120710502,37.43007012262323,22295900
2020-05-21,37.40522384643555,38.167076437365566,37.289290511911645,38.158796838733764,13193500
2020-05-22,37.2892951965332,37.52116505365705,36.97461986584922,37.446636020822034,13008400
2020-05-26,38.16707992553711,38.86268315519961,38.03458422269409,38.854400396864385,22223100
2020-05-27,38.697052001953125,38.99516804038617,38.23331559117441,38.920639030777906,18447600
2020-05-28,38.995182037353516,39.30157778285618,38.77159492827417,39.169082069210674,16230600
2020-05-29,38.6556510925293,39.077980078092246,38.20847699561831,38.6556510925293,51125000
2020-06-01,38.9123649597168,39.1111069075987,38.581124167985216,38.6390908326963,17010700
2020-06-02,38.83784103393555,39.15251635251599,38.55628727171582,39.053145365540416,15255100
2020-06-03,39.665931701660156,39.84811128001479,39.020012523478634,39.14422860053748,15508300
2020-06-04,39.6824951171875,39.97233160816716,39.235324141899945,39.69905747315317,13604700
2020-06-05,40.6513786315918,40.98261948372409,40.12967539511484,40.195924829120045,20504800
2020-06-08,41.280731201171875,41.380105349149574,40.96605587608287,41.02402254959646,19896700
2020-06-09,40.57685089111328,41.06542942616007,40.311859464540134,41.06542942616007,16713700
2020-06-10,40.26216125488281,40.80042671818569,40.220756948231696,40.70933534818556,15716600
2020-06-11,37.71162414550781,39.682497225961285,37.64537471812456,39.591409001729154,26070400
2020-06-12,38.104366302490234,38.64752193994763,37.61134913834509,38.61409629107279,21822700
2020-06-15,38.68929672241211,38.81464129345258,37.16011016900057,37.24367109126431,15622300
2020-06-16,39.08203125,39.85080176179706,38.597369084841226,39.742173224897996,18803500
2020-06-17,38.92327117919922,39.3243693246248,38.80628143092765,39.09039301572635,12602800
2020-06-18,39.2658805847168,39.30766104867975,38.497106659689116,38.68929934403477,9380800
2020-06-19,38.455326080322266,39.93437745121678,38.455326080322266,39.91766462815274,30464600
2020-06-22,38.22135543823242,38.56396036439133,37.92053097864992,38.46368341943364,20876200
2020-06-23,38.137786865234375,38.68094243025547,38.08765158625359,38.438611289698684,14675300
2020-06-24,37.31053161621094,37.97067071587372,37.18518701413873,37.912177418278866,17631800
2020-06-25,37.54450225830078,37.586282726940496,36.7924410722041,37.16011684658267,13829700
2020-06-26,36.408042907714844,37.61133719634205,36.357904450322096,37.53613110407508,21955100
2020-06-29,37.06819534301758,37.24367521177283,36.39134032227492,36.767370889354176,17603900
2020-06-30,37.335594177246094,37.46093876224901,36.80079656483804,36.97627643372595,23679800
2020-07-01,37.45257568359375,38.04586650527051,37.360656758727956,37.544494608459544,14316500
2020-07-02,37.50271987915039,37.96231138606508,37.435868582616116,37.84532480477537,15111900
2020-07-06,37.795188903808594,37.82861455434988,37.27710407100062,37.719982783913444,15146000
2020-07-07,37.778472900390625,38.02080406496039,37.43586798027811,37.6029930312795,13043600
2020-07-08,37.6614875793457,37.75340651984997,37.160115597234665,37.71998087100381,13851200
2020-07-09,36.69216537475586,37.644774035139775,36.625317265987036,37.644774035139775,16087100
2020-07-10,37.72834014892578,37.811901086212835,36.650386844637524,36.667099669624015,15627800
2020-07-13,37.81189727783203,38.171215009737956,37.56956612140336,38.04587042878654,16705300
2020-07-14,38.329986572265625,38.38847986690597,37.32723936927397,37.527790084930494,17080100
2020-07-15,38.772865295410156,39.433004307629055,38.60574024400029,38.68930117588261,23738000
2020-07-16,38.563961029052734,39.01519453855837,38.388477966174925,38.6558767820469,13306100
2020-07-17,39.12382507324219,39.19903118706886,38.547246992334514,38.83135862371914,13899800
2020-07-20,38.53888702392578,39.13218108618675,38.31326869393556,39.04026215311906,16633200
2020-07-21,39.44136047363281,40.10150264270411,39.2157421429004,39.708759268357504,25681500
2020-07-22,40.51095199584961,40.54437763908433,39.29929952357164,40.05136055812894,29831200
2020-07-23,40.343833923339844,40.58616509710674,40.13492839857086,40.502604162257285,15935000
2020-07-24,40.51931381225586,40.77835460258174,40.16835090056471,40.444107701725265,16196800
2020-07-27,40.51095199584961,40.53601963445326,40.260266046878776,40.260266046878776,17346500
2020-07-28,40.260276794433594,41.17945991525255,40.193425490118074,40.393976215419,13872700
2020-07-29,40.1265754699707,40.52767371390009,39.95945040475542,40.22684923404168,13758100
2020-07-30,39.85082244873047,40.30205921171037,39.44136934678802,39.83410962184464,17276500
2020-07-31,39.474788665771484,39.91766735041382,39.04861961768768,39.64191053251897,14849200
2020-08-03,38.68929672241211,39.57505716157414,38.63080343929852,39.39121930742008,14137500
2020-08-04,39.015193939208984,39.15725135100919,38.62245372748077,38.68094701832636,11717200
2020-08-05,39.45807647705078,39.49985694441054,39.11547154446825,39.19067766077394,10498700
2020-08-06,39.675331115722656,39.71711157707557,38.939982882860875,38.990121349071295,10745000
2020-08-07,39.942726135253906,40.17670243457563,39.44970908733093,39.66697256615506,11669700
2020-08-10,39.87588119506836,40.34382745543695,39.82574272960966,40.15999279071136,11888000
2020-08-11,40.05135726928711,40.65300604752819,39.859164617936656,40.49423584902317,16531600
2020-08-12,40.46916961669922,40.68642991213349,40.21012567538041,40.360537875159764,9562200
2020-08-13,40.427391052246094,40.71985746127038,40.15999228181109,40.327114122599376,9882900
2020-08-14,40.485897064208984,40.68644461127189,40.13493407538022,40.39397811028608,10075800
2020-08-17,40.285335540771484,40.736572182286984,40.27698072340043,40.37725447007778,9102400
2020-08-18,40.460819244384766,40.52767054029414,40.07643385584157,40.27698455592446,9829000
2020-08-19,39.583412170410156,40.42739215252696,39.458070786407625,40.210128653357444,17371000
2020-08-20,39.56670379638672,39.77560931418738,39.34944346043793,39.499855688266024,11308700
2020-08-21,39.508201599121094,39.69203943338512,39.24916085554307,39.5583400596416,14734100
2020-08-24,40.08478546142578,40.09314027825784,39.42464336412734,39.63354884902092,9257700
2020-08-25,40.034645080566406,40.15163163648212,39.81738478924359,40.10985117903287,7827800
2020-08-26,40.243560791015625,40.26027361577498,39.66698268122204,39.90931067111925,10124200
2020-08-27,40.302040100097656,40.79505710267585,40.276972465479126,40.3187529190581,10931600
2020-08-28,41.6390380859375,41.65574771771829,40.5527271368128,40.73656496284517,16420300
2020-08-31,41.38835906982422,41.83959574135068,41.237946845982066,41.61397740558745,18510800
2020-09-01,41.045753479003906,41.2379461645943,40.803425511391296,41.204523705794514,12588400
2020-09-02,42.77549362182617,42.91755103464288,41.246306855335256,41.246306855335256,26332600
2020-09-03,42.18220520019531,43.56933782362656,41.86466789478946,42.950979225760186,22289400
2020-09-04,42.65015411376953,43.009471883278735,42.0150795123668,42.56658998850841,21019500
2020-09-08,41.62233352661133,42.65014821789924,41.24630298403161,42.55822928664142,17776700
2020-09-09,41.93986511230469,42.416169375486334,41.40506756681265,41.446848027370805,15252300
2020-09-10,41.781105041503906,42.34932832507999,41.739324573991475,42.073571501736296,15439500
2020-09-11,42.6668701171875,42.78385671362226,41.864670393150035,42.11535959996244,18272300
2020-09-14,42.7174072265625,43.15544847509984,42.59947366223487,42.93642945755548,10911700
2020-09-15,43.00381088256836,43.28179984526504,42.82691056818758,42.961692219160746,12838400
2020-09-16,42.784793853759766,43.34076859103147,42.74267518843352,42.91957551087266,15353900
2020-09-17,42.582618713378906,42.65001114700087,42.0687626540798,42.30463295830857,13287100
2020-09-18,42.498382568359375,43.09647597289445,42.29620847531113,42.75109777458353,23816600
2020-09-21,41.35273361206055,42.13615293900145,40.94838867129233,41.908708307297836,17514800
2020-09-22,41.8328971862793,42.15300483150655,41.33588921610339,41.369585434221676,13034600
2020-09-23,40.6114387512207,42.05191841109424,40.57774253131236,41.8918661867022,17121200
2020-09-24,41.02420425415039,41.36115677052891,40.063884601627215,40.61143364578531,16788100
2020-09-25,41.04106521606445,41.074758228841375,40.417697884680905,40.60302391547447,12603400
2020-09-28,41.51279830932617,41.87502469698611,41.394864734450636,41.53807208497729,11215700
2020-09-29,41.20953369140625,41.74866358918361,41.20111124284733,41.60545625609397,12426600
2020-09-30,41.58860397338867,41.79920051416827,41.18425900070564,41.50436664245611,15755900
2020-10-01,41.428558349609375,41.83290338661481,40.93155030576857,41.647577372944056,17577300
2020-10-02,41.58018493652344,41.76551093591531,40.89785093158392,41.07475126912246,13610100
2020-10-05,41.59703063964844,41.740234748383635,41.378008432414504,41.639149306132424,10628700
2020-10-06,41.22638702392578,41.891873015071916,41.1337272242469,41.74024321421713,10077400
2020-10-07,41.748661041259766,41.91713570974412,41.23480494741685,41.29377172407604,10135600
2020-10-08,42.506813049316406,42.574205497551525,41.73181917530531,41.87502330763174,12143900
2020-10-09,42.801639556884766,43.15544018187744,42.624736030940426,42.68370280177254,11407800
2020-10-12,43.037506103515625,43.40815483175931,42.818487130791624,42.82690957789917,11386500
2020-10-13,42.304630279541016,42.953267951563625,42.03506698901836,42.953267951563625,14365300
2020-10-14,42.22039031982422,42.53207548967689,41.824471039022946,42.16142355005705,10582100
2020-10-15,42.110897064208984,42.22883064469688,41.5296483983057,41.61388896540353,9961700
2020-10-16,42.14458084106445,42.414144169801055,42.009799176696156,42.11088783505865,13569800
2020-10-19,41.799190521240234,42.52364296247898,41.66440889590145,42.14456863701133,9930400
2020-10-20,42.32990646362305,42.6415884572215,41.94240958364136,42.02664691809014,10970700
2020-10-21,42.110897064208984,42.481545919092234,41.92557103004283,42.085623287355105,12517400
2020-10-22,42.6921272277832,43.130168379473666,42.439412043890066,43.104894611670815,20189200
2020-10-23,42.55735397338867,43.113328772957054,42.515235303343054,42.96169899003399,13491300
2020-10-26,41.95083999633789,42.54893353944167,41.44540946678942,42.405729401000876,14696400
2020-10-27,42.035064697265625,42.36359473883815,41.74022765508556,41.95924982509906,13892100
2020-10-28,40.40084457397461,41.403286287812534,40.24921478891422,41.27692706244602,19886200
2020-10-29,40.45138931274414,40.83888622803209,39.844870166416136,40.207096521756625,15369900
2020-10-30,40.485076904296875,40.535618013417356,39.90382844182785,40.2744803804337,15804000
2020-11-02,40.956817626953125,41.23480662547208,40.636713173047504,41.066328736683175,15156100
2020-11-03,41.571746826171875,42.08560278810556,41.276913018561146,41.46223896245789,15285100
2020-11-04,41.42013168334961,42.296214182355136,41.34432000335644,41.6391539148253,12930800
2020-11-05,41.6475830078125,42.296220929971376,41.56334565208242,41.917146402287734,12452400
2020-11-06,41.65599822998047,42.110887549178486,41.48752034730176,41.82447611265918,9294900
2020-11-09,44.284236907958984,44.86548215864814,43.863043859023904,44.22527013818391,33442000
2020-11-10,45.47200393676758,45.724719138774404,44.183154157119084,44.28423959523219,29706700
2020-11-11,45.13505554199219,45.741571439707776,44.9244589854434,45.42988943578112,17399900
2020-11-12,44.65488815307617,44.8233660248433,44.317935622990035,44.68858437011922,15024400
2020-11-13,45.025543212890625,45.06766188036953,44.55380578216124,44.85706532952668,12447900
2020-11-16,45.36249923706055,46.01113704890054,44.882339321475506,45.910051596527005,14908200
2020-11-17,45.219295501708984,45.278262283886534,44.67174313754766,45.20244739059417,14248400
2020-11-18,44.317935943603516,45.50570028865478,44.27581727871906,45.27825564214094,15278200
2020-11-19,44.7559814453125,44.84021878320725,43.76196543360185,44.2168547705098,17189500
2020-11-20,44.36848068237305,44.857066232620205,44.30109145573975,44.80652190255892,15645600
2020-11-23,44.37690353393555,44.789670956228036,43.972558559395715,44.60434818463574,13191900
2020-11-24,44.83179473876953,45.14347673402227,44.663316855529445,44.76440230009416,13827600
2020-11-25,44.58749771118164,44.8823315686125,44.4695641682093,44.705431254153986,10194800
2020-11-27,44.39375686645508,44.806524337315615,44.31794197396763,44.73913510702043,8499300
2020-11-30,43.807945251464844,44.30885019617892,43.36647267115414,44.22395237042174,43203600
2020-12-01,44.1815071105957,44.42771535975098,43.969259290009035,44.266404943372486,18968800
2020-12-02,44.24094009399414,44.25792030975716,43.8419131201756,44.0626526864499,14913100
2020-12-03,44.80976104736328,44.94559952966661,44.06265101401741,44.06265101401741,17318900
2020-12-04,45.71818542480469,45.73516564137907,44.7927846726946,44.80976488926898,18122400
2020-12-07,44.98804473876953,45.65874531982055,44.741836515542964,45.64176510732447,16210900
2020-12-08,45.149356842041016,45.40405358007523,44.81825075873206,44.9455975084268,12485800
2020-12-09,45.27670669555664,45.505931492053534,44.99653801750197,45.31066388552061,11508400
2020-12-10,45.03899002075195,45.42952526058369,44.97956088593603,45.3361389334765,12097300
2020-12-11,45.293678283691406,45.454988681073054,44.809753568835156,44.82673378111977,10638100
2020-12-14,45.22576141357422,45.70968613635265,45.14935207636476,45.54837897497464,22292000
2020-12-15,45.709686279296875,46.03230384170619,45.50592696655299,45.66723736707985,16193700
2020-12-16,45.04747009277344,45.675721709322666,44.94558882632428,45.505922837218186,15679600
2020-12-17,45.22576141357422,45.59931637401801,45.12388337684307,45.2512301130959,12677300
2020-12-18,45.624786376953125,45.70968419752064,44.67391394564687,45.06445234073249,35480100
2020-12-21,44.83522415161133,44.99653130547374,44.13055993699524,44.724854394419026,14926600
2020-12-22,44.79277801513672,45.1493560329101,44.4786521518122,44.83523016958558,9689500
2020-12-23,45.064456939697266,45.32764215350195,44.94559544467061,44.954087170780525,7040300
2020-12-24,45.370094299316406,45.463483861308994,45.013519504775424,45.013519504775424,3265500
2020-12-28,45.98137283325195,46.219089382365276,45.61630628217358,45.718184340558565,9020500
2020-12-29,45.955902099609375,46.261539499917156,45.86251253411034,46.227579069072966,8320600
2020-12-30,46.21908950805664,46.38039994280372,45.871003172203345,45.8879833884212,8142700
2020-12-31,46.55868911743164,46.635098473981635,46.07476427216339,46.22758298526339,8495000
2021-01-04,44.79277801513672,46.3803940230993,44.17301477619064,46.07475664747774,25611100
2021-01-05,44.30036163330078,44.673916600095794,44.17301165623834,44.427711610363225,20323800
2021-01-06,42.89104461669922,44.164531678102485,42.61087590864087,44.12208275711806,38724500
2021-01-07,42.41560363769531,42.670300374363705,42.04204863982465,42.52597341108801,53225700
2021-01-08,43.36647415161133,43.40892306593906,42.313723587603086,42.47503075750627,29674000
2021-01-11,42.61936569213867,43.17969984405324,42.40711785825217,42.97594049851843,19304400
2021-01-12,42.54294967651367,42.7636859641656,42.24580081244465,42.483520551428754,18538700
2021-01-13,42.58539962768555,42.7551985200605,42.407112248081866,42.432580948412536,18864100
2021-01-14,41.79583740234375,42.60237970965892,41.78734891514115,42.585399496609234,34303600
2021-01-15,41.34587097167969,41.7533863480423,41.2015407874805,41.73640613586331,24366800
2021-01-19,41.184566497802734,41.634534088642056,40.95534169703386,41.37983734661958,29114500
2021-01-20,41.328895568847656,41.447753829287464,41.014769703593196,41.21003730840784,23115800
2021-01-21,41.558128356933594,41.67698663097283,41.14212115915121,41.41379813942519,19702500
2021-01-22,41.16758728027344,41.54963075318269,41.16758728027344,41.439264222124045,15400300
2021-01-25,41.413787841796875,41.46472847742365,40.955335075732975,41.108150505324765,16604200
2021-01-26,41.846778869628906,41.940168423928064,41.26946456909281,41.52416129258943,12922600
2021-01-27,41.20154571533203,41.87224960272095,40.9468489794733,41.50718309382038,21242400
2021-01-28,41.727928161621094,42.02507385300245,41.2694720332226,41.33738966040471,17498900
2021-01-29,40.878929138183594,41.70244843138702,40.84496871161069,41.62603909092025,18670300
2021-02-01,41.159095764160156,41.33738315091365,40.90439903470593,40.98080837740666,12183600
2021-02-02,41.566619873046875,41.89772601445565,41.28645438364149,41.43078137301647,13319800
2021-02-03,41.405303955078125,41.67698089798083,41.320402886268134,41.55812264029148,12274100
2021-02-04,41.609066009521484,41.66000665811218,41.303431833912576,41.566617088351784,20597400
2021-02-05,42.152427673339844,42.26279423233335,41.82981000874278,42.0250776577068,12742000
2021-02-08,42.38164138793945,42.593889199149835,42.01657813221061,42.41560181500781,17833200
2021-02-09,42.19485855102539,42.46653544543598,42.13542943278833,42.32220527354308,14592900
2021-02-10,42.10996627807617,42.941980584173514,42.05053714744704,42.7976503821851,22965400
2021-02-11,42.704254150390625,42.95046236089495,42.27975857585663,42.288250300988075,21928600
2021-02-12,43.03537368774414,43.17121218468452,42.78067691081158,42.933495624700164,13137100
2021-02-16,42.67878723144531,43.06083391218122,42.58539768297161,42.975932850548595,15093400
2021-02-17,42.55994415283203,42.86558160635471,42.35618477093508,42.449574352694285,12794300
2021-02-18,43.103294372558594,43.17121200141785,42.47503930272307,42.58540909309523,12747100
2021-02-19,42.54294967651367,43.154224378695055,42.42409142634383,43.12026395331955,15968800
2021-02-22,42.98442459106445,43.19667238725369,42.169390592328085,42.32220926467588,14370900
2021-02-23,42.90802001953125,43.73153935791349,42.80613873422327,43.29855523061105,16222300
2021-02-24,43.05234909057617,43.21365951422373,42.55993580872093,42.78067212707434,14442000
2021-02-25,42.5938835144043,43.08629992524197,42.43257636532514,42.84858344477917,14211100
2021-02-26,41.59209060668945,42.627857924754785,41.57511038984966,42.6193694356575,23638400
2021-03-01,42.364662170410156,42.82311495698578,41.94016657046073,41.974123757086936,13901200
2021-03-02,42.53445816040039,42.92499657685389,42.19486362090555,42.31372187166097,11755100
2021-03-03,42.43258285522461,42.924999341375475,42.20335482601417,42.21184655226899,15410700
2021-03-04,42.39862060546875,43.37496180955867,42.126943672593114,42.712749690504864,22036400
2021-03-05,43.12026596069336,43.256104429874625,42.364664273457265,42.49201101657713,21310800
2021-03-08,43.8419075012207,44.56355200475783,43.43439209107196,43.697580543700035,25084900
2021-03-09,43.17969512939453,44.04566658573608,43.145734702405946,43.909828116426304,23082700
2021-03-10,43.67210388183594,43.83341427414586,43.06083245203046,43.451367606364784,21331600
2021-03-11,43.19667434692383,43.66361887199479,43.13724522038632,43.646638658892,17417700
2021-03-12,43.1110725402832,43.385010782722375,42.97410341906362,43.30796544793627,17598600
2021-03-15,43.68462371826172,43.761669042471745,43.205233492600215,43.23091417880323,13411900
2021-03-16,43.84728240966797,44.10409910151845,43.693191741437396,43.830160861464414,14214200
2021-03-17,43.86439895629883,44.189698538270314,43.78735363096852,43.872958096623954,17502700
2021-03-18,43.29084014892578,43.82159503946764,43.222357227049976,43.71030988321931,18007300
2021-03-19,43.496299743652344,43.727435750824064,42.948419986503744,43.19667754223649,67845700
2021-03-22,43.6589469909668,43.72743318118634,43.0768274365058,43.0768274365058,17911400
2021-03-23,43.992801666259766,44.215378481746065,43.51341147709065,43.65038056908193,16936700
2021-03-24,44.104103088378906,44.42084359477338,43.787362581984425,43.804480866134,14997400
2021-03-25,44.532135009765625,44.56637811155537,43.804483791942154,44.2581967266515,17091900
2021-03-26,45.40530776977539,45.465231556208686,44.309551534420564,44.63485442191664,17126700
2021-03-29,46.09870910644531,46.17575443553068,45.12280378176487,45.13992532885064,17514100
2021-03-30,45.499473571777344,46.04735004363566,45.311139809975536,46.01310694774418,14871800
2021-03-31,45.12281799316406,45.516603903355744,44.943046590546416,45.396756301610644,15826500
2021-04-01,44.951595306396484,45.49947506179818,44.908793067931114,45.33682198378773,15834700
2021-04-05,45.208412170410156,45.55939572673679,44.76326173655178,44.81462311295001,16368700
2021-04-06,45.53371047973633,45.9274995260125,45.2854562144593,45.40530377678638,15614300
2021-04-07,45.610755920410156,45.79908967059,45.473786810897856,45.610755920410156,10062700
2021-04-08,45.47378158569336,45.696358404076186,45.34537489718092,45.51658381519751,9695600
2021-04-09,45.525146484375,45.61075094387956,45.208406065487175,45.51658407906406,10828200
2021-04-12,45.670677185058594,45.841889378914686,45.45666275913873,45.65355890471387,8565300
2021-04-13,45.44810104370117,45.61931322785571,45.20840594524529,45.40529881406273,11071700
2021-04-14,45.43954849243164,45.53371210504895,45.071443386086976,45.353940755141444,9787600
2021-04-15,45.653564453125,45.93606183155944,45.47378983164703,45.48235223846099,13078100
2021-04-16,45.95317840576172,46.05590441720084,45.69636174436341,46.00454304428179,17974100
2021-04-19,46.22712326049805,46.53530460473094,45.627882120667586,46.22712326049805,19352900
2021-04-20,46.37264633178711,46.73219228165705,46.064468287671474,46.09014897494749,14419200
2021-04-21,46.749305725097656,46.860594126672154,46.432565329724696,46.432565329724696,13866500
2021-04-22,46.60378646850586,46.971891591748324,46.50106044464327,46.62947042367257,12558900
2021-04-23,46.62947082519531,46.73219684994246,46.37265086492526,46.56954703862602,9020500
2021-04-26,45.93605422973633,46.663701939640355,45.867571314564586,46.6294621148549,11684600
2021-04-27,45.867576599121094,45.97030261651453,45.64499975156724,45.85045505195532,9852400
2021-04-28,45.876129150390625,46.26991488183757,45.74771919789235,46.20999110816525,10868100
2021-04-29,46.44968795776367,46.53529568453043,45.739161786404296,45.8333286530473,15391000
2021-04-30,46.21000289916992,46.45826046235858,45.96174533598126,46.44113891328334,14912600
2021-05-03,46.638023376464844,46.911961580816396,46.36408517211329,46.45825204215932,10417900
2021-05-04,46.34697341918945,46.75788081254091,46.17576118889259,46.715078571367116,14151000
2021-05-05,46.22712326049805,46.43257857852048,45.97886570368805,46.34697083534384,9665900
2021-05-06,46.689388275146484,46.749312053583004,46.269918560489835,46.329842338926355,11572700
2021-05-07,46.663700103759766,46.88627691691301,46.364081238669684,46.60377633074175,10637500
2021-05-10,47.006134033203125,47.511208269757944,46.93765110678286,46.9804533439957,15545800
2021-05-11,46.50105285644531,47.20301989189291,46.269916891270974,47.10885302471808,12986700
2021-05-12,46.2613525390625,46.70650287380587,46.124383456495345,46.5352907041968,15836500
2021-05-13,46.663700103759766,46.89483605637242,46.08158391809913,46.20143146413516,15475800
2021-05-14,46.852046966552734,47.16878746498561,46.8178038679109,46.99757850297971,11725300
2021-05-17,46.774993896484375,47.10029674861279,46.655146336647874,46.946206095794125,12119800
2021-05-18,46.51816940307617,46.70650311718758,46.31271414535458,46.56097162930134,13232500
2021-05-19,46.37264633178711,46.38120873794654,45.89325608609536,46.32984409779336,15126100
2021-05-20,46.783565521240234,46.911972246824305,46.329852613825025,46.329852613825025,10948400
2021-05-21,46.757877349853516,47.185906261096854,46.41545618021971,46.911968019149235,16033200
2021-05-24,46.91196060180664,47.02324901550228,46.646584808779785,46.766432362482355,10326100
2021-05-25,46.903404235839844,46.929084922980415,46.52673674123893,46.929084922980415,11916500
2021-05-26,47.108863830566406,47.125985379943806,46.73219954106859,47.066061589923734,16064300
2021-05-27,47.502647399902344,47.571130323830474,46.89484389743345,47.262949002150755,59109600
2021-05-28,47.33143997192383,47.69098270646139,47.2543946337227,47.38280135365686,17011600
2021-06-01,47.3228759765625,47.63961972609468,47.16878530533103,47.37424062217348,13304000
2021-06-02,47.511207580566406,47.56257222383755,47.30575227308316,47.511207580566406,11328500
2021-06-03,47.63105773925781,47.71666548269807,47.16878572148492,47.237271916237134,17364300
2021-06-04,48.144683837890625,48.35013584585842,47.750894835684235,47.85362410526892,18935100
2021-06-07,47.973480224609375,48.230296913249624,47.77658732113181,48.20461622406601,14010800
2021-06-08,47.639610290527344,48.15324358250035,47.55400256479796,48.15324358250035,10968300
2021-06-09,47.49409103393555,47.87075532744936,47.49409103393555,47.725227054592324,9838800
2021-06-10,47.862186431884766,48.04195776722704,47.733776469154,47.862186431884766,12444400
2021-06-11,48.07619857788086,48.11900080822624,47.64816974322537,47.9306703415864,11825800
2021-06-14,47.91232681274414,48.05032798438203,47.61045027797609,48.03307742665136,9710800
2021-06-15,47.79157257080078,48.11932656238754,47.601819740375724,48.110699639073374,11154200
2021-06-16,47.1533203125,47.834702559887546,47.12744612013588,47.81745200157561,15211700
2021-06-17,47.394832611083984,47.567334932285,47.13608077438653,47.15332804531933,10658400
2021-06-18,46.37706756591797,47.11019823970708,46.33394281279057,47.01532180870214,31445600
2021-06-21,46.885955810546875,46.94633113360482,46.575452268986965,46.76520516443099,14404300
2021-06-22,47.058448791503906,47.308573670089,46.79969369815541,46.8686959337704,13072800
2021-06-23,46.67893981933594,47.092943333518534,46.67031618558956,47.058445508325576,12339200
2021-06-24,46.911827087402344,46.93770128418485,46.575449368397216,46.799700084331256,11488400
2021-06-25,46.8514404296875,46.98081796270593,46.58406173021285,46.78244149156306,18880300
2021-06-28,46.799686431884766,46.894562846020705,46.575435781369336,46.79106279887567,10556900
2021-06-29,46.45468521118164,46.86868869026467,46.333934607724984,46.68756278507969,12300900
2021-06-30,46.67032241821289,46.73069773312275,46.35981891855766,46.402943673463575,14614200
2021-07-01,46.54093933105469,46.9894439672207,46.45468983149517,46.868693351754374,13214700
2021-07-02,46.73068618774414,46.96356375495036,46.57543447627333,46.57543447627333,10604600
2021-07-06,46.47193908691406,46.653065005036886,46.187309823971844,46.5668155078948,15278200
2021-07-07,46.8514404296875,46.90319210093634,46.333936878028496,46.333936878028496,14377700
2021-07-08,46.68757247924805,46.72207030867935,46.351194788285845,46.584069120330554,11943900
2021-07-09,46.97220230102539,47.023953984682116,46.730701024376955,46.79107634353906,10847000
2021-07-12,46.989437103271484,47.09293714566571,46.80831120652983,46.85143595001017,15107600
2021-07-13,47.4552001953125,47.69670143150708,47.22232259317876,47.394824886263855,15170800
2021-07-14,48.52470779418945,48.60233366045416,47.40344784052735,47.455199514773,22002700
2021-07-15,48.679962158203125,48.70583964182857,48.222833860048695,48.50746314847461,15068200
2021-07-16,48.645469665527344,48.886970937799845,48.52471573918302,48.69721805803827,14860500
2021-07-19,48.06757354736328,48.602327620617345,47.575944218851035,48.36945334097017,19527000
2021-07-20,48.15383529663086,48.58508940479252,47.88645656509584,48.06758250087388,16257900
2021-07-21,48.77483367919922,49.645968725616555,48.671333625736345,49.447592252226315,20918200
2021-07-22,48.70582962036133,48.93870718382835,48.34357453601029,48.83520385103832,13402700
2021-07-23,49.17158508300781,49.44759070059355,48.688582655199134,48.809333262151306,12144000
2021-07-26,49.21471405029297,49.266462431275116,48.78345999433592,49.06808596035976,8681100
2021-07-27,49.3872184753418,49.62872301059517,49.0939655534116,49.25784421844205,12794400
2021-07-28,48.938720703125,49.30097259734091,48.84384426696142,49.15434777069388,9858000
2021-07-29,49.20608901977539,49.3785913068364,49.04221365668154,49.22333957750224,9599100
2021-07-30,49.18883514404297,49.378587976031156,49.0767114616929,49.29233848342229,11727000
2021-08-02,49.059471130371094,49.369974632811406,48.91284301412631,49.335473512494055,9778000
2021-08-03,49.09395980834961,49.16296203612087,48.94733500964665,49.16296203612087,8825500
2021-08-04,48.38671112060547,49.11984510134667,48.309085247120116,48.947342794689455,11888400
2021-08-05,48.73170852661133,48.809334388615994,48.55058261200289,48.679956855205766,9806800
2021-08-06,48.85246276855469,48.93871556064356,48.67996047458454,48.81796165171914,10409300
2021-08-09,48.861087799072266,49.05946427787645,48.671334954038926,48.9904620468798,8859900
2021-08-10,48.99046325683594,49.30959035755854,48.86971263981698,49.024964373186364,10906900
2021-08-11,48.93008804321289,49.31821737738902,48.912837485004225,49.06808921867468,8370700
2021-08-12,49.02496337890625,49.14571399347625,48.930086955970545,48.930086955970545,6169200
2021-08-13,49.36134719848633,49.42172251331498,48.964594189552905,48.999095309514395,7714200
2021-08-16,49.57696533203125,49.5855922555715,49.18883602790271,49.33546411622118,7972000
2021-08-17,49.40447235107422,49.645976902541015,49.1715947247712,49.5597241019429,10346400
2021-08-18,48.73170852661133,49.36133905611258,48.66270629807058,49.3268379418422,13873700
2021-08-19,49.042213439941406,49.145713495637615,48.25733116297966,48.352207584954286,9223700
2021-08-20,48.85246276855469,49.188840432182296,48.80071438350896,49.024965062524835,10543600
2021-08-23,48.679962158203125,48.94734088761465,48.628213771367655,48.87833865155708,8912800
2021-08-24,48.309078216552734,48.852459251870314,48.21420508739589,48.852459251870314,12067200
2021-08-25,48.36083221435547,48.44708171417682,48.06757930867236,48.35220858045634,11270700
2021-08-26,47.90370178222656,48.28320417061352,47.87782430128135,48.25732997987568,10331500
2021-08-27,47.99858474731445,48.11933537416732,47.8260824417213,48.0072083820006,8844100
2021-08-30,48.45570373535156,48.47295429161186,47.98994858694511,48.033073332492265,10034700
2021-08-31,48.56783676147461,48.74896268948009,48.30045804141348,48.43845921849493,14185700
2021-09-01,48.895591735839844,48.99046817021515,48.54196348330053,48.62821628282712,9518900
2021-09-02,48.9645881652832,49.18883883702681,48.654084704247836,48.9645881652832,11653200
2021-09-03,48.93008804321289,48.96458915963022,48.51608451682753,48.69721044270721,13220400
2021-09-07,48.01582717895508,48.895585887654946,47.877826006426126,48.81796002246944,20035300
2021-09-08,48.6627197265625,48.714471412248955,47.964090065940795,47.964090065940795,12040100
2021-09-09,48.179710388183594,48.66271289259346,48.12795870976491,48.45571275933432,12545400
2021-09-10,47.96407699584961,48.41258161229105,47.88645113357691,48.309078269122544,10573700
2021-09-13,48.36083221435547,48.645461486139446,48.076206232779,48.076206232779,20274300
2021-09-14,48.39558792114258,48.647603815391214,48.27392599013675,48.595461567086296,13918900
2021-09-15,48.56071090698242,48.664992104710024,48.16096023812085,48.38690670074341,15746000
2021-09-16,48.10013198852539,48.656306143010696,47.63955363367943,48.42167094854963,17430400
2021-09-17,47.309326171875,47.96108949891333,47.24849519322127,47.813358069337035,33370200
2021-09-20,46.979095458984375,47.2745615932562,46.69231804261499,47.02254567857509,27542500
2021-09-21,46.970401763916016,47.63954573005987,46.87480929517559,47.26586788773228,16418200
2021-09-22,47.03993225097656,47.413610152772925,46.979101273013406,47.370156612765236,12719700
2021-09-23,46.96171951293945,47.46574807883113,46.92695800769462,47.152901161706836,13836200
2021-09-24,46.83135223388672,47.13551034589196,46.80528276987206,46.92694468865869,9682200
2021-09-27,46.588035583496094,47.14420633520095,46.55327408275475,46.79659795786583,12429500
2021-09-28,45.745094299316406,46.457688596430344,45.562601365552034,46.457688596430344,19926100
2021-09-29,46.02317810058594,46.19698230927435,45.675572998248676,45.74509269270031,13941500
2021-09-30,45.597354888916016,46.34471056115892,45.562593389035165,46.20566456163551,17672000
2021-10-01,46.0753173828125,46.2317408290285,45.6842587672725,45.86675168284472,16277400
2021-10-04,46.049251556396484,46.51851861712869,45.53653095658053,46.110082533066205,18973400
2021-10-05,46.12746047973633,46.46637684771966,45.997106500493786,46.07531822503143,17173100
2021-10-06,46.67494201660156,46.727084274412256,45.63212006566489,45.858066534471625,21284500
2021-10-07,46.82267379760742,47.170278882595646,46.7618428248585,46.91826627336699,13774400
2021-10-08,47.03123474121094,47.265869906767755,46.840053110602604,46.926953550421004,13786800
2021-10-11,47.126827239990234,47.26586993279982,46.93564229423732,47.10944648900912,12378500
2021-10-12,47.126827239990234,47.648239824305655,47.11813852201932,47.29193940175184,19474400
2021-10-13,47.135520935058594,47.300633102642266,46.744462311792624,47.074686646959975,12143300
2021-10-14,47.45705032348633,47.6308545015759,47.19634571387145,47.265865396083896,13704000
2021-10-15,47.34407043457031,47.69167874173384,47.178958311938814,47.48311309442803,17867000
2021-10-18,46.874813079833984,47.26587170396463,46.80529338834377,47.23111020069981,15861800
2021-10-19,47.05730056762695,47.10075078111191,46.72707297807145,46.96170810893677,11068500
2021-10-20,47.47443389892578,47.58740380362592,47.022544335007744,47.083375303704486,12474800
2021-10-21,47.23110580444336,47.50919117459896,47.10944386938017,47.44836020706737,14388300
2021-10-22,47.3180046081543,47.387524285906444,46.98777702247502,47.26586236356112,12828600
2021-10-25,47.126827239990234,47.33539293672426,46.94433432724752,47.25718121482891,11855000
2021-10-26,47.335384368896484,47.43097682447046,47.12681870991339,47.20503041765222,12086700
2021-10-27,48.247859954833984,48.734511028506326,48.03060554400442,48.638918557335046,24019800
2021-10-28,48.69974899291992,48.760579962081735,48.33475986290985,48.44773308351287,15928000
2021-10-29,48.98651885986328,49.073422604764,48.47379836758524,48.55201008047643,24463700
2021-11-01,48.812721252441406,49.01259823508536,48.578089397239005,49.003906201906396,11651100
2021-11-02,48.751888275146484,49.09949665714194,48.6389183687813,49.07342718875601,11498900
2021-11-03,48.9170036315918,48.951765132716204,48.4738027798536,48.664987720998646,10788300
2021-11-04,49.18639373779297,49.21246651943846,48.69105398203547,48.760576979704794,10820200
2021-11-05,49.394962310791016,49.67304768768888,49.17770790289961,49.394962310791016,12886700
2021-11-08,48.95176315307617,49.43841088898073,48.77795896952209,49.31674895500459,12828000
2021-11-09,49.09081268310547,49.11688215401055,48.7432042675199,49.02128967397254,10155800
2021-11-10,49.29069519042969,49.464496114313015,48.917017237008295,49.13427170690259,8813600
2021-11-11,49.308067321777344,49.42972927323288,49.160332584267366,49.38627904986155,7257700
2021-11-12,49.195091247558594,49.525318893178515,49.142948993500916,49.316753191987154,10162500
2021-11-15,49.20377731323242,49.255919564479214,48.89962246855743,49.12556559388183,10289200
2021-11-16,48.85617446899414,49.481864937177406,48.83010168466698,49.203779547976104,13756500
2021-11-17,48.58677673339844,48.70843867412862,48.36083360276226,48.69974995623615,13288700
2021-11-18,48.15226745605469,48.6041570281258,47.91763229468858,48.517256589859485,15380100
2021-11-19,47.9089469909668,48.22179389508238,47.7090733166795,48.17834035781341,15813700
2021-11-22,48.20441436767578,48.682373454420436,47.8654979846212,47.88287542192286,16905600
2021-11-23,48.56071090698242,48.760584583893454,48.230483246632254,48.36952594861556,13835900
2021-11-24,48.16965103149414,48.525948153342846,47.8220426279659,48.41297492494026,12598900
2021-11-26,46.69232177734375,47.57872025105863,46.561971108145386,47.43967754822332,14754300
2021-11-29,47.43098831176758,47.561338979542754,46.86612547295668,46.97040667018472,22712500
2021-11-30,45.93343734741211,46.966830470373075,45.924677910020314,46.94055549894422,30485200
2021-12-01,45.80208206176758,46.8705064755581,45.784566524078706,46.39759698020027,18719600
2021-12-02,46.47640609741211,46.71286079863072,45.98598116072759,46.06479939446713,17074200
2021-12-03,46.88801193237305,46.94931463073046,46.397587004767196,46.70410383730079,21064400
2021-12-06,48.08780288696289,48.385560314837925,47.41346979028277,47.56235017459372,26624100
2021-12-07,48.35052490234375,48.53443300108741,48.03525196692801,48.18413233787281,23832700
2021-12-08,48.166622161865234,48.47313569386923,47.606138365773944,48.271712038445614,18026300
2021-12-09,48.044010162353516,48.280464857802244,47.80755546690478,47.947676396717384,13846400
2021-12-10,49.28759002685547,49.32262109949181,48.22792513520844,48.385561621325,23153600
2021-12-13,50.583702087402344,50.73258245348154,49.88309744312323,49.90061297682352,31362800
2021-12-14,50.618743896484375,50.94277298683493,50.26844317038158,50.26844317038158,24806600
2021-12-15,50.846439361572266,51.01283194550673,50.48737921884751,50.73259004585555,24923800
2021-12-16,51.363128662109375,51.564552289948466,50.70631117712458,50.77636997166812,24696900
2021-12-17,50.55743408203125,51.59958335631854,50.531162449970466,51.22301104737599,51874400
2021-12-20,50.39104461669922,50.60122436763244,49.91813516597911,50.09328718558806,20879500
2021-12-21,50.592464447021484,50.76761645339526,50.38228137122362,50.45234351007179,15864900
2021-12-22,50.9515266418457,50.960282739186724,50.34725570291152,50.5399199111351,12447400
2021-12-23,50.98655700683594,51.3281015911028,50.74134285497386,51.24928335313762,11027300
2021-12-27,51.363128662109375,51.3981563890079,50.79388550549062,50.79388550549062,9860000
2021-12-28,51.56455612182617,51.61709938645181,51.056615625466755,51.144193301087384,8979900
2021-12-29,51.62586975097656,51.75723128109,51.371899449044164,51.62586975097656,9996000
2021-12-30,51.47697830200195,51.87106948932395,51.4594627669269,51.72219245230605,7703900
2021-12-31,51.85355758666992,51.976163000037296,51.406923103582045,51.450710273963686,10021300
2022-01-03,51.932376861572266,51.94113630027082,51.12668222015033,51.51201400421121,20187300
2022-01-04,52.79936981201172,53.01830897692395,52.18633948210818,52.30894487993958,26141600
2022-01-05,53.23725128173828,53.59631139974163,52.58918984544733,52.62422091567856,22507300
2022-01-06,52.95701217651367,53.52625206424113,52.93073720208998,52.95701217651367,17902300
2022-01-07,52.83440017700195,53.175944735199955,52.59794548115415,52.79060967200509,12307900
2022-01-10,52.92198181152344,53.26352641687258,52.70304261929994,53.02707168838157,20954300
2022-01-11,52.939491271972656,52.9745223404872,52.40527916973886,52.921975737715385,19369600
2022-01-12,53.018314361572266,53.149675869413024,52.71179749511675,53.00955492326809,15753800
2022-01-13,53.33359146118164,53.45619688097217,52.88695361394797,53.01831847272191,14318000
2022-01-14,53.76271057128906,53.81525718308572,52.86068211696957,53.368619334682,19729600
2022-01-18,53.33359146118164,53.58755839899897,52.93950022560697,53.473712418191845,21976700
2022-01-19,53.42116165161133,53.578798133580754,53.035829884989894,53.123404223529846,18654700
2022-01-20,53.20221710205078,53.80648799486211,53.17594547128619,53.421156267079795,23002400
2022-01-21,52.939491271972656,53.68388310380058,52.895704106702766,53.49121890846373,26643200
2022-01-24,52.5103759765625,52.85192058786608,51.293074581097116,52.45783270759088,30185100
2022-01-25,52.38776397705078,52.58918761120284,51.39815799991538,51.98491670874667,19027100
2022-01-26,52.195098876953125,52.851916413193706,51.8535542926275,52.36149479087866,19190200
2022-01-27,52.23888397216797,53.35985138215533,52.10751914223353,52.44030759485342,18893800
2022-01-28,53.28104019165039,53.324827360498084,51.61710104946344,52.01119225058633,19101500
2022-01-31,53.42991638183594,53.54376569162185,52.67676840372432,52.808129908172575,22045300
2022-02-01,53.035831451416016,53.54376864329419,52.685527405416124,53.342344986105694,20841700
2022-02-02,53.57879638671875,53.657614625133704,53.035828155830615,53.08837142094274,20225600
2022-02-03,53.95536804199219,54.10424506976433,53.06209585311977,53.36860934603096,19440500
2022-02-04,53.386138916015625,54.01668494235158,53.044594265332776,53.8502923368451,17403700
2022-02-07,53.94661331176758,54.05170652486125,53.29855520142395,53.75394910258945,17846400
2022-02-08,54.296913146972656,54.585914449539075,54.069217884349314,54.148036117708656,18771700
2022-02-09,53.45619201660156,54.57715957067812,53.333586607967796,54.445794723858036,23595600
2022-02-10,53.753944396972656,54.559638915679535,52.72055127724234,52.86067220835426,23561500
2022-02-11,52.79936981201172,54.27939736414962,52.67676441418032,54.09548926740251,22781400
2022-02-14,53.14092254638672,53.23725632828107,51.91486169804476,52.68552861245248,23641300
2022-02-15,53.342342376708984,54.1042497976288,53.09713156095245,53.38612954513025,13408700
2022-02-16,53.33359146118164,53.77146986943191,53.035834009941574,53.29856038674231,15484700
2022-02-17,54.402008056640625,54.54212900219182,52.9044648246722,53.027070234436145,21468700
2022-02-18,54.76982879638672,55.01503962115151,54.28816324456434,54.4020092184926,21975000
2022-02-22,54.542137145996094,54.85741015574709,54.05171543371442,54.67350201364147,21731400
2022-02-23,53.9378547668457,54.585916188529055,53.71891559395556,54.50709795265874,19248500
2022-02-24,52.992034912109375,53.08836868083846,51.862311340800325,52.51912884677501,27207400
2022-02-25,55.04131317138672,55.08510368368817,53.351102291560004,53.368617828331175,21487800
2022-02-28,54.50710678100586,54.594681128047405,53.78022700572173,53.9904101156675,25879100
2022-03-01,54.27064895629883,54.95373817856304,53.867798296818926,54.419526005973026,15871100
2022-03-02,54.673492431640625,55.06758362476149,54.104249225938624,54.49834041905949,17319100
2022-03-03,54.708526611328125,55.190192167738665,54.550890125121484,54.831132024878414,21262800
2022-03-04,54.79609298706055,54.81360852084267,53.59630731933038,53.82400257700498,17163000
2022-03-07,53.49123001098633,54.35822742182067,53.1759570104112,54.30568080814239,29151400
2022-03-08,51.371883392333984,53.894063403003386,51.3105806959589,53.81524517327164,30242100
2022-03-09,51.634620666503906,52.40528759397702,51.37189429190426,52.3877720569041,23022700
2022-03-10,50.688804626464844,51.371893862868475,50.356016106352804,51.21425737127578,20887300
2022-03-11,50.72382736206055,51.53828137479725,50.67128409720447,50.75885843246243,19855600
2022-03-14,51.659236907958984,52.10046714454971,51.15623470755112,51.15623470755112,17799400
2022-03-15,52.61229705810547,52.850561810607665,52.047522844612786,52.13577091942092,18607200
2022-03-16,52.47110366821289,52.89468432965212,51.72101354476589,52.75349077583905,17347300
2022-03-17,53.02705001831055,53.07117236874747,52.26813347204514,52.471098977110614,15586200
2022-03-18,53.03586959838867,53.21236235466391,52.691710575127594,53.21236235466391,30197800
2022-03-21,53.45945739746094,53.91833388386905,53.1682438237547,53.38885894335534,17440100
2022-03-22,53.65360641479492,53.785976857757355,53.00058742419141,53.76832724094102,17559500
2022-03-23,53.30061721801758,53.81244257358203,52.94763166042021,53.60947705617546,15529200
2022-03-24,53.81243896484375,53.84773819150023,53.353559117268205,53.5124022709028,13151300
2022-03-25,54.29779052734375,54.368388979328,53.87420991439665,53.93598187672313,12259800
2022-03-28,54.64195251464844,54.659602128597264,54.01540636790362,54.297793458445504,11485200
2022-03-29,54.85374450683594,55.1802539490372,54.48311271292958,54.89786685854103,14720600
2022-03-30,54.897865295410156,54.897865295410156,54.32426800693694,54.72137252729549,13641000
2022-03-31,54.71255111694336,55.27732529953937,54.71255111694336,54.90669350458061,16822900
2022-04-01,55.48029327392578,55.55089173304416,54.79197512912066,55.00376714015598,12644900
2022-04-04,55.18907928466797,55.409694404898026,54.46546195961894,55.242024759078646,11505800
2022-04-05,55.12731170654297,55.80680673487428,55.039063631637696,55.065539737269205,15721200
2022-04-06,55.68325424194336,55.82444778231681,54.97728654007609,55.39204403768791,19267400
2022-04-07,55.98329544067383,56.186260960897144,55.33909965049033,55.70973482774319,13960800
2022-04-08,56.32746124267578,56.51277715920887,55.736210895134946,56.01859801546728,12703500
2022-04-11,56.30980682373047,56.742213958410744,56.159786785295374,56.398051528937195,12720100
2022-04-12,56.971649169921875,57.19226430051499,56.3804022357658,56.812806006589256,18089900
2022-04-13,57.12166976928711,57.24521369773869,56.68043952977741,56.86575542245478,11883000
2022-04-14,57.37758255004883,57.86293855026908,57.201093131408605,57.324637070984714,16388400
2022-04-18,56.865760803222656,57.518779734348186,56.636319171828355,57.156967672047955,11679400
2022-04-19,57.421714782714844,57.580557970559944,56.86576699157727,56.91871247664546,11993800
2022-04-20,58.20709228515625,58.45418014162198,57.71291657222478,57.74821579923976,14827100
2022-04-21,58.427711486816406,59.12485612063316,57.99530770778967,58.22474933309838,15120400
2022-04-22,57.58055877685547,58.54243767647951,57.51878679919742,58.31300274954424,14902200
2022-04-25,58.18944549560547,59.301340839337705,57.16578811962954,59.124851438546926,25082000
2022-04-26,57.404056549072266,58.568904105899556,57.395230059189885,57.818807316596654,21982600
2022-04-27,57.85409164428711,58.48946409940852,57.35991606036485,57.35991606036485,16971000
2022-04-28,58.410057067871094,58.48947527361515,56.91869681093856,57.05989370911288,22010600
2022-04-29,57.01576232910156,58.26885437899351,56.90986466599483,58.127664227489205,20137100
2022-05-02,55.98329544067383,57.633495707755394,55.22438220405094,57.60702296878012,24970300
2022-05-03,55.66560363769531,56.424516753848906,55.3037916420947,56.23037775498137,21686300
2022-05-04,57.38639831542969,57.46582325182134,55.54205595825435,55.59500479374237,19780200
2022-05-05,56.927528381347656,57.38640487609424,56.48629813412855,57.086371539652106,20155200
2022-05-06,57.13048553466797,57.63348770325692,56.53923867087087,56.65395610137759,18984000
2022-05-09,57.01576232910156,57.67760757508311,56.51276021146111,56.892218421796045,20055300
2022-05-10,56.48629379272461,57.64231479714503,56.34509689279971,56.9186975166268,21322200
2022-05-11,56.75103759765625,57.536426973201024,56.44217774198807,56.76869057948866,19648400
2022-05-12,56.927528381347656,56.94517462887514,55.78032704552228,56.618668554822136,22574700
2022-05-13,57.995304107666016,58.06590256224616,56.58336867925913,57.19226183525508,16167000
2022-05-16,58.20709228515625,58.57772406985485,57.74821579923976,57.74821579923976,13223200
2022-05-17,58.04825210571289,58.330639203669996,57.368760465598434,58.330639203669996,21300600
2022-05-18,54.006587982177734,57.8188140389461,53.79479596253063,57.730569327779776,31437300
2022-05-19,52.9476318359375,53.79479313739576,52.647595120881064,53.79479313739576,31493900
2022-05-20,53.81243896484375,54.041880571791296,52.647591415736414,53.380035220420325,29133800
2022-05-23,55.471466064453125,55.68325469357128,54.350740855884226,54.403689696323546,19406900
2022-05-24,56.4951171875,56.64514058649067,55.3743953358918,55.48911614130855,16154200
2022-05-25,56.53924560546875,56.89223116223405,56.12448808121749,56.47747363798279,15360500
2022-05-26,56.74221420288086,57.44817858021568,56.442174124717965,56.53924532065542,16159800
2022-05-27,57.07754898071289,57.20991941052332,56.601019472979175,56.70691716335547,17709000
2022-05-31,55.93034744262695,56.75985910090104,55.63913386174115,56.54807046600197,43159000
2022-06-01,55.656776428222656,56.19507780376876,54.827264874984586,55.9656362176413,15408300
2022-06-02,56.23920822143555,56.24803471172529,54.809623129592104,55.75385561141114,14586000
2022-06-03,55.568538665771484,56.15096246010778,55.42734512066934,56.09801361832461,13539900
2022-06-06,55.48029327392578,56.27450910740846,55.294977368219755,55.88622768121682,15112800
2022-06-07,55.81563186645508,55.92152619382975,54.90669854332255,55.04789210192877,17886300
2022-06-08,55.49794387817383,55.780330987042376,55.20673364491809,55.58619195364517,10211500
2022-06-09,54.53606033325195,55.90387348782132,54.51841071861186,55.48029283541841,13382200
2022-06-10,54.19189453125,54.615475131031026,53.353556454752,53.83890901493946,14967600
2022-06-13,54.13013458251953,54.96847284504787,53.538884216446654,53.60948268190257,23064200
2022-06-14,52.64577102661133,54.12123907568246,52.139134632033006,53.97902541037348,24620000
2022-06-15,53.03684997558594,53.8990221022367,52.41466740031294,53.33016752447812,19684700
2022-06-16,52.50355529785156,52.9035322753889,51.774709867957355,52.12135545160935,15053800
2022-06-17,52.823543548583984,53.44572965989642,52.55689332677623,53.06352976540342,34781900
2022-06-21,53.95235824584961,54.112349033776184,52.450222891499166,52.87686725306404,17705000
2022-06-22,54.35234069824219,54.61899090813674,53.61460494720451,53.86347802435391,15207100
2022-06-23,55.00118637084961,55.02785037250644,54.42344147024999,54.485659734543354,17190900
2022-06-24,56.03224563598633,56.05002277028155,55.20562753978773,55.20562753978773,18147100
2022-06-27,55.916683197021484,56.25444189026369,55.66781015496981,55.978901457534405,12142100
2022-06-28,55.356719970703125,56.672197199703646,55.20561943733308,56.067791675582264,13150100
2022-06-29,55.75669860839844,56.094457339155404,55.4900484064919,55.5878209383406,11795500
2022-06-30,55.916683197021484,56.09445110876164,55.25005607097657,55.39226972224052,15514200
2022-07-01,57.22327423095703,57.28549249600669,55.836691877689,56.10334206942199,15143200
2022-07-05,56.24555969238281,57.04551371456303,55.48115993577536,57.04551371456303,15921200
2022-07-06,56.36111068725586,56.96551626301726,56.16556561264274,56.5299883667408,13450500
2022-07-07,55.916683197021484,56.51220519275487,55.73002841548272,56.22777449958608,14828400
2022-07-08,56.12112045288086,56.36999351863125,55.89002451906139,56.02334792258143,11311500
2022-07-11,55.9433479309082,56.40554315123921,55.632256624262794,55.98779245240693,12702100
2022-07-12,55.7033576965332,56.39665217183143,55.52559318605537,55.99667524197489,14731100
2022-07-13,55.44561004638672,55.99668760999436,55.09007416562224,55.40116890895152,13145300
2022-07-14,55.26782989501953,55.33004815181047,54.485653164538235,54.51232055362057,14433000
2022-07-15,55.55226135253906,55.970015442915255,55.17006152318231,55.774470397949216,21968400
2022-07-18,54.79676055908203,55.60560147576085,54.67232062597326,55.570047209158346,10780800
2022-07-19,55.57892608642578,55.68558887089171,55.045625726660134,55.18783938197371,10998200
2022-07-20,54.663421630859375,55.623366272372266,54.35233034368802,55.46337549878678,11010500
2022-07-21,54.53898239135742,55.001177559665265,54.03234609719395,54.45009674900559,11959600
2022-07-22,54.743431091308594,54.99230418502696,54.503444869233775,54.55677627101982,11644700
2022-07-25,55.2767333984375,55.37450594299995,54.49455982322132,54.70787865622874,14941700
2022-07-26,56.18333435058594,56.70774783452609,55.578925474497595,55.77447051989116,20118000
2022-07-27,56.00558090209961,56.16557172772196,54.92120278366594,55.89003460964934,12142900
2022-07-28,56.93885040283203,57.10773146745442,55.89891357404538,55.92557757766308,10837000
2022-07-29,57.036624908447266,57.14328770788763,56.55665587353152,56.62776101585029,13734200
2022-08-01,57.34770965576172,57.80990828546438,56.91218180880827,56.96550981174236,12831500
2022-08-02,56.565528869628906,57.418810711997814,56.37887410235583,57.40992045223778,15241900
2022-08-03,56.814414978027344,56.97440578415031,56.27222768021219,56.4855464946152,11317000
2022-08-04,56.592201232910156,56.645532627431734,55.92557405927558,56.56553723096994,11795600
2022-08-05,56.33443832397461,56.55664737010349,55.70336205608144,56.55664737010349,10445400
2022-08-08,55.97001647949219,56.71663902152356,55.77447143090461,56.44109857948116,9165200
2022-08-09,56.04111862182617,56.27221791976011,55.863350713563335,56.15666827079314,7910900
2022-08-10,56.57442855834961,56.69886509060417,56.08556590929067,56.55665142650736,8857300
2022-08-11,56.19222640991211,56.87663070005665,56.06778988272966,56.609977123933035,8507800
2022-08-12,56.618873596191406,56.67220160475363,56.07668290486588,56.37888738573709,9489300
2022-08-15,57.32993698120117,57.498818035342175,56.50331901394186,56.56553727894924,9863300
2022-08-16,57.801021575927734,57.9787928987675,57.178838899194986,57.39215770532013,9569600
2022-08-17,57.667686462402344,57.96989427700487,57.56103046536277,57.62324872406305,8144000
2022-08-18,57.969905853271484,58.085452133565504,57.51659743148534,57.73880651140049,6532000
2022-08-19,57.925445556640625,58.19209909246509,57.738790794075946,57.96099981350263,8921100
2022-08-22,57.06327819824219,57.70324131215291,56.87662681087267,57.63213279254468,9087900
2022-08-23,57.12550735473633,57.214396411843765,56.601097180473865,56.72553372288472,8443800
2022-08-24,57.20549392700195,57.40103896080422,56.92995689643411,57.09883115003302,6844700
2022-08-25,57.48104476928711,57.516599036819834,56.79664376781074,57.2055076725124,7913900
2022-08-26,56.09445571899414,57.59659113648145,55.978906058270226,57.534372870855,10089500
2022-08-29,55.75669860839844,56.02334881030498,55.472271274279294,55.72114434397323,9115900
2022-08-30,55.24116897583008,55.91668296891793,55.09895532514627,55.91668296891793,8456800
2022-08-31,54.85008239746094,55.57892782760644,54.841195527130864,55.445604428808764,14633600
2022-09-01,55.107845306396484,55.14339956873512,54.476772407770646,54.7345357237641,14939700
2022-09-02,54.35234069824219,55.79225454418585,54.130131624889835,55.454495803310685,11809800
2022-09-06,54.37899398803711,55.08117533523745,54.210116346193274,54.47676650355117,12181800
2022-09-07,55.38338851928711,55.54337931715947,54.50343913098914,54.50343913098914,13290700
2022-09-08,55.214500427246094,55.374491204739996,54.52120931853306,55.17894955830142,17193500
2022-09-09,55.392276763916016,55.890026301936075,54.98341288838596,55.258949965501664,11855900
2022-09-12,55.55226135253906,55.82780178947839,55.34782943763863,55.49004309107549,13026900
2022-09-13,53.747928619384766,55.303392042324475,53.57904756345524,55.28561491061394,18532800
2022-09-14,54.032352447509766,54.290115754663645,53.72125774867685,53.89902566363266,12881600
2022-09-15,53.298194885253906,54.07712276848715,53.145992706111,54.07712276848715,11451900
2022-09-16,53.30714416503906,53.53992494763096,52.92215780449908,53.41458118659214,20493500
2022-09-19,53.71004104614258,53.808522997205046,53.029598559228184,53.17284906983728,12596200
2022-09-20,53.629459381103516,53.745848066316185,53.11017417497419,53.43248865941841,11984600
2022-09-21,53.18180465698242,54.34571549374325,53.172849578842744,53.8443369941311,14165300
2022-09-22,53.056461334228516,53.477261238035034,53.00274452292512,53.31610397340113,11657600
2022-09-23,52.465553283691406,52.913211599816286,51.92836467048631,52.78786781775923,14824000
2022-09-26,51.81196212768555,52.4386843272394,51.650804893075666,52.36706078705791,18670100
2022-09-27,50.47794723510742,52.25962522840819,50.41527535084226,51.99998602875033,23829300
2022-09-28,51.01513671875,51.256872597612706,50.05714828142093,50.72863569536345,21480100
2022-09-29,50.6480598449707,51.29268889060177,50.13772965563338,51.113624887330715,14570700
2022-09-30,50.1556396484375,51.14944168641344,50.13773290541356,50.91665744246415,16124600
2022-10-03,50.71968460083008,50.898745180931535,50.19144769266284,50.46004197817667,16277600
2022-10-04,50.8360710144043,51.75824935429532,50.54957000065994,50.98827659909682,18861400
2022-10-05,50.352603912353516,50.71968355859705,49.69901983003938,50.58538471091901,14324900
2022-10-06,49.26927185058594,50.2272603480193,49.12602132990511,50.13773005335446,17192800
2022-10-07,48.8036994934082,49.322984687684894,48.57091871293468,49.2334544064323,11479800
2022-10-10,48.69626998901367,49.20660018471686,48.36500379881518,48.884285657880774,10239100
2022-10-11,48.77684783935547,49.439383624500984,48.56197376848142,48.75894109755567,14303900
2022-10-12,49.36774826049805,50.17353442762657,49.27821798208875,49.4483268772109,18377400
2022-10-13,50.02132797241211,50.20934701832874,48.57986797409773,48.776838681552704,16220700
2022-10-14,49.2244987487793,50.55852178202839,49.18868527055594,50.397364545384576,15997900
2022-10-17,49.860172271728516,50.334692316488166,49.752735253166115,49.806455470127936,13721400
2022-10-18,50.53166961669922,50.836077409013875,50.22726182438457,50.4152809132862,11823100
2022-10-19,50.1019172668457,50.62120254614415,49.895994853960346,50.41528013325879,10182300
2022-10-20,49.31403732299805,50.066099947922744,49.20659687769886,49.93180451434116,16905100
2022-10-21,50.1019172668457,50.23621612607444,49.23346246734866,49.24241413079504,15034100
2022-10-24,51.54337692260742,51.6866274434766,50.6480603133346,50.71073220275475,17416700
2022-10-25,52.77891159057617,52.92216210273526,51.704531041702246,52.85949021712575,28829900
2022-10-26,53.172847747802734,53.522020645270835,52.698331083588286,52.832626512804445,15831400
2022-10-27,53.298194885253906,53.5757442544319,53.16389944754459,53.51307236709521,16026100
2022-10-28,54.39942169189453,54.533720514905234,53.24446615851844,53.33399643028495,12888900
2022-10-31,53.58469009399414,54.229319054099406,53.42353285396782,54.175598835636855,14016400
2022-11-01,53.39667510986328,53.978632196608245,53.15493924684744,53.74584799576571,10659500
2022-11-02,52.653568267822266,53.92491614714235,52.617754785637054,53.396679238676285,14549200
2022-11-03,52.626708984375,52.82367973052324,52.01789341933664,52.02684849799527,9194000
2022-11-04,53.056461334228516,53.35191745784463,52.4297424332765,53.09227481867202,9725900
2022-11-07,53.26237869262695,53.5130662131449,53.03854957348984,53.05645289750285,8849700
2022-11-08,53.360862731933594,53.530975054990336,52.76995397081765,53.49516157483508,10081600
2022-11-09,52.61775588989258,53.3966803592786,52.59984914842418,53.35191521328846,10115200
2022-11-10,54.50687026977539,54.65012077524628,53.432489771063004,53.94281991026313,16804800
2022-11-11,54.900814056396484,55.01720617158317,53.907012076378834,54.94557920366465,18972100
2022-11-14,54.3725700378418,55.25893486586357,54.35466329819515,54.90080690365326,16361000
2022-11-15,54.28303909301758,55.01719833277082,53.7189887547911,54.73069733264084,13295800
2022-11-16,54.1845588684082,54.641168813333614,53.97863646851152,54.42629475055518,14199500
2022-11-17,54.35466384887695,54.38152566629976,53.83538205530852,53.88909885943133,11212600
2022-11-18,54.73965072631836,54.945573113215886,54.4352429771304,54.605355299399854,10415600
2022-11-21,55.58125686645508,55.69764556685849,54.79337729224411,54.98139296092207,15399400
2022-11-22,55.82299041748047,55.957289277892166,55.55439611201896,55.930430871954584,12319600
2022-11-23,56.07367706298828,56.21692757585601,55.77822095905767,55.948333291149225,8990400
2022-11-25,56.12739181518555,56.23483225742282,55.84984587780967,56.163205295931306,5165500
2022-11-28,56.13633728027344,56.49446178032133,56.010993534488634,56.12738220393972,12267500
2022-11-29,55.93938064575195,56.01995927620451,55.49172234665148,55.97519412936682,10969600
2022-11-30,57.35499572753906,57.4181120953908,55.677895805572184,55.91232753765233,30433900
2022-12-01,57.51729202270508,57.80582495310516,57.19269161610902,57.35499181940705,12001400
2022-12-02,58.022220611572266,58.175502219901674,57.16564044345624,57.35498952653976,13643500
2022-12-05,57.22876739501953,57.526315517844786,57.03941483731145,57.1746661728766,9185100
2022-12-06,57.20171356201172,57.59844896813939,57.012364448860374,57.27384852297466,10099500
2022-12-07,57.291873931884766,57.45417413086559,57.030389895795246,57.21072383239436,12307600
2022-12-08,57.53532409667969,57.571388132248714,57.120555011590284,57.3459715719195,9946200
2022-12-09,56.931209564208984,57.562376661377904,56.88612693717919,57.35499382537371,13914900
2022-12-12,57.679588317871094,57.71565579162328,56.81398614573665,57.07547017106459,11647900
2022-12-13,57.697635650634766,58.33781454287817,57.526316829734064,58.23863068647975,17521600
2022-12-14,57.697635650634766,58.29273534944088,57.31893396616664,57.87796962230604,12826700
2022-12-15,56.9041633605957,57.6074620062765,56.34513119196697,57.336962791751894,12212300
2022-12-16,56.579551696777344,56.93120094981839,56.200853559528056,56.579551696777344,33631500
2022-12-19,56.660709381103516,57.1746588874264,56.32709381936043,56.65169423168728,10919700
2022-12-20,56.61563491821289,56.940235377343605,56.579567436179616,56.64268380994565,10286500
2022-12-21,57.52631378173828,57.751733814071954,56.868097743660044,56.868097743660044,10411300
2022-12-22,57.111549377441406,57.33696597532528,56.48940080553227,57.1836809001804,9666700
2022-12-23,57.54434585571289,57.589428485040564,56.98531368496465,57.25581290051482,6463300
2022-12-27,57.895992279052734,57.96812723403006,57.44515912919638,57.643526815800044,7320700
2022-12-28,57.31892776489258,58.29272904281229,57.246796247778555,58.12141024044639,7159400
2022-12-29,57.661556243896484,57.84189017827446,57.436139685819946,57.52630493321708,7169300
2022-12-30,57.35499572753906,57.63451008814416,56.95826034151778,57.63451008814416,7650200
2023-01-03,56.7598991394043,57.30991617989516,56.06561561612765,57.30991617989516,12180500
2023-01-04,56.732845306396484,57.102531813300864,56.36316223907628,56.940231594517925,13387900
2023-01-05,56.083648681640625,56.62464712568208,55.97544968074918,56.44431316447352,9814700
2023-01-06,57.16564178466797,57.40908864601066,56.42627573278035,56.723823807523516,9990000
2023-01-09,56.45333480834961,57.45418507959667,56.42628591655949,57.07548339661305,9442600
2023-01-10,56.020530700683594,56.56152912917249,55.83117815508677,56.444311541819054,10134600
2023-01-11,55.91232681274414,56.40824603884111,55.37132839829076,56.24594582658829,10823000
2023-01-12,55.19099807739258,56.065615563222195,54.97460007321024,56.00249919203699,13907300
2023-01-13,55.38936233520508,55.416411224149144,54.631962488514894,54.73114633408852,13986400
2023-01-17,55.614776611328125,56.24594369735309,55.506577620450216,55.65985923756193,18327800
2023-01-18,53.92866516113281,55.53363014945989,53.81144757357217,55.461495191088986,19679400
2023-01-19,53.84750747680664,54.677038743858205,53.838488888487056,53.85652262554257,14894500
2023-01-20,54.172115325927734,54.18113047590535,53.55898193992627,53.847514893387654,14237700
2023-01-23,54.3073616027832,54.613928286693664,54.14506139132566,54.35244423050273,12613400
2023-01-24,54.59589767456055,55.768063260321995,53.919647901284605,54.17211682222489,10103300
2023-01-25,54.938533782958984,54.9475489335018,54.00079990562707,54.28031772663495,11265800
2023-01-26,54.8303337097168,55.09181434537334,54.61393226547992,54.8303337097168,11884800
2023-01-27,54.54179382324219,54.965574628408795,54.43359139506091,54.85737563981135,14087000
2023-01-30,54.677040100097656,55.15492210537955,54.51473990215593,54.58687485216725,15632000
2023-01-31,55.290184020996094,55.30821776195763,54.55983299018388,54.98361730381886,14344400
2023-02-01,55.2991943359375,55.524610904847236,54.65900866615009,55.12787554223242,12535400
2023-02-02,54.352447509765625,55.01968213485687,54.018831917012115,54.82131443342192,16947200
2023-02-03,53.946693420410156,54.4786732062244,53.40569160633988,54.415556843853764,15404400
2023-02-06,54.253257751464844,54.40654280576923,53.847510682106346,53.910627045765835,11330900
2023-02-07,54.1630973815918,54.31638244971025,53.68521531665057,53.802429465676504,14922700
2023-02-08,53.84750747680664,54.02783796819444,53.73028990573765,54.02783796819444,11012000
2023-02-09,53.757347106933594,54.38851424317334,53.73931336708855,54.235232613866756,12515300
2023-02-10,53.757347106933594,54.00981602518,53.09011593058794,53.8475158061588,14420700
2023-02-13,54.64097213745117,54.78523859660257,53.85652348078943,54.00980852840362,16191800
2023-02-14,53.73030090332031,54.91148512534506,53.70325201199247,54.28933310812991,20505700
2023-02-15,53.73030090332031,54.03686761684513,53.405700449048815,54.009818725517285,13171400
2023-02-16,53.39667892456055,53.93767732404504,53.15322861291734,53.40569407406558,16538300
2023-02-17,54.20818328857422,54.30736714342672,53.54095207525,53.64915108073256,16814700
2023-02-21,53.91964340209961,54.30736018159253,53.84751188755279,54.09096219836815,14278300
2023-02-22,54.081939697265625,54.42457382543418,53.87455687851677,53.964722125074125,12409600
2023-02-23,54.18112564086914,54.47867371775543,53.92866018901607,54.10899068914894,12222800
2023-02-24,53.955711364746094,54.018827730386555,53.54996084306889,53.8114448947702,9736200
2023-02-27,53.93767547607422,54.370474868750364,53.86554396375344,54.26227588047728,8849800
2023-02-28,53.65815353393555,53.829472311625885,53.32453800621874,53.829472311625885,16082200
2023-03-01,53.072078704833984,53.360611644234716,52.630260706610635,53.31552901737535,13275800
2023-03-02,53.84750747680664,53.90160524838952,53.017972770171426,53.05404024428244,11758300
2023-03-03,53.59503936767578,53.811440775867545,53.387656547933176,53.694223203114355,13101800
2023-03-06,54.42457580566406,54.44260954354842,53.39667682334212,53.43274085952704,16282700
2023-03-07,54.10899353027344,54.61392790007619,53.874561804041015,54.54179638415237,13961200
2023-03-08,54.13603973388672,54.39752375864448,53.856521972292185,54.13603973388672,10851600
2023-03-09,53.61307907104492,54.586880356896756,53.450778856736285,54.586880356896756,13900900
2023-03-10,53.38766098022461,54.22621091726135,53.189296732462786,53.829478982153724,13745800
2023-03-13,53.92866516113281,54.88442928245831,53.42373077128891,53.45979825047436,21956000
2023-03-14,54.12702941894531,54.51474622123904,53.513896031112644,54.09998052934756,19496900
2023-03-15,54.48769760131836,54.53278023073245,53.41471588709272,53.58603125469993,21089900
2023-03-16,54.78752136230469,54.82386549234937,54.24237327550246,54.59671987852061,15658300
2023-03-17,54.53312683105469,54.832957279951124,54.18786448041464,54.79661661091071,27351200
2023-03-20,55.060096740722656,55.060096740722656,54.48769227549159,54.66032169843899,12904100
2023-03-21,54.805694580078125,55.19638532135852,54.40591953907899,55.03284019868454,13716500
2023-03-22,54.560386657714844,55.30542414276457,54.542214589059036,54.87839266023998,10494200
2023-03-23,54.4422607421875,54.86929561849909,54.260547018279446,54.596721566669885,15479000
2023-03-24,55.33267593383789,55.441704863953184,54.433177728976915,54.742095919276245,12975600
2023-03-27,55.741546630859375,55.85966335100018,55.378115634533046,55.550745097840455,12777400
2023-03-28,55.80513381958008,56.09588339958594,55.668848528230875,55.77787745450365,10925700
2023-03-29,56.20491027832031,56.2866828365377,55.959592603668156,56.077709291308146,9441000
2023-03-30,56.19582748413086,56.4138888139895,56.02319805305291,56.223087316592725,9870700
2023-03-31,56.359378814697266,56.559268100225374,56.21400573412254,56.38663865015777,14440900
2023-04-03,56.69554901123047,56.80457794003821,56.204913632644896,56.604688682251386,12300700
2023-04-04,56.52291488647461,57.00446595464395,56.40480166032841,56.68646000910313,11433400
2023-04-05,57.05897903442383,57.25886828907591,56.78640498369551,56.813661348978215,12789600
2023-04-06,57.09532928466797,57.27704649328486,56.67738213102636,57.113501352126406,9644200
2023-04-10,56.95903015136719,56.95903015136719,56.350281599089215,56.7773164417699,7952600
2023-04-11,56.859100341796875,56.97721358340726,56.69555519775591,56.92270084603863,9913000
2023-04-12,56.95903015136719,57.267948310036154,56.613771330358865,56.768228676709924,9593700
2023-04-13,57.37698745727539,57.386071757439176,56.768235367284454,57.022637363477365,9871400
2023-04-14,57.2861328125,57.376993152993634,57.040815092118585,57.2861328125,8946000
2023-04-17,57.65864944458008,57.72224994762649,57.367903297520066,57.53144843848726,9452400
2023-04-18,57.74950408935547,57.78584475468024,57.41332607385607,57.70407219225703,9035700
2023-04-19,57.85853958129883,57.994828356121815,57.63139393390553,57.903968017583985,9769500
2023-04-20,58.11294174194336,58.149285877448975,57.64047837827299,57.81311128894088,10706400
2023-04-21,58.19471740722656,58.39459975332511,57.96756829475456,58.14928550515166,12931100
2023-04-24,58.103843688964844,59.04876672669258,57.804009840959864,58.83070889720414,15532300
2023-04-25,58.01300048828125,58.303746657360826,57.81311466326888,58.303746657360826,12818900
2023-04-26,57.74041748046875,57.94030674061217,57.5950444183555,57.749505246457375,13179600
2023-04-27,57.85853958129883,57.931224386161574,57.340647782519504,57.72225080647584,13795800
2023-04-28,58.28556823730469,58.29465600316459,57.67681616547543,57.79493285988418,13687600
2023-05-01,58.42186737060547,58.776214050780865,58.203802542854824,58.2855785862452,9091500
2023-05-02,58.15837097167969,58.27648420769382,57.48601835959349,58.27648420769382,10948400
2023-05-03,57.83127975463867,58.31282738920821,57.76767925444901,58.16745085624063,11084600
2023-05-04,57.8948860168457,58.08568753640431,57.70408103131944,57.91305808527523,11938300
2023-05-05,58.167449951171875,58.34008284840112,57.813106788462456,57.82219108864793,9039000
2023-05-08,58.076595306396484,58.20379630966099,57.79493693230149,57.976654136665374,7240700
2023-05-09,57.59504699707031,57.922137267961816,57.49510236252376,57.82219263341526,9067700
2023-05-10,57.69498825073242,57.82218924507693,57.23161270476783,57.53144312487029,10134000
2023-05-11,58.02208709716797,58.08568760376125,57.24978978487172,57.76768507079482,9581500
2023-05-12,58.249229431152344,58.32191770080843,57.876710714083586,58.022083787428286,8740800
2023-05-15,58.094764709472656,58.376426536619334,57.88579114712534,58.34917017030319,8150000
2023-05-16,57.440582275390625,58.058418604440696,57.38606608189789,58.058418604440696,9129600
2023-05-17,57.37698745727539,57.62230168733727,56.99538099701877,57.60413308700971,11583000
2023-05-18,57.05897903442383,57.277040354586745,56.850005479999886,57.249780523336945,13595100
2023-05-19,57.086238861083984,57.331553080542776,56.88634960644797,57.27704034998176,14251400
2023-05-22,55.88690948486328,57.12258227114376,55.82330898550772,57.04989747158052,15055400
2023-05-23,55.78696823120117,56.03228246206366,55.577991201112404,55.886909397197954,13932700
2023-05-24,55.31450653076172,55.814226239312006,55.16913346162041,55.76879780507423,11090100
2023-05-25,54.88747024536133,55.178216376342185,54.651240313677114,54.94198644465797,14463600
2023-05-26,54.751182556152344,55.09644489321543,54.61489725418319,54.92381545766756,12570300
2023-05-30,54.31505584716797,54.69666226508861,54.07882594347757,54.59671764453876,15634200
2023-05-31,54.20603561401367,54.76935583306081,53.942545838697264,54.44226555556008,59432200
2023-06-01,54.514957427978516,54.66941481035998,54.305983840420716,54.46044122280218,13402700
2023-06-02,55.568904876708984,55.71427793627919,54.587637591101895,54.760267016226784,15259800
2023-06-05,55.19638442993164,55.823305079412364,55.014667244787844,55.42353004486963,12915600
2023-06-06,54.79661178588867,55.41444816275045,54.6239788927858,55.37810403094278,10943500
2023-06-07,54.7148323059082,54.84203328518866,54.35139796570684,54.52402737102078,16817900
2023-06-08,54.85111999511719,54.88746412392826,54.49677340412643,54.63306215418452,15585900
2023-06-09,54.94198989868164,55.12370364249297,54.66941235102966,54.76027268890282,12581500
2023-06-12,54.705753326416016,55.105531858032016,54.533123893379205,55.05101565845694,14208900
2023-06-13,54.92381286621094,55.12369865952801,54.55129417952395,54.70575154099474,13397800
2023-06-14,55.29633331298828,55.496222578635034,55.06009991432079,55.178216613654534,14099700
2023-06-15,56.056190490722656,56.12027535527753,55.2413942193566,55.48858019365246,15271400
2023-06-16,56.45902633666992,56.916777496172145,56.285082153310185,56.39494145372874,26738000
2023-06-20,56.08366775512695,56.724520045245804,56.06536078293169,56.385785181809105,13971800
2023-06-21,56.23930358886719,56.50480007996874,55.82732687722062,56.129444296549416,13948700
2023-06-22,56.623809814453125,56.85268536502466,56.38578077849877,56.58719238055813,15193400
2023-06-23,56.02873611450195,56.73367323734937,56.010425651164695,56.70620579616159,25112100
2023-06-26,56.04705047607422,56.11113535603002,55.287181910363955,56.0378934975868,12856100
2023-06-27,55.92803192138672,56.175217945005606,55.827326116316364,56.04704819032112,9068500
2023-06-28,55.40619659423828,55.88225818336625,55.29633730208997,55.73577796304718,11173200
2023-06-29,54.948448181152344,55.25056212256191,54.719572607334996,55.131549338679044,17142300
2023-06-30,55.13153839111328,55.250551151363574,54.811110555978445,54.93012680859215,19739200
2023-07-03,55.461116790771484,55.50689119556265,54.95758786097895,55.11322502810479,9694500
2023-07-05,55.873104095458984,55.937188976890944,55.07661807454454,55.18647737237588,14716600
2023-07-06,55.442813873291016,55.863944042445034,55.38788248465035,55.59844756922736,12603900
2023-07-07,54.71041488647461,55.38788811242378,54.682950935545605,55.213943935933344,14574000
2023-07-10,54.29843521118164,55.06745717723433,54.14279802553244,54.90266650648278,15480600
2023-07-11,54.49069595336914,54.52731688262138,53.868154125537245,54.435764559490785,15967700
2023-07-12,54.783653259277344,54.975907888274335,54.42660795046469,54.70125791936952,14241300
2023-07-13,55.25055694580078,55.35126274762293,54.91182210615119,55.03999185670164,11269800
2023-07-14,55.75408935546875,55.88225911383654,55.0125312633014,55.05830567809504,11634200
2023-07-17,55.67169189453125,55.93718488718246,55.37873146015733,55.62591398911469,10014300
2023-07-18,55.45196533203125,56.07450707775294,55.30548512670636,55.809010614237955,11152900
2023-07-19,56.43156051635742,56.56888725660724,55.55267915737797,55.63507450305505,12936000
2023-07-20,57.11819076538086,57.136501231370865,56.45902795919799,56.46818493837514,11563000
2023-07-21,57.16395950317383,57.3836815808534,56.9808618461988,57.182269967344126,12815100
2023-07-24,57.18227005004883,57.502697934946475,57.12734214982245,57.145649121655275,10251100
2023-07-25,56.99000930786133,57.118179051141,56.80690817787741,57.03578371726641,13422700
2023-07-26,57.722415924072266,57.832275215753675,56.20268233508443,56.63296950835216,17145500
2023-07-27,57.16395950317383,57.92382805060322,57.1090316030269,57.72241643709395,11517100
2023-07-28,57.20057678222656,57.46607325721172,56.96254774792645,57.30128258255636,9721800
2023-07-31,56.697052001953125,57.173113569038286,56.51395086194133,57.173113569038286,15577900
2023-08-01,56.55057144165039,57.09071788057295,56.41324471439268,56.84353186692733,9281600
2023-08-02,56.724517822265625,57.30128521000602,56.35831902252299,56.35831902252299,11059400
2023-08-03,56.43156051635742,56.87100119584714,56.33085470582276,56.64212562367349,8037400
2023-08-04,55.58013916015625,56.6604320634627,55.49774382033241,56.468177434661676,9359300
2023-08-07,56.019588470458984,56.14776173517563,55.60761520000223,55.653389619790275,6982600
2023-08-08,55.77239227294922,56.16605849781094,55.49774231178991,56.019578285701726,7956100
2023-08-09,55.90056228637695,56.422398230155274,55.61675536389468,55.76323556754538,7904100
2023-08-10,55.77239227294922,56.51395031120673,55.65337950161055,56.16605849781094,7870300
2023-08-11,56.00126647949219,56.028733919603944,55.56182585370421,55.69915257717205,8483900
2023-08-14,55.735774993896484,56.28507491773976,55.61675872986373,56.13859470522397,7176300
2023-08-15,55.36042785644531,55.754094143734605,55.268875526631355,55.56183599730744,7187400
2023-08-16,55.369571685791016,55.68084256813863,55.29633332707823,55.42450307409837,8372300
2023-08-17,55.488582611083984,55.86393833084244,55.342102415382236,55.46111866575345,12873500
2023-08-18,55.799861907958984,55.92803166204915,55.2688689354553,55.42450613139613,11083800
2023-08-21,55.32380294799805,55.78155408707308,55.223097138623295,55.7174692069917,8648500
2023-08-22,54.98506164550781,55.4611231934941,54.91181979549594,55.24140113582211,9411500
2023-08-23,55.17731857299805,55.33295227224275,55.07661277119793,55.11323369773684,7749500
2023-08-24,55.03083419799805,55.7357712649306,55.01252373611315,55.177314400713676,8955100
2023-08-25,55.28718185424805,55.451972543214,54.93929001172393,55.305492318840265,7629200
2023-08-28,55.442813873291016,55.59844756922736,55.26886622211075,55.43365689566905,6254300
2023-08-29,55.387882232666016,55.506898494664156,55.06745786462912,55.44281362105678,8189600
2023-08-30,55.36042785644531,55.607613908396566,55.195637155144475,55.51606157858261,9447900
2023-08-31,54.774497985839844,55.360418831676114,54.756187522862,55.204781642546266,14663500
2023-09-01,54.29843521118164,55.04914671466598,54.124487562964084,54.93013045415349,11262300
2023-09-05,53.8498420715332,54.30759319658355,53.712515337072524,54.24350831846561,12474600
2023-09-06,53.8132209777832,53.85899888403853,53.48363960998282,53.66674075791236,13923500
2023-09-07,53.401248931884766,54.16111399777056,53.37378148905622,53.968859359790734,17628600
2023-09-08,53.401248931884766,53.47448729724489,53.10828499335227,53.37378148905622,14312300
2023-09-11,53.9047737121582,54.005479518911514,53.309695849905346,53.46533304916881,14767400
2023-09-12,53.37377166748047,54.01462383518414,53.27306587782318,54.005470350835,12292700
2023-09-13,53.50194549560547,53.721667552791075,53.41039667565691,53.46532806304422,12641400
2023-09-14,53.94487380981445,54.06483431827228,53.695726686127244,53.74186778019882,12311600
2023-09-15,53.46503829956055,54.11097493206553,53.28971410048166,53.898739263684305,55727500
2023-09-18,53.79722595214844,53.84336352142428,53.17897477969621,53.501941284697985,13617400
2023-09-19,53.68650436401367,53.88028430051837,53.446583330184666,53.760323783603866,11998900
2023-09-20,53.92641830444336,54.28629983134004,53.59422565819233,53.79723168866719,14766600
2023-09-21,53.0959358215332,53.90796705106343,52.98520141017507,53.861829473033325,15941800
2023-09-22,53.15129470825195,53.49272049900575,53.059019560523026,53.38198609764553,14644100
2023-09-25,52.59762954711914,53.04978615696937,52.357712083980964,52.96673712740793,12358800
2023-09-26,52.1639404296875,52.50536625046064,52.04398343110711,52.34849426144323,11194700
2023-09-27,51.62873840332031,52.163940645547925,51.379591257429816,52.06243586165866,13766300
2023-09-28,51.499549865722656,51.97015877711759,51.39804508559966,51.887109731568906,12484800
2023-09-29,51.65641784667969,51.924020715398854,51.32422166758988,51.80406020182278,12271600
2023-10-02,51.195037841796875,51.684102509895034,50.82593369382394,51.5918273529197,11792500
2023-10-03,50.64137649536133,51.14889686515095,50.54909782444508,50.89974973378411,13604200
2023-10-04,50.789024353027344,51.01048614708459,50.48450998610894,50.65060809168775,12100500
2023-10-05,48.33446502685547,50.705972431121744,48.20527840095327,50.51219249226844,29878100
2023-10-06,49.0357666015625,49.17418285856963,47.568569061587816,48.020725783749015,30298900
2023-10-09,48.79584503173828,49.044992161644046,48.08531511017104,48.86966444796702,15704700
2023-10-10,49.85702896118164,50.133861483444505,49.42333148177519,49.94930764195984,20909700
2023-10-11,49.561737060546875,50.087713144721434,48.92503009551221,50.032349464327,21138900
2023-10-12,48.73125076293945,49.67247206180376,48.38059886256147,49.60787523377749,19330400
2023-10-13,48.80506134033203,49.29412587488273,48.57436999081632,48.666648642664995,14494600
2023-10-16,49.30337142944336,49.42333195556915,48.7589395278839,48.925037634805214,12816800
2023-10-17,49.89392852783203,49.92161036542419,49.10034966286155,49.19262832162027,16457200
2023-10-18,49.875484466552734,50.31841157202336,49.75552394213203,49.92162204669248,12809500
2023-10-19,50.152305603027344,50.53063933296107,49.700152460460075,49.97698141796041,16202200
2023-10-20,50.35531997680664,50.770565212913404,50.235359459693235,50.318408506914594,15686400
2023-10-23,49.90316390991211,50.650601771682325,49.87547854905563,50.179992877977796,21212700
2023-10-24,51.34267807006836,51.831742717830224,51.02893762129794,51.35190769742507,25290800
2023-10-25,51.78560256958008,51.87788123820731,51.268856105552715,51.45340640266461,16701000
2023-10-26,51.47187042236328,52.256223391639594,51.416506732345745,52.01630233465744,16228400
2023-10-27,50.97357177734375,51.80405868060982,50.8443816403247,51.25962685199338,13626500
2023-10-30,51.813289642333984,51.93324663540635,51.13966765934536,51.14889728654872,15014300
2023-10-31,52.12703323364258,52.33926891120755,51.813292771139665,52.200852655370056,16639400
2023-11-01,52.08088684082031,52.486905939299156,51.914788758728285,52.41308300500437,14110800
2023-11-02,52.68069076538086,52.73605797125568,52.00707226755925,52.13625889452893,13087200
2023-11-03,52.35771942138672,53.14206873933058,52.32080795417092,52.96674455016241,13958700
2023-11-06,52.5699577331543,52.856012818347665,52.35772206605,52.394630015058816,12673200
2023-11-07,52.763736724853516,52.96674628110347,52.348491505283775,52.523815700181494,10449300
2023-11-08,52.68069076538086,53.031342695778264,52.523818775437974,52.89292644112699,13744000
2023-11-09,52.28390121459961,52.72682830102605,52.0162983331946,52.62532351703991,12021100
2023-11-10,52.33926773071289,52.53304766845745,51.730242554893195,52.47768046335692,11678900
2023-11-13,52.53303909301758,52.68990753508807,52.22852479478057,52.24698052680139,12798200
2023-11-14,52.689910888671875,52.81910102104022,52.422311557515414,52.61609147596115,12697100
2023-11-15,52.791419982910156,52.91138049846557,52.366948644878946,52.87446902905291,10201900
2023-11-16,52.73605728149414,53.08670568723366,52.422316825783525,52.82833243667369,16010400
2023-11-17,52.837554931640625,52.91137786679419,52.320808465850824,52.7729616234169,14475800
2023-11-20,52.96674346923828,53.132841548248464,52.56072437829285,52.64377341779795,13051000
2023-11-21,53.5480842590332,53.557313885862534,52.902151183830185,53.022108172041456,13891600
2023-11-22,53.907962799072266,54.01869720169622,53.64036345957594,53.760320448978284,11320600
2023-11-24,54.0463752746582,54.21247334694388,53.83413963119784,53.94487050603128,4816000
2023-11-27,53.94487380981445,54.157109466272914,53.769549620584755,54.01869674427196,16246500
2023-11-28,54.055606842041016,54.28629822626945,53.85259729749722,53.88950876379085,13739600
2023-11-29,53.73264694213867,54.13866258785117,53.612686414059496,54.05561705311001,11263600
2023-11-30,54.355812072753906,54.37441476182163,53.57451687241,53.90935817942884,22727500
2023-12-01,54.541839599609375,54.58834455179634,54.16979643401325,54.19769869570534,15371200
2023-12-04,54.47672653198242,54.83947009025831,54.355810829857106,54.49532922062478,14942200
2023-12-05,54.5604362487793,54.718557326427174,54.33720753565878,54.45812323643656,11891500
2023-12-06,54.504634857177734,54.62555057276079,54.14189125852905,54.46743302385257,14868500
2023-12-07,54.63485336303711,54.77436822039205,54.30931159967471,54.56974217188428,11587900
2023-12-08,54.513938903808594,54.64415419291264,54.29071015955842,54.63485462144829,11178700
2023-12-11,54.913883209228516,54.96038815878673,54.411621238559306,54.7185602922239,14524800
2023-12-12,55.267330169677734,55.267330169677734,54.78367437962262,55.06270765791615,12899000
2023-12-13,55.74168395996094,55.82539428928442,55.11850627541943,55.2952300529358,16196800
2023-12-14,54.913883209228516,55.843996392793635,54.66275222389391,55.778888753792096,22478300
2023-12-15,54.504634857177734,55.03479912414127,53.76054496916755,54.71856402632485,65177400
2023-12-18,54.89527893066406,55.332433249676896,54.523232248768025,54.69065290081123,16717700
2023-12-19,54.71856689453125,55.062707820506105,54.541843097546355,54.87668445172758,14612200
2023-12-20,53.58382034301758,54.56973803338329,53.5466149646377,54.41162049741904,17701000
2023-12-21,53.9372673034668,54.01167451621257,53.453608002268,53.80704847198606,11725100
2023-12-22,54.24420928955078,54.37442458845746,53.965175999307775,54.05818591335518,9029400
2023-12-26,54.467430114746094,54.60694496549001,54.00237351606585,54.00237351606585,6422500
2023-12-27,54.6069450378418,54.66275310707346,54.31861221706219,54.54183739778831,8560100
2023-12-28,54.64415740966797,54.75577001431313,54.43953134440124,54.55114749714713,8400100
2023-12-29,54.81157302856445,54.85807798052991,54.5325397686713,54.63485279185555,9244300
2024-01-02,55.63936996459961,55.695178032535985,54.56973839180362,54.690654098282344,16322600
2024-01-03,55.76958465576172,55.992813377061765,55.58356131269504,55.741682396136774,14830600
2024-01-04,55.58356475830078,56.048621370746105,55.49055485505187,55.85329844506316,12912900
2024-01-05,55.499847412109375,55.76028149487355,54.96038365486201,55.620763109532035,10412800
2024-01-08,55.90910720825195,55.97421485095256,55.26732680434535,55.50915823274797,11554600
2024-01-09,55.806793212890625,55.937008496024646,55.453349195740884,55.79749364185263,10493700
2024-01-10,55.99281692504883,56.18813985100042,55.788190879899325,56.01141961534427,12258000
2024-01-11,55.630069732666016,56.04861781886249,55.518453598120146,56.03931824836708,13754200
2024-01-12,56.1695442199707,56.23465187013716,55.68588485580505,55.88121135440523,13218000
2024-01-16,55.79749298095703,56.20674151568808,55.66727415126504,56.16953613577608,11826900
2024-01-17,55.79749298095703,56.0021154742724,55.6393718903812,55.676577270293194,8982100
2024-01-18,55.95561218261719,56.02071982534359,55.36963984997917,55.51845782593958,10397700
2024-01-19,55.64867401123047,56.06722210938179,55.471950233868554,56.04861941975947,14392600
2024-01-22,55.40684509277344,55.87190171000209,55.28592937882588,55.58356533000418,14314300
2024-01-23,55.667274475097656,55.806792876529116,55.30453088909627,55.36963853027086,14481600
2024-01-24,54.79296875,55.63007205351667,54.774366060132934,55.62076893453299,16370500
2024-01-25,55.0255012512207,55.034800822813914,54.560444613347606,54.885982840618546,14899700
2024-01-26,55.2208251953125,55.332441345071345,54.997599991996076,55.10921259365429,13025100
2024-01-29,55.555660247802734,55.61146831635295,55.03479558563478,55.19291667247693,14547100
2024-01-30,55.71377944946289,55.82539203468646,55.29522781974938,55.66727095319464,22061500
2024-01-31,55.332435607910156,56.22534342479568,55.146412259033944,55.899801677237235,22837000
2024-02-01,56.718299865722656,56.74620212502962,55.21151754544485,55.4068404567938,15870900
2024-02-02,56.309059143066406,56.61599468220015,56.020722747309954,56.56948972755572,17544900
2024-02-05,55.843994140625,56.16023275220736,55.69517617918037,56.16023275220736,12759600
2024-02-06,55.750980377197266,55.85329339037202,55.50915252177514,55.769583065783586,12775200
2024-02-07,55.79749298095703,56.0021154742724,55.750984482016875,55.87190019268072,10259900
2024-02-08,55.64867401123047,55.77888929048646,55.258024625362246,55.704478531997175,12874800
2024-02-09,55.39754867553711,55.41615136705741,54.90458622050067,55.31383833774606,15235300
2024-02-12,55.52775955200195,55.58356407402415,54.839474212892036,55.49055417192026,13516800
2024-02-13,55.20222091674805,56.4206705724997,54.68135975858288,55.34173932588545,24195700
2024-02-14,55.14641189575195,55.42544514317799,54.91388359821355,55.03479575830134,15872500
2024-02-15,55.24872589111328,55.425446123050634,54.99759489956,55.26732503291696,13695800
2024-02-16,55.239418029785156,55.453343623164876,54.839469101436116,55.202212653171294,13947100
2024-02-20,56.4578742980957,56.58808958381622,55.35103727327047,55.43474760667658,18339300
2024-02-21,56.96013259887695,56.997334429451904,56.57878633770719,56.72760430430758,14373000
2024-02-22,56.876434326171875,56.96944424447349,56.27185921290851,56.72761632802872,12982800
2024-02-23,56.92292785644531,57.313573692600116,56.73690450909054,56.82061483799518,13612900
2024-02-26,56.467166900634766,56.988031527336695,56.42066195405959,56.96012926901159,10336100
2024-02-27,56.1230354309082,56.53228399660083,55.9184093740116,56.30905879644143,9931100
2024-02-28,56.17884063720703,56.262550970018744,55.86260199637393,56.15093482753619,8076500
2024-02-29,55.825401306152344,56.40207056503063,55.713788702392186,56.13233685351794,18152700
2024-03-01,55.3696403503418,55.71378480569177,55.19292011107322,55.71378480569177,10927600
2024-03-04,55.630069732666016,55.76028500820271,55.08130282283268,55.0906023933281,10150200
2024-03-05,55.3603401184082,55.90910706844135,55.26732666613963,55.723083712004616,12310000
2024-03-06,55.38824462890625,55.8067963108578,55.23012707578042,55.360342366143,12378800
2024-03-07,55.28593063354492,55.59286971097004,55.09991082091206,55.5184589474365,13686900
2024-03-08,55.3603401184082,55.611471117382735,54.848778549282486,55.15571407151776,13239000
2024-03-11,56.03002166748047,56.076526618639214,55.41614708712412,55.60216689175911,14114300
2024-03-12,56.271846771240234,56.504375063683376,56.002113100462154,56.10442611683316,12684600
2024-03-13,56.8485221862793,56.93223252267612,56.550886223112954,56.62529698795482,13909500
2024-03-14,56.72195053100586,57.003215686111446,56.62819667146417,56.79695647982361,13996600
2024-03-15,56.14067077636719,56.6750756634572,55.915656498206886,56.271927615093766,36849900
2024-03-18,56.37506103515625,56.62820076599884,56.06566683863284,56.1500467489137,15856700
2024-03-19,56.46881103515625,56.5813163823341,56.30942875802766,56.47818856703469,15030600
2024-03-20,56.956336975097656,57.01259143495167,56.40318063754778,56.421932124165785,15258800
2024-03-21,56.69382858276367,57.18135655068637,56.553194208302635,56.77820849214415,13067100
2024-03-22,56.71257781982422,56.9938429811003,56.65632335697678,56.74070326300766,11502800
2024-03-25,56.62820053100586,56.91883966128216,56.36568326873214,56.70320290845497,13144700
2024-03-26,56.75946044921875,56.918842745234144,56.60945210971211,56.72195747022186,13277400
2024-03-27,57.21885299682617,57.59387559170676,56.90946239605813,56.99384230108224,12551200
2024-03-28,57.3594856262207,57.43448799703618,57.19072582128536,57.32198265257276,13683500
2024-04-01,56.890708923339844,57.47199070628719,56.84383199473578,57.35948536234134,11668700
2024-04-02,56.3938102722168,56.937589112831624,56.35630729659354,56.67507543643003,13017300
2024-04-03,56.093788146972656,56.61881544854755,56.04690764377753,56.30004733981411,13672900
2024-04-04,55.59688949584961,56.393811653196266,55.475006610329636,56.33755718838381,14320700
2024-04-05,55.79376983642578,55.953155684428026,55.23123954384458,55.550007663368696,10157800
2024-04-08,55.56876754760742,55.75627886563156,55.38125622958328,55.69065044079525,10284500
2024-04-09,55.990657806396484,56.009409292728144,55.43750147729349,55.765643546896825,10779100
2024-04-10,55.2406120300293,55.68126301260495,55.02497530439108,55.615634599431594,11861900
2024-04-11,55.36249923706055,55.66251588548493,55.11873705139594,55.45625667499352,11109000
2024-04-12,54.640586853027344,55.32500010329672,54.49995605108424,55.26874921311181,12250900
2024-04-15,54.50932312011719,55.137485400834294,54.41556926400077,54.94997411212111,12425000
2024-04-16,54.434322357177734,54.73433899738183,54.31243947944468,54.61245611964877,11236800
2024-04-17,54.85622024536133,54.90310075294728,54.471823687928406,54.64058350109219,13805100
2024-04-18,55.231239318847656,55.296867733498765,54.88434575905174,54.959348128732856,11125900
2024-04-19,56.412559509277344,56.590696859433855,55.315624270122925,55.40937813490374,21207900
2024-04-22,56.76883316040039,56.84383911674878,55.990666033930495,56.38443657531701,15624500
2024-04-23,56.853206634521484,56.89070960844853,56.37505623463319,56.75007524446233,13689100
2024-04-24,57.70637893676758,57.80013637047396,56.103164373432726,56.553189325782135,19548300
2024-04-25,57.884517669677734,58.68143620477427,57.537620521311986,58.00639697171712,19048500
2024-04-26,57.884517669677734,58.06265143329871,57.51886903411812,57.70638032957627,10994300
2024-04-29,58.16577911376953,58.17515306852818,57.68762516203244,58.05327019778418,13409300
2024-04-30,57.91264343261719,58.90645080050707,57.63137827611416,58.25953700642157,19349200
2024-05-01,58.062652587890625,58.66268588410415,57.38761334141013,57.94076970694708,16729800
2024-05-02,58.11890411376953,58.50330064826232,57.86576440913081,58.29703787193142,10991300
2024-05-03,58.287662506103516,58.43767440463097,57.79076060991311,58.11890627322115,11628700
2024-05-06,58.45642852783203,58.484557550035554,58.034532536069015,58.40955159280068,9310700
2024-05-07,58.70956039428711,58.89707168574321,58.36266682980559,58.84081722536226,9807000
2024-05-08,58.92519760131836,59.03770652298458,58.5783040340486,58.92519760131836,10484400
2024-05-09,58.95333480834961,59.20647455253802,58.83145191452239,58.88770638316902,9113700
2024-05-10,59.30959701538086,59.40335445464424,58.86894956852512,58.99082887484659,8371700
2024-05-13,59.609619140625,59.64711854104253,59.234596524603866,59.29085098995125,10137600
2024-05-14,59.159584045410156,59.778368790055566,58.87831890265867,59.60961256558894,10852200
2024-05-15,59.18771743774414,59.431479625750306,59.065834555500764,59.12208901880092,9838900
2024-05-16,59.365848541259766,59.750245082016484,59.131460319420775,59.290846170041114,10228000
2024-05-17,59.09395980834961,59.41272794639471,59.00957990191177,59.38460250307563,11539000
2024-05-20,58.662681579589844,59.075203546346714,58.55955019378055,59.00020117806378,11000900
2024-05-21,58.98145294189453,59.04708135893849,58.54080193333035,58.897073037626505,9796200
2024-05-22,59.065834045410156,59.08458553301494,58.74706590908999,58.793942839861664,7419400
2024-05-23,58.2126579284668,58.9533255552304,58.175154955255394,58.58768050762012,9834300
2024-05-24,58.12828063964844,58.52205114662572,58.10015519671593,58.33454342510161,8203100
2024-05-28,57.95951843261719,58.2501611113311,57.56574794192129,57.93139299084759,12347000
2024-05-29,57.847015380859375,58.01577519112371,57.256356044934215,57.63137864029507,11861800
2024-05-30,58.100154876708984,58.20328626886754,57.75325772554285,57.98764595263756,9433800
2024-05-31,59.000205993652344,59.09395985577826,57.837638790295784,58.11890752963471,19816600
2024-06-03,59.000205993652344,59.15021431894216,58.550181017782876,58.793943205198616,9369000
2024-06-04,59.9471321105957,59.97526113005859,59.00957919539194,59.253344956174026,11895600
2024-06-05,59.92837905883789,60.06901342303978,59.39397419723945,59.9940110515511,9632500
2024-06-06,60.144020080566406,60.340905331587464,59.85337739347782,59.928379765851346,8658500
2024-06-07,59.919010162353516,60.20965287055124,59.82525629595722,60.087766406570694,9523100
2024-06-10,59.61899185180664,59.99401445999756,59.412729059653564,59.94713395161321,15685300
2024-06-11,59.581485748291016,59.67524318365779,59.13146078797187,59.61898872243773,8396000
2024-06-12,58.95333480834961,59.712750464433896,58.77519744587577,59.712750464433896,9569600
2024-06-13,59.056461334228516,59.10333826598794,58.55018188767326,58.934578450469516,9668900
2024-06-14,59.09897232055664,59.23124762278919,58.66435244058351,58.93835334048331,8179200
2024-06-17,59.16510772705078,59.42966192571082,58.7493848494872,58.928900809387756,10532700
2024-06-18,59.174560546875,59.3540765144348,58.99504097508352,59.080075613239565,10651700
2024-06-20,58.7493896484375,59.27849448474603,58.53207969894431,58.95725290631439,13306300
2024-06-21,59.30683517456055,59.61862644142872,58.7493866872686,58.7493866872686,28278100
2024-06-24,60.44063186645508,60.52566290325324,59.439113161461144,59.51470111092414,13212500
2024-06-25,60.31779861450195,60.53510854615733,60.00600375328019,60.4122799398368,10235300
2024-06-26,60.51621627807617,60.572903632627614,59.74145425830103,59.90207683940385,9402500
2024-06-27,60.383941650390625,60.72407661448102,60.109940736549724,60.516220563585165,8494100
2024-06-28,60.13828659057617,60.52566221234076,60.015457976216815,60.374493523603995,17358800
2024-07-01,59.788700103759766,60.75242846544034,59.63752780480107,60.49732093092215,10033400
2024-07-02,59.66587448120117,59.88318443347699,59.39187356580615,59.76980250723857,8878200
2024-07-03,59.835941314697266,60.15717927984855,59.458008784517816,59.70366240617225,9154200
2024-07-05,60.242210388183594,60.270557669036265,59.52414294800602,59.8359378077648,11735500
2024-07-08,59.48634719848633,60.08158961936118,59.372968891158735,60.08158961936118,11235100
2024-07-09,59.23124313354492,59.741450921399455,59.13676181174878,59.58083195349973,11657500
2024-07-10,59.363521575927734,59.39186525140351,58.853313791975644,59.25958996020808,11930400
2024-07-11,59.618629455566406,59.95876802151471,58.95725291536896,59.18400955651328,11431600
2024-07-12,60.18552780151367,60.57290703101903,59.89262990438258,59.95876755789093,9201500
2024-07-15,59.91152572631836,60.41228326577856,59.85483476545746,60.27056126997392,8207500
2024-07-16,60.72407531738281,60.761869291773955,59.89262950616838,59.930423480559526,9025100
2024-07-17,61.61221694946289,61.78228623345557,60.85635907163384,60.9130464301435,12508200
2024-07-18,61.593318939208984,62.179107489040774,61.14924877500544,61.22483671964927,11128200
2024-07-19,61.687801361083984,62.01848961419335,61.24373118899572,62.01848961419335,13775700
2024-07-22,61.19648742675781,61.68780187126647,60.77131784188135,61.65000789796093,11794200
2024-07-23,61.37601089477539,62.39642661342392,61.27207926370209,61.820081098731535,11810300
2024-07-24,62.179100036621094,62.330275907789705,61.253173055331374,61.498823033286925,13244600
2024-07-25,62.42476272583008,63.199521112709036,62.22634978377774,62.396419049603026,16328600
2024-07-26,63.35070037841797,63.40738773389766,62.368078702144594,62.42476605762428,13530100
2024-07-29,63.142845153808594,63.33180783506087,62.72711860489651,63.190082219889554,12140200
2024-07-30,63.94594192504883,64.08766752817043,62.698769592813235,62.81215151700324,13258000
2024-07-31,63.057796478271484,63.87979914362201,62.93497147660611,63.77586752357322,15576800
2024-08-01,64.21048736572266,64.35221295742424,63.020002487277516,63.3034536706807,16495900
2024-08-02,65.5049057006836,65.82614365631461,63.95538886048672,64.74904066272565,22514800
2024-08-05,64.34276580810547,65.71277031691635,63.99318416774193,65.18366189592649,25484300
2024-08-06,64.29552459716797,65.04193209874468,64.03096679951894,64.39000592066832,12969100
2024-08-07,64.68290710449219,65.36318423999721,64.08766821515714,64.29553147416853,13365300
2024-08-08,64.9380111694336,65.06083617572104,64.10655817775454,64.24828377483286,15240900
2024-08-09,64.8907699584961,64.9947015873531,64.48449373890874,64.9096633417139,12080400
2024-08-12,64.40889739990234,64.75848621583897,64.08765946779519,64.67344798127593,11012300
2024-08-13,64.68290710449219,64.82463270913301,64.2577374990334,64.32387515340396,9877600
2024-08-14,64.7962875366211,65.0891818265888,64.37111073249712,64.46559927238924,14328000
2024-08-15,64.86243438720703,65.1175347390848,64.72070876573514,64.83409070460556,11285100
2024-08-16,65.3631820678711,65.47656398950862,64.85297423319737,65.0419368941298,12651200
2024-08-19,65.1742172241211,65.58993650594186,65.0513850110118,65.52379885598424,9843900
2024-08-20,65.55213928222656,65.56158957702701,64.97579384326737,65.18365707810024,11957400
2024-08-21,65.73165893554688,66.26076010972672,65.5049023192502,65.6466279076092,8792400
2024-08-22,65.5049057006836,66.06235057961857,64.99469788133146,66.06235057961857,12509200
2024-08-23,65.93952178955078,65.99620914118158,65.13641973810887,65.57103958702493,11834700
2024-08-26,66.93158721923828,67.00717516121664,65.8828351602559,65.97731648349739,12912200
2024-08-27,67.55518341064453,67.58352708949063,67.1300138110259,67.38511412910437,16988400
2024-08-28,67.7913818359375,67.84806918651385,67.36621228968951,67.65910654561756,13272600
2024-08-29,68.07484436035156,68.23546335275027,67.30008586990994,67.93311875180875,17201700
2024-08-30,68.47166442871094,68.56614575682006,67.81973101037035,68.21655691350666,18624200
2024-09-03,68.98187255859375,69.2464231618656,68.26380148652494,68.44332105665796,14755800
2024-09-04,68.55670166015625,69.4731857634534,67.94256936768728,69.25587941000055,18140800
2024-09-05,67.24339294433594,68.67008494385375,67.0638805636954,68.61339758243717,23866100
2024-09-06,67.21504211425781,67.71579964274505,66.97883518886093,67.07331651732703,17485700
2024-09-09,67.88587188720703,68.32049178393522,67.06387636428217,67.3000833000125,12939300
2024-09-10,67.60240936279297,68.42440466044789,67.57405848316553,67.99923517603753,10277600
2024-09-11,67.15836334228516,67.4323642757808,66.67649913451943,67.42291397918737,11418200
2024-09-12,67.30007934570312,67.44179773204357,66.76152785221983,67.08276580587578,12337800
2024-09-13,67.93270111083984,67.989777094684,67.04798707184564,67.39045023279252,11073800
2024-09-16,68.58910369873047,68.72228584654705,68.13248126561155,68.27517123978451,10786500
2024-09-17,68.3037109375,68.82692440197533,68.22760478554217,68.39883999850623,12974400
2024-09-18,68.25614166259766,68.8554612692366,67.79951201619512,68.3893237974063,10719700
2024-09-19,67.18116760253906,68.43689002231167,67.16213743645726,68.07538944557535,13635600
2024-09-20,68.1514892578125,68.30370154078794,66.95284293196482,66.98138817843356,48578500
2024-09-23,68.23712158203125,68.68422890577293,67.71390084653886,68.06588636476849,11613000
2024-09-24,67.85659790039062,68.3227353903715,67.16214194937714,67.75195375355459,13330600
2024-09-25,67.97074127197266,68.41785579589721,67.83755914883106,68.2180826111848,12329100
2024-09-26,67.92318725585938,68.12296046080847,67.39045145144634,67.40948161832651,10815200
2024-09-27,68.29419708251953,68.68422841702565,67.980264643458,68.05637079678485,11175700
2024-09-30,68.36078643798828,68.68422669469336,68.19906630963574,68.49396857402944,18015300
2024-10-01,68.21809387207031,69.20745213435268,68.1419877154603,68.58910231319088,13294500
2024-10-02,67.55218505859375,67.95173150528211,66.98140338362711,67.91367842589997,11155500
2024-10-03,67.08602905273438,67.53314358829654,66.7816117265042,67.40947654441231,9374800
2024-10-04,66.75308227539062,66.85772642509491,66.32499785051488,66.55330905992311,12684800
2024-10-07,65.64957427978516,66.68649347024952,65.51639213161327,66.63893256469255,14512000
2024-10-08,65.81128692626953,66.05862828379229,65.50686958542688,65.67810479326849,13549700
2024-10-09,66.18230438232422,66.34402452909625,65.70665176860682,65.82081100873684,9037700
2024-10-10,65.87788391113281,66.50574881558572,65.63054253138931,66.42964265906733,8635200
2024-10-11,66.18230438232422,66.20132729340443,65.6400606930017,66.07766022667576,8786300
2024-10-14,66.914794921875,67.03846922561611,66.08716415871736,66.1822932138309,7659300
2024-10-15,66.914794921875,67.74243294291432,66.74356697739964,67.02895414274025,10358700
2024-10-16,67.13360595703125,67.25727301703122,66.56282430320307,66.67697627923921,7937300
2024-10-17,66.49623107910156,67.2477630145073,66.19181372305336,67.19067977045421,14674600
2024-10-18,67.00993347167969,67.11457761316214,66.22034849790556,66.46768985576243,15087500
2024-10-21,66.06813049316406,66.90528355273305,65.93494837148377,66.59135115539468,11981200
2024-10-22,66.06813049316406,66.35352490126827,65.33562882392249,65.64004613888903,18603300
2024-10-23,64.6982650756836,65.35466069171312,63.337898425242265,63.727929761389404,24655200
2024-10-24,64.02283477783203,64.72679850472265,63.689872193575084,64.3557901042072,17568800
2024-10-25,63.661338806152344,64.40335566084268,63.537671749664725,63.80403603002717,11138100
2024-10-28,63.42351531982422,64.1179713024789,63.35692424679289,63.69939469606334,10761400
2024-10-29,62.3675651550293,63.10958203270175,62.32951207695859,63.06202112852526,16525900
2024-10-30,62.71003723144531,63.29984907006387,62.13925556129852,62.320005872366714,14177800
2024-10-31,62.129737854003906,62.776625654961336,62.0821769505979,62.605390435358416,13383700
2024-11-01,61.84434509277344,62.462694844447746,61.73018587068715,62.28194455728156,12163100
2024-11-04,61.939483642578125,62.234385939149504,61.501884110997636,61.91094564715287,10984500
2024-11-05,62.18681716918945,62.28194622787213,61.492361250830214,61.492361250830214,8780200
2024-11-06,60.59813690185547,61.701650696481785,60.103457803720765,61.28307412093801,22899300
2024-11-07,60.560081481933594,61.25453375754734,60.50300187049405,61.15940470075567,14856100
2024-11-08,60.80742645263672,61.11184382537287,60.636194855796305,60.79791499740055,14719300
2024-11-11,60.27469253540039,60.997686453428464,60.170048392348356,60.87401577264505,13980900
2024-11-12,60.12248229980469,60.645699372524554,60.04637615085733,60.57910830666608,15021000
2024-11-13,59.932220458984375,60.17955818477951,59.44705646152659,59.97978498752872,13177600
2024-11-14,59.50413131713867,60.03686346199125,59.38997572500627,60.03686346199125,15910800
2024-11-15,58.733577728271484,59.580238675938126,58.400618770115905,59.447056544252256,26284300
2024-11-18,58.84773635864258,59.11410063575587,58.56234554331532,58.83822127506504,16062100
2024-11-19,59.54218292236328,59.57072091245735,58.62893094994563,58.88578374761448,16254800
2024-11-20,59.92271041870117,59.941733327415015,58.999943301616774,59.64683106611744,18904900
2024-11-21,60.65521240234375,60.70278056114201,59.88465758340971,60.07491933177971,17292300
2024-11-22,60.80742645263672,61.340162298336985,60.550577242905426,61.11184382537287,19562200
2024-11-25,61.24502182006836,61.55895425569818,60.731319806492145,61.18794583463827,36805300
2024-11-26,61.406742095947266,61.492356064175866,60.94059740932043,61.17842366490832,14473300
2024-11-27,61.29258346557617,61.92995609474509,61.12134826960289,61.79677397097491,13263400
2024-11-29,61.4219856262207,61.584932330201326,61.12484300215227,61.36446943257526,10648400
2024-12-02,61.009822845458984,61.527424721388456,60.72226381007703,61.39323245499156,16500100
2024-12-03,60.885215759277344,61.42198849530694,60.415539158193305,61.07692056903542,24874500
2024-12-04,59.629554748535156,60.722267447759506,59.33241575698851,60.65517131054153,28137700
2024-12-05,60.31010818481445,60.50181301636159,59.52412166629017,59.87877688441531,21040400
2024-12-06,59.936279296875,60.73185298205284,59.91710845014558,60.223838341351176,15581100
2024-12-09,60.00337219238281,60.31968566164157,59.33241087540655,60.08963916977475,22348300
2024-12-10,60.300514221191406,60.42512288874293,59.22697246815301,60.09922582808388,14949400
2024-12-11,60.041709899902344,60.99064658825012,59.8116670797642,60.386777786574264,32819000
2024-12-12,61.19194030761719,61.26862003553026,60.59765870454703,60.91396852394412,17542100
2024-12-13,60.501808166503906,61.19194404216572,60.492224571104266,60.93314308879254,13429000
2024-12-16,59.955448150634766,61.211111146184,59.763743346178124,60.607242291908335,24559700
2024-12-17,60.77019500732422,60.9139708738822,59.73499121707398,59.859599893263024,21902400
2024-12-18,60.243003845214844,61.000235815736424,60.18549496310159,60.204665809294355,20946100
2024-12-19,59.859596252441406,60.549728414167376,59.81167096650369,60.099226338594924,21300600
2024-12-20,59.955448150634766,60.444295584822456,59.696647213088056,59.87876842273112,42458100
2024-12-23,59.792503356933594,60.156738474945364,58.97775882603696,59.9075247807023,13010800
2024-12-24,60.233421325683594,60.233421325683594,59.437847648573296,59.61996886242342,5019100
2024-12-26,59.97462463378906,60.137575012655795,59.81167791138769,60.0225499252915,7943800
2024-12-27,59.859596252441406,60.33885642474844,59.62954976088946,59.859596252441406,8542800
2024-12-30,59.4570198059082,59.75416244905419,59.121539125312076,59.75416244905419,8972200
2024-12-31,59.67747497558594,59.84042533533757,59.23655649514141,59.44743214077354,9256700
2025-01-02,59.274898529052734,60.14715190039347,59.0640228822017,59.76374229820339,12991000
2025-01-03,59.18863296508789,59.50494644291951,59.06402429293012,59.33241248345954,10403200
2025-01-06,58.28762435913086,59.0160982232764,58.143844842665224,58.94900209064977,17924200
2025-01-07,58.316383361816406,59.159882367705755,58.10550769622775,58.57518431782104,17799600
2025-01-08,59.15028762817383,59.20780016327192,58.4026429542227,58.4601554893208,14412400
2025-01-10,58.53683853149414,59.09278209956487,58.21094146039251,59.0256859663791,22425000
2025-01-13,59.0927848815918,59.284486038881944,58.19177335388124,58.59435382841398,18016200
2025-01-14,59.46660614013672,59.49536058189698,58.75729943950752,59.10236736649118,16658300
2025-01-15,59.20780563354492,60.02254651215287,59.121538651159895,59.74457837465902,16187200
2025-01-16,59.66788864135742,59.715813925037445,58.77646447034285,58.872315037702904,12585500
2025-01-17,60.10881423950195,60.16632678062648,59.59121233877683,59.72540826806738,17948900
2025-01-21,59.83083724975586,60.607240033464436,59.71581583395399,60.290930225893085,19817100
2025-01-22,59.21738815307617,59.706235596533524,59.10236673080712,59.54328522989271,18191900
2025-01-23,58.97775650024414,59.40909139294849,58.82439338911203,59.23655743586675,16528400
2025-01-24,59.35158157348633,59.43784855597835,58.891492219017266,59.15988041813976,19244600
2025-01-27,61.2206916809082,61.517834295786706,59.87876542971735,60.26217136300123,20742900
2025-01-28,59.77333068847656,61.38364519802043,59.69664730399113,60.87562691696699,14956000
2025-01-29,60.22383499145508,60.731849603898894,59.95544680863717,59.96503405970117,11325600
2025-01-30,61.39323425292969,61.62327710021416,60.6072441647232,61.201525786084076,13201000
2025-01-31,60.84687423706055,61.27820914611234,60.760607255250186,61.05774989403367,12096800
2025-02-03,60.72226333618164,60.99065152334587,59.840426360189866,60.55931663010424,12067900
2025-02-04,60.070472717285156,60.99065509558427,59.76374647667385,60.97148424848791,15678000
2025-02-05,60.501808166503906,60.664758540019726,59.99379351162243,60.1184021906092,10686800
2025-02-06,60.731849670410156,61.096088425477326,60.30051478368126,60.981063351372995,13423400
2025-02-07,61.19194030761719,61.26862003553026,60.64558399155083,60.798947103841996,13184700
2025-02-10,61.872493743896484,61.96834431975928,61.01940753027115,61.4411551831186,16154300
2025-02-11,64.79597473144531,64.86307086398111,63.65534047833685,64.70012415824132,30589100
2025-02-12,65.85992431640625,65.9653621270458,64.09625059830651,64.09625059830651,26033800
2025-02-13,66.6171646118164,66.72260243580476,65.90786159738292,66.13790443475298,24393100
2025-02-14,66.0133056640625,67.12518557727341,65.9078678301032,66.48297863437992,20779100
2025-02-18,66.18582916259766,66.49255536386724,65.58195669768008,65.70656901605582,15569100
2025-02-19,67.16352081298828,67.2210296940057,66.30085103307741,66.33919272473233,16032300
2025-02-20,67.13478088378906,67.1635353305131,66.54049550407679,66.81846734396166,13398000
2025-02-21,68.39042663574219,68.63005672718693,67.22103061942306,67.40315182905867,21662300
2025-02-24,67.66195678710938,68.7546768559739,67.4127467290409,67.90158690574273,21418400
2025-02-25,68.52462005615234,68.79300459302233,67.79614983119954,67.92075484819485,21555600
2025-02-26,67.86324310302734,68.32332877170428,67.60443851558294,68.31374152066898,14531200
2025-02-27,67.93034362792969,68.57255054316413,67.49900505860138,67.78656410482026,16789500
2025-02-28,68.25624084472656,68.60130879417642,67.63320108527928,68.48628370671622,22167400
2025-03-03,69.32018280029297,69.3585244870772,66.8376189126784,67.32645896508707,21717600
2025-03-04,67.27854919433594,69.6365085000202,66.98140289763963,69.08056491309708,25411900
2025-03-05,67.17311096191406,67.80573061918598,66.9430608020604,67.00057699848895,23933600
2025-03-06,67.53734588623047,67.6044420210971,66.56923824350044,67.48942425442873,21694000
2025-03-07,68.46710968017578,68.84093203593918,66.76094460762899,66.76094460762899,28393300
2025-03-10,68.48627471923828,70.18285980021172,68.36166970887308,68.97512213562908,25251200
2025-03-11,68.09329223632812,69.05181266649109,67.68112815884083,68.89844588745835,28076400
2025-03-12,67.0389175415039,67.79614951726941,66.84720907824864,67.45108159634006,18923300
2025-03-13,66.73218536376953,67.33605051509369,66.40628466175608,67.33605051509369,15746600
2025-03-14,66.78047180175781,66.87702970990786,66.02730243763668,66.15283434843828,14205100
2025-03-17,67.70744323730469,67.75571850954078,66.70322475189904,66.85771593670952,15634800
2025-03-18,66.9928970336914,67.77503304268328,66.91565512640886,67.69778376850448,12657600
2025-03-19,66.8963394165039,66.99289732620088,66.18180204447081,66.1914600455094,14780000
2025-03-20,67.3115463256836,67.40810423719846,66.71287548725715,66.92530731272771,16295300
2025-03-21,66.30732727050781,67.56260221013271,65.83418835131225,67.31154574882845,47479500
2025-03-24,66.57769012451172,66.70322203438347,65.97902667827829,66.43285694680758,12575400
2025-03-25,66.44251251220703,66.70322698521743,66.23973868147488,66.57769506602847,12513900
2025-03-26,67.61087799072266,67.92952572859517,66.52941759585319,66.54872623137739,14478200
2025-03-27,68.30610656738281,68.54750502875585,67.65916045895821,67.76537637131406,11663400
2025-03-28,67.94884490966797,68.86615616135613,67.137742208676,68.37370121314304,17412900
2025-03-31,69.15583038330078,69.46482010362061,68.06470467803386,68.29645249344576,24016900
2025-04-01,69.39723205566406,69.43585669335997,68.74062794862651,69.21376686833263,15309100
2025-04-02,68.87580871582031,69.8703691683548,68.60544362583768,69.48413016828124,14606500
2025-04-03,70.66215515136719,71.40565914195875,69.83174388728531,69.98624243264759,24959600
2025-04-04,67.52397155761719,70.49800209000591,67.38878902131731,69.9282979439744,26517300
2025-04-07,66.01764678955078,66.99289116476056,63.77746960289084,63.95127677111857,34258400
2025-04-08,66.06592559814453,67.57225692583422,65.42863752507644,66.58734713077989,22774400
2025-04-09,67.54328918457031,68.04540212930753,64.96515528442468,65.58313478033457,27918700
2025-04-10,68.3254165649414,68.75993081046681,66.60666084972253,67.77502841605788,22450200
2025-04-11,68.97236633300781,69.3779139662701,68.11298842909176,68.47026079185872,19988200
2025-04-14,69.95726776123047,70.16004894180331,68.48956842880492,68.84684078636653,13930200
2025-04-15,69.3875732421875,70.13107725016427,69.25239069528264,70.12142661602554,14965500
2025-04-16,69.2137680053711,70.16970386163544,68.9337449026479,69.8703721231953,15276200
2025-04-17,70.48834228515625,70.90354788370354,69.25238348954446,69.42619065560834,20754500
2025-04-21,70.2662582397461,70.94217832618618,69.34894706795127,70.85527105258988,16037200
2025-04-22,71.35737609863281,71.82085695043966,70.41109102860958,70.48834029287583,15613500
2025-04-23,70.77803039550781,71.40566048891696,69.88967847670963,70.76837239451646,16353900
2025-04-24,70.02486419677734,70.90355815440967,69.81243973361352,70.50766113167953,16893900
2025-04-25,69.43585968017578,70.41110419808646,68.68269026305236,70.15039709104516,16316000
2025-04-28,69.31998443603516,69.77381473118162,68.85649613950994,69.60000754084673,15997500
2025-04-29,69.86071014404297,70.20832450232723,67.8619312673565,68.74062516382395,16244100
2025-04-30,70.05384063720703,70.95184326202924,69.22342929094577,70.82631133977546,21074700
2025-05-01,68.8371810913086,69.56137642242741,68.77924782222576,69.5227517874069,18034200
2025-05-02,69.18480682373047,69.34895602440594,68.65372721343091,69.03996626029449,12629600
2025-05-05,69.23307800292969,69.32964328410347,68.56682323758976,69.2041113653362,11932700
2025-05-06,69.25238800048828,69.42619517787357,68.71165783391007,69.21376336474755,12705500
2025-05-07,69.90898895263672,70.18901202408111,69.20410227391177,69.2523849081557,15018200
2025-05-08,68.72130584716797,69.9765806767391,68.68268121290009,69.71586623715483,14371100
2025-05-09,68.09366607666016,68.7019948367143,68.03573281071041,68.54749630498772,11228900
2025-05-12,67.13773345947266,67.91021142004575,66.33628886458484,67.73640424726159,21539000
2025-05-13,66.58734893798828,67.29223566796773,66.50044903030523,67.19567039245828,14389100
2025-05-14,66.78047180175781,66.95427161629019,66.22042562083293,66.51009934528305,16286800
2025-05-15,69.14617919921875,69.26205311834786,67.20533341346248,67.30189132928837,19817100
2025-05-16,69.52275848388672,69.77381495225401,68.97237027389848,69.38757593174199,18441200
2025-05-19,69.45515441894531,69.68689484182322,69.17513136480753,69.55171231456984,13282800
2025-05-20,69.22342681884766,69.64828311167398,68.97237035020261,69.32964273377839,12137800
2025-05-21,69.37792205810547,69.60001190235492,69.11721493971412,69.22343086084685,12094400
2025-05-22,68.69234466552734,69.51309794990247,68.51853748097409,69.36825740162537,11101800
2025-05-23,69.30066680908203,69.50344799880062,68.25783105841015,69.07858435085139,12822100
2025-05-27,69.3103256225586,69.73518927548727,69.09789379609425,69.27170098439267,10666100
2025-05-28,68.7020034790039,69.42619886205688,68.60544556797612,69.2330756731049,8710900
2025-05-29,69.03030395507812,69.19446051241763,68.03574344405793,68.5571650197853,10291100
2025-05-30,69.61930847167969,69.97658081418756,69.1461695930363,69.1461695930363,28019500
2025-06-02,69.52275848388672,69.56138312262757,68.90477899782611,69.55172512121821,10202700
2025-06-03,68.71165466308594,69.31031807220083,68.04539261937222,69.24272680449768,20139800
2025-06-04,68.9144287109375,69.37790958629209,68.24816666485762,68.8082128088988,13565900
2025-06-05,68.47026824951172,69.00134048418063,68.39301896802996,68.92409120269888,13531400
2025-06-06,68.8951187133789,69.02065062685098,68.49922907147304,68.6344116191381,9524000
2025-06-09,69.30066680908203,69.35860744910008,68.64406270174976,68.89511916343761,12281300
2025-06-10,69.86071014404297,70.1890158677097,69.2910133366247,69.42619587963567,12265000
2025-06-11,69.59034729003906,69.8703703857992,69.2910155590421,69.78346310999267,12718500
2025-06-12,69.7544937133789,69.90899225674505,69.13651427370635,69.7641517140633,12806900
2025-06-13,69.06404113769531,69.90035654658321,68.78203453124911,69.79338545340401,17467200
2025-06-16,68.57781982421875,69.64753088439153,68.30553243409292,69.23909237992787,15045900
2025-06-17,67.7026138305664,68.51947601729034,67.66371457130217,68.44167749876185,15437000
2025-06-18,67.30390167236328,68.07214534586534,67.18720389511707,68.07214534586534,16227600
2025-06-20,66.944091796875,67.6442636501103,66.88574661553051,67.18720661151085,40859400
2025-06-23,67.81930541992188,67.88737727005096,67.07051506850198,67.235831358919,21822800
2025-06-24,68.27635955810547,68.41250325259621,67.77068403846482,68.01379883852329,15216100
2025-06-25,67.71233367919922,68.09159218628271,67.51784480043466,68.00407441662121,12540400
2025-06-26,67.5567398071289,67.99434346643818,67.24555316913073,67.78040126170043,14454100
2025-06-27,68.39305114746094,68.61671258849236,67.55673571735596,67.67342606249437,23470700
2025-06-30,68.80148315429688,68.84038240964402,68.15965656998037,68.19855582532753,15429000
2025-07-01,69.69615173339844,70.4546687511552,68.94736138540848,69.03487915548418,21729300
2025-07-02,68.95709228515625,69.85175305742801,68.79176856607998,69.71560934944212,13050200
2025-07-03,69.38496398925781,69.43358991805621,68.50974920581203,69.0835040046779,9440500
2025-07-07,69.0543212890625,69.40440715110462,68.85010577275025,69.40440715110462,16984700
2025-07-08,68.30552673339844,68.73341112175684,67.9554408555187,68.73341112175684,17115500
2025-07-09,67.56645965576172,68.31524987748278,67.0705034511406,68.22773212216525,33704100
2025-07-10,67.84848022460938,67.92627874708911,67.25528689370893,67.3817039282819,14608400
2025-07-11,67.94573211669922,68.22774619635348,67.34280469613401,67.65399136691192,12916700
2025-07-14,67.5567398071289,68.14994049507462,67.36224352133337,67.87765311423554,13983200
2025-07-15,67.44976806640625,67.63453768134465,67.24555253270967,67.5956384245537,12639800
2025-07-16,67.36224365234375,67.58591252662495,66.895467404076,67.44004216681327,13178300
2025-07-17,68.64588928222656,68.7431411346933,67.5956390167677,67.8873723163439,20464700
2025-07-18,67.92627716064453,68.75286603967888,67.90683124011649,68.50003197643797,14928000
2025-07-21,68.14021301269531,68.67506851815607,68.00406932390068,68.25691078277983,17811700
2025-07-22,67.74150848388672,68.32498249462814,66.79822191387204,67.53728553181637,22339900
2025-07-23,67.25527954101562,67.8193002191434,66.71069736246947,67.74150912444364,21030000
2025-07-24,67.1969223022461,67.63453334865494,67.0899512077422,67.35251931944234,12511400
2025-07-25,67.26500701904297,67.3233596212991,66.85657589962774,67.22610775729738,12574800
2025-07-28,66.2147445678711,67.0024415792667,66.1855719784259,66.84684454319225,13668800
2025-07-29,67.4692153930664,67.50811465066909,66.27309475370163,66.45785695322093,16223400
2025-07-30,66.85657501220703,67.42060317111795,66.6426327850839,67.2066609439948,10448200
2025-07-31,66.02025604248047,66.75932712920695,65.87438567520516,66.273097517806,17193400
2025-08-01,66.96354675292969,67.13858972046297,66.38979191851898,66.71070526220926,16107500
2025-08-04,67.06078338623047,67.17748115741855,66.42868344269235,66.82739526312896,10701500
2025-08-05,67.14830780029297,67.57618478453219,66.85656708530182,67.00243744279739,11993400
2025-08-06,67.59564208984375,67.87765615241412,66.73987323258883,67.21638358966032,10783000
2025-08-07,68.49030303955078,68.77231710316218,67.42059938330841,67.54701641074455,15790800
2025-08-08,68.40277099609375,68.91818056231021,68.14993696656224,68.42222433330343,9232700
2025-08-11,68.80148315429688,68.90845425168295,68.03323955455788,68.36387951537151,10909400
2025-08-12,68.76258850097656,69.1029477339502,68.28608557481346,68.86955960552183,11061100
2025-08-13,68.51947784423828,68.82093783748022,68.29581637159919,68.74314673615265,10356500
2025-08-14,67.6345443725586,68.51947843945867,67.47894733000125,68.44167991817999,10722400
2025-08-15,67.99433898925781,68.45139595668844,67.65397978562038,67.81929605320511,12381100
2025-08-18,67.22610473632812,68.1207728777212,67.14831363560826,68.0527010275443,14094900
2025-08-19,68.19856262207031,68.28608781014285,67.33307450734513,67.39142710581851,13862200
2025-08-20,68.75286865234375,69.73505461002739,68.47086198795667,68.79176791415331,17530800
2025-08-21,68.7139663696289,68.95708115454391,68.39305307291524,68.65561377614269,8840400
2025-08-22,68.19856262207031,69.0640507367955,67.99434707560117,69.0057055575972,12999600
2025-08-25,67.0316162109375,68.29581620009569,66.8274006593243,68.17911841948447,13634600
2025-08-26,66.83712768554688,67.17748694005022,66.69125731382393,67.13858767963907,17964200
2025-08-27,66.93437194824219,66.97327120854948,66.58428602475186,66.92464527834655,11562700
2025-08-28,66.47731018066406,67.00243902851135,66.39951166558859,66.98298569010511,16209900
2025-08-29,67.08995819091797,67.23582855490409,66.54538341259635,66.7787715434092,14601100
2025-09-02,67.15802764892578,67.43031502839942,66.38006476746892,67.06078321615301,24770100
2025-09-03,67.08995819091797,67.19692929655614,65.51457903383762,66.76905229327839,33581500
2025-09-04,66.3703384399414,67.54701314687868,66.23419474950401,67.2066539207852,16736000
2025-09-05,66.08832550048828,66.69125286775295,66.00080773485419,66.13695142757932,23978000
2025-09-08,65.57292175292969,66.01052540920429,65.31036104301985,65.99107949039693,21671700
2025-09-09,65.99108123779297,66.23419603533294,65.42705312687427,65.42705312687427,14120600
2025-09-10,65.95218658447266,66.21474731966617,65.3589858435175,65.92301399381509,16041900
2025-09-11,65.7576904296875,66.29253851091354,65.71879117335341,66.04942372328138,15128700
2025-09-12,65.16448974609375,65.85493485256897,65.09641790233633,65.73823708358144,18712400
2025-09-15,64.88031768798828,65.43887019959712,64.77252619660982,65.34087997366443,15986100
2025-09-16,64.90971374511719,65.1742955778558,64.7333283486831,65.01750523605885,18555900
2025-09-17,65.69364166259766,65.78183061086128,65.07629659623035,65.07629659623035,17372300
2025-09-18,65.12528991699219,65.69364363231217,65.01749843732205,65.45846562038378,17722900
2025-09-19,65.09589385986328,65.3898719830779,64.7235280498091,65.15468649403651,31192900
2025-09-22,64.88031768798828,65.2526835370025,64.75293114189328,64.83132631310944,13298700
2025-09-23,65.37026977539062,65.41926862155853,64.57653930545564,65.01749901626968,15072800
2025-09-24,65.11549377441406,65.43886823886022,64.63533644840827,65.07630366615524,14759300
2025-09-25,64.65493774414062,65.57605479413007,64.62553394924579,65.40947067059923,14395000
2025-09-26,64.35115051269531,64.99789935057507,64.18456640942583,64.74311882569755,17821600
2025-09-29,64.71372985839844,64.7725224953635,64.03758462860179,64.35115781937314,14818500
2025-09-30,64.98809814453125,65.30167129997683,64.63532741013324,64.74311888320895,13815000
2025-10-01,65.4388656616211,65.48786450927703,64.95870835452578,65.17429132233272,14877500
2025-10-02,64.77252197265625,65.31147939440201,64.53734395051924,65.19388664524624,14350700
2025-10-03,65.31147766113281,65.64464589397056,64.71372761875983,64.77252025369017,12249200
2025-10-06,64.77252197265625,65.16449032700093,64.51774142090602,65.15468906219432,14333300
2025-10-07,65.44866943359375,65.9092317049746,64.54714742111516,64.89011693932171,13328300
2025-10-08,64.79212188720703,65.52705971837518,64.7333217769151,65.33107181102581,12606700
2025-10-09,65.037109375,65.4584740837794,64.79213006701606,64.9587142021631,12705200
2025-10-10,65.69364166259766,66.04641240800012,65.04689280396849,65.18408059649457,17991700
2025-10-13,65.45846557617188,65.45846557617188,64.67452890204109,64.89991312561031,13690000
2025-10-14,66.15421295166016,66.21300559189413,65.40947377860472,65.52706653524768,14245600
2025-10-15,65.73284149169922,66.35998784361045,65.57605116563428,65.91902065868352,11193700
2025-10-16,66.23259735107422,66.74215846166473,65.81124014879597,65.83083520250732,15707200
2025-10-17,67.0655288696289,67.12432150338752,66.43838252228973,66.6343629522679,15541800
2025-10-20,67.0655288696289,67.26150929960708,66.55596778980696,67.05572760527774,17786800
2025-10-21,69.7896957397461,69.95627984931726,68.81957992240194,69.15274814154425,33651300
2025-10-22,69.38792419433594,70.18166209179373,69.09395356387,69.92688156445087,18293000
2025-10-23,68.53540802001953,69.50552390740795,68.31982505033886,69.38793115771634,13989400
2025-10-24,68.31002044677734,68.64319614986536,68.25122781289237,68.50600835335094,15688200
2025-10-27,68.65299224853516,68.71179236057321,67.85926175967863,68.37861664627238,13800000
2025-10-28,68.75099182128906,69.47612842938857,68.54520263779597,68.64320033514493,12730500
2025-10-29,66.97733306884766,68.62359411504399,66.79115390148044,68.51580263469621,19789600
2025-10-30,67.59468841552734,67.89846034018632,67.01653340839866,67.0753260451263,14751700
2025-10-31,67.51629638671875,67.68288051597163,66.53637918945483,67.17332686291137,16742700
2025-11-03,66.60496520996094,67.50648713044556,66.3011933071436,67.418298181695,15660400
2025-11-04,67.28111267089844,67.34970656986725,66.79115411364286,67.09492602676555,12743800
2025-11-05,67.13412475585938,67.44769793881517,66.81075030826216,67.28111382078306,12850100
2025-11-06,67.6730728149414,67.7514679775491,66.55596791439153,66.92834119869096,15906700
2025-11-07,69.1331558227539,69.44672900218079,68.01605090378472,68.40801177093759,25108300
2025-11-10,69.103759765625,69.24095505589729,68.04545483918639,68.60400736120336,15318000
2025-11-11,70.17186737060547,70.30905517284877,69.2409490730724,69.5545222605106,16160200
2025-11-12,70.07388305664062,70.44624891179929,69.90729144601359,70.05428052542561,13612600
2025-11-13,69.64270782470703,70.2306565880096,69.57411392692464,69.98567731361902,14002800
2025-11-14,69.73091125488281,70.20126732229785,69.18215254133207,69.97589055387915,13172000
2025-11-17,69.26054382324219,70.09347189783703,69.20175118715945,69.77009744703302,14772300
2025-11-18,69.7896957397461,69.90728100477325,69.15274814154425,69.56431152148734,12838900
2025-11-19,69.6819076538086,70.01507588916476,69.387929524586,69.77009660687074,12401500
2025-11-20,69.77989196777344,70.04447375692375,69.19194323524596,69.52511144241448,15396500
2025-11-21,71.48495483398438,71.72014033852818,70.05427665746251,70.24046331284934,26492500
2025-11-24,71.1321792602539,71.69073918877703,70.13266709990427,71.69073918877703,39818600
2025-11-25,71.15177917480469,71.46535233870426,70.69121695491414,71.33796581080485,17451200
2025-11-26,71.41636657714844,71.62214830276261,70.93620921738203,71.1419909429962,11795100
2025-11-28,71.65155029296875,71.75934178597755,71.2987794933354,71.53395753436592,7423000
2025-12-01,71.00025177001953,71.94758632563475,70.98051908409195,71.64167322861248,14388100
2025-12-02,69.73715209960938,70.85224088449384,69.50032221475122,70.85224088449384,19871300
2025-12-03,69.87529754638672,70.45751339427578,69.67794058058216,69.94437323728688,17001700
2025-12-04,69.52005004882812,70.39830135886356,69.44111177850974,69.89503882975501,17710000
2025-12-05,69.07598876953125,69.77661575217998,68.94770750071454,69.39176441704456,13978200
2025-12-08,69.32269287109375,69.4509741475746,68.57272284018585,68.91810129893102,17775100
2025-12-09,69.16480255126953,69.69767540975708,68.90823999356826,69.44111285205581,13010600
2025-12-10,69.28321838378906,69.59899404293097,68.85889413600285,69.46084266259923,29789400
2025-12-11,68.19773864746094,69.756884226757,67.88196299470222,69.61873284921789,23124200
2025-12-12,69.58912658691406,69.68781260121206,68.12866693100831,68.1977426238054,18444500
2025-12-15,70.03318786621094,70.37856631442011,69.39176644600218,69.50031503382299,18660100
2025-12-16,69.44110870361328,70.35883287251339,69.39176569924918,70.35883287251339,17370000
2025-12-17,69.73715209960938,69.98385209220345,69.38190350797899,69.638473608309,13672700
2025-12-18,69.43123626708984,69.86543059913025,69.24374189122055,69.34242036795195,15524800
2025-12-19,69.13520050048828,69.83582754545967,69.10559770725773,69.13520050048828,36911100
2025-12-22,69.28321838378906,69.29308849058006,68.74048296925311,69.00691562312558,12828500
2025-12-23,68.94771575927734,69.33256714051029,68.77009146573242,69.27335402353785,9471000
2025-12-24,69.18453979492188,69.233882800115,68.82929123785102,68.9773127247448,4515300
2025-12-26,68.94771575927734,69.23388865047116,68.80956436748532,69.02665403409692,5711400
2025-12-29,69.23387908935547,69.490441622289,68.92796602518833,69.07598750414854,9686900
2025-12-30,69.14507293701172,69.3128271234264,68.87864026027583,69.07599724091826,8610900
2025-12-31,68.9871826171875,69.2338825850155,68.95757229695229,69.14506668168093,8127800
2026-01-02,68.20761108398438,68.94771100123326,68.0694597017261,68.92797078737598,12151300
2026-01-05,67.04318237304688,68.01024198336809,67.02344216052634,68.01024198336809,21186600
2026-01-06,66.94450378417969,67.34909537013587,66.69780380113889,67.11226549444879,21019900
2026-01-07,66.6484603881836,67.17146308538422,66.38202022215133,67.09251729332391,20223400
2026-01-08,68.45430755615234,68.54311592791208,66.55964614307308,66.64846204351811,19237000
2026-01-09,69.57926177978516,69.72728326780512,68.20761054625903,68.51351610046417,19638600
2026-01-12,69.56939697265625,70.03319415706375,69.31282687578879,69.96411846121707,20582500
2026-01-13,70.29962921142578,70.29962921142578,69.34243201610218,69.49045352040655,18324800
2026-01-14,70.49699401855469,70.76342670445631,69.8753052036401,70.23055380396659,16739100
2026-01-15,69.5496597290039,70.65487079013353,69.441111138545,70.64500068317753,15464100
2026-01-16,69.51019287109375,69.80622834733131,69.11547137409065,69.36217136863179,20027500
2026-01-20,70.80289459228516,70.83249738543434,68.86876764345041,69.07599472418063,22152200
2026-01-21,71.05946350097656,71.28642326380957,69.89503930809639,71.02986070831885,21660600
2026-01-22,70.92131042480469,71.08906459832171,70.49698617322974,70.88183752597381,13962800
2026-01-23,71.91797637939453,72.0956006684145,70.83249795924407,71.06932783504202,18307100
2026-01-26,71.6021957397461,72.33243305993389,71.582463055083,71.89823871049093,14017400
2026-01-27,72.57913970947266,72.58900228836966,71.31602944284143,71.48379115701083,13239200
2026-01-28,72.09559631347656,72.64820936187252,71.61206648372996,72.24361780016629,14633700
2026-01-29,72.4607162475586,73.11200026025516,72.17454337592267,72.21401627497787,20862100
2026-01-30,73.82249450683594,73.91131040841778,72.56926200762301,72.737016175551,26420500
2026-02-02,74.33563995361328,74.70075110650464,73.41791572472846,74.01986427962527,19301500
2026-02-03,75.87503814697266,76.47698664414396,74.13826834224798,74.27641971582645,27007100
2026-02-04,76.32896423339844,77.07893420131059,76.06253159579924,76.25001844126345,28607300
2026-02-05,77.47366333007812,77.81904179412463,76.56580168770265,76.79276898046798,21633500
2026-02-06,77.9867935180664,78.15454769122553,77.2269609210785,77.46379078487288,18512400
2026-02-09,76.9407958984375,78.06574727704532,76.5164716044934,77.63155287523655,23415600
2026-02-10,75.79609680175781,76.48686123887099,75.00666141051002,75.61847252120707,28848200
2026-02-11,77.56246948242188,78.00653394803875,75.56913702664558,75.86517247503785,22649700
2026-02-12,77.95719146728516,79.34858292876153,77.74996439340934,77.93745878206704,26043500
2026-02-13,77.64141845703125,78.35191560814155,77.09867548640923,77.41445116149315,16711900
2026-02-17,78.50979614257812,78.58874193996218,77.70062054110562,77.94732051141658,16260200
2026-02-18,78.44071960449219,78.78609805345862,77.87824397940815,78.45058971122995,16304900
2026-02-19,77.8683853149414,78.61834783362212,77.55260211294627,78.41112075382725,14924700
2026-02-20,78.78610229492188,78.78610229492188,77.8486453788755,78.28283975448566,17175100
2026-02-23,79.49659729003906,79.78277016360019,78.45059180843931,78.47032449375682,17157700
2026-02-24,79.65448760986328,80.0195987475247,78.7959690029484,79.47686333011143,16448500
2026-02-25,79.40779113769531,79.62488832569855,78.50979959253391,79.33871544412028,18086900
2026-02-26,79.43739318847656,79.82224455318176,78.96372591647007,79.68409316732277,12843200
2026-02-27,80.4833984375,80.91759280808873,79.75316861043466,79.8715873102368,28483500
2026-03-02,79.16109466552734,80.32551892932634,79.09201896889039,80.17749742833676,18137200
2026-03-03,78.2927017211914,79.02293907968077,77.52299899130585,78.80584189357235,20549300
2026-03-04,77.0690689086914,78.42098745087183,76.72369045738563,78.24336317181664,21011800
2026-03-05,76.01319885253906,76.69409322640016,75.49019608425752,76.65462032500527,23165700
2026-03-06,76.02306365966797,76.17108514740708,75.34216933327939,75.78623379649675,15516000
2026-03-09,76.77304077148438,77.03947345108865,75.51980059198543,75.60861650431106,18554100
2026-03-10,76.85197448730469,77.37498476510837,76.08227176002292,76.45726054519106,17243900
2026-03-11,76.60527038574219,76.68421618138987,75.58886773500595,76.68421618138987,11546800
2026-03-12,76.58554077148438,77.12828372746395,75.88491374656532,76.39804638147584,16842200
2026-03-13,76.8438720703125,77.5493241995201,76.69484036177172,76.97304299165201,11974500
2026-03-16,77.32079315185547,77.92688067691923,77.24130452354646,77.49963877532433,11761200
2026-03-17,77.08233642578125,77.79771893430544,76.95316550702088,77.49964036226936,14900100
2026-03-18,75.48265838623047,76.63521311651704,75.36342544980671,76.58553841167979,13134600
2026-03-19,75.06536102294922,75.95958159249396,75.04548507491977,75.51247130772158,13023300
2026-03-20,74.2704849243164,75.56214856387686,73.91279368814436,75.08522438882993,33298700
2026-03-23,74.62818145751953,74.96599677096391,74.07177619751555,74.85670179768411,15054900
2026-03-24,74.19100189208984,75.20446299780555,74.151257576135,74.37978549776209,15653700
2026-03-25,74.76728057861328,75.16471614429118,73.59484982911259,74.11151075817682,14787900
2026-03-26,74.21087646484375,75.2640742865408,74.17113214962554,74.70766903439187,11202100
2026-03-27,75.22432708740234,75.56214996357933,74.22080401286095,74.34003695394449,17461000
2026-03-30,75.78073120117188,76.50605164961281,75.23426395194622,75.4429159104272,18502800
2026-03-31,75.56214904785156,76.5259202165659,75.02561219015698,76.03906564550054,18301800
2026-04-01,75.59195709228516,75.87015971059611,74.77721760418045,75.6615077468629,15834300
2026-04-02,76.22785186767578,76.46631017472605,75.6317023098237,76.08875055685873,14573400
2026-04-06,76.72463989257812,76.78425257070258,75.73105482809088,76.14835873586692,8259900
2026-04-07,75.42304992675781,77.10220362104153,75.14483972620837,76.70476805785233,12769200
2026-04-08,76.79419708251953,76.87368571375517,74.83683312594741,75.32368772647273,12331300
2026-04-09,77.67848205566406,77.78777702117893,75.88009548202379,76.15829809226068,14311000
2026-04-10,76.97303771972656,77.66854424679165,76.81406046756733,77.47976823541833,11081400
2026-04-13,75.91984558105469,76.95316747484344,75.34356436995671,76.82400413323315,12696200
2026-04-14,75.4131088256836,76.12849129366677,75.31375183411984,75.48265947782349,12397600
2026-04-15,74.82688903808594,75.25413092050265,74.24067748663992,75.25413092050265,16212100
2026-04-16,74.6977310180664,75.35349326766206,74.41952839214989,74.54869173119597,11501900
2026-04-17,75.25413513183594,75.57208206813982,74.32017027044805,74.46920197461165,15033900
2026-04-20,74.99580383300781,75.73105465653612,74.87657089657657,75.33361911555104,10141800
2026-04-21,74.2208023071289,75.04547974131874,74.14132126201923,74.99580503568177,11806900
2026-04-22,74.15125274658203,74.89644156618083,74.0717717003022,74.4195249666911,9352300
2026-04-23,75.7906723022461,76.16823950213326,74.67786181109135,74.95606443388003,12060300
2026-04-24,76.138427734375,76.515994944942,75.68137947251515,76.21791636612102,12008700
2026-04-27,74.95606231689453,76.21791205760562,74.91631800326823,76.21791205760562,15812200
2026-04-28,77.8473892211914,79.80475303460555,77.5791245859579,79.00988194129084,30710700
2026-04-29,78.36405944824219,78.77142539679481,77.68842127803904,77.86726689898849,18294700
2026-04-30,78.25476837158203,78.61245963126434,77.82752645476445,78.29451268715263,15142200
2026-05-01,78.07592010498047,79.12911790044723,77.5393832335768,78.78136462651507,12610400
2026-05-04,77.68842315673828,78.26469676666424,77.23137491002663,77.5592522393189,12672400
2026-05-05,77.9765625,78.2746334837031,77.24130406320289,77.68842190943671,11637500
2026-05-06,78.72174835205078,78.82110534286001,78.0659785678954,78.27463052273052,14060300
2026-05-07,77.9268798828125,78.64226236939791,77.59899497971874,78.2845711261052,16531400
2026-05-08,77.91693878173828,78.69193391761387,77.61886781126051,78.06597805720338,12447200
2026-05-11,78.15541076660156,78.22496142319731,77.3406636744042,77.6586181965025,10967900
2026-05-12,79.51661682128906,79.80475741893426,77.777842842034,78.49322534922855,19883100
2026-05-13,79.7451400756836,80.51019724643862,79.32782858391015,79.3576425036781,12357000
2026-05-14,79.93392181396484,80.40090804458362,79.39739250692739,80.2121320219049,10642000
2026-05-15,80.30155181884766,80.83808871150025,79.93392258301539,80.83808871150025,17527200
2026-05-18,80.67910766601562,80.86789126211345,79.8743061549928,80.35123034180992,12375500
2026-05-19,81.39449310302734,82.1297515668438,80.73873085042028,80.88777013797514,16595200
2026-05-20,81.02687072753906,81.8714165755325,80.99705680593205,81.64288865926339,16999700
2026-05-21,80.64929962158203,81.27526307733143,80.20218936500615,81.26532510394343,15708400
2026-05-22,80.95732116699219,81.15603516434358,80.40090832959272,80.65924259051201,8240200
2026-05-26,79.94385528564453,81.07654167973828,79.72526535337158,80.32141489019156,13004200
2026-05-27,81.09642028808594,81.98071043915546,80.28168079225381,80.57975178021998,13209600
2026-05-28,79.89418029785156,81.23551864608098,79.82462206468935,80.7983387830763,14691400
2026-05-29,78.50315856933594,79.8146905596223,78.40380157834277,79.52654997942535,32477000
2026-06-01,78.13553619384766,78.69194145640577,77.92688422038836,78.07592351013162,12776300
2026-06-02,77.90701293945312,78.69193851387408,77.74803568155077,78.37399157852226,12533200
2026-06-03,78.25476837158203,78.52303302611722,77.60893650935269,77.78778213919385,14964300
2026-06-04,76.32720947265625,79.52655480787077,76.31727149881779,79.26822055124178,19361600
2026-06-05,78.97014617919922,80.222057932939,76.98297600195211,77.01278234173839,25708100
2026-06-08,79.0297622680664,79.41725986290979,78.59258238446752,78.80123435242527,12828900
2026-06-09,80.81820678710938,81.235518281949,78.87078093951726,79.03969616429994,20591600
2026-06-10,83.05377197265625,83.3121062121698,81.59320829419526,82.14961350503755,20880500
2026-06-11,82.00057983398438,83.50089550771385,81.96083551900014,83.38166256276116,14264500
2026-06-12,82.09000396728516,82.35826860978896,81.34481513977678,82.17942298796885,11757700
2026-06-15,80.91000366210938,81.19999694824219,80.25,81.08000183105469,20055200
2026-06-16,80.27999877929688,81.38999938964844,79.83999633789062,81.1500015258789,17565100
2026-06-17,79.93000030517578,80.33000183105469,78.98999786376953,79.94999694824219,17055400
2026-06-18,79.38999938964844,80.01000213623047,78.73999786376953,79.87000274658203,46857900
2026-06-22,79.52999877929688,80.05999755859375,79.05999755859375,79.25,21205900
2026-06-23,80.30999755859375,81.33000183105469,79.83000183105469,81.33000183105469,16854000
2026-06-24,80.5999984741211,81.58000183105469,80.55999755859375,80.88999938964844,20632600
2026-06-25,80.41999816894531,81.37999725341797,79.97000122070312,80.52999877929688,16021400
2026-06-26,82.62999725341797,82.80999755859375,80.69999694824219,80.95999908447266,53357500
2026-06-29,82.6500015258789,83.62000274658203,82.20999908447266,82.83000183105469,15015800
2026-06-30,81.2699966430664,82.54000091552734,81.01000213623047,82.5,16422100
2026-07-01,81.29000091552734,81.9800033569336,80.95999908447266,81.69999694824219,21734800
2026-07-02,84.13999938964844,84.13999938964844,81.4000015258789,81.62999725341797,18308400
2026-07-06,82.95999908447266,84.55999755859375,82.31999969482422,84.0999984741211,18992600
2026-07-07,84.05000305175781,85.68000030517578,83.63999938964844,84.5999984741211,17835200
2026-07-08,83.4000015258789,84.83000183105469,83.2699966430664,84.16999816894531,14160000
2026-07-09,82.62999725341797,82.81999969482422,81.70999908447266,82.08999633789062,15782500
2026-07-10,83.48999786376953,83.73999786376953,82.41000366210938,82.7300033569336,10694600
2026-07-13,84.25,84.68000030517578,83.66999816894531,83.9000015258789,12085800
2026-07-14,83.08000183105469,84.62999725341797,83.08000183105469,84.16999816894531,13775400
2026-07-15,82.44999694824219,83.23999786376953,82.2300033569336,82.93000030517578,18383800
2026-07-16,84.91999816894531,84.94999694824219,83.27999877929688,83.5,17889900
2026-07-17,81.55999755859375,85.55999755859375,80.83000183105469,85.37000274658203,32903000
2026-07-20,82.12000274658203,82.37000274658203,81.30000305175781,81.55000305175781,14967200
2026-07-21,81.97000122070312,82.4000015258789,81.31999969482422,81.97000122070312,12949400
2026-07-22,82.19999694824219,82.91999816894531,81.95999908447266,82.8499984741211,11701300
2026-07-23,81.16999816894531,81.87000274658203,80.87999725341797,81.66999816894531,13755600
2026-07-24,82.25,82.33000183105469,80.9000015258789,81.56999969482422,11980400
2026-07-27,84.06999969482422,84.13999938964844,82.5,83.08000183105469,19937600
2026-07-28,88.2699966430664,90.22000122070312,86.25,88.30000305175781,34964200
