Price,Close,High,Low,Open,Volume
Ticker,META,META,META,META,META
Date,,,,,
2012-05-18,37.89720153808594,44.60826810447062,37.669204177108526,41.68394755021293,573576400
2012-05-21,33.7337646484375,36.340871326058476,32.712732099058826,36.212001928669224,168192700
2012-05-22,30.73014259338379,33.29759659357449,30.670665427450363,32.32612802343342,101786600
2012-05-23,31.721437454223633,32.21708491444588,31.087009310177564,31.09692248627141,73600000
2012-05-24,32.74246597290039,32.92089933908701,31.493436191083646,32.66316435542276,50237200
2012-05-25,31.632219314575195,32.663166892282185,30.839184170758223,32.61360290482297,37149800
2012-05-29,28.58894157409668,31.414132072047494,28.40059503670136,31.205959185295878,78063400
2012-05-30,27.944602966308594,29.292762706291445,27.617475734234347,28.450163577831507,57267900
2012-05-31,29.342327117919922,29.411717452961017,26.596440006399085,28.30146642006899,111639200
2012-06-01,27.478694915771484,28.89624697524988,27.15156766287224,28.638510065276986,41855500
2012-06-04,26.66583251953125,27.409303696975865,26.209837771589473,26.963222124956083,35230300
2012-06-05,25.644798278808594,27.51834491670046,25.52584206637735,26.46757291832805,42473400
2012-06-06,26.576614379882812,26.933481130663242,25.2978450074944,25.84305641830239,61489200
2012-06-07,26.080970764160156,27.11191846553431,25.92236371637108,26.76496483946627,26159500
2012-06-08,26.864089965820312,27.51834439492468,26.209835536715946,26.31887668107013,38034000
2012-06-11,26.774873733520508,27.825645729733164,26.606353535857124,26.943393931183895,28219600
2012-06-12,27.161479949951172,27.528259895798563,26.725309663448996,27.240783466520206,15816800
2012-06-13,27.032609939575195,27.855384556765756,26.864089746138824,27.41921431068136,17102800
2012-06-14,28.043733596801758,28.073471233691304,27.14165349933787,27.409303575813585,16855000
2012-06-15,29.748760223388672,29.83797691579072,28.103210838020853,28.2618178710145,43563800
2012-06-18,31.136571884155273,31.800741417028814,29.153982133412523,29.69919355856881,42978900
2012-06-19,31.632219314575195,31.89986938464277,30.432753423208908,31.265441269589193,30849000
2012-06-20,31.324918746948242,31.652045983397677,30.878835292360403,31.642132807657397,15553600
2012-06-21,31.56282615661621,32.21708056451289,31.23569895266787,31.394305967264355,21875300
2012-06-22,32.76229476928711,33.15881423075548,31.780914963462138,32.127866656129584,74834000
2012-06-25,31.780914306640625,32.73255645670916,31.275351814642505,32.57394943169774,24352900
2012-06-26,32.811859130859375,33.148899542504914,32.217083713362484,32.40542837988886,24858700
2012-06-27,31.949426651000977,32.613596044002726,31.62229948665008,32.17742397054216,28568000
2012-06-28,31.087007522583008,31.909780292865264,30.63101090221229,31.681782928052353,17713300
2012-06-29,30.829275131225586,31.711527083429512,30.49223467719922,31.64213673537912,19526900
2012-07-02,30.50214385986328,31.45378603549847,30.28405777655485,30.977964947680874,14122000
2012-07-03,30.928403854370117,31.166314420542797,30.531884353337208,30.64092740519577,8763600
2012-07-05,31.196048736572266,31.354655763792447,30.749967181544847,31.04735488489646,10032100
2012-07-06,31.453784942626953,31.622305141716847,30.98787704667012,31.16631042108823,10945600
2012-07-09,31.889955520629883,32.593777782450964,31.71152402460221,31.82056517927273,17785200
2012-07-10,31.196048736572266,32.19725677761522,30.88874785767628,32.14769279063826,14269500
2012-07-11,30.70039939880371,31.28526348441552,30.284055505499456,31.205959975726365,13030300
2012-07-12,30.541793823242188,31.12665793646426,30.33362281213512,30.432752675362483,11300700
2012-07-13,30.452577590942383,30.79953117205568,30.293970563704004,30.769793536164048,8108300
2012-07-16,28.004079818725586,30.234493255615234,27.96442711673444,30.234493255615234,24672100
2012-07-17,27.845470428466797,28.341117816811533,26.91365280897017,28.232074786337375,30438600
2012-07-18,28.856599807739258,29.035033221096224,27.90495556675052,28.06356262512443,16841800
2012-07-19,28.7475528717041,29.243200335009345,28.38077291693041,29.1539836403548,13685100
2012-07-20,28.509639739990234,29.21345816672692,28.46998703895134,28.747550273989038,11869100
2012-07-23,28.49972915649414,28.74755288828974,27.766171137268564,27.875214184297036,12390700
2012-07-24,28.20233917236328,29.193634020028146,27.855385597531605,28.569117207182153,11539800
2012-07-25,29.084592819213867,29.2332866776086,27.835561005357107,28.14286189813889,17230200
2012-07-26,26.61626434326172,27.9842502626136,26.497308141657577,27.508429237686396,64597400
2012-07-27,23.503599166870117,24.32637567881242,22.086049168995736,22.9881272997998,123102300
2012-07-30,22.948474884033203,23.830728566428334,22.829520563521502,23.79107586576121,29285900
2012-07-31,21.521007537841797,23.166558518200315,21.42187957809573,23.166558518200315,56179400
2012-08-01,20.69823455810547,21.392141673264646,20.658583749357824,21.31283816502458,44604400
2012-08-02,19.865550994873047,20.658586170204405,19.647464903598173,20.589195828706035,56374500
2012-08-03,20.906410217285156,21.96709548947659,19.726768721609577,20.182765372429603,80647000
2012-08-06,21.729185104370117,21.957182486203088,21.114581411227928,21.20379810685736,27778900
2012-08-07,20.539630889892578,22.254572607605475,20.321546679367597,22.006748867613187,36782900
2012-08-08,20.539630889892578,20.965888025198527,20.043983409908,20.52971771340348,29537400
2012-08-09,20.827104568481445,20.985711589742312,20.43058701532928,20.569367686246327,15610700
2012-08-10,21.620141983032227,21.630055159262504,20.946061125333756,21.223624387546373,25794700
2012-08-13,21.411970138549805,22.254571178566422,21.21371040298885,21.957181575224986,24973100
2012-08-14,20.202592849731445,21.411974054490702,20.073725321570286,21.223627460336417,39308800
2012-08-15,21.015451431274414,21.223622440780325,20.222414422300083,20.460324957768922,47861100
2012-08-16,19.69702911376953,20.301717674662108,19.518595741762105,20.262066864629816,157565300
2012-08-17,18.884166717529297,19.905201125128816,18.834602729801478,19.835810786011894,129293400
2012-08-20,19.835811614990234,19.954765946806315,18.586779786451306,18.88416750673652,101186600
2012-08-21,18.993207931518555,19.806069352792615,18.923817599079758,19.40955181689609,70640600
2012-08-22,19.270774841308594,19.35999154030848,18.79495181639416,19.19147131894704,49892200
2012-08-23,19.270774841308594,19.558249400839806,19.19147131894704,19.33025201039348,32813700
2012-08-24,19.241029739379883,19.50867975887072,19.08242274058781,19.350072760078646,29622200
2012-08-27,18.98329734802246,19.359990476601816,18.93373335829913,19.320337772227145,20704000
2012-08-28,19.17164421081543,19.21129502506246,18.78503979086797,18.933733653098145,25417000
2012-08-29,18.933731079101562,19.21129241333206,18.90399155440053,19.15181525467478,16124700
2012-08-30,18.9238224029541,19.28068922122516,18.8940828711831,19.10225581208963,30647500
2012-08-31,17.90278434753418,18.537214333198794,17.873046712300358,18.517387982546335,58764200
2012-09-04,17.57565689086914,18.1109570068931,17.397223518861157,17.922610459690798,46622400
2012-09-05,18.41826057434082,18.586780795853027,18.021742962178312,18.11095966125802,60781800
2012-09-06,18.79494857788086,19.092338153553023,18.557038051790002,18.576864401650436,46066500
2012-09-07,18.814777374267578,19.250947674189383,18.616519522117695,18.933733598153538,36371700
2012-09-10,18.646257400512695,19.03286371506938,18.38852048772326,18.89408113695503,24797800
2012-09-11,19.260860443115234,19.409554301769603,18.685909469772017,18.75529981109439,50508200
2012-09-12,20.747800827026367,20.97579818120923,20.103459573979453,20.57928063246842,121584000
2012-09-13,20.529714584350586,21.29301204096706,20.43058661605841,20.777538286570625,65041600
2012-09-14,21.80848503112793,21.887788537429515,20.718060401422587,20.946057745696553,72819800
2012-09-17,21.332666397094727,22.551958652901376,21.312840045599103,22.47265513766383,50667600
2012-09-18,21.67962074279785,21.788661898343904,21.183973282558483,21.41197066048979,36760500
2012-09-19,23.087257385253906,23.16656089563595,21.580488797250222,21.79857297811464,78782800
2012-09-20,22.39335060119629,23.037691869459838,22.343786615462502,22.819607685188366,57248900
2012-09-21,22.66100311279297,23.037694361046537,22.40326619946366,22.770044271349363,51218100
2012-09-24,20.60902214050293,21.788661725160036,20.18276502556591,21.590403877087116,79106500
2012-09-25,20.10346031188965,21.025362937521738,20.0439812593367,21.01545165284113,46291700
2012-09-26,20.440500259399414,20.599107281194893,19.62763690926653,19.97459047847346,38271900
2012-09-27,20.143112182617188,20.817193021056305,19.984505148954455,20.80727984510926,30215900
2012-09-28,21.47144889831543,21.758925347164713,20.32154688440851,20.390937229787273,65486000
2012-10-01,21.798572540283203,22.39334980157466,21.54083566403208,21.887789224014163,51262700
2012-10-02,22.07613754272461,22.294221736756388,21.630054088176717,21.88779098516606,29341400
2012-10-03,21.639968872070312,22.29422339353091,21.61022934264207,22.10587682197556,32000100
2012-10-04,21.758920669555664,22.20500217569955,21.22362059328936,22.12569867077988,46892100
2012-10-05,20.72797203063965,21.44170353414029,20.698232508964566,21.302922881145758,40529300
2012-10-08,20.222415924072266,20.56936952309271,19.984505370935533,20.222415924072266,32236700
2012-10-09,20.05389404296875,20.371108087407517,19.79615715917604,20.212501065188135,27161800
2012-10-10,19.469032287597656,19.766421908184764,19.28068760771207,19.75650873175735,39321800
2012-10-11,19.578075408935547,19.786246442434944,19.439294719935948,19.70694292147159,21817300
2012-10-12,19.35007667541504,19.627638034091248,19.310423972321324,19.578074045969053,18809400
2012-10-15,19.35007667541504,19.70694154953373,19.32033714809475,19.5086837063,20189700
2012-10-16,19.310422897338867,19.5185957955023,19.131989524840165,19.508682620280723,21834700
2012-10-17,19.706939697265625,20.30171695255321,19.20138101555319,19.330248507005525,44074500
2012-10-18,18.814777374267578,19.617727631321475,18.72556067903937,19.528510936093262,52157400
2012-10-19,18.83460235595703,18.89407951819885,18.636342627491103,18.83460235595703,34835000
2012-10-22,19.151819229125977,19.260862284913966,18.884169123507373,19.032864887125605,32447300
2012-10-23,19.330251693725586,19.627639425023332,18.933734088413566,19.08242795406244,78381200
2012-10-24,23.02777862548828,24.03889981369892,22.65108741909826,23.919943601249788,228949900
2012-10-25,22.363615036010742,23.107086298158993,22.274398333293334,23.087261834801385,76142000
2012-10-26,21.749011993408203,22.680827896254034,21.689532934357974,22.205006768322747,73175800
2012-10-31,20.926237106323242,21.31284153375763,20.54954396458377,20.638760661798642,99378200
2012-11-01,21.02536392211914,21.253363186092656,20.82710607655974,20.89649641704278,37713900
2012-11-02,20.995624542236328,21.501185126172718,20.88658150724667,21.074928052025676,38344400
2012-11-05,21.065017700195312,21.293015085053902,20.737890442127963,20.91632383575471,31806700
2012-11-06,20.98571014404297,21.183969852333416,20.807276784730504,21.055100474721215,29062700
2012-11-07,20.291805267333984,20.767628240941107,20.19267729312971,20.668498375991916,33396800
2012-11-08,19.81598472595215,20.549542721429074,19.806071550111856,20.341371701017835,34254600
2012-11-09,19.042774200439453,19.82589808224575,18.96347068374027,19.786245378523667,42295500
2012-11-12,19.895286560058594,19.994416419336492,18.705733920958224,18.983295258042574,67349200
2012-11-13,19.687118530273438,19.934942270520605,19.389728907529783,19.43929479002627,71775100
2012-11-14,22.165355682373047,22.304136370305415,19.75650865186085,19.925028868955184,229751000
2012-11-15,21.977006912231445,22.304134137281782,21.46153313616883,22.145527112454037,78857700
2012-11-16,23.354907989501953,23.721687945028954,21.986921819897653,22.0563121623837,107182200
2012-11-19,22.72047996520996,23.910034642428403,22.621350093650918,23.75142571348691,85021300
2012-11-20,22.898910522460938,23.691945615316676,22.502392976033068,22.532130610299653,46655300
2012-11-21,24.108291625976562,24.31646453782283,22.849346651260696,23.017866859614355,89862400
2012-11-23,23.791074752807617,24.465155506656323,23.67211854711589,24.366025650370677,29520900
2012-11-26,25.714189529418945,25.862883382187523,24.594025264356155,24.722894656635198,123865000
2012-11-27,25.922361373901367,26.269314968617003,25.238367360404254,25.813320220115582,85760600
2012-11-28,26.130537033081055,26.259404552277818,25.525846472765437,25.71419305381779,49205600
2012-11-29,27.082176208496094,27.28043594364485,25.93227428242122,26.26931469772713,88759700
2012-11-30,27.756258010864258,27.756258010864258,26.52705252584396,27.02269999032368,127049600
2012-12-03,26.80461311340332,28.62859386129811,26.745134062261165,27.756255242739734,123526100
2012-12-04,27.220956802368164,27.51834640414863,26.447747997377853,26.824439224072496,72869200
2012-12-05,27.468778610229492,27.657125155819188,27.022697074773674,27.50843131066725,58976300
2012-12-06,26.73522186279297,27.50843253915634,26.586528011000564,27.439042201036212,46001500
2012-12-07,27.250696182250977,27.53817260667471,26.60635488466547,26.83435225460812,51751900
2012-12-10,27.59764862060547,27.92477584364249,26.86409066260563,26.933480999197595,50608500
2012-12-11,27.736431121826172,27.994168025258006,27.419217053216222,27.825647814965844,77099100
2012-12-12,27.33991050720215,27.895035065769893,27.131739506768536,27.75625439881415,46704200
2012-12-13,27.99416732788086,28.49972794616306,27.191219000371458,27.349826030725293,81051600
2012-12-14,26.576614379882812,28.083383004572546,26.527050393716586,27.934689155328993,91631600
2012-12-17,26.517139434814453,26.7649631678501,26.09088231147393,26.536965787236113,57742500
2012-12-18,27.468778610229492,27.667038330928627,26.665830333813158,26.72530749372497,60512900
2012-12-19,27.1713924407959,27.974340762155833,26.71539770470715,27.587736364972333,61390300
2012-12-20,27.121828079223633,27.359738619651658,26.893828823578318,27.250695579592808,35574800
2012-12-21,26.031402587890625,26.774873713966443,25.892621916061493,26.42792014364876,54555200
2012-12-24,26.69556999206543,26.725307626796994,25.97192522217658,26.269312913961226,28230100
2012-12-26,26.27922821044922,26.943395873743487,26.15035881372698,26.7947020158482,33175400
2012-12-27,25.823230743408203,26.566701899829688,25.297845669613775,26.318878181022527,43481700
2012-12-28,25.684446334838867,25.882706037382178,24.931062112216786,25.258189297892,56574800
2012-12-31,26.38827133178711,26.75504938960958,25.88271070088087,25.971927394025794,60374500
2013-01-02,27.756258010864258,27.93469140059616,27.181307027697585,27.20113338005558,69846400
2013-01-03,27.52825927734375,28.22216455904715,27.349825896385898,27.637300428460822,63140600
2013-01-04,28.509639739990234,28.678159937915826,27.58773523902934,27.766168612214656,72715400
2013-01-07,29.163896560668945,29.530676512225043,28.40059902009612,28.440251724370295,83781800
2013-01-08,28.807029724121094,29.342329886217787,28.608771875405466,29.253113192535004,45871300
2013-01-09,30.32370948791504,30.33362266326361,29.23328477925541,29.411718154039967,104787700
2013-01-10,31.02752685546875,31.176222589846223,30.016407584319722,30.333621621601363,95316400
2013-01-11,31.44387435913086,31.681784914383694,30.829272564080625,31.007705953206507,89598000
2013-01-14,30.680578231811523,31.929608155004303,30.353450987023894,31.80074253933083,98892800
2013-01-15,29.837976455688477,31.433959936920072,29.619890370626372,30.37327471110148,173242600
2013-01-16,29.590150833129883,30.085798244436095,29.27293679241308,29.947015683563876,75332700
2013-01-17,29.877626419067383,30.15518966001257,29.768585270379365,29.81814925698802,40256700
2013-01-18,29.401803970336914,30.17501460430394,29.015199598725804,30.046145219937035,49631500
2013-01-22,30.46249008178711,30.6210971054605,29.481108413778664,29.49102158910136,55243300
2013-01-23,30.55171012878418,31.225790998898663,30.53188377595844,30.829273396109283,48899800
2013-01-24,30.809444427490234,31.21587517218557,30.54179435930211,30.997790981853534,43845100
2013-01-25,31.265439987182617,31.652044367593025,30.85900736555892,31.136570599882585,54363600
2013-01-28,32.187347412109375,32.22699633516128,31.533091022382457,31.602481364585838,59682500
2013-01-29,30.521968841552734,31.790825018793793,30.44266343973032,31.72143468294403,72976500
2013-01-30,30.968055725097656,31.215879476313944,30.61118891830775,30.710318796943298,87682100
2013-01-31,30.710315704345703,31.19604998092567,28.489815343946564,28.89624610375317,190744900
2013-02-01,29.4711971282959,30.749968465751788,29.37206725945711,30.74005528979341,85856700
2013-02-04,27.865299224853516,28.945810777592957,27.766169360330238,28.807028210962404,92362200
2013-02-05,28.390687942504883,28.707902037164917,27.795912460389896,28.013996677782384,47948200
2013-02-06,28.797115325927734,29.035027759481515,28.410510930206453,28.48981444447607,38375900
2013-02-07,28.400598526000977,28.89624597633518,28.023907295674768,28.856595163495832,34540100
2013-02-08,28.30146598815918,28.91606960052694,28.26181517906002,28.638506373853627,37708800
2013-02-11,28.013992309570312,28.43033621657753,27.79590812618362,28.3609458805338,37361800
2013-02-12,27.13174057006836,27.914862509538363,26.86409050981177,27.42912826541244,93498700
2013-02-13,27.66703987121582,28.073470619605633,27.07226256675063,27.12182844505727,50164000
2013-02-14,28.25190544128418,28.380772949965735,27.76617115356905,27.776084329736097,35615800
2013-02-15,28.073469161987305,28.49972623956784,27.84547180584952,28.271728883430058,33109300
2013-02-19,28.67816162109375,28.82685547722703,27.875213285378063,27.984254438145154,49396400
2013-02-20,28.212247848510742,28.79711190581671,28.083380362157,28.66824441946297,42098200
2013-02-21,27.04252815246582,28.301471359531135,26.913658744259468,28.033823147766316,49642300
2013-02-22,26.893829345703125,27.389476787237054,26.586528461360675,27.379565502261922,36350200
2013-02-25,27.032609939575195,27.39938796069007,26.91365373037225,26.923566905367895,34652000
2013-02-26,27.151567459106445,27.220957801512036,26.46757532046988,27.121829821358347,31611700
2013-02-27,26.636093139648438,27.102001033026763,26.398180714577745,27.102001033026763,44319700
2013-02-28,27.012786865234375,27.062350855478076,26.110708629434775,26.606356094851918,83027800
2013-03-01,27.538171768188477,27.875212170339246,26.57661454821633,26.814525086661895,54064800
2013-03-04,27.478694915771484,27.815735344909495,27.20113354406609,27.518347620726562,32400700
2013-03-05,27.280433654785156,27.934688078840406,26.973130902013143,27.6372985010686,40622200
2013-03-06,27.21104621887207,27.885125173981436,27.111916349056134,27.85538753655816,33532600
2013-03-07,28.331209182739258,28.43033905444449,27.23087119922675,27.330001070931985,74540200
2013-03-08,27.716604232788086,28.222164853868335,27.488606861735708,28.1825140414329,44198900
2013-03-11,27.895036697387695,28.3906841263576,27.58773582083493,27.766169197783274,35642100
2013-03-12,27.587736129760742,28.07347038870108,27.35973876366026,27.85538619818039,27569600
2013-03-13,26.844263076782227,27.40930080959817,26.685656060228442,27.379563175709826,39619500
2013-03-14,26.80461311340332,27.19121749210313,26.596440215895456,26.864090273800638,27646400
2013-03-15,26.41800880432129,26.824439563561235,26.328792111732522,26.794701926528298,31597400
2013-03-18,26.259401321411133,26.55679092186377,25.555582859421957,26.140446993826036,26653700
2013-03-19,26.318880081176758,26.66583369070491,25.981839648005987,26.299055619207053,25254200
2013-03-20,25.634883880615234,26.457658480883698,25.55558037302592,26.44774530609194,44006500
2013-03-21,25.515932083129883,25.88271205082723,25.33749868753361,25.43662856183655,24336100
2013-03-22,25.506017684936523,25.783580941540997,25.40688781538171,25.575408026401394,18456300
2013-03-25,24.911237716674805,25.575405314292805,24.861673732525844,25.525841330143844,39199000
2013-03-26,24.990543365478516,25.258193440586926,24.81211187281787,24.861675861210554,26957200
2013-03-27,25.862884521484375,26.0512310850188,24.50480965401775,24.782372911292423,52297400
2013-03-28,25.357324600219727,25.94218876863145,25.297847432968805,25.8628852487152,28585700
2013-04-01,25.30776023864746,25.664625127671453,25.059936506195648,25.406888219032165,22249300
2013-04-02,25.19871711730957,25.892624322434326,25.07976089415432,25.545670719871946,35153300
2013-04-03,26.02149200439453,26.160272690046224,25.476280547267137,25.605148056694418,48195200
2013-04-04,26.8343505859375,26.992957606534326,25.882708462356547,26.388269049538238,82016800
2013-04-05,27.151567459106445,27.557998228120642,26.378358625735544,26.62618235760981,64566600
2013-04-08,26.61626434326172,26.963217882967058,26.39817828877824,26.95330470860466,27256000
2013-04-09,26.358531951904297,26.655919670228087,26.190011740655482,26.348618775860835,21311100
2013-04-10,27.329999923706055,27.597649998851576,26.66583226912918,26.77487531250216,45949400
2013-04-11,27.77608299255371,27.855386507327268,27.01278548114264,27.2407828497735,33368500
2013-04-12,27.161479949951172,27.756257269591412,27.002872916813104,27.756257269591412,28697400
2013-04-15,26.289138793945312,27.240780903226415,26.130531775731793,26.92356686679938,30275400
2013-04-16,26.685659408569336,26.874005973388734,26.170185594718895,26.576616361977315,27365900
2013-04-17,26.39818000793457,26.96321963892106,26.160269479977273,26.418006357950546,26440600
2013-04-18,25.466365814208984,26.586528188658193,24.931065675285435,26.586528188658193,39059000
2013-04-19,25.506017684936523,25.73401506139109,25.109500097462277,25.39697653009673,20380900
2013-04-22,25.743927001953125,26.1305332855889,25.476278824968244,25.585319974575082,25687600
2013-04-23,25.753843307495117,26.10079693108086,25.545672267790753,25.99175387747659,25191500
2013-04-24,25.88271141052246,26.170185959069638,25.575408618711116,25.7042780193404,19729900
2013-04-25,25.91244888305664,26.170185791924037,25.77366819779921,25.843058540427926,17150000
2013-04-26,26.61626434326172,27.379561752464532,26.368440656435716,26.368440656435716,33018000
2013-04-29,26.745134353637695,27.171391437742827,26.626180031547108,26.923567727518435,29201100
2013-04-30,27.52825927734375,27.607562792131137,26.774874941491113,26.893829268299726,36245700
2013-05-01,27.191219329833984,27.67695360252112,27.072263110254802,27.607563262243666,64567600
2013-05-02,28.717811584472656,28.767377462214633,27.736429894120437,27.76616942076562,104257000
2013-05-03,28.063556671142578,28.8169409839528,27.904949646418835,28.787203348532646,58506400
2013-05-06,27.329999923706055,28.21225177428393,27.24078323199088,28.083384269998103,43939400
2013-05-07,26.65591812133789,27.607562168018028,26.616267310213036,27.310172576229597,41259100
2013-05-08,26.8839168548584,27.062348337581376,26.41800707063798,26.646004429738053,34654900
2013-05-09,26.80461311340332,27.310171812897764,26.616266566276174,26.84426392341992,33457200
2013-05-10,26.4477481842041,27.062349962217677,26.338705140373158,26.903742929779018,30847100
2013-05-13,26.586530685424805,27.092091344970868,26.29905612847416,26.368446473574483,29068800
2013-05-14,26.8343505859375,27.04252348218635,26.586526879911855,26.655917215079864,24930300
2013-05-15,26.36844253540039,26.755046909359343,26.170182815514107,26.68565657462259,30299800
2013-05-16,25.90253448486328,26.31887841173886,25.674537115340808,26.249488072383755,35499100
2013-05-17,26.02149200439453,26.3684456092688,25.971928014017507,26.170185866270636,29462700
2013-05-20,25.535757064819336,25.96201417790957,25.4663667237572,25.952101001937123,42402900
2013-05-21,25.436626434326172,25.852970358979587,25.367236095341426,25.644799342025344,26261300
2013-05-22,24.940977096557617,25.624971040155103,24.703066570685618,25.42671132322271,45314500
2013-05-23,24.84185028076172,25.3077601053948,24.554375735818667,24.584113373479486,37663100
2013-05-24,24.098379135131836,24.75263363539822,23.870381755803102,24.75263363539822,58727900
2013-05-28,23.89020538330078,24.326375630645707,23.71177201435309,24.326375630645707,50079700
2013-05-29,23.11699867248535,23.60273298666593,23.05752150298746,23.582908523996718,64237800
2013-05-30,24.336286544799805,24.564285785401374,23.72168482859934,23.91994265383555,60733200
2013-05-31,24.138029098510742,24.732806365046443,24.058725589022302,24.415590436347877,35925000
2013-06-03,23.64238166809082,24.108289549530557,23.503599108564984,24.058725565178708,35733800
2013-06-04,23.31525421142578,23.721684929240826,23.116994494603656,23.68203222957849,34760800
2013-06-05,22.700653076171875,23.503601424405193,22.591611921704875,23.146736542270936,53819700
2013-06-06,22.770044326782227,22.88900055274114,22.472656598002537,22.789870679566224,31260700
2013-06-07,23.087257385253906,23.1962985303137,22.661000307921103,22.829520503826053,38699200
2013-06-10,24.11820411682129,24.385854185559452,23.78116370968692,23.850554048083126,58393000
2013-06-11,23.820817947387695,24.13803202378444,23.791078418696113,23.820817947387695,29885900
2013-06-12,23.563077926635742,24.048812153330715,23.37473138461286,23.94968229485842,26445800
2013-06-13,23.523426055908203,23.622555917873807,23.067431337909223,23.51351288063716,31189300
2013-06-14,23.424297332763672,23.682034230106716,23.057519283627567,23.35490699323765,30677100
2013-06-17,23.810901641845703,24.03889899294853,23.543251591032064,23.70185860838575,33664500
2013-06-18,23.999248504638672,24.475071491289032,23.870381000193657,23.880294176034806,36709100
2013-06-19,24.098379135131836,24.97071972931703,23.890208108112997,23.989337978917455,31790600
2013-06-20,23.69194793701172,24.534548987457228,23.444124209865684,24.068641061090883,42765600
2013-06-21,24.316465377807617,24.484985591982618,23.840642373184362,24.375942544356135,45833900
2013-06-24,23.731597900390625,23.900118091019035,23.176471454353056,23.741511075221094,40626000
2013-06-25,24.038902282714844,24.217335674342863,23.830731252978854,23.929859234332156,24713200
2013-06-26,23.949684143066406,24.435418407245713,23.781163937882162,24.296637729121606,29890300
2013-06-27,24.445329666137695,24.623763033017422,23.99924624893837,24.028985773666587,34694100
2013-06-28,24.663415908813477,24.762545775470265,24.207421169235158,24.465158066244836,96778900
2013-07-01,24.594024658203125,24.84184837029111,24.405679998352564,24.752631682679848,20582200
2013-07-02,24.197505950927734,24.554372684470263,24.088462917735345,24.48498235089139,18394100
2013-07-03,24.306549072265625,24.4948937238785,23.939769162489625,24.009159496320134,10404400
2013-07-05,24.15785789489746,24.445332436874658,23.989337683826346,24.435419260841652,20229500
2013-07-08,24.49489402770996,24.822023132531104,24.207419513882794,24.256983498449433,27064600
2013-07-09,25.258195877075195,25.268109053858982,24.812114266275646,24.85176508266565,30387900
2013-07-10,25.57540512084961,25.605144645560927,25.24827791200426,25.35732094520097,26721800
2013-07-11,25.58531951904297,25.773666069730332,25.2284546591686,25.73401336821936,26777400
2013-07-12,25.684446334838867,25.704272683242127,25.327579626558762,25.515926154900445,16537900
2013-07-15,26.051227569580078,26.199921408833593,25.426710797672662,25.70427401749204,24234000
2013-07-16,26.090877532958984,26.51713457823101,25.783576689685194,26.160267862981,30817600
2013-07-17,26.41800880432129,26.546878200613943,26.071055209892197,26.140447441373997,21518500
2013-07-18,25.95210075378418,26.536964895351122,25.89262358926321,26.51713854359581,24806900
2013-07-19,25.65471076965332,25.882710029972014,25.377149412170475,25.595233606013416,46539700
2013-07-22,25.823230743408203,25.9025342577967,25.49610351021255,25.763753580303064,27526300
2013-07-23,25.90253448486328,26.07105469075923,25.743927454695914,25.87279684842249,28221600
2013-07-24,26.27922821044922,26.299054562367253,25.823231570059356,26.09088164871786,82635600
2013-07-25,34.060890197753906,34.57636395153883,32.46490495231184,33.248028757955645,365457900
2013-07-26,33.71393966674805,34.42767324254188,33.267859963367044,33.4760309958102,136028900
2013-07-29,35.121578216552734,35.31983795063245,33.713937507927696,33.773416562598584,124718800
2013-07-30,37.302433013916016,37.62955840723226,35.012540134740554,35.33966930954723,173582800
2013-07-31,36.479652404785156,37.97650985593141,36.01374636245628,37.62955436403796,154828700
2013-08-01,37.16364288330078,37.95667794923698,36.59860138098867,36.975294455366914,106066500
2013-08-02,37.71876907348633,38.15494123674377,37.173557650904364,37.332164678955294,73058500
2013-08-05,38.848846435546875,38.97771583357293,37.91703057491159,38.095463962489205,79994800
2013-08-06,38.21441650390625,38.908323669598325,37.609726027824436,38.76954299275788,63950800
2013-08-07,38.5316276550293,38.60101798821811,37.371814559025154,38.273892671969335,68854800
2013-08-08,38.20450973510742,38.8488492082451,38.095466681417435,38.789373929134406,41301000
2013-08-09,38.16484832763672,38.402760734313695,37.679112230520545,38.25406500745441,43532300
2013-08-12,37.88729476928711,38.16485614938762,37.768336650823876,37.8674684162099,31161000
2013-08-13,36.69773864746094,37.98642129612745,36.44991491573699,37.90711966835062,65379200
2013-08-14,36.33095932006836,37.22312245435927,36.30121790188239,36.50939270322452,48423900
2013-08-15,36.24174118041992,36.74729989150241,35.70644105233981,36.04348145355806,56521100
2013-08-16,36.75721740722656,37.163648172708214,36.57878401930876,36.64817436111124,45840800
2013-08-19,37.48086166381836,37.946767697064445,36.81669211207826,37.10416854165965,57609600
2013-08-20,38.07563400268555,38.2441560889813,37.36190052000171,38.01615495196535,57995200
2013-08-21,37.98641586303711,38.51180088907072,37.817897564682745,38.045894911480154,46116900
2013-08-22,38.21441650390625,38.41267623431682,38.006245488645575,38.03598312468572,21931200
2013-08-23,40.1970100402832,40.27631545253108,38.59111325716552,38.66050360213732,86442300
2013-08-26,40.98012924194336,41.57490463922676,40.266395740011475,40.543960869368185,94162400
2013-08-27,39.294925689697266,40.84134695566994,39.07683962127443,40.32587320034572,72695100
2013-08-28,40.1970100402832,40.49439777323237,39.53284422941306,39.61214586017075,57918200
2013-08-29,40.920654296875,41.41630177152316,40.44483317499159,40.534049871687856,58303400
2013-08-30,40.93056106567383,41.89211440013107,40.70256372733904,41.65420577816841,67735100
2013-09-03,41.505516052246094,41.79299247836609,41.14864928623367,41.47577841557503,48774900
2013-09-04,41.416297912597656,41.80290230176329,41.079257509980735,41.64429527591355,42581900
2013-09-05,42.28864288330078,42.39768593404483,41.40639097308467,41.42621732608269,50035400
2013-09-06,43.56740951538086,44.221663966646744,42.03090325059625,42.714895337354754,117535700
2013-09-09,43.6566276550293,44.40009881898488,43.31958724277651,43.97384171579782,75794700
2013-09-10,43.220455169677734,43.874709637920446,42.85367712362239,43.85488706807085,54540300
2013-09-11,44.64791488647461,44.697478865943765,42.73471578334912,43.01227709356778,72328300
2013-09-12,44.360443115234375,45.222868548266526,44.26131514600848,45.13365186336737,68072300
2013-09-13,43.92427444458008,44.68757190296496,43.5475813575158,44.64791920296039,52765300
2013-09-16,42.13993835449219,44.54878491070657,42.060636740498104,44.45956823153236,70424200
2013-09-17,44.67766189575195,45.04443995859794,42.06064390297727,42.13003424509705,91934600
2013-09-18,44.83626174926758,45.074174156627926,44.01348906102062,44.44965739611026,79317000
2013-09-19,45.579734802246094,45.649125136262846,44.83626369650406,45.113825032571086,63972400
2013-09-20,47.076595306396484,47.1856345662617,45.34182927408554,45.91677833556244,115508400
2013-09-23,46.779205322265625,47.136072093993924,45.88704217443484,46.8684220151977,75177000
2013-09-24,48.02823257446289,49.22769834389158,47.74075618233849,48.087707840771756,136716100
2013-09-25,49.02944564819336,49.10875105660537,48.03815073198327,48.801448271243835,87879700
2013-09-26,49.95134353637695,50.15951453335801,49.06909178408525,49.57465045982348,98220100
2013-09-27,50.79395294189453,50.83360186443212,49.42596490486317,49.85222201943461,81410500
2013-09-30,49.792747497558594,51.15082059150523,49.36649034417186,49.70353079611741,100095000
2013-10-01,49.98108673095703,50.5857772212216,49.019533255371165,49.53500705393293,98114000
2013-10-02,49.84230422973633,50.65516571044401,49.51517889310508,49.693612269991135,62834000
2013-10-03,48.75188446044922,50.27847954456665,48.632930128885135,50.03065581460564,82045000
2013-10-04,50.5956916809082,50.7146460079218,49.13848699440461,49.33674672708719,74447000
2013-10-07,50.08021545410156,50.84351292985674,49.961261132870405,50.28838646162851,57204000
2013-10-08,46.72964096069336,50.15952040564812,46.67016568687272,50.15952040564812,136081000
2013-10-09,46.362857818603516,47.42354294221997,44.86600056689016,46.96754824601822,147297000
2013-10-10,48.62301254272461,49.24752936868517,47.413635374590136,47.45328429539713,99774000
2013-10-11,48.6824951171875,49.435877607867255,48.365281038849695,48.751885460480764,58428000
2013-10-14,49.079002380371094,49.19796047539872,47.49293226156388,47.8894516820104,68781000
2013-10-15,49.06909942626953,50.55604183312619,48.75188534865932,49.554835609698344,81167000
2013-10-16,50.6948127746582,50.79394451828725,49.46560940557297,49.60439006516427,64678000
2013-10-17,51.75550842285156,51.76542348998429,50.50647844992661,50.674996776281745,71522000
2013-10-18,53.74801254272461,54.352703057628666,53.133406960844056,53.70835983779875,88260000
2013-10-21,53.381229400634766,54.332875388340625,53.04418897991373,54.204005991199935,58235000
2013-10-22,52.22140884399414,54.28330000150474,51.74558780764554,53.85704672890263,83204000
2013-10-23,51.448204040527344,51.79515572416991,50.684906555023964,51.29950830097211,57207000
2013-10-24,51.993412017822266,52.380016377359624,51.14089790115552,51.92402168567399,46775000
2013-10-25,51.497772216796875,52.77654358025523,51.428381874422236,52.71706452329552,45085000
2013-10-28,49.792747497558594,51.24995236060118,49.17814565512506,51.091345311538,73472000
2013-10-29,48.969970703125,50.34787004089703,48.8212749520962,50.2883909841875,102143000
2013-10-30,48.58335876464844,49.772913336784065,48.32562376840576,49.56474232657001,127073000
2013-10-31,49.772918701171875,51.54733757526259,46.0952153317252,46.74946984969008,248809000
2013-11-01,49.31692123413086,51.63655144946817,49.287183597232286,50.40734411063124,95033000
2013-11-04,47.80024337768555,49.3169234309111,47.60198363272055,48.94023029362661,80371000
2013-11-05,49.673789978027344,49.74318032120978,47.09642086878662,47.37398602300645,76835000
2013-11-06,48.69240188598633,50.010825849240426,48.28597114947374,49.82247740792427,67889000
2013-11-07,47.1459846496582,49.435873343802974,46.88824586980854,48.811360308030636,97128000
2013-11-08,47.116241455078125,48.2264943731004,46.83868011631737,47.39380657532851,70731000
2013-11-11,45.797821044921875,47.11624117776524,45.33191127346742,46.6305088377928,80910000
2013-11-12,46.20425796508789,46.957640459001766,45.43104911850653,45.599567443944984,68196000
2013-11-13,48.285972595214844,48.31571401296511,45.65904343765943,45.82756175178822,79245000
2013-11-14,48.563541412353516,49.138490518730805,47.61189538352086,48.276064968419796,75117000
2013-11-15,48.58335876464844,49.04926855259492,48.28597106698697,48.68249051819542,42453000
2013-11-18,45.43104553222656,48.41484141557823,45.40130411482803,48.048063373908114,85910000
2013-11-19,45.95642852783203,46.59085660852682,45.32200044713724,45.85729677679244,75602000
2013-11-20,46.02582931518555,47.136078708536765,45.9068749684134,46.20426272608902,53933000
2013-11-21,46.29346466064453,47.04684699180645,46.28354959570767,46.58094103998484,34886000
2013-11-22,45.82756042480469,46.858507975531744,45.55991036174152,46.630510613994176,40545000
2013-11-25,44.429832458496094,46.24390375046645,43.656623727618,45.95642735204117,82565000
2013-11-26,45.49052047729492,45.76808182775542,43.17089035583137,44.271228254428024,82016000
2013-11-27,46.085304260253906,46.263733873719,45.13365822666248,45.56983042832652,44993000
2013-11-29,46.600772857666016,46.79903259937786,46.095214108716355,46.34303784048365,22953900
2013-12-02,46.65034103393555,47.126162149278024,45.85730206020801,46.491733995488055,50774000
2013-12-03,46.32320785522461,46.78911764448454,45.88703948285748,46.343034205989895,32086000
2013-12-04,48.19675827026367,48.34545402184287,45.85730163855659,46.05556138016551,60890000
2013-12-05,47.91919708251953,48.276063862470096,47.45328725519629,47.73085240709676,43855000
2013-12-06,47.522682189941406,48.96006073408582,47.294684787717046,48.55362992464406,42938000
2013-12-09,48.41484069824219,48.54371008775358,47.32441787419434,47.671369559621446,36056000
2013-12-10,49.81257247924805,50.328046319876805,48.1174589800492,48.216586964924254,68479000
2013-12-11,48.950138092041016,50.32803725363252,48.58335629479801,50.10995118840582,65776000
2013-12-12,51.37881851196289,51.6167271797277,50.21900146676667,50.605605888002046,92723000
2013-12-13,52.85584259033203,53.0342759708841,50.89307918574912,51.21029324417728,82641000
2013-12-16,53.34158706665039,54.02557927782204,52.449420024695684,52.7864604870463,85119000
2013-12-17,54.38243865966797,54.69965272421916,53.767836882286275,54.28330690106451,78751000
2013-12-18,55.08625411987305,55.40346816709591,53.28209780823433,54.38243568894041,76003000
2013-12-19,54.57078552246094,54.70956620859466,53.48036260441874,53.85705573927462,89753200
2013-12-20,54.64017105102539,54.669912467926366,53.75791923992152,54.45182639093808,239824000
2013-12-23,57.26710510253906,57.81231652482545,54.967301306302424,55.016865293512126,98297000
2013-12-24,57.4554443359375,58.070049820013764,56.414585576954686,57.76274707797563,46617800
2013-12-26,57.22745132446289,57.871794490546705,56.87058457287738,57.8123154381192,55101000
2013-12-27,54.95738983154297,57.17789214965635,54.76904515524146,56.97963240637104,60466000
2013-12-30,53.24245071411133,54.699655496778995,52.96488933893277,54.45183175994382,68307000
2013-12-31,54.17426681518555,54.382437832852936,53.44070693863254,53.64887795629993,43076200
2014-01-02,54.23373794555664,54.73930041440792,53.7182641924977,54.35269604498611,43195500
2014-01-03,54.08505630493164,55.16556800106879,54.055314883659214,54.5410510952122,38246200
2014-01-06,56.70207214355469,56.76154742066035,53.57949152484222,53.94626959912436,68852600
2014-01-07,57.41579818725586,58.040315026485565,56.7218947897672,57.19771588296938,77207400
2014-01-08,57.72309494018555,57.90152830420073,56.73180015409652,57.09857816613239,56682400
2014-01-09,56.721893310546875,58.44674425573709,56.15685554076148,58.13944526814596,92253300
2014-01-10,57.43562316894531,57.792489925707905,56.56328640962544,56.632676747719294,42449500
2014-01-13,55.42329406738281,57.74292413228259,54.897909014968356,57.40588373716075,63010900
2014-01-14,57.237369537353516,57.27701845966187,55.61164271503189,55.96850948623688,37503600
2014-01-15,57.098575592041016,58.06013270127555,56.77145029375349,57.47526865259001,33663400
2014-01-16,56.6921501159668,57.51492664215304,56.335287152676415,56.76154045173074,34541800
2014-01-17,55.80989456176758,57.316663059657486,55.5818972193979,56.8011893276302,40849200
2014-01-21,58.00065994262695,58.070054061017345,56.0081589602847,56.10728693257426,48669200
2014-01-22,57.00935745239258,58.79369096635542,56.602926770098655,58.33769252307089,61352900
2014-01-23,56.13703155517578,56.186595544150926,55.20521192388716,55.87929276212107,47951800
2014-01-24,53.97600555419922,55.92885384507939,53.92644156779937,55.66120756222228,55200700
2014-01-27,53.083839416503906,54.46173867776235,51.398637384878896,54.253567663073625,73924100
2014-01-28,54.65999984741211,54.79878052752684,53.52992427334651,53.54975062500432,48191200
2014-01-29,53.06401062011719,54.471651233958184,52.7269702293234,54.134610843164396,92995600
2014-01-30,60.54829025268555,61.95592710131231,59.93368473316795,61.57923400571922,150178900
2014-01-31,62.02532196044922,62.81835712888152,59.64621267366234,59.94360417062818,87794600
2014-02-03,60.94480514526367,63.21487119305878,60.17159639491008,62.48131136161564,74866600
2014-02-04,62.20375442504883,62.59035882759242,61.28184987368031,61.50984724488576,45985500
2014-02-05,61.648624420166016,62.610181620081235,60.73663498718681,62.193839604544564,51685100
2014-02-06,61.61888885498047,62.233490614436626,60.924981690954574,60.924981690954574,42086500
2014-02-07,63.760093688964844,64.00791743737702,61.678375714898706,61.72793970828308,60704300
2014-02-10,62.99678421020508,63.92859996717745,62.91748259204276,63.74025909672814,43666100
2014-02-11,64.28546142578125,64.43415714717814,62.79851933776945,63.195038740501644,45675600
2014-02-12,63.888954162597656,64.4936446649914,63.49244224750274,64.35486398211218,47282100
2014-02-13,66.7438735961914,66.7438735961914,63.492428208288864,63.621293795902425,61911700
2014-02-14,66.5059814453125,66.9917214664081,66.13920711617708,66.91241604708868,36694900
2014-02-18,66.71414184570312,66.95205047572016,65.4948459362802,66.35727511918807,43809900
2014-02-19,67.467529296875,68.47865434247834,66.41675911021034,66.46632688100696,62087100
2014-02-20,69.02386474609375,69.49968965049626,65.157820485862,67.140410388742,130928900
2014-02-21,67.99292755126953,69.35100456638571,67.85414684175184,69.08335821602486,70932400
2014-02-24,70.16384887695312,70.8181071138157,67.94335051147145,68.14160645798641,76620300
2014-02-25,69.241943359375,70.38193394287664,68.84542390907276,70.33236617547156,52077000
2014-02-26,68.6570816040039,70.60001855081087,68.25064709607514,69.57898609252256,55322700
2014-02-27,68.3398666381836,69.40055178262254,68.27047630398587,68.73637851189673,41653700
2014-02-28,67.86405181884766,69.27168884205396,66.79345145064272,68.86526184261228,66783700
2014-03-03,66.82318878173828,67.45761687417753,65.93102191331451,66.37710156603669,56824100
2014-03-04,68.20108795166016,68.30021592296902,67.03135973906492,68.06230727923186,42013500
2014-03-05,70.94697570800781,71.34349518070175,69.01395367772223,69.08334401822017,74567700
2014-03-06,70.22332000732422,71.2641825725982,69.63845970550794,71.25426750696326,46026500
2014-03-07,69.19239044189453,70.56037474837707,68.86526129372037,70.46124676610678,38927000
2014-03-10,71.40296173095703,71.52191982712556,69.89619699438384,70.15392819161387,59871600
2014-03-11,69.48978424072266,71.95810689521005,69.35100353327236,71.86889396741257,59408300
2014-03-12,70.26298522949219,70.7288950786424,68.39935339587184,69.2518676809168,46340500
2014-03-13,68.23082733154297,70.72888706211172,67.55674652123399,70.6694117904014,57091000
2014-03-14,67.13048553466797,68.82559874694289,66.87274676723472,67.89377920828518,48227000
2014-03-17,68.14160919189453,68.34978021298113,66.04006884779372,67.58648646899694,52197000
2014-03-18,68.58769226074219,68.99411921156916,67.70544045996866,68.16143517788693,40827000
2014-03-19,67.64595794677734,68.68682055678202,66.8826642456255,68.56786245298795,43981000
2014-03-20,66.38701629638672,67.63604990586433,66.23832055857139,67.41796383213243,44439000
2014-03-21,66.65467071533203,67.32875158784555,65.6039004822593,66.94214716009313,59999900
2014-03-24,63.5419921875,66.77361520158198,62.80843618753544,66.6050969085999,85696000
2014-03-25,64.32512664794922,65.6138130670214,63.22478868352083,64.32512664794922,68786000
2014-03-26,59.86430358886719,64.38460630407043,59.84447723537188,64.17643526460508,97503900
2014-03-27,60.43925476074219,61.3611593736127,57.47528117435922,59.98325620642085,112650000
2014-03-28,59.48759841918945,61.41071272338051,58.823432727961475,60.80602229913444,67052000
2014-03-31,59.715599060058594,60.98445516517353,59.34881726971361,60.25089536597304,53011000
2014-04-01,62.07488250732422,62.114535208919534,59.71560348474905,59.9336857805438,59291000
2014-04-02,62.174015045166016,63.353654571325805,61.66845254717625,62.659747410618365,66277000
2014-04-03,58.972129821777344,62.62009123810281,58.615263085677455,62.00548951564722,83859000
2014-04-04,56.25598907470703,59.67595744876259,55.829731938670214,59.418218641094185,125214400
2014-04-07,56.45424270629883,57.49510154697192,54.95738535873477,55.41338386562574,108488000
2014-04-08,57.683448791503906,58.198922592584246,56.67232754109516,57.1778900570445,78836000
2014-04-09,61.8667106628418,61.916274648423446,58.67474007571964,59.110912224413426,100215000
2014-04-10,58.6450080871582,62.63001417174228,58.16918697307967,62.530886191034696,114988000
2014-04-11,58.02048873901367,59.78499621576392,56.811111543847446,57.09858418820037,91452000
2014-04-14,58.377357482910156,59.92377892604653,57.277019511975624,59.566912148285056,72325000
2014-04-15,58.57561492919922,59.160479062841354,55.39355925464161,58.77387466257602,108623000
2014-04-16,59.200130462646484,59.66603647711265,57.237367086551046,59.269520800577396,78774000
2014-04-17,58.426918029785156,60.05264478617279,58.20883573071899,58.78378478651684,88040000
2014-04-21,60.70690155029297,60.70690155029297,58.63509505085156,58.942394050763234,60364000
2014-04-22,62.48131561279297,62.88774636582302,61.67836917325232,62.104626277831386,60631000
2014-04-23,60.82585144042969,62.927395423513325,60.72671968842735,62.89765778865746,95908700
2014-04-24,60.34012222290039,63.0959247404805,59.24969929636568,63.04635696805519,138769000
2014-04-25,57.2076301574707,59.487607766266514,57.0688494707208,59.44795884254519,92502000
2014-04-28,55.65129470825195,57.802406593220226,54.18417871985636,57.544667803311995,107758000
2014-04-29,57.643802642822266,57.77266826317482,55.35390995541837,55.60173369200576,75557000
2014-04-30,59.259605407714844,59.32899574526333,56.66241393828484,57.07875974506556,76093000
2014-05-01,60.61768341064453,61.737843902114015,59.68586380350548,59.90394988713204,82429000
2014-05-02,59.933685302734375,61.35123723080296,59.65612395675945,60.76637312214886,54189000
2014-05-05,60.687076568603516,60.81594218628692,58.66483401237889,59.15056640839488,46057000
2014-05-06,58.02048873901367,60.61768407516013,57.98083981732045,60.449161977376775,55901000
2014-05-07,56.89040756225586,58.78378046552724,55.77024338740738,58.25839543534137,78587000
2014-05-08,56.26589584350586,58.307964661945185,56.00816083801831,56.73180564816436,61251000
2014-05-09,56.741722106933594,57.14815286730331,55.889207882380056,56.35511391698097,52584000
2014-05-12,59.30917739868164,59.37856774117079,57.47527951170976,57.47527951170976,48575000
2014-05-13,59.30917739868164,60.35994760294018,58.991959542529756,59.140655294429386,48525000
2014-05-14,58.71439743041992,59.923778438212786,58.436836063971725,59.011785148970134,47429000
2014-05-15,57.41579818725586,58.86309159992199,57.019282500332324,58.74413349050401,56814000
2014-05-16,57.514930725097656,57.94118783590136,56.81111225153431,57.80240715452154,47933000
2014-05-19,58.69457244873047,59.04152794638151,57.068849353307606,57.3860634313662,43034000
2014-05-20,58.05023193359375,59.6660399321091,57.67353880480629,58.982047797973216,53931000
2014-05-21,59.963436126708984,59.973347412838834,57.74293366608037,58.05023647697027,58992000
2014-05-22,59.993160247802734,60.94480232442013,59.87420593359793,60.409502238264295,54200000
2014-05-23,60.815940856933594,60.915072616242455,59.62638999714699,59.8841250083701,38294000
2014-05-27,62.927398681640625,62.95713631803618,61.03402560749613,61.083589595318685,55682000
2014-05-28,62.95713424682617,63.581651061016146,62.07488243554416,62.83817992366752,47795000
2014-05-29,63.27435302734375,63.74026282381791,62.957135191677004,63.28426431213499,42700000
2014-05-30,62.748966217041016,63.611391718520906,62.015410110974415,63.39330941261756,45253500
2014-06-02,62.530879974365234,63.03643867609661,61.50984372343373,62.679571930644016,35996000
2014-06-03,62.32271194458008,62.86792340638081,61.77750048277935,62.07488820908065,32217000
2014-06-04,62.78861999511719,63.036443723582046,61.52967500073688,61.906368126820674,36514000
2014-06-05,62.639923095703125,63.79974009000534,62.27314504312444,63.105832906742215,47352000
2014-06-06,61.955928802490234,62.927397312334506,61.60897711379221,62.818354272603756,42442000
2014-06-09,62.33261489868164,62.788609575830584,61.2521034706178,61.856793872766744,37617000
2014-06-10,65.19746398925781,65.24703176077566,62.947227833777326,62.976965471495994,69338000
2014-06-11,65.2073745727539,65.22720470518964,64.33503782007095,64.75137984546649,44242000
2014-06-12,63.7303466796875,65.89136975065034,63.502345536957236,65.27676422227357,55730000
2014-06-13,63.93851852416992,64.40442831884138,63.27435278252233,64.13677447114605,29419000
2014-06-16,63.631229400634766,64.3152178178099,63.1950571741028,63.601491760276815,31046000
2014-06-17,63.839393615722656,64.31521093650203,63.37348379868205,63.54200211800058,27715000
2014-06-18,65.02893829345703,65.17763402817037,63.49243586936375,63.9286004447492,35570000
2014-06-19,63.779911041259766,65.00912217812926,63.65104542530505,64.89016406595415,34245000
2014-06-20,63.93851852416992,64.2458175108768,62.79852792160818,63.89886582217878,46466000
2014-06-23,64.80095672607422,65.08843318298155,63.660965966057084,63.7600939532367,34560000
2014-06-24,65.14789581298828,66.58527025545062,64.7018086128254,64.79102907804965,57335000
2014-06-25,66.85294342041016,66.89259613164542,64.999218875814,65.00913394436814,44308000
2014-06-26,66.54562377929688,67.40805306321964,66.31763018802825,67.40805306321964,47714000
2014-06-27,67.01152038574219,67.11064834341033,66.25813429410326,66.72404401441973,46461000
2014-06-30,66.70423126220703,67.32874429408085,66.54562045621905,66.87274957133464,27102800
2014-07-01,67.467529296875,67.84422620377741,66.80336352088808,66.9917119743393,33243000
2014-07-02,65.87154388427734,67.70544552205814,65.21729317503672,67.44770672727608,41895000
2014-07-03,65.71293640136719,66.41675483610268,65.1875513418449,66.27797416237904,25203200
2014-07-07,64.72163391113281,65.99048995706138,64.5531156219345,65.72284370733338,28745000
2014-07-08,62.21365737915039,64.98928194663223,61.66844601827725,64.49363456738585,68926000
2014-07-09,64.40443420410156,64.55312995941124,62.600277695028886,62.85801271854349,51432000
2014-07-10,64.3052978515625,64.77120006518645,62.50113779582958,62.75887656728699,44422000
2014-07-11,65.76248168945312,66.01030534531566,64.22597956089207,64.71171180874887,39212000
2014-07-14,67.30890655517578,67.57655277623574,66.31761193010095,66.5456054586006,38537000
2014-07-15,66.58527374267578,67.49726319618013,65.68319935537767,67.36839758741742,44213200
2014-07-16,67.0710220336914,67.348583418249,66.48615406224746,66.95206391331793,29541600
2014-07-17,65.83189392089844,67.25935334694101,65.46511210761378,66.4464918810767,38188000
2014-07-18,67.82440185546875,67.8640545628923,65.5840806083927,66.21850880120829,42456000
2014-07-21,68.79586029052734,69.35098295561383,67.90369346236757,68.2109924286863,49539000
2014-07-22,68.6669921875,69.16263962156388,68.01274150728509,69.15273211822796,40398000
2014-07-23,70.66940307617188,70.70905577341574,69.00402760682327,69.1328932006318,78435000
2014-07-24,74.32728576660156,76.07195913017173,73.8613760109624,75.29875041357012,124168000
2014-07-25,74.53546905517578,75.01128639172241,74.01008394637294,74.33720552913118,45917000
2014-07-28,74.26781463623047,74.84276751303524,73.20712935942586,74.51563836971734,41725000
2014-07-29,73.06835174560547,74.26781775855152,72.78087529511718,74.06956178861913,41324000
2014-07-30,74.0299072265625,74.53546976909337,73.48469197844292,73.56399738962037,36853000
2014-07-31,72.017578125,73.52434308979878,71.8094070974082,73.35582476693591,43992000
2014-08-01,71.7301025390625,72.58261679339971,70.92715605696962,71.5913218523546,43535000
2014-08-04,72.87008666992188,73.2368609247632,71.7300960778112,71.7300960778112,30777000
2014-08-05,72.05723571777344,72.94939516426413,71.55167315190958,72.56279072065666,34986000
2014-08-06,71.8391342163086,73.0782526964768,71.16505346057794,71.39304702566064,30986000
2014-08-07,72.53304290771484,73.35581945454989,72.06713311461597,72.36452459705598,38141000
2014-08-08,72.42400360107422,72.7907854399235,71.92835614678167,72.76104780274274,27202000
2014-08-11,72.80069732666016,73.26660712342068,72.42400043754502,72.82051989625481,24591000
2014-08-12,72.19600677490234,72.69165420700304,71.59131630270113,72.45373799424938,27419000
2014-08-13,73.12781524658203,73.60364008595971,72.41408933198439,72.48347966658329,29266000
2014-08-14,73.65321350097656,73.7325113444721,73.04852301181667,73.32608437150058,22207000
2014-08-15,72.98904418945312,74.0001692701705,72.36453109581963,73.67304012270428,38846600
2014-08-18,73.940673828125,74.0695469895146,73.31616084093332,73.35581353959327,23974000
2014-08-19,74.63459014892578,74.92206656292504,73.86138137615927,74.15876529331128,26679000
2014-08-20,74.15876770019531,74.52554952919778,73.9704268154468,74.31737851154116,22917000
2014-08-21,73.92086791992188,74.53547354319721,73.76226465251638,74.26781965766575,20102000
2014-08-22,73.92086791992188,74.07947875030801,72.92957291895043,73.69286674198695,20897000
2014-08-25,74.36692810058594,74.62466685073606,74.13893454555131,74.287630269214,19734000
2014-08-26,75.29875183105469,75.32848946487164,74.07946346668511,74.34710973401677,23993000
2014-08-27,73.98033905029297,74.83285330834963,73.81182072469532,74.61476721029138,36323000
2014-08-28,73.21704864501953,73.78208648740674,73.08818301885424,73.35582933873003,21947000
2014-08-29,74.16868591308594,74.16868591308594,73.36573944477871,73.65321588030379,26241000
2014-09-02,76.01249694824219,76.03231951949951,74.16868773912128,74.35703619947694,34979000
2014-09-03,75.1698989868164,76.80553719113485,74.94189781722858,76.46849297039377,32389000
2014-09-04,75.28885650634766,76.26032898930501,74.8725143977864,75.22938122311922,26676000
2014-09-05,76.58744812011719,76.70639867096057,74.94189491230298,75.43754237543062,29476000
2014-09-08,77.21195220947266,77.48951354642465,76.3396154986265,76.58743920133067,28183000
2014-09-09,76.00257110595703,77.48951331779489,75.53666133617116,76.91456051410258,28882000
2014-09-10,76.75596618652344,77.27143621874612,75.84397667252483,75.85388417640868,29909000
2014-09-11,77.24169158935547,77.67786373612549,76.37926992476123,76.45856776355447,32219000
2014-09-12,76.8055191040039,77.61838048109963,76.42882226582729,77.34081160345107,26676800
2014-09-15,73.93077087402344,76.57752627783148,72.79078029709737,76.47839830657257,49679000
2014-09-16,75.41771697998047,75.56641272594565,72.43391724607056,72.87999692098629,37742000
2014-09-17,75.76465606689453,76.57751743815254,74.91214199911435,75.29874633648228,28693000
2014-09-18,76.32969665527344,76.6568257417681,75.85387184191949,76.10169553235869,23031000
2014-09-19,77.2317886352539,77.61839303794186,75.77458393451631,76.7262261229005,76671000
2014-09-22,76.13145446777344,76.85509553918531,75.28884771782946,76.32971043071308,31961000
2014-09-23,77.60848999023438,77.9455266753453,75.37807613870771,75.6655526093511,36814000
2014-09-24,77.8563003540039,77.9356057590823,76.83526784330348,77.42012818905239,30680000
2014-09-25,76.54779052734375,78.25281890170046,76.45857005692855,77.91577471554689,37533000
2014-09-26,78.10411834716797,78.15367854947415,76.6568288439902,76.91456004713233,28872000
2014-09-29,78.31230163574219,78.51055760203295,77.23179376239098,77.43996479589038,34031000
2014-09-30,78.3519515991211,79.01611738222637,77.91577941297193,78.65925060500979,35899000
2014-10-01,75.8836441040039,78.13388068810002,75.23930076644055,78.09422797592889,55090000
2014-10-02,76.40901947021484,76.80553897790747,74.9815522677136,75.90345690883223,36488000
2014-10-03,76.765869140625,77.38046705557024,76.58743578012954,77.08308316339705,23340000
2014-10-06,76.88482666015625,77.21195577795962,76.1810082195057,76.51805240350964,25729000
2014-10-07,75.6258773803711,77.27142273252018,75.57630961768267,76.37926350795846,25317000
2014-10-08,76.84518432617188,77.03353279449695,74.4462522645793,75.51685266929982,32976000
2014-10-09,75.24920654296875,77.08310076727903,75.1897237005666,76.60727584296482,32487000
2014-10-10,72.27530670166016,75.8340513642081,72.12661097070315,74.93196947592025,52146000
2014-10-13,72.3546142578125,74.12903307620789,71.8887044342755,72.59253048449952,43938000
2014-10-14,72.94937896728516,73.53424681812815,71.42279166700376,73.35581345585152,50299000
2014-10-15,72.57268524169922,73.15755305681466,69.70784411785685,71.06592060127876,61528000
2014-10-16,71.99774169921875,72.71147519600567,69.96559180956766,70.17376281896726,53529000
2014-10-17,75.28885650634766,75.33842428435875,73.10801040751917,73.58383536228996,76342000
2014-10-20,76.2801513671875,76.41893206968551,74.72381843519035,74.94190455711038,34701000
2014-10-21,78.00498962402344,78.05454982584959,76.47839473636733,76.88482166844967,32252000
2014-10-22,77.68777465820312,79.15488669784348,77.3309079322411,78.13385428416618,41862000
2014-10-23,79.34324645996094,79.92810683367752,78.32221390043536,78.68898818124742,35056000
2014-10-24,79.9677505493164,80.11644628348985,78.62950406771388,79.5018407782966,32248000
2014-10-27,79.58114624023438,80.09662377737321,79.06567626607475,80.03714094586998,30169000
2014-10-28,80.06687927246094,80.45349121014766,78.87732851381946,79.48201895897301,74212000
2014-10-29,75.19962310791016,76.21074046241569,74.12902292338968,74.79318861522073,106120000
2014-10-30,73.4648666381836,74.69407021318311,72.2654007005097,74.39668627694678,83270000
2014-10-31,74.33719635009766,75.04101476394419,73.80189624034551,74.27772108111829,44544000
2014-11-03,73.23686981201172,74.86259296112709,73.05843641452441,74.8130327503131,40727000
2014-11-04,75.10050201416016,75.11040951758675,73.00886921823385,73.58382206212387,39326000
2014-11-05,74.1785888671875,76.13144075870983,73.77215438447404,75.84396437012737,35913000
2014-11-06,74.60486602783203,74.94190270758615,73.66313121214439,74.23808414429294,21383000
2014-11-07,74.94188690185547,75.19962567276689,74.3669340909682,74.73371589715062,20774000
2014-11-10,74.34712219238281,74.82294710212543,73.96051776202086,74.70398898394468,21575100
2014-11-11,73.96051025390625,74.32729207549434,73.38555741886964,74.29754687673348,18715700
2014-11-12,74.06954193115234,74.48588389418062,72.89981387099309,73.63336983865887,26536600
2014-11-13,73.60364532470703,74.58502514473545,72.99895483888655,74.08937770147143,26448500
2014-11-14,74.2281494140625,74.27771717759322,73.39546544019437,73.62345900128636,19476900
2014-11-17,73.59374237060547,75.00138708901659,73.2368755476822,74.22817059736215,28701200
2014-11-18,73.69287109375,74.14887347654802,73.25670641039271,73.8019141553346,20690500
2014-11-19,72.691650390625,73.89111620577808,72.47356432187368,73.36573116541128,25441200
2014-11-20,72.95930480957031,73.34590922444556,71.87879697388823,72.16627340907392,19154900
2014-11-21,73.10799407958984,73.85146520582296,72.86017037084547,73.85146520582296,23060400
2014-11-24,73.36573028564453,73.70276688750648,72.7114720872361,72.8998205194408,22103800
2014-11-25,74.97164154052734,75.08068460053015,73.48469897283196,73.56400439155783,32250200
2014-11-26,76.9443130493164,77.10291630095571,74.85268020014998,74.87250277048743,32695300
2014-11-28,77.02361297607422,77.58865078321682,76.55771071223884,76.99387533827411,15992000
2014-12-01,74.44624328613281,76.63700404309176,74.14885936267403,76.58744383733847,31789900
2014-12-02,74.8031005859375,75.24918775918819,74.38675860795317,74.67423499169817,16773900
2014-12-03,74.2281494140625,75.07075601621142,73.75233216127467,74.72379679745416,16689900
2014-12-04,74.58502960205078,74.89233617806583,74.01008428136954,74.17860260703507,14362800
2014-12-05,75.6952896118164,76.09180913911547,74.70399457505923,75.1401668113863,24306400
2014-12-08,75.85388946533203,76.57753813725314,74.74364391452345,75.51685279825959,25733900
2014-12-09,76.17109680175781,76.26031727587747,74.12903171944006,74.54537376405204,25358600
2014-12-10,75.516845703125,76.87492243733399,75.40780265920414,75.98275551569961,32210500
2014-12-11,77.05333709716797,77.83645322159897,75.81421877461783,75.85386390551875,33462100
2014-12-12,77.15248107910156,78.1933361484985,76.34952709644722,76.48831533534643,28091600
2014-12-15,76.3198013305664,77.89596434219212,75.89354417023803,77.77700621733973,29396500
2014-12-16,74.03982543945312,76.71631889507637,73.94068988977918,75.52676792879505,31554600
2014-12-17,75.44745635986328,75.74484785866514,74.24799042386105,74.35703346922307,29203900
2014-12-18,77.71752166748047,77.71752166748047,75.84397491164218,76.22066425094462,34222100
2014-12-19,79.18463897705078,79.30359709536677,77.64813632111627,78.06447839075166,43335000
2014-12-22,80.740966796875,81.17713897420118,79.30359221320266,79.38289762053104,31395800
2014-12-23,79.90828704833984,81.45470476032298,79.7001160150329,81.30600900425222,19865800
2014-12-24,80.06687927246094,80.72113748379924,80.0470567037746,80.324618043259,7685500
2014-12-26,80.0768051147461,80.57245259137908,79.80915880507563,80.31471378589544,10647400
2014-12-29,79.32341003417969,80.25522960704716,79.01611105290614,79.78931982061341,14134700
2014-12-30,78.5303726196289,79.88844160955578,78.41141452496527,79.15488559991054,14370800
2014-12-31,77.3408203125,79.10533148569979,77.18221707039116,78.84759270892103,19935400
2015-01-02,77.76708221435547,78.24290709611357,77.02361103615712,77.89595539221699,18177500
2015-01-05,76.51805114746094,78.56011609844697,76.19092203502743,77.30117497890204,26452200
2015-01-06,75.48710632324219,76.91456580191738,74.70398246361094,76.55770660448336,27399300
2015-01-07,75.48710632324219,76.6865722156962,75.159977199033,76.09179680266656,22045300
2015-01-08,77.49943542480469,77.54900319489448,75.41771765169077,76.07196835159291,23961000
2015-01-09,77.0632553100586,77.93559957069412,76.52795521275381,77.51925000858212,21157000
2015-01-12,76.0521469116211,77.32100318978695,75.54658438851502,77.16239237352623,19190200
2015-01-13,75.78450012207031,77.40031582084804,75.18972463154863,76.55771657902727,25179600
2015-01-14,75.615966796875,76.52795620575574,75.36814309470225,75.75474746505341,25918600
2015-01-15,73.4053955078125,75.90345550293978,72.89983295579397,75.73493717326042,34134000
2015-01-16,74.52555084228516,74.66433152316812,73.19721174428838,73.39547526196397,21791500
2015-01-20,75.5763168334961,75.64570717009784,74.16867996930102,75.06084684202307,22821600
2015-01-21,76.07196807861328,76.62709836230351,75.18971622763577,75.49702278772602,25096700
2015-01-22,76.97404479980469,77.07317276987104,76.01248760790453,76.49821995531516,19519500
2015-01-23,77.15248107910156,77.5093478351747,76.36935722899551,76.974047701065,16746500
2015-01-26,76.82535552978516,77.78691280262184,76.61718450622979,77.30118041432598,19260800
2015-01-27,75.12033081054688,76.2107537532515,74.97163505404616,76.04223542527485,20110000
2015-01-28,75.5763168334961,76.96413112851045,75.33840818843004,76.23057506115208,53306400
2015-01-29,77.32100677490234,77.34082934636405,73.56399797405138,76.18101605985579,61293500
2015-01-30,75.24920654296875,77.4796202770441,75.09059571387047,77.32100944794584,42649500
2015-02-02,74.33719635009766,75.47718690440429,73.10799289232196,75.44744926991461,41955300
2015-02-03,74.74364471435547,74.92207811735635,73.21704950267697,74.53547367135123,26957700
2015-02-04,74.97164154052734,75.68537518309807,74.35704345285443,74.43634130859928,20277400
2015-02-05,74.95181274414062,75.31859460305834,74.55529324641506,75.05094072782693,15062600
2015-02-06,73.82173919677734,75.04102780055268,73.60365308865997,75.02120522844228,21211000
2015-02-09,73.79200744628906,74.1786119186309,72.81061988143865,73.40540297394722,16194300
2015-02-10,74.53546905517578,74.68415724598397,73.85147312553727,74.19842484239007,15811300
2015-02-11,75.84397888183594,76.08188755263969,74.37685902542225,74.43633430237811,20877400
2015-02-12,75.56640625,76.20083431963391,75.2293620838312,76.190919253958,17235000
2015-02-13,75.0806884765625,75.81425229317536,74.84277977108391,75.79442215597966,18621900
2015-02-17,74.94188690185547,76.24048825927042,74.42641692301193,74.64450299355394,25254400
2015-02-18,76.04222869873047,76.23057714450246,74.79319504278403,75.27893497525078,22426400
2015-02-19,78.72863006591797,79.14497206080091,76.28013073513934,76.3197834341252,45851200
2015-02-20,79.20446014404297,79.64062473585815,78.51054921023507,78.85750845862877,36931700
2015-02-23,78.1536865234375,79.49194069289109,77.69769177560839,79.26393953748658,24139100
2015-02-24,77.76708221435547,78.788122318651,77.42013051045889,77.81664998476066,18897100
2015-02-25,78.86741638183594,79.5018444851092,77.81664625384826,77.81664625384826,25593800
2015-02-26,79.71002197265625,80.66166411457924,79.02602611068869,79.1846293528528,31111900
2015-02-27,78.28256225585938,80.52289092741896,77.93561054107762,79.97767568777608,30739200
2015-03-02,79.0557632446289,79.16480628172881,77.83646726750237,78.31229211693648,21662500
2015-03-03,78.9070816040039,79.00620959281052,77.83648117373868,78.91699667177879,18635000
2015-03-04,80.19575500488281,80.44357871777616,78.16359753396557,78.60968475496131,28126700
2015-03-05,80.5030517578125,81.27626051053582,80.34444851870532,80.52288188956297,27825700
2015-03-06,79.31350708007812,80.62201604578073,79.13507369552867,80.19575893618928,24488600
2015-03-09,78.74847412109375,79.21438396283529,77.94552005986628,78.98638279409654,18925100
2015-03-10,76.87491607666016,78.5700293060209,76.87491607666016,77.81664312753415,23067100
2015-03-11,76.89474487304688,77.74725908967463,76.58744587506939,77.12274602711332,20215700
2015-03-12,78.2428970336914,78.36185512957732,77.23177968908749,77.42012055384983,16093300
2015-03-13,77.37057495117188,78.68899150518448,77.00379309188635,77.91578264348344,18557300
2015-03-16,77.39038848876953,77.4399562563664,76.68657005417496,77.28134545044,19305400
2015-03-17,78.6691665649414,79.0855086220938,77.65804149702255,77.67787163097086,22170000
2015-03-18,80.20568084716797,80.53280244427359,78.48082212833945,78.56012754223559,36912400
2015-03-19,82.02964782714844,82.27747153659601,80.2948818610154,80.41383996422282,42099500
2015-03-20,83.07051086425781,83.86354220082876,82.3468623011946,82.66407634841887,44466300
2015-03-23,83.69503021240234,84.22041530875973,82.57486967796076,83.18946768668977,27357300
2015-03-24,84.56736755371094,85.32075381365149,83.78424365612457,83.97259211185474,32576500
2015-03-25,82.19816589355469,84.77553095165999,82.19816589355469,84.75570838267322,37436100
2015-03-26,82.28739166259766,83.04077034029963,81.42496237801527,81.99991523440353,32794800
2015-03-27,82.57486724853516,83.21920287576444,82.15851764744356,82.65416509176136,18372600
2015-03-30,82.47572326660156,83.60579871892675,81.69260704016594,83.08041369180808,24527700
2015-03-31,81.50426483154297,82.77312104588215,81.49434976528043,82.1783456407831,19734300
2015-04-01,80.95906829833984,81.99993116948718,80.16603676302024,81.78184503930535,22058200
2015-04-02,80.85001373291016,81.84130868329102,80.73106317917183,81.53400966882664,19664100
2015-04-06,81.72235870361328,82.08913299752324,80.09663557860715,80.09663557860715,19062900
2015-04-07,81.6033935546875,82.69381640121362,81.50426558009052,81.93052267753924,17467000
2015-04-08,81.5637435913086,82.37660511106864,81.12757141285884,81.91069529553911,18966700
2015-04-09,81.45469665527344,82.07921725603241,80.99870192821521,81.78182577348247,15927300
2015-04-10,81.3258285522461,81.89086630137822,81.19696294734906,81.49434685779899,12529700
2015-04-13,82.28739166259766,83.20929622095127,81.20687629021421,81.21679135683605,26883100
2015-04-14,82.79293823242188,82.96146409600945,81.7223455980429,82.44598656558706,19634200
2015-04-15,81.98999786376953,82.931732528903,81.55382570042435,82.82268948806671,22390900
2015-04-16,81.59346771240234,82.34685383320418,81.43486448658962,81.75207850119375,13769700
2015-04-17,80.0768051147461,81.39522921770508,79.67037811665682,80.77071611982043,24215000
2015-04-20,82.36668395996094,82.42616679270641,80.53279003337215,80.83018150816142,28796800
2015-04-21,82.89207458496094,83.75449622779455,82.81276918518935,83.26876388940717,27171900
2015-04-22,83.89327239990234,84.00231542799965,82.92180777519027,83.58597344598019,45548000
2015-04-23,81.69261932373047,84.84492996043406,81.69261932373047,83.36790262310775,73728100
2015-04-24,80.82026672363281,82.21799607183827,80.77070651964827,82.04947020194854,29660400
2015-04-27,81.19696807861328,82.2080855388078,80.91939915648123,81.15731537545156,25446000
2015-04-28,79.97767639160156,81.1870574334667,79.53159669195371,81.1176670898997,23775300
2015-04-29,79.76949310302734,80.68148249633184,78.82775851306764,79.3134984063751,26430300
2015-04-30,78.08428192138672,80.25521978264081,77.63820232169437,79.3134928219665,28999000
2015-05-01,78.30238342285156,79.06568474466519,77.4300466180446,78.55020715224923,24136400
2015-05-04,78.12395477294922,78.99629919363905,77.9455213744427,78.63943239662602,14692000
2015-05-05,76.88482666015625,78.11403772772412,76.54779003913185,77.86621401356633,22311300
2015-05-06,77.42013549804688,78.12395401785871,76.37928031930278,77.29126987486343,28663000
2015-05-07,77.74726867675781,78.25283125430397,76.88483928717682,77.32101151588179,19749400
2015-05-08,77.8265609741211,78.54029447787595,77.35073611729135,78.41142130676606,19943600
2015-05-11,77.33091735839844,78.34203482988713,77.25161195118916,77.79682717202809,18874100
2015-05-12,76.78569030761719,77.21194735197116,76.12152464126854,77.19212478471273,21285300
2015-05-13,77.7571792602539,77.84639217662722,76.97405533250658,77.04344567734594,21512300
2015-05-14,80.66166687011719,81.13748417584368,77.98516616423179,78.25282001631018,49438000
2015-05-15,79.71993255615234,80.81035541322058,79.48202390222357,80.70131993419554,27069900
2015-05-18,80.17593383789062,80.67158131910084,79.53159816270164,79.63072614634761,21613700
2015-05-19,79.92809295654297,80.97887053419386,79.84879512442,80.54269842411315,17955400
2015-05-20,79.84879302978516,80.39400059010512,78.76827784806044,79.76948763676383,23056900
2015-05-21,79.77941131591797,80.21557589867365,79.38289187097514,79.4919349074089,13402700
2015-05-22,79.8388900756836,80.60218380110709,79.55141365460781,79.65054162943196,19567900
2015-05-26,78.63941955566406,79.89836064406938,78.39159585170418,79.72984234049169,16321300
2015-05-27,79.84879302978516,79.95783605444487,78.73854021642207,78.9070585043585,14160900
2015-05-28,79.45228576660156,80.36427523674763,79.30359002271304,79.551413741534,11982000
2015-05-29,78.50064849853516,79.37298532061511,78.19334192517071,79.25402720547596,16134600
2015-06-01,79.59105682373047,79.68026972149238,77.97524909499715,78.60967713345556,18119000
2015-06-02,79.73976135253906,80.64183574684672,78.86741703112197,79.06568054188932,18923300
2015-06-03,81.72235870361328,81.8115716195437,80.54271528421992,80.64184326735828,31775000
2015-06-04,81.33575439453125,82.22791380706478,80.80045420922293,81.42496731059246,20863900
2015-06-05,81.4249496459961,81.74216366147465,80.80043668011045,81.15730339289615,16143100
2015-06-08,79.9677505493164,81.28617446241944,79.43245044407956,81.10774109400715,16915500
2015-06-09,79.9677505493164,80.48322808605377,78.62950406771388,79.89836021509937,16497500
2015-06-10,81.44477844238281,81.88094297966141,80.10652450986258,80.12635463968077,21531200
2015-06-11,81.11766052246094,82.17834572424164,80.65175072638331,81.59347782183156,18656800
2015-06-12,80.82026672363281,81.37538941132777,80.4931376128214,80.66166348271113,11417900
2015-06-15,80.00740814208984,80.22549422381722,79.3729800295991,79.848804895457,18805100
2015-06-16,80.35435485839844,80.80044206057467,79.74966441941098,80.11644622169197,13693700
2015-06-17,81.07799530029297,81.50425232843719,80.63190814266568,81.04825766904683,18350300
2015-06-18,82.18826293945312,82.46582429850652,80.85992385443781,80.92931419420115,26782600
2015-06-19,81.79174041748047,82.25765020834652,81.40513602994896,82.10895446783913,23353200
2015-06-22,84.00233459472656,84.23033576812884,82.58478246899898,82.68391801750985,29383100
2015-06-23,87.11498260498047,87.20420306799227,84.02214772951235,84.22040366046016,50667900
2015-06-24,88.08647155761719,88.47307599052053,86.68874202098172,86.8969206199116,41370200
2015-06-25,87.2141342163086,88.62177124936116,87.07534596347686,88.4829905595098,27302000
2015-06-26,87.24385833740234,87.5709798768069,86.07413015919488,87.35290137153027,38214600
2015-06-29,85.05310821533203,86.7383065750262,84.98371787259121,85.85605469033005,35957900
2015-06-30,85.02336120605469,85.94526577599143,84.82510524900634,85.84613779746725,23016500
2015-07-01,86.15343475341797,87.18437469065674,85.73708518928713,86.01464652338827,25260000
2015-07-02,86.53013610839844,86.67883186180244,85.58840137882663,86.63917915669602,16908800
2015-07-06,86.78787231445312,87.42230045122086,85.63796658969913,85.73709456801035,24635900
2015-07-07,86.46074676513672,87.08525986107982,84.48807193190477,87.03569965135878,33059900
2015-07-08,84.90441131591797,85.99483421410602,84.70614779435104,85.5388394589721,24399300
2015-07-09,85.13241577148438,86.83744445955331,84.90442214632456,85.97502261041171,23307400
2015-07-10,87.18437194824219,87.45202577126281,86.01464381776792,86.58959659916587,23245900
2015-07-13,89.315673828125,89.43463194525836,87.65029800315949,87.8882142374262,29976700
2015-07-14,88.89933013916016,90.00958318985529,88.86959250116496,89.67253897895598,26627800
2015-07-15,88.9786376953125,90.19792626040608,88.64159347628363,89.21654636799265,30886600
2015-07-16,90.05912780761719,90.06904287289247,88.98852764725373,89.4940900945885,21804100
2015-07-17,94.1432876586914,94.55962974489665,91.73444049853151,91.74435556619756,54001600
2015-07-20,97.05768585205078,97.74167418009631,94.52988086928924,95.0156132454624,54860500
2015-07-21,97.53350830078125,98.3761074851051,96.29438962884025,98.08863104565715,39453300
2015-07-22,96.19526672363281,96.73056692571521,95.0850136123159,95.89787520148239,28299500
2015-07-23,94.60919189453125,96.601689287026,93.98467123937837,96.11595688200283,29418800
2015-07-24,96.10604095458984,96.90899499502979,95.04535567631105,96.50256044131596,33444900
2015-07-27,93.35023498535156,95.76899685961078,93.01319836378013,95.73925922394031,38585400
2015-07-28,94.46047973632812,94.72812599707126,92.49771275995577,94.01439255111768,35236000
2015-07-29,96.14569091796875,96.4331673485733,93.91527737708715,95.48152514535475,64648300
2015-07-30,94.38117218017578,94.9759475172034,91.0008610175653,94.08378829315134,86211300
2015-07-31,93.19163513183594,95.49143898411887,93.13215229535096,94.12344718966223,46509000
2015-08-03,93.32048797607422,94.25230746937642,91.9921566296874,92.71579756824774,29343100
2015-08-04,93.2411880493164,93.90536132444562,92.51754706831099,92.97354177648765,20136000
2015-08-05,95.6004867553711,96.2448224181546,94.35145300913466,94.4208433526489,29813200
2015-08-06,94.2919692993164,97.88045183293139,93.59805836325648,96.33403427979253,42271300
2015-08-07,93.47911834716797,94.56954129750056,92.79512240026808,94.54971116290557,23199100
2015-08-10,93.33041381835938,95.06517984634755,92.81493624905998,94.84709376418085,21624200
2015-08-11,92.8050308227539,93.93510639838303,92.09129728804501,92.91407386627775,22491000
2015-08-12,93.37007141113281,93.61789514239669,90.39618663596626,91.89303652745443,27050500
2015-08-13,92.61669158935547,93.90537810671177,92.53738617472234,93.23129720829134,17451800
2015-08-14,93.59806060791016,93.89545209663633,92.39859471254609,92.72572383754894,15929700
2015-08-17,93.1123275756836,93.6377126474633,92.5770274375553,93.59805994504866,18313500
2015-08-18,94.34154510498047,95.01562602014722,93.22138445663634,93.261037164938,22278800
2015-08-19,94.4803237915039,95.26344774708602,93.34034059476423,93.80624289068516,23251300
2015-08-20,89.77165222167969,93.94500230840355,89.67252425697663,92.72571397289596,44598200
2015-08-21,85.31085205078125,88.40369541892647,84.86477229056914,86.7581419580918,62778700
2015-08-24,81.37540435791016,81.37540435791016,71.37324126137345,76.35945398941749,83710700
2015-08-25,82.27748107910156,86.9068266933767,82.27748107910156,86.19309311731247,52021200
2015-08-26,86.43101501464844,86.6986613417197,82.53522529251269,85.20180374733675,45124300
2015-08-27,88.94889068603516,89.27601224039121,86.43100084623484,88.32437008694362,42431400
2015-08-28,90.21775817871094,90.6836680290329,89.0083770939553,89.09759001185671,33215900
2015-08-31,88.65150451660156,90.2574050009518,88.11620435515148,89.81131775158674,32850700
2015-09-01,86.47064971923828,88.61184257894236,85.74700117926312,86.09395285062962,36097400
2015-09-02,89.10749816894531,89.10749816894531,86.86716957195614,88.0368978592712,27190500
2015-09-03,87.38263702392578,89.03809750380708,86.96629502832313,88.978622236715,27048200
2015-09-04,87.49169921875,87.62056484666776,85.9452738688334,86.44092137110574,27328700
2015-09-08,88.75064086914062,89.45445941736585,88.05673738863145,88.90925170067456,27012500
2015-09-09,89.65271759033203,91.17931271905368,89.38506371888498,89.98975424269616,32551100
2015-09-10,91.1792984008789,91.25859623646615,88.84974958661279,89.28592171574842,26437400
2015-09-11,91.24870300292969,91.27844064129752,90.3367059027614,90.88192114943917,21185000
2015-09-14,91.50643157958984,91.81373814739645,90.8026130944509,91.50643157958984,20127900
2015-09-15,92.09129333496094,92.43824502083466,90.99095544334749,91.56590827306938,18859400
2015-09-16,92.63648986816406,92.78518559086149,91.82362848879394,92.09128230224503,16321200
2015-09-17,93.51874542236328,94.67856605671798,92.09128608950807,92.55719584373054,27841800
2015-09-18,93.5782470703125,94.36137100743154,92.24000036783531,92.3886885635702,62300000
2015-09-21,94.71822357177734,95.65003556462688,93.69718354893246,93.79631908183458,28790000
2015-09-22,92.1507797241211,93.85580828667739,91.11983204529682,92.95372623158848,36888900
2015-09-23,93.15198516845703,93.49893687907516,91.99217192311355,92.58694736459891,21701400
2015-09-24,93.58815002441406,93.94500921096936,91.43703446111296,92.24989593216894,29106000
2015-09-25,91.96240997314453,95.01559959645856,91.2585916132275,94.95612433203642,28961600
2015-09-28,88.43340301513672,91.48659263522748,87.41237064108176,91.27842164699112,41199900
2015-09-29,85.91551971435547,89.27600852878066,84.97379266624617,88.32436641489717,42281800
2015-09-30,89.1174087524414,89.23635929443464,87.24386208625276,87.6701191753474,36169100
2015-10-01,90.15827178955078,90.15827178955078,87.5908215245621,89.26611239371978,29283700
2015-10-02,91.26852416992188,91.3973897885265,87.60073594337034,88.12612104773247,37881700
2015-10-05,93.19163513183594,93.44936635901138,91.8533885371117,92.13094989744208,27292500
2015-10-06,91.99217224121094,93.35024145075224,91.53616991941594,93.26102853756197,22172800
2015-10-07,91.59564208984375,92.84467566989494,90.57460964413508,92.29946049841011,24129300
2015-10-08,91.6650390625,92.40851022492367,89.68244929603686,91.09008621511055,27290500
2015-10-09,92.42833709716797,92.92398456185481,91.43704216779429,92.09130045141137,20012900
2015-10-12,93.43946075439453,93.77649739507967,91.86329790765758,92.50764111465092,18449600
2015-10-13,93.3006820678711,94.53980073745777,92.73564425705878,92.84468730502083,19480300
2015-10-14,93.25110626220703,94.37126672033743,92.79511153864121,93.26102132834397,19253400
2015-10-15,95.12464904785156,95.46169321595755,94.07387896953956,94.16309187219812,27557500
2015-10-16,96.69091033935547,96.74047054907182,94.51997197850424,95.34274860219438,25412900
2015-10-19,97.61280059814453,97.71192856598748,96.07629062615176,96.33402939292675,23729900
2015-10-20,96.15560913085938,98.72305939391678,95.71943693732862,97.87055270389423,30881800
2015-10-21,96.26464080810547,97.32532596555212,95.6302127268091,96.52237957956314,21917800
2015-10-22,98.80236053466797,98.86184337129369,96.70082019406267,96.93872885162594,26392100
2015-10-23,101.30043029785156,101.95468101232065,99.2881028202708,101.02286893032043,42809700
2015-10-26,102.86664581298828,102.90629850782165,100.66597797207338,101.31031346492539,25961200
2015-10-27,102.79727935791016,103.19379883533972,101.50860050998907,102.04390067007198,23795500
2015-10-28,103.29292297363281,103.57049189159979,102.0240667434169,102.99553904885204,24081500
2015-10-29,103.96699523925781,104.20491143508771,102.61883371480468,103.05500584418041,20316700
2015-10-30,101.08234405517578,103.80840508120326,100.76512998375725,103.60023405586422,33487100
2015-11-02,102.41068267822266,102.56929350636001,100.29922707876283,100.83452727925558,24003900
2015-11-03,101.68702697753906,102.74771215877689,101.508593602986,102.32145507306565,21242300
2015-11-04,103.03518676757812,103.23344270784227,101.58789722730766,102.29171564711855,43469300
2015-11-05,107.813232421875,109.68677912536012,107.01027843253875,107.85288512432194,63232900
2015-11-06,106.16767883300781,107.79340181122612,104.98804308310504,107.09949842893036,35084300
2015-11-09,105.56298828125,107.30766936500352,104.93847523764136,106.06855078111202,26383500
2015-11-10,106.97063446044922,107.20854311474754,104.32387137483384,105.03760490070856,25031700
2015-11-11,108.06105041503906,108.91356456503446,106.17758874497996,107.32748680310304,25057100
2015-11-12,107.07966613769531,108.43774280193067,107.05984356844917,107.53566842313103,20924700
2015-11-13,103.04509735107422,107.30766826099854,102.9261468085514,106.77236813070715,30278400
2015-11-16,103.13431549072266,103.26318109653731,99.59539323401559,102.42058199979361,49309200
2015-11-17,104.21483612060547,105.27552142221741,103.23345623067937,103.70928113781402,26807200
2015-11-18,106.83183288574219,106.94087591430727,104.47255408119904,104.87898856275591,23836500
2015-11-19,105.33499145507812,106.79219607496137,105.02768491290517,106.42541426274563,25520600
2015-11-20,106.3857650756836,106.9309802790157,105.69186169233332,105.90994021068651,22129600
2015-11-23,106.01897430419922,106.53445182802552,105.15655268095675,106.25689049810937,19897200
2015-11-24,104.81952667236328,105.56299789037442,103.48127999253929,105.0772654789083,23577300
2015-11-25,104.49240112304688,105.67203693474518,104.18509455509215,105.40439063411885,15150800
2015-11-27,104.53203582763672,105.03759830387634,103.94717551359774,104.85916493361408,5913100
2015-11-30,103.33258819580078,105.17639749215725,102.84685576572255,104.91865867573628,20383200
2015-12-01,106.18751525878906,106.21725289650989,103.59031982845543,103.91744896934472,22781900
2015-12-02,105.14664459228516,106.98053855489798,104.86908324395192,106.06854910666601,24429100
2015-12-03,103.47135925292969,105.91985887342742,102.4503267129119,105.34490601456966,23236500
2015-12-04,105.25569915771484,106.79220937094196,103.20371889298735,103.89762233981101,21224700
2015-12-07,104.69065856933594,105.90003959871437,103.74893140736691,105.55308788446158,15474900
2015-12-08,105.56298828125,105.97933787330206,103.04509841122491,103.09466617977243,20401800
2015-12-09,103.68944549560547,105.51343205259109,102.6485903836935,105.2556932597929,23517300
2015-12-10,104.50231170654297,105.47378408425642,103.50110925341717,104.13553741572709,17454300
2015-12-11,101.23104095458984,103.43170934585865,101.02286992688794,103.24336845202176,26427700
2015-12-14,103.74893188476562,103.8282297319739,100.57678354404887,101.39956015804873,24648100
2015-12-15,103.63988494873047,104.87900357526728,103.37223109012977,104.38335612465255,21764300
2015-12-16,105.8603744506836,106.15775835809632,103.28300943821036,104.45273762518396,22680500
2015-12-17,105.29534149169922,106.81202142105839,105.20612102133595,106.55428263920624,21675700
2015-12-18,103.13431549072266,105.66211278095378,103.06492515482563,105.15655786069519,35994200
2015-12-21,103.85796356201172,104.23466046510491,102.69815034170668,103.99675180624283,16138800
2015-12-22,104.59151458740234,104.74021031732792,103.89760370207597,104.30403819300729,14597100
2015-12-23,103.71919250488281,105.18631242378976,102.95589868717502,104.96822631502164,19599700
2015-12-24,104.10577392578125,104.40316538342424,103.5903039705762,103.82821259890322,6501800
2015-12-28,105.00786590576172,105.05743367446499,103.62005157484671,104.10578394362409,13069700
2015-12-29,106.32628631591797,106.80210360232743,105.32507641308639,105.49359472023227,17179900
2015-12-30,105.29534149169922,106.31637398987019,105.13673068348878,106.06855027427608,13115000
2015-12-31,103.74893188476562,105.24578179642684,103.7092791796714,105.07726347201151,18391100
2016-01-04,101.33016967773438,101.34999224876456,98.88166997308589,101.06251580945562,37912400
2016-01-05,101.83572387695312,102.80718860049171,100.78494618684584,101.99432712115185,23258200
2016-01-06,102.07363891601562,102.86667031262355,100.0216587382853,100.24965233415533,25096200
2016-01-07,97.06759643554688,100.54704371106347,96.45299842745324,99.625139135943,45172900
2016-01-08,96.48273468017578,99.62513770613984,96.18534318421922,99.0105321438869,35402300
2016-01-11,96.66116333007812,97.74167109069569,94.55961551694932,97.05768278426953,29932400
2016-01-12,98.50497436523438,99.0898347107424,96.70081799683214,98.1381925391326,28395400
2016-01-13,94.60919189453125,99.70444730267704,94.38119072965412,99.70444730267704,33410600
2016-01-14,97.51367950439453,98.00932694152843,91.64520810086469,95.0156121859711,48658600
2016-01-15,94.1432876586914,95.54100968037491,92.72573550167583,93.16190772321313,46132800
2016-01-19,94.43074798583984,96.57194089410804,93.1024089757927,95.68968909706048,30998300
2016-01-20,93.52867126464844,94.17301445509504,88.59202695269214,92.02190636107802,59051400
2016-01-21,93.34033966064453,95.1544037400484,91.81374447221562,94.08381090132859,30518900
2016-01-22,97.08741760253906,97.21628320714557,94.658740742954,95.57073773002386,30495400
2016-01-25,96.16552734375,98.61402713447325,96.08622193088097,97.86064083817831,32482000
2016-01-26,96.49263763427734,97.02793776397208,94.82726953697757,96.90898722158184,26877100
2016-01-27,93.62779235839844,96.9981962458403,93.40971385175214,96.9387209770258,58699400
2016-01-28,108.16019439697266,109.37948297046616,103.89762301594402,106.2668173807775,107475300
2016-01-29,111.23320007324219,111.85771313898314,107.89253353000711,108.0412292779397,62739500
2016-02-01,114.08812713623047,114.71264776750878,111.03494457268067,111.29267580297402,46132700
2016-02-02,113.61231231689453,116.56636696742387,112.2145828380146,113.800660773391,59778600
2016-02-03,111.70902252197266,114.33594790534359,108.79461315267237,114.26655756621643,56919300
2016-02-04,109.52816772460938,110.96554981938198,108.29896420730492,110.8267691430563,38890200
2016-02-05,103.16405487060547,108.62609161881451,102.28180305800109,108.55670128174381,76894700
2016-02-08,98.88166046142578,101.78615465018032,96.61159436633275,99.53591868719016,71229700
2016-02-09,98.67350006103516,101.50860421820283,95.97717659159063,96.29439067252645,62709000
2016-02-10,100.12078857421875,102.35120218107016,99.36740230493672,100.66600381441894,45179400
2016-02-11,101.02286529541016,104.19500590017188,98.0192354428948,98.73296896971112,43670600
2016-02-12,101.12198638916016,103.33256959556908,100.20998940975191,102.83692218712126,36176800
2016-02-16,100.72547912597656,103.02528307666645,99.36740233998626,102.89641745756467,45687200
2016-02-17,104.28421020507812,104.79968773768238,99.52599969053391,101.1318924303892,44073400
2016-02-18,102.56928253173828,105.07725737021477,102.13311036401029,104.87900141923645,29593500
2016-02-19,103.65971374511719,104.10579345227119,101.17156127595197,101.65730125207473,32404500
2016-02-22,106.22715759277344,107.3076653270373,104.4229937420573,104.57168947912481,35709700
2016-02-23,104.54195404052734,106.5344588079402,104.20491742154123,105.91985327787319,25319300
2016-02-24,105.94960021972656,106.01899056284702,101.84563978264732,103.30284455115724,34412400
2016-02-25,107.12923431396484,107.12923431396484,104.69064988649369,106.17759216395021,29906300
2016-02-26,106.98053741455078,108.49721731104735,106.22715878081382,107.75374618037416,26686200
2016-02-29,105.98926544189453,107.96194804625185,105.82074709769749,106.66334638166374,32779000
2016-03-01,108.8639907836914,108.8639907836914,106.66331519543789,106.89131631908583,26817300
2016-03-02,108.99285888671875,109.58764180974542,107.82313073466749,108.72521262173998,25670200
2016-03-03,108.62608337402344,109.33981682285179,107.59513589938014,109.29024905885801,21353100
2016-03-04,107.44646453857422,109.09201787023862,106.99046974573461,109.09201787023862,24938900
2016-03-07,104.80961608886719,107.12924259068161,103.8084060937262,107.12924259068161,31436400
2016-03-08,105.00786590576172,106.4353329390434,103.49118596438977,103.8678752924037,25617000
2016-03-09,106.5741195678711,106.5741195678711,104.5716995829094,105.77116553531633,20493300
2016-03-10,106.3857650756836,107.71410413335653,104.84925500300558,106.9706329813471,24854300
2016-03-11,108.45757293701172,108.46748044014531,106.98053816832214,107.53566842596219,20697600
2016-03-14,108.93338775634766,109.36955989966975,107.82313482924566,108.32869730782542,17249400
2016-03-15,109.70659637451172,109.86520717660716,107.89252503118654,108.16017886897775,17618500
2016-03-16,111.20345306396484,111.52066710342876,109.14155802595975,109.5281624002133,24744800
2016-03-17,110.05354309082031,111.70901112042588,109.76607426019088,111.17371103194598,24241200
2016-03-18,110.47980499267578,111.44136218101475,109.31007679907465,110.58884802823871,36256900
2016-03-21,110.87633514404297,111.39181273703599,110.06347361322786,110.68799425231632,18448000
2016-03-22,111.27285766601562,111.89737075919655,110.2022573094367,110.39060576929232,19001100
2016-03-23,111.5603256225586,112.2046688009156,111.02502548498416,111.03494055132248,18562000
2016-03-24,112.06588745117188,112.10553259032778,110.70781076420383,111.15389042801412,17839100
2016-03-28,112.7003173828125,113.59247672486774,111.9667537259061,112.3335355543593,21351800
2016-03-29,115.12899017333984,115.30742355955206,112.65075289982559,112.83910135276626,29825300
2016-03-30,113.70152282714844,115.97158907212416,113.36448618894119,115.71385784160564,33235200
2016-03-31,113.10674285888672,114.00882481846006,112.77961373752629,113.7015182667368,21207500
2016-04-01,115.04969024658203,115.15873329685,112.36328182166635,112.7598013169153,24760500
2016-04-04,111.57023620605469,113.55282586719841,110.63841664516374,113.07700102081299,48487900
2016-04-05,111.24311828613281,112.33354119684512,110.92590421096232,111.13407523876357,22962400
2016-04-06,112.72013092041016,112.81925888791983,111.44135971949167,111.49092748473608,20814600
2016-04-07,112.65074157714844,113.88986008936011,112.08570383809909,112.79943731120969,20714500
2016-04-08,109.66694641113281,113.33474188985046,108.94330540670434,113.25543648682338,48497800
2016-04-11,108.0412368774414,109.94452897149009,107.823150773531,109.73635037195348,39762300
2016-04-12,109.64713287353516,110.1923481105315,108.04123236336602,108.38818407646363,26248100
2016-04-13,109.54800415039062,111.66937468235429,105.59273195895234,111.25303262945975,88227400
2016-04-14,109.87511444091797,111.06467276511277,109.30016919201873,109.65703593297924,28473300
2016-04-15,108.6855697631836,110.00399376536308,108.2493975969336,109.82556038489533,20922800
2016-04-18,109.48851776123047,109.84538452727485,108.24939914662632,108.78469929569289,21167200
2016-04-19,111.31250762939453,111.47111088406582,108.20975724814582,110.1328642527979,30210500
2016-04-20,111.44136047363281,112.28395954763576,110.58884633391806,111.45127553934462,21027900
2016-04-21,112.4524917602539,113.04726716588841,111.3323237239463,111.5702399365838,20875200
2016-04-22,109.59757232666016,110.77721579193614,108.06106962080199,110.24191558659193,38458200
2016-04-25,109.14157104492188,109.70660885646066,108.12053846994654,108.91357744469369,21017900
2016-04-26,107.813232421875,109.53808338192898,107.20854194477349,109.52816831557233,22521500
2016-04-27,107.94209289550781,107.99166066195244,105.3845504317436,107.00036583689462,52213100
2016-04-28,115.71385192871094,119.73850662600852,115.21820450045342,118.53904075718287,87110100
2016-04-29,116.55645751953125,116.81418875119832,114.83159892802404,115.80307126909062,37140600
2016-05-02,117.53782653808594,117.6964373395608,115.55523689752584,116.8042704887129,28095200
2016-05-03,116.40775299072266,117.13140154931487,116.00131847739483,116.49696589580667,24117500
2016-05-04,117.03227996826172,117.2701962028098,115.55525260293213,115.59490530869014,23448400
2016-05-05,116.7844467163086,117.94426746705629,116.22932400687702,117.01244786509925,22056700
2016-05-06,118.4498062133789,118.59850193678434,116.09052745787054,116.14009521999857,26395600
2016-05-09,118.20201110839844,119.2329587935062,117.86497444596846,118.49940262711469,21138100
2016-05-10,119.45104217529297,119.45104217529297,117.96409974157562,118.57870533685171,23220000
2016-05-11,118.47956085205078,120.02598600927148,118.38043287654452,119.36182025410181,22038400
2016-05-12,119.23294830322266,119.78807102214002,117.86496407604211,118.93556437365115,22035500
2016-05-13,118.76704406738281,119.58982068080084,118.63817844815284,119.3320818793607,18124300
2016-05-16,117.636962890625,118.56878250824542,116.32845393712685,118.3407813556222,31247800
2016-05-17,116.3284683227539,117.97402167541058,116.17977255813132,117.78567320268992,21328600
2016-05-18,116.6258544921875,117.2404525320105,115.71386493678666,115.78325528202411,21642300
2016-05-19,115.79315185546875,116.46723267256223,114.87124731978179,116.03106807066389,20544100
2016-05-20,116.3284683227539,116.96289652636158,115.93194880475392,115.94186387252363,18944800
2016-05-23,114.96046447753906,116.57627235352096,114.93072684224178,116.39783897875773,20441000
2016-05-24,116.67540740966797,116.70515260975077,115.10916720607071,115.22811775448218,20183600
2016-05-25,116.86376953125,117.63697843828483,116.35820695242691,117.10167821888052,20019800
2016-05-26,118.43000793457031,118.71748437531706,116.89349774922954,117.21071182816038,18481300
2016-05-27,118.34077453613281,118.80668431809457,117.97400028793435,118.51920790873562,13493600
2016-05-31,117.77574920654297,119.05452058458656,117.09176084190024,118.42009242907379,23547600
2016-06-01,117.74600219726562,118.04339368029719,116.79436003973605,117.46844084669195,15029500
2016-06-02,117.89469909667969,118.40026159760687,117.19088064710402,117.65679044570558,13228300
2016-06-03,117.43871307373047,117.94427561215048,116.83402255363484,117.94427561215048,14135100
2016-06-06,117.75592803955078,118.39035620262815,117.32967090845376,117.58740971313529,12744700
2016-06-07,116.73489379882812,118.26148890805896,116.64567332182482,118.20200606906337,17103000
2016-06-08,117.3593978881836,117.56756890125766,116.24914492214235,116.7348848489614,14505600
2016-06-09,117.52791595458984,117.64687406023288,116.68531683781218,117.10165886309343,13859200
2016-06-10,115.60481262207031,117.08183988833326,115.24794585716413,116.5168021043951,18510800
2016-06-13,112.95804595947266,114.47473344398178,112.32361785586525,113.99890858478645,31718200
2016-06-14,113.93943786621094,113.94934536983412,112.59127620143148,113.07700858326265,17618500
2016-06-15,113.6023941040039,114.43508575331492,113.07700901672644,114.29630507225973,19819400
2016-06-16,113.39421081542969,113.50325384774533,111.95683639014769,112.87874085055684,19236300
2016-06-17,112.0361557006836,113.43388525756473,111.58016091585883,113.42397019009577,24644300
2016-06-20,112.38311004638672,113.72135670250387,111.76850446104558,112.77962197191759,20785400
2016-06-21,113.3843002319336,114.20707675811984,112.97787328331036,113.12656902079861,19166300
2016-06-22,112.91840362548828,113.74117262958632,112.62101213573158,113.65195972044715,14846300
2016-06-23,114.07820892333984,114.08811642612724,112.55161400338517,113.37439051349347,16176900
2016-06-24,111.10433197021484,112.69040226568598,110.03373168465441,110.04364675108916,40643100
2016-06-27,108.02141571044922,110.59878115849337,107.28785953928616,110.59878115849337,36130400
2016-06-28,111.71892547607422,111.76849324328076,109.58764761982314,109.6669454591824,26813800
2016-06-29,113.1662368774414,113.25544979409457,112.05598379354845,112.3831129472375,20968300
2016-06-30,113.28516387939453,114.17733067533405,112.68047347120101,113.67176823047184,23192700
2016-07-01,113.19596099853516,114.1277730118846,112.8192641163701,113.20586850165988,14980000
2016-07-05,113.20586395263672,113.20586395263672,111.98657557509657,112.94813274811978,14207000
2016-07-06,115.68409729003906,115.77331775259421,111.98657201223263,112.37317636968737,24337600
2016-07-07,114.84151458740234,115.95176761678209,114.35578219585247,115.61472341235358,16630200
2016-07-08,116.21941375732422,116.47715255294811,114.84151443003412,115.41646729604898,18142600
2016-07-11,116.84393310546875,117.66670212826423,116.47715126816432,116.68532229053281,17711600
2016-07-12,116.90340423583984,117.68652809012278,116.54653747786332,117.59730761913882,15217700
2016-07-13,115.76341247558594,117.36931287055498,115.66428450223763,117.35939780432628,16207700
2016-07-14,116.26898193359375,116.6159336425777,115.68411399875222,116.47715295898412,14579700
2016-07-15,115.84271240234375,117.2503492210827,115.56515106489994,116.71504911473566,16646000
2016-07-18,118.33087921142578,118.56878787838798,115.87246444288259,116.2987215678041,20868400
2016-07-19,119.5600814819336,119.79799014624474,117.6270594038179,117.95418098112819,21541300
2016-07-20,120.85868072509766,121.13624210615644,119.51051896311459,120.19451491142405,20046500
2016-07-21,119.5600814819336,121.03710880221124,119.20321470397684,120.85867541323286,17801700
2016-07-22,119.94668579101562,119.95660085788897,118.27139494948335,118.85626288732968,18422400
2016-07-25,120.5711898803711,120.78927595744338,116.75470622054475,120.3332812340102,18487400
2016-07-26,120.16476440429688,121.0073635245593,119.69885460899259,120.93797318672543,17612000
2016-07-27,122.26631164550781,123.91186484082438,120.45224769210297,121.35432213539455,52654200
2016-07-28,123.91185760498047,127.21287130669225,122.55378092295723,126.40991732658586,78955800
2016-07-29,122.86109161376953,124.74454586246482,122.6330904603804,123.564910081131,35058800
2016-08-01,123.22786712646484,123.49552098587958,121.79049254050246,122.77187237807001,25006900
2016-08-02,122.01849365234375,123.71361469848225,121.00737611541764,122.98005097879154,23968400
2016-08-03,121.44352722167969,122.84124894721727,121.24526372527001,122.01847245382005,18525300
2016-08-04,123.27743530273438,123.70369241548202,121.44354123644055,121.86979834918819,21066000
2016-08-05,124.060546875,124.74453515047266,123.53516183623869,123.8920285725632,20184000
2016-08-08,124.16959381103516,124.35793468786224,123.4657753819943,124.15967874499813,15233900
2016-08-09,123.9713363647461,124.99236889006391,123.44595128379459,124.24889772351446,19621000
2016-08-10,123.79290008544922,124.38768305515445,123.45586346139724,123.98124853005451,10670100
2016-08-11,123.81272888183594,124.28854617688953,123.66403314101436,124.11011280049955,11729500
2016-08-12,123.79290008544922,123.91185819198618,123.09899670476595,123.61446670713357,12159000
2016-08-15,122.8214340209961,123.83255144517022,122.6231705122505,123.82264394196761,19295100
2016-08-16,122.22665405273438,122.84125199942746,121.71117651224034,122.424909991091,14222400
2016-08-17,123.28734588623047,123.29725338959972,121.7805734463417,122.583527435051,13794200
2016-08-18,122.83135223388672,123.17830392935534,122.56369838096826,122.93048020930922,12400800
2016-08-19,122.48439025878906,123.0791732240915,122.20682890857036,122.52404296067452,11688300
2016-08-22,123.06926727294922,123.74334812896855,122.03831963650906,122.2564057315418,14386400
2016-08-23,123.28734588623047,124.0010718407792,123.16838777898252,123.42612656319659,13309500
2016-08-24,122.40509033203125,123.60455618245257,122.01847838598128,123.3864701072888,12243700
2016-08-25,122.81151580810547,123.28734065392365,122.02839198532973,122.04822211718597,10730800
2016-08-26,123.87222290039062,124.1002240792211,122.83136768307064,122.9701483787133,17504800
2016-08-29,125.43846130371094,125.62680976049545,123.26752298765423,123.26752298765423,15925900
2016-08-30,124.74454498291016,125.49793121486417,124.06055665352514,125.49793121486417,17804300
2016-08-31,125.0221176147461,125.1212455938184,124.01099256446051,124.50664002280206,14200600
2016-09-01,125.07167053222656,125.52766525976276,124.50663276517307,125.2798415450379,13536100
2016-09-02,125.40872955322266,125.75568128228696,124.90316699774013,125.7457662148907,12118800
2016-09-06,128.60069274902344,128.80887134899803,125.36907657894662,125.56733254856564,26278400
2016-09-07,129.90921020507812,130.83110727637796,128.81877967626662,128.90799259427092,27990800
2016-09-08,129.13597106933594,129.93891739513802,128.6799688297919,129.78030660521335,15676600
2016-09-09,125.99356842041016,128.81875710694152,125.99356842041016,128.58085603394414,27100700
2016-09-12,127.56975555419922,127.63913833847312,124.65534584354815,124.86351688531171,21252800
2016-09-13,126.10261535644531,127.23269842900757,125.55740773367009,126.91547682058349,18016200
2016-09-14,126.65775299072266,127.67879314661576,125.78541615355975,125.78541615355975,15691100
2016-09-15,127.23270416259766,127.97617532414156,126.5586157772989,126.86592233356328,15077200
2016-09-16,127.94644927978516,128.05547720576848,127.08401236860445,127.08401236860445,24119200
2016-09-19,127.53006744384766,128.8088461810577,127.14346308454279,128.77910854772333,14958800
2016-09-20,127.52018737792969,128.0455725144866,126.91549682676553,127.53009488252015,11083800
2016-09-21,128.80886840820312,128.8782511893033,127.27235820830364,128.0059219177033,14068300
2016-09-22,128.9476318359375,129.5919674177307,128.4321542949278,129.36397384469043,15538300
2016-09-23,126.84609985351562,127.48053557425115,126.19184912463429,126.44958036417349,28326300
2016-09-26,126.20174407958984,127.04435074677319,125.69618915485518,126.2612269130135,15064900
2016-09-27,127.56975555419922,127.88696208766505,126.32072174063724,126.49915514257466,15637100
2016-09-28,128.10504150390625,128.34295773604612,127.28226488446138,128.08522649569827,12047600
2016-09-29,126.9749526977539,128.16450348311392,126.4396601384275,128.05546044544167,14532200
2016-09-30,127.15339660644531,127.47060309784037,126.34052755644433,126.91548039342958,18402900
2016-10-03,127.6490478515625,127.9662543524315,126.68749059343257,127.26244344758983,13156900
2016-10-04,127.07408905029297,128.15459680493566,126.43966095228672,128.0455537665615,14307500
2016-10-05,127.35164642333984,127.67877552825308,126.71721834513316,127.13356035339768,12386800
2016-10-06,127.61931610107422,127.93652261657398,126.96505781003293,127.31200196367453,11682700
2016-10-07,127.86711883544922,128.12485003233576,127.21286065186271,127.91667147357354,12804400
2016-10-10,129.1062469482422,129.56223410954888,128.07529183179747,128.5511091254094,15138700
2016-10-11,127.75811004638672,129.50278387759766,127.11375919253555,129.09634927953243,17537900
2016-10-12,127.92662811279297,128.53131869306148,127.34176766862102,127.88696784059987,11073000
2016-10-13,126.70732116699219,127.13357830124266,125.64663586497082,127.09393315836476,17139300
2016-10-14,126.76678466796875,127.82746987145508,126.46940074612881,127.37148270389643,13345300
2016-10-17,126.42974853515625,127.35165306610313,126.21166245383856,127.08399921612971,11351700
2016-10-18,127.45079803466797,128.26365202212685,126.89566016098725,127.55982595743549,13504000
2016-10-19,128.97738647460938,129.33425326144047,127.48053654632476,127.61931723420571,16752300
2016-10-20,128.8683319091797,129.5225901475642,128.37268447875977,128.93772980989888,13167500
2016-10-21,130.92034912109375,130.97982440603278,128.57096948426405,128.6502749061703,19088800
2016-10-24,132.1197967529297,132.24866994359138,130.99962855954433,131.56467397155825,17470200
2016-10-25,131.1383819580078,132.33785531705215,131.06899918775932,132.33785531705215,13336800
2016-10-26,129.89926147460938,131.10864231776475,129.80014107206296,130.4940443937198,13084700
2016-10-27,128.56105041503906,130.65268346104602,128.14470833195213,130.59320818145665,16741400
2016-10-28,130.14707946777344,131.81246249274238,128.79891801935375,129.3639632803481,24545500
2016-10-31,129.8496856689453,130.96983828620947,129.74064265742877,130.86079527469292,15669000
2016-11-01,128.3726806640625,130.79144247278973,127.53007400700369,130.2660574222336,22077800
2016-11-02,126.06298065185547,129.09634086714192,125.1807287256711,129.09634086714192,39640900
2016-11-03,118.95539855957031,122.20684491012167,118.45975106557209,120.93798853556315,63766300
2016-11-04,119.69886016845703,120.86858846268454,118.21191780611595,118.54895444468288,30545500
2016-11-07,121.086669921875,122.13744006425803,120.29363100042916,121.76075073621007,23008900
2016-11-08,123.1386489868164,123.52525337801801,120.48197845372516,120.96771081854621,19460800
2016-11-09,122.10771942138672,122.73223255392462,119.46096356441753,120.44234350497159,31916000
2016-11-10,119.74842071533203,123.09899458034711,114.26655385062068,122.85117086824003,67846700
2016-11-11,117.9839096069336,119.64928525586684,117.12148792856176,118.48947209758641,32840100
2016-11-14,114.07820892333984,118.09294837919421,112.5615290691518,118.09294837919421,51377000
2016-11-15,116.17975616455078,117.45852745909441,114.82168702798108,115.71385392684638,34681400
2016-11-16,115.32723999023438,116.85383497700384,113.21578466828272,113.48343851484168,32397900
2016-11-17,116.76463317871094,116.76463317871094,115.00012937611562,115.79316079907899,18597800
2016-11-18,116.0013198852539,118.09295262137546,115.8228865099409,117.35939655085733,22879300
2016-11-21,120.7099609375,120.88839429879997,116.77452704951466,117.1710389075333,35415400
2016-11-22,120.41259002685547,121.90944741009723,119.8475522489798,121.33449456580837,26089200
2016-11-23,119.7880630493164,120.25397282724636,118.89590375700216,120.17467498909306,15672100
2016-11-25,119.33206939697266,120.08545558846409,119.02477041857904,119.95658998271372,8658600
2016-11-28,119.36183166503906,120.6306880239727,118.77696369657345,119.07435521450246,18101300
2016-11-29,119.81781768798828,121.03710618381358,119.3519078733471,119.52042619179777,18891000
2016-11-30,117.38914489746094,120.72981156559388,116.92323506591045,119.27260679473773,30188900
2016-12-01,114.09803009033203,117.41886616131403,113.00760732175304,117.34947582775844,43277000
2016-12-02,114.39543151855469,115.46603181206181,113.30500865501065,114.10795509365111,25070400
2016-12-05,116.40775299072266,116.54653366283962,114.06829657078045,114.94063330451269,20201500
2016-12-06,116.28880310058594,116.77454305028034,115.31733832715703,116.66550000549016,19131200
2016-12-07,116.9232177734375,116.9232177734375,115.55523368218789,115.98149074556683,21913700
2016-12-08,117.8748779296875,118.45973827924597,116.61592919555154,116.95297338784029,22442800
2016-12-09,118.63816833496094,118.89590711443039,117.914519764405,118.18217361004085,17464700
2016-12-12,116.74480438232422,118.20200918698164,116.6258538271557,118.18218661544701,17805500
2016-12-13,119.26268005371094,120.46214590530373,116.58618700476563,116.83401071533387,29768000
2016-12-14,119.16355895996094,120.63067873891514,117.81539729161813,118.95538793862593,25913100
2016-12-15,119.52043151855469,121.4336310697649,118.58861184774322,119.0346991119101,20139600
2016-12-16,118.82652282714844,120.44233079747889,118.23173983455473,119.8475553678651,25324300
2016-12-19,118.20201110839844,119.3122642068946,117.4783700094256,118.80670165026915,15918100
2016-12-20,118.05330657958984,118.727387417357,117.76583771262703,118.45974112077853,13684400
2016-12-21,118.00375366210938,118.16235692392213,117.4486309012941,117.8847955435145,10767600
2016-12-22,116.37802124023438,117.95417648025062,115.91211143329228,117.82531086762017,16258600
2016-12-23,116.2491455078125,116.53662192626203,115.28759584152499,115.98149922193446,10890000
2016-12-27,116.98269653320312,117.6468622060844,115.84270604867359,115.94183401189815,12051500
2016-12-28,115.90220642089844,117.22063055002246,115.63456010591634,117.16115527179987,12087400
2016-12-29,115.33717346191406,116.50690188192294,115.04969700005806,115.98151673414435,9934900
2016-12-30,114.04847717285156,115.81298082138268,113.77090825792048,115.58497967486277,18684100
2017-01-03,115.84271240234375,116.81417708339714,114.50446591796576,115.01993589279297,20663900
2017-01-04,117.65679168701172,118.61834893035878,116.26897734289162,116.52671612923757,19630900
2017-01-05,119.61955261230469,119.89711397154653,117.29001113240511,117.82531128079145,19492200
2017-01-06,122.33570098876953,122.80160321506223,118.98511955765264,119.92685420232482,28545300
2017-01-09,123.81272888183594,124.33811394482323,121.96891984679928,122.47448234040083,22880400
2017-01-10,123.26751708984375,124.40750771697775,123.19812675060845,123.73342689455781,17324600
2017-01-11,124.99237060546875,125.022115805442,122.980043163801,123.26751959303638,18356500
2017-01-12,125.51776123046875,125.62680427300404,123.71360483985741,124.5165512776356,18653900
2017-01-13,127.22279357910156,128.1447057722051,126.26124380536457,126.38019436216725,24884300
2017-01-17,126.75688171386719,127.22278396443527,126.2909719003192,126.92539246894255,15294500
2017-01-18,126.80644989013672,127.31200487607352,125.73584951465814,127.29218986749926,13145900
2017-01-19,126.43965911865234,127.23269801114922,126.34052358485569,127.11373234540149,12195500
2017-01-20,125.93411254882812,127.36157214752723,125.67637374175148,126.9848903486112,19097200
2017-01-23,127.8076400756836,128.12486169391622,125.84488047223688,126.20174722976896,16593600
2017-01-24,128.24380493164062,128.76918997169253,127.26243274880633,128.25372756036967,15162700
2017-01-25,130.33546447753906,130.5932108623325,128.6403584705988,128.86835208902554,18731300
2017-01-26,131.6241455078125,131.98101230368118,130.29581387217496,130.48416233748912,20020100
2017-01-27,131.0293426513672,131.79264390155546,129.938927419914,131.5249900636528,19539500
2017-01-30,129.83981323242188,130.43459627532897,128.4718364352734,130.43459627532897,18956100
2017-01-31,129.185546875,129.52258348010565,128.3925080019597,129.03684357795333,19790500
2017-02-01,132.0701904296875,132.32793673578135,129.5423858853515,131.0987258458332,50139800
2017-02-02,129.7010040283203,134.3105337826802,129.26483190952933,132.06029042034913,54366400
2017-02-03,129.83981323242188,131.69354514477098,129.6217271250867,130.0975596097968,24804900
2017-02-06,130.91038513183594,130.91038513183594,129.1657117789716,129.83978496327447,17058500
2017-02-07,130.69229125976562,131.84219675644246,130.51386547198314,131.08881822032157,14596400
2017-02-08,133.03176879882812,133.26968501345638,131.28709526943223,131.44570607918442,22390600
2017-02-09,132.97230529785156,133.32917208840541,132.14952866613126,133.31926458415361,16470600
2017-02-10,133.0218505859375,133.7653216800901,132.51628056130053,132.93263768486915,15061900
2017-02-13,132.88308715820312,133.527422806338,132.53612788553968,133.527422806338,13526200
2017-02-14,132.68482971191406,133.06151149194216,131.3961433041297,132.93265343933567,14364900
2017-02-15,132.2783966064453,132.5361278404195,131.50518777856269,132.2883041103043,13226500
2017-02-16,132.67489624023438,132.70463387501806,131.8620423462157,131.91161011284143,12831100
2017-02-17,132.36761474609375,132.92273750331933,132.01074795559722,132.33787710738244,12276500
2017-02-21,132.55596923828125,132.74431770932767,131.7431000739675,132.3378831271708,14759100
2017-02-22,134.93505859375,135.5992243697369,132.29822562331302,132.43700630596757,27360100
2017-02-23,134.18167114257812,134.93504978122027,133.1606386598825,134.70705620159785,18422500
2017-02-24,134.26097106933594,134.43939687412143,132.9921149265556,132.9921149265556,12625700
2017-02-27,135.2225341796875,135.9858203238411,133.8446349426047,134.08253602609818,14306700
2017-02-28,134.36009216308594,135.61904080959457,133.57697591702748,135.5992106780862,16112100
2017-03-01,136.2237091064453,136.2831843653441,135.11346393778493,135.2819822133169,16257000
2017-03-02,135.56948852539062,136.62027385191215,135.1234088342414,135.8966176658228,12294800
2017-03-03,135.97589111328125,136.13450189426203,134.8953835290182,135.44059863491682,11160600
2017-03-06,136.2237091064453,136.63014354352848,135.32162734393077,135.68841665040006,12748200
2017-03-07,136.10479736328125,137.1654750763817,135.79749835412093,135.83714349602923,13527100
2017-03-08,136.52113342285156,136.7887872783457,135.8569676618517,135.95608807524832,10184500
2017-03-09,137.03662109375,137.36375024656763,136.20392182932292,136.52114347785908,15535300
2017-03-10,137.58181762695312,138.2757361835011,137.01678737846046,137.70078330502554,16314100
2017-03-13,138.38478088378906,138.46407116883688,137.46286871603266,137.50252898451708,10955500
2017-03-14,138.10720825195312,138.2459889284164,137.31416933246618,138.2459889284164,12944000
2017-03-15,138.5037078857422,138.88040474248697,137.28441954148659,138.07744326480076,19344800
2017-03-16,138.77139282226562,139.02912407752672,138.5136464410432,138.9795563022177,13612900
2017-03-17,138.6226806640625,139.1183281336502,138.48389997761635,139.1183281336502,20592800
2017-03-20,138.7218017578125,138.96962546679075,138.03780590087916,138.493808180821,12099500
2017-03-21,137.30429077148438,141.07121550358616,137.19524769598266,139.9213094575615,29894800
2017-03-22,138.3748321533203,138.57308808046568,136.4021652581809,136.72927921869407,17055400
2017-03-23,138.31536865234375,139.16788282494235,137.87919649995018,138.26580088485196,13022800
2017-03-24,139.11831665039062,139.79240501888796,138.543363818012,138.86058543282468,16664700
2017-03-27,139.09848022460938,139.4255941663199,137.56197040712587,137.83953171436661,12800500
2017-03-28,140.52597045898438,140.71431892472097,138.7912042496688,139.1381635419163,14679400
2017-03-29,141.40821838378906,141.61639697844183,140.19883733628012,140.75397521336726,16527600
2017-03-30,141.17030334472656,141.70559590878236,140.61518064838455,141.16038071560394,12404000
2017-03-31,140.81344604492188,141.38839891214158,140.65483522790402,141.07117727810586,11478300
2017-04-03,141.0414276123047,141.22977605070557,139.59414562683457,140.69446837041266,13564000
2017-04-04,140.4962158203125,140.85308257380223,140.04022865671735,140.62508899200463,12948600
2017-04-05,140.61517333984375,142.1913284405989,140.06003554639625,141.02159271185377,17158100
2017-04-06,139.9411163330078,140.9819791304997,139.6833850728322,140.8729360731251,15103400
2017-04-07,139.55445861816406,140.31775972846896,139.01916616641566,139.9708005530697,11818300
2017-04-10,139.8122100830078,140.19881444484406,139.40579071612422,139.77256494695504,9039400
2017-04-11,138.70196533203125,139.8023031550036,137.6016275090589,139.57430958835764,16638100
2017-04-12,138.3649444580078,139.1777984134513,138.2261637765438,138.5037251394718,11612500
2017-04-13,138.17657470703125,139.35621788061988,138.1170994421373,138.40456826444395,10965600
2017-04-17,140.1889190673828,140.31779224112725,138.53345844526294,138.54336594864353,11519700
2017-04-18,139.73294067382812,140.6746678367567,139.38598139624168,140.04023968348227,14807500
2017-04-19,141.0315399169922,141.79482615482306,140.04024494488476,140.11955035776865,15563900
2017-04-20,142.54818725585938,142.99426686560392,141.44784948464556,141.70558067281948,15968200
2017-04-21,142.4292449951172,142.91498494495352,141.03153067180185,142.64733108476128,12382000
2017-04-24,144.20362854003906,144.40188443741616,143.08346078722315,143.69807373283416,14407200
2017-04-25,145.21481323242188,145.86905645127544,144.52089461618425,144.52089461618425,17767500
2017-04-26,145.2841796875,146.3052122354123,144.81826986940877,145.80956478007778,12395000
2017-04-27,146.4142608642578,146.46382863687356,144.86784316479375,145.39322827740756,11275100
2017-04-28,148.94207763671875,150.2109340597533,147.77235676665572,148.1986063673175,30652200
2017-05-01,151.1328125,151.24185553349764,150.10185743312095,150.41907903091706,25218300
2017-05-02,151.4500274658203,152.10428570349973,150.33978206318312,152.0051501671389,21870400
2017-05-03,150.47857666015625,152.26291059801594,150.0225743270519,152.26291059801594,29782500
2017-05-04,149.53684997558594,150.20101578015834,147.4253868816446,148.86276154085118,36225500
2017-05-05,148.93212890625,150.31002800575547,148.48603416732234,150.1315870849929,17148500
2017-05-08,149.7449951171875,149.76482524912447,148.43649380256366,149.39805100106364,15827500
2017-05-09,149.17005920410156,151.2616921447133,148.90242045943538,150.1712767799433,17453900
2017-05-10,148.98171997070312,149.2097287130422,147.56417537092534,148.92224469042733,12080700
2017-05-11,148.73385620117188,149.33854659788253,148.1093508003416,149.0015100163605,11841900
2017-05-12,149.0213623046875,149.15023548041427,148.32745890838868,149.0907450813376,9598200
2017-05-15,148.88258361816406,150.16134738517624,148.46624157481222,148.86275348487308,15064700
2017-05-16,148.4761199951172,148.90238458459814,147.73264896491358,148.80324906352158,14550800
2017-05-17,143.5890655517578,147.37580402588802,143.16280089933753,146.7116382892881,28300100
2017-05-18,146.3745880126953,146.8603127648835,143.25200044054233,143.4601789957356,23031600
2017-05-19,146.77113342285156,148.08955757128578,146.67201299968244,147.15773786292166,16187900
2017-05-22,146.94956970214844,147.29651386112334,146.40435445123288,146.79095887898018,12586700
2017-05-23,146.781005859375,147.51455421863082,145.96813698717096,147.2270854259952,12817800
2017-05-24,148.73385620117188,148.9222046220099,147.12796356195489,147.21717645836532,17862400
2017-05-25,150.63717651367188,151.2616820019777,148.6446641256672,148.99162338380555,19891400
2017-05-26,150.80569458007812,150.9246451250914,149.8342147092718,150.90481499226937,14996200
2017-05-30,151.0535125732422,151.56897499939868,150.31994894623028,150.6470780585751,13226000
2017-05-31,150.14154052734375,152.01508738710086,149.77475110837076,151.37073659082762,18023900
2017-06-01,150.21092224121094,150.9643009562491,148.99163369059534,150.42900833981997,14530600
2017-06-02,152.27281188964844,152.29264202313797,149.98292306530328,150.52813829156642,16854400
2017-06-05,152.29263305664062,153.36323331264384,152.07454697897558,152.30254055982212,12520400
2017-06-06,151.4797821044922,153.17490316039363,151.15265294893362,152.07456513750063,13457100
2017-06-07,151.7870635986328,152.41158419858272,151.01385482058015,151.9357669026947,12066700
2017-06-08,153.36326599121094,153.38308100179606,151.76728033329533,152.73874526064674,17799400
2017-06-09,148.29769897460938,154.23554477939854,145.33372226025782,153.42269095908173,35577700
2017-06-12,147.14779663085938,147.9011752033005,143.30156812080395,146.8801428103252,33170200
2017-06-13,149.36831665039062,149.86396412819408,147.60381283948715,148.84293153399582,20483400
2017-06-14,148.94207763671875,151.073355891951,147.75252663086908,149.94328016749955,20808800
2017-06-15,148.4959716796875,148.73387276327318,145.0958224758382,146.38450880711042,18994200
2017-06-16,149.3286590576172,149.51700750363304,147.30642417220145,148.28779641581758,22882400
2017-06-19,151.5392608642578,152.23317946069758,150.38937016716244,150.38937016716244,19026500
2017-06-20,150.9246368408203,152.50079197956828,150.88499170331184,151.54915741977874,14743900
2017-06-21,152.57017517089844,152.73869345949296,150.55784808373923,151.03366531776837,15039800
2017-06-22,152.06463623046875,153.20463447568622,151.57891139532308,151.67803181275923,13005500
2017-06-23,153.72012329101562,153.84898135568093,151.32117607423078,151.390573984864,18027000
2017-06-26,152.25294494628906,155.13761607022045,151.866340629491,154.88979240237663,18049700
2017-06-27,149.26918029785156,151.97541100253437,149.0808318562363,151.50950121305212,19360800
2017-06-28,151.90603637695312,152.1340299693682,148.55545476459667,149.60622494159466,16719100
2017-06-29,149.72515869140625,151.1724557427916,147.62361857319013,150.95436967852862,23973500
2017-06-30,149.66571044921875,150.59753014188155,148.75372089124008,150.57770000719742,17666000
2017-07-03,147.13790893554688,150.82552752923323,146.51340337397633,150.39927794158922,13862700
2017-07-05,149.03126525878906,149.5368353167702,146.84051209406786,147.7029337798581,14334300
2017-07-06,147.52450561523438,148.7338714063326,146.7116365845086,147.7326690614727,14951800
2017-07-07,150.12168884277344,150.66690401490413,147.89127551438665,147.9507507829903,13615900
2017-07-10,152.1637725830078,152.63958991672814,150.19109021622765,150.36953117009799,13378700
2017-07-11,153.9183807373047,154.06706893870927,151.57892390411652,152.03491113906492,13667700
2017-07-12,157.51675415039062,157.77450050597156,154.84026093554425,155.12774492815996,22739400
2017-07-13,157.87364196777344,158.38911962169666,157.04095776787105,157.35817943981206,13929200
2017-07-14,158.5774383544922,158.92439760235374,157.9430102555709,158.73604916071227,16371200
2017-07-17,158.33950805664062,159.38037058165375,157.4275186909595,158.8549855680109,12858800
2017-07-18,161.44229125976562,162.3047129997704,158.03223431515994,158.2701505412813,23722900
2017-07-19,162.71115112304688,164.25756881192095,161.74959381953613,162.16593587992836,26273600
2017-07-20,163.09776306152344,163.56367291566312,161.3927344731742,163.36541694338183,18523100
2017-07-21,162.9986114501953,163.61322456745162,162.32453818567117,162.7309727206717,14744000
2017-07-24,164.55496215820312,164.7234804850571,162.8796712678846,163.20680041741076,17367000
2017-07-25,163.84121704101562,164.09894826523268,162.43358012236655,163.57356318735518,15383200
2017-07-26,164.16831970214844,164.56483154101653,162.67147011557077,164.56483154101653,35236900
2017-07-27,168.956298828125,173.96234091022987,166.04188951147168,173.17920949811622,68910700
2017-07-28,170.9488067626953,171.9202715537653,167.57841006863856,167.59824020240413,24557600
2017-07-31,167.7766876220703,171.21648266404438,167.08278411056878,170.50274901622507,25478900
2017-08-01,168.38136291503906,168.9860534471298,167.57841641566435,168.34171777196656,14385000
2017-08-02,167.8262176513672,169.06533618818182,165.45702361401592,168.8175124808189,17433800
2017-08-03,167.12237548828125,168.2227132474897,166.78533890912553,167.82620140447796,10793800
2017-08-04,168.1434326171875,168.57960478431247,167.22153563973112,167.49909699590893,10777700
2017-08-07,170.48289489746094,170.5622003056138,168.18309856486772,168.47056743420688,12787800
2017-08-08,169.7393798828125,171.54354341901112,169.13468953700436,170.38373048543605,14393500
2017-08-09,169.68983459472656,169.95748842282634,168.08394187804402,168.5002838740003,10815000
2017-08-10,165.94277954101562,169.10501306055158,165.3975793832707,168.57962791242397,20832700
2017-08-11,166.61683654785156,167.35040016610378,165.397548144369,166.48796337987193,13791200
2017-08-14,169.26358032226562,169.59070940828155,167.81628331679735,168.60932215023377,12954200
2017-08-15,169.51144409179688,170.0070915891413,168.53005660170885,169.99718408454046,8729200
2017-08-16,168.5201416015625,169.88813347369432,167.76676288445424,169.75926028980928,15779900
2017-08-17,165.45701599121094,168.38133257817495,165.39754072433732,167.8658550553403,17216000
2017-08-18,165.9526824951172,167.20170862118172,164.76313164277576,165.38763714282814,15093600
2017-08-21,166.31942749023438,166.53751353946978,164.37649830280986,165.70482960200212,11907500
2017-08-22,168.1632537841797,168.39124735903576,165.6949242205302,166.81509221492692,11391000
2017-08-23,167.24136352539062,167.88569913801135,166.73579346303475,167.3702215723392,9856500
2017-08-24,166.2798309326172,167.81632610205943,164.96140675015909,167.40990664244393,14030400
2017-08-25,164.87217712402344,166.91424222382497,164.7333813153379,166.3987646340044,12614500
2017-08-28,165.78414916992188,166.2401363111605,164.88206726422328,165.45702006809847,8553700
2017-08-29,166.5870819091797,166.96376361981515,163.56362996642702,163.81145364819434,11121000
2017-08-30,168.4407958984375,168.69852707859633,166.17073766000243,166.7060301498575,11138300
2017-08-31,170.4729766845703,170.65140249723558,168.57959988950745,168.9166365085145,17226500
2017-09-01,170.52256774902344,171.41472718615427,169.8187416534496,170.89924955809857,11677600
2017-09-05,169.2338409423828,170.8893013598883,168.07402789991337,169.77905608011397,13210900
2017-09-06,170.5919189453125,170.97852331327934,168.09386693350746,169.42219833873116,13906300
2017-09-07,171.7021942138672,171.80131462709602,168.78778482285844,170.44324547078008,18049500
2017-09-08,169.4618377685547,171.9797349528443,169.31314960355868,171.58320796959194,10998500
2017-09-11,171.99957275390625,172.37626965643292,170.70097885430292,170.8992348092265,12372000
2017-09-12,171.45437622070312,172.4853162832958,170.25490271066695,172.24740005686974,11186300
2017-09-13,171.54359436035156,171.66254491420898,170.56220691314613,171.5039340917587,9119300
2017-09-14,169.4718017578125,170.78030330700108,169.0157993972707,170.76047317150932,15615700
2017-09-15,170.1458740234375,170.83977750162398,168.77788207646884,169.3924952651152,15660500
2017-09-18,168.53001403808594,170.57209391720858,167.86584837450016,170.49278852254736,12954000
2017-09-19,171.0181884765625,171.05783361438,168.87698801140778,169.13471922211838,13168600
2017-09-20,170.67124938964844,171.54359378423464,169.21404460594667,170.99837853761827,12264100
2017-09-21,169.62046813964844,170.77037383486703,168.53003771729297,170.19542098725773,11161400
2017-09-22,169.055419921875,170.2350632334732,167.74691856325026,168.72830592668825,12097100
2017-09-25,161.45217895507812,167.8262123734979,160.1535851894885,167.7667371057546,41251600
2017-09-26,162.7805633544922,164.05932728637674,161.36300359763547,163.06803225745603,23363300
2017-09-27,166.22032165527344,166.87457991983337,164.12870393614116,164.45581794246135,19242500
2017-09-28,167.2611846923828,167.59823645502036,165.7048595606887,166.47806837469517,12178700
2017-09-29,169.3825225830078,170.16565387594915,167.34045789663534,167.36028802614138,15340400
2017-10-02,167.99473571777344,170.37383725468254,167.28100223150898,169.89801997249245,13392300
2017-10-03,168.48046875,169.2437548457354,167.7270750308373,167.82621055997706,8190300
2017-10-04,166.953857421875,169.18427057520137,166.82498426604315,168.35158662818927,12127900
2017-10-05,169.7493438720703,169.81872664946934,167.13232594495176,167.70726367526288,14580600
2017-10-06,170.730712890625,170.8694935687407,168.2723058243073,168.76795326414327,13124500
2017-10-09,170.9983673095703,173.35765397130794,170.5027198680933,171.1966232609692,14570400
2017-10-10,170.09628295898438,171.692268303277,169.31316666781586,171.49401235464845,11341100
2017-10-11,171.2362823486328,171.275927488256,169.90793571888486,170.45315092595013,11283700
2017-10-12,171.04794311523438,172.3366295488127,170.79019675294256,171.10741839085242,10351000
2017-10-13,172.2275848388672,173.1296517202994,171.69227711155216,171.9401008415417,13658300
2017-10-16,173.00079345703125,173.47661078276658,172.54479113897983,172.9710558195453,11498800
2017-10-17,174.5769500732422,174.59678020703677,172.84218395224192,173.18914322682605,15990100
2017-10-18,174.4976348876953,175.2014609013485,174.22007353396262,175.1122328672521,12752400
2017-10-19,173.04042053222656,174.49762512074045,171.12722879922828,173.4071947735673,14048400
2017-10-20,173.456787109375,174.34896164506213,173.10984295046387,173.97226472159687,12602200
2017-10-23,169.779052734375,173.81361442216368,169.75922260449624,173.67483376492675,13852700
2017-10-24,170.30447387695312,171.73194101204587,170.00708236948205,170.80012134741807,12267900
2017-10-25,169.11492919921875,170.75055986158688,167.4198081323979,170.40360056910347,15868200
2017-10-26,169.14466857910156,170.79020676283193,168.90675233672508,169.88813981982182,11833100
2017-10-27,176.33152770996094,176.65865681621037,172.38616342922563,172.6339871346305,30285300
2017-10-30,178.30421447753906,179.11708358177958,176.06389337783372,177.69952396432316,24353200
2017-10-31,178.49256896972656,179.2261326891395,177.3823234492839,178.99813908246875,20174200
2017-11-01,181.06991577148438,181.3078168480914,178.99811322425236,180.77252429976699,40918300
2017-11-02,177.3624725341797,180.35618721285795,175.79622485794295,179.05759338106873,35529900
2017-11-03,177.3624725341797,178.29429211221563,175.17171938884402,177.72924678793294,17822100
2017-11-06,178.6016082763672,178.87916965065853,176.75779907516872,177.00562281121174,13312700
2017-11-07,178.68089294433594,179.17654035888333,177.4021292702255,178.92871665160965,12928200
2017-11-08,177.99688720703125,178.78001854906174,177.5508075839034,178.22488076979297,10494100
2017-11-09,177.73916625976562,177.83828666731063,175.5483980273867,176.7577789315302,12610300
2017-11-10,176.906494140625,177.54092227026402,176.41084669165826,176.79745109681392,11070200
2017-11-13,177.2138214111328,177.48146018558234,175.7566164686146,175.95487245463866,9523400
2017-11-14,176.51988220214844,177.41204152183005,175.63761525971873,176.57935747333266,9585900
2017-11-15,176.4009246826172,177.01553780715068,174.8644145602232,175.12216091520685,10253700
2017-11-16,178.02662658691406,178.2645427803636,176.94611890283537,177.20385010127052,15607600
2017-11-17,177.4417724609375,178.4132371475223,177.34263692873233,177.73916393159448,13018000
2017-11-20,177.18405151367188,177.93743017379774,176.54962339831343,177.3129095618501,10052400
2017-11-21,180.2769012451172,180.30663888371075,177.4318895626212,177.5904852598,14504000
2017-11-22,179.2954864501953,180.14800058710642,178.8692369447189,179.72175108163003,10376300
2017-11-24,181.18887329101562,181.55564754888903,178.72054364440257,178.8295866840351,9426300
2017-11-27,181.43670654296875,182.13060995621382,180.40576648985612,180.97079672422709,12344500
2017-11-28,180.83201599121094,182.6460874948777,180.5048868552094,181.9125238148173,14379700
2017-11-29,173.60546875,180.38592176992864,172.48530074965237,180.30661636826204,41933500
2017-11-30,175.63760375976562,176.7280340799437,173.6748443094032,175.31048978967033,25307600
2017-12-01,173.57574462890625,175.93501622684508,170.83976099925295,174.49764163388252,20182500
2017-12-04,169.97731018066406,175.03291940215564,169.3032218923518,174.75534295923362,24459400
2017-12-05,171.3255157470703,173.8533210087174,167.53876160690015,168.9662288194049,20184900
2017-12-06,174.52737426757812,175.23120028826378,170.4035839338322,170.99836691260768,20255800
2017-12-07,178.57183837890625,178.81966207017962,174.26962272863028,174.26962272863028,20404500
2017-12-08,177.4417724609375,180.69321825461432,177.184041253546,179.94974714095116,19883800
2017-12-11,177.48141479492188,178.651150527441,177.24351372292077,177.73916112420076,13168600
2017-12-12,175.41954040527344,177.62020101993312,175.06267366014723,177.04526332730197,16854100
2017-12-13,176.7478790283203,177.6003932248488,175.7070163856114,175.75658415449456,14615700
2017-12-14,176.83709716796875,178.7899493372519,176.1332711313096,176.73796162726978,13591000
2017-12-15,178.61148071289062,178.91879479105444,176.80733213421325,177.46159029914398,28463100
2017-12-18,179.24594116210938,179.72175845251718,178.18524841732895,179.43427447688407,17265400
2017-12-19,177.9473419189453,178.51238727197827,176.66857815433568,178.38351409476869,14920600
2017-12-20,176.34144592285156,178.24473028084086,175.81606084556094,178.24473028084086,11860500
2017-12-21,175.9052734375,177.12456190467773,175.5087615358687,176.3910133740639,11600700
2017-12-22,175.65744018554688,175.984569293323,174.69588299401184,175.5979649161255,8509500
2017-12-26,174.45799255371094,175.4591949439212,173.1494760428211,175.0924206761534,8897300
2017-12-27,176.0738067626953,176.88667589408578,174.72564500587168,175.01312901612863,9496100
2017-12-28,176.37118530273438,177.38231032746017,176.133269083399,176.40092293940634,12220800
2017-12-29,174.92391967773438,177.29311408642891,174.92391967773438,176.4505072989428,10261500
2018-01-02,179.8406982421875,179.99930903816085,176.00439226107548,176.13325029759054,18151900
2018-01-03,183.0624237060547,183.1714667479119,179.751502436514,180.2967176457999,16886600
2018-01-04,182.72540283203125,184.58904220774693,182.49740922520243,183.29043309694796,13880900
2018-01-05,185.2234344482422,185.2729870861427,183.3201351725939,183.97439335322562,13574500
2018-01-08,186.64097595214844,187.25557386221686,184.70795419793515,185.57037579767086,17994700
2018-01-09,186.2345733642578,187.1564855131991,185.47128716005633,187.0573499699718,12393100
2018-01-10,186.204833984375,186.25440175552492,184.01408068357387,185.312674607517,10529900
2018-01-11,186.13546752929688,186.75997309748152,185.74886308195917,186.75997309748152,9588600
2018-01-12,177.8085479736328,179.9001806600527,175.85569595771645,176.50995417264406,77551300
2018-01-16,176.83709716796875,180.16784864759262,176.49013790148217,179.920024921805,36183800
2018-01-17,176.05398559570312,177.7590140851603,174.26965169674097,177.69952368356135,27992400
2018-01-18,178.2348175048828,179.4045381703737,175.5384942960032,176.57935691632113,23304900
2018-01-19,179.71185302734375,180.78245337771955,178.60160753478826,179.2756959595258,26826500
2018-01-22,183.7563018798828,183.77613201003356,178.83948841951246,179.22609276468657,21059500
2018-01-23,187.70167541503906,187.89993134877497,183.93475217022402,184.43039956754288,25678800
2018-01-24,184.9260711669922,189.000293911204,184.89633352933782,188.2369925841679,24334500
2018-01-25,185.84793090820312,186.97800629027577,184.97560183538238,186.31384063928158,17377700
2018-01-26,188.34603881835938,188.34603881835938,185.18380553593957,186.11562520077354,17759200
2018-01-29,184.36102294921875,187.19612699413045,184.0140788066284,187.10691408254664,20453200
2018-01-30,185.4910888671875,186.54185899582595,180.25705323045165,185.98673629586293,20858600
2018-01-31,185.2631072998047,188.17751678957273,183.60764659578518,186.73021954855946,43275100
2018-02-01,191.40911865234375,193.61971705502415,186.2543884657204,186.58151758081607,54211300
2018-02-02,188.62359619140625,192.51939309299877,188.32620469017658,190.36826980548153,26677500
2018-02-05,179.68211364746094,188.95072729752363,179.03777799305453,185.30275408797968,33128200
2018-02-06,183.69683837890625,184.15284064583065,176.19274455076217,177.01552105619726,37758500
2018-02-07,178.61148071289062,183.46883406124465,178.38348715576294,182.5469220786682,27601900
2018-02-08,170.08639526367188,180.25707635977705,169.98725971483276,179.4342997074878,38478300
2018-02-09,174.5769500732422,175.36006640958556,165.72467851601013,173.2386958723722,39887600
2018-02-12,174.87437438964844,176.00445021262271,170.34414846601211,175.51871016225297,32092100
2018-02-13,171.64271545410156,174.43817448841568,171.5931628071067,174.09121520368797,21809400
2018-02-14,177.957275390625,178.24474427349915,171.70220661542277,171.94010772512257,28929700
2018-02-15,178.39341735839844,178.9287098904608,175.30056732283978,178.9287098904608,20922100
2018-02-16,175.81605529785156,178.31412255649565,174.7652851764264,177.43187074454818,20645300
2018-02-20,174.47781372070312,176.40092828892864,173.58565434156927,174.23991262011282,21204900
2018-02-21,176.36126708984375,179.69201832848506,174.86440221377168,175.17171631732015,23200800
2018-02-22,177.43186950683594,178.6412504261423,175.86562183878408,177.14438553164598,18464200
2018-02-23,181.69442749023438,181.79356302621224,177.94733414484938,178.3339385336285,19007300
2018-02-26,183.32015991210938,184.04381608499364,181.62505409148218,182.97321577019545,17599700
2018-02-27,179.88037109375,183.09215674422944,179.88037109375,182.84433303041052,15849800
2018-02-28,176.76771545410156,181.28801781951887,176.58927450496145,180.71306495711616,18783000
2018-03-01,174.40841674804688,178.55202192302252,172.89173685137314,177.45168404445934,23201600
2018-03-02,175.08250427246094,175.56824422955643,171.48411399147727,171.7814903672907,20025900
2018-03-05,178.82960510253906,179.57307632407284,174.35887026906184,174.66616928714208,16189300
2018-03-06,178.21499633789062,180.79236913443495,177.55083056841832,180.1975861426294,15086800
2018-03-07,182.11080932617188,182.21985238014497,176.51990618583432,177.18407201422997,19097300
2018-03-08,180.75271606445312,182.7947812244851,179.870464171256,181.96209710357192,17225900
2018-03-09,183.61753845214844,183.89509979647696,181.61513377177266,182.30903713259391,18526300
2018-03-12,183.15164184570312,184.4799885187979,182.61634925054545,183.61755166276623,15301200
2018-03-13,180.29672241210938,184.3709450823562,179.53342109893052,183.99424817762588,18067500
2018-03-14,182.58660888671875,182.6460841601859,180.2669824657424,181.01045363600093,16821700
2018-03-15,182.25946044921875,182.3982411145937,180.60399996726105,181.64486252055227,15614300
2018-03-16,183.478759765625,183.7166759744637,181.81339168163106,182.88399193246673,24403400
2018-03-19,171.0578155517578,175.6276848450814,168.57957873598488,175.4690740586422,88140100
2018-03-20,166.6862335205078,168.71839111673953,160.54020808694554,166.01216024033104,129851800
2018-03-21,167.91543579101562,171.89052273570618,161.87845372166515,163.36539601220227,106598800
2018-03-22,163.45460510253906,168.78777616703636,162.29479195811828,164.6838161460248,73743000
2018-03-23,158.0024871826172,165.149729781003,157.6357129246028,163.99982411279248,53609700
2018-03-26,158.66665649414062,159.69761164261664,147.72276764529062,159.42005028555604,126116600
2018-03-27,150.89491271972656,161.43238247494358,149.4377079889614,154.94930527971079,79117000
2018-03-28,151.69784545898438,154.52304175315547,149.48726224034175,150.32985376379096,60029200
2018-03-29,158.3990020751953,160.01481756842747,152.79819205869137,153.7993944412321,59434300
2018-04-02,154.0373077392578,157.81413873690323,152.76845152813178,156.4362394861042,36796000
2018-04-03,154.75103759765625,156.01989377884564,149.4971719367533,155.18720974605736,42543900
2018-04-04,153.7498321533203,154.20581929856272,149.19977744796915,150.70654980494265,49885600
2018-04-05,157.95291137695312,160.16350969368824,155.28632591820733,160.153587064976,41449600
2018-04-06,155.83155822753906,160.0148239954182,155.44495381420236,156.35694332448483,41644800
2018-04-09,156.55519104003906,159.13256374388507,154.6816443469837,156.44616312562118,34915200
2018-04-10,163.60328674316406,164.53510627307665,155.64319072838225,156.5551801270742,57889300
2018-04-11,164.87217712402344,167.18188095953568,161.82889448188192,163.92052735250545,56144600
2018-04-12,162.44349670410156,165.99233439844414,161.68021049227764,165.52642456735143,38263000
2018-04-13,163.08782958984375,164.25755022823114,162.3443584676949,163.14730485946228,19990600
2018-04-16,163.39515686035156,164.33688408628456,161.96768963849212,164.2774088063673,18119400
2018-04-17,167.19180297851562,167.52883961733787,164.21791825158064,164.38643657099175,22743000
2018-04-18,164.9117889404297,166.6564621887032,164.32692869041242,165.42726642608474,20969600
2018-04-19,166.63665771484375,166.8646512778077,163.76189379199397,164.7531885669164,22235000
2018-04-20,164.83251953125,166.9637975775333,164.36660970469242,166.3293694282149,19119400
2018-04-23,164.39633178710938,166.98361191119776,163.65286066094558,165.81389126649358,23088100
2018-04-24,158.29989624023438,164.65410063060472,156.81295378466345,163.98991968960416,35079900
2018-04-25,158.29989624023438,159.65796550934834,154.8303638439022,158.7459759517135,41083600
2018-04-26,172.64390563964844,174.73553826834245,169.31315451352808,171.71208610943052,77556900
2018-04-27,172.07884216308594,175.5582962168449,171.09747009742603,175.27081228527996,29804700
2018-04-30,170.5027313232422,174.19034974565892,170.21526244329425,172.27714262752073,20750500
2018-05-01,172.34654235839844,172.50515318223614,168.748136813129,170.502733127677,26025900
2018-05-02,174.53732299804688,176.52982056078008,172.6835910083588,172.7331587849959,30424500
2018-05-03,172.5051727294922,174.58688330589652,170.62170301640742,173.6055108648639,24026100
2018-05-04,175.0725860595703,175.43936031794507,171.55348627675664,171.57331640925128,17677800
2018-05-07,176.4207305908203,177.9374103716553,175.6276917533874,175.80613267663972,18697200
2018-05-08,177.3624725341797,177.48142307573013,175.5682312779849,176.69830680059127,15577200
2018-05-09,181.06991577148438,181.41685988352248,177.22368702277913,178.10593880910025,23282800
2018-05-10,183.91493225097656,184.50971521116793,180.91131006652415,181.55564566843228,21071400
2018-05-11,185.3622283935547,186.68065235167805,182.57667717507755,183.24085803164738,21207800
2018-05-14,185.0152587890625,186.22463964155665,184.5790866618078,186.07595147360985,15646700
2018-05-15,182.7154541015625,183.67699608539888,181.60519370489783,183.27057673691613,15429400
2018-05-16,181.605224609375,182.71548519497708,181.0699320130361,182.1008720647095,16975500
2018-05-17,182.1603546142578,182.45774612452763,180.6337670462815,181.08975425286278,14840700
2018-05-18,181.08975219726562,182.58661723578024,181.02036941703457,181.8927138036677,13130500
2018-05-21,182.8839874267578,183.68693381361263,181.53582586180445,182.17025394378493,13532900
2018-05-22,182.19998168945312,183.80587437600246,181.8331923390261,183.32013449352226,12731400
2018-05-23,185.27297973632812,185.2829023642809,180.59406738171825,180.91128895706134,16628100
2018-05-24,184.3114471435547,185.17388396248023,183.41928781469022,184.26189450103053,12354700
2018-05-25,183.31024169921875,184.70797106682298,182.84433191001733,184.40067208372395,10965100
2018-05-29,184.12310791015625,185.18378551702415,182.1107806072386,182.7352860669987,16398900
2018-05-30,186.0363006591797,186.36342977123363,183.63736896340973,184.91613265056702,13736900
2018-05-31,190.11053466796875,191.04235429390687,185.8479635737623,186.23456797963453,30782600
2018-06-01,192.30128479003906,192.85640746104005,190.3980005783392,191.38929538397196,17307200
2018-06-04,191.59747314453125,192.29137653515178,189.8032318323698,190.1700060975636,18939800
2018-06-05,191.26043701171875,193.30250204910965,190.94321538892117,192.60859865668937,15544300
2018-06-06,189.67434692382812,190.8539901778862,187.46376371404816,189.3670479502752,22558900
2018-06-07,186.54185485839844,189.30757591960182,185.14414063626342,189.08948984574496,21503200
2018-06-08,187.45387268066406,187.83055445910182,184.80710197213114,185.8975324185664,12677100
2018-06-11,189.8726043701172,190.92338959177852,187.1564662267254,187.16637372964308,12928900
2018-06-12,190.72511291503906,191.59745717680914,189.89242891569026,190.49711934697032,11562700
2018-06-13,190.7350616455078,192.80686442477753,190.2394141791202,191.06219078843887,15853800
2018-06-14,195.09674072265625,195.5626505211031,191.23069678443696,191.41904522967624,19120900
2018-06-15,194.14511108398438,195.35449206501337,192.94563760655214,194.08562068452486,21860900
2018-06-18,196.5836944580078,197.84264324995695,192.44008892561553,193.10425471126862,16826000
2018-06-19,195.77081298828125,196.23672274838665,192.10301017452244,194.5316945041622,19994000
2018-06-20,200.2415771484375,201.7780873250161,197.07934388123675,197.36682788332428,28230900
2018-06-21,199.7459259033203,201.61947269261083,198.34819643922546,200.99495205419396,19045700
2018-06-22,199.98385620117188,200.47950369486628,197.5750015163172,199.408903293371,17420200
2018-06-25,194.6407470703125,198.258967170796,191.42894635680042,198.258967170796,25275100
2018-06-26,197.26768493652344,197.3668204768252,194.52179383053024,195.87987812805744,17897600
2018-06-27,194.13519287109375,199.0024545426921,194.09554772984515,197.44611426289367,18734400
2018-06-28,194.52178955078125,195.62212746969882,191.5776425549196,193.4809269043523,18172400
2018-06-29,192.62840270996094,195.87984827363056,192.27153599560904,195.602286954241,15811600
2018-07-02,195.64195251464844,195.7311654210613,190.54669758251922,191.68668061146298,13961600
2018-07-03,191.05226135253906,193.69901691364683,190.84409789460955,192.85642532638016,13489500
2018-07-05,196.72247314453125,196.92072910262948,192.34095142893256,193.04477747503526,19684200
2018-07-06,201.46084594726562,201.8672804615918,195.97898669624203,196.72245782568604,19740100
2018-07-09,202.95773315429688,204.00850337931018,200.3605301041744,203.1460664886615,18149400
2018-07-10,201.76815795898438,203.12624226213603,200.49930169285776,202.71980772155925,13190100
2018-07-11,200.77685546875,202.71980006118886,199.99373918017042,200.45964897718486,12927400
2018-07-12,205.1187286376953,205.27733944399571,201.42120308082687,201.65910416431842,15454700
2018-07-13,205.51527404785156,206.61559690940115,204.65283716512621,206.00099888742707,11486800
2018-07-16,205.42605590820312,206.90309088408898,205.0394514683352,205.6937097899459,11078200
2018-07-17,208.1619873046875,208.62789704123625,203.05681033266274,203.11628559674006,15349900
2018-07-18,207.5375213623047,209.15333704916534,206.62553177936556,207.99352371675488,15334900
2018-07-19,206.278564453125,208.16203395139533,205.95143530143656,206.95265289095713,11350400
2018-07-20,208.11245727539062,209.65887492561032,206.68499017489245,207.03194944619355,16163900
2018-07-23,209.0740203857422,209.77783132583642,206.98238744769856,208.7468912389247,16732000
2018-07-24,212.80126953125,214.3179494837015,210.74929700038717,213.23744169749008,28468700
2018-07-25,215.6066436767578,216.71688913952175,212.40476534156258,213.8421399408823,58954200
2018-07-26,174.72564697265625,178.56196881429327,172.23750202897924,173.36757769624603,169803700
2018-07-27,173.36753845214844,178.36365734334626,171.49399197720456,178.30418207842067,60073700
2018-07-30,169.57089233398438,173.77398788664595,165.11006556914384,173.77398788664595,65280800
2018-07-31,171.07765197753906,172.7232049140015,168.52010967442405,169.18427535037893,40356500
2018-08-01,170.15576171875,173.55591105496342,169.41229055168418,172.41591285655338,34042100
2018-08-02,174.8346710205078,175.25101304993282,168.78778140157203,169.19420080170357,32400000
2018-08-03,176.23240661621094,177.2930994227068,174.61659108428015,176.143193705186,24763400
2018-08-06,184.07354736328125,184.17266777499256,176.8271842627591,177.4120446075218,49716200
2018-08-07,182.2099151611328,186.6608347566333,182.1207022493779,184.87650089173556,33398600
2018-08-08,183.56796264648438,185.22343826289293,182.16032585447192,183.14171314563106,22205200
2018-08-09,181.4961395263672,184.94585590716974,180.89144916587793,184.23212252672482,19732100
2018-08-10,178.69082641601562,180.51482066235562,177.85814226879398,180.45533025815902,21500400
2018-08-13,178.48263549804688,181.02034781896825,177.34263737862955,178.5322032642752,17423300
2018-08-14,179.53341674804688,180.40576108482483,177.0650870456417,179.13690484548934,19102000
2018-08-15,177.96714782714844,179.29547918109884,173.2584976966587,177.77879940177561,33020200
2018-08-16,173.17922973632812,178.92874363740364,172.49523378093997,178.8494382240003,31351800
2018-08-17,172.2870330810547,174.68596459583154,170.54234461506593,172.9809363909558,24893200
2018-08-20,170.9983673095703,173.0503549777457,169.42221207590367,172.52495477389732,21518000
2018-08-21,171.1173095703125,172.65381958969067,169.89802115858143,171.3056580091081,19578500
2018-08-22,172.1284637451172,172.72324679740274,170.63161373567903,170.71091915104788,16894100
2018-08-23,171.39486694335938,174.02180727071823,171.32548417201818,171.58321537779156,18053600
2018-08-24,173.129638671875,173.29817210641073,171.41470282486748,172.18791159408283,14631600
2018-08-27,175.91522216796875,177.11468068024422,174.25974616183365,174.45801726802682,17921900
2018-08-28,174.72564697265625,176.6884219152467,174.29939739356377,176.54964122368625,15910700
2018-08-29,174.36874389648438,175.25099563625966,173.228760961996,174.76527087984044,18494100
2018-08-30,176.09364318847656,178.22492138801357,174.17052846839357,174.36878444319402,24216500
2018-08-31,174.20025634765625,176.0738031875716,173.45678513934126,175.60789335361738,18065200
2018-09-04,169.6700439453125,172.37627487047934,167.33058730414652,171.98967045259835,29809000
2018-09-05,165.72470092773438,169.64032851686028,165.21914589230568,168.01460522293573,31226700
2018-09-06,161.1151580810547,165.52641733879844,158.6071832066759,165.52641733879844,41514800
2018-09-07,161.62074279785156,163.19691346698042,158.76582325999382,158.9145114712501,24300600
2018-09-10,162.7508087158203,163.57358539547653,160.7484036711241,162.0866428691979,20197700
2018-09-11,164.4954833984375,165.73460206315278,162.29480743982631,162.51289353489304,20457100
2018-09-12,160.58975219726562,163.05808161156838,160.3914962691272,161.82887065557784,24078100
2018-09-13,159.95535278320312,161.89829752903972,159.45970531115873,160.5897809423815,25453800
2018-09-14,160.90696716308594,161.4224295298473,158.94419271518143,160.31218427718326,21770400
2018-09-17,159.18211364746094,160.64922565027896,158.37916731568862,160.51044498955235,21005300
2018-09-18,158.90457153320312,160.35185358058038,157.48701199604824,158.0024895664645,22465200
2018-09-19,161.64053344726562,162.01723032504097,158.0916961212628,158.68647907291242,19629000
2018-09-20,164.5747833251953,165.0010328711957,163.03827320694597,163.0680108438316,18936000
2018-09-21,161.51165771484375,165.79405859644982,161.3927071767853,165.18936815138855,45994800
2018-09-24,163.9700927734375,164.25756163854922,159.47952809379342,159.62821627816848,19222800
2018-09-25,163.47442626953125,164.1484994614074,159.74714820541337,160.57984731873293,27622800
2018-09-26,165.49671936035156,167.82626897231836,162.78058037767732,162.86979330937905,25252200
2018-09-27,167.37022399902344,170.27472586448513,165.7544236294065,166.09146025855756,27266900
2018-09-28,163.0283660888672,167.3206596997471,161.1448967012182,166.86467251578267,34265600
2018-10-01,161.02593994140625,164.43599668976157,159.85620413774518,161.61080028025717,26407700
2018-10-02,157.9430389404297,160.86735625365242,157.28878059041784,160.1734527578649,36031000
2018-10-03,161.0160369873047,162.23534070829126,158.141287584149,158.60719743669617,23109500
2018-10-04,157.46719360351562,160.05447377741564,155.98025132256063,160.05447377741564,25739600
2018-10-05,155.96041870117188,159.4993334078669,154.84025069375616,157.82405783719972,25744000
2018-10-08,155.881103515625,156.9616111911632,153.0459998514154,154.18598279335635,24046000
2018-10-09,156.5254364013672,159.19202172332666,156.04961915229816,156.31727297250595,18844400
2018-10-10,150.0622100830078,156.31727778494096,149.99281218727913,155.45485615833547,30610000
2018-10-11,152.0150604248047,153.46234233174889,147.8615328802378,148.82309002603787,35338900
2018-10-12,152.4016876220703,155.5242605937799,149.98292557845363,155.36564977512566,25293500
2018-10-15,152.18359375,154.21575127301105,151.22203650924783,151.9853377997949,15433500
2018-10-16,157.39779663085938,158.07188500103024,153.6606107740999,154.04721516438818,19180100
2018-10-17,158.03221130371094,159.09290397401355,156.57500677356987,158.1709919672502,17592000
2018-10-18,153.57138061523438,157.27882841979354,151.94565783280964,157.1301251319511,21675100
2018-10-19,152.708984375,155.98026061313823,152.213336918493,154.50322574740176,19761300
2018-10-22,153.43260192871094,155.97031409723388,153.1153954706244,153.41277179821876,15424700
2018-10-23,153.0460205078125,153.42271741381617,149.536843182799,149.90361745909107,19095000
2018-10-24,144.76869201660156,153.3037412080965,144.33253499208868,152.9369669569993,27744600
2018-10-25,149.63595581054688,150.884997012413,145.72034414609865,146.4439851572699,22105700
2018-10-26,144.10450744628906,147.70291209123408,142.5481826139126,144.55060216746438,31303300
2018-10-29,140.85308837890625,147.5344214345099,137.8197284122067,147.20729230316547,31336800
2018-10-30,144.94712829589844,145.36347030089044,138.5235421638017,138.72179810056574,50528300
2018-10-31,150.4686279296875,155.0384974683667,147.6632770144559,153.65069082740558,60101300
2018-11-01,150.4290008544922,151.42029575303908,148.04989914836352,150.20100726309514,25640800
2018-11-02,149.0411834716797,152.78827671223485,147.66328426550686,150.47855794739172,24708700
2018-11-05,147.3857421875,148.88260740797608,146.1565459943233,148.79339448285108,15971200
2018-11-06,148.63475036621094,149.6557828388369,146.71163596116122,148.0102297782316,16667100
2018-11-07,150.21092224121094,151.67803452879494,148.5257238550179,150.25058250966376,21877400
2018-11-08,146.582763671875,149.62604610195993,145.46261078434273,149.17996644756505,24145800
2018-11-09,143.6981201171875,146.4737338283187,142.81586823201502,145.47253139151496,17326900
2018-11-12,140.31777954101562,143.777388652633,139.2670094913224,143.2222659943768,18542100
2018-11-13,140.9224853515625,143.61880866548017,140.3871776398214,140.76387453875333,15141700
2018-11-14,142.9645538330078,144.312715522273,140.3177982254131,142.44907624200525,22068400
2018-11-15,142.59776306152344,143.57913523312448,139.60404852960136,141.0909907299261,30320300
2018-11-16,138.31536865234375,140.53587455272964,136.57069516872846,139.8419711857212,37250600
2018-11-19,130.4048309326172,136.55085552449924,130.067794338685,136.41207486076493,44362700
2018-11-20,131.27719116210938,132.99214242334494,125.74577074371373,125.92420414837042,41939500
2018-11-21,133.64637756347656,135.99574149351648,132.9623817038551,133.23002041991307,25469700
2018-11-23,130.58328247070312,133.32917377934606,130.1173726236278,132.48656700247514,11886100
2018-11-26,135.1927947998047,135.80739275884446,131.6241273338603,131.84221340822126,24263600
2018-11-27,133.8247833251953,135.42076838322293,132.54601982884213,134.56825434366863,20750300
2018-11-28,135.56948852539062,135.5992261630699,130.70224193837456,135.09367119656213,29847500
2018-11-29,137.47276306152344,138.77137202577873,134.47906349380332,134.73679471044042,24238700
2018-11-30,139.385986328125,139.7428531223414,136.16427767582408,137.0564370983846,25732600
2018-12-03,139.86180114746094,142.4292514429106,139.53467199818564,141.75517813601164,24819200
2018-12-04,136.72930908203125,142.14178631840102,135.9660228395127,139.5049380461706,30307400
2018-12-06,138.41452026367188,138.4839030454518,132.50639563988096,132.65509895962774,28218100
2018-12-07,136.2237091064453,139.64367262673062,135.47033061713375,138.03778013263886,21195500
2018-12-10,140.61517333984375,141.80472407388615,137.79988461392819,138.38476004127986,26422200
2018-12-11,140.8431854248047,142.6275193234303,139.87172062898193,142.6275193234303,20300300
2018-12-12,143.2421112060547,145.9086968728815,141.26942893510338,141.83447428129028,23696900
2018-12-13,143.7476806640625,144.58037994913093,141.94353165266327,144.30281856276181,18148600
2018-12-14,142.80592346191406,144.73894525603407,141.2694135290645,142.09219001086083,21785800
2018-12-17,138.96963500976562,143.6584556703444,137.21503879444398,141.83447667724295,24334000
2018-12-18,142.409423828125,144.65965227927774,138.61276268293932,139.85188126324957,24709100
2018-12-19,132.0801544189453,143.64856553179374,131.3465906559733,139.98077696885701,57404900
2018-12-20,132.23875427246094,134.38987785242736,128.86835713620653,129.56226064943985,40297900
2018-12-21,123.86228942871094,133.7256702363829,122.34560950669906,132.22882044679108,56901500
2018-12-24,122.98004150390625,128.6106043386835,121.94909391183293,122.02839931806469,22066000
2018-12-26,133.011962890625,133.07145329958615,124.79413356041329,124.90317662123222,39723400
2018-12-27,133.34901428222656,133.81492416552734,128.54122724219155,131.28711876433331,31202500
2018-12-28,132.04046630859375,134.73678941497596,131.04917149377553,134.16183660726637,22627600
2018-12-31,129.94883728027344,133.4679369965346,128.81876176479938,133.27958855629578,24625300
2019-01-02,134.49887084960938,136.31294214395066,127.44085673248901,127.8671213608656,28146200
2019-01-03,130.59317016601562,135.97589316541095,129.97855716192853,133.5174865269331,22717900
2019-01-04,136.7491455078125,136.79871328419475,132.58570943305108,132.8434406938925,29002100
2019-01-07,136.84825134277344,137.66110522026977,134.72688105755734,136.36251144124867,20089300
2019-01-08,141.28924560546875,141.8939360341055,138.3252687296988,138.67222795755654,26263800
2019-01-09,142.9744415283203,143.44035128383746,140.04021745735898,141.70558542315467,22205900
2019-01-10,142.9447021484375,143.30156886902716,139.61395113158648,141.83445685147305,16125000
2019-01-11,142.54818725585938,144.09460463681776,141.32889895563565,141.90383659648845,12908000
2019-01-14,144.12435913085938,145.29409493148682,140.04022914681872,140.76387015955348,20520300
2019-01-15,147.6533660888672,149.36830195811237,144.71914177942702,144.73895678589847,24069000
2019-01-16,146.25563049316406,148.34726315990443,145.72033794796064,147.7029275799057,18025700
2019-01-17,147.009033203125,147.70293659145,145.2246994003183,145.6707790695301,15787900
2019-01-18,148.73385620117188,151.1030500258007,147.25683671851928,148.44638738186362,31029600
2019-01-22,146.285400390625,150.21091985120773,145.09583437133543,147.90120084429688,22378700
2019-01-23,143.04383850097656,147.50466497111537,141.8146275394157,146.98918745485338,20098400
2019-01-24,144.560546875,145.16523741000162,141.27936295387815,143.3809034439345,20955500
2019-01-25,147.7128448486328,148.5257139119325,145.26434528122348,146.1961648899975,22237200
2019-01-28,146.18626403808594,147.6632989240889,144.93723787589587,146.76121691063824,15508500
2019-01-29,142.93482971191406,146.81079682581762,142.18143582475363,146.8008741951162,17632100
2019-01-30,149.110595703125,149.63598085579682,144.431681979512,144.94715962728947,44613200
2019-01-31,165.23895263671875,170.18550460695715,163.56366180174726,164.15844480413764,77233600
2019-02-01,164.26748657226562,167.62797571991626,164.21791880145875,164.39634462521155,30806500
2019-02-04,167.7766876220703,167.82625539988373,162.19569163663832,164.2575871607872,20036000
2019-02-05,169.6700439453125,170.48289792287443,167.22154425674623,167.67753145426727,22557000
2019-02-06,169.005859375,170.96861888411965,167.79647848403775,169.7096702269458,13281200
2019-02-07,164.931640625,167.76674447768966,163.81147261341835,166.7357893716431,17517600
2019-02-08,165.87338256835938,165.91302771016467,162.78054722489733,163.03827846153243,12561400
2019-02-11,164.34677124023438,166.83493106571902,163.64296034708318,166.43840403876956,12811200
2019-02-12,163.60328674316406,166.87456260048933,163.06799420787289,165.40745053528556,16292300
2019-02-13,162.6417694091797,164.77304749739332,162.30471763106678,163.9403633711484,14205100
2019-02-14,162.52281188964844,163.43480147265234,160.83761341831595,161.76943313654814,12755200
2019-02-15,161.08541870117188,163.26626442147275,159.45969569593382,163.0779159732994,15504400
2019-02-19,160.87722778320312,162.72103673167507,158.93429842947643,159.10281673177204,14345400
2019-02-20,161.1448974609375,162.2948031818548,159.84630355453947,160.83759846030406,11770700
2019-02-21,158.64682006835938,160.82768082441467,158.2007404140604,160.5203667171822,15607800
2019-02-22,160.480712890625,160.99619041650877,158.91446530787059,159.18211913634306,15858500
2019-02-25,163.1869354248047,164.62432490003548,161.48190726019044,161.65044067700464,18737100
2019-02-26,162.70123291015625,164.79286570447985,162.37410378581643,162.90939636367105,13784100
2019-02-27,161.39271545410156,162.50296086881065,159.01361381516514,161.48192836222083,12697500
2019-02-28,160.04458618164062,162.07674410230544,159.45972572000395,160.95657583181028,11114200
2019-03-01,160.86734008789062,161.70994682907624,160.2824797092118,161.18456172606506,11097800
2019-03-04,165.91302490234375,166.04189808146043,162.4038475624923,162.47323034096743,18894700
2019-03-05,169.7691650390625,170.38377818411251,165.10017436805197,165.9130283488519,28187900
2019-03-06,171.00828552246094,172.05907087000372,169.77908947123353,171.39488994598577,21531700
2019-03-07,167.65768432617188,170.2449642043025,166.15091208511822,170.00704802120225,18306500
2019-03-08,168.1236114501953,168.14342645636808,164.52520632922034,164.75319990787847,13184800
2019-03-11,170.57211303710938,172.78269632948613,170.0863731125954,170.10620324497287,18884000
2019-03-12,170.4234161376953,172.2870553762765,169.72951273799794,170.59193445433897,12155300
2019-03-13,171.86077880859375,172.51503702270958,170.62166027850708,170.81993134408785,11973300
2019-03-14,168.68862915039062,169.660093789461,166.69613210857162,168.2821946645701,18037400
2019-03-15,164.53514099121094,166.12121905245445,161.09534610758368,165.70487696471935,37135400
2019-03-18,159.07308959960938,162.47322375608724,157.89344627970175,162.1461097585963,37524200
2019-03-19,160.16351318359375,162.39392655443643,159.42004205997952,160.0742851530314,25611500
2019-03-20,163.9998321533203,164.6739054309311,159.8363965610117,160.0941277919876,20211500
2019-03-21,164.63426208496094,164.94156108992567,162.32454310685958,163.45461871032083,16223000
2019-03-22,162.90939331054688,165.96258328787198,162.6615695960818,164.20798715419053,16389200
2019-03-25,164.84242248535156,165.09024621068198,160.58977401410408,161.5810689154257,12631200
2019-03-26,166.22032165527344,167.97491786442606,164.9019127484539,165.89320764895325,15437900
2019-03-27,164.42608642578125,167.4693691440519,163.35548607827695,166.38886129251935,10620300
2019-03-28,164.10887145996094,165.26868466187196,161.90819560219353,163.13740670660943,10443000
2019-03-29,165.23895263671875,165.73460009672405,163.37531334679161,164.94156113552356,13455500
2019-04-01,167.2314453125,167.42970126577598,165.82380838049292,166.36902359647164,10381500
2019-04-02,172.68356323242188,173.3774666158427,168.0740481398785,168.6589084826218,23946500
2019-04-03,172.02931213378906,176.41084894957973,171.4444517667529,172.98096190340783,27391100
2019-04-04,174.4877166748047,176.4504761631489,174.00197677260604,174.4877166748047,17847700
2019-04-05,174.19032287597656,175.4591790056014,173.57572494236527,175.34022847031102,9594100
2019-04-08,173.4072265625,173.97227197124408,172.71332308980124,173.68480307754075,7297400
2019-04-09,176.03414916992188,177.63013455501002,174.0218217442837,174.09120452139553,19751000
2019-04-10,176.27206420898438,177.23360633426717,175.00319283671809,176.62891584767104,11701500
2019-04-11,175.96475219726562,176.8470040529445,175.45919724377316,176.68840836472478,8071000
2019-04-12,177.54090881347656,178.06629385948273,176.4009106916839,176.4504784580155,12329800
2019-04-15,178.0861358642578,178.92874264176405,175.3303370491596,176.94615269559492,10834800
2019-04-16,177.31289672851562,178.6015829987426,176.74786655580616,177.4417698933258,11215200
2019-04-17,177.22369384765625,179.166638428535,176.80735182160203,178.0365628932567,9973700
2019-04-18,176.72802734375,177.32281024589594,175.79620785583487,177.24350485054597,11655600
2019-04-22,179.8605194091797,180.0885129633047,176.69828677961848,176.69828677961848,13389900
2019-04-23,182.18016052246094,182.61633266272705,179.9001794148618,181.14922056670716,19954800
2019-04-24,180.99061584472656,183.5283282450124,180.06870376711515,182.88399264176886,37289900
2019-04-25,191.57763671875,196.7521970310547,190.44756119801445,195.26525476029954,54148800
2019-04-26,189.82305908203125,191.22077334549448,187.4439423312348,190.82426145000804,22075000
2019-04-29,193.0844268798828,193.70894753134465,188.9903739442293,189.2877654509235,19641300
2019-04-30,191.71641540527344,195.67168724983304,190.6061700282569,192.49954679695807,23494700
2019-05-01,191.34963989257812,194.47221255780033,191.3298097607027,193.0844058456924,15996600
2019-05-02,190.85400390625,192.31120860420398,188.0982053229263,191.31991371449158,13209500
2019-05-03,193.76841735839844,194.4524132667719,192.02374376132806,192.6879095362235,14575400
2019-05-06,192.19227600097656,192.58878794349636,188.8912618949337,189.57525785284724,13994900
2019-05-07,188.11802673339844,191.2207693086788,186.2147424485166,190.86390255989102,16253000
2019-05-08,187.8900146484375,189.05975040851527,186.90864245139556,187.74132647493377,12505700
2019-05-09,187.00778198242188,188.11804258663693,184.63858771124293,185.5704073630469,12967000
2019-05-10,186.70046997070312,188.34602306561183,182.9831142523029,186.6112570636917,12578500
2019-05-13,179.9596710205078,183.81580760925243,179.26576760980052,181.9026156964481,16833300
2019-05-14,179.1566925048828,181.892675643155,176.5495976479088,180.9311185439734,17628100
2019-05-15,184.6484832763672,185.64968556083124,178.45289088893566,178.8494027513481,16746900
2019-05-16,185.3622283935547,186.9383835658683,183.43911397532904,183.43911397532904,12953100
2019-05-17,183.68695068359375,185.94710187859604,182.67582563552642,183.2309483674975,10485400
2019-05-20,181.12942504882812,182.62627506537186,179.79117073781356,180.29674087244464,10352000
2019-05-21,183.21112060546875,184.08344978385523,182.28920853365662,182.96329689409416,7502800
2019-05-22,183.706787109375,185.11442412107527,182.01166609208295,183.12191159405262,9213800
2019-05-23,179.2954864501953,182.29910849776348,178.10593570998307,180.831996422367,12768800
2019-05-24,179.4838409423828,182.03147593642154,179.2558473649186,180.742789621871,8807700
2019-05-28,182.70555114746094,183.1020781625244,179.87044727508288,179.95966018123755,14843300
2019-05-29,180.6040496826172,182.95341413816547,179.77136546115227,181.90264379308417,12797700
2019-05-30,181.41683959960938,181.882749323817,179.31529965277113,181.4862374898329,8581500
2019-05-31,175.9250946044922,178.96836186561143,175.61779562749524,178.71063065528207,15226500
2019-06-03,162.72103881835938,173.5261614429403,159.60837368542724,173.4765936766981,56059600
2019-06-04,166.04188537597656,166.81509413959097,159.43985812423,162.28488459513008,46044300
2019-06-05,166.70606994628906,167.25128519404626,163.1968924782927,166.0220740105537,19758300
2019-06-06,166.86465454101562,168.22272356891128,165.77422421689334,166.83491690726305,12446400
2019-06-07,171.84095764160156,172.35642004094598,167.37020846472998,168.68863234858634,16917300
2019-06-10,173.29820251464844,176.31173271755236,172.28707735980896,173.2288046028438,14767900
2019-06-11,176.54962158203125,178.41324564337222,175.25101260252274,176.9263033452393,15266600
2019-06-12,173.5162353515625,177.70942325144773,171.37505007663788,176.82717148339296,17699800
2019-06-13,175.9250946044922,176.4802172888684,173.08999078703468,174.00198021507543,12253600
2019-06-14,179.75152587890625,180.25708088838027,178.43310170122075,178.93865671069474,16773700
2019-06-17,187.36465454101562,187.8503945157161,182.80470681040578,183.3994747095493,29459900
2019-06-18,186.829345703125,192.83659020623713,185.64970238549856,192.3112051342461,37571400
2019-06-19,185.84793090820312,186.46254392368624,182.94344462284235,185.37211367521388,21417100
2019-06-20,187.880126953125,189.4959425300229,186.00658013966265,189.2877639392114,14635700
2019-06-21,189.4761199951172,190.3286342745102,187.10692562142606,187.10692562142606,22751200
2019-06-24,190.92340087890625,192.2913775343927,189.9023683575532,190.74495993412827,15509000
2019-06-25,187.1961212158203,191.458692218337,186.4923103226598,191.200960995286,16750300
2019-06-26,186.0264129638672,189.09941821704652,185.67945368281707,187.89003717436265,12808600
2019-06-27,187.8503875732422,197.1487387746946,186.6310990553971,188.22708448361715,11159000
2019-06-28,191.31991577148438,191.5181717263665,188.28655579650456,188.8912462907689,16378900
2019-07-01,191.31991577148438,193.58006693425207,190.25922296762738,193.51068415672523,14181800
2019-07-02,193.302490234375,193.302490234375,191.03243174807002,191.3199005909455,9050000
2019-07-03,195.4833526611328,195.68160861736712,192.4698227988755,192.4698227988755,10246100
2019-07-05,194.69029235839844,195.35447318418,192.47970919320042,194.4722062926704,11164100
2019-07-08,194.0558624267578,194.9678518174169,191.95432231462846,193.49083226259162,9723900
2019-07-09,197.47586059570312,197.72368431682693,193.19345943422346,193.2727648400982,14698600
2019-07-10,200.9652099609375,201.19321867762923,197.93185000038574,198.25897913106715,20571700
2019-07-11,199.47824096679688,202.0258757687231,198.46713119900554,201.49056812604985,13678500
2019-07-12,203.08660888671875,203.5128736170728,197.42632271001122,197.94178523728158,15366300
2019-07-15,202.1349334716797,203.5425703225195,200.06313089638468,202.47197008541062,16030300
2019-07-16,202.06556701660156,203.6813826896914,201.33201840503335,202.11513479126563,12132700
2019-07-17,200.04330444335938,202.5810168479359,199.83512586872124,202.40257590882334,12083700
2019-07-18,199.03216552734375,200.70745613250668,197.6443588800858,198.40764497309866,11937900
2019-07-19,196.6332244873047,200.5686658002881,196.3457556692138,200.41996251427645,12098300
2019-07-22,200.55877685546875,200.8066005624614,197.07932232867844,198.16975268982955,13589000
2019-07-23,200.59844970703125,202.46208908139556,199.21064280652215,201.07426705492568,14583700
2019-07-24,202.87840270996094,203.02709088347058,195.50316678471034,195.90960129358152,32532500
2019-07-25,198.9628143310547,206.8436060894871,196.53412962401214,204.90066134904515,39889900
2019-07-26,198.01113891601562,201.11389652131422,194.54160707017806,198.44731105393143,24434000
2019-07-29,194.23431396484375,197.8921943558041,193.59988587033834,197.26767376438386,16530800
2019-07-30,195.32472229003906,196.9801979300487,191.81554532555143,193.68909190741383,11903600
2019-07-31,192.53916931152344,197.02973318494048,191.0026594696841,195.235492161137,14593500
2019-08-01,191.05226135253906,196.74229950931516,189.21837486781064,192.4797284250376,17777000
2019-08-02,187.37454223632812,190.9431943437172,186.43281522712647,189.43643717937772,15297000
2019-08-05,180.14801025390625,184.0537144133837,177.7788161490501,183.08224968810975,23086700
2019-08-06,182.90380859375,184.17266480045308,181.496171712125,182.09095467662416,18035700
2019-08-07,183.53826904296875,184.747650191549,179.6424868293992,182.00177384482,15833200
2019-08-08,188.50462341308594,188.68304921720795,182.44781156029177,184.9954313391032,14828900
2019-08-09,186.21475219726562,189.31749493498137,185.49109603275392,188.34603017251814,11058800
2019-08-12,183.7563018798828,185.95697742193772,182.85423515844815,185.223428991891,10930900
2019-08-13,186.8095245361328,189.71402651548019,183.75633436925915,183.9050376827455,13577000
2019-08-14,178.1455841064453,184.3709138539806,177.74905713548162,184.1825654335175,18903700
2019-08-15,181.00054931640625,181.60523986775857,178.46283655202973,179.37482613135495,12925900
2019-08-16,182.10086059570312,183.48868245880848,180.77252912929748,182.15042836330673,12654600
2019-08-19,184.5493621826172,185.86778616090027,183.24086083354322,184.39075137486302,9691200
2019-08-20,182.2099151611328,184.38085343626173,180.80227820270235,183.83563821004856,10083400
2019-08-21,181.9521942138672,184.28172831068724,181.5457596471759,183.38956889079205,8398200
2019-08-22,180.45530700683594,182.5072945973384,178.34385927172,181.83320623694664,10821400
2019-08-23,176.20266723632812,181.53583860114406,175.12215943315425,179.2657648255648,17323400
2019-08-26,178.7899627685547,178.92874346038303,176.68842225630812,177.8383129346168,8773600
2019-08-27,179.7217254638672,182.43786316043105,179.4342415410029,180.3462308160348,14399600
2019-08-28,180.17774963378906,180.36609807872819,177.36247584090782,178.95846118228755,9386100
2019-08-29,183.95458984375,184.46014476439868,181.87286463927418,182.17025611505056,10128700
2019-08-30,184.05372619628906,185.17389429750483,181.86297289106756,185.15406416381285,10774500
2019-09-03,180.80227661132812,184.05372268054123,180.5247152487826,182.39826200894478,9779400
2019-09-04,185.51092529296875,186.11561578150497,182.28921689728358,183.04259556908295,11308000
2019-09-05,189.23817443847656,189.6941767095341,186.30395025187858,186.88881056344226,13876700
2019-09-06,185.85789489746094,188.5542183610433,184.72781926389777,188.5542183610433,15226800
2019-09-09,187.1168212890625,187.33490737878313,184.2321646040486,186.09578874444315,14722400
2019-09-10,184.5493621826172,186.46256912699883,182.94346935049393,185.80831088948224,15455900
2019-09-11,186.8491668701172,187.7908939279725,184.46014271342045,184.836839586946,11761700
2019-09-12,185.8380584716797,189.26793039867314,185.6001422473146,188.2072527077104,11419800
2019-09-13,185.56048583984375,186.33369461463457,184.916135110212,185.6992665141406,11441100
2019-09-16,184.5989227294922,186.15524773256575,184.15284308534797,185.3027335816854,8444800
2019-09-17,186.4427490234375,186.68066524786644,183.92485147426774,185.0351120623095,9671100
2019-09-18,186.50221252441406,187.43403210381956,184.39074965303598,186.45264475670885,9681900
2019-09-19,188.4848175048828,189.4364672937098,186.51213514758413,187.0177052428198,10392700
2019-09-20,188.27662658691406,191.41904462211022,186.48238530010315,189.00028272958482,19934200
2019-09-23,185.19371032714844,188.44515621084508,183.5977250205933,187.69176244752776,13327600
2019-09-24,179.70191955566406,186.4030669367556,178.81966779154138,186.3435916691003,18546600
2019-09-25,181.2086944580078,181.82329240046013,176.32160317476445,179.87044041290727,18068300
2019-09-26,178.5421142578125,179.8208779461365,176.12335242778306,179.75149517282722,16083300
2019-09-27,175.558349609375,179.1864777941973,174.13088239687255,178.918839036324,14656200
2019-09-30,176.52978515625,177.11464547576873,175.31049675051665,176.3216065865108,10740000
2019-10-01,174.27955627441406,178.27447356464504,173.35765926557306,177.5904776543643,17073000
2019-10-02,173.08009338378906,174.9932852559371,171.5832284232583,173.3179944761418,16151700
2019-10-03,177.81849670410156,178.27448392013582,172.1185506219474,174.0416652854714,16086300
2019-10-04,178.87918090820312,179.40456605160196,176.5496467183686,177.98702145268547,10430200
2019-10-07,178.11585998535156,179.6028023321276,176.5397047279993,178.43308161312447,9178300
2019-10-08,176.20266723632812,178.79985501576326,176.17292959961395,176.70822218642866,9466900
2019-10-09,178.28439331054688,179.14681503079768,176.3910164266779,177.60039741133014,7556900
2019-10-10,178.4628143310547,180.02906204160385,177.61030013736234,178.750298314045,8605000
2019-10-11,182.58660888671875,184.86659016737028,180.55445132948677,180.56435883307805,14930500
2019-10-14,181.68453979492188,183.01287141647379,180.98072884100796,182.59652934670203,7006000
2019-10-15,187.2456817626953,188.7227165199571,182.06121398365255,182.19999465624394,15039100
2019-10-16,187.8999481201172,188.048636302201,185.27300760428005,186.68065964915132,10516900
2019-10-17,188.73263549804688,189.17871517807257,187.12674259957046,188.6434225872337,9603000
2019-10-18,184.23216247558594,189.82306508409687,182.31895546076947,188.5740238344982,16874200
2019-10-21,188.1081085205078,188.2568118261365,185.12431641612076,185.4117852721347,8122600
2019-10-22,180.75271606445312,188.99037461097063,179.92003194353995,188.3460389491603,19537600
2019-10-23,184.529541015625,184.7575497350842,180.41567319910627,180.42558070283758,12300400
2019-10-24,184.75755310058594,185.10449724902045,181.20871545130507,183.01286435066095,11413500
2019-10-25,186.25439453125,187.35473245387462,183.47876584007477,184.21232949714437,8061200
2019-10-28,187.75123596191406,187.8801091309516,183.46885013420712,185.57039034704746,13657900
2019-10-29,187.66204833984375,190.85401935313857,186.82936419532183,190.02133520861668,13574900
2019-10-30,186.6112518310547,188.7920974328394,184.36100833067871,187.90984563878274,28734600
2019-10-31,189.98167419433594,196.36561619589327,186.6112773601283,194.9877167981132,42286500
2019-11-01,191.9344940185547,192.42023391509704,188.25679878716807,191.17120791450583,21711800
2019-11-04,193.0249481201172,195.65187360892588,192.1228661122772,192.8564297987559,16371300
2019-11-05,192.62840270996094,194.04594693927487,191.91466928125712,193.66925009469298,9942000
2019-11-06,189.8825225830078,192.67796606260498,189.6842666475544,192.34092945973836,10973000
2019-11-07,188.76234436035156,191.75605873872388,187.8206173736394,190.23937898226092,13473000
2019-11-08,189.1787109375,190.66565325489464,188.04863538131843,188.34602686998926,10760800
2019-11-11,187.95941162109375,188.4253213970559,186.8987189021284,188.27661809832583,8631200
2019-11-12,192.777099609375,193.36195990702896,188.08827947364168,188.3460106744829,17615500
2019-11-13,191.50827026367188,193.9964150967424,191.06219056962595,193.00512016510245,10860700
2019-11-14,191.46861267089844,192.3409570632365,189.7834142887585,191.25052657281392,9040500
2019-11-15,193.40162658691406,193.59988252690587,191.69659827625904,192.5689274374147,11524300
2019-11-18,195.68161010742188,196.9009137431693,191.36948630414045,192.86633617996145,16167200
2019-11-19,197.58489990234375,198.25897315059532,195.14630787716936,195.6816004492539,19056800
2019-11-20,195.7906494140625,197.85254461233583,193.72875421578917,196.8513422129747,12355400
2019-11-21,196.2069854736328,197.3568911478763,195.14630783301592,195.7014305375585,12131000
2019-11-22,197.0892333984375,197.56505065268863,195.899667573873,196.65306127955822,9959800
2019-11-25,198.05079650878906,199.22053232730747,197.51550393147346,197.78315778311097,15272300
2019-11-26,197.23794555664062,198.4076662668738,196.31603344305245,198.25897808369487,11735500
2019-11-27,200.2415771484375,201.37165277087047,197.68403439746598,198.15985173165873,12736600
2019-11-29,199.8847198486328,202.02592064301706,199.45847026623022,199.8450747047195,7985200
2019-12-02,197.96160888671875,200.42001625656496,196.32597818369993,200.37046360723087,11503400
2019-12-03,197.0892333984375,197.19826130219954,193.38178551392141,195.87985256916596,11595300
2019-12-04,196.98020935058594,198.28871070735886,196.32595110921986,198.25897307147488,8456300
2019-12-05,197.62454223632812,199.5377340396137,196.4845592072776,198.12018966216903,9740400
2019-12-06,199.29986572265625,199.81534336554887,198.31847821279635,198.75465043940073,12270600
2019-12-09,199.58731079101562,201.3716446295494,198.46715784384807,198.90331489241436,11954800
2019-12-10,199.1213836669922,200.2911194084233,198.4076501936345,199.90451503751777,9475700
2019-12-11,200.49928283691406,200.8660722022871,198.53652334826828,198.53652334826828,8036800
2019-12-12,195.03724670410156,201.8870972198478,192.41032160446758,200.58850348659635,23734800
2019-12-13,192.4202423095703,195.08682785364928,191.48842273830536,194.69030084143077,18798000
2019-12-16,196.19711303710938,197.3866640631633,193.11418484925753,193.57018722432522,14911500
2019-12-17,196.66299438476562,197.2676848781239,194.42267335863096,197.10907406407196,10175700
2019-12-18,200.7372283935547,202.52156233780065,198.3482039217021,198.3482039217021,23274400
2019-12-19,204.2662353515625,204.50415158534474,200.74713524741477,201.01478911967473,16514600
2019-12-20,204.50411987304688,205.90184916859667,201.65909351685073,205.67384047434393,27306900
2019-12-23,204.38516235351562,206.77418654233378,203.8895149347214,204.90063990433006,13348900
2019-12-24,203.33441162109375,204.98987234249637,203.21546106955543,204.5041475064081,6046300
2019-12-26,205.9811553955078,206.0109081576368,203.52274834107865,203.78049468916097,9350700
2019-12-27,206.28846740722656,207.11122883413438,204.79160248082297,206.85349761464175,10284200
2019-12-30,202.63059997558594,206.09020959561857,202.12502988140977,206.05056445389897,10524300
2019-12-31,203.46328735351562,203.77058636614925,201.8276567455159,202.22416867292173,8953500
2020-01-02,207.95382690429688,207.9637344071887,204.4743875184786,204.95020479858297,12077100
2020-01-03,206.85350036621094,208.56843626979165,205.1484719660643,205.40621831494474,11188400
2020-01-06,210.7493133544922,210.927739185822,204.72223821666302,204.9006640479928,17058900
2020-01-07,211.20526123046875,212.71203351581175,209.90666750220223,210.96736016633307,14912400
2020-01-08,213.34649658203125,214.35762164844684,210.7592162031763,211.14582062181162,13475000
2020-01-09,216.39968872070312,216.47899413112594,214.39726870391826,215.64629488466662,12642800
2020-01-10,216.16177368164062,217.96593774529924,215.52734552071945,217.2918493159677,12119400
2020-01-13,219.978271484375,220.03774676270825,217.3017780776525,217.68838251277953,14463400
2020-01-14,217.15306091308594,220.44416728003057,216.72681136156237,219.68086596283632,13288900
2020-01-15,219.224853515625,219.7502385844087,218.22365114653817,218.6895609435289,10036500
2020-01-16,219.83946228027344,220.69197645305633,218.47147055219048,220.6325011824369,10015300
2020-01-17,220.2062530517578,220.3549412394602,218.61026762459173,220.09721000545602,15905900
2020-01-21,219.5123291015625,220.4342260310125,217.2125178404662,220.2260625876987,14275800
2020-01-22,219.3933868408203,220.81093123768824,219.35372657567254,220.37475907681832,12212800
2020-01-23,217.84695434570312,219.5619053548799,217.36122954189034,218.82834170856364,11195000
2020-01-24,216.04283142089844,219.84940053253646,214.2287597834863,218.87793568264115,11905800
2020-01-27,212.99951171875,214.17915496687039,210.6501478512568,211.2449307896908,13810700
2020-01-28,215.8941192626953,216.8358615605444,211.66130074124504,214.2584886549919,13413800
2020-01-29,221.28672790527344,222.24828504500258,216.54834010118626,219.51231691731556,33181300
2020-01-30,207.70602416992188,209.58947847472322,202.96763564432172,204.7321393985765,48775500
2020-01-31,200.15237426757812,206.87335306305428,199.30976747903438,206.61560668606103,31359900
2020-02-03,202.41253662109375,203.35426388382388,200.73724558347774,201.66906534115495,15495600
2020-02-04,208.00340270996094,208.7667039889746,203.4137026585634,204.8213395474977,19628900
2020-02-05,208.2809600830078,210.87814773155097,206.89315335308982,210.6600616559983,12538200
2020-02-06,209.01454162597656,209.35157827127708,207.5176766040334,208.63784471301705,10567500
2020-02-07,210.4816436767578,210.967383613283,208.1025268892811,208.4693162805183,12242500
2020-02-10,211.20526123046875,211.93882480545525,208.82615983336527,209.6786739404196,11856400
2020-02-11,205.3863983154297,209.02444888187566,204.71230989966838,208.36028309599743,25030800
2020-02-12,208.92530822753906,209.38131053815937,205.59455674975018,206.04065155669,13813700
2020-02-13,211.28457641601562,212.46421966686736,207.3590422903707,207.69609402344153,15396600
2020-02-14,212.3155517578125,213.0590229935194,210.7988716470473,212.13712592170413,10741700
2020-02-18,215.90402221679688,216.0824480300486,211.54231578381527,211.6910190874841,15609200
2020-02-19,215.5967559814453,216.4195326503239,214.22876403488075,216.0924034837123,12135100
2020-02-20,212.71206665039062,216.86559480295082,211.09625108363406,214.63518122349623,13109200
2020-02-21,208.35032653808594,212.37499599154526,207.01208768032706,211.62160228920382,14092300
2020-02-24,198.9727020263672,201.87718865486534,196.4448971524232,200.04330227154202,23080100
2020-02-25,195.0570831298828,201.7284929361897,194.24421412884456,200.48937442921064,21433500
2020-02-26,195.4833526611328,199.4584549193443,193.78824684047552,195.47344515740704,16524500
2020-02-27,188.0982208251953,194.17486384025085,187.8503970823426,190.15020867647684,21682600
2020-02-28,190.79454040527344,191.06219427727905,180.23725522882313,181.10958449994126,32568900
2020-03-02,194.72998046875,194.85885365128047,187.2060555030283,192.34095603269014,24949000
2020-03-03,184.27178955078125,195.5229915679651,182.36850535212912,194.511866637883,27984100
2020-03-04,190.09072875976562,190.1601266720543,184.76747930991147,187.52327827239506,23062500
2020-03-05,183.55809020996094,187.34484430595603,182.28923384163906,185.15407573782906,19333400
2020-03-06,179.51358032226562,182.18016588247215,174.7256243932262,176.77761198822552,24559600
2020-03-09,168.02450561523438,173.47662821631866,163.7520265061749,168.1236411674569,29949000
2020-03-10,176.63885498046875,176.73797540293373,168.02449918050053,173.14949241413558,24517800
2020-03-11,168.75804138183594,174.34894375307698,166.2004988435292,172.49521209053785,20373900
2020-03-12,153.12530517578125,165.14971564244885,152.9964320146646,158.15116182187842,43266300
2020-03-13,168.79769897460938,169.303253942079,156.2280865595839,162.10645821675976,35028600
2020-03-16,144.7389678955078,157.7447677177131,141.8543111327493,150.99405163604348,39120400
2020-03-17,148.11924743652344,152.5999035699133,138.78125348165804,149.4277636583809,34255600
2020-03-18,145.68067932128906,146.89004496891127,135.90651273581082,138.53343770451175,37553100
2020-03-19,151.79701232910156,158.53780641212242,143.53952293884313,145.34367202253395,39862300
2020-03-20,148.4265594482422,157.88351988258455,146.71162375715974,154.66181192845772,32568400
2020-03-23,146.810791015625,150.98413436617852,141.0117093943652,148.35720874770473,29830800
2020-03-24,159.57864379882812,159.90577292075932,151.24186544509297,153.8588832945832,30440400
2020-03-25,154.85018920898438,161.5711676910729,151.72760107288883,157.53659002543301,35184300
2020-03-26,161.9181365966797,162.57239498722518,155.6531594846238,156.87244821175844,26556800
2020-03-27,155.4250946044922,158.6963702501168,153.4028600036456,156.822823808907,24879900
2020-03-30,164.50537109375,165.29840996886728,156.6840556288971,157.79430097848623,22515200
2020-03-31,165.34799194335938,169.4420295847573,162.77061915923906,164.03947541807867,23676300
2020-04-01,158.21067810058594,162.72105796616114,156.66424529203292,160.21308298396346,19507600
2020-04-02,156.8129425048828,159.94543801619128,154.56269884871304,157.71502449327173,20886300
2020-04-03,152.83786010742188,156.5354014513651,149.51703084026698,155.7820075497119,25983300
2020-04-06,164.10887145996094,164.75320708570277,157.13014698953972,158.75586999811065,28453600
2020-04-07,167.36032104492188,171.88062340287595,164.5648621453682,170.2945455005244,31411900
2020-04-08,172.7628631591797,173.4765966526272,166.2798015739834,169.75924101007092,21664200
2020-04-09,173.6649627685547,175.53850959806437,170.07647992999216,174.36877370464606,23534300
2020-04-13,173.26841735839844,173.476595928935,167.97490657571132,172.15817198476006,19355400
2020-04-14,176.6190185546875,179.65237866656275,175.08250836457879,177.4219650400709,21011800
2020-04-15,175.429443359375,176.63882423505683,171.3155759570851,173.6649398114376,17423000
2020-04-16,174.71572875976562,176.50006263186586,171.00828033251065,176.40092708998696,23593200
2020-04-17,177.67970275878906,178.71064279610266,175.1221601097714,177.64004249237715,20974800
2020-04-20,176.6884002685547,178.92872119383586,175.23119562271654,175.86562372440423,16110700
2020-04-21,169.3131561279297,173.853288160905,166.87456424632103,173.72441499563723,24850500
2020-04-22,180.69320678710938,183.1714436753745,176.58924710518065,176.8965460591723,33242000
2020-04-23,183.5184326171875,185.42171704056207,181.5556577930537,182.4775699303214,21426600
2020-04-24,188.4154510498047,188.7524877251896,179.25587965184354,181.6349816410992,28792000
2020-04-27,185.8677978515625,192.06339111328126,185.77858493882417,190.98288327866794,29197800
2020-04-28,181.3177490234375,187.55298712512695,180.97078976717316,187.01769454861898,21731000
2020-04-29,192.49954223632812,195.19586533888122,188.346014547985,189.26791146399665,45954500
2020-04-30,202.927978515625,207.86462270917676,199.81531324385696,205.118731697235,46230100
2020-05-01,200.50924682617188,205.47562940366856,197.3172756692778,199.84508098154578,30415600
2020-05-04,203.47317504882812,204.11752577558354,197.02975853702785,198.45722553825703,19250700
2020-05-05,205.26744079589844,208.54862447224508,204.70239544631238,205.21787302604636,21071200
2020-05-06,206.65521240234375,209.75796972997097,204.8609713713624,206.30825319842663,21857000
2020-05-07,209.42095947265625,209.75801124137712,207.22028353893103,209.32183905617606,15152000
2020-05-08,210.50146484375,211.3539790092418,209.0145225871451,210.3924218065606,12506000
2020-05-11,211.32421875,213.1283825511253,208.53868277495025,209.0541603075515,12911900
2020-05-12,208.2710723876953,213.40597290270924,208.17193684357613,211.43329053203627,14704600
2020-05-13,203.31459045410156,208.94513823709826,200.35061325172475,207.6068840689912,20684600
2020-05-14,205.00970458984375,205.12865514260832,198.94298438348417,200.79670108521395,17178900
2020-05-15,209.04429626464844,209.50028349808954,202.34313232555178,203.4831306610774,19383200
2020-05-18,211.3341522216797,212.7715267339531,209.103738801475,210.30319710358134,20151900
2020-05-19,214.99205017089844,218.5706254884204,210.9773026621722,211.41347485337647,31843200
2020-05-20,227.96807861328125,229.3261477219346,221.24710071828457,221.55439970264038,50162900
2020-05-21,229.375732421875,235.1351535242866,229.18738396569944,232.67674634200608,47782600
2020-05-22,232.86508178710938,233.9356820629517,226.74879424788477,229.49467014998513,33925600
2020-05-26,230.17868041992188,238.80294331192403,229.65329531550296,237.6827903232748,33178300
2020-05-27,227.14529418945312,228.55293101712496,219.20502813569777,227.0759114176311,34697600
2020-05-28,223.49734497070312,229.61363241933896,222.05004782499321,222.3474393070935,29377200
2020-05-29,223.1305694580078,225.50968633673713,220.93981615980846,223.23961250402408,23241500
2020-06-01,229.89120483398438,230.4165899230667,221.5544110604934,222.63491887570348,18223800
2020-06-02,230.6941375732422,230.9716989198073,224.58775769689183,228.929633958953,20919000
2020-06-03,228.1564178466797,230.6247322510461,226.54060246078376,230.0894397073156,15380300
2020-06-04,224.3201141357422,229.61364034721157,222.65474598001492,227.56165266323373,17041500
2020-06-05,228.76112365722656,229.3360765026521,223.34864695784768,224.73646886520714,16750400
2020-06-08,229.3856201171875,229.534323418887,225.43036338289795,227.03625618473225,15466500
2020-06-09,236.5923614501953,237.68279193428225,228.40427069337295,229.50460868151143,27462900
2020-06-10,234.6692352294922,239.11024723031758,233.23186066323433,238.86242350765383,20720700
2020-06-11,222.47628784179688,230.86264862351675,221.6039586911434,227.9383319474579,26708200
2020-06-12,226.5901641845703,229.64335394306582,222.54567963926294,227.89866543766377,22091400
2020-06-15,230.47607421875,231.73502303147188,222.84310618379425,223.13057506180579,15340300
2020-06-16,233.5986328125,236.38418413576704,230.9717074264881,235.07566763151695,15236700
2020-06-17,233.47967529296875,235.52174026803576,229.71275182999162,232.95429023145962,19578100
2020-06-18,233.8861083984375,234.08436434245675,230.12909246135095,232.94438131987675,15782500
2020-06-19,236.71128845214844,238.73353839854053,233.49950284758046,235.71999361104298,30081300
2020-06-22,237.13755798339844,238.6046701431826,234.8476692734358,236.48329974456362,18917800
2020-06-23,240.1312713623047,243.055588162307,237.7719847647225,239.17962164512457,24017900
2020-06-24,231.98284912109375,241.10275966290268,230.65450238843093,239.10033962270523,20834900
2020-06-25,233.6283721923828,235.23428019830692,230.7139779243627,232.57760203013643,18704300
2020-06-26,214.19898986816406,231.06090957453293,213.52490151453114,230.6148299237534,76343900
2020-06-29,218.7192840576172,218.82832709065084,205.30706662426687,207.9240842911167,58514300
2020-06-30,225.0933074951172,225.51955697971812,216.56816654352284,218.6697065858406,33927100
2020-07-01,235.48211669921875,236.91949134115922,225.57907477480111,226.51089444123383,43399700
2020-07-02,231.38804626464844,237.91076831095558,230.58509984175245,236.91947344299328,30633600
2020-07-06,238.18833923339844,238.30728978202592,230.2480724673563,231.7250921993472,26206200
2020-07-07,238.7633056640625,245.49419181504504,236.7410705926713,237.32593099127416,27887800
2020-07-08,241.4595947265625,244.8399137021741,234.53043847059658,236.03721083635764,29791300
2020-07-09,242.37159729003906,244.3839246791393,237.15739168530018,242.86724472826,22174900
2020-07-10,242.93666076660156,243.3530028306742,237.2367148015291,241.56866889467682,22982700
2020-07-13,236.91946411132812,247.9723954033769,236.34451129544084,244.85973024561372,24674900
2020-07-14,237.6431121826172,238.237895148075,230.01014479769046,234.6989652429233,23378100
2020-07-15,238.18833923339844,242.6888265852968,235.97775582429836,239.4472880015589,19133600
2020-07-16,238.83267211914062,239.65544869823316,234.27272467146835,235.92818533327153,18880700
2020-07-17,239.92308044433594,242.03454321929493,235.78938292259642,238.9020480052615,18152400
2020-07-20,243.28358459472656,243.90810520163038,233.58872199953782,237.97024349927685,20872200
2020-07-21,239.64553833007812,244.76062356437544,237.99007768806302,244.07662767391062,19364200
2020-07-22,237.7819061279297,239.79423359282484,236.04714002881593,238.1685105392652,15427900
2020-07-23,230.57521057128906,240.30971907894218,229.73260381650778,237.54401283404957,21771800
2020-07-24,228.70167541503906,231.4574742966432,224.92482877063276,228.18619778132597,18325800
2020-07-27,231.4673614501953,232.90473604428718,228.82060585600848,229.44512648952175,13163100
2020-07-28,228.1167755126953,232.91465428162354,227.82930664968208,232.58752515242662,14170100
2020-07-29,231.25918579101562,231.66562033942958,228.30513115753575,229.12790775824203,13588300
2020-07-30,232.4586639404297,232.8452683628402,227.00654175845798,228.21592279799037,20615300
2020-07-31,251.46177673339844,253.6228074917732,246.83243134221584,253.59306985470033,53005100
2020-08-03,249.7666778564453,253.17671971855233,248.1508622761092,250.45065865408648,23124900
2020-08-04,247.6551971435547,250.5993440932362,245.27608039961166,249.37013301923434,17183500
2020-08-05,246.95138549804688,250.07397356995327,245.61314643233848,248.01207832234056,13050100
2020-08-06,262.9707336425781,264.27925028936903,246.50532325955945,246.87209756542,45241600
2020-08-07,266.10321044921875,276.46225445247427,261.13681322492374,261.78114887182363,72766400
2020-08-10,260.71063232421875,271.47608345744163,257.42944769877164,265.7067685016562,30248800
2020-08-11,253.90036010742188,263.60514536343936,252.9090652365863,257.9250148628608,28238300
2020-08-12,257.6275939941406,261.6026651681457,255.86306038705558,256.7155895596873,21415700
2020-08-13,259.0252990722656,262.85171243482586,257.31037856234894,259.27312275306645,17374000
2020-08-14,258.9659118652344,260.36364153045093,256.42819893108816,260.0266048401889,14792700
2020-08-17,258.88653564453125,261.80094457457125,257.14184723691153,260.2148669541819,13351100
2020-08-18,260.0563049316406,262.8418412286436,257.00312989770174,258.67842072781787,18690400
2020-08-19,260.3041076660156,265.57780346029676,259.07491174852066,259.11457201254495,23291500
2020-08-20,266.6681823730469,267.2827802131964,259.18388964538633,259.22354990175745,20299700
2020-08-21,264.6856384277344,268.1353250252356,264.10077811668583,266.3510064576947,15538600
2020-08-24,269.0274658203125,274.8364378671184,266.43024846204554,268.71024427629203,23685600
2020-08-25,278.37542724609375,280.6256556665897,267.9073560424017,270.03863392111543,42127200
2020-08-26,301.2644348144531,302.01782861437897,281.5277498480447,281.5277498480447,69015200
2020-08-27,290.66748046875,298.60776198914965,289.4779145343069,297.547069226995,30301300
2020-08-28,291.10369873046875,294.6426292065805,288.44703534164665,292.43203042487977,17157400
2020-08-31,290.6476745605469,294.2956325042199,289.0120137865058,291.39114572986756,17345100
2020-09-01,292.8681945800781,298.8655171752459,290.16194836378156,292.14453834590944,17295900
2020-09-02,299.86663818359375,300.9570683728257,290.49889143544044,296.27815631241344,24341400
2020-09-03,288.58575439453125,295.00935596893214,281.1609655842515,293.413355515593,32294100
2020-09-04,280.268798828125,286.48420653598356,268.77969535194666,284.7494405794508,30333700
2020-09-08,268.79949951171875,276.86862339008695,267.07465625372083,268.9184500464888,24864000
2020-09-09,271.3372497558594,276.05582330859846,268.98788560941557,273.3693922638843,22918800
2020-09-10,265.7561950683594,276.72983476417016,264.70542509632884,273.11161512448666,24814700
2020-09-11,264.28912353515625,269.0275422844676,260.3537117530146,267.7091031026115,18913900
2020-09-14,263.8330993652344,274.2318021676468,263.3870348658596,268.59133245530916,24093800
2020-09-15,270.048583984375,272.1302791808794,266.95571832424275,268.3138178193406,18478500
2020-09-16,261.22601318359375,270.0683767325323,259.51109242016884,264.9632142037472,29183400
2020-09-17,252.60179138183594,259.22363451746133,248.01209083286366,256.03166350567807,31281400
2020-09-18,250.33168029785156,256.9436300742948,247.87327337349672,256.1505760652015,28130800
2020-09-21,245.9898223876953,247.7741562256559,242.0048277965363,245.38513189610754,24709400
2020-09-22,252.5323486328125,253.0973939255421,246.0591948416241,251.10488171008313,30293100
2020-09-23,246.8522491455078,255.74415008323095,245.9898123355929,253.03791936305436,19641300
2020-09-24,247.35781860351562,250.04423447504365,243.4818518607491,244.35419622510534,20006800
2020-09-25,252.60179138183594,253.52368844298562,244.46325302703133,247.2289593364411,18351300
2020-09-28,254.58433532714844,257.34013363434224,252.60174574637833,257.14186257549875,18826300
2020-09-29,259.5110778808594,261.0376501133525,254.66363171848434,255.56571362963953,20200200
2020-09-30,259.6201171875,263.76372243232544,257.8357985443643,259.69943771719215,20142500
2020-10-01,264.3089294433594,265.994112401707,262.4948430726516,263.04007334746177,20009800
2020-10-02,257.67724609375,262.8418850016038,256.92385215064286,258.93617995748286,16367600
2020-10-05,262.34619140625,262.56427749613204,258.5693602261399,259.91753703229796,12822300
2020-10-06,256.40838623046875,263.377189356894,255.9920289905563,259.50122200607643,18696900
2020-10-07,255.87301635742188,257.9150812844997,252.60175552330386,256.9535240905326,23133400
2020-10-08,261.4639892578125,262.3164884707243,256.89410339543934,257.48888646943016,16312800
2020-10-09,262.14788818359375,262.44526448451086,259.8877375408858,262.21725581919935,14107800
2020-10-12,273.3495788574219,277.74100816754435,265.5381699141355,267.8479040582493,31019300
2020-10-13,273.7361755371094,276.67039983476207,271.01011468828443,275.16361229527485,18063300
2020-10-14,269.4537658691406,276.32343172750234,269.1365442655314,275.20326373795046,15577800
2020-10-15,264.398193359375,266.6980049306729,261.37475582736255,265.2705377658619,15416100
2020-10-16,263.6150207519531,269.00766692191854,262.99050018326744,265.0524103227984,16622700
2020-10-19,259.12445068359375,266.212202344182,257.6176935014616,263.21850298492296,13587000
2020-10-20,265.23089599609375,267.3522818827323,260.5916425128417,260.7700683579075,18763200
2020-10-21,276.3036804199219,280.5860520482215,273.96420836886614,277.126442001298,28998600
2020-10-22,275.6989440917969,279.99126812648683,272.6457689850134,277.4337102381768,16720000
2020-10-23,282.31085205078125,282.75691655566266,274.4102313549974,276.37297568030806,17535200
2020-10-26,274.6977233886719,282.7470636277034,271.8725570411759,280.6950758632085,21322900
2020-10-27,280.82391357421875,282.0332944455136,273.90466494967404,276.3333493209198,16287200
2020-10-28,265.3399353027344,276.3631304196497,264.93350073882925,276.3631304196497,23121800
2020-10-29,278.3853454589844,281.13125181160507,271.3967282134318,274.14260431413163,32368100
2020-10-30,260.8196105957031,274.29133614687277,256.84453825257276,272.11047506561437,47247800
2020-11-02,259.0848388671875,268.11555177589446,255.09984397803464,262.29665514165265,27165700
2020-11-03,262.9905700683594,267.6992216526163,258.60906279840236,260.8692143487687,17961900
2020-11-04,284.8782958984375,286.42471331978567,276.1945440309318,278.5538304242982,35364400
2020-11-05,292.1147155761719,294.79122337280705,286.4346162939396,289.35891751420473,23823600
2020-11-06,290.8558044433594,292.03544764933326,285.5523713306735,291.3911120940161,13891000
2020-11-09,276.3432922363281,290.03307356687975,276.1053911204067,287.34667262652647,25117700
2020-11-10,270.05841064453125,271.61475060003454,261.7018034978435,270.7225914112201,29067700
2020-11-11,274.0732421875,275.976511574874,270.10806233656234,271.0894346690546,14957000
2020-11-12,272.6853942871094,277.3147548914051,272.04105863712016,274.7671196771608,12899500
2020-11-13,274.53912353515625,275.34206995147815,270.72263227436497,275.3024096865472,10391200
2020-11-16,276.5316467285156,276.9777415825095,272.23935265833245,272.65567962026546,12970400
2020-11-17,272.6061096191406,275.26277280878617,270.91100373531947,275.26277280878617,15040300
2020-11-18,269.60247802734375,274.9753097532695,269.4736048486675,272.13026794843125,12152900
2020-11-19,270.56402587890625,271.08941095311593,266.8466700938607,268.66072640611867,12963700
2020-11-20,267.3522033691406,270.62346390903343,267.0647194241224,270.18729180345906,18114700
2020-11-23,266.09326171875,268.5913440305697,262.22721796464464,268.53186876142325,20990800
2020-11-24,274.5093688964844,275.4015281647024,265.53813281939904,266.15273075412887,16930400
2020-11-25,273.1909484863281,277.74098829096494,270.2765391601814,275.7187685457387,12467000
2020-11-27,275.39166259765625,276.7001792631914,272.42770021677893,274.97533563711863,7808400
2020-11-30,274.5589599609375,275.28261615577065,268.65085060588,273.62714029983425,16693300
2020-12-01,284.0555419921875,286.7816029719664,276.53161731822826,276.7298883993437,20738900
2020-12-02,285.01708984375,289.24001566629744,278.3853247499967,282.8758892964831,17361600
2020-12-03,279.396484375,284.15468797747155,278.62327553330033,283.7581760525857,12921700
2020-12-04,277.2651672363281,280.99241510731923,276.8686251154019,277.8599199138845,10880300
2020-12-07,283.0939636230469,285.9786352022847,275.7782332052152,276.759605404161,13007700
2020-12-08,280.9329833984375,283.93660589347684,279.09908168651367,283.5202789546356,10747700
2020-12-09,275.5007019042969,285.1261672616319,269.38439883876845,281.190725155916,25189700
2020-12-10,274.7076416015625,276.30364214337,269.4934206756961,273.1414089490046,20065100
2020-12-11,271.168701171875,274.0732181494011,267.897440182532,272.140181040841,14391400
2020-12-14,271.8031311035156,274.806753220003,269.19602086754435,270.9902620847114,16376900
2020-12-15,273.15130615234375,273.6766912557278,265.1416564202378,272.43757259190494,23979500
2020-12-16,273.270263671875,275.44117155415506,270.1377683264025,272.36818173124277,15885000
2020-12-17,272.09063720703125,277.99874638748975,271.2281852255585,274.65808738822363,16377800
2020-12-18,273.9938659667969,275.57994363522437,268.77967609377816,273.36934542688545,26693200
2020-12-21,270.41534423828125,272.27898349056596,265.4588697383409,270.60369268943253,16553700
2020-12-22,264.76495361328125,269.1365677921802,262.32637660769075,269.1365677921802,17312900
2020-12-23,265.7760925292969,269.80077813072745,263.91248330865534,264.56674165021036,14329000
2020-12-24,265.072265625,268.04615049794745,263.8827298269738,266.5393930530124,6702000
2020-12-28,274.5886535644531,274.8860298971501,263.34737440977,266.400549015817,23299700
2020-12-29,274.3705749511719,278.0681154649613,273.8749275486116,274.53910837888566,16383000
2020-12-30,269.50335693359375,275.6592901874679,269.34474610917545,275.53044725380437,11803800
2020-12-31,270.7821044921875,274.6778859869896,267.46126069876846,269.63219883750327,12900400
2021-01-04,266.5987854003906,272.60602855493926,262.89135309265527,272.3879425220188,15106100
2021-01-05,268.6111755371094,270.0287199587083,265.8751919806323,265.9545125123116,9871600
2021-01-06,261.017822265625,265.41917344429424,257.7465616404671,259.7192285430629,24354100
2021-01-07,266.40057373046875,269.24558516756673,262.4750545151092,263.5852999293993,15789800
2021-01-08,265.24078369140625,266.6087754939091,260.88898455886226,265.97433223689694,18528300
2021-01-11,254.6041717529297,261.17646160643693,253.67235215141747,258.21249961443124,30412300
2021-01-12,248.90420532226562,257.4590842047883,248.1210890931738,254.39598693230127,26383500
2021-01-13,249.44943237304688,251.73932102815726,247.03067054871875,249.36021946787713,19528900
2021-01-14,243.5016632080078,252.80992112440126,242.48063073575494,251.19410569943693,29739400
2021-01-15,249.17185974121094,251.6500967233896,245.00842463634237,245.74197310245407,24942900
2021-01-19,258.8271179199219,259.9175484170947,250.52006138498896,254.6636670223244,28028500
2021-01-20,265.15155029296875,267.9668239616114,261.3053215373007,266.58890963596116,25199900
2021-01-21,270.4946594238281,271.2183156581373,265.1614875305611,266.91609902631524,20838700
2021-01-22,272.1104431152344,276.045884978016,269.6322059283925,269.6421285577539,21954000
2021-01-25,275.58990478515625,277.6617074955917,269.1464879361957,275.7187779624426,19087000
2021-01-26,279.59466552734375,282.90561653576077,275.39158556731394,275.7187297681529,19373600
2021-01-27,269.77099609375,280.9825384725556,265.78597141936456,280.0705338960137,35346200
2021-01-28,262.6931457519531,284.2934698675285,262.39576938583184,274.76711024718605,37758800
2021-01-29,256.0812072753906,264.23957548201406,252.63152026244686,262.9905341831644,30389500
2021-02-01,259.72918701171875,261.870387630748,252.69098715556086,257.2608421338814,22914300
2021-02-02,264.7550048828125,266.5096160599849,260.97817407203195,261.70183017494816,17320800
2021-02-03,264.3288269042969,266.85664750823435,261.5432901509926,263.30779418246567,14223400
2021-02-04,264.170166015625,265.82564179565304,261.70185141583977,264.6856587205512,16060000
2021-02-05,265.76617431640625,266.8268671421213,263.35733491932723,264.4774727682164,12454400
2021-02-08,264.25933837890625,267.510783914806,262.6931060011381,266.41046127473913,13755200
2021-02-09,267.10443115234375,271.01013559908193,263.43662780833625,264.12062373060746,14613400
2021-02-10,269.50335693359375,271.41654895302236,265.3894888847332,270.0783249536004,14687200
2021-02-11,268.0362548828125,271.1984579277582,266.1527702844874,269.5231973013296,12828600
2021-02-12,268.145263671875,268.8193369263752,266.0040631117695,268.1650786786831,9097600
2021-02-16,271.5850524902344,274.1921627978071,267.6991633498535,268.44263449070877,15417200
2021-02-17,271.18853759765625,271.58504948467396,267.23325060077394,268.8788036712196,12763200
2021-02-18,267.0448913574219,269.58260334649503,263.71412546431765,267.2233171413614,15249100
2021-02-19,259.28314208984375,267.9173138788324,257.885412378564,267.51087926049496,25622600
2021-02-22,258.06378173828125,260.779950269616,255.2881681864634,255.7045253451955,17434900
2021-02-23,263.5456237792969,265.131701526364,252.74053152198047,257.24100330589897,21924600
2021-02-24,262.0091552734375,264.0611429978449,256.14070634660726,260.04638046071045,15736100
2021-02-25,252.47288513183594,264.6162469176073,251.828534410485,260.0166243406885,19053100
2021-02-26,255.37738037109375,263.23834145442027,254.2373973173974,254.2373973173974,26619500
2021-03-01,262.6039123535156,264.3287556462838,255.65492603876146,258.54952020148664,22157300
2021-03-02,256.745361328125,264.3882360075489,256.3984020867575,263.46633907482317,15191700
2021-03-03,253.18666076660156,258.71807358167445,252.87936173531543,258.02418522957663,15513500
2021-03-04,255.3971710205078,264.17010457018654,251.2931966024144,254.2373429561168,31626500
2021-03-05,261.97943115234375,263.13925956786613,253.38490565331423,258.4008708631088,26820100
2021-03-08,253.08750915527344,263.2680973162432,252.82977791576698,263.23835967806787,18391800
2021-03-09,263.42669677734375,266.19241801606705,257.5483252867858,258.9063944580968,22039700
2021-03-10,262.593994140625,266.62857135494477,260.58166684791667,266.3014573722322,14210300
2021-03-11,271.4958190917969,275.4808132153141,265.4885751472502,265.77602885197024,21834000
2021-03-12,266.06353759765625,267.3918690959222,261.72166121793634,266.79711637424987,20600200
2021-03-15,271.36700439453125,273.5577578590137,266.1627056801156,266.7376434653385,16844800
2021-03-16,276.84881591796875,279.68393483210156,272.4078042369118,273.6766603955113,22437700
2021-03-17,281.5376892089844,283.7383652141493,273.01254656501544,273.30992295006973,21315000
2021-03-18,276.1946105957031,282.707426065965,275.8575739228392,277.43372935708067,18728300
2021-03-19,287.58453369140625,290.2511192513727,278.7521232217431,278.7719382280029,38930500
2021-03-22,290.9847106933594,297.1009832280453,284.25380991481296,287.9216131112557,28273100
2021-03-23,288.1000061035156,295.4058437753718,287.2871371252847,290.5980580528056,23000900
2021-03-24,279.6839294433594,289.1805203182288,278.71244964849427,288.4667868520234,18675000
2021-03-25,276.31353759765625,285.5524135552309,275.33216530293356,278.53405880002805,24505600
2021-03-26,280.5562744140625,282.0234017709081,275.3519761388524,275.87736123084443,17629200
2021-03-29,288.28839111328125,290.62783256475734,282.2216711438117,283.2823336991601,21718800
2021-03-30,285.4929504394531,289.9240401511423,284.204279083377,287.3070069178583,17474500
2021-03-31,291.966064453125,293.91891647417685,286.09758576107686,287.46557746389414,19498200
2021-04-01,296.06011962890625,299.7675526384254,294.0180546849759,295.8023732906898,17616000
2021-04-05,306.2208557128906,308.0646493719393,298.06248927320576,298.27068294587053,28237000
2021-04-06,303.5940246582031,308.6397127155447,302.5928070002894,306.151552517089,17335200
2021-04-07,310.3645324707031,311.5144382436948,302.84060742545347,303.6732915537741,22855200
2021-04-08,310.2950439453125,313.13016240722175,307.3508975915937,312.1091301163044,20894100
2021-04-09,309.739990234375,312.00014135434753,307.62852729625877,308.68922008003193,15988600
2021-04-12,308.8280029296875,309.43267826117784,305.249412826226,308.3422478867747,10881900
2021-04-13,307.0634765625,311.69280618114584,306.62730444507133,309.4921305893615,14036900
2021-04-14,300.1839294433594,305.3485674115409,299.32150771904355,304.62491124248805,17421400
2021-04-15,305.1403503417969,307.44016137052574,301.45273274466757,303.6732232541082,14558300
2021-04-16,303.5146179199219,306.26052372621126,301.958277909011,305.48731503478973,13059200
2021-04-19,299.60894775390625,305.02143945188504,297.9435796554135,302.3548538676935,14553500
2021-04-20,300.0153503417969,302.4440345825293,294.6227044761672,299.3610921759027,16796400
2021-04-21,298.8456726074219,299.3512426834739,294.80120275476366,299.3215050467602,14863500
2021-04-22,293.9387512207031,300.2830627469146,293.46294903258087,298.7068772430014,16375400
2021-04-23,298.5086669921875,299.95594921584023,294.5633020173308,296.1593026919247,17536800
2021-04-26,300.4020080566406,303.1379613464025,298.9348807476967,300.6993844190325,16172600
2021-04-27,300.92742919921875,302.68201045146435,298.48882172764996,301.63124017584755,15309300
2021-04-28,304.4266357421875,308.21338909650177,302.71168486658456,304.6843518160159,33907200
2021-04-29,326.6415710449219,328.9215370666334,318.8103176400919,327.24624637387615,56526800
2021-04-30,322.2501220703125,326.94888031144205,321.67518435826673,323.30092246115237,26332400
2021-05-03,319.77191162109375,325.6899436819477,319.0383630387981,323.3306871128496,18719500
2021-05-04,315.588623046875,319.3852993731885,310.3942475633502,317.2341761756683,24032600
2021-05-05,312.2777099609375,318.265139655346,311.75232487156865,315.4201281194098,15577600
2021-05-06,317.2341613769531,317.45224745015986,310.54292125818995,311.78203979870165,19012200
2021-05-07,316.3023986816406,320.1288131536804,315.9752846389781,319.57369036788026,15916700
2021-05-10,303.3065490722656,311.8415849716232,302.17645818907476,311.61360647029204,24239200
2021-05-11,303.86163330078125,304.16893230854123,297.0811796183367,298.13194982266197,18920100
2021-05-12,299.9162902832031,302.30531486450104,295.59425860219534,298.508668323651,24645500
2021-05-13,302.6026611328125,306.17129822076333,300.1343165029494,303.4154998795162,18079200
2021-05-14,313.1896667480469,314.09174860369416,306.3893690100581,306.8453863779117,19245700
2021-05-17,312.7138366699219,312.9319227273037,308.8676081589599,310.82046004717864,15401300
2021-05-18,307.2617492675781,313.7448261843899,307.1130610875427,312.8427442229503,14522400
2021-05-19,310.8601989746094,311.92089189720036,300.9274338517154,301.54203191843607,19106200
2021-05-20,315.83642578125,316.470868982354,310.43388720270923,310.85021408300645,17320200
2021-05-21,313.4772033691406,317.14497642113264,313.0608461919929,316.5105634034792,13600900
2021-05-24,321.8040771484375,323.1125937131732,315.2615245766794,315.439950403165,16445400
2021-05-25,324.9366149902344,326.3144993875548,321.9726222004509,324.23277371884313,16437000
2021-05-26,324.8076477050781,326.9587404131613,322.98366895998686,325.4916435159768,9686900
2021-05-27,329.8533935546875,330.8744261398363,323.91554650384444,325.14474255728777,20477700
2021-05-28,325.8684387207031,329.9723845728138,325.4718964918096,328.11866763524284,12037400
2021-06-01,326.264892578125,328.5349663508822,323.7965779781596,327.2760024770691,11765900
2021-06-02,326.28472900390625,328.98105249667384,324.2724014515337,327.50403269155,11654300
2021-06-03,323.20184326171875,324.53017498488066,320.66413037986854,322.9440968707433,12610800
2021-06-04,327.4742736816406,329.5658913832166,322.3492657782319,323.06299931067736,13289400
2021-06-07,333.6500244140625,334.7503774849937,326.0666244730163,326.61185481963037,20136700
2021-06-08,330.7752685546875,335.3550460635353,329.347801506226,333.7689984558394,14580500
2021-06-09,327.3751525878906,333.8681223174045,327.1273288539104,332.817352105482,13727900
2021-06-10,329.5658874511719,331.03301476478316,325.6899208387667,327.91044194205926,13240200
2021-06-11,328.37628173828125,329.93259137718013,326.066548218407,329.6847677099266,13587900
2021-06-14,333.8384094238281,333.8879923254517,326.9390046289656,329.010807568374,12250800
2021-06-15,333.81854248046875,336.9609604822202,332.11351411948954,334.05644356509714,15795200
2021-06-16,328.1978759765625,334.6115546775463,325.858434720274,333.7689782813565,17232200
2021-06-17,333.5806579589844,335.0378626785236,327.2760066360262,327.61304327329054,17794100
2021-06-18,326.7903137207031,333.2238085977751,326.1360553896907,331.6179155361639,23039500
2021-06-21,329.3973388671875,330.0218593960487,324.79771673532474,328.20777307393615,11337500
2021-06-22,336.0787353515625,336.9610024033521,329.7047159002539,329.7939288180885,15345300
2021-06-23,337.6251525878906,340.4305343138909,335.25597332384814,336.3959564970195,14817800
2021-06-24,340.19256591796875,341.8975943029009,338.8146817809146,338.87415705290726,12329100
2021-06-25,338.3983154296875,341.1243762456423,336.72302472627456,339.60769634720594,14594400
2021-06-28,352.54412841796875,355.0223656374678,338.79484291257626,339.4788388053115,29156100
2021-06-29,348.8267822265625,353.6345383636902,346.0114780457379,353.1686285434748,21417300
2021-06-30,344.6831359863281,349.8478041184627,344.1478585298199,349.1043329547267,15107500
2021-07-01,351.3049621582031,351.5825234790626,343.4836320334063,343.80085361493576,17137000
2021-07-02,351.6123046875,353.33714809146704,349.5503944039377,352.00881658759465,11521300
2021-07-06,349.70904541015625,355.6667379814897,346.14037739528163,353.39666398353967,13488500
2021-07-07,347.43890380859375,353.3866725921118,346.953179038553,352.1673993527171,14218900
2021-07-08,342.6410827636719,345.29774588660945,339.5779850936406,342.72040329828144,14406500
2021-07-09,347.3695373535156,347.65699106432334,342.2643449286511,342.31392781983334,13018700
2021-07-12,350.0857238769531,351.106756452849,346.59637658645624,348.17253190738757,10018600
2021-07-13,349.0250244140625,355.36930584552533,345.76365565988795,348.44016404206013,11456000
2021-07-14,344.60382080078125,352.1079297982053,343.711661519161,351.47348659674924,13894200
2021-07-15,341.46142578125,346.1899217185131,337.25834517205516,346.1899217185131,14781600
2021-07-16,338.190185546875,342.9781267988666,337.17907559820964,341.9075415739222,11026100
2021-07-19,334.0168151855469,336.8320889577822,331.627790942661,334.6314131584542,14372300
2021-07-20,338.6858215332031,340.460247887152,331.5881463693273,335.8507023683744,11024300
2021-07-21,343.2160339355469,343.50348766663694,338.27937458931103,338.5271983069589,9279700
2021-07-22,348.13287353515625,348.479832815673,342.2049188839143,343.6621236605478,12385400
2021-07-23,366.5709228515625,372.0626744163268,354.080601970597,357.7682199401789,33694300
2021-07-26,369.2176818847656,371.1804566344037,365.0146012815734,366.3627477950808,14925200
2021-07-27,364.6081237792969,369.90163417507245,361.37649317644093,368.6724383515193,15705400
2021-07-28,370.030517578125,374.2633354358964,363.73578961843754,371.2993736977979,29676900
2021-07-29,355.2007751464844,362.3380798597548,353.6345123546069,357.8574380633364,33413200
2021-07-30,353.1983337402344,357.58979280263065,349.867597652045,350.91836774547977,15976200
2021-08-02,348.8862609863281,356.2713900270993,347.6867723455861,354.9827187252499,13180400
2021-08-03,348.182373046875,350.69034766045326,344.6732112647218,349.6594228581962,12406100
2021-08-04,355.7955627441406,357.3419802981205,348.450064236777,349.3521461852516,14180600
2021-08-05,359.810302734375,360.73219970957473,353.79313557019657,356.5093041046294,10247200
2021-08-06,360.3456115722656,361.9713194447513,358.25396364410295,358.25396364410295,8925000
2021-08-09,358.46209716796875,362.59580978398236,357.6095981631221,360.59340518391826,7798900
2021-08-10,357.9863586425781,360.93050592413266,355.91455577806516,358.6802469729181,7469900
2021-08-11,356.82647705078125,359.2055785824935,354.6951992255373,358.9478624990702,8400300
2021-08-12,359.4930725097656,359.8400317588148,354.00129055177996,355.32965227693023,7170700
2021-08-13,360.01849365234375,361.48562107299557,358.33331038394755,359.81033018281977,7195700
2021-08-16,363.36907958984375,363.75569914673264,354.2689990806307,359.36423946467784,11222100
2021-08-17,355.32965087890625,361.4955060524368,351.9790694475264,359.82021533674686,12328700
2021-08-18,352.35577392578125,356.72735768431033,352.05836731339076,353.1487977216519,10042400
2021-08-19,352.0285949707031,354.45727926547977,347.9444653459799,348.2914245669359,12004500
2021-08-20,356.24163818359375,356.85623617233426,350.23439359725023,351.5131724701607,8697700
2021-08-23,360.18701171875,362.50663817869156,355.97400834984796,356.31104498912975,10942000
2021-08-24,362.3282470703125,364.75690168216056,358.6901810899904,360.4943452601103,9235100
2021-08-25,365.18316650390625,367.63163602444916,362.21917398865673,362.4174450823312,9684500
2021-08-26,361.2080993652344,366.22404995648645,360.9602755998487,365.1732796114052,7888700
2021-08-27,369.38623046875,370.48655330780355,360.9106407610319,361.9217809395353,11219100
2021-08-30,377.3462829589844,378.1690443337999,367.2945391457995,369.3167890124131,13547300
2021-08-31,376.07745361328125,379.4280351230296,375.5024856460896,376.6424989511328,12345400
2021-09-01,378.7242126464844,380.984363857357,375.5124267815391,376.28563561020815,11567200
2021-09-02,372.0131530761719,378.42683236190425,370.80377207439494,378.1790086340969,14832900
2021-09-03,372.9845886230469,373.8767478866704,369.8619858224901,371.48772380448895,7509600
2021-09-07,378.85302734375,379.62623605306027,369.90163679477064,372.60788240331436,10793800
2021-09-08,374.283203125,377.5544640235521,371.5274046568623,376.85065315181134,11067200
2021-09-09,374.70947265625,376.5235290146142,373.29192820798465,374.3526210127369,9098900
2021-09-10,375.39349365234375,380.4491040368382,374.96724407679176,378.04023427441945,11549600
2021-09-13,373.2324523925781,378.4268279867525,371.0912517788471,378.35743008330803,13026300
2021-09-14,373.2522277832031,375.2942926398303,371.84457586409377,374.1146494141582,8711600
2021-09-15,370.66497802734375,374.2732754958761,364.46938530837144,373.71815280840957,17940300
2021-09-16,369.8124694824219,370.30811692774245,366.4916255483903,369.5448307526397,11934200
2021-09-17,361.54510498046875,368.176870792331,358.44234686421987,368.176870792331,26299000
2021-09-20,352.6036071777344,357.88719567110746,346.7549430803481,356.17224460756535,19822800
2021-09-21,354.36810302734375,356.90581548877753,352.0980292916366,355.37921290978545,11751900
2021-09-22,340.2223205566406,346.7946107075454,337.7242682523536,344.207345490811,43692900
2021-09-23,342.9483337402344,346.6260591567218,340.01410966092726,342.35355082163966,21806300
2021-09-24,349.8874206542969,351.2653350122628,339.38961185696587,340.2520335333708,18801900
2021-09-27,350.50201416015625,352.0583543102863,344.0585977379562,346.7648435259705,15205800
2021-09-28,337.6846618652344,346.55676490346156,335.96974074358354,344.9409490879519,21710300
2021-09-29,336.6535949707031,342.2246968681128,335.92996916562356,340.162786850445,14452200
2021-09-30,336.4355773925781,339.8158662468685,335.2063511936451,337.4863475250749,16547100
2021-10-01,340.0240478515625,342.0165298799602,335.69209430346353,338.63621089401767,14905300
2021-10-04,323.3901672363281,333.01563287337103,319.8908972208889,332.6091983075989,42885000
2021-10-05,330.0614929199219,332.262168484536,323.32070069147386,325.71961705579815,35377900
2021-10-06,330.73565673828125,331.46920530979725,322.96387782374825,326.86958228902955,26443000
2021-10-07,326.3541259765625,335.890378594045,326.11622486820954,334.06639950885625,28307500
2021-10-08,327.1769104003906,330.4977547794494,325.8485786991518,328.6242229160633,15946100
2021-10-11,322.616943359375,327.58331033025894,322.4781475498492,324.77795902146374,14708200
2021-10-12,320.9515380859375,321.5562437044352,314.60725679206337,320.21798954237187,31658700
2021-10-13,321.7148742675781,324.15345139468826,319.85123490549086,324.12371375601333,14761500
2021-10-14,325.6700744628906,327.64274140416654,324.252530180988,325.50154103861985,14302200
2021-10-15,321.9329528808594,326.20543163201086,319.70253927634974,325.8188120863073,21596400
2021-10-18,332.42083740234375,332.96606776369435,324.64908879992856,326.0864785457651,21585000
2021-10-19,337.0302734375,339.4787725425197,334.34387328645835,336.69323687166457,18786300
2021-10-20,337.8135070800781,340.9856631638522,336.4950980479875,340.46027802674394,13639500
2021-10-21,338.9039306640625,339.3301802425629,334.8594302277221,337.317852654751,16354400
2021-10-22,321.7841796875,326.7604987774042,318.3146480041585,323.5090531528066,35224500
2021-10-25,325.8287353515625,326.69115710668046,316.93681855417015,317.5117563069419,38409000
2021-10-26,313.0608215332031,327.3354612031208,306.9048890368602,325.4024544129807,65654000
2021-10-27,309.5020751953125,316.47087668883006,309.3434643911741,311.4549272341347,29971800
2021-10-28,314.16119384765625,322.68630580861134,305.42785792385024,310.2653818889196,50806800
2021-10-29,320.7532958984375,323.1621352287927,316.81785396180146,317.4027143186417,37059400
2021-11-01,327.1075134277344,330.5473080610597,323.16214869712104,323.20180896504496,31518900
2021-11-02,325.2239990234375,331.875609206315,320.9812583023062,328.4952901589308,28353000
2021-11-03,328.73321533203125,329.2586004276397,320.3865290771259,324.63916248704476,20786500
2021-11-04,332.9263610839844,334.33398274391686,329.7542056570082,331.10238230164373,22495300
2021-11-05,338.160400390625,343.7711325959284,336.6833808173762,337.3475313931403,26872800
2021-11-08,335.67230224609375,341.7886056010098,335.39474086097783,341.42183129766966,18342500
2021-11-09,332.4505615234375,338.33885557432916,331.55840217522467,337.04026169208083,17556700
2021-11-10,324.7878723144531,330.2895468537602,322.67640935822544,329.59562832992003,21872600
2021-11-11,324.8869934082031,329.5659067272054,324.15344483445233,326.94890382100857,12376600
2021-11-12,337.9225158691406,338.88404283160503,326.9092143568686,327.30572624640484,25414300
2021-11-15,344.5343933105469,350.5713745750115,340.212362816545,341.3424230756894,25076600
2021-11-16,339.9744873046875,343.6323678721777,337.9026846129846,340.83690901944357,18181100
2021-11-17,337.8034973144531,344.276650749972,337.13934678040295,341.2432912688201,13602800
2021-11-18,335.7416687011719,339.4788395456353,332.3811645032816,336.7627012277553,17487200
2021-11-19,342.29412841796875,349.0349521165506,336.94114182774706,339.2211383258241,26488500
2021-11-22,338.04150390625,350.74988229883314,337.5458564263731,346.011493601287,27116800
2021-11-23,334.3141784667969,338.42804592460385,330.5968228871068,335.97954650603793,17225000
2021-11-24,338.0910339355469,338.80476746889843,329.91285106468973,333.0750841949081,13566200
2021-11-26,330.2201232910156,334.8098231158565,329.0107424089883,332.8767861295948,14750700
2021-11-29,335.0874328613281,337.70446606683015,332.3911093701691,333.95737234216773,16650900
2021-11-30,321.635498046875,332.88669992716825,320.61446562657216,332.08375357003285,25390000
2021-12-01,307.89617919921875,327.62294019861577,307.5888802231193,327.414776755562,30329600
2021-12-02,307.6880187988281,311.8613615896398,304.52578585047945,308.6892060123132,24396200
2021-12-03,304.1689147949219,311.0187659884353,296.89281406704816,310.9989509816925,27471000
2021-12-06,315.1029052734375,317.3135037928877,303.6732762774191,305.4477026203686,21758300
2021-12-07,319.9998779296875,323.6974184932654,318.20563672841274,318.7706820353999,18794000
2021-12-08,327.68243408203125,329.85337229580705,320.25764508948055,322.1708369530798,19937700
2021-12-09,326.9488525390625,333.20392019867387,325.1446887738211,326.67129120994196,16879200
2021-12-10,326.8794860839844,332.1135218307641,323.5289045553866,329.66502227155183,14528000
2021-12-13,331.5782165527344,338.120768847072,326.72087766442525,328.0690544396318,22948700
2021-12-14,330.8347473144531,332.7777070826221,324.7977650571663,325.19427696326966,20461000
2021-12-15,338.6858215332031,339.1318860901714,321.1597348390758,329.59563392577627,24681300
2021-12-16,331.9846496582031,341.46142630217054,330.8347439657992,336.0291497145093,22635000
2021-12-17,330.88433837890625,334.17541450753987,327.87079336466917,329.90293584106695,40012600
2021-12-20,322.616943359375,327.02818759599614,319.722348886216,326.90923704607127,17901800
2021-12-21,331.290771484375,333.0750902240933,320.9317275596732,323.56857565417766,16116800
2021-12-22,327.5734558105469,331.59811122504783,325.4025172677589,330.8942699701148,16764600
2021-12-23,332.3216247558594,333.7391991649372,325.5015123957975,327.2263857409903,13987700
2021-12-27,343.16644287109375,344.841733582663,335.06758091224634,335.90026495348917,17795000
2021-12-28,343.2060852050781,349.63957874532895,342.1949754046615,343.6125197013411,16637600
2021-12-29,339.9546203613281,346.6458598525013,338.665949300831,343.89006168695397,10747000
2021-12-30,341.3622741699219,344.2073157522339,340.2322137913024,341.0054225509634,10593300
2021-12-31,333.4220275878906,340.4503044176008,333.3427070591163,340.03394727133025,12870500
2022-01-03,335.5929870605469,338.1108543487535,334.2547328826255,335.3550557110125,14537900
2022-01-04,333.6004638671875,340.103355842502,328.9810261084693,336.9907056585959,15998000
2022-01-05,321.34808349609375,332.8371878445383,321.0209392355223,330.1210192265055,20564500
2022-01-06,329.5658874511719,336.2174978797131,319.9106849971609,320.0098205355799,27962800
2022-01-07,328.9017028808594,334.06634020398093,326.01703144649423,329.84341476886055,14722000
2022-01-10,325.21417236328125,325.4818111344832,312.68418848551426,322.4781883610764,24942400
2022-01-11,331.459228515625,331.7169748373019,322.448362656351,323.93530481633513,16226800
2022-01-12,330.3589782714844,333.4418911715471,327.1570845609265,332.26224771249537,14104900
2022-01-13,323.63800048828125,332.70834363177676,322.9242668826204,332.0640079361479,14797100
2022-01-14,329.0107421875,329.8335338228713,318.4137982227158,318.98876615498534,16868500
2022-01-18,315.38043212890625,321.38767615026325,314.8748923561218,320.47570188239416,22645600
2022-01-19,316.8079528808594,324.25258771682417,316.55020651044543,316.7980302506369,20814700
2022-01-20,313.80426025390625,324.96624869908146,313.2293226159524,321.0803600101675,16925000
2022-01-21,300.53082275390625,315.539008543405,300.4019496046395,312.0694771483107,28710700
2022-01-24,306.02264404296875,306.8355131318804,286.4941524130444,295.24727318173785,38878100
2022-01-25,297.5371398925781,303.56422945511866,294.98950489574133,297.3388990759173,25108500
2022-01-26,292.065185546875,304.8330671393812,288.3180924927191,304.3374197499325,28348800
2022-01-27,292.07513427734375,299.08356599902004,291.69843738739166,295.15804679430795,21629900
2022-01-28,299.0835266113281,299.2718750314997,290.47909555515713,293.04654529359937,21871600
2022-01-31,310.5330505371094,311.0584356248489,296.7143971894849,298.0625437346582,21579500
2022-02-01,316.2230529785156,316.8773112011151,309.40293966017686,311.821701482423,18023800
2022-02-02,320.18829345703125,325.14476858794507,314.1116501062232,324.96634274369376,58458300
2022-02-03,235.6902618408203,245.84112671168018,233.6977646059621,242.52028286095725,188119900
2022-02-04,235.026123046875,240.49807556869192,228.10688832560353,232.92458253075475,89342200
2022-02-07,222.95213317871094,236.22557090302277,222.05995871878767,235.6307879297406,88613800
2022-02-08,218.2633056640625,223.8046556975706,214.26838839341522,218.92748656351395,94729700
2022-02-09,229.9804229736328,231.33849218278192,220.27565229753864,222.24831952087897,86563300
2022-02-10,226.08465576171875,232.95432278596698,224.7265713389725,226.28291173464223,49310400
2022-02-11,217.6387939453125,228.41416445140362,216.86558514893198,226.471234956997,46156900
2022-02-14,215.8048858642578,219.0761618951234,212.9103067167767,217.4008711781249,38184000
2022-02-15,219.07618713378906,219.2248753280657,213.187892625062,218.5508020127306,42685500
2022-02-16,214.65496826171875,215.56697278399525,210.51136327892735,210.5609310438708,45817500
2022-02-17,205.90185546875,215.60662518366414,205.3566402879214,212.15692341599396,38747500
2022-02-18,204.3653564453125,208.91539632217007,203.39387657053754,207.56723467799455,37128400
2022-02-22,200.32086181640625,205.673847868195,198.31844201699187,200.57859302783234,39852400
2022-02-23,196.72247314453125,205.13857243054682,196.32596122833482,202.38277377288952,44481400
2022-02-24,205.79281616210938,206.53628729690607,188.56410689144704,189.3967909321892,49957200
2022-02-25,208.64776611328125,209.4804654040174,201.41130963149257,203.15599850164332,37627600
2022-02-28,209.1929931640625,211.29453382947978,205.02955697979945,205.87214869661202,34239800
2022-03-01,201.7185821533203,209.90667166894585,200.4596335354331,208.04303262444745,27094900
2022-03-02,206.2983856201172,207.32932567756626,200.26140321055217,202.99737173398083,29452100
2022-03-03,201.20310974121094,207.25992166380965,199.66659975329932,207.20044639508353,27263500
2022-03-04,198.31846618652344,204.09771758664783,197.05951735897975,200.60835511137336,32130900
2022-03-07,185.8380584716797,199.14123438340457,185.64971001813566,199.04209884176245,38560600
2022-03-08,188.6334991455078,194.9877030604823,184.48989373978588,186.2147523045471,37508100
2022-03-09,196.77203369140625,197.36681666982452,192.23190132562794,194.03606526779308,31894700
2022-03-10,193.51068115234375,194.57135881377323,189.40672093356542,193.1438917592487,24853000
2022-03-11,185.97682189941406,191.8750230568434,185.0450023478886,190.96303363699852,34694500
2022-03-14,185.00538635253906,190.61610442525557,184.20243984151935,185.40189829285765,31010500
2022-03-15,190.3583526611328,190.60617637861344,184.29163289751435,189.1390642063968,31721700
2022-03-16,201.85736083984375,201.9564812422435,192.82666479132567,193.00509059122,40640300
2022-03-17,206.03074645996094,206.2290024321611,199.35933543297546,199.9441958450524,29499700
2022-03-18,214.60543823242188,214.91273723110518,204.2067492915965,204.9006526960362,52128000
2022-03-21,209.64895629882812,212.8409269719916,205.82255751754292,212.63274839506389,30142300
2022-03-22,214.7640380859375,217.54958951329053,208.3503587518727,209.53000212527914,31998800
2022-03-23,211.601806640625,214.91272782980164,210.3131203024904,211.47293346902381,23717300
2022-03-24,217.6586456298828,218.74906103035653,212.92024171807105,213.12842031892166,31502300
2022-03-25,219.88905334472656,223.53701150483215,216.9845512720911,218.59044425279404,40039000
2022-03-28,221.6436004638672,222.08968009819674,217.6288535029848,220.19631852795726,26224100
2022-03-29,227.85906982421875,228.8801024664683,223.32884440343514,224.10206842108136,31417900
2022-03-30,225.86651611328125,229.13777670598705,224.73644069693836,226.9172861340614,25588000
2022-03-31,220.42434692382812,226.5009898417312,220.32521137788765,226.46132957297078,24192300
2022-04-01,222.89266967773438,225.30150908222552,220.76137651588385,222.59527817538776,19544800
2022-04-04,231.8539581298828,232.3099604286333,223.89386147924975,224.01281202415882,28054800
2022-04-05,229.82177734375,234.79808135683643,229.0089234925527,232.04228308836034,29727200
2022-04-06,221.3561553955078,226.99662582724713,219.4826086293868,224.9347306089512,28995100
2022-04-07,221.00917053222656,223.55680540444948,216.6573870066658,221.98063519171617,21037200
2022-04-08,220.39459228515625,223.17022097182485,218.11461103803705,220.44416005430307,18375700
2022-04-11,214.57571411132812,218.68958215288694,213.3465029132089,216.51864376614157,20516600
2022-04-12,212.27587890625,220.09719467995484,211.27467655152802,218.3227835510992,20128800
2022-04-13,213.1184844970703,214.72437730811373,209.49034172860436,209.97608164874075,19231800
2022-04-14,208.35032653808594,213.11846706561946,208.17190074076785,213.01933153869314,18379500
2022-04-18,208.93524169921875,211.5225221343132,206.4867419526521,208.17194034933556,16580800
2022-04-19,215.4182891845703,216.52853461621248,207.1806311048147,208.68740356630022,20089900
2022-04-20,198.67532348632812,212.29572095663042,197.18838112552498,211.7505057324773,43036500
2022-04-21,186.43284606933594,201.20313458082896,183.96451623076376,199.8450653573932,49954100
2022-04-22,182.50730895996094,191.04235885583572,181.67462485450002,188.71280973536275,36426800
2022-04-25,185.3622283935547,185.55056170817895,180.07862505796282,181.139302675937,29281100
2022-04-26,179.37481689453125,185.56050278364089,177.93744225250256,185.00538003576446,31747400
2022-04-27,173.42706298828125,179.6325795751234,167.5288605674595,172.9115853358813,71062900
2022-04-28,203.9390869140625,206.7147155418311,191.22077206999722,201.1535507830585,100890600
2022-04-29,198.72488403320312,210.6303299905901,198.15983869617668,202.68015601451035,49193400
2022-05-02,209.29209899902344,210.03557018084996,199.240369225767,199.41879504894462,49915300
2022-05-03,210.18423461914062,213.02924584651242,206.27853069841137,208.61798702460686,41556300
2022-05-04,221.46519470214844,222.34744654800306,205.15839680914934,208.81626224243902,41375900
2022-05-05,206.4668731689453,218.25336736113462,204.3653331000741,216.83582310266792,41129200
2022-05-06,201.99615478515625,207.55731947021067,199.27009396161898,205.53506951603146,34747200
2022-05-09,194.50198364257812,200.80661996260716,193.87746300031426,198.10037393010384,36303200
2022-05-10,195.9293975830078,201.19318531179846,192.49952628338684,197.7732063881883,34452500
2022-05-11,187.0970001220703,198.92314071841457,186.6310903208202,194.62092459185249,31153400
2022-05-12,189.57525634765625,196.32597270309722,183.17148415767517,185.43163548920708,38262200
2022-05-13,196.89097595214844,198.14992463211743,189.61487546891254,190.90356178395524,24549800
2022-05-16,198.29861450195312,203.58221785060556,194.2243920764948,195.33465259058252,27112600
2022-05-17,200.85617065429688,203.67145970606575,196.63325976558357,200.36052319724772,24872700
2022-05-18,190.56654357910156,199.25028175657994,189.96185306425463,198.25898682246762,23960000
2022-05-19,189.62478637695312,193.58996580154144,187.9495107758702,189.53557347013006,24446900
2022-05-20,191.85520935058594,196.1871783731729,186.23456905164684,193.2727689309171,31465600
2022-05-23,194.52178955078125,195.27518333819546,189.57523779332573,193.49084953374,25059200
2022-05-24,179.70191955566406,182.08102101762512,174.57692727127068,178.97827858926098,50406300
2022-05-25,182.22972106933594,183.8356137712795,177.75898706063882,178.8295721112959,28030200
2022-05-26,189.9618377685547,191.15138856851496,180.67339469817318,181.28800779348728,23056500
2022-05-27,193.43136596679688,193.62962190857738,188.14776268187097,189.69418020410123,22562700
2022-05-31,191.95433044433594,195.87986462999697,190.3385150297135,193.19344898292155,26131100
2022-06-01,186.99786376953125,197.79306430443702,183.38955104588305,194.79934956020318,36623500
2022-06-02,197.12890625,199.19080147626636,186.0957890702157,186.80952261492175,31951600
2022-06-03,189.1192169189453,194.89846730147926,188.12792213894204,194.27394674977066,19465000
2022-06-06,192.5590362548828,195.2057918492942,186.75995498137883,192.30130502364528,30574200
2022-06-07,193.9468231201172,194.81916739139774,189.8230482148781,190.25920522456,18828700
2022-06-08,194.92822265625,200.27130140118285,192.7176393311409,192.97537055202793,22267200
2022-06-09,182.39825439453125,197.713756969315,182.0810327786021,192.5887643538881,23501600
2022-06-10,174.04165649414062,181.50610603720847,173.4964412625436,181.44661563615782,27450800
2022-06-13,162.830078125,171.07765810739633,162.60208455665708,169.10497601341515,31749300
2022-06-14,162.30471801757812,165.2984330034951,159.9553538250922,164.58469942902533,27244300
2022-06-15,167.8757781982422,170.6613141290513,162.55251490737075,165.74448533100573,30008300
2022-06-16,159.4696044921875,163.6429626444072,158.2205783731708,162.29480098577153,26944100
2022-06-17,162.31460571289062,164.4557908494942,158.50802242635217,160.2725258484744,31374200
2022-06-21,155.68287658691406,166.29963714436744,154.61227621435427,164.48556555136005,50724900
2022-06-22,154.49331665039062,159.39030076437285,154.08688211001586,157.00129154437553,47267800
2022-06-23,157.36807250976562,158.35936745470903,152.90724525752032,154.90966528157492,40499200
2022-06-24,168.67872619628906,168.7679390977407,159.89585369459297,160.32210319661192,68736000
2022-06-27,168.01455688476562,170.25487763124974,166.54742972686054,169.82862813839694,29174600
2022-06-28,159.28126525878906,169.80882791035233,159.2118824778089,168.42100590518334,27744500
2022-06-29,162.51287841796875,164.88207247948387,158.92439593906067,162.1461041676376,28595200
2022-06-30,159.8463134765625,163.7916632111336,157.11034481217,160.73847289674504,35250600
2022-07-01,158.63690185546875,159.2217621433084,153.65069034030827,158.91446318278108,31423900
2022-07-05,166.72589111328125,166.7853663869358,155.65312893111812,156.76337437522923,28618600
2022-07-06,168.29212951660156,170.09627826306044,164.01965116887757,166.7357893546175,23085900
2022-07-07,170.6910858154297,171.21647094718156,166.3194713031898,167.9749321123274,24083400
2022-07-08,169.39247131347656,170.89922861706972,166.686225442263,168.50029685970665,19249200
2022-07-11,161.46212768554688,166.03199804940502,160.5005703656967,165.61565598193803,21885600
2022-07-12,161.8487091064453,164.46572681989724,160.6888959849567,163.36538896731187,16639700
2022-07-13,162.06680297851562,163.54382264724677,158.2205740607195,158.7657892618441,16555100
2022-07-14,156.6741485595703,161.1746203649273,155.91084731663682,159.8165513084792,23765200
2022-07-15,163.26626586914062,163.54382722913314,158.42875707644262,159.14247548359506,23342800
2022-07-18,165.7742462158203,170.19542824056563,164.1980909139379,165.29842888667773,23574300
2022-07-19,174.2498016357422,174.95362761088478,168.0343789009671,168.88689304820255,25933700
2022-07-20,181.4961395263672,182.0017094943236,175.16176711938593,175.94489838796463,24784300
2022-07-21,181.5754852294922,182.24957362777684,177.31291412933265,179.05760283598016,27195800
2022-07-22,167.79649353027344,174.0713921211751,166.94397930324826,171.5634172107559,42583900
2022-07-25,165.1992950439453,169.08518450414397,163.37531599182617,167.52884419406948,26166300
2022-07-26,157.7645721435547,164.55494803766118,156.57502132751043,164.49547276575285,28468400
2022-07-27,168.103759765625,169.38252329392938,160.60957413231748,161.1746042549776,43846600
2022-07-28,159.3209228515625,160.1040391932578,153.50202643480458,159.6579594985726,73214300
2022-07-29,157.7150421142578,158.74598226905744,153.81924486012792,156.31731252016746,42065400
2022-08-01,158.53775024414062,163.75196991958916,153.87866829295712,155.88108777339025,40596700
2022-08-02,158.79554748535156,160.827705247941,156.63451653325376,156.93190805660169,27374500
2022-08-03,167.33058166503906,168.06413020831988,160.16352379387357,161.2737692383806,31721900
2022-08-04,169.08517456054688,170.65140715656858,165.34798863611059,166.83493095275554,23938200
2022-08-05,165.65528869628906,170.1161156749895,164.3566948181987,165.53633815049744,25832700
2022-08-08,168.76795959472656,175.96475524575519,165.67512429444318,166.53754603180064,27299100
2022-08-09,167.06292724609375,168.05422213991784,165.14973536147394,167.47926928638472,18655100
2022-08-10,176.7875213623047,178.90889175358808,172.43573754030913,174.4579875213586,30262100
2022-08-11,175.94491577148438,181.50608008675786,174.83465533334396,178.14559139095888,24079100
2022-08-12,178.92872619628906,179.8803759384062,177.35257096418084,179.23602518954743,21274000
2022-08-15,179.31532287597656,179.86053806278343,176.64873733810558,177.4021310965874,15878700
2022-08-16,177.90768432617188,179.41445670283701,175.49883002409837,177.87794669135258,21156700
2022-08-17,173.32791137695312,176.5892647931606,172.65382301032733,175.2212730535076,20118100
2022-08-18,173.13955688476562,174.22997211114853,170.36392836368074,172.82233528191773,18844500
2022-08-19,166.49789428710938,170.81994055822395,165.59581231831734,168.71838513218586,26240800
2022-08-22,161.63064575195312,164.04940786700593,160.84751426544375,164.04940786700593,19499700
2022-08-23,159.70753479003906,163.61323943034614,159.30110021811734,161.0656040719676,18111800
2022-08-24,161.8387908935547,164.0196516525699,158.37918156631125,159.20195810249263,20891500
2022-08-25,167.31072998046875,167.40986550779851,162.5921723231533,163.74206276000646,15550500
2022-08-26,160.37167358398438,169.43210756676726,160.2626305495521,167.01334580369445,24023600
2022-08-29,157.78440856933594,161.6306376497114,157.62579775394812,159.2614434264603,20052700
2022-08-30,155.7919158935547,160.25274310903546,154.5527972225878,158.95414916201582,19567900
2022-08-31,161.51165771484375,166.3789189098485,160.72854146269484,165.61563278936217,40953000
2022-09-01,163.92051696777344,165.9031066673711,158.95413521562654,162.15601334520824,30145700
2022-09-02,158.92440795898438,166.46814773768705,157.83397750261,165.99233041397824,22634200
2022-09-06,157.1598663330078,160.28245393711506,156.3172748532642,158.70629888151421,19339800
2022-09-07,158.99378967285156,159.55883503081463,155.44495208745863,156.38667922477052,16831200
2022-09-08,160.6492462158203,160.8177645307071,156.36686018950508,157.3284174354753,22530800
2022-09-09,167.67752075195312,168.06412514515839,161.60089350110928,161.82888708531772,22086800
2022-09-12,167.4891815185547,169.89802070055077,165.82379833481477,165.93284137140463,23220400
2022-09-13,151.79701232910156,160.22302005883935,151.34100996124553,160.13379201067593,44444100
2022-09-14,150.1514129638672,152.20338517581285,147.75248154834776,151.99522175443428,43064200
2022-09-15,148.2481689453125,152.8576846035777,147.40556215248668,148.49599269308936,34606300
2022-09-16,145.0165252685547,147.28659907579265,143.03393545484252,146.7612139852357,40122800
2022-09-19,146.73146057128906,147.28658323928715,143.83688156961458,143.97566223661408,22169500
2022-09-20,144.81829833984375,147.54435988011144,143.95587643832175,144.51099927727674,23217400
2022-09-21,140.88284301757812,148.29774063763287,140.7638924558105,145.11567697669463,38338600
2022-09-22,141.57675170898438,143.32142537181252,139.64371445995508,140.3178028899763,34418500
2022-09-23,139.18771362304688,141.37846677265173,137.68094121464907,140.188915976952,31710700
2022-09-26,135.182861328125,141.00177184409586,135.0044355321183,138.9002166711742,30497000
2022-09-27,133.23004150390625,138.20634662252763,132.9524801149117,136.71940412750206,30826500
2022-09-28,140.37725830078125,140.79360030483306,133.10115804366748,133.44810215073147,32658500
2022-09-29,135.2225341796875,138.6226682562599,134.0230607552248,138.14685096331397,38985400
2022-09-30,134.49887084960938,139.76265892956278,134.32044504653885,134.86566021029577,33166400
2022-10-03,137.4033660888672,138.4045683423802,134.91522170833778,135.9461615943145,27723100
2022-10-04,139.05886840820312,141.150501568806,138.1270486410205,139.26704702413284,34670700
2022-10-05,137.77017211914062,138.98947583553354,133.60673622730505,137.03662351437458,27979300
2022-10-06,137.859375,140.21864633669762,135.41087563563656,136.52112097055306,36231100
2022-10-07,132.2882843017578,137.08614736813666,131.28708202735578,135.5694675770126,33214800
2022-10-10,132.62533569335938,134.92514708155127,130.72205133380032,132.3874346021392,24024000
2022-10-11,127.42105865478516,131.50520453308022,125.88455587009963,130.47424921391368,38481400
2022-10-12,126.39009094238281,128.54119891036558,125.150972403732,127.20295996419793,34605200
2022-10-13,129.15579223632812,129.99839886279543,121.46335006942364,122.4546448648166,34325700
2022-10-14,125.65653228759766,130.642736410999,125.4186160877497,129.85962016618188,23559400
2022-10-17,132.87315368652344,133.61662481645823,129.0467549994207,129.1657206658623,29612200
2022-10-18,131.64395141601562,136.6400705127759,130.25612963150132,135.89659941870124,25445000
2022-10-19,132.0701904296875,135.8073757344359,131.06898821450804,131.73315385736456,30691000
2022-10-20,130.38502502441406,135.57941606596407,130.1669389228935,131.7728319195805,26356300
2022-10-21,128.8782501220703,128.98729317086242,124.348040097076,125.21046185736593,46348600
2022-10-24,128.59075927734375,132.31802218177478,123.48558967928369,126.14225997579203,63563400
2022-10-25,136.31292724609375,137.1456262806238,129.45316981297384,129.74065374333438,38433200
2022-10-26,128.68991088867188,134.37002641761245,127.411132000014,130.53370487759855,82791500
2022-10-27,97.08741760253906,101.60771958540467,95.54099253236453,97.12707030310553,232316600
2022-10-28,98.33644104003906,99.97207897105858,96.66115797247939,98.71313790398267,95928300
2022-10-31,92.34902954101562,98.45540173117791,91.79389929610683,97.36497893611102,121361400
2022-11-01,94.37125396728516,96.6413197751868,92.73562373576053,93.50883240440383,110189600
2022-11-02,89.75183868408203,94.37126885823125,89.69236341187202,93.38988905186778,71821100
2022-11-03,88.13603210449219,89.67253464279368,87.64038466059239,89.29584530810257,60664000
2022-11-04,89.99966430664062,90.59443973026505,87.32316355586093,89.56349213325879,55638100
2022-11-07,95.87804412841797,96.0366473799833,92.28955386062118,93.95492959844655,81987300
2022-11-08,95.63021850585938,96.94864251443767,93.96484280107093,95.08500329540075,52088300
2022-11-09,100.5866928100586,103.98683455524989,99.86304421903829,100.83451653036997,107677300
2022-11-10,110.89616394042969,111.76850073569403,103.69936079981403,106.18751313338271,80671000
2022-11-11,112.0361557006836,113.89979510985843,107.86280472795862,108.27915436886865,59961700
2022-11-14,113.22570037841797,115.25785030828123,109.83547376457382,110.02381464557875,53395000
2022-11-15,116.06080627441406,117.70635184117295,113.41405076200675,115.05959632876564,50670500
2022-11-16,112.24431610107422,115.06950483314925,111.67927835465922,113.50325719818159,33287800
2022-11-17,110.47980499267578,111.35214927717924,108.84417458519039,109.44886503222872,35093800
2022-11-18,111.07461547851562,113.3248519568641,109.65706322768534,112.80938184882635,33357700
2022-11-21,108.90365600585938,111.39180826964389,108.23949025208182,110.54920157215746,24351100
2022-11-22,110.46990966796875,110.64834305828951,107.37706675673539,108.90366185992863,29029000
2022-11-23,111.262939453125,111.68919657028627,109.7660895726345,110.74746942359464,21343100
2022-11-25,110.44017028808594,111.74867927547221,110.05355831267225,110.33112724222208,12007600
2022-11-28,107.83305358886719,111.06467694794803,107.4365341325355,109.81564330754605,23309400
2022-11-29,108.50712585449219,109.97424545853981,107.59513647080314,108.58643125211184,23899200
2022-11-30,117.07191467285156,117.13139750383256,108.42782278422197,108.55669594886484,43348600
2022-12-01,119.39157104492188,120.1449497921599,117.36932835727015,118.16235981167556,36551400
2022-12-02,122.41500091552734,122.96021611715648,116.58618982465244,116.80427590530408,39950500
2022-12-05,121.36421966552734,123.58471784498659,120.29361949288526,120.69013891567629,35474900
2022-12-06,113.12657928466797,119.50060593921687,112.74988237378976,118.86617779381996,43689200
2022-12-07,112.938232421875,114.87125452292487,111.8973697133219,112.76971409777941,29461100
2022-12-08,114.32603454589844,116.3185317086247,113.59247092643747,115.3768046454245,30619400
2022-12-09,114.89107513427734,116.5167980904086,112.8787477899795,114.29629973425023,26033400
2022-12-12,113.71144104003906,114.71265104161625,112.15510829524132,114.17735086937637,24747100
2022-12-13,119.10407257080078,122.22665272537202,117.60721529463237,121.06683205334555,44701100
2022-12-14,120.53153991699219,123.05934486705796,118.35069422268502,118.35069422268502,36922000
2022-12-15,115.13890075683594,117.59730780116884,113.01753033834721,117.29992387771452,34531000
2022-12-16,118.39034271240234,122.23656395816606,117.78565225665622,119.1833816073748,67064000
2022-12-19,113.48344421386719,116.77454300063903,113.33474846530926,115.81298573134167,29769900
2022-12-20,116.07070922851562,116.30862543554926,111.48101684028215,112.2740557377687,28742500
2022-12-21,118.71747589111328,119.29242116853779,114.61351572943319,115.68410844245172,20392800
2022-12-22,116.1004638671875,117.587406248649,113.38431033837217,116.1797617130006,23618100
2022-12-23,117.01243591308594,117.15121657626835,114.53419898057305,115.01993130171148,17796600
2022-12-27,115.86254119873047,117.56756957808179,115.03977220793341,116.9034038330725,21392300
2022-12-28,114.61351776123047,117.12149261971926,114.50447471842836,115.23803081847723,19612500
2022-12-29,119.21312713623047,119.97642088372568,114.76220757701917,115.38672820613152,22366200
2022-12-30,119.29243469238281,119.37174010618361,116.71506924770124,117.13141888866514,19583800
2023-01-03,123.65412139892578,125.26993689605494,121.21553689802785,121.75083704158786,35528500
2023-01-04,126.26123046875,127.92660615490277,124.75445802924148,126.27113797211675,32397100
2023-01-05,125.8349609375,127.40120849436228,123.45585196908546,125.0320070283355,25447100
2023-01-06,128.88818359375,129.195482631842,124.94282606017198,127.84732079062806,27584500
2023-01-09,128.3429412841797,131.79264301521917,128.15459284862445,130.01823194659175,26649100
2023-01-10,131.83233642578125,132.2784161808068,126.04316930086817,126.16211986861838,28684400
2023-01-11,131.73316955566406,132.68481924934517,129.20536471009615,129.8199777912905,25423000
2023-01-12,135.51992797851562,136.48147008401705,130.6130062840878,132.27838952682893,30757700
2023-01-13,135.78758239746094,136.1940169703067,133.66621174104483,133.7950849290108,22423800
2023-01-17,134.18167114257812,135.55957037535876,133.08133325697926,134.99452505190794,21147600
2023-01-18,131.862060546875,136.0552340156963,131.64397444438683,134.62776684521396,20215500
2023-01-19,134.9647979736328,136.25348440118418,130.98971077016242,131.3366700442586,28625200
2023-01-20,138.15676879882812,138.72181416630133,133.43821040315862,134.70706669654805,28688600
2023-01-23,142.02281188964844,142.5085366667069,137.4529422032484,138.07744764888903,27470100
2023-01-24,141.89395141601562,143.73776053550952,140.1294477036565,140.45657683585247,21970200
2023-01-25,140.26824951171875,141.92371042935645,139.08860598259702,139.99068810792093,26622000
2023-01-26,146.01771545410156,146.2258788750121,142.0525365694061,143.14295168712312,25482100
2023-01-27,150.4191131591797,151.85648792616513,146.1069737322616,146.94958055737123,35771900
2023-01-30,145.7798309326172,149.80448595440728,145.67078788457044,148.1093800836338,28040100
2023-01-31,147.67318725585938,148.57526915219435,146.23581282407054,146.66206232671513,29842100
2023-02-01,151.7870635986328,152.24306588807985,145.77981918793483,146.7413764088904,55661000
2023-02-02,187.12673950195312,195.4437029742972,178.591689945036,181.78366068183163,150475700
2023-02-03,184.90623474121094,195.05709986672147,181.29792194431568,181.87287479600266,76809700
2023-02-06,184.44032287597656,189.03993051222616,183.90503029642124,184.90623267945966,42483800
2023-02-07,189.95193481445312,192.0931355517408,182.7947840150465,183.96451992977168,47080700
2023-02-08,181.8332061767578,189.16879710609436,181.32765125110058,188.34602056954392,36139100
2023-02-09,176.37118530273438,185.02518547134846,175.72684967356224,184.50972301839462,37118800
2023-02-10,172.6339874267578,177.33273033452983,171.84096366888724,174.8148481387777,33433600
2023-02-13,177.86801147460938,179.4243515078164,174.2894519129695,176.6685532858945,31463200
2023-02-14,177.9176025390625,179.92992995474845,174.34895001230046,175.61780626083268,24034600
2023-02-15,175.6177978515625,176.6388303288191,173.80372647545715,174.8842342230846,25308900
2023-02-16,170.9388885498047,174.3192076619539,170.29453781345282,171.2461875370984,25827500
2023-02-17,171.37509155273438,171.6724679643071,168.22276545640634,168.7382431130689,24171300
2023-02-21,170.58203125,176.61901366845885,170.3837752916554,172.7926146811642,34592600
2023-02-22,169.63038635253906,171.25610945926005,168.2128418399416,169.58083370599772,22433200
2023-02-23,170.54234313964844,172.1779885623624,167.9055105848363,170.50269800483608,20017800
2023-02-24,168.90675354003906,169.2338827034018,166.20052243980692,167.17198729933313,19791300
2023-02-27,168.06411743164062,171.61295470878045,167.5883001524476,170.3837588103686,19277000
2023-02-28,173.4171142578125,176.00439428377393,170.3738319696767,170.4035696035187,46051100
2023-03-01,171.9103546142578,176.3017987557463,171.54358035250698,173.07016779754176,30998400
2023-03-02,173.0106964111328,173.48651372435538,169.93767619340952,170.8794184422329,17352000
2023-03-03,183.63735961914062,184.99542863944524,175.50874537644046,177.3624617911287,45877700
2023-03-06,183.29042053222656,188.00899392583824,183.03268930417306,186.36344076544492,33209400
2023-03-07,182.90380859375,188.7028895567601,182.4081611653204,187.35472794639318,36701500
2023-03-08,183.35980224609375,183.64727108561956,179.7613972448921,181.27807709436618,19432400
2023-03-09,180.10838317871094,187.28534898762197,178.73048379335697,184.72782130910593,26582800
2023-03-10,177.9473419189453,183.16156276961232,177.2435310110156,179.4342842678197,25665000
2023-03-13,179.32522583007812,182.1801597351484,173.29816667086516,176.41083178227044,24728000
2023-03-14,192.3310546875,192.62844620426867,184.935987541542,185.9471126481711,41642600
2023-03-15,196.02854919433594,196.05828682863768,189.17869840894608,191.27033106859906,42123600
2023-03-16,203.1460723876953,203.96884903376738,194.38302842074785,196.53413670584482,50447100
2023-03-17,193.9071807861328,200.14241856268836,193.72873985262865,198.81408713109815,50141100
2023-03-20,196.08802795410156,197.62453796620042,191.95433032702135,196.7521936752625,25186300
2023-03-21,200.40016174316406,201.77806091937316,196.226803951734,201.43110168666132,31827000
2023-03-22,198.0706329345703,205.56482001084692,197.93185225263778,200.7372186543796,28477800
2023-03-23,202.501708984375,206.07037646367976,200.39024613195645,201.0742419926531,27389700
2023-03-24,204.2166748046875,205.77301519457242,201.7780976074665,203.39389815045016,27716400
2023-03-27,201.07424926757812,204.06796403208844,199.6071370845429,203.02710138580258,18527200
2023-03-28,198.93304443359375,199.2800036835634,196.17724594410166,198.40765937001166,19127300
2023-03-29,203.56243896484375,203.92921328294045,200.77688724520772,201.78801240364595,18851100
2023-03-30,206.03074645996094,206.27857020670143,201.05445651610344,201.60957928864843,22608300
2023-03-31,210.09506225585938,210.32305586791597,204.97006898108796,205.4359788357,25440300
2023-04-03,211.21524047851562,211.63158257831822,206.38762336988356,207.02205158757732,17924600
2023-04-04,212.85084533691406,214.35761784282738,210.68981455693785,211.5324212849849,21026400
2023-04-05,209.63905334472656,213.31676429191103,208.11246576583304,212.28580906573094,19396600
2023-04-06,214.21884155273438,215.0515256680938,206.83368218453202,207.42846519605177,26104400
2023-04-10,212.88058471679688,213.7826667269681,208.8261921119088,212.84093957529885,16106100
2023-04-11,211.9884033203125,214.13951126472867,211.55223117933252,213.60420359135924,16710100
2023-04-12,212.13711547851562,214.9523894555701,210.72947848998837,212.96979959128493,18972200
2023-04-13,218.4318084716797,219.2248321863754,213.81237121638407,213.85201635173573,23310400
2023-04-14,219.5618896484375,220.17648758119475,215.6561857349428,215.983314832495,21591200
2023-04-17,216.9547882080078,219.056328418045,215.23985237860873,217.87668514416077,15481900
2023-04-18,215.9932403564453,218.52104532046772,214.32787222191163,217.99566024521894,12281000
2023-04-19,213.82229614257812,215.4381115885571,211.07640517251718,211.61171286211123,15898100
2023-04-20,211.21524047851562,214.86319894876422,210.91784894266752,211.62165994734744,16475400
2023-04-21,211.03675842285156,211.55223597623976,207.7555749142046,208.3800955053103,17717200
2023-04-24,210.93763732910156,212.05780541816344,208.87575722630933,211.8198891943213,15750900
2023-04-25,205.7432861328125,209.42098221698012,205.3269440360744,208.98482511037,19198200
2023-04-26,207.57713317871094,212.24613852452936,207.0616707532641,210.65015322914314,41992700
2023-04-27,236.4833221435547,239.5860801943098,234.7089108287852,237.80174624937138,71196500
2023-04-28,238.22799682617188,238.3370247438833,233.69777188796778,236.92938780573903,39554000
2023-05-01,241.06307983398438,241.87594888989452,234.4015922066699,236.54277763553986,29143900
2023-05-02,237.1573944091797,242.78794211157887,236.9095706872228,241.0630835614137,24350100
2023-05-03,234.96664428710938,239.6455577308559,230.7239030480112,237.3854064212788,34463900
2023-05-04,231.4871826171875,236.12643535513135,230.9023071473006,234.00506493525833,17889400
2023-05-05,230.75363159179688,232.63708590022182,227.84914471998914,230.21833898734732,27000500
2023-05-08,231.23936462402344,233.56889855403585,228.26547993603842,229.40546301604877,16400500
2023-05-09,231.33848571777344,233.8266455946459,229.0684270546972,229.4451239565892,16865600
2023-05-10,231.05101013183594,234.6890604898904,228.71155363342422,234.1141076501327,19119000
2023-05-11,233.73739624023438,236.13634298764202,230.27778703919103,231.02125814556425,20449000
2023-05-12,231.77467346191406,234.8972616787955,229.43521673831066,234.67917557631003,16161400
2023-05-15,236.7806854248047,238.16849214653735,233.28141585947415,234.85757102043314,20653200
2023-05-16,236.74102783203125,237.55388169029442,233.46975201609268,233.7373907173731,18163800
2023-05-17,240.37911987304688,241.7173589911172,236.06698075424535,236.37427977115127,21193100
2023-05-18,244.7011260986328,244.93902716872478,239.09039393093843,239.1994369633833,22943300
2023-05-19,243.5016632080078,246.52511548669978,241.29107995629087,245.315734575223,21733600
2023-05-22,246.1583709716797,251.36266949569668,242.9862150086532,243.2736990167083,27738500
2023-05-23,244.5921173095703,249.41971879486397,244.50288926983555,244.66150008940815,17748100
2023-05-24,247.0406036376953,247.41728540634753,242.81767776935007,243.14480689478242,17724300
2023-05-25,250.4903106689453,253.39479746511117,247.00094838612523,251.19412157731733,22371400
2023-05-26,259.7589416503906,260.02658040081684,250.51015779219784,250.7282287690767,25727200
2023-05-30,260.2347106933594,266.31135290723864,259.0154374005094,262.940956499197,23816500
2023-05-31,262.41558837890625,262.6931497421419,256.2001802172078,257.7366752187053,25473700
2023-06-01,270.23687744140625,271.6147918186333,263.5754050196668,263.5852973969688,25609500
2023-06-02,270.23687744140625,272.9530459308971,268.7598577796487,270.2864603355899,19416900
2023-06-05,269.0274658203125,273.1710701388783,267.21337969512365,267.9469280452484,20742900
2023-06-06,268.7598876953125,274.16245738799296,267.3423431472537,267.7884379849693,19419000
2023-06-07,261.3053283691406,271.8626124655505,260.5122743384185,269.30508506477685,26163600
2023-06-08,262.2767639160156,265.32004620136956,256.6264017277857,258.35124499287787,20899400
2023-06-09,262.6435546875,265.6174389213562,259.4218467674891,260.1950554582151,16949800
2023-06-12,268.69049072265625,269.3844093055368,263.0202822587517,264.8442916334225,15442500
2023-06-13,268.9581604003906,273.3198522484866,266.74756171115075,272.48716809809827,16164000
2023-06-14,270.9704895019531,272.5961975421648,265.98427695032746,269.5232072981204,19175100
2023-06-15,279.3766174316406,281.5178179621432,269.05726454784934,269.9295786141267,25973500
2023-06-16,278.5538330078125,285.3442082969982,277.69141139005217,282.2711884305146,43127700
2023-06-20,281.8548583984375,282.3207681995998,273.81547148594564,276.3036313019316,20701600
2023-06-21,279.18829345703125,281.52773476017416,275.93681733767835,281.06182497496616,20556200
2023-06-22,282.4001159667969,282.7768128958016,275.37183825791345,276.6505869881599,17563100
2023-06-23,286.21661376953125,287.1484334816398,276.52174996331246,279.05946272124834,51092000
2023-06-26,276.0458984375,287.26736422711815,275.183476694736,286.18685639120184,24232700
2023-06-27,284.5511779785156,286.8311743118034,278.2068969133884,279.555073656432,26108300
2023-06-28,282.8064880371094,287.0293831058703,281.5871846024581,282.34057829397415,16722100
2023-06-29,279.0791931152344,284.07532682783864,278.2465092051192,282.0233395572442,15395700
2023-06-30,284.4818115234375,286.53376890451335,281.9440990867374,282.2811357109331,19694900
2023-07-03,283.5301208496094,286.88070203171793,282.37032290313533,284.2042242885285,8629300
2023-07-05,291.8074645996094,295.52482034373986,283.8671830495328,285.14596189605084,33865500
2023-07-06,289.44818115234375,295.5248235823149,288.7741078971482,293.3142553701415,47600500
2023-07-07,288.00091552734375,293.6215711054286,286.1471988438877,289.6365461155744,25586000
2023-07-10,291.5398254394531,295.5347425297434,284.5511784998187,292.9771848405433,37058300
2023-07-11,295.693359375,297.56689097448395,289.35897054625923,291.3415603139649,27585900
2023-07-12,306.64715576171875,306.75621392994793,297.48760071490796,299.1232312229929,36677100
2023-07-13,310.6817626953125,313.48711417229805,307.58892720415946,310.8899261701611,30281000
2023-07-14,306.18121337890625,312.1389046779914,304.68434858283683,309.07580744281717,23054100
2023-07-17,307.9159851074219,308.9964928062854,302.05742922495097,304.86281044247795,25323100
2023-07-18,309.3335876464844,311.46489606355357,304.9421581279669,308.17378945631805,20731900
2023-07-19,313.2591247558594,315.9058653137581,307.81689494508896,310.3050549337283,21763700
2023-07-20,299.8865661621094,312.7932470109365,299.5891897493399,310.7709966483321,23836900
2023-07-21,291.6984558105469,302.80094087646535,288.665095744608,301.9187041196789,42139300
2023-07-24,289.07147216796875,294.9300282701008,285.79028868592326,293.2051849386824,24915700
2023-07-25,291.9065856933594,295.7032315280009,289.3192904924628,292.6203191709946,19585600
2023-07-26,295.9709167480469,299.1430421825214,289.358966650914,298.56810446847095,47256900
2023-07-27,308.9964904785156,322.5177659332042,307.14277406177325,322.28975724084523,64229200
2023-07-28,322.64666748046875,323.3604010020382,311.51441512024616,314.12152548725567,39220300
2023-07-31,315.8265075683594,322.8250459539718,314.825290208735,320.8721941224564,25799600
2023-08-01,319.9007568359375,321.31833148178566,311.92084528786495,314.7757793342165,22817900
2023-08-02,311.5738830566406,315.6183830009451,307.94574026174797,315.2317634870685,20461100
2023-08-03,310.4636535644531,313.1996371815222,307.23202249512775,307.23202249512775,15180200
2023-08-04,308.02508544921875,315.63822327487594,307.49970034475876,312.2182436549531,17612800
2023-08-07,313.80426025390625,314.30983025156394,307.7573562937692,310.5032620828665,16236500
2023-08-08,309.9184265136719,315.12272430973746,307.41042158153704,311.6630848225731,15183500
2023-08-09,302.55316162109375,310.89987947036195,300.2137197630778,310.1564081634955,19955800
2023-08-10,303.0785217285156,309.621074738082,301.22480493038836,305.2593828156786,14358900
2023-08-11,299.0141906738281,302.0673654764671,297.745304234176,299.93608761646493,14046300
2023-08-14,303.5245666503906,303.5443816563155,295.65368327400716,298.35992905267074,15641900
2023-08-15,299.3215026855469,304.5555384693023,297.4182031951271,303.4750306746695,11623600
2023-08-16,291.7281799316406,298.4590504137435,291.7182573021849,297.5867363272898,18547700
2023-08-17,282.60821533203125,293.47279727093206,282.4694497986728,290.4989130347723,23950100
2023-08-18,280.78424072265625,283.2030023568016,271.99146104324524,276.60097562608496,35347900
2023-08-21,287.37640380859375,287.97118683695453,279.39649145484435,280.98256944649927,20181500
2023-08-22,285.09637451171875,290.35022455575495,284.2537679286789,290.0032653448662,12980200
2023-08-23,291.6785888671875,294.81108424364885,285.1658046520825,285.9885660720524,18287000
2023-08-24,284.25384521484375,296.8531963700443,284.14481728424585,295.901561627309,18360900
2023-08-25,283.0146789550781,285.8795355852113,273.6271155393811,283.6391995492964,23701400
2023-08-28,287.73321533203125,288.9128584699036,283.3120190960079,285.49287958247294,14239300
2023-08-29,295.39599609375,296.5459019579426,285.6713942766928,286.0679062380191,20844500
2023-08-30,292.5311279296875,295.69336104721475,290.87565215344677,294.5831156113279,17717000
2023-08-31,293.31427001953125,298.478908110715,293.0862612959808,293.2250268545487,17229900
2023-09-01,293.79998779296875,299.1133139449209,291.90661090057637,296.76394986830445,12842300
2023-09-05,297.5371398925781,298.7663660643128,292.9375475703508,294.43438220602286,14956000
2023-09-06,296.5657043457031,300.65972681313633,293.08624961534355,299.0835715746785,15418100
2023-09-07,296.070068359375,304.3770944136162,289.6762039967024,295.40588744923144,33748700
2023-09-08,295.2968444824219,302.59276023279784,294.19649144148667,296.61525335375495,17548000
2023-09-11,304.8826599121094,306.34978726869906,298.65732909121135,298.78620226973936,19489300
2023-09-12,299.03399658203125,305.9730602651931,297.6164522615025,303.66332641243866,13480400
2023-09-13,302.4044189453125,304.5059592872475,298.69698571008445,299.7279106218778,13210900
2023-09-14,309.0064392089844,310.1464222632418,302.37467408444013,304.06977984776057,19343100
2023-09-15,297.6957702636719,309.2840101140606,296.14935263325515,308.89739058049656,28131100
2023-09-18,299.9162902832031,300.9571681848217,295.2076390310998,295.59425860219534,14234200
2023-09-19,302.41436767578125,303.50479820729083,297.2001463854222,299.8469173004536,15924400
2023-09-20,297.06134033203125,305.3782883735429,296.8234089972703,302.39448120124234,19379500
2023-09-21,293.1556396484375,297.64620415124955,290.7170325130372,293.1259020127335,21319600
2023-09-22,296.47650146484375,302.7216782460861,295.673554918272,296.6945875794634,25369600
2023-09-25,298.21124267578125,298.3302234798701,291.1433351844772,293.06644978298425,18987000
2023-09-26,296.3575134277344,297.6858449572033,293.4332116377571,295.0688421646148,19417200
2023-09-27,295.1480712890625,298.6770779649397,284.2934125858477,297.8345016800585,36429800
2023-09-28,301.31396484375,303.66332872549503,294.11718502598364,296.33767574089586,22167100
2023-09-29,297.59661865234375,307.93584693640213,296.75401197888146,304.704216042569,25373700
2023-10-02,304.1490783691406,304.5059299768926,299.00425592730016,300.104578636452,16265600
2023-10-03,298.32025146484375,304.0994866817158,297.03158036045915,301.61135737230416,17362300
2023-10-04,302.91986083984375,304.2283772759008,295.9015067543039,296.1295154558936,16880500
2023-10-05,302.13677978515625,303.54440159622794,296.89282131542484,301.97816897158543,19130000
2023-10-06,312.68414306640625,313.5564874187688,298.2905520081828,298.81593709513936,21803900
2023-10-09,315.588623046875,317.5414751678971,309.10557632186953,309.7796495788927,22503700
2023-10-10,319.038330078125,321.83378880843856,315.3903722999116,316.34200688294163,19038000
2023-10-11,324.9662780761719,325.97738791097737,320.13867709965075,320.19815236923245,22036300
2023-10-12,321.3381652832031,327.662631720703,319.8809605389769,325.1447341503426,20530500
2023-10-13,311.9505920410156,322.22039260310345,309.65078063069194,320.71363525767725,21341000
2023-10-16,318.3543395996094,319.0185204694929,312.7733446736432,315.8662100616769,16536100
2023-10-17,321.17950439453125,321.57601625080804,314.53781735721145,315.41016159216974,16387800
2023-10-18,314.21075439453125,323.1026711047013,312.81302491646005,318.5922912851323,16851000
2023-10-19,310.08697509765625,319.08795030688776,309.03620485654955,317.09543774973184,18709200
2023-10-20,305.963134765625,312.55523915239206,303.80211935646275,311.40536380308697,22312300
2023-10-23,311.2764892578125,314.5973026301898,304.5852493700825,306.8057400373974,17796800
2023-10-24,309.8292541503906,315.578783561365,307.9259846054587,314.02244308057266,19525500
2023-10-25,296.92254638671875,308.1737490291754,296.2385505173556,307.3014047174126,42192500
2023-10-26,285.8398742675781,292.43197892863674,276.9677733145693,292.43197892863674,66684100
2023-10-27,294.14697265625,296.70450041423834,290.419693821055,291.9165589334296,29596300
2023-10-30,300.02532958984375,306.7066477918955,296.4467391323724,296.4863994004334,28435100
2023-10-31,298.64739990234375,301.0364242117363,294.2757858177128,300.6696499436243,19434200
2023-11-01,309.13531494140625,310.0175516552152,299.222366123352,299.222366123352,20434600
2023-11-02,308.16387939453125,316.04468693927066,305.64598156201987,314.5378991409536,21631800
2023-11-03,311.86138916015625,312.8031011868626,308.31253639094047,309.82921641467783,16764300
2023-11-06,313.0508728027344,315.5588473330183,311.7126490795683,313.22932885081644,12887700
2023-11-07,316.0446472167969,318.20566283791453,312.3768439867447,314.299958512523,14055600
2023-11-08,316.99627685546875,318.53277182519207,312.13893797333276,315.37056897639883,13609700
2023-11-09,317.7595520019531,321.35795714702647,316.0247860148068,316.63941423329265,16103100
2023-11-10,325.90802001953125,326.2351642842686,316.67906673273416,317.1548991851157,19096200
2023-11-13,326.32440185546875,329.4370524090673,322.86479200320247,323.36043950075,16908900
2023-11-14,333.38238525390625,335.1568115946723,330.4283155624995,331.62780417236013,17179400
2023-11-15,329.8137512207031,335.4542221949826,327.14716524859887,334.98831233456497,14531200
2023-11-16,331.28082275390625,331.66741200788823,323.53881252614497,326.50277439703774,18932600
2023-11-17,332.1234436035156,332.5794307757708,326.4829733409951,327.38505530805384,14494400
2023-11-20,337.01055908203125,338.8940135133267,331.28087524783984,331.97479384185925,16960500
2023-11-21,334.04656982421875,336.94113402174503,332.9759543798253,335.3847937518308,12027900
2023-11-22,338.51727294921875,339.9348475941971,335.6326012688178,336.25712187256374,10702700
2023-11-24,335.2856750488281,338.88405001830046,333.83836275604654,337.16912925300625,5467500
2023-11-27,331.7864074707031,336.9411226805428,331.2907600321463,333.25350452760324,15684500
2023-11-28,336.0390625,336.42568204806275,330.4977274078799,330.4977274078799,12637200
2023-11-29,329.30816650390625,336.9411188190531,327.90051448369286,336.7329553677821,16024500
2023-11-30,324.3020935058594,330.59682164758357,319.593443122573,329.00085151227404,23146400
2023-12-01,321.9924011230469,324.0146208399716,317.96774644363103,322.64665935567007,15276400
2023-12-04,317.2341613769531,318.0668454059469,310.92954076374997,314.5279458457028,19037100
2023-12-05,315.5192565917969,319.078001589407,312.644507483201,316.2032524808111,16952100
2023-12-06,314.6865539550781,319.4447570091409,314.2801194470397,319.12753540502547,11294300
2023-12-07,323.74700927734375,325.38263987014375,315.0037806878623,315.0037806878623,15905100
2023-12-08,329.8533935546875,330.26975074319756,320.18826782318274,320.27748073816616,14087400
2023-12-11,322.4484558105469,327.0183417667845,317.214419105385,326.5325866162208,25802500
2023-12-12,331.3105773925781,331.55840111361704,321.73466518140424,321.77432544730783,18485500
2023-12-13,331.8260498046875,335.4244551825213,329.74435468699323,331.02310334456655,16353300
2023-12-14,330.2697448730469,331.786424904649,325.779180053839,330.94381816444326,19607300
2023-12-15,332.0044860839844,335.7119191603619,328.33668302041815,329.0999691679317,31776900
2023-12-18,341.6200866699219,344.5344964635308,334.0862384296534,334.54225592253124,18993900
2023-12-19,347.31005859375,350.5218745666176,342.11568311875016,342.57167029164464,17729400
2023-12-20,346.239501953125,351.8700500578923,344.76248214532603,345.6149812888574,16369900
2023-12-21,351.00762939453125,353.30744096637494,346.17010514062605,349.9073065078524,15289600
2023-12-22,350.31365966796875,354.0904901746394,348.16253678988033,352.4845672980826,11772800
2023-12-26,351.7411804199219,353.8724888040851,350.3732187747808,351.8997912451386,9898600
2023-12-27,354.7150573730469,355.8748857712245,352.2170049987148,352.9703988386223,13207900
2023-12-28,355.2007751464844,358.7495973710055,354.6952050963075,356.5687668691386,11798800
2023-12-29,350.87872314453125,356.8661526201397,348.7573678571759,355.8649351224526,14987100
2024-01-02,343.2755432128906,350.0857348081717,337.05021201896517,348.2617556958284,19042200
2024-01-03,341.4714050292969,344.9211226732362,340.19262595195124,341.9769751823711,15451100
2024-01-04,344.0982971191406,345.11932970434566,340.41067870668667,341.501109198634,12099900
2024-01-05,348.8862609863281,350.4227560194501,343.2457904424102,343.96941637649724,13920700
2024-01-08,355.5378723144531,355.85509397846937,348.98539656002515,351.61235254100137,13890200
2024-01-09,354.3184814453125,357.5005594299917,352.26649401636956,353.29744904498443,13463900
2024-01-10,367.2449951171875,369.69349454560995,355.9541325367698,357.0346705179699,22117200
2024-01-11,366.45196533203125,369.53487766691745,359.77061774846607,368.8905420914892,17205400
2024-01-12,371.2300720214844,373.7777075496553,366.32317969592276,366.93777778401164,19310000
2024-01-16,364.2612609863281,372.34030938016446,364.03328249207794,370.39737960399464,15306900
2024-01-17,365.16326904296875,365.3318024736922,355.48822189160364,363.1112814992652,12724800
2024-01-18,372.8557434082031,373.5694769229854,367.7208432542545,368.25612070140227,16354300
2024-01-19,380.1120300292969,381.0140817393726,374.6797232506199,375.70075575671575,21670800
2024-01-22,378.4565734863281,386.95197821430475,377.8419754760099,384.57287645581624,17680500
2024-01-23,381.8468017578125,384.9991122312808,378.75393630536456,381.2718337835055,15506100
2024-01-24,387.2989196777344,392.70145859414,384.4340629686961,386.60500116462015,15698500
2024-01-25,389.7572937011719,392.04718233656905,382.3027674759573,386.7735168364553,15091100
2024-01-26,390.7089538574219,393.33587907319196,388.18113392185984,390.91711729854256,13163700
2024-01-29,397.5290832519531,399.42246020474215,389.6780443214767,391.5515760143711,18742400
2024-01-30,396.5774230957031,402.8225686731587,396.09169829023307,400.0766927751704,18614700
2024-01-31,386.7438049316406,394.53536828693876,383.7302599797155,385.6137142301989,20180800
2024-02-01,391.3433837890625,397.01359160077834,389.6284327898342,390.51069973653455,29727100
2024-02-02,470.8551330566406,481.72963881592403,449.0664915252919,455.59912098341835,84707600
2024-02-05,455.4107666015625,467.7920294868746,455.2224181615912,465.7896247984481,40832400
2024-02-06,450.7615966796875,463.05364680414374,449.05656832277816,459.96081170368444,21655200
2024-02-07,465.50213623046875,467.415327994543,452.2088689116338,454.01303276517825,23066000
2024-02-08,465.90863037109375,466.49349076622264,460.9818932185822,464.2432621017178,18815100
2024-02-09,464.0350341796875,469.4673410411531,463.4006211841716,468.8329280456372,18413100
2024-02-12,464.81817626953125,474.9789490756288,462.5183648227148,464.1143653554513,19382000
2024-02-13,456.11456298828125,463.81694302069843,451.12835130568254,452.892854856831,20916600
2024-02-14,469.1600646972656,469.98282618084056,462.0326517085822,463.8566307551382,16858400
2024-02-15,479.8164978027344,484.3665380343901,468.1093067569019,471.142666911339,24212300
2024-02-16,469.19970703125,474.7905945088787,465.12546928119934,473.9479877976202,23324600
2024-02-20,467.6433410644531,472.03476994795795,462.49851842146023,465.63101374806274,18015500
2024-02-21,464.447998046875,465.41057550181085,458.25576468630754,462.92970889465835,12921800
2024-02-22,482.4095153808594,486.2399591800924,472.41657665178604,476.56457866928184,21625800
2024-02-23,480.3255615234375,490.57648938610384,478.65842637192833,484.31478426826664,18374300
2024-02-26,478.05303955078125,482.419388801166,476.92178017882867,479.7698100644105,12101400
2024-02-27,483.3224182128906,483.5407356847416,476.2470121182993,476.30655049389355,10809600
2024-02-28,480.3156433105469,487.29183946523705,479.05537389204176,481.28815398786173,12715500
2024-02-29,486.37884521484375,487.9368366492081,478.9163793809535,484.70177703360076,17732000
2024-03-01,498.4557189941406,500.39080710945973,488.0857144887077,488.3437040291378,16273600
2024-03-04,494.3771667480469,500.5594971142455,492.62072412682585,499.1503515840117,12324100
2024-03-05,486.46820068359375,491.7871644614326,484.15604619661946,491.21161670016596,15325300
2024-03-06,492.2932434082031,499.120593170195,490.50703156108455,493.8214657207925,11757900
2024-03-07,508.2700500488281,515.8713989915751,497.5427848270461,499.42823746816646,18586400
2024-03-08,502.077880859375,519.5630268140114,495.52838585361917,510.25480888657324,18597100
2024-03-11,479.888916015625,493.51384651254926,472.3570085263561,493.2062214717345,20428300
2024-03-12,495.9252624511719,498.4656675759742,481.02022594568126,489.48494207040557,15448200
2024-03-13,491.77728271484375,497.1458822287544,487.2720200219319,491.59866756926175,12090700
2024-03-14,488.0658264160156,497.5129856516663,484.4239312675284,496.43133146634375,12620000
2024-03-15,480.39501953125,488.0658397573239,477.61643073962875,485.2674452189563,29153600
2024-03-18,493.17645263671875,493.6130875886428,483.0842738072249,488.1452478161507,11755300
2024-03-19,492.4421081542969,492.82913789689565,477.59661025996246,484.43389344040116,10903100
2024-03-20,501.6510925292969,504.31060469928195,491.3803284187274,495.6771763017406,11711100
2024-03-21,503.8739013671875,511.098152862603,502.13729487901685,510.77072210524216,9712500
2024-03-22,505.67999267578125,506.06702240568086,500.4801059197025,503.11975164327384,8120600
2024-03-25,499.17022705078125,503.3380953120619,496.41150443106284,501.9190467966136,8380600
2024-03-26,492.0948181152344,506.09681547367757,491.41999934541593,501.2640919046953,11205400
2024-03-27,490.0802917480469,496.0641709946274,484.3346265696149,495.47865983348026,9989700
2024-03-28,481.8636779785156,489.1177599265289,481.4369761827551,489.06812442310434,15212800
2024-04-01,487.5894470214844,493.6229002703778,478.0926839783507,483.4712152030379,9247000
2024-04-02,493.5635070800781,493.7222861970165,480.9408549816661,481.3874231408066,11081000
2024-04-03,502.8617248535156,503.3578981717305,494.9328849193272,495.11150004572073,12099200
2024-04-04,507.0097961425781,525.943758109554,506.67237161008114,512.4676727823381,26476300
2024-04-05,523.3040771484375,526.6383471527769,510.4729824465434,512.9042437043852,19263300
2024-04-08,515.2760620117188,527.4223768254514,514.9188317096773,525.2293292201076,13260600
2024-04-09,512.9440307617188,521.8453515412855,502.8617544246005,518.2331950359386,10863800
2024-04-10,515.8516235351562,518.5607107573752,501.92896968081385,505.39228040139363,11418500
2024-04-11,519.1561279296875,519.8507828068974,513.3310570289301,517.1218290927488,10369500
2024-04-12,507.98223876953125,516.2088008915841,505.43190063751956,513.787472668167,11984500
2024-04-15,496.40155029296875,514.5615112314049,493.4741157112928,512.7653057412805,13512900
2024-04-16,495.9352111816406,500.9068477028601,493.30546812148475,494.2978148508964,9847900
2024-04-17,490.3879699707031,499.30915689281545,483.41177405310106,499.2496185150052,12193700
2024-04-18,497.9595031738281,508.28986501966875,495.2206471982187,495.99467632150186,14808700
2024-04-19,477.3882751464844,498.95195140359095,472.08914694846294,498.95195140359095,25215400
2024-04-22,478.0431213378906,488.24444280786287,469.7768574979575,485.97196069601875,17271100
2024-04-23,492.3031921386719,494.94283793154807,485.22775549164936,487.4903047021122,15079200
2024-04-24,489.7230529785156,506.0967720750617,480.8713078752949,504.17161722523144,37772700
2024-04-25,438.0019836425781,442.35836983181287,411.32769996695043,418.17488602057387,82890700
2024-04-26,439.8973388671875,443.02322464354364,428.65403477490287,438.0813276050655,32691400
2024-04-29,429.30902099609375,436.3943909124522,425.2800958497785,436.19590946046895,21502600
2024-04-30,426.8777770996094,436.2554348890997,426.43120898791216,427.7510167239678,18429500
2024-05-01,435.8287048339844,446.5162667930731,423.8411409701157,425.3197579943867,20344900
2024-05-02,438.2996520996094,440.562201203768,428.9715998380439,435.48139130558843,15221300
2024-05-03,448.5010070800781,450.69411509659585,440.4530898609674,442.5171576767287,16489100
2024-05-06,462.1159973144531,462.59233462582085,449.87044284737243,452.0932897323867,15094600
2024-05-07,464.6563720703125,467.9212009325345,457.7794172557727,462.7213143300044,13406800
2024-05-08,468.9830322265625,471.9402058578811,459.4564983423583,459.9526716667021,11683900
2024-05-09,471.78143310546875,472.4363552104369,464.0510446249137,466.40290121752565,9437700
2024-05-10,472.5555114746094,473.8455500732435,466.00601718642696,473.4386842914545,10750000
2024-05-13,464.42816162109375,469.7272890553807,459.30764931420595,469.13187501336745,14668800
2024-05-14,468.23876953125,468.9234911376046,456.55883016199584,459.82365909681533,10478600
2024-05-15,477.8546142578125,478.8072585621629,467.59375353224107,471.34482265738814,13100500
2024-05-16,469.6081848144531,474.0340420992476,469.13184755192253,471.3646273657603,16608200
2024-05-17,468.29833984375,469.1815126685142,464.83505951456476,467.2265884372279,10807300
2024-05-20,465.2518005371094,469.5784476860999,463.4655886777014,466.3533210681569,11745100
2024-05-21,461.0740661621094,467.09761808342193,458.7321121308233,463.54499982976347,11742200
2024-05-22,464.199951171875,470.0944931584009,462.0862477959769,464.28925874330497,10078600
2024-05-23,462.2152099609375,470.72953068178265,458.0076699601858,469.26087705798136,11747900
2024-05-24,474.5600280761719,476.17755800168163,462.73124238654253,464.0411472655585,12024300
2024-05-28,476.24700927734375,477.17978725076165,471.2058714243165,472.93254487428226,10175800
2024-05-29,470.72955322265625,476.17755705003367,470.07463106847433,471.0272753949379,9226200
2024-05-30,463.4754943847656,468.1196997588506,461.1534068397315,468.06016138210737,10719600
2024-05-31,463.25714111328125,465.52962326344255,450.98181875095815,462.2350253461456,16919800
2024-06-03,473.8355712890625,475.9294383757683,464.65636518199324,467.2563084447153,11279400
2024-06-04,473.33941650390625,475.22489935660434,469.60821371186694,473.3493496612414,7088700
2024-06-05,491.2711181640625,492.8489456650612,480.2064593427849,480.74233500026116,15690500
2024-06-06,489.9811096191406,498.9717681761462,487.13307947431673,489.20708041502814,10667300
2024-06-07,489.18719482421875,495.0916694898727,486.4185694824564,492.1146295476639,9380700
2024-06-10,498.75341796875,498.8129563433123,489.6337500954303,490.0802879046476,11220900
2024-06-11,503.5861511230469,503.71516103182034,494.4565499121785,496.332099600009,9673700
2024-06-12,504.9456481933594,510.07609352042476,500.60909832909755,510.05622720634506,11983200
2024-06-13,500.241943359375,505.4616660517263,497.52289299395886,501.83960690092306,9954600
2024-06-14,500.7982177734375,503.76827047428316,497.41095233353604,499.29827689365226,10243300
2024-06-17,503.2518005371094,507.3443235636685,492.70261945247114,498.324882260735,11266600
2024-06-18,496.15936279296875,502.62596344611273,491.7191677926502,501.195563022246,13060400
2024-06-20,498.3546447753906,500.31150990328194,493.45749528868265,498.652632230771,11801200
2024-06-21,491.48077392578125,500.09297514636967,489.1067263628177,500.09297514636967,22359200
2024-06-24,495.5832214355469,504.4139262555408,490.9940329117928,495.8712961742398,13525300
2024-06-25,507.1952819824219,507.3045339423374,492.1959639995384,493.73561634252076,12063200
2024-06-26,509.698486328125,510.383887800089,501.3147622286422,503.27162738652333,8882300
2024-06-27,516.0956420898438,519.393512056329,510.473408877194,510.82105087347725,10121200
2024-06-28,500.85784912109375,518.4000954188623,500.48037812073636,513.7016545830614,15855100
2024-07-01,501.31475830078125,503.2020829318588,489.8815282371348,501.58297732671764,10328200
2024-07-02,506.10260009765625,507.0959319918616,496.11962668652535,497.42088904280774,7739500
2024-07-03,506.5595397949219,507.87074521081,502.6458095867641,502.9934818232005,6005600
2024-07-05,536.309814453125,537.2634349299381,508.18862031678924,508.18862031678924,21354100
2024-07-08,525.79052734375,539.1905669814913,523.1383477493558,538.7336124129018,14917500
2024-07-09,526.4658813476562,533.8959841966067,524.667953121388,530.1908757911539,8753200
2024-07-10,531.1246948242188,535.2867583710278,524.8368862253591,527.2506757341519,10983300
2024-07-11,509.28125,531.8894925345625,504.9801061273009,527.3499587191284,16458300
2024-07-12,495.5434875488281,504.70200901700827,490.93444322689584,494.4409036740209,19750500
2024-07-15,492.8515930175781,503.3014344107721,490.0801883381436,495.3051241917836,12539200
2024-07-16,486.5240783691406,500.5896628261979,482.5507504540652,498.15598735257976,14075800
2024-07-17,458.909423828125,475.9748899890231,456.0585659449274,475.9748899890231,28076600
2024-07-18,472.6770324707031,476.04441214611455,461.442450113497,471.8326942182321,19267200
2024-07-19,473.6107177734375,483.4645530933458,472.5379023621215,472.885574584568,15149400
2024-07-22,484.14996337890625,488.77889368380687,480.67330171898413,483.3354239432015,12023100
2024-07-23,485.43133544921875,491.9177911002036,484.4678023595281,486.57366099330596,9455500
2024-07-24,458.1942138671875,473.12399173942754,457.5088124022394,469.1606069922724,17649700
2024-07-25,450.38665771484375,460.4590282516497,439.6983958852032,460.17098380293606,18240500
2024-07-26,462.5946960449219,466.63753399730916,456.3565726815499,461.1046981366571,14222400
2024-07-29,462.6046447753906,470.7996339090199,461.91924325908735,466.74685262113263,11339600
2024-07-30,460.10137939453125,469.5777736772628,453.6546654254172,463.8859712962542,11390400
2024-07-31,471.66375732421875,473.32263488120134,463.6376491727193,467.8791653340308,24285800
2024-08-01,494.4210205078125,523.6547716585801,488.8186442383986,517.5259306837595,43083100
2024-08-02,484.8850402832031,497.80826747717975,472.9749703834954,485.73929115246585,24044700
2024-08-05,472.5578308105469,480.256153607523,447.7940416649235,448.340392438967,21396200
2024-08-06,490.79534912109375,499.2088714287347,475.4583023384702,475.8059745622405,20955000
2024-08-07,485.65985107421875,506.7482681354804,483.61355944940226,499.77508903606014,20105300
2024-08-08,506.23175048828125,506.55953668319745,491.4211679453795,494.18262946631637,16156800
2024-08-09,514.3175048828125,514.8837113715979,502.3279809305961,504.3245575432351,13696600
2024-08-12,512.5096435546875,514.5658480140165,505.7053134773553,513.4135489736507,9767400
2024-08-13,525.0155639648438,527.9558478978068,514.6948927145733,516.5424752985086,13743800
2024-08-14,523.24755859375,530.4392723612109,519.6417586898049,524.5388780300436,11444200
2024-08-15,533.7471313476562,536.1708639926986,523.1880067278528,528.2440329479462,13482100
2024-08-16,523.9031372070312,530.1015190770014,521.1615312349661,528.3533057155574,14776700
2024-08-19,525.750732421875,528.1148065447744,519.2741890909025,523.3567686125551,9879700
2024-08-20,523.2177124023438,527.5486857302659,522.3734045061494,524.8269052919596,7944400
2024-08-21,531.5914916992188,535.8032700316064,523.4163892745524,523.6349538269176,13423300
2024-08-22,528.383056640625,540.6010274942679,525.0653618809546,533.4192569001465,15708300
2024-08-23,524.4791870117188,536.2700305512936,521.5587891134588,533.3396896345922,11323900
2024-08-26,517.6451416015625,524.479270276633,511.5163004380435,524.081913244852,9584000
2024-08-27,515.6385498046875,520.5158432413665,511.87384384105246,515.5193548304624,6282700
2024-08-28,513.3340454101562,517.6153031156273,509.0329016673362,514.2180646497437,9106100
2024-08-29,514.764404296875,523.684565573268,512.2413632137636,515.5888867116108,8317400
2024-08-30,517.833984375,520.0490956842386,511.7647394460902,517.8736958351366,9157500
2024-09-03,508.34759521484375,521.9860242058709,505.22851817675394,516.1750562434878,12459100
2024-09-04,509.32098388671875,513.1453480424364,500.70881337108693,502.6954771522908,8335200
2024-09-05,513.41357421875,518.1517873635855,507.74165686241577,508.3078633902029,8640900
2024-09-06,496.93414306640625,521.0820696565472,494.9276235238455,518.4000613773472,14744500
2024-09-09,501.42401123046875,507.92037993887993,498.7320599932226,502.7848710640587,11047800
2024-09-10,501.42401123046875,510.7513818768451,496.6957417525211,504.7715348360927,9899000
2024-09-11,508.4171447753906,509.6985516455456,492.2953845304637,503.62930719219764,10782500
2024-09-12,522.0952758789062,523.1979204782829,511.7844848502824,513.6022993894097,11970500
2024-09-13,521.121826171875,524.0621107021185,513.6618931917054,516.8703967615143,10321400
2024-09-16,530.2294311523438,531.0446869851908,514.4402669362904,521.5393768501115,9527600
2024-09-17,533.2520141601562,538.9989183875797,527.5349067624319,534.5246604241431,11690800
2024-09-18,534.8727416992188,541.0869894169668,530.8459213153205,533.9977707656788,10323500
2024-09-19,555.9017333984375,558.8547755441265,543.393738974814,546.8538127706381,15647000
2024-09-20,558.1387939453125,561.2707987619654,553.1176944195414,556.7965408444652,22066800
2024-09-23,561.1812744140625,570.6965366558616,559.1927153838685,566.2421838477487,12830700
2024-09-24,560.1076049804688,564.5023042983775,551.0198738833946,563.438417728342,12993000
2024-09-25,565.0588989257812,573.5798802972372,560.4951299755024,560.8232591553777,16543400
2024-09-26,564.5917358398438,574.0970460697704,559.1330900425771,572.436555499505,14400800
2024-09-27,564.1144409179688,567.5745750797583,561.2807684246667,566.8387572234752,9398400
2024-09-30,569.1654052734375,571.392581823153,561.5690947166503,564.4525297734127,12792300
2024-10-01,573.1723022460938,579.7047261626475,566.8387463764593,574.6736740742251,15259300
2024-10-02,569.533203125,572.7049569634005,566.0830826003516,571.5714638381036,6524700
2024-10-03,579.436279296875,580.0228702133212,565.4765563823341,566.8884769556879,11581000
2024-10-04,592.531005859375,593.4357736219438,578.1039987005454,580.3908297151592,14169500
2024-10-07,581.4347534179688,599.5007936445444,580.698935664524,594.7978106805275,12014200
2024-10-08,589.4984130859375,590.1645633879729,582.6179549512773,586.3167064096679,7857400
2024-10-09,587.132080078125,590.9898899372046,578.2829670054293,590.5921538066963,9529700
2024-10-10,580.4903564453125,586.853710357084,579.1878524159358,584.2089529557763,7740400
2024-10-11,586.5752563476562,587.82805834101,579.376681824714,581.4845497009563,8587100
2024-10-14,587.0425415039062,596.6671607014488,586.5852117292404,590.8207918278077,8252000
2024-10-15,582.9163208007812,587.2314602827565,576.821381994876,586.7840223253323,9564200
2024-10-16,573.490478515625,578.7502561624128,570.7463179400054,578.074153352245,11268400
2024-10-17,573.6297607421875,581.6237474143095,571.9096763385753,579.9931748825336,8701200
2024-10-18,573.1723022460938,580.6293988605148,571.9593103260983,577.7758214109436,7694300
2024-10-21,571.869873046875,573.9379917697427,565.8544931305977,572.7349521980965,8171900
2024-10-22,578.6806640625,580.1919884331684,568.8472245196812,571.0047942012734,8544500
2024-10-23,560.4653930664062,581.6534860008076,559.2821980776996,576.6522311713827,14248400
2024-10-24,564.5320434570312,565.6257266322763,558.3078440792799,563.885737507838,7184700
2024-10-25,569.970703125,577.9646881740268,568.4494264147659,570.6468058786587,11337900
2024-10-28,574.8526611328125,580.410710743533,570.8357934356153,578.67072146079,10925100
2024-10-29,589.88623046875,590.2739533915471,572.1085063582906,576.8313344603039,13019100
2024-10-30,588.4146118164062,597.7608636426235,586.0084723536592,597.5420905900066,26864900
2024-10-31,564.3331298828125,586.525453807229,559.7892656536117,581.6534603775302,26838400
2024-11-01,563.91552734375,570.3882965161611,559.3418659763402,564.3629652502584,15303200
2024-11-04,557.47265625,565.4368452329544,554.6986381254013,560.87307535209,12064600
2024-11-05,569.1553955078125,570.1993768247104,563.4283359927113,564.0547369200507,9775400
2024-11-06,568.777587890625,569.7221655728422,551.9941447200907,559.5308004818795,18305400
2024-11-07,588.3152465820312,591.3974890420855,571.9195858236583,573.5899682554951,14653700
2024-11-08,585.9686889648438,589.7071287920577,581.1762546419226,588.156055247851,9415700
2024-11-11,579.833984375,583.6420920185832,573.2121093173138,583.0057385461188,10209100
2024-11-12,581.474609375,596.2296848177605,577.0600054748132,585.1733003985561,16287700
2024-11-13,576.68212890625,582.2898800347385,571.8797417717248,579.2771839216865,10757600
2024-11-14,573.8584594726562,577.4379028948505,569.732235024845,573.6994014184785,11053700
2024-11-15,550.9104614257812,569.2946816423462,548.3452030486293,567.9523677618081,17712900
2024-11-18,551.2285766601562,556.6971138862053,546.9432344613651,553.8534284072965,14327300
2024-11-19,557.88037109375,558.2183921757821,547.4503270456743,548.7031290595829,9522400
2024-11-20,562.2849731445312,563.1101814515828,551.0297217043255,559.7097624878369,9797300
2024-11-21,559.868896484375,566.7393414481576,545.9091728138703,566.2621066854078,11154700
2024-11-22,555.94140625,560.604579130286,551.4174470523492,560.3261517650154,9164000
2024-11-25,561.8773193359375,569.3145718667378,553.207230520728,558.8845280879963,13599800
2024-11-26,570.2589721679688,574.1963403487478,561.9667161460518,562.7621275106342,10356600
2024-11-27,565.9439697265625,571.6908743519631,560.8731072719025,571.601423170664,7200200
2024-11-29,571.0346069335938,575.1509386081322,563.6570700717043,565.7450327371056,7130500
2024-12-02,589.4387817382812,591.0992116485587,572.2775064388576,574.196458750282,12522400
2024-12-03,610.1396484375,610.6864900333547,587.8677630350062,591.5963112149323,14907200
2024-12-04,610.2689819335938,614.2461004633882,601.6385813202486,609.4536653526643,14697000
2024-12-05,605.4466552734375,616.353933785045,603.5774048146206,613.5500580968196,8081200
2024-12-06,620.2017822265625,626.1873039273537,605.0489714012239,606.6099369109293,16935500
2024-12-09,610.0601806640625,622.8168057440383,602.7024868767651,620.3509509110658,11426000
2024-12-10,615.7772216796875,622.0113739130567,609.234845211511,614.0272799520044,10938900
2024-12-11,629.0608520507812,634.7481632992731,617.9746701821156,619.8041107841092,10837200
2024-12-12,627.1815795898438,633.0179957315453,623.6221024715439,627.8875399219128,7474700
2024-12-13,616.80126953125,627.469929936179,613.3611012669363,623.6319649076017,8453300
2024-12-16,621.169677734375,628.0457250425881,615.5375430599308,626.8814359361309,10885600
2024-12-17,616.3933715820312,629.2597698587709,613.5076105410767,623.0902515630854,12897800
2024-12-18,594.2528076171875,624.2744037203172,593.387091448316,617.945699059959,17075500
2024-12-19,592.6406860351562,608.5122478337648,592.0734823017316,607.3878008993366,14958100
2024-12-20,582.3714599609375,600.143601343373,577.1472819775203,587.6752614717944,48989400
2024-12-23,596.8995971679688,598.1335492116074,583.366513431805,586.7000120717197,10205800
2024-12-24,604.7608642578125,604.99967413285,596.3325519539701,599.7555744761255,4726100
2024-12-26,600.3823852539062,603.3178877600023,595.9941026607926,602.5019136601244,6081400
2024-12-27,596.8599853515625,598.8899302682426,586.8992072611702,596.4619283553646,8084200
2024-12-30,588.33203125,594.0040084763427,582.6998961577467,585.854287801351,7025900
2024-12-31,582.6302490234375,591.0486006579675,580.9783795227164,589.3570104919964,6019500
2025-01-02,596.2926635742188,601.9347590067932,584.9288491785778,586.8194676993116,12682300
2025-01-03,601.6561279296875,606.5021699414652,593.4765264756181,601.7854933825649,11436800
2025-01-06,627.1004028320312,627.8864953892827,602.641281410124,608.8207596792694,14560800
2025-01-07,614.8509521484375,628.9910220723464,605.2384303850833,628.5930258941997,12071500
2025-01-08,607.7161865234375,613.4080846789525,599.8251969713253,610.3830585744919,10085800
2025-01-10,612.8309326171875,626.811816790901,594.4020628949343,607.0296506844576,19256600
2025-01-13,605.3380126953125,605.9748187670136,595.5066015316934,604.1140210154849,10785000
2025-01-14,591.3272094726562,602.5119163465189,585.6552325061541,602.0939991024484,13598000
2025-01-15,614.084716796875,619.3984789584875,603.5169556717734,607.2087300599234,15524300
2025-01-16,608.2932739257812,613.2189392153532,606.7111284430702,608.4923023613607,8355300
2025-01-17,609.7561645507812,621.8961113451103,600.7008856525179,620.9806532892833,17280600
2025-01-21,613.427978515625,618.4431675349931,606.0146090104106,614.791235345522,11674000
2025-01-22,620.4332885742188,630.583131584813,616.3832997551551,620.2342601357851,12274000
2025-01-23,633.3196411132812,633.468866899262,618.0949061109532,624.2743234364817,9910200
2025-01-24,644.3052978515625,648.7931250445398,631.0806868452225,633.2698782484986,19065300
2025-01-27,656.6344604492188,660.6048263723562,622.025492753922,623.5280757089856,28399200
2025-01-28,671.013427734375,679.2228513674787,656.2264682196907,662.7243805632816,20950100
2025-01-29,673.1627197265625,677.7002892439266,662.3959298804792,671.6800579089199,21377800
2025-01-30,683.6209716796875,707.2939380483791,672.7745593343109,693.3926790288638,29322900
2025-01-31,685.7902221679688,701.8309301836515,682.2079532641749,687.6012776839267,19303900
2025-02-03,694.0296020507812,700.5374135449807,671.9288188867163,672.5855459885331,21415700
2025-02-04,700.7265014648438,704.2292080677055,688.2083581609453,699.0448111623289,13826300
2025-02-05,701.4031372070312,714.6078889974233,695.5719738179728,700.0896222542642,17778200
2025-02-06,708.4880981445312,715.3641456188349,700.0398655613205,702.4081644926629,13080700
2025-02-07,711.0057983398438,721.4441956937233,708.2494025854946,713.2745530420232,16427100
2025-02-10,713.87158203125,717.6528800590577,707.8314292796238,715.0258499928055,12904300
2025-02-11,716.2597045898438,720.1007048878689,706.5476987131067,709.8115954275665,12998000
2025-02-12,721.8123168945312,723.5238281436095,709.0951445232752,711.7818770685368,12016500
2025-02-13,724.9765625,725.4144007817218,714.5082858683488,717.9712107274046,12569100
2025-02-14,733.0467529296875,737.2658892402018,722.0511132817282,722.5685751543255,16901200
2025-02-18,712.8465576171875,733.3750946365709,702.9654052178096,732.3800130970368,21938700
2025-02-19,700.3086547851562,703.5227491828676,691.9698654310938,700.6369880110449,17535500
2025-02-20,691.4224853515625,702.1593933249234,690.228375354197,693.8504867433877,12587400
2025-02-21,680.1880493164062,700.4081157208864,679.0038997241937,693.1539923611765,15660400
2025-02-24,664.8438720703125,683.8897484077801,659.1918158891808,682.9046273446285,15677000
2025-02-25,654.26611328125,664.7144694629277,638.703023401866,662.6944247816905,20579700
2025-02-26,670.3865356445312,679.650743596255,654.7637412221762,656.4056502775858,14488700
2025-02-27,655.0025024414062,685.2629678985895,654.3358147754243,679.0934498337167,12500000
2025-02-28,664.9135131835938,666.3364725318584,639.4393887052988,654.8034504822056,17534200
2025-03-03,651.828125,677.8992724698688,647.638870751695,670.3664982200642,10843800
2025-03-04,636.8522338867188,646.5542796373367,620.5826737681288,642.3351433054311,21495200
2025-03-05,653.2410888671875,656.2562148067185,634.5236092639633,637.8472080229061,13770000
2025-03-06,624.841552734375,647.3602531536812,621.040333910999,644.812846805576,13446500
2025-03-07,622.5827026367188,631.6678021460568,597.6559216844704,622.294150848658,21375700
2025-03-10,595.0487670898438,607.1091498209839,583.9834658430217,605.0792054575583,21999900
2025-03-11,602.7308959960938,611.9055191678449,590.4117809661785,592.1232921602733,17401500
2025-03-12,616.5126953125,630.2149870827395,606.352891273559,626.8018648059933,15747000
2025-03-13,587.7350463867188,617.4481701854057,583.6253542710872,617.1993997703431,16480300
2025-03-14,605.1494140625,606.4043419789234,592.381172955088,600.3687854957838,12364500
2025-03-17,602.4603881835938,610.6272679434014,595.5881924170304,605.01006095703,15473900
2025-03-18,580.01123046875,597.8290917063831,572.34227369431,597.6298861819188,20297700
2025-03-19,581.7044067382812,589.9311027976759,572.4518964146898,581.9235510596104,20537500
2025-03-20,583.6365356445312,607.7389439842362,577.172720940167,580.4096129893901,24336500
2025-03-21,593.84521484375,595.1299901540924,578.6069346961235,581.0669435562578,25015900
2025-03-24,616.35400390625,620.0291236750295,609.7308614385815,612.4896480218807,15741300
2025-03-25,623.7839965820312,631.3234729455945,618.674681768664,624.2321938231848,15312500
2025-03-26,608.5158081054688,624.2222248223229,604.163437823038,622.3697410659778,12609800
2025-03-27,600.1497802734375,611.7726975303846,597.6797409070035,599.572102422941,10436500
2025-03-28,574.4139404296875,599.3230823357646,571.605306475786,597.8888875675808,17602800
2025-03-31,574.0354614257812,576.3660506926756,551.0684674021583,561.2273418254761,21124700
2025-04-01,583.6365356445312,587.5307390242879,567.70106709451,568.537705940541,12836600
2025-04-02,581.5748901367188,590.2696609066593,571.0475136953103,572.5912500878843,13470800
2025-04-03,529.4759521484375,550.3315027907909,528.1612684622463,544.0170454965238,34777500
2025-04-04,502.6943664550781,515.9108358048159,492.2068365877987,504.5767280238223,38589800
2025-04-07,514.1678466796875,537.1945936136326,479.9563819403582,483.14348777248983,36606100
2025-04-08,508.39129638671875,545.2221314563009,500.8318811641039,541.0589972717423,28034200
2025-04-09,583.4075317382812,585.5189766353849,500.0849095170737,507.21603593950647,39216600
2025-04-10,544.086669921875,578.9554765876964,533.1410047447706,573.1689120321386,28173500
2025-04-11,541.377685546875,545.1922554454453,526.4581222037267,533.3501954996136,17642300
2025-04-14,529.3364868164062,555.5204964254532,526.1494412576809,553.926912857093,14130900
2025-04-15,519.4166870117188,535.7704467995947,515.41288054515,529.9639426413264,15558700
2025-04-16,500.2840881347656,511.29947867102186,493.6310371089192,506.459094542153,18735100
2025-04-17,499.45745849609375,505.25396236597624,496.0014523688267,503.21224251554713,14593500
2025-04-21,482.7052917480469,491.50963495584347,477.8648771062618,489.3483735420339,16166000
2025-04-22,498.2623291015625,504.8357168469179,484.3984562132767,489.8862436640875,17399400
2025-04-23,518.1717529296875,533.1809824042,514.4368768066369,526.3984497963002,18173900
2025-04-24,530.999755859375,531.7467310045646,515.4128501808216,516.6378699664548,13910000
2025-04-25,545.0628662109375,547.6423866360049,534.0872906869056,544.5947301221067,17098900
2025-04-28,547.5227661132812,556.2374754096683,538.409706579595,553.3989944115831,15179000
2025-04-29,552.2039184570312,554.3253329246786,541.9255322333729,543.7979549633997,11835000
2025-04-30,546.7858276367188,546.8854000110363,527.3644731031741,536.2286028212618,29244000
2025-05-01,569.9022216796875,590.5585647326062,568.1990964565776,589.6920784232152,31159000
2025-05-02,594.6121826171875,601.9026676753685,575.9975586829169,581.1068737819331,24739300
2025-05-05,596.8530883789062,600.7772002962906,585.6783084359005,588.8355064073843,13887700
2025-05-06,584.9412841796875,593.6261466616496,584.2142478367141,590.140262710858,10600700
2025-05-07,594.4029541015625,600.6476855016655,584.3038359796805,587.9789559689339,13139100
2025-05-08,595.5982055664062,608.8345844494372,594.2137969163823,603.8447803031055,14622800
2025-05-09,590.1004638671875,604.5220462267766,589.3236412362096,601.2851535548689,10427300
2025-05-12,636.8511352539062,637.8072854035049,618.52537997075,628.3754468402599,21965100
2025-05-13,653.3841552734375,658.254386921773,640.2373808266427,642.9364120582926,18570800
2025-05-14,656.7007446289062,659.9973927569988,651.6711237576287,658.543319934739,12348200
2025-05-15,641.2831420898438,654.6589696292252,636.0045299274248,651.6412216753015,14341800
2025-05-16,637.7574462890625,637.8570186595293,623.6246741050281,635.3870402976211,18519000
2025-05-19,637.8469848632812,640.4066267313649,625.2679198203533,625.7161170201866,9592400
2025-05-20,634.5304565429688,636.7713819580241,629.7100110253076,633.4448867170665,6743500
2025-05-21,632.9368896484375,644.0020660016361,627.6283696820823,629.2418310050065,11464600
2025-05-22,634.0026245117188,640.6556757699244,628.1662733645643,631.492768599171,8228400
2025-05-23,624.531005859375,629.8992820739184,620.1388185495641,621.4833495575277,8454100
2025-05-27,639.7294311523438,640.4863756807556,630.1980211513535,632.8472662118028,9508400
2025-05-28,640.984375,648.2549209907568,639.958499945528,640.0082861312126,9042900
2025-05-29,642.448486328125,650.6851526800369,636.9208817638153,649.0219048494392,8858800
2025-05-30,644.8786010742188,646.790840509364,630.227966818394,639.9087359485001,16241000
2025-06-02,668.1941528320312,670.5446198991036,641.6615825955165,641.7910631431,15766300
2025-06-03,664.1605224609375,672.8553550898889,662.3479161440031,668.7420068089284,11585000
2025-06-04,685.1754150390625,686.2211680866209,665.8735723856402,666.6205475323237,14031900
2025-06-05,681.8588256835938,691.5794719470881,679.4983890924821,688.8704104821669,13083100
2025-06-06,694.8960571289062,699.9754637799698,689.0795839414949,693.3622292653906,11728000
2025-06-09,691.2607421875,702.3458579741853,691.1412310298801,695.6430205968694,12773200
2025-06-10,699.567138671875,700.3937473880201,688.7708312874433,698.5213248498013,10850100
2025-06-11,691.3404541015625,706.0110265671628,689.1991010267074,700.871864292101,9582500
2025-06-12,690.5635986328125,692.5754712333077,684.229263706634,690.5038430500748,7322700
2025-06-13,680.1159057617188,691.768730540237,678.2634219344503,685.1754345871889,9274400
2025-06-16,699.8262939453125,704.839891030923,691.2444358848513,697.0454302800655,13720300
2025-06-17,694.9522705078125,703.6637089538638,693.7861096962511,699.7067073456836,10066100
2025-06-18,693.4970092773438,699.2980032265184,692.6298563461756,695.8991092834594,10068300
2025-06-20,680.1209106445312,699.5273387091719,676.4529395748931,698.460826828492,22538600
2025-06-23,696.2481079101562,696.7663678330139,676.5326949790629,681.4565596787132,11080100
2025-06-24,709.8733520507812,710.8601081222891,699.8162879347926,702.5872352556954,13823200
2025-06-25,706.3648681640625,714.2390846812559,703.0756608117819,710.9897247556078,9320400
2025-06-26,723.7180786132812,725.8410644855094,708.7271714667934,712.026356119824,13964800
2025-06-27,731.2333984375,733.0275060697373,723.4887618360168,724.1466398304902,18775700
2025-06-30,735.6788330078125,745.4567832484664,731.851350759088,742.1176905331245,15402100
2025-07-01,716.8704223632812,735.3399177465482,713.0330238804761,734.4727647300622,13431200
2025-07-02,711.2388916015625,717.946886332231,710.4713875973353,712.9931517050737,9336700
2025-07-03,716.6611328125,726.6484187341657,712.0861007528597,724.23628063908,8601700
2025-07-07,716.0032348632812,724.6250009558648,711.1790804792781,715.2556849998467,9457100
2025-07-08,718.3157348632812,720.5484076114845,712.4748926138262,719.2128191233631,7770700
2025-07-09,730.3861694335938,735.1206520424314,720.3589752323313,720.3589752323313,11418000
2025-07-10,724.8641967773438,733.3962299961528,717.2491410105094,729.1601141641413,9913600
2025-07-11,715.1660766601562,722.791049443565,707.3815924903404,720.1397657932962,10873900
2025-07-14,718.5648803710938,725.6217684499236,714.2091611608587,715.2557188520466,8939400
2025-07-15,708.0693359375,722.1032960553172,707.501190694441,721.5352116480268,11529500
2025-07-16,700.6136474609375,711.6375132851348,696.985585155631,711.0394977501286,13067600
2025-07-17,699.1185913085938,703.5939743779064,694.8326508122145,702.0888975460598,11803300
2025-07-18,701.979248046875,702.407835998619,689.3905035678976,699.8960490076172,12779800
2025-07-21,710.640869140625,714.657733300232,703.4544614129026,704.4910420819451,9404400
2025-07-22,702.507568359375,714.2590316242121,699.1186509323247,713.8503977542969,8921100
2025-07-23,711.2489013671875,712.2954590710364,702.6271347622425,704.062433018762,8771600
2025-07-24,712.46484375,721.2560374369583,711.6674693968201,714.7074933384354,10920800
2025-07-25,710.3518676757812,718.2958635630055,709.5744473509037,714.5780070551219,8271700
2025-07-28,715.28564453125,722.3724029167645,710.3518030699777,712.8635901780652,8715700
2025-07-29,697.7132568359375,722.1032896273051,697.6235240780348,717.6479213169642,13267000
2025-07-30,692.9389038085938,706.1854660197899,688.9419939778502,705.7768321791035,27077300
2025-07-31,770.913330078125,782.1863801577031,763.0092430876867,772.667590247117,38831100
2025-08-01,747.559814453125,763.4975672525204,742.8751566383397,758.2447642610286,19028700
2025-08-04,773.833740234375,774.3121526971289,755.9323902785536,757.5172228150747,15801700
2025-08-05,760.9659423828125,780.571667176634,760.507423214992,773.913496774336,11640300
2025-08-06,769.4680786132812,771.1127127816184,757.9757760743282,767.4845892138412,9733900
2025-08-07,759.3412475585938,772.4682063669705,757.0686667309535,770.9631295472946,9019700
2025-08-08,766.7869262695312,767.3850027593771,756.1019743449502,760.2583352301862,7320800
2025-08-11,763.3680419921875,770.9332736584846,762.171949999175,767.5643106154529,7612000
2025-08-12,787.4192504882812,791.077244402737,769.9066403638383,770.4747856043563,14563100
2025-08-13,777.5316772460938,792.861439232817,775.687684264025,788.5655214330485,8811800
2025-08-14,779.5748901367188,785.2363270315518,769.986322264654,775.3387743217048,8116200
2025-08-15,782.664794921875,793.6488143059948,778.269228256533,781.5883668624648,13375400
2025-08-18,764.8631591796875,773.2755899130946,754.0884756033142,772.5579712024165,16513700
2025-08-19,749.0250854492188,764.663832621222,746.9120158198551,764.6140081257292,12286700
2025-08-20,745.27734375,747.7492835360712,728.611993296026,745.1278702665168,11898200
2025-08-21,736.6854858398438,743.0646026719377,730.7150636889187,742.2772053426181,8876300
2025-08-22,752.32421875,754.4273720053774,731.9908982789533,736.81505282597,10612700
2025-08-25,750.8390502929688,756.40083816002,747.679423323267,752.3541041091971,6861200
2025-08-26,751.636474609375,752.4039786334924,745.4966249237331,748.3472672479323,7601800
2025-08-27,744.9384155273438,751.6863183207686,740.4132689939565,749.8423255190061,8315400
2025-08-28,748.65625,750.5899148175357,738.3799332684189,741.5694916361576,7468000
2025-08-29,736.2868041992188,744.6992345800578,732.9477115811937,742.8453254860702,9070500
2025-09-02,732.7085571289062,733.595664312695,719.3722615167949,723.6681793458474,9350900
2025-09-03,734.6421508789062,737.8317091036498,731.5921498947655,733.5955932459119,7699300
2025-09-04,746.2042846679688,758.673365064992,743.3835128663812,746.1245289832817,11439100
2025-09-05,749.9918823242188,755.4739147328357,742.596139272426,750.1613099282893,9663400
2025-09-08,749.8423461914062,764.0059463353695,749.5632925404257,753.5302710608411,13087800
2025-09-09,763.1986083984375,763.7966239723705,750.9686728075005,755.0154070864886,10999000
2025-09-10,749.5234375,763.1986490989516,748.5466583985636,762.6305038555339,12478300
2025-09-11,748.4468994140625,754.6265958852796,745.9251355026145,752.1846484905694,7923300
2025-09-12,753.1216430664062,755.095155276553,741.330272625368,746.2840072815898,8248600
2025-09-15,762.2018432617188,771.5412279036273,749.5333431691193,754.9954213012545,10533800
2025-09-16,776.4552001953125,778.8074760600178,762.6005837137456,764.4944012192615,11782500
2025-09-17,773.1858520507812,780.7311297077449,763.8066193659058,777.4419223006557,9400900
2025-09-18,777.7010498046875,786.2032128794,770.8335437165625,778.1994163857863,10955000
2025-09-19,775.8372192382812,788.2166289656076,766.6772383880447,783.8509325355676,23696800
2025-09-22,763.175048828125,783.6916948825968,762.4868363426395,779.8217552362186,11706900
2025-09-23,753.4404296875,768.6009504341728,749.1216451610411,767.254476840496,10872600
2025-09-24,758.686767578125,759.1356124217834,750.5779133776451,755.5349916265823,8828200
2025-09-25,746.96728515625,754.806942419776,742.6186096970315,751.4955472633491,10591100
2025-09-26,741.8206787109375,749.9794521140951,735.4372562509625,748.0544659269957,9696300
2025-09-29,741.4715576171875,748.8324179023273,737.2325826153279,746.777703342028,9246800
2025-09-30,732.4749755859375,741.0426584785586,724.4159185837501,740.3245554260684,16226800
2025-10-01,715.4791870117188,719.9774365591268,708.3576941566364,719.618385039583,20419600
2025-10-02,725.1640014648438,725.8821654223162,716.2771410193245,720.7056259804448,11415300
2025-10-03,708.7167358398438,729.1037149276121,708.3377167266436,727.7372737109582,16154300
2025-10-06,713.8035278320312,715.0203947681905,688.718804278428,703.3607165744016,21654700
2025-10-07,711.230224609375,716.636147605649,703.9192222306009,715.8581417735932,12062900
2025-10-08,715.9779663085938,717.783268775081,705.9739546774089,711.5993392573523,10790600
2025-10-09,731.607177734375,731.607177734375,710.5918290846139,716.416706057987,12717200
2025-10-10,703.4703979492188,733.3626856542741,702.6824691715568,729.0239332852144,16980100
2025-10-13,713.8433837890625,718.072374881022,705.8042950194317,711.1603595995662,9251800
2025-10-14,706.8117065429688,713.6937706407739,697.5158763660478,705.9439682909708,8829800
2025-10-15,715.6886596679688,722.0222242634773,707.6695373823591,715.1999404706222,10246800
2025-10-16,710.2228393554688,723.6080097298942,702.0540824517458,715.6886043056783,9017000
2025-10-17,715.0602416992188,716.6760344343375,704.2882698394852,705.2458014471516,12232400
2025-10-20,730.2706298828125,731.866515781436,718.3117433877071,719.3191330444083,8900200
2025-10-21,731.367919921875,736.5843338414116,726.859625303898,734.1107864324557,7647300
2025-10-22,731.5075073242188,738.6788588958609,722.1518950553793,731.9264616753367,8734500
2025-10-23,732.095947265625,740.4841042897723,731.1982575844598,732.7941435868839,9856000
2025-10-24,736.4446411132812,739.2872845910176,729.253383189777,734.8787064697904,9151300
2025-10-27,748.872314453125,753.7895182960361,746.069606274355,747.7851152228061,11321100
2025-10-28,749.4906616210938,756.4326283200122,743.5860359773924,750.677577029167,12193800
2025-10-29,749.7200927734375,757.1906533932021,740.5838813084906,752.7921200604676,26818600
2025-10-30,664.7410888671875,679.1935516668058,648.4833846789722,667.414190282622,88440100
2025-10-31,646.6681518554688,673.139345897249,643.8953948481166,672.7603267493847,56953200
2025-11-03,636.0557861328125,657.6196984387726,634.5297257704245,654.298319497033,33003600
2025-11-04,625.6926879882812,640.0752642850032,624.3860886703497,626.410791028598,27356600
2025-11-05,634.30029296875,640.5639703518489,624.9146693781357,630.6697208898194,20219900
2025-11-06,617.3344116210938,634.3501538797125,616.3968476378337,634.2005186436334,23628800
2025-11-07,620.0972900390625,620.516183502649,599.6404837711106,614.8907991985972,29946800
2025-11-10,630.1211547851562,633.3527401283538,616.5065400363918,629.4529098843899,19245000
2025-11-11,625.4533081054688,627.9268552540688,617.7832543081277,626.3709044869131,13302200
2025-11-12,607.43017578125,627.3583261459861,606.1934022078184,626.5005716840028,24493300
2025-11-13,608.3079223632812,616.0478021853295,601.4357808374693,611.4796659420805,20973800
2025-11-14,607.8790283203125,612.088052043071,593.6560102918138,600.2288811530552,20724100
2025-11-17,600.4483032226562,610.1031845088386,593.8554651895852,607.4600346656293,16501300
2025-11-18,596.1395874023438,602.0940719298206,582.2656968950795,590.065358149623,25500600
2025-11-19,588.7886962890625,593.7857099116716,579.7422168855177,592.1798400423816,24744700
2025-11-20,587.6217041015625,605.1460720070379,581.8367012414765,601.9344542639864,20603000
2025-11-21,592.70849609375,596.5684523172222,580.3506215479276,586.9734117815261,21052600
2025-11-24,611.459716796875,615.1002729325323,596.0797338085368,597.1668722231478,23554900
2025-11-25,634.5695190429688,635.3973829418613,616.6960233021972,622.3812488080194,25213000
2025-11-26,631.96630859375,636.7039864006342,629.9914644832529,636.0357415239101,15209500
2025-11-28,646.2691650390625,646.3688812783262,633.8514494094911,634.4299618769652,11033200
2025-12-01,639.2074584960938,643.6459265392308,636.1055410281542,637.8908755177382,13029900
2025-12-02,645.4213256835938,646.1893476978298,636.4147821721649,640.6737247939117,11640900
2025-12-03,637.9407958984375,647.1668005690203,635.8961259576193,642.7383158920676,11134300
2025-12-04,659.81396484375,674.3461154685141,658.3377626918029,674.2463992276428,29874600
2025-12-05,671.673095703125,672.9398207362489,660.6717397649775,662.2775487290173,21207900
2025-12-08,665.0702514648438,674.9545781663558,663.344758713728,667.603701448277,13161000
2025-12-09,655.2557983398438,662.7562492699393,651.6451938720459,662.0481300460407,12997100
2025-12-10,648.4435424804688,652.812185461044,641.7310198416047,648.2640167126568,16910900
2025-12-11,651.016845703125,653.5801862453618,639.1377070000864,641.6212380225077,13056700
2025-12-12,642.5587768554688,709.1555875928369,636.9533606253732,648.1143349664432,14016900
2025-12-15,646.3570556640625,651.8372704406642,637.5627451568915,644.5502809809109,15549100
2025-12-16,655.9798583984375,661.3602142938313,642.054686531657,642.3541401459643,14309100
2025-12-17,648.343505859375,660.0526000253047,648.0440522221027,654.4426118233187,15598500
2025-12-18,663.2669067382812,669.366012780715,655.2911433094866,655.8601356908653,20260300
2025-12-19,657.5969848632812,669.8051880946751,657.0080086354003,665.2333263832898,49977100
2025-12-22,660.3220825195312,672.380589007267,655.4807431709672,660.4718397886508,15659400
2025-12-23,663.7559814453125,664.8140915262984,657.0778915122911,658.8746741689592,8486800
2025-12-24,666.3613891601562,666.9902722948509,661.0209394131572,661.3503688947783,5627500
2025-12-26,662.10888671875,667.7588423243637,660.1424238558649,666.8704124858896,7133800
2025-12-29,657.5171508789062,659.0743707339258,653.2248195668056,656.8383689858442,8506500
2025-12-30,664.7642211914062,671.0230153954109,656.6686764849229,657.5171386037911,9187500
2025-12-31,658.9146728515625,663.8159033150052,658.2658058687088,663.5663484641349,7940400
2026-01-02,649.2518920898438,663.2070415689074,642.3542224297569,661.5499631466852,13726500
2026-01-05,657.616943359375,663.3567049684374,646.5966230035071,649.8508280292294,12213700
2026-01-06,659.4437255859375,664.3350252422523,650.7392812609531,658.3956073528642,11074400
2026-01-07,647.5349731445312,657.9763704555172,643.6618768302103,654.4726104611178,12846300
2026-01-08,644.9096069335938,645.9477331499952,634.5879917891143,644.7299347572825,11921700
2026-01-09,651.8970947265625,653.7837438291153,641.7052537227476,644.2906685217797,11634900
2026-01-12,640.826904296875,652.8055375702352,640.0882316599212,651.3681600668523,14797200
2026-01-13,629.96630859375,641.1263941859123,622.9887038024194,641.1263941859123,18030400
2026-01-14,614.4240112304688,627.3309804807691,613.7252454803604,625.3844405077801,15527900
2026-01-15,619.694580078125,623.0585745209008,613.1362714280776,617.378703801015,13076100
2026-01-16,619.1455688476562,627.9598630097294,618.9758886129073,623.0685636897582,17012500
2026-01-20,603.0443115234375,610.3113781504126,598.9316523845154,606.7976262932837,15169600
2026-01-21,611.8685913085938,617.169133937088,599.0115204374271,605.659634898437,14494700
2026-01-22,646.476806640625,659.3937675491238,625.4343255489129,628.2293275614567,21394700
2026-01-23,657.5870361328125,665.3032527677875,643.3025186421843,643.6219561683764,22797700
2026-01-26,671.1627807617188,674.0776252750454,660.1124846991261,663.9456740004919,16327400
2026-01-27,671.7716674804688,675.6148486525956,663.4764668627315,673.3888389297905,13297400
2026-01-28,667.5392456054688,676.4733214975852,664.9139236867763,673.2989910894674,25709600
2026-01-29,736.995361328125,742.6752321400184,711.2812198864386,736.1169233837337,59852900
2026-01-30,715.2241821289062,730.8662626744616,712.3193905555435,726.2045952530067,23744600
2026-02-02,705.152099609375,720.0156002559207,702.2672920108814,713.3275184694113,14365200
2026-02-03,690.4683227539062,715.7232596178901,685.1877035052055,706.1104025957663,13760700
2026-02-04,667.7987670898438,687.603466213174,666.2715231343633,686.5053883494637,16882800
2026-02-05,669.0166015625,680.2864759062725,652.3363345630947,662.3984025060512,17131800
2026-02-06,660.2822265625,670.7934451675868,645.3488423980709,664.3050190645899,18159300
2026-02-09,676.0140991210938,682.0932819515241,657.6069922476072,661.9991209626965,14837500
2026-02-10,669.5256958007812,679.4380681924739,668.597359057372,676.3934502400131,10455800
2026-02-11,667.4993286132812,678.0605068549233,655.9299390360635,672.7998711552045,14323800
2026-02-12,648.6529541015625,674.7963229561075,644.1310518439949,668.7770306530766,14960100
2026-02-13,638.630859375,650.2700710327099,633.4401061931457,643.9513250294082,12336400
2026-02-17,638.151611328125,641.4557148619026,627.6803003409905,638.3612593202278,12674700
2026-02-18,642.0746459960938,643.8515057528024,627.0315334227189,632.67143641335,14649200
2026-02-19,643.6318969726562,646.0375787806976,635.5861905818066,637.432932921519,10035700
2026-02-20,654.4924926757812,662.1688021543367,637.6426055733327,638.5509584025834,14183500
2026-02-23,636.1152954101562,656.5288937722072,634.8675211939732,651.3780476889771,8605900
2026-02-24,638.16162109375,639.9683956881865,627.8599900449855,631.9527259539814,10135600
2026-02-25,652.5260620117188,652.7157261405878,640.9966397738364,641.3859599741169,11330700
2026-02-26,655.8401489257812,659.823034651462,646.3470725216666,649.3916295582877,10637700
2026-02-27,647.02587890625,648.2836451675449,636.983793627941,642.3043203814821,15703000
2026-03-02,652.396240234375,658.764884603327,633.3701817354564,636.0254184162494,9816100
2026-03-03,653.91357421875,657.866484005116,637.7025010942567,647.1356255764312,12263800
2026-03-04,666.541015625,671.5720803574089,656.4989309709863,656.788453587829,10810100
2026-03-05,659.393798828125,669.5057662619517,649.1520579976961,660.751362594833,13341400
2026-03-06,643.7117309570312,648.3135076492586,634.9773114336934,646.7463568472266,13159400
2026-03-09,646.2373046875,646.596649067328,625.6640164348609,633.6497720389343,13489700
2026-03-10,652.9053344726562,659.1242214972237,647.8443550809549,652.3962328583322,9859300
2026-03-11,653.6939086914062,657.9463328691638,647.2054829186618,653.5941111270305,8977200
2026-03-12,637.0436401367188,652.336368433984,635.7659510050273,647.5948263527883,11617500
2026-03-13,612.6171875,628.0496188589474,608.4645611002024,622.7790526456299,18957600
2026-03-16,626.8690185546875,634.1622468505053,622.5230098937741,631.4147932406764,15134900
2026-03-17,622.0834350585938,635.9605885584036,621.1243629754691,627.4085169382369,10348800
2026-03-18,615.1099243164062,622.0735023862151,614.04090772979,615.769347359454,11726300
2026-03-19,606.1382446289062,612.4323990135786,601.7023533616688,611.5832104537112,13247700
2026-03-20,593.1102905273438,603.400802317344,586.7062525156723,602.9712077810872,21214900
2026-03-23,603.5006713867188,608.0764476338709,598.4553596033379,605.2290499891692,13638000
2026-03-24,592.3709716796875,600.443507118967,590.4527665679026,598.5452420228083,10739700
2026-03-25,594.3391723632812,603.1110107561809,592.850561795072,598.1855830392399,12585000
2026-03-26,547.032958984375,582.460145169462,542.8468364624507,581.9506076701073,35780100
2026-03-27,525.233154296875,543.0966023049141,519.7782492802263,539.599843303006,30133000
2026-03-30,535.8833618164062,539.0504095872608,528.0505941707193,535.8833618164062,22795200
2026-03-31,571.6002197265625,573.1587727471259,546.2637174010383,549.4707059552647,32898300
2026-04-01,578.6936645507812,592.0013387220274,573.2887005646345,579.5928556215499,23608100
2026-04-02,573.9281005859375,577.9643377947169,559.1817578546791,565.5158531822124,13518500
2026-04-06,572.4894409179688,582.2503530791108,571.4703658572956,577.1550997330287,9515700
2026-04-07,574.5175170898438,574.6973431004155,564.2370671243236,571.9498894780604,9580800
2026-04-08,611.8529052734375,629.3667024291958,591.2820049792073,605.4388670235439,32036600
2026-04-09,627.8081665039062,636.9097166035551,622.4231426572783,626.3894374266143,19012900
2026-04-10,629.2767333984375,637.9886903650855,623.7518859014353,633.882449891805,13294800
2026-04-13,633.9425048828125,634.4120404303904,623.8218795800174,628.9171329935918,9538900
2026-04-14,661.8765258789062,665.6430543798978,638.7779398291946,642.624350345733,17818000
2026-04-15,670.9581909179688,677.8717665104965,663.6049593103575,666.3824145357423,14952600
2026-04-16,676.2432250976562,676.9525896021297,667.131674939706,675.3640350842893,9544800
2026-04-17,687.9124145507812,690.8796961433965,674.5048580761284,677.9716157075654,16283500
2026-04-20,670.2887573242188,682.7472426832454,667.381478611767,680.7290935491282,12534000
2026-04-21,668.220703125,675.5738733736962,666.7120915784461,670.3786762058809,8660100
2026-04-22,674.09521484375,677.7518600207422,669.1298460769134,673.7355628200382,9215600
2026-04-23,658.5396728515625,668.9400066983026,652.4452846667049,663.0854475032797,11667000
2026-04-24,674.4049682617188,680.0396994180859,653.2345872360809,659.7085674039201,13348300
2026-04-27,677.9916381835938,681.8680504402118,670.2188736545023,670.3786986745525,12805200
2026-04-28,670.7183837890625,677.5520159823654,665.0136491453696,673.6156618787633,10606800
2026-04-29,668.5004272460938,673.6256820299297,663.1953464496755,668.290599742094,18947500
2026-04-30,611.3433837890625,620.2751083620838,599.4444385151393,618.7465567527638,52765000
2026-05-01,608.1863403320312,618.3069655430758,605.548770151405,614.120842749119,21404000
2026-05-04,609.8447875976562,613.4314904063681,602.1919069095087,607.3771038685389,16203900
2026-05-05,604.3998413085938,613.7811000159977,599.8040642277598,612.7420849871345,17171300
2026-05-06,612.3125,619.3759607512419,597.5461564796674,600.4934370812971,19915500
2026-05-07,616.2388305664062,624.4012480600104,612.9718390781961,614.150739078972,12307400
2026-05-08,609.0654907226562,616.1988937552933,605.4987892063378,614.6303402495529,13557000
2026-05-11,598.3054809570312,604.3498668649182,597.5262348938886,604.010215830275,15940600
2026-05-12,602.441650390625,603.1909559259367,592.0512559095129,594.2692320029287,11351600
2026-05-13,616.0590209960938,619.3260125714435,596.1074810052941,598.275515544453,14634400
2026-05-14,617.8573608398438,623.152441138389,614.4305441468357,615.429618202359,10651200
2026-05-15,613.6612548828125,620.6248329546977,608.7458274653094,613.421486859321,13272600
2026-05-18,610.64404296875,615.0199919776213,603.1309869574205,608.5459509764945,13772400
2026-05-19,602.052001953125,613.361527578881,599.9939118379299,608.3561568042173,11749900
2026-05-20,604.499755859375,607.4370360716302,597.2564688338498,600.2037495434126,11329700
2026-05-21,606.8175659179688,609.0354809096541,594.2591985256718,599.4443949814065,13476100
2026-05-22,609.6949462890625,614.2407210713809,606.3880135859368,607.3171451453314,11688600
2026-05-26,611.7730102539062,613.9009818092591,604.7394901495815,608.3261927003538,12234200
2026-05-27,634.6718139648438,637.908804248614,608.4361186960156,608.8357727220844,23143600
2026-05-28,634.7017211914062,642.4046039468743,628.7272779804616,638.9078448274123,16772400
2026-05-29,631.92431640625,633.9124639439917,622.7727642602187,632.9133899267435,19806500
2026-06-01,599.9139404296875,635.1613007084701,598.974869401479,629.8162791560948,29138800
2026-06-02,597.0765991210938,608.3161816139932,596.1274666259658,602.68138962268,18252000
2026-06-03,622.4031372070312,623.5720977596394,599.7142043737263,602.4416570391962,23020100
2026-06-04,626.9888916015625,641.8051764288737,621.8536364911718,623.0924785224576,21469200
2026-06-05,592.450927734375,628.567480013855,582.3702434655938,622.8827460758752,30091600
2026-06-08,584.8479614257812,591.4518261333767,578.6836307521693,591.4518261333767,19512400
2026-06-09,584.0487060546875,597.0766092757164,580.4720040020986,590.4527436689563,16977400
2026-06-10,570.4512939453125,590.7724873942649,570.0716409197756,580.192266144374,17064000
2026-06-11,567.9036254882812,571.6401524850257,556.4942175026772,565.3060574843756,17628000
2026-06-12,566.4549560546875,575.5365655300229,560.3806300495169,572.4194595335534,14326400
2026-06-15,593.47998046875,601.27001953125,579.2999877929688,579.9000244140625,17653300
2026-06-16,600.2100219726562,605.8099975585938,592.0,593.6500244140625,11344400
2026-06-17,567.5800170898438,593.8099975585938,566.1900024414062,592.0,20478300
2026-06-18,577.219970703125,580.219970703125,563.0999755859375,572.8200073242188,28824600
2026-06-22,563.8499755859375,575.8099975585938,559.8099975585938,572.02001953125,15405500
2026-06-23,562.2000122070312,572.2000122070312,561.02001953125,562.25,13103300
2026-06-24,557.6699829101562,569.0399780273438,555.5499877929688,561.8900146484375,13963600
2026-06-25,542.8699951171875,556.3400268554688,540.1799926757812,555.5499877929688,16968600
2026-06-26,550.25,556.8499755859375,540.4000244140625,543.3400268554688,18867700
2026-06-29,562.5999755859375,570.9000244140625,558.0,560.0,15011400
2026-06-30,563.2899780273438,565.5399780273438,551.4299926757812,560.9400024414062,18111100
2026-07-01,612.9099731445312,628.280029296875,595.0999755859375,607.9099731445312,45536300
2026-07-02,582.9000244140625,610.0,580.4199829101562,607.9000244140625,21705900
2026-07-06,600.2899780273438,603.5800170898438,581.760009765625,594.8400268554688,17674100
2026-07-07,615.5800170898438,625.3699951171875,603.6599731445312,607.5900268554688,18560800
2026-07-08,603.1199951171875,616.0,598.010009765625,614.3900146484375,13606500
2026-07-09,631.47998046875,633.27001953125,577.0700073242188,583.989990234375,26579700
2026-07-10,669.2100219726562,677.8599853515625,658.010009765625,660.3400268554688,40608900
2026-07-13,656.72998046875,676.6199951171875,654.2000122070312,661.3800048828125,19840700
2026-07-14,661.0399780273438,666.5,649.0499877929688,652.0,16748200
2026-07-15,681.3099975585938,686.0800170898438,656.6599731445312,663.5999755859375,19003400
2026-07-16,664.5399780273438,681.9000244140625,660.1599731445312,677.280029296875,15816000
2026-07-17,646.010009765625,652.2000122070312,626.0,647.7000122070312,22267900
2026-07-20,645.8499755859375,653.2999877929688,636.010009765625,646.7000122070312,10225200
2026-07-21,643.8099975585938,655.8800048828125,643.2000122070312,654.1799926757812,9140500
2026-07-22,627.1699829101562,649.0,624.0,647.7000122070312,11019600
2026-07-23,606.0999755859375,614.6500244140625,597.219970703125,608.4099731445312,15494800
2026-07-24,595.1900024414062,609.97998046875,594.4500122070312,605.2999877929688,11503500
2026-07-27,593.8699951171875,611.260009765625,593.1300048828125,607.219970703125,11195300
2026-07-28,593.4099731445312,601.0,587.0,596.8200073242188,11946000
