Price,Close,High,Low,Open,Volume
Ticker,MS,MS,MS,MS,MS
Date,,,,,
2010-01-04,21.626874923706055,22.368527333356596,21.430966160893774,21.479944352486296,20371000
2010-01-05,22.417497634887695,22.480468238824255,21.640861076016034,21.696834797901996,22523400
2010-01-06,22.704368591308594,22.802322294556777,22.24258494096841,22.368524844636454,17028500
2010-01-07,23.033220291137695,23.27810729809873,22.57843471084853,22.711371541571992,18693000
2010-01-08,22.564435958862305,22.963249032053998,22.37552408171279,22.809320242738426,15993400
2010-01-11,22.417497634887695,22.7113586738999,22.221588941027434,22.66238183406453,10088500
2010-01-12,21.78080177307129,22.291563652162623,21.68284806165177,22.13063798187726,14813400
2010-01-13,21.87177085876465,22.389528546254393,21.486950036163964,21.752826434981877,18715500
2010-01-14,21.82977867126465,21.89974484126938,21.235056884590353,21.759811166740764,24690000
2010-01-15,21.256046295166016,21.752814378400757,20.97617761036011,21.66885310569941,27908700
2010-01-19,21.801790237426758,21.871757739068023,21.221062242486717,21.326012827689066,16979500
2010-01-20,21.43096351623535,21.85776407723799,21.23505611211802,21.52192166916334,21198800
2010-01-21,20.528385162353516,21.374987995447192,19.758745373938087,21.193074373830246,56774400
2010-01-22,19.450895309448242,20.41644412381844,19.185020341944796,20.045617211847365,46713700
2010-01-25,19.408916473388672,19.954661545529973,19.143041490254905,19.744758978774325,21100900
2010-01-26,19.122045516967773,19.793731675518323,19.038084246704287,19.366931109507238,24376400
2010-01-27,19.591684341430664,19.70383698613941,18.862690813858833,19.164101547875457,31041900
2010-01-28,19.269250869750977,19.801976777110873,19.009898294291226,19.76692956538888,25480700
2010-01-29,18.77157211303711,19.52159361853829,18.680447230201917,19.50757420010744,21166100
2010-02-01,19.318309783935547,19.62673020435414,18.86969923566479,18.890728356476817,19559900
2010-02-02,19.668794631958008,19.77393760230357,19.28326996170249,19.346356011302905,20992500
2010-02-03,19.549631118774414,19.92814739462196,19.409440945359467,19.738889256698187,18498800
2010-02-04,18.666425704956055,19.381399920648768,18.57530216937099,19.35336242391689,29785300
2010-02-05,19.10802459716797,19.129053718721202,18.329964480242612,18.631375204347567,25551300
2010-02-08,18.64539909362793,19.30429702048425,18.49819788135677,18.98886680630695,14517500
2010-02-09,19.016904830932617,19.136067211033552,18.638389900413085,18.8276480341555,19517300
2010-02-10,19.283262252807617,19.451491205500485,18.946804347421878,18.981851544537733,13858300
2010-02-11,19.009899139404297,19.29729056659039,18.84166877215662,19.206165672917443,18823500
2010-02-12,19.037939071655273,19.136072350932512,18.54026162735995,18.652414328524124,16628700
2010-02-16,19.500564575195312,19.577670039932993,19.1781259716838,19.241212017930025,15765300
2010-02-17,19.199148178100586,19.598692130136534,19.086995536720845,19.535607439204757,16590200
2010-02-18,19.10802459716797,19.269243851514595,18.925776221268112,19.08699547561474,12147400
2010-02-19,19.213176727294922,19.2762627851855,18.869708932649303,18.995881048430466,12358500
2010-02-22,19.423460006713867,19.53561402285531,19.14307830877375,19.290279535795683,14503100
2010-02-23,19.03091812133789,19.921130830927254,18.995870924284553,19.37438573292708,20896400
2010-02-24,19.507570266723633,19.612713209823983,18.98886392205884,19.115035988565285,17933600
2010-02-25,19.444488525390625,19.507574572568632,18.995877822760672,19.14307770819912,15301300
2010-02-26,19.75290298461914,19.91412223923592,19.346349325996645,19.4374728456168,18672100
2010-03-01,19.759912490844727,20.075341289674018,19.703836170810746,19.837016595288368,9220800
2010-03-02,20.11739730834961,20.27160683715323,19.85804352126216,19.893090716046917,13052300
2010-03-03,19.851043701171875,20.2225503009468,19.830015908614627,20.07534906821883,17662800
2010-03-04,20.46788215637207,20.523958490897805,19.90010776521308,19.90010776521308,20645400
2010-03-05,20.615076065063477,20.853400752044028,20.516942842294384,20.69919121098333,18016100
2010-03-08,20.734237670898438,20.846390303491635,20.558999015350967,20.6921807679172,11056900
2010-03-09,20.36273765563965,20.685177578661786,20.299651612808475,20.643120662429425,20072800
2010-03-10,21.007619857788086,21.23893494317839,20.208531624069863,20.48190363308599,29179500
2010-03-11,21.04266357421875,21.11275932213593,20.76929029103827,20.979577534789808,14993600
2010-03-12,20.965560913085938,21.58240197264037,20.90948457466875,21.1337899283375,19440400
2010-03-15,20.776304244995117,21.02864845427537,20.523961372680326,20.867429136997636,17780600
2010-03-16,21.245941162109375,21.32304662355788,20.706206942865673,20.84639711090399,16673100
2010-03-17,21.224916458129883,21.498288461970706,21.07070551281211,21.40015519637974,18425700
2010-03-18,21.08472442626953,21.280992289702404,20.818362138792825,21.168839606873743,16285100
2010-03-19,20.7692928314209,21.17584661470967,20.67816928385848,20.7692928314209,24666000
2010-03-22,20.748260498046875,20.846393733471146,20.38376371366377,20.53797327461121,12571400
2010-03-23,20.699195861816406,20.846395729043884,20.573023783069885,20.769290272706527,12139800
2010-03-24,20.587047576904297,20.80434323818482,20.509942104174076,20.622094789800506,12954600
2010-03-25,20.264598846435547,20.88143968780229,20.236561355627,20.706201025112968,21705900
2010-03-26,20.22254753112793,20.481900074891225,20.03328940224211,20.38376682449055,18225900
2010-03-29,20.629100799560547,20.74826317378533,20.327690009641085,20.523957842765796,15036000
2010-03-30,20.47488784790039,20.65012653747283,20.20151591999622,20.544983591122385,14466600
2010-03-31,20.53096580505371,20.68517537277079,20.187496792060692,20.292641076876784,12761400
2010-04-01,20.46788215637207,20.93752195938707,20.390776695037207,20.65012924085675,17770400
2010-04-05,20.53096580505371,20.671155956533298,20.418811812118875,20.523956096934963,11429600
2010-04-06,20.58003807067871,20.762286520867324,20.299655016871313,20.502932597185126,13642100
2010-04-07,21.04266357421875,21.28799802344628,20.50292805331122,20.54498496727545,21879400
2010-04-08,21.645488739013672,21.694556709633,20.83939079635592,20.958553193929014,20867700
2010-04-09,21.715585708618164,22.04503541624063,21.55436637852855,21.79970089738459,18779900
2010-04-12,21.680538177490234,21.946900486935018,21.55436606466066,21.827738084481037,13093600
2010-04-13,21.36510467529297,21.72259182877487,21.309028337705534,21.6104391536,13988600
2010-04-14,21.827726364135742,22.04502325820543,21.379115836702532,21.694545949407026,28735600
2010-04-15,21.645488739013672,21.876803824071384,21.54034576161753,21.80670939711762,15022200
2010-04-16,20.439836502075195,21.582393275217296,20.096368900562215,21.5543544488253,60500600
2010-04-19,20.720224380493164,20.951539420691763,20.159461051819353,20.25759430009596,29210000
2010-04-20,21.344078063964844,21.39314469494504,20.636113427191702,20.90948542091875,29167000
2010-04-21,22.20624542236328,22.633828223208305,21.792682036587117,21.99595820722548,44637300
2010-04-22,22.36046028137207,22.500650454420242,21.652495696038024,21.827734415072232,22972300
2010-04-23,22.38849449157715,22.54270405115232,22.164189191480517,22.409522277858052,13899800
2010-04-26,21.687538146972656,22.402510903603112,21.561366090812886,22.34643458275043,17900900
2010-04-27,20.979578018188477,21.89081875121249,20.860415645073164,21.456227510649732,27671000
2010-04-28,21.2955322265625,21.695744785111586,21.028724300597197,21.253404941242138,19166500
2010-04-29,21.983619689941406,22.29957771617533,21.36574785322024,21.520215477599926,18862200
2010-04-30,21.21829605102539,21.822126228693136,21.204254516513835,21.75893463618362,25201500
2010-05-03,21.36574363708496,21.48510538575256,20.92340248764533,21.239360451530782,14632100
2010-05-04,20.70574951171875,21.098940720891132,20.593409166240924,21.098940720891132,20459800
2010-05-05,20.565322875976562,20.78298210811082,20.186173240127435,20.34064086628684,15766700
2010-05-06,19.406814575195312,20.55128379316967,18.47298452908996,20.36170894024837,36393700
2010-05-07,19.48404312133789,19.82808552385724,18.92936161128271,19.540213282173656,32446500
2010-05-10,20.263408660888672,20.663621291122023,19.884259007487078,20.382770440011118,21759900
2010-05-11,19.926382064819336,20.35468035872633,19.785957338713683,19.93340350200495,16373200
2010-05-12,19.519155502319336,19.58936856166348,18.859156226411468,19.19617730422009,44435100
2010-05-13,19.392763137817383,19.91233735386697,19.385741701751606,19.708719725565402,18748800
2010-05-14,19.013622283935547,19.132984073004966,18.788941584323137,19.097878215891505,25318000
2010-05-17,19.03468894958496,19.14000787311866,18.61341191624739,18.985540207882753,19187500
2010-05-18,18.767868041992188,19.266379271037675,18.578293292670583,19.266379271037675,19700400
2010-05-19,18.985544204711914,19.132990460858867,18.543202757864954,18.669586028392658,23831500
2010-05-20,18.002553939819336,18.66957579570096,18.002553939819336,18.536171156684173,26155600
2010-05-21,19.03468894958496,19.14702931324794,17.56724144263414,17.609368744207064,32435700
2010-05-24,18.079792022705078,19.175111086773786,18.05170626606616,19.175111086773786,22723700
2010-05-25,18.33255386352539,18.36063827389622,17.384681242669853,17.44787284000704,26927700
2010-05-26,18.627445220947266,19.01361485512542,18.60638091138766,18.66957250086439,29530500
2010-05-27,19.42085075378418,19.44893650269079,18.76085038570325,18.964468047669516,18211000
2010-05-28,19.03468894958496,19.48405040423689,18.838092643573354,19.35766716031534,15335300
2010-06-01,18.346595764160156,19.10489360809233,18.311489915697535,18.810001266920857,13915400
2010-06-02,19.083831787109375,19.104894761777963,18.374682623882453,18.52212880337201,13005800
2010-06-03,18.852130889892578,19.23127918925808,18.655534632205228,19.168087582830086,10481400
2010-06-04,18.2482967376709,18.711700861120626,18.213190892246768,18.430850080121118,17110300
2010-06-07,17.756816864013672,18.501072131364605,17.71468822192004,18.367667443140395,14704700
2010-06-08,17.967445373535156,18.03063696460942,17.391700956371498,17.869147938176127,18291700
2010-06-09,17.64447784423828,18.164053795549545,17.51107447490446,18.07979783773601,16158600
2010-06-10,17.967445373535156,18.051699935499432,17.553189982804792,17.890210909066138,20947000
2010-06-11,18.25532341003418,18.304472143404173,17.700641786681306,17.72872754243704,11360000
2010-06-14,17.78489875793457,18.430856446977703,17.763834439882224,18.423835007626923,15658900
2010-06-15,18.220212936401367,18.255318782995474,17.665531453639446,17.92531927172335,17954700
2010-06-16,18.093833923339844,18.164046971940653,17.869153239179262,18.093833923339844,15134900
2010-06-17,17.777870178222656,18.178082686056253,17.68659418172812,18.15701971566633,18418900
2010-06-18,18.04468536376953,18.086812657652175,17.693621456608273,17.84808909364632,15779800
2010-06-21,17.981494903564453,18.360643251166234,17.925324728393722,18.269367218714773,15209500
2010-06-22,17.67957878112793,18.19915320896505,17.658514464344417,17.981493959012244,16182500
2010-06-23,17.574254989624023,17.84106289869126,17.504041959068804,17.651488117952812,16133900
2010-06-24,17.03362274169922,17.518091359911185,16.984474003759377,17.468941282768675,23822700
2010-06-25,17.56022071838379,17.71468838991689,17.13192222745646,17.307454220236142,22664600
2010-06-28,17.21617889404297,17.588305877226215,17.138944385441366,17.5602214535911,12874600
2010-06-29,16.46489715576172,16.879152657603573,16.338513939714716,16.865109780442243,22892300
2010-06-30,16.296375274658203,16.71063052144579,16.247226574056565,16.478928547751178,19768000
2010-07-01,16.21212387084961,16.40872005040014,15.727655527186965,16.296378419798472,21812500
2010-07-02,16.029571533203125,16.38765673592459,15.896166926886815,16.36659242781086,11922300
2010-07-06,16.127878189086914,16.443836295601276,15.94532476523448,16.324474493051714,12214600
2010-07-07,16.81595802307129,16.872128182404712,16.19106349388444,16.212127805835312,15838800
2010-07-08,16.991491317749023,17.167023247315843,16.75276778640196,17.04766148164231,14913200
2010-07-09,17.34256362915039,17.370648055183405,16.879159216380167,16.92830796634019,10201600
2010-07-12,17.2442684173584,17.321502948800713,16.984481730294153,17.286397074074177,7885800
2010-07-13,18.0166015625,18.086814619388218,17.497027084251442,17.497027084251442,17831200
2010-07-14,17.932342529296875,17.988512693070927,17.616384521066376,17.869150927650775,13316900
2010-07-15,17.967445373535156,18.051699935499432,17.405743829766248,17.946381063443027,14313900
2010-07-16,17.370635986328125,17.805955670611798,17.20212552959956,17.672551056834244,16981200
2010-07-19,17.398717880249023,17.5461639950435,17.1038243114583,17.37765357562048,8964200
2010-07-20,17.707658767700195,17.749787390727878,16.858084958008384,16.942339525659335,15097200
2010-07-21,18.817018508911133,19.58233767420421,18.73978538617656,19.048720555518997,62655900
2010-07-22,18.81000328063965,19.17510869702527,18.564258297486067,19.027662510654572,24957500
2010-07-23,18.880220413208008,19.06277384348675,18.56426363477399,18.74681706505273,14624200
2010-07-26,18.957448959350586,19.09787504287858,18.725746858971064,18.94340608315731,12095500
2010-07-27,18.957448959350586,19.30149139087155,18.94340608315731,19.16106664654594,19293500
2010-07-28,18.999650955200195,19.245851807690414,18.950411053039495,18.950411053039495,11282200
2010-07-29,18.985584259033203,19.316196027875385,18.823795606728744,19.09109853915842,14785300
2010-07-30,18.985584259033203,19.210681747750165,18.718281326603524,18.79565774979569,16038300
2010-08-02,19.470949172973633,19.485018099717102,19.077028615963464,19.2950916137404,15048700
2010-08-03,19.33730697631836,19.44282129767161,19.259929181205194,19.386546903504048,10296000
2010-08-04,19.604604721069336,19.73122105883634,19.316197039153735,19.40060927268534,11218200
2010-08-05,19.583499908447266,19.604603300722967,19.309162517297334,19.400607867118364,6751400
2010-08-06,19.449851989746094,19.52019530422487,19.11220569027252,19.38654314088391,8836100
2010-08-09,19.30916404724121,19.576466995478743,19.203648419189104,19.555363601530935,7785900
2010-08-10,19.22475242614746,19.414678952673015,19.055929294242635,19.098134741797093,9709700
2010-08-11,18.59166145324707,19.041856377395384,18.563523599644448,18.88006774424042,11998700
2010-08-12,18.37360382080078,18.59870134861732,18.310294973391493,18.366569355345625,10035200
2010-08-13,18.218843460083008,18.415804415829914,18.183672483768476,18.324357730713345,8966100
2010-08-16,18.078163146972656,18.35953505934026,17.979681971378664,18.1274030639261,7950600
2010-08-17,18.42987823486328,18.669044694006804,18.169608379317534,18.275122677954474,8935800
2010-08-18,18.47208023071289,18.683108788513135,18.289188187832146,18.387668002580682,8818800
2010-08-19,18.282154083251953,18.577594874995103,18.085193108194225,18.39470282851726,11616300
2010-08-20,18.232919692993164,18.296228549075806,17.90230782142948,18.239954159412047,10812100
2010-08-23,18.092235565185547,18.408779889639963,17.986721237596566,18.366574426941863,9360700
2010-08-24,17.67721176147461,17.881207295338445,17.635006297867005,17.80382949398492,11819500
2010-08-25,17.656105041503906,17.74755041213812,17.438041971770666,17.508383945325996,9630800
2010-08-26,17.32548713684082,17.71237459430724,17.17776742264063,17.71237459430724,15006000
2010-08-27,17.606863021850586,17.627965074723665,17.1566666630448,17.45210747845076,11782600
2010-08-30,17.18480682373047,17.620932969545606,17.17777235793511,17.50134973439878,8095700
2010-08-31,17.367694854736328,17.452105741200022,17.051150676280347,17.156664955203393,13682700
2010-09-01,17.874168395996094,17.888237327606156,17.452109839504445,17.620932993763674,10319100
2010-09-02,18.064090728759766,18.07112519292188,17.71237557077515,17.81085538567105,6628300
2010-09-03,18.75345802307129,18.858972335362527,18.28919397564002,18.3173318411509,13011700
2010-09-07,18.057056427001953,18.619800148163886,18.042987498551188,18.570560240273075,12068100
2010-09-08,18.268081665039062,18.450973676580233,18.134430894121248,18.162567404219402,11277300
2010-09-09,18.999650955200195,19.133303076555464,18.570558079194008,18.66903922520212,19300700
2010-09-10,19.12626838684082,19.18254275174244,18.880067537263724,19.01371965703758,8936600
2010-09-13,19.534263610839844,19.555365665327738,19.351371535717945,19.40764591716414,10924300
2010-09-14,19.3584041595459,19.54833068199176,19.161443172377567,19.492054964211984,8461300
2010-09-15,19.161441802978516,19.24585403192858,18.908206457815183,19.203647246610117,10465300
2010-09-16,18.83786392211914,19.055926939506005,18.78862267408885,19.048892475501678,10770600
2010-09-17,18.619794845581055,18.992613293233134,18.57055495171288,18.96447544434476,11766300
2010-09-20,18.880075454711914,18.950418775759413,18.41581141416058,18.6620123669832,14972700
2010-09-21,18.33139419555664,19.027790067766674,18.296223215402485,18.908206856880895,16588600
2010-09-22,17.55059051513672,18.29622642712643,17.480247200793432,18.134437743317864,26778100
2010-09-23,17.40286636352539,17.817890369383843,17.346591990274426,17.423969756627088,17621800
2010-09-24,17.691272735595703,17.747547108978512,17.40990086868166,17.59279291759751,15267700
2010-09-27,17.494306564331055,17.712369512017794,17.44506533203989,17.65609515965714,14496200
2010-09-28,17.234046936035156,17.5787277137534,17.128532631294824,17.571693247879086,19458800
2010-09-29,17.219970703125,17.311417379031056,17.00894218311913,17.184799730352893,18195900
2010-09-30,17.360666275024414,17.72645048484883,17.276254018262126,17.36770074156188,21464700
2010-10-01,17.599834442138672,17.7264521684643,17.360667923898582,17.53652557897586,16292200
2010-10-04,17.381771087646484,17.7405208877888,17.269222288584682,17.557628753891493,11955800
2010-10-05,17.916372299194336,18.176642144715853,17.416937345427787,17.606863880671565,19234700
2010-10-06,17.853059768676758,18.183672856227012,17.782717814606873,17.944506455666442,15158700
2010-10-07,17.634998321533203,18.064091256141612,17.592792877015178,18.0148513472561,11649500
2010-10-08,17.810850143432617,17.88119342266289,17.585752723244916,17.642027078291843,10721000
2010-10-11,17.691272735595703,17.83195933989617,17.62092943344547,17.782719430897075,7125900
2010-10-12,18.23995018005371,18.331395540174217,17.627965151998982,17.649068546651556,15289400
2010-10-13,18.246986389160156,18.450980523553458,18.064094309749574,18.415809537457513,16049600
2010-10-14,17.895265579223633,18.218842843768797,17.60685928980322,18.169602941919464,15552800
2010-10-15,17.599834442138672,18.014858615456035,17.49432011742979,18.014858615456035,21583300
2010-10-18,17.86712646484375,18.007813038787532,17.4591370104307,17.536514760268442,15728300
2010-10-19,17.860092163085938,18.331390445856403,17.726441392489004,17.80381780133812,19796200
2010-10-20,17.853059768676758,18.113329560470355,17.065218612925165,17.585756854825586,41015300
2010-10-21,17.304391860961914,17.7264504608268,17.234048537369883,17.698312594715066,22775800
2010-10-22,17.248117446899414,17.50838599964143,17.107430799907245,17.31142630387716,11260100
2010-10-25,17.149629592895508,17.43803724132148,17.12852754322816,17.367693945161168,11599700
2010-10-26,17.01597785949707,17.29734968679966,16.95266903064315,17.008943396103668,12126300
2010-10-27,17.199251174926758,17.227447314440603,16.882052672191605,16.903198432361055,11555800
2010-10-28,17.52350425720215,17.608090007086115,17.12876627618947,17.276793355185788,13444700
2010-10-29,17.530550003051758,17.706771850774786,17.460060995069345,17.55874479956512,18086200
2010-11-01,17.39661979675293,17.650379669826016,17.262690825468145,17.586939701557743,10173600
2010-11-02,17.347280502319336,17.601039069023155,17.319084359093296,17.52350236408376,10212600
2010-11-03,17.904138565063477,17.904138565063477,17.375473048312788,17.42481494809497,15553500
2010-11-04,18.587881088256836,18.67951585750218,18.115606482609273,18.171997420098563,20293000
2010-11-05,19.22933006286621,19.285721004919996,18.51034454333087,18.658370262047264,26025100
2010-11-08,19.17998504638672,19.23637732771495,18.750004656986857,19.031959341298077,14602200
2010-11-09,18.552637100219727,19.1799864880243,18.482148087727214,19.039009807505362,21825800
2010-11-10,18.71476173400879,18.785250749688444,18.242487076761112,18.404612216164157,45033100
2010-11-11,18.545591354370117,18.84164418378331,18.411663685789296,18.594933268527928,9780500
2010-11-12,18.023967742919922,18.496242279760075,17.96052777942902,18.432802316269175,12560000
2010-11-15,18.327068328857422,18.672462916796157,18.080357524768118,18.143797484232962,15275800
2010-11-16,18.066265106201172,18.291830223975875,17.98167936344353,18.193145064803772,17713200
2010-11-17,17.68562126159668,18.115602915578766,17.636279369067406,18.066259678583755,13718900
2010-11-18,18.023967742919922,18.439851350486588,17.967576813646435,17.988723916298667,11625300
2010-11-19,18.05921173095703,18.21428644018381,17.939380846042702,17.960526602843885,10114700
2010-11-22,17.664474487304688,17.897087231013654,17.403666952113362,17.882990507505355,16677000
2010-11-23,17.382522583007812,17.61513536328783,17.37547354791254,17.45301158949454,12929100
2010-11-24,17.727916717529297,17.742014787307617,17.460060114070824,17.544645843808897,10505600
2010-11-26,17.410722732543945,17.53760136007714,17.39662465910705,17.50235752095119,4967600
2010-11-29,17.565799713134766,17.6221906694985,17.213355899744794,17.319088774868497,9638200
2010-11-30,17.241548538208008,17.460064643055336,17.178109896682006,17.304988524200294,11776300
2010-12-01,17.565799713134766,17.69972873867356,17.43187068759597,17.49531068156348,13969000
2010-12-02,18.052169799804688,18.362319340286188,17.622187982795285,17.671529894032513,18415300
2010-12-03,18.07331657409668,18.13675656193438,17.763167016297164,17.86889988120456,10969500
2010-12-06,18.00281524658203,18.18608468977684,17.9182282120984,17.988717183423876,6503200
2010-12-07,18.087419509887695,18.51035242766907,18.073321432252758,18.263641446924378,15843000
2010-12-08,18.658369064331055,18.792298047286426,18.087410644629124,18.101508715354115,15080000
2010-12-09,18.827543258666992,18.827543258666992,18.453953768353102,18.70066464624684,14198800
2010-12-10,18.996715545654297,19.060155517801856,18.693613755275056,18.82049369957018,11224000
2010-12-13,18.989669799804688,19.165891676413395,18.96147365420351,19.137695530812216,9368200
2010-12-14,18.77114486694336,19.067197534036794,18.714753946757256,18.91212283964141,10321700
2010-12-15,18.46805191040039,18.82049563888539,18.376415788093258,18.679517609704938,12583400
2010-12-16,18.334123611450195,18.594931227505008,18.249536521845332,18.461003573624396,13280300
2010-12-17,18.49623680114746,18.69360566737663,18.016913372066202,18.235429334683804,20300600
2010-12-20,18.510339736938477,18.60902352379185,18.432801707573244,18.517388770923112,8966100
2010-12-21,18.93328094482422,19.003768627682227,18.46805524673623,18.601982919739545,13912500
2010-12-22,19.313907623291016,19.335054721779105,18.905073130446763,18.996709212762937,14120200
2010-12-23,19.32096290588379,19.37735384229396,19.179984892625374,19.285719074802174,7201800
2010-12-27,19.39145851135254,19.412605623877376,19.13064950141195,19.208187569536584,5368200
2010-12-28,19.49718475341797,19.5747227951694,19.363255775247133,19.454891887219908,6794200
2010-12-29,19.22933006286621,19.440795759451376,19.194084883791277,19.356208674137644,6921500
2010-12-30,19.264572143554688,19.34915922116729,19.088350297622256,19.222279276981382,6618500
2010-12-31,19.17998504638672,19.271621159079107,19.116546418824434,19.18703408155275,6643200
2011-01-03,19.898969650268555,20.138631457818732,19.37030413557832,19.47603696962318,21176700
2011-01-04,20.068143844604492,20.089290950665593,19.736847249776723,20.061094809250793,12859900
2011-01-05,20.3219051361084,20.3219051361084,19.94831430348318,19.990608518512076,15101100
2011-01-06,20.300752639770508,20.42763256224476,20.145677925894066,20.33599780960544,13200900
2011-01-07,19.87782096862793,20.364192202643835,19.73684298097751,20.328948377964096,17512600
2011-01-10,19.7720947265625,19.84258374862634,19.47604190946739,19.828485675320316,15184900
2011-01-11,19.708650588989258,20.068143315758288,19.59586871523419,19.95536144200322,11189900
2011-01-12,20.237323760986328,20.24437279881354,19.828488978273466,19.891928974251883,13444200
2011-01-13,19.948318481445312,20.26551843826559,19.913074639339236,20.20912748421603,13359700
2011-01-14,20.427637100219727,20.561566086413126,19.884873464379258,19.884873464379258,14752000
2011-01-18,20.265518188476562,20.427642011312443,20.089296291185462,20.406496244095994,12166100
2011-01-19,19.560630798339844,20.089296495592272,19.43375081588464,20.08224745829294,21726100
2011-01-20,20.455829620361328,20.568611479986362,19.447840573555,19.969457010437235,34556600
2011-01-21,21.153671264648438,21.322844081146403,20.66024954151318,20.688445683162527,35955900
2011-01-24,20.970401763916016,21.139574591599906,20.72369088603554,20.751887029549252,16702600
2011-01-25,20.681392669677734,20.87876158986107,20.343047101762682,20.765978389423612,14148100
2011-01-26,20.448781967163086,20.72368760050768,20.293707235821557,20.547465764883523,15477100
2011-01-27,21.077213287353516,21.098395554071107,20.364047794141882,20.44171969687185,16615800
2011-01-28,20.50527000427246,21.18312950187464,20.448780366018507,20.971298745570735,16786200
2011-01-31,20.75946807861328,20.801833963447503,20.30050051034552,20.477026601739826,13164200
2011-02-01,21.12664031982422,21.232555693511358,20.808892851975752,20.85832128336433,11630100
2011-02-02,20.943056106567383,21.190192912506376,20.88656780922023,21.04191029022808,9230300
2011-02-03,21.048973083496094,21.091340319792703,20.547639575072317,20.950118892378693,8568500
2011-02-04,21.077213287353516,21.084274491855066,20.830076516947578,21.006602589125098,9134800
2011-02-07,21.47969627380371,21.6138564892272,21.10546045048021,21.17607116106032,11387800
2011-02-08,21.635038375854492,21.79744341134395,21.380841707777613,21.46557348154082,13042700
2011-02-09,21.239620208740234,21.49381822264235,20.935995102532097,21.45851219471858,16429400
2011-02-10,20.99247932434082,21.32434918844924,20.830075667786954,21.126639510826926,12855900
2011-02-11,21.296104431152344,21.35259271823284,20.858320542975243,20.928929891735613,10002000
2011-02-14,21.16901206970215,21.28904988564163,21.098401352069377,21.176073276144166,7959400
2011-02-15,21.409080505371094,21.500874811475203,21.06308958673421,21.06308958673421,10197300
2011-02-16,21.68446159362793,21.776255903387476,21.465569645934206,21.47263085028394,9820800
2011-02-17,21.670345306396484,21.71271119504246,21.380842598205568,21.380842598205568,6817200
2011-02-18,21.882179260253906,21.917485294886383,21.6703484396091,21.677409646535597,10898000
2011-02-22,20.84419822692871,21.394958691708805,20.773587531068262,21.31022693410587,12648900
2011-02-23,20.935998916625977,21.154890942481796,20.554703173096083,20.914816642800012,10941400
2011-02-24,20.823013305664062,20.87950158944543,20.38522944305522,20.85831932476924,13454200
2011-02-25,21.09133529663086,21.19725066857264,20.879503205960273,20.95717510721819,8519400
2011-02-28,20.957176208496094,21.21137419194383,20.75946651617151,21.16194575877236,12189700
2011-03-01,20.349925994873047,21.02778683267439,20.349925994873047,20.964237337043418,12571400
2011-03-02,20.455841064453125,20.6535507530867,20.236949108785748,20.349925688922916,9040100
2011-03-03,20.695920944213867,20.872447055791095,20.604127958780143,20.681799878846075,9745600
2011-03-04,20.08160400390625,20.533510264958206,19.855650873380274,20.512326653926312,18883700
2011-03-07,19.996868133544922,20.24400484083167,19.806219701056285,20.138089493933553,12366700
2011-03-08,20.3358097076416,20.455847530328402,19.99687986009799,20.074551788538713,10976700
2011-03-09,20.279315948486328,20.420537353728545,20.109851070267943,20.28637715342715,8493500
2011-03-10,19.820348739624023,20.074546734679977,19.73561697246348,20.00393603085475,11351200
2011-03-11,20.011003494262695,20.0533693910927,19.770927834246695,19.799172663325084,7061300
2011-03-14,19.707372665405273,19.88389875617156,19.5379077798841,19.799166986804572,10278600
2011-03-15,19.523788452148438,19.672071092134896,19.050698400323633,19.262530550763227,14819400
2011-03-16,19.142492294311523,19.601459922820915,18.85298957416926,19.544971620031873,18534200
2011-03-17,19.382556915283203,19.481411052352275,19.10011421488024,19.4037391750628,12798300
2011-03-18,19.36844825744629,19.679134640323785,19.248410428615497,19.396691739460117,17690400
2011-03-21,19.622642517089844,19.75680138746848,19.537909393935752,19.643824787787892,7910600
2011-03-22,19.601459503173828,19.912145835255775,19.587337091082073,19.643825392661757,8098200
2011-03-23,19.467300415039062,19.516727513449947,19.135431792289253,19.424934523085078,12971200
2011-03-24,19.49554443359375,19.573215007828626,19.32607952600761,19.523787911464424,10202000
2011-03-25,19.1566104888916,19.55909110107902,19.121305809984875,19.537907485662682,12693600
2011-03-28,19.19191551208496,19.3896238584947,19.156609488235294,19.17073189777516,6422900
2011-03-29,19.227222442626953,19.241344853822003,19.008330456252715,19.17073414463401,8499800
2011-03-30,19.227222442626953,19.326077974205045,19.07187995984318,19.30489435741247,12116600
2011-03-31,19.2907657623291,19.481414211985832,19.10011731267237,19.128362126008252,8633700
2011-04-01,19.248403549194336,19.40374601171957,19.184854053891495,19.347257721093385,11454600
2011-04-04,19.135427474975586,19.488479637440868,19.086000387716386,19.481418432577108,9020200
2011-04-05,19.19191551208496,19.22722018914753,19.057755315030423,19.135427220712593,6683100
2011-04-06,19.601459503173828,19.679131422891153,19.142491884490465,19.283711965046006,11984500
2011-04-07,19.502601623535156,19.940385541281827,19.488479214114403,19.629699267960678,10640800
2011-04-08,19.241350173950195,19.650890784331576,19.149557169376624,19.650890784331576,8474400
2011-04-11,19.001272201538086,19.389629142202683,18.973028721549056,19.27665252867162,9806700
2011-04-12,18.9306583404541,18.98008543232468,18.676461675578654,18.76119344827472,13994500
2011-04-13,18.91653060913086,19.304887348485217,18.78237044506125,19.234276664933486,12426900
2011-04-14,18.91653060913086,18.93771287144564,18.61290561260916,18.80355270737603,10711400
2011-04-15,19.050695419311523,19.17779442032962,18.909475354570343,19.00126832931275,13492900
2011-04-18,18.747072219848633,18.83886655064514,18.52818022199034,18.817682932741178,12056000
2011-04-19,18.429319381713867,18.87416442287419,18.35870869430149,18.831798549141507,12442500
2011-04-20,18.3869571685791,18.980083559280807,18.288101647806226,18.66233742284637,22876400
2011-04-21,18.697641372680664,19.33313496761021,18.65527549216191,18.86710624154274,18267800
2011-04-25,18.203371047973633,18.676461027263944,18.182187432141337,18.56348443639944,13031500
2011-04-26,18.25279998779297,18.401081273283655,18.22455516382103,18.245738781799986,10703500
2011-04-27,18.04054832458496,18.33768682155399,17.91320306168442,18.330611934793218,15269500
2011-04-28,18.26695442199707,18.351851783995,17.962740786484698,18.012263685401077,16088100
2011-04-29,18.50041389465332,18.57116144623272,18.26694791901943,18.35892014089184,11049300
2011-05-02,18.415512084960938,18.740948830090307,18.40136230924308,18.592380233243475,9108300
2011-05-03,18.196197509765625,18.54993386271175,18.132524858283556,18.42258990914471,13251900
2011-05-04,17.969810485839844,18.365994912071677,17.863689826059566,18.23865092997378,10795400
2011-05-05,17.78586769104004,17.969810800936713,17.672672138703227,17.842465467208445,11669400
2011-05-06,17.856611251831055,18.16082473666947,17.82831304477943,17.969806778831796,15247900
2011-05-09,17.743412017822266,17.877832184076095,17.67266449087831,17.79293488186398,7061700
2011-05-10,18.012250900268555,18.167895728554775,17.77878500723606,17.81415944520876,13878700
2011-05-11,17.410903930664062,17.89905913196329,17.389679263452184,17.891985592289778,16484700
2011-05-12,17.34015464782715,17.538247473718254,17.1208385062528,17.396752405310753,22261600
2011-05-13,17.071319580078125,17.36138469517741,17.028871586155198,17.333085132963863,11340700
2011-05-16,16.894453048706055,17.333086860963306,16.85907994181004,16.986425285671743,10277500
2011-05-17,17.120840072631836,17.219885819940558,16.866149465955576,16.901522561595232,15138600
2011-05-18,17.241117477416992,17.354313048635845,17.057174336836944,17.198668126161685,10897900
2011-05-19,17.191591262817383,17.35431105850732,17.071320813514816,17.304786821055387,7977000
2011-05-20,16.859073638916016,17.29770728718671,16.83784897307489,17.15621221370661,12566000
2011-05-23,16.76003074645996,16.98642182299883,16.61146075910804,16.646835208190524,10709200
2011-05-24,16.646833419799805,16.795402041793547,16.505338337465382,16.781252263680685,10429200
2011-05-25,16.668062210083008,16.745884665857567,16.519493539310727,16.52656843069001,10188000
2011-05-26,16.660987854003906,16.717585637459045,16.54071739548704,16.632689636975137,9428700
2011-05-27,17.02887725830078,17.078400159272668,16.66099092336984,16.71758871725169,8655600
2011-05-31,17.09254264831543,17.32600861708657,16.943974008823467,17.1703650877049,11243200
2011-06-01,16.363842010498047,17.014716910816084,16.32846891730347,16.993493594658144,15076000
2011-06-02,16.278953552246094,16.554867584681535,16.165757982559878,16.349701120649385,14299200
2011-06-03,16.356761932373047,16.576077991176028,16.045473708997008,16.045473708997008,13668300
2011-06-06,15.932290077209473,16.29310141916428,15.903990513418128,16.29310141916428,17419600
2011-06-07,15.748342514038086,16.137451960517378,15.748342514038086,16.031331325059124,11712500
2011-06-08,15.514878273010254,15.903987762043363,15.500728493562479,15.72004467741402,13174900
2011-06-09,15.925217628479004,16.031338310175776,15.47950887619581,15.5361066630606,14004600
2011-06-10,16.05255699157715,16.25064849692941,15.628073073912452,15.82616592866189,20402200
2011-06-13,16.52656364440918,16.54778696300296,16.03840707579478,16.12330439836139,17245100
2011-06-14,16.130382537841797,16.653913702391666,16.080859647805404,16.653913702391666,17697500
2011-06-15,15.621004104614258,16.158683757507948,15.606854320470235,16.003040180116756,21793700
2011-06-16,15.663443565368652,15.896909478830352,15.5290247375007,15.656368677155031,18839700
2011-06-17,16.151611328125,16.2152840170838,15.882772135386206,15.903995465440545,22212500
2011-06-20,15.840316772460938,16.080857650821443,15.797868779043606,16.038409657404113,12537200
2011-06-21,16.102073669433594,16.10914855610087,15.705889461842718,15.896906004272552,13693000
2011-06-22,15.98888111114502,16.321392749052173,15.981806223181433,16.010104425638875,12713700
2011-06-23,15.812013626098633,15.868611382793784,15.500725289576813,15.79078896131409,19490000
2011-06-24,15.71296215057373,15.854457177484855,15.394600364118578,15.804934322884936,23203000
2011-06-27,15.946432113647461,16.010103402456796,15.564396284410547,15.620994035105259,16736800
2011-06-28,15.79786491394043,16.066703939005915,15.720042487217528,16.024255955973903,13488100
2011-06-29,16.547792434692383,16.583166893040868,15.840319460494024,15.89691724445399,22350100
2011-06-30,16.278953552246094,16.625615153084826,16.080860630596405,16.625615153084826,22250600
2011-07-01,16.80955696105957,16.823706743500104,16.222354483752667,16.32847515326162,15368500
2011-07-05,16.37799644470215,16.781255759136,16.349698231979147,16.7388077653528,14713900
2011-07-06,16.08086395263672,16.33555471174441,15.960593466324521,16.29310670169243,13424200
2011-07-07,16.27187156677246,16.34261910433349,16.073778731480992,16.29309623285988,15305700
2011-07-08,15.776644706726074,16.05963493864734,15.741271602434633,15.946439385637806,19202300
2011-07-11,15.267264366149902,15.677598573697313,15.21066659095017,15.592702585596415,17617800
2011-07-12,15.012571334838867,15.458279924949537,14.998422905318881,15.203589302029153,23072300
2011-07-13,15.069164276123047,15.352154366267339,15.04086607674667,15.132836911465837,25317000
2011-07-14,14.934747695922852,15.2955589002332,14.856925274582299,15.253109570740012,20070900
2011-07-15,14.920598983764648,15.139915137536223,14.708357718746614,15.097467154412026,20598000
2011-07-18,14.637612342834473,14.814480539608315,14.276801059488163,14.78618098041382,21011900
2011-07-19,14.842778205871582,14.90645086233029,14.397070960057832,14.42536916881881,21836700
2011-07-20,15.366305351257324,15.486575754786465,14.899373513884655,14.948896383091306,25314400
2011-07-21,17.120840072631836,17.304781789234575,16.095004106316555,16.236499187669388,65705300
2011-07-22,16.908597946166992,16.979345488916906,16.696356667314387,16.908597946166992,18845200
2011-07-25,16.484119415283203,16.703437004277063,16.406298307334733,16.569016764151403,20313100
2011-07-26,16.639760971069336,16.894450267467136,16.41336988565027,16.512415648171782,17133100
2011-07-27,15.980402946472168,16.533406242152328,15.952043109631415,16.533406242152328,21904800
2011-07-28,15.85279369354248,16.34907889660548,15.82443384362753,16.0087688112585,17508500
2011-07-29,15.774806022644043,16.143475971089348,15.512482810638542,15.55502258703216,20361100
2011-08-01,15.803167343139648,16.20728579055392,15.661370779852561,16.1292975455188,16584200
2011-08-02,15.108363151550293,15.760624793992724,15.094184579530248,15.611739645742174,25073000
2011-08-03,14.90275764465332,15.22179778448188,14.697152827017108,15.129630993581673,28502900
2011-08-04,13.96690559387207,14.782232268133814,13.896007328224975,14.704244040694814,32116000
2011-08-05,14.193775177001953,14.456096931988059,13.506063941573961,14.193775177001953,41270300
2011-08-08,12.137738227844238,14.04489345936911,12.017211573427215,13.669134923806414,47863500
2011-08-09,12.910523414611816,13.045229975131704,11.698168426748383,12.513495046643142,43213400
2011-08-10,11.662726402282715,12.683657054201344,11.634366541370898,12.662388510790079,53088300
2011-08-11,12.910523414611816,13.080679781727387,11.946311663830748,12.116466678674467,44330100
2011-08-12,11.974674224853516,13.392634515863659,11.917955867304002,13.158671121937878,46290400
2011-08-15,12.704922676086426,12.733281175186152,12.187367558999108,12.307894222785265,24868100
2011-08-16,12.102289199829102,12.662384086693136,12.010122388612958,12.591485811457266,26127600
2011-08-17,12.059749603271484,12.492227823124288,12.003031259050788,12.314982828400614,21215200
2011-08-18,11.485474586486816,11.584731336869773,10.946649039767227,11.506743117413562,39008800
2011-08-19,11.34367847442627,11.818695064633744,11.279870174825874,11.400396812707527,36263500
2011-08-22,11.109713554382324,11.72652657728572,11.07426442904574,11.691076775813308,22168100
2011-08-23,11.173526763916016,11.357861755911228,10.783587565814182,11.166436800500172,28129300
2011-08-24,11.577641487121582,11.613089940521528,11.116804831563202,11.152253284963148,26105100
2011-08-25,11.889594078063965,12.676560902490769,11.811605850889297,12.534765723949116,33819500
2011-08-26,11.77615737915039,11.98176086106608,11.343679177770857,11.761977455632913,20501400
2011-08-29,12.279534339904785,12.300804228379109,11.910864386649337,12.059750901425327,14894100
2011-08-30,12.08102035522461,12.350432171511915,11.974672268951533,12.130648740940265,15852800
2011-08-31,12.407147407531738,12.570212448914079,12.123555737242507,12.2015426014022,19171200
2011-09-01,12.003031730651855,12.442598577564905,11.995941768311702,12.407150118136192,17439100
2011-09-02,11.315322875976562,11.74780051087883,11.237335305263867,11.655633689189344,16513300
2011-09-06,10.868661880493164,10.982098557016794,10.741045281336117,10.854482633995673,21634500
2011-09-07,11.577641487121582,11.627269862790232,10.996278196822843,11.145163999964703,15972200
2011-09-08,11.230244636535645,11.535106288959307,11.13807714449742,11.435848157673714,19166600
2011-09-09,10.833212852478027,11.159343638635127,10.783584475063662,11.088446053205455,19772400
2011-09-12,10.670151710510254,10.762319213891564,10.429098344149313,10.599253422944267,23244800
2011-09-13,11.017547607421875,11.23733167369162,10.691416826717818,10.748135164567573,20470200
2011-09-14,10.975011825561523,11.25151431306237,10.762318332553624,11.13098763975196,20106900
2011-09-15,11.761980056762695,11.797428521123786,11.180616586698504,11.244424228230137,27515900
2011-09-16,11.662726402282715,12.003036619588924,11.357864658843678,11.93213831958198,27178100
2011-09-19,10.741047859191895,11.308232054070404,10.741047859191895,11.24442373917786,26679100
2011-09-20,10.71977710723877,10.989189578030018,10.677238687508357,10.84030375670159,30159300
2011-09-21,9.798104286193848,10.79776607009644,9.776835073552707,10.719778506321541,41513500
2011-09-22,9.259279251098633,9.443613540293114,8.855160184622358,9.408165080613886,63458900
2011-09-23,9.727204322814941,9.826461075123639,9.13875106562284,9.181289480573449,37300800
2011-09-26,10.358197212219238,10.358197212219238,9.663397159864061,9.883180573920905,29554000
2011-09-27,10.613433837890625,11.223156569616682,10.499997113489146,10.882846396412244,42455500
2011-09-28,10.039155006408691,10.677237304966745,10.024975760379883,10.620518292443801,24231400
2011-09-29,10.698505401611328,10.748133771764765,10.237668121130012,10.386553907726155,44847100
2011-09-30,9.578316688537598,10.266026566670021,9.564136768838807,10.223488159845225,51532900
2011-10-03,8.840981483459473,9.961169917319138,8.762993244609248,9.59958992665738,53873700
2011-10-04,9.932811737060547,9.932811737060547,8.209989812864396,8.436863237038457,76594400
2011-10-05,10.266029357910156,10.478723478271094,9.507421027296642,9.798102698797672,67720700
2011-10-06,10.762316703796387,11.010459300130682,9.869001734266469,10.251850910331287,49437800
2011-10-07,10.09587287902832,10.975007728779106,10.060423751380847,10.939559277267506,47983700
2011-10-10,10.840301513671875,10.946648217129084,10.45745243463573,10.45745243463573,36348200
2011-10-11,10.911202430725098,11.308230851627396,10.549622468872776,10.705598258009545,35000400
2011-10-12,11.230244636535645,11.549286215181848,10.875754594605283,11.152256394583864,36426800
2011-10-13,10.733957290649414,11.052998150881802,10.492903985898185,11.052998150881802,30447600
2011-10-14,10.790679931640625,10.94665510469839,10.514177382087954,10.904116667004919,30698400
2011-10-17,10.811944007873535,10.911201442174432,10.634699024137904,10.762315628791063,29580900
2011-10-18,11.790337562561035,12.01012235031866,10.953741568579996,11.024639843589807,51760300
2011-10-19,11.797428131103516,12.56312656553048,11.627273073705544,12.102289782710285,66831000
2011-10-20,11.77615737915039,11.889594062746344,11.343679177770857,11.77615737915039,35380300
2011-10-21,12.066840171813965,12.194456790792557,11.86123531851022,11.99594189990674,33004700
2011-10-24,12.159004211425781,12.350429096327133,11.988849208937388,12.265350918947059,26051800
2011-10-25,11.7123441696167,12.0313842014913,11.66980441688299,12.003025718606862,23647600
2011-10-26,11.797428131103516,12.081021245705656,11.598914573608644,12.03139150405975,30490700
2011-10-27,13.802779197692871,13.916557795470053,12.728992494366311,12.835659760238936,64100300
2011-10-28,13.731664657592773,13.987667132714288,13.390328928329167,13.496996174180591,32877200
2011-10-31,12.54410171508789,13.269441280526431,12.529880407874707,13.24810728518488,32488300
2011-11-01,11.541425704956055,11.93254077118388,10.979643442244512,11.477425082416005,48498000
2011-11-02,11.918317794799805,12.117430988154812,11.584093385289146,12.04631903650319,23876900
2011-11-03,12.053427696228027,12.622320470677357,11.320977062320573,12.529875903459603,50797200
2011-11-04,11.88986873626709,11.996537308407248,11.484532502445644,11.790312849039994,29340100
2011-11-07,12.032092094421387,12.074758707694414,11.591199236109485,11.989425481148357,26971200
2011-11-08,12.316543579101562,12.352100235277753,11.9112071931272,12.174321023440035,26418800
2011-11-09,11.20720100402832,11.7476499383232,11.150311713910314,11.733427276706783,33822500
2011-11-10,11.27830982208252,11.605423508128982,11.029419401547969,11.576979547436613,35148400
2011-11-11,11.633868217468262,11.754758095877675,11.484533023504966,11.569867613819321,19969700
2011-11-14,11.320976257324219,11.619645281759613,11.192975053088013,11.548533350923135,31961700
2011-11-15,11.328089714050293,11.491646236255574,11.10764322958474,11.221421797757763,21580100
2011-11-16,10.42497444152832,11.200092030223018,10.396529790483283,11.200092030223018,48861600
2011-11-17,10.048079490661621,10.624083663008689,9.941411574104702,10.588528368996812,45254300
2011-11-18,10.104972839355469,10.282752093617054,9.920082252161652,10.15475081353302,28193500
2011-11-21,9.671184539794922,9.856074311869554,9.393848864422674,9.827629679383186,43250000
2011-11-22,9.614299774169922,9.848968271547179,9.472075867005895,9.635633088974986,28507500
2011-11-23,9.265849113464355,9.479184229222328,9.144959237140625,9.457850921098622,31756400
2011-11-25,9.429407119750977,9.69252020383665,9.28718392270111,9.351183852743278,13540100
2011-11-28,9.8134126663208,10.204527069482918,9.62141079128392,10.112081797595591,37036100
2011-11-29,9.46496295928955,9.720964710482974,9.443628971393165,9.656964103141197,35547100
2011-11-30,10.517417907714844,10.53875122276499,9.863190368670235,10.140526177017577,48837100
2011-12-01,10.318303108215332,10.59563817719773,10.204524548820121,10.353859077569762,25387900
2011-12-02,11.036529541015625,11.306753242024849,10.65252594046085,10.73074919753991,52525100
2011-12-05,11.783204078674316,11.818760729223,11.37075642674233,11.4489797016019,67235400
2011-12-06,11.79031753540039,11.90409612498332,11.569871687626934,11.669427614425054,33481600
2011-12-07,12.330763816833496,12.444542381528242,11.576980486643937,11.633869768991309,41598400
2011-12-08,11.292530059814453,12.35920412771462,11.207196161509382,12.174315031980607,44160000
2011-12-09,11.648093223571777,11.968096343593418,11.555648631314265,11.626760586468821,34670000
2011-12-12,10.936976432800293,11.242756872905018,10.823197853647045,11.228534211423948,28770500
2011-12-13,10.787639617919922,11.768979996595709,10.602749126446756,11.726313377439553,40873800
2011-12-14,10.709421157836914,10.944089688152408,10.560086576893058,10.673865176055244,30075500
2011-12-15,10.67386245727539,11.136088068180024,10.652528466736083,11.107643425634722,28218400
2011-12-16,10.6525297164917,10.993866145254739,10.624085070609267,10.830308922800365,31307900
2011-12-19,10.069412231445312,10.688083670951416,9.97696698027676,10.638305719619781,31225900
2011-12-20,10.524528503417969,10.59563977467438,10.232970731466919,10.47474986754729,31173200
2011-12-21,10.602746963500977,10.65252490175309,10.296966649841327,10.531635720022752,20955300
2011-12-22,11.292530059814453,11.342307997615693,10.688080765769937,10.716525398538295,30203000
2011-12-23,11.20720100402832,11.399202866806961,11.05075511711689,11.384980205190544,14677300
2011-12-27,10.87297248840332,11.23564210720949,10.87297248840332,11.121863562840563,13135100
2011-12-28,10.595638275146484,10.936974634661222,10.581416294177465,10.92275197551849,17015400
2011-12-29,10.837420463562012,10.880087772298369,10.595640629795001,10.60986329209841,14000600
2011-12-30,10.759195327758789,10.872973886760612,10.666750079026382,10.76630665723983,16065400
2012-01-03,11.434757232666016,11.584092454773533,11.171644117768238,11.207200090737944,25777400
2012-01-04,11.335198402404785,11.434754971397496,11.022307394129136,11.200086545647347,20699600
2012-01-05,11.576981544494629,11.662314797639304,10.972532016604834,11.086310591696135,30615100
2012-01-06,11.306756973266602,11.555648127277497,11.235645699387657,11.43475821569207,21677700
2012-01-09,11.520092964172363,11.697872168209914,11.328091098288363,11.377869058403247,19102900
2012-01-10,12.010759353637695,12.060537300336561,11.726312975110385,11.854314184534505,25241000
2012-01-11,12.1600980758667,12.188542043793015,11.740539037258747,11.847206290590933,21695000
2012-01-12,12.209871292114258,12.316538503994444,11.8400903583389,12.174316006936591,22256700
2012-01-13,11.8258695602417,11.982316094843277,11.626757761799544,11.790314269476285,22020700
2012-01-17,11.555647850036621,12.081874112445803,11.448980602690426,11.797427667406737,24135700
2012-01-18,12.337878227233887,12.37343352894826,11.399204155957152,11.591204684101706,37202500
2012-01-19,12.999213218688965,13.226770336122463,12.821434051150618,13.105880447942491,46368600
2012-01-20,13.077432632446289,13.098766616761406,12.672096424889125,12.728985693382285,27909000
2012-01-23,12.949435234069824,13.276549641026433,12.743212083978795,12.7929900389543,24346300
2012-01-24,12.899657249450684,12.984991855175124,12.54409887890267,12.693434099833558,19028800
2012-01-25,12.892547607421875,12.97788222431999,12.593878482800053,12.686324430801989,22144000
2012-01-26,12.942328453063965,13.425886818081024,12.842771162204908,13.006329084206259,22780400
2012-01-27,13.234686851501465,13.30599470558902,12.756925997224295,12.799711525727343,26265600
2012-01-30,12.977981567382812,13.405826007557646,12.956588801340349,13.398696445627797,31773300
2012-01-31,13.298863410949707,13.320256174600859,12.871017658515722,13.120594460775893,27734600
2012-02-01,13.826536178588867,14.325689668969542,13.555568034723027,13.683921867111419,51396600
2012-02-02,13.919238090515137,14.076114256013028,13.84793024798556,14.068983335751673,21612100
2012-02-03,14.482566833496094,14.618051594955771,14.147421749973667,14.24012099091938,32521300
2012-02-06,14.625185012817383,14.6537073379473,14.389870050137842,14.625185012817383,22866600
2012-02-07,14.446915626525879,14.603791810238608,14.354215012448805,14.518223477334985,21276100
2012-02-08,14.575263023376465,14.575263023376465,14.332817254175064,14.439778302920734,25262600
2012-02-09,14.503955841064453,14.760663457393107,14.418386182260372,14.646571485710057,21028000
2012-02-10,14.019065856933594,14.25438074498672,13.904973872428064,14.25438074498672,21980700
2012-02-13,13.93349838256836,14.325689432769758,13.876451026817357,14.24725067869595,21993300
2012-02-14,13.584094047546387,13.748102522473559,13.377302763632265,13.740971600947663,31791900
2012-02-15,13.51991081237793,13.798011181930704,13.441473432320524,13.683919210862133,23800300
2012-02-16,13.683921813964844,13.73383689079228,12.977977098654323,13.241814321909006,33070100
2012-02-17,13.662528038024902,13.933497520746743,13.576959729858652,13.919235682691122,16745200
2012-02-21,13.733838081359863,13.926368845884916,13.655399319497667,13.855061004199642,16347600
2012-02-22,13.355910301208496,13.733840990125701,13.320257052856638,13.71957914675126,15979100
2012-02-23,13.527044296264648,13.534175215819408,13.206161076803475,13.498521978129446,17149900
2012-02-24,13.184769630432129,13.569831164211688,13.120592708135536,13.569831164211688,19403600
2012-02-27,13.37016773223877,13.427213726826304,12.985106248710073,13.07067592063327,16093100
2012-02-28,13.341647148132324,13.569832539470495,13.141986800827077,13.320255745254824,21725300
2012-02-29,13.220427513122559,13.62688054849509,13.163380136847094,13.427218811783886,22033200
2012-03-01,13.683921813964844,13.77662104806096,13.277468919702772,13.363037234240135,29812700
2012-03-02,13.455739974975586,13.847931092685272,13.427216292190272,13.70531539892681,22798900
2012-03-05,13.042158126831055,13.391565134876021,12.95658842522947,13.391565134876021,27019000
2012-03-06,12.350472450256348,12.707010344825338,12.293426441528675,12.671357099402092,38827700
2012-03-07,12.74979019165039,12.813967099736047,12.478822082020475,12.507345756762398,20925800
2012-03-08,12.963720321655273,13.077812358978704,12.849628284331843,12.985111728600687,17986100
2012-03-09,13.099198341369629,13.22755079681595,12.87814394347525,13.013628677655085,22098500
2012-03-12,12.977981567382812,13.120595927412989,12.785450753253555,13.099204521454832,15071500
2012-03-13,13.498525619506836,13.626879485949722,13.113464020178176,13.256079729577873,41817700
2012-03-14,13.26320743560791,13.762359577327144,13.170506838946594,13.698182659664349,40971500
2012-03-15,13.91210651397705,13.933499273751952,13.227553162103161,13.377299760359662,27264900
2012-03-16,13.926368713378906,14.083244875526706,13.76236027103809,14.026198874738057,31754300
2012-03-19,14.304299354553223,14.618053069552525,13.769492534935447,13.86932406612127,32102300
2012-03-20,14.553874015808105,14.76066660868454,14.111767871170844,14.154552029665187,29701300
2012-03-21,14.304299354553223,14.603791227942539,14.26151518980734,14.518222898450777,23039500
2012-03-22,13.96915054321289,14.204465427214545,13.805143488320402,14.126026679186088,17652200
2012-03-23,14.496828079223633,14.58239775665883,13.976283175070833,14.026198253539746,33599800
2012-03-26,15.095820426940918,15.110082274733498,14.675105437652466,14.696498209341335,33065000
2012-03-27,14.774930953979492,15.095815626856062,14.774930953979492,14.917546666387798,32420300
2012-03-28,14.432655334472656,14.896154374387313,14.318563304957795,14.753540017535874,26485300
2012-03-29,14.07611083984375,14.368471699185593,13.819403213071931,14.297163873961905,21942200
2012-03-30,14.004806518554688,14.190206366488962,13.805146190074687,14.140291284368962,16142000
2012-04-02,14.126039505004883,14.297177634202507,13.862202065857069,14.00481649347928,16217900
2012-04-03,13.812277793884277,14.133161063427615,13.691054862701048,14.054722296166688,21315000
2012-04-04,13.327383995056152,13.619744896513511,13.26320707911831,13.49852198419579,22202200
2012-04-05,13.113458633422852,13.455735923364388,13.063543563662364,13.248943365689634,19891300
2012-04-09,12.821097373962402,12.949451183681944,12.685614005999422,12.80683553730832,18652000
2012-04-10,12.343342781066895,12.999372628014417,12.30768953202755,12.95658845715035,34606300
2012-04-11,12.485956192016602,12.835363136408757,12.421779267527835,12.742663889971661,24378200
2012-04-12,12.992236137390137,13.0064979749266,12.478822226830658,12.564391891965748,22665400
2012-04-13,12.321948051452637,12.913800802391446,12.307686211650761,12.913800802391446,30596100
2012-04-16,12.478824615478516,12.692746779138854,12.279162932000638,12.557263376859815,22987600
2012-04-17,12.728401184082031,12.856755024338135,12.628569663836215,12.735532104105586,24429000
2012-04-18,12.592921257019043,12.764059323016054,12.478829213021035,12.521613389499175,25795400
2012-04-19,12.885282516479492,13.220429091694136,12.67136027024057,13.213298168808242,49785500
2012-04-20,12.464564323425293,12.928063308982816,12.436041999433689,12.928063308982816,26969400
2012-04-23,12.108025550842285,12.229248479164056,11.858448773699342,12.0581104674305,28949100
2012-04-24,12.40751838684082,12.414649307900833,11.944019398612962,12.150812029100969,26875700
2012-04-25,12.222119331359863,12.607180933672682,12.04385037327079,12.550134921487548,30184200
2012-04-26,12.30793285369873,12.41520820562688,12.021868431370113,12.057627336700417,22707000
2012-04-27,12.121996879577637,12.393757849118504,12.02187326843032,12.358000293463734,35467000
2012-04-30,12.357998847961426,12.458121083334238,11.986114310772187,12.029023645351515,26501700
2012-05-01,12.508182525634766,12.644063680069385,12.229269797536032,12.322240252214547,20620900
2012-05-02,12.121996879577637,12.386606065174888,12.086237959859554,12.36515207740735,21032100
2012-05-03,11.607077598571777,12.164904385521039,11.585623614038067,12.136297254058617,46949600
2012-05-04,11.442590713500977,11.549864728627426,11.371074248728974,11.51410717827298,31208900
2012-05-07,11.549867630004883,11.628535897422212,11.32101597649642,11.335319545856564,18287300
2012-05-08,11.328165054321289,11.506955536410876,11.120768122378632,11.36392328714552,34812500
2012-05-09,11.077858924865723,11.285255872128065,10.977736684000076,11.034949587932337,33177300
2012-05-10,11.156523704528809,11.406829910765142,11.092159037143883,11.371071686436693,23652200
2012-05-11,10.691672325134277,10.891917504682558,10.512881815743967,10.734582347481885,56237300
2012-05-14,10.226818084716797,10.534337321478828,10.191059843596081,10.434215064778888,33857600
2012-05-15,10.112391471862793,10.405607798579018,10.062329665376648,10.305484867638395,33837600
2012-05-16,9.683292388916016,10.29118029494634,9.676140606014117,10.241118496664601,40665000
2012-05-17,9.626080513000488,9.962206842772318,9.540261155149906,9.74050632346793,37206700
2012-05-18,9.547411918640137,9.890689313362158,9.461591887928074,9.890689313362158,37704200
2012-05-21,9.432989120483398,9.61177967053225,9.340018634646,9.382927984719904,32394400
2012-05-22,9.518806457519531,9.940751461839193,9.447289985177012,9.518806457519531,35996700
2012-05-23,9.561720848083496,9.618933783378393,9.161230301019218,9.340020894323768,47059000
2012-05-24,9.518806457519531,9.640383369251213,9.382925296475069,9.626080484001685,26212200
2012-05-25,9.475895881652832,9.590321685060944,9.418682979948775,9.454441214021706,16627700
2012-05-29,9.75480842590332,9.769111309048059,9.490198608426164,9.597472619122042,18585300
2012-05-30,9.361470222473145,9.55456359819135,9.347166655810968,9.518806045599103,24816700
2012-05-31,9.554563522338867,9.640382875535828,9.22558899406806,9.382924815944948,29034200
2012-06-01,9.104011535644531,9.311409161351328,9.032495747981956,9.27565092650424,31752500
2012-06-04,8.839402198791504,9.154073865154958,8.76788640700464,9.125467412033883,23735500
2012-06-05,9.196982383728027,9.26134706801897,8.789340292594163,8.79649207574462,25264700
2012-06-06,9.96935749053955,10.005115725190612,9.332863778283405,9.411531348890458,39047100
2012-06-07,9.590320587158203,10.205360233114266,9.57601770438538,10.169602003134948,42815800
2012-06-08,9.804868698120117,9.840626925959084,9.404377773980338,9.525955339413942,20410000
2012-06-11,9.561720848083496,10.169609138131761,9.533114380436048,10.06233437292984,23560500
2012-06-12,9.962207794189453,9.997965351851747,9.568868521618963,9.668991456355792,26987100
2012-06-13,9.76196002960205,10.098086326221797,9.690444246129305,9.854931161945025,23361000
2012-06-14,9.962207794189453,10.026572489232294,9.683294343014373,9.769113709060928,20306000
2012-06-15,10.226818084716797,10.226818084716797,9.797720555331642,10.005117535393731,28808800
2012-06-18,9.883536338806152,10.255420820281785,9.862081674730705,10.08378214361525,28741200
2012-06-19,10.198209762573242,10.369848470115151,9.955054585873073,10.03372215632188,30216300
2012-06-20,10.155299186706543,10.341241450676465,10.012266938280279,10.2411185357623,28428000
2012-06-21,9.983662605285645,10.3269400742888,9.919297909339626,10.198211364428468,35058800
2012-06-22,10.112391471862793,10.312636651712369,9.976510302583971,10.269726629300196,44276800
2012-06-25,9.640385627746582,9.876389768953972,9.554566250049254,9.876389768953972,31764200
2012-06-26,9.661836624145508,9.819171737916355,9.51165261043226,9.51165261043226,26104300
2012-06-27,9.94790267944336,10.019419147716588,9.597473485374039,9.711899288985931,18167500
2012-06-28,9.919295310974121,9.962205324375063,9.697595507491908,9.747656621433404,21586000
2012-06-29,10.434216499328613,10.448519388524302,10.055180728213363,10.341245332445284,32233000
2012-07-02,10.68451976776123,10.713126219911974,10.377000577648639,10.44851636700969,25580200
2012-07-03,10.806097984313965,10.87761445983904,10.562943467998359,10.584398137843218,16563300
2012-07-05,10.376999855041504,10.784641940311163,10.36984807199393,10.691670806787428,22538100
2012-07-06,10.112391471862793,10.334091321902621,10.090936119640872,10.191059050581496,24562500
2012-07-09,9.962207794189453,10.140998310627703,9.876388428142896,10.105240070933714,17689100
2012-07-10,9.804868698120117,10.119539602633791,9.711897578551392,10.076630274852207,17878000
2012-07-11,9.876384735107422,10.098084510653829,9.812020064132195,9.833474727113458,23952100
2012-07-12,9.690445899963379,9.812023502850984,9.654687661108493,9.733355240963899,19514900
2012-07-13,10.048027038574219,10.083785277835247,9.719052465029804,9.776265375034773,23078400
2012-07-16,10.191059112548828,10.226817351104458,9.933601022605313,10.119542635437572,17246600
2012-07-17,10.255422592163086,10.334090162052506,9.94790273181351,10.284029043216657,19718200
2012-07-18,10.005114555358887,10.198208590678444,9.926446993949911,10.183905025677802,21021300
2012-07-19,9.475895881652832,9.819173291877169,9.29710539331976,9.647534586765,61251700
2012-07-20,9.139768600463867,9.468743091286525,9.13261750003518,9.375771965398435,33452600
2012-07-23,9.03964900970459,9.082558352913223,8.789342006871287,8.89661604692458,23396100
2012-07-24,9.025345802307129,9.354320402227815,8.875161730994822,9.34001751459565,22631700
2012-07-25,9.268498420715332,9.347165985622073,9.061101493205246,9.104010826051995,25081600
2012-07-26,9.297104835510254,9.525956428595796,9.196981922519557,9.497349979460104,33523200
2012-07-27,9.684782981872559,9.799650574579015,9.297104514155835,9.397614000106415,32845000
2012-07-30,9.69914436340332,9.763757572721566,9.548380436549097,9.577097342394424,17374800
2012-07-31,9.806831359863281,9.864265164354562,9.548379239652512,9.634529946389435,16591100
2012-08-01,9.69914436340332,9.87144579847528,9.641710551712668,9.857087003220096,17840800
2012-08-02,9.35453987121582,9.59145449186582,9.318643571339917,9.426332470967626,25873800
2012-08-03,9.892977714538574,9.964770280902583,9.555554432755834,9.612988211981179,20978500
2012-08-06,10.151435852050781,10.208869662089864,9.900162419631025,9.971955024512392,17252700
2012-08-07,10.409887313842773,10.496038023245813,10.165793294868338,10.194510198002686,22901000
2012-08-08,10.4601411819458,10.539113174977913,10.23758536533607,10.323736070281605,13767600
2012-08-09,10.560649871826172,10.57500797921911,10.309376488133307,10.381169079092665,13960100
2012-08-10,10.488860130310059,10.539115231500055,10.366813103322327,10.488860130310059,10560000
2012-08-13,10.445782661437988,10.517574570395087,10.38116946411116,10.395527572036613,10787800
2012-08-14,10.330914497375488,10.618083486911793,10.309376309661609,10.524753394146275,14589200
2012-08-15,10.46731948852539,10.510395178845005,10.259121802087803,10.295018096576669,12441000
2012-08-16,10.474502563476562,10.618087107200568,10.402709949282004,10.510398870573841,13214900
2012-08-17,10.474502563476562,10.524756982613686,10.41706874598696,10.488860675516408,13839800
2012-08-20,10.646801948547363,10.682698248674292,10.417066723198984,10.467321132577696,11502600
2012-08-21,10.689876556396484,11.012941855290414,10.596546459442255,10.740130960654566,23169700
2012-08-22,10.66833782196045,10.87653550923385,10.524753328093427,10.5606496227264,17341700
2012-08-23,10.409887313842773,10.689877632901384,10.373991013758596,10.668339442051892,17988800
2012-08-24,10.452960014343262,10.531931304157895,10.180149170440734,10.295016750049212,15693900
2012-08-27,10.431425094604492,10.553472107304245,10.388350081101635,10.496038299523772,9107500
2012-08-28,10.48167896270752,10.575008375924956,10.373990072228692,10.402706972756729,10958300
2012-08-29,10.632441520690918,10.740129712923283,10.460139454588376,10.517573248400947,28938700
2012-08-30,10.697056770324707,10.718594962030203,10.488859043159945,10.539114139141097,20122200
2012-08-31,10.768848419189453,10.948329226175943,10.632443307132295,10.797565320920693,25759500
2012-09-04,11.134990692138672,11.235499517260259,10.862179752430755,10.977047372378296,31820800
2012-09-05,11.257036209106445,11.350366309040584,11.056017216326023,11.14216860446902,31345100
2012-09-06,11.666251182556152,11.745223167208202,11.343185902126033,11.371902800727268,33577300
2012-09-07,12.262127876281738,12.283666064669719,11.773939894125894,11.852911882218692,37944700
2012-09-10,11.92470645904541,12.240591725335998,11.917527061721074,12.154441696104028,25983100
2012-09-11,12.384171485900879,12.405709668400169,11.982134997886769,12.140077561559957,24605100
2012-09-12,12.50622272491455,12.54211833869276,12.2836669069639,12.499043328292931,24508000
2012-09-13,12.850823402404785,12.965690990523402,12.254947275540838,12.434428053142385,39763900
2012-09-14,13.094922065734863,13.281582305702187,12.994413232417902,13.037488251078004,36010200
2012-09-17,12.779032707214355,12.987231097297995,12.707241481021246,12.91543850177502,23210400
2012-09-18,12.656986236572266,12.779033243282115,12.599552431610569,12.721599438320416,20749400
2012-09-19,12.61391544342041,12.800575714299727,12.570840417626838,12.750321289318832,20723700
2012-09-20,12.35545539855957,12.376993583655068,12.089824629029696,12.175974630752513,25015800
2012-09-21,12.262127876281738,12.563655667064477,12.190335284318268,12.563655667064477,35060300
2012-09-24,12.233415603637695,12.441612681166028,12.039575953665281,12.097009771879675,19625200
2012-09-25,11.917524337768555,12.37699470686604,11.895986150718468,12.333919702095578,20483800
2012-09-26,11.79548168182373,11.989321328474993,11.702150872993025,11.953424336874638,23131300
2012-09-27,12.089827537536621,12.183156956743971,11.874451112085865,12.039573129553439,19249800
2012-09-28,12.018034934997559,12.168799528223344,11.946242336762895,12.09700692998868,17753000
2012-10-01,12.053929328918457,12.348277686041087,12.010852957634933,12.16161751846802,20283300
2012-10-02,12.140080451965332,12.226231833144663,12.068287862537515,12.147259847841088,17031300
2012-10-03,12.226235389709473,12.376998638967562,12.032395752666087,12.190338399888393,20785000
2012-10-04,12.542113304138184,12.621085265945819,12.376991356112528,12.398529537331704,19626200
2012-10-05,12.563655853271484,12.83646606358026,12.434429459687921,12.71441906623243,21838600
2012-10-08,12.527759552001953,12.606730167589516,12.326740576453238,12.326740576453238,13635400
2012-10-09,12.455971717834473,12.642631972957089,12.384179101351886,12.570839356474504,17241700
2012-10-10,12.491864204406738,12.578015596417233,12.319562789715672,12.463147986623188,15204000
2012-10-11,12.82210922241211,12.858004835890199,12.692882822963183,12.743137229564459,16506700
2012-10-12,12.427248001098633,12.73595514135484,12.36263481502968,12.621087559305495,20821400
2012-10-15,12.743134498596191,12.764672683665145,12.491861150110067,12.570833126033314,17808900
2012-10-16,12.829290390014648,12.951337409750169,12.70724337027913,12.836468418237265,18636900
2012-10-17,13.274399757385254,13.281579153679795,12.807749952878686,12.90825876234261,24018500
2012-10-18,12.77185344696045,13.331832625449008,12.707240254161041,13.324653229656882,51097100
2012-10-19,12.585192680358887,12.958511658918086,12.427248718920696,12.628267683783088,29226000
2012-10-22,12.527759552001953,12.685702152506822,12.326740576453238,12.570834557716054,21274000
2012-10-23,12.283666610717773,12.391354818785164,12.161619609753433,12.283666610717773,24205700
2012-10-24,12.3339204788208,12.491863085812025,12.290845471337704,12.384174882439382,14264500
2012-10-25,12.276485443115234,12.59955002070821,12.125720878108117,12.520579409827967,18872800
2012-10-26,12.233415603637695,12.298027450964927,12.104189170322753,12.233415603637695,13195100
2012-10-31,12.514222145080566,12.67263090693383,12.334213187235935,12.377416325937386,26046300
2012-11-01,12.679835319519043,12.679835319519043,12.471024205155143,12.535827559726023,25089900
2012-11-02,12.802240371704102,12.845442146479353,12.61503084986514,12.7878393223258,19752700
2012-11-05,12.78063678741455,12.795037834527763,12.535824479927713,12.708632925207933,16147600
2012-11-06,13.097456932067871,13.133458187417515,12.838243498798887,12.845444024540788,15345900
2012-11-07,11.974196434020996,12.70143285911771,11.974196434020996,12.658231089581522,42700600
2012-11-08,11.89499568939209,12.247813183565615,11.88779516420164,12.075004699074077,21125000
2012-11-09,11.959797859191895,12.2262103980753,11.73658572045652,11.822990640831442,20657200
2012-11-12,12.075000762939453,12.168604813183322,11.945394098479246,12.024598476395886,10731100
2012-11-13,11.89499568939209,12.175809305020868,11.837392861228244,11.88059463901119,14431200
2012-11-14,11.585380554199219,12.031802151524484,11.513376672042293,11.988600371574258,20059100
2012-11-15,11.707786560058594,11.822992220376825,11.592580899740362,11.81579169493696,16252800
2012-11-16,11.650182723999023,11.779789424006479,11.484574086580627,11.736586275097538,16940700
2012-11-19,11.89499568939209,12.096604901285673,11.830192336037793,11.873394113820739,14758800
2012-11-20,11.772586822509766,11.966996838227116,11.707783483937316,11.830189637534229,15426700
2012-11-21,11.700587272644043,11.88779683380954,11.628583383986552,11.851794202800821,12734400
2012-11-23,11.830195426940918,11.923799532153426,11.772592583727041,11.815794372797422,8600700
2012-11-26,11.959797859191895,11.974197534788033,11.68618342247099,11.750986769412277,13217700
2012-11-27,11.974196434020996,12.125404687436893,11.858990799684832,11.902193942580512,19041400
2012-11-28,12.154206275939941,12.19740942191602,11.707784754397185,11.815789872618202,23800600
2012-11-29,12.139808654785156,12.31261714785116,11.988600365002515,12.219011689090518,19084300
2012-11-30,12.147008895874023,12.27661423261856,12.053403439305438,12.147008895874023,17198700
2012-12-03,11.858990669250488,12.247810710878117,11.830189947662966,12.247810710878117,15532000
2012-12-04,11.959797859191895,11.988598583743789,11.772588342845912,11.851791365383336,14287900
2012-12-05,12.226213455200195,12.327019449737083,12.024604212846338,12.024604212846338,15736300
2012-12-06,12.0534029006958,12.276613684034686,12.017401648768786,12.20461118018066,16042600
2012-12-07,12.219008445739746,12.298212832381326,12.147005956094082,12.219008445739746,11488400
2012-12-10,12.247814178466797,12.269415755792862,12.096605883904065,12.17581029407311,9740400
2012-12-11,12.78063678741455,12.881441370488151,12.399017279071083,12.427819373297508,36051800
2012-12-12,12.744637489318848,12.917445960989927,12.679834140772238,12.80944083786546,27771300
2012-12-13,12.816638946533203,12.910244386090051,12.658231537061011,12.715834356265402,19220900
2012-12-14,12.996649742126465,13.025451842428266,12.744638231284354,12.759037908075523,16296500
2012-12-17,13.342266082763672,13.356665757400451,13.01104884564624,13.018249369644392,16686000
2012-12-18,13.76709270477295,13.839095225857365,13.407074605910646,13.407074605910646,25465100
2012-12-19,13.7454833984375,14.004696723396219,13.565474450184896,13.87509006091686,21889300
2012-12-20,13.875093460083008,13.96869753182771,13.680683418736754,13.716684667863266,19134000
2012-12-21,13.623082160949707,13.738287819419321,13.37106926803751,13.493475451831447,21669400
2012-12-24,13.64468002319336,13.666280219927534,13.551074592813917,13.608677406370726,3205700
2012-12-26,13.594280242919922,13.759889580892416,13.56547951459414,13.695086225459658,9052900
2012-12-27,13.5150785446167,13.731088835150354,13.32066845912045,13.63748474214842,14656100
2012-12-28,13.40706729888916,13.515072395011694,13.3638641617527,13.3638641617527,11258500
2012-12-31,13.76709270477295,13.831894699076912,13.335070711466173,13.39267355234974,19954000
2013-01-02,14.127108573913574,14.523127870813235,14.047904165189706,14.515927345169262,29812900
2013-01-03,14.098308563232422,14.119910143369568,13.911098988790638,14.01190361604389,29859500
2013-01-04,14.537531852722168,14.580733641935218,14.098309313415797,14.170313211010956,31983900
2013-01-07,14.256707191467285,14.4943189322131,14.163103148962227,14.415115934203955,21445100
2013-01-08,14.14870548248291,14.249511444662636,14.105503712039898,14.21350882482719,22206200
2013-01-09,14.127108573913574,14.357519901081366,13.97590028210981,14.184711405705523,26993800
2013-01-10,14.64553451538086,14.710337874831561,14.27111541041233,14.2999175138837,39869800
2013-01-11,14.523125648498535,14.70313464197355,14.465522825520916,14.515925123956379,20880000
2013-01-14,14.45112133026123,14.573527496979361,14.220710045464655,14.573527496979361,14590200
2013-01-15,14.71033763885498,14.789542048770807,14.292716758738562,14.350319591397383,25277000
2013-01-16,14.789538383483887,15.019949657016413,14.65993169878196,14.926344218794124,30630600
2013-01-17,14.94074821472168,14.94074821472168,14.688735319560442,14.796740453669603,26063600
2013-01-18,16.114408493041992,16.172011330323215,15.689588426442949,15.826394306635873,65729400
2013-01-22,16.546428680419922,16.546428680419922,15.862395232916018,15.934397741756559,38089200
2013-01-23,16.32321548461914,16.517625526003787,16.179207741365413,16.46002270337422,24266100
2013-01-24,16.272815704345703,16.582431438895654,16.208012347190603,16.251214127507392,20294700
2013-01-25,16.344820022583008,16.452825162932438,16.258415086287542,16.380821278246195,14059600
2013-01-28,16.064001083374023,16.40961937072203,16.064001083374023,16.40961937072203,13892000
2013-01-29,16.26561737060547,16.323220209910065,15.876797175279432,16.042406539970163,14548300
2013-01-30,16.546428680419922,16.56082973153196,16.100007082825346,16.100007082825346,23160400
2013-01-31,16.452817916870117,16.57522405491931,16.280009493746423,16.41681530370314,19819100
2013-02-01,16.965167999267578,17.131139110956482,16.57549525734964,16.62600946107225,31744400
2013-02-04,16.51055145263672,16.698171527554024,16.467254935770097,16.481687566849455,26405700
2013-02-05,16.88579750061035,16.9507429867812,16.60436797811796,16.71982631433904,23873200
2013-02-06,16.87857437133789,16.957952461596975,16.719819567191106,16.77033239685729,15851000
2013-02-07,16.669301986694336,17.01567675686234,16.359007405613042,16.856921997961418,20157900
2013-02-08,16.82805633544922,16.893001775319195,16.62600507929459,16.65486895458627,16025800
2013-02-11,16.7992000579834,16.93630593627735,16.69095669166391,16.748685844727568,10258200
2013-02-12,17.051753997802734,17.066186621490502,16.741460846740264,16.813621212437592,15347000
2013-02-13,17.051753997802734,17.224942729314428,16.87856664266179,17.08061924517827,15783400
2013-02-14,17.19609260559082,17.23217282017138,16.885797805258942,16.979608565363538,16316300
2013-02-15,17.224952697753906,17.27546553352317,16.91465799074666,17.232167637402476,17504700
2013-02-19,17.549673080444336,17.556889394169996,17.181649338662265,17.31154023298195,17457300
2013-02-20,16.90022850036621,17.65792393049968,16.849715655206886,17.592978450617178,17432700
2013-02-21,16.474475860595703,16.75590536352525,16.279639415626704,16.75590536352525,22324700
2013-02-22,17.015684127807617,17.02290044402516,16.640443942724897,16.74868593324487,17827100
2013-02-25,15.897181510925293,17.210520802647977,15.889965194596183,17.196088169989757,30074300
2013-02-26,16.193042755126953,16.236339274474858,15.716776913185415,16.12809728791933,30923000
2013-02-27,16.52499008178711,16.589935568846016,16.128102217646642,16.19304770470555,18051600
2013-02-28,16.27242088317871,16.582715614107833,16.23634067666811,16.53220277444433,14890300
2013-03-01,16.18582534790039,16.423958252815872,15.760072369964917,16.15696008603357,22333000
2013-03-04,16.308500289916992,16.359013122840256,15.96212539869621,16.1353128443066,17138300
2013-03-05,16.40952491760254,16.59714498257007,16.366228403031997,16.45282143217308,15014100
2013-03-06,16.53219985961914,16.58992900568075,16.171392352641206,16.58992900568075,18583200
2013-03-07,16.755901336669922,16.864144697664827,16.517768419949846,16.60436283347147,17820000
2013-03-08,16.61879539489746,16.8352793632295,16.359013531801814,16.80641547642526,19394000
2013-03-11,16.669301986694336,16.799192869600084,16.344574779429962,16.61878917142454,14219200
2013-03-12,16.359010696411133,16.676521654454845,16.30849787098012,16.63322376719575,13077000
2013-03-13,16.43838882446289,16.496117964593182,16.257985089509322,16.387874622524023,12025800
2013-03-14,16.45281982421875,16.647656185301674,16.359010489088778,16.561063164623427,21068400
2013-03-15,17.022899627685547,17.0734124624144,16.431175489939235,16.474472008796607,24186700
2013-03-18,16.589929580688477,16.734253139030475,16.286851209267446,16.61879484290546,23417000
2013-03-19,16.15696144104004,16.7342543394482,15.875531996093642,16.64765992295693,32781600
2013-03-20,16.40952491760254,16.539415837685553,16.113662878022957,16.30128294299049,17813500
2013-03-21,15.91882610321045,16.36622799725122,15.911609788232381,16.28684990886382,17557200
2013-03-22,16.005422592163086,16.171393729171477,15.825018823317913,16.019855223999866,16558900
2013-03-25,15.85388469696045,16.229124913501593,15.716778806447557,16.142531864374682,23992000
2013-03-26,16.03428077697754,16.092009907422145,15.846660758939816,15.990984273236846,14889200
2013-03-27,16.084802627563477,16.12809915191535,15.817804411921578,15.8899662034225,13926000
2013-03-28,15.86109733581543,16.164175690223363,15.796151875844343,16.12809549084893,18376400
2013-04-01,15.6301851272583,15.969343775880946,15.529159439662568,15.868318088285214,14219100
2013-04-02,15.659048080444336,15.810586589430137,15.442562726558323,15.464211674858394,21701700
2013-04-03,15.233294486999512,15.666262425596118,15.117836186524217,15.644614854489193,25406800
2013-04-04,15.39205265045166,15.435349178444506,15.168352316721514,15.240514114290796,17321000
2013-04-05,15.558021545410156,15.579670494425448,15.00237895106707,15.088971994385023,18163200
2013-04-08,15.687911987304688,15.70234461952206,15.29102423592792,15.50029189759355,14263500
2013-04-09,15.687911987304688,15.947693861731121,15.68791198730469,15.709560935630746,13196200
2013-04-10,16.03428077697754,16.257982361775042,15.781716691514294,15.796147941847167,17467300
2013-04-11,16.070371627807617,16.330152176701542,16.04872267524486,16.07758794532854,14692800
2013-04-12,15.745636940002441,16.041498939686097,15.543585648338206,15.94047329385398,25150400
2013-04-15,15.500288963317871,16.055932811156676,15.449776136490945,15.69512533225428,22458100
2013-04-16,15.76728630065918,15.774502615034429,15.291020562862514,15.738421043158176,21839800
2013-04-17,15.493071556091309,15.752853363021504,15.052887398802172,15.543585755727563,45475800
2013-04-18,14.656002044677734,15.493075436235742,14.656002044677734,15.406482396486458,47193400
2013-04-19,14.85084056854248,14.886920777526331,14.547762133414196,14.699302039164213,24644100
2013-04-22,14.94464111328125,15.06731567831048,14.81475161181289,14.872480737922473,16156600
2013-04-23,15.59410572052002,15.680698778239053,15.088974503795592,15.132271032655108,23437700
2013-04-24,15.478641510009766,15.716774392792777,15.442559936029724,15.630179991611994,17955700
2013-04-25,15.464210510253906,15.738423619546083,15.435345248027646,15.558019859746334,18496600
2013-04-26,15.47867488861084,15.572704996292968,15.370179777861619,15.471441697282202,17348300
2013-04-29,16.064546585083008,16.064546585083008,15.572702083058102,15.594400273394688,19028600
2013-04-30,16.021150588989258,16.223675791834644,15.956053251631458,16.071781544803084,14015800
2013-05-01,15.80416202545166,15.992220866282977,15.681200528738499,15.992220866282977,13070800
2013-05-02,16.12241554260254,16.158580120601354,15.579938595079012,15.847559783286764,16779000
2013-05-03,16.46236801147461,16.744455595485082,16.397270664458304,16.549163554436163,20261100
2013-05-06,16.83848762512207,16.997613725044395,16.476836269270063,16.49130127501541,17400300
2013-05-07,16.83125114440918,16.918046680287198,16.643192310553246,16.889115294857916,12100700
2013-05-08,17.120574951171875,17.178439111944282,16.67935986303827,16.77338998653744,15207900
2013-05-09,16.932519912719727,17.17120980232972,16.852956156319486,17.11334562847247,12965300
2013-05-10,17.31586265563965,17.31586265563965,16.82401672299375,16.925278633977292,15032800
2013-05-13,17.1278018951416,17.344792073978024,17.055471375666155,17.214597414840206,14510500
2013-05-14,17.554555892944336,17.720915173677177,17.019312089984112,17.019312089984112,19210900
2013-05-15,17.981304168701172,18.010235557070015,17.467758574148686,17.53285592246647,19670500
2013-05-16,17.778779983520508,17.98853842486239,17.663051664018226,17.83664414327165,18863800
2013-05-17,18.219989776611328,18.256154348614807,17.858338538216607,17.923435871494856,14505800
2013-05-20,18.13319206237793,18.386348193863896,18.06086154201195,18.162124822360294,11410100
2013-05-21,18.169363021850586,18.429751035534075,18.02470194123396,18.125963869911413,10442900
2013-05-22,17.865577697753906,18.581647223476676,17.757081186312814,18.328490996098214,18372500
2013-05-23,17.54009246826172,17.90897705273273,17.35926677271263,17.4966946876153,22658200
2013-05-24,17.61241912841797,17.619652320191594,17.34479655115493,17.48222443567326,11617400
2013-05-28,17.887271881103516,18.11872847831918,17.749845388750554,17.945136030407433,15357400
2013-05-29,18.068099975585938,18.29232479175219,17.742614608864177,17.807711958126596,17451200
2013-05-30,18.675676345825195,18.748006895045226,17.908975835110017,18.082568325483802,21200700
2013-05-31,18.733539581298828,19.109657314939245,18.733539581298828,18.805870126935893,28330600
2013-06-03,18.552711486816406,19.022857902741535,18.21999295171532,18.849265443611806,26208200
2013-06-04,18.42251205444336,18.878193349478956,18.299550588435807,18.661201796741572,18632300
2013-06-05,18.104265213012695,18.55994526006037,17.952370944269955,18.386352795490293,21478400
2013-06-06,18.379117965698242,18.386351156859476,17.79324327753984,18.154894558060608,18339600
2013-06-07,19.529172897338867,19.529172897338867,18.50931620084507,18.646744100111658,32830300
2013-06-10,19.637664794921875,19.65213117764108,19.239848927275006,19.50747010962939,34956600
2013-06-11,18.8709659576416,19.37727835666408,18.798635417839776,19.362811972785654,25321300
2013-06-12,18.494844436645508,19.254312878410033,18.379116148687295,19.225380116625473,26046400
2013-06-13,19.073490142822266,19.160285682132525,18.38635212192996,18.48038085278111,19571900
2013-06-14,18.68290901184082,19.153055499126985,18.54548111015733,19.015628977033938,15473900
2013-06-17,18.95775604248047,19.04455294116588,18.76246543472062,18.863727333528683,15087100
2013-06-18,19.037324905395508,19.095189060321715,18.834801052948926,18.972227558654744,14805700
2013-06-19,18.885433197021484,19.30494869136757,18.827569038476863,19.0807238698656,18210200
2013-06-20,18.191057205200195,18.625038971721416,18.04639753608646,18.60333940053885,25968000
2013-06-21,18.0174617767334,18.487608037411807,17.474985003737597,18.444210281857277,35690500
2013-06-24,17.64858627319336,17.86557791917442,17.301401295132223,17.56902391129839,22715500
2013-06-25,18.104265213012695,18.270624485776903,17.822176250944825,17.87280721399565,19049600
2013-06-26,17.995771408081055,18.36465596783213,17.952373630342834,18.33572457587014,15125600
2013-06-27,18.11149787902832,18.350187683331622,18.068098729453006,18.198293418998485,12139800
2013-06-28,17.670278549194336,17.99576381426917,17.547317081164312,17.91620148525438,18545200
2013-07-01,17.786008834838867,18.14766008991149,17.749844261167627,17.822173408510107,13776500
2013-07-02,17.677513122558594,18.219989986396772,17.431590167251418,17.728144075782424,18627700
2013-07-03,17.388200759887695,17.496695908871917,17.23630644763725,17.4677631333611,15395700
2013-07-05,17.771543502807617,17.814941269693424,17.474989566506036,17.54008690662981,15322700
2013-07-08,17.995771408081055,18.140432506662428,17.684752391434913,17.945140437454718,22795300
2013-07-09,18.40081787109375,18.436982447962098,17.836641366652348,18.154894885536486,20640600
2013-07-10,18.328489303588867,18.458684001623237,18.125964064469812,18.321256111521365,10066000
2013-07-11,18.48038101196289,18.80586773615552,18.24892439902157,18.682906238081664,14064000
2013-07-12,18.89989471435547,18.907127905287595,18.531011633947717,18.632273547817288,15134200
2013-07-15,19.304946899414062,19.38450924778368,18.972226983973968,19.14581944349436,18378800
2013-07-16,19.080724716186523,19.471308838379745,18.92159861802841,19.420677869856274,19035300
2013-07-17,19.196453094482422,19.27601544828077,19.030092435616073,19.16752032612642,15826000
2013-07-18,20.03548812866211,20.216313828813966,19.811263267168567,20.021021741548214,36282000
2013-07-19,19.96315574645996,20.1512146229652,19.76063048416421,20.01378671713628,17528300
2013-07-22,19.970380783081055,20.122273633074148,19.919749833083355,20.07164268307645,11820700
2013-07-23,20.115047454833984,20.165678422480617,19.890824006860147,20.143980224683716,13093200
2013-07-24,20.057178497314453,20.238004126853006,19.941450204776988,20.194606362048972,17560700
2013-07-25,20.078886032104492,20.078886032104492,19.81849658083869,20.021021862888826,12866600
2013-07-26,20.03548812866211,20.115050498607314,19.91975979093217,20.01378854799127,14850700
2013-07-29,19.789121627807617,19.984766886054956,19.586231477404887,19.984766886054956,12764100
2013-07-30,19.615211486816406,19.92679430988645,19.549996413053595,19.868825508995645,13304700
2013-07-31,19.716651916503906,19.941282176572717,19.593469452839273,19.60796061309782,16452900
2013-08-01,20.231128692626953,20.274604943115932,19.963022153427243,19.977514697618595,13316200
2013-08-02,20.180408477783203,20.303592353326298,20.057224602240105,20.165915931934546,8442000
2013-08-05,20.180408477783203,20.281853534553314,19.977516982157738,20.107947130625163,6868400
2013-08-06,19.789121627807617,20.1804121443023,19.774630461411345,20.144180773097887,9181400
2013-08-07,19.615211486816406,19.694919106323226,19.376090010381176,19.67318028770721,9172200
2013-08-08,19.506513595581055,19.948526417476025,19.405068573671297,19.91229506530485,12365400
2013-08-09,19.390575408935547,19.71664927547651,19.383329138734453,19.484774157380343,8314800
2013-08-12,19.289133071899414,19.310870503439954,19.100734166733545,19.30362423223147,9603200
2013-08-13,19.535505294799805,19.62970546693399,19.144216205716063,19.3326151678991,10159000
2013-08-14,19.41231918334961,19.65868552276014,19.332611572840715,19.499271683827427,7221000
2013-08-15,19.100738525390625,19.20218358128865,18.999292087407373,19.16595359906371,11316800
2013-08-16,19.18044090270996,19.267394777470003,19.01378080667858,19.028273349486078,10512900
2013-08-19,18.70220184326172,19.180444796312184,18.680464406722756,19.078999740236398,9602300
2013-08-20,19.06450843811035,19.10073980484747,18.665973078599293,18.70220306325109,13977600
2013-08-21,18.847118377685547,19.122469746519318,18.69494946121271,18.96305594162448,16496700
2013-08-22,18.999292373657227,19.18769132465292,18.847124787517583,18.96306239088643,9938700
2013-08-23,19.071748733520508,19.093487546748868,18.919581187176675,19.028272489148684,7089400
2013-08-26,19.11522674560547,19.3253644799911,19.021027977074507,19.078996768959335,8665100
2013-08-27,18.44134521484375,18.876110584507675,18.426852667298846,18.80365061095396,13209000
2013-08-28,18.535537719726562,18.687706653139113,18.296416294722498,18.39786132894091,10091400
2013-08-29,18.774662017822266,18.854369632382944,18.426849234060455,18.44134177890515,9225700
2013-08-30,18.665971755981445,18.86886324907703,18.55728042764229,18.86886324907703,10285900
2013-09-03,19.035518646240234,19.19493246270562,18.80364350153245,18.99928729107659,12810100
2013-09-04,19.209426879882812,19.39782579886951,18.948566625580458,19.035520504376247,9621600
2013-09-05,19.31087875366211,19.550000277362784,19.25290994131302,19.325371302270757,9483700
2013-09-06,19.42681121826172,19.59347271882197,19.035522184359916,19.441303763020894,12356100
2013-09-09,19.883312225341797,19.890558496089337,19.528253251221297,19.53549813988401,12704300
2013-09-10,20.318082809448242,20.397789039247538,20.020991178447805,20.04997626716398,18153100
2013-09-11,20.47025489807129,20.57894624058202,20.23837966549229,20.499239993186368,14901500
2013-09-12,20.3035945892334,20.535469820005893,20.27460949434414,20.434024752064275,8353700
2013-09-13,20.383298873901367,20.470252768113525,20.281853815724904,20.376053982961846,6883600
2013-09-16,20.818065643310547,21.064433398552055,20.520975358828483,20.63691296340269,19752900
2013-09-17,21.020954132080078,21.042692948106637,20.760093868101627,20.861540294140507,12886500
2013-09-18,21.028194427490234,21.376007092550047,20.868779252774313,20.948486840132272,15229500
2013-09-19,20.723865509033203,21.22384726002073,20.70937296388338,21.22384726002073,15502700
2013-09-20,20.426776885986328,20.941249841396733,20.318085552795356,20.890527311379962,23730200
2013-09-23,19.723899841308594,20.310835416662417,19.723899841308594,20.274604057766183,23544400
2013-09-24,19.760133743286133,20.122439086366178,19.636949871355508,19.738394925150658,17115700
2013-09-25,19.723899841308594,19.876068784502742,19.463040967680808,19.796361177016045,16379800
2013-09-26,19.67317771911621,19.98476050150504,19.578978948249496,19.760131600142067,12894500
2013-09-27,19.62245750427246,19.665933758853345,19.347106049146554,19.492027358444584,12110000
2013-09-30,19.528257369995117,19.6731786692573,19.252904551852268,19.339858437077673,13654200
2013-10-01,19.665931701660156,19.752885583811164,19.521010407521903,19.528256679541578,9559900
2013-10-02,19.651439666748047,19.709408458245267,19.44130193376749,19.492024453566934,11894500
2013-10-03,19.455799102783203,19.723904308918037,19.30363012512166,19.63695179204173,13279700
2013-10-04,19.557247161865234,19.593478534517295,19.419570709958496,19.54275461280441,11738500
2013-10-07,19.44853973388672,19.651431106792156,19.3108633957693,19.354339624933175,13353400
2013-10-08,19.238407135009766,19.564482394417297,19.20217716489105,19.463037372417073,16446500
2013-10-09,19.397823333740234,19.564483416327104,19.136963112588724,19.368838250463472,14190700
2013-10-10,20.028234481811523,20.078956997461063,19.578976729985694,19.651438058949992,14463000
2013-10-11,20.252864837646484,20.296341082401128,19.999250876088738,20.14417215263252,11202500
2013-10-14,20.419523239135742,20.455753209754633,19.926787899043997,20.09344797522656,11927000
2013-10-15,20.281848907470703,20.484740356808697,20.129681357030904,20.397786483639578,12513600
2013-10-16,20.745601654052734,20.83255553745695,20.38329634035783,20.419527700978374,15465200
2013-10-17,20.96298599243164,20.984723427051645,20.39778919686467,20.549958149630246,19157100
2013-10-18,21.513687133789062,21.71657719870253,21.165873027208285,21.680347224849385,32411500
2013-10-21,21.325292587280273,21.49919898506835,21.216601261423374,21.405000204548422,14547200
2013-10-22,21.347028732299805,21.484705140505056,21.107907277040738,21.44122888920844,13076100
2013-10-23,21.07166862487793,21.22383751491106,20.95573108108342,21.17311363017699,13240400
2013-10-24,21.296302795410156,21.325287879685593,21.100659004890524,21.12964270708107,8932200
2013-10-25,21.180360794067383,21.310790881866613,21.12239201972157,21.2528221075208,13311400
2013-10-28,20.99196434020996,21.194855764739174,20.97747318152447,21.180363223968925,10599400
2013-10-29,21.311349868774414,21.311349868774414,21.02826220130856,21.07907380227135,12035000
2013-10-30,21.129886627197266,21.383937741000434,21.04278239926851,21.354903921340675,9718200
2013-10-31,20.854047775268555,21.22423814449791,20.854047775268555,21.108100152324866,10357500
2013-11-01,21.195219039916992,21.449270208711773,20.941166486647173,20.970200312591565,14964200
2013-11-04,21.29683494567871,21.31135254777877,21.108110271802158,21.216989518603125,12224300
2013-11-05,21.042781829833984,21.166178675116907,21.028264228159593,21.09359205121965,11053100
2013-11-06,21.144407272338867,21.209735110846122,21.0064941772458,21.151666074892454,8972300
2013-11-07,20.846797943115234,21.267798691917484,20.825022925514478,21.20247087016587,14274200
2013-11-08,21.369417190551758,21.478296415030332,20.883088695704632,20.897606294828297,16730400
2013-11-11,21.841232299804688,21.84849110076686,21.2460244656537,21.34038610921251,13978000
2013-11-12,21.6016902923584,21.942845518387315,21.38393048862725,21.75412090894336,14450800
2013-11-13,21.81220054626465,21.819459348375037,21.340389484888902,21.36942469333046,9418300
2013-11-14,22.0226993560791,22.044475760138006,21.717836621628425,21.768646846624407,10196200
2013-11-15,21.9936580657959,22.153348882430773,21.942847854857316,21.964624252891458,10581700
2013-11-18,22.01542854309082,22.34206750338592,21.935583156246675,22.095273929934965,11378200
2013-11-19,22.0226993560791,22.32030328917681,21.913820104734175,22.037216958785038,10027100
2013-11-20,21.971885681152344,22.29852338389988,21.928332879873007,22.124316332206277,11529700
2013-11-21,22.42192268371582,22.523544513398996,22.08802614404537,22.138836366649592,10493200
2013-11-22,22.748559951782227,22.755818752201574,22.33481801920168,22.443697256542674,10565400
2013-11-25,22.89373016357422,23.082453411620573,22.748556943335323,22.77759075669844,13062400
2013-11-26,22.784852981567383,23.06068186459372,22.784852981567383,22.893733605352573,9192700
2013-11-27,22.799362182617188,22.87920757478203,22.683224185545125,22.792103384740916,5116400
2013-11-29,22.719524383544922,22.915507838281457,22.705008167415052,22.87195642094265,5445900
2013-12-02,22.813894271850586,23.118757053960117,22.712273805972416,22.87922210976513,9975700
2013-12-03,22.479990005493164,22.813887904360747,22.342076950143706,22.697749865921924,11249500
2013-12-04,22.596126556396484,22.71226597166431,22.276747663952207,22.32029907938106,7967000
2013-12-05,21.92833137512207,22.385626065852872,21.87026236187564,22.313039453176213,14406800
2013-12-06,22.109800338745117,22.356594026033612,22.00092109658247,22.327560207545087,12761400
2013-12-09,22.058990478515625,22.313042970696568,21.986405238870812,22.276750350874163,8486800
2013-12-10,22.334819793701172,22.53806068369193,22.044474676232422,22.138836320231743,13249000
2013-12-11,21.863012313842773,22.349340982838356,21.80494328102875,22.349340982838356,10097200
2013-12-12,22.124317169189453,22.240455208045464,21.8847822909896,21.906558692453093,10114700
2013-12-13,22.567096710205078,22.625165735815337,22.160613530933272,22.189647351501012,12345400
2013-12-16,22.443700790405273,22.813891363232532,22.39289056394415,22.697753307185724,8646700
2013-12-17,22.153350830078125,22.523541322357932,22.044471599283955,22.472729722477755,10009200
2013-12-18,22.951797485351562,22.97357249765249,22.09527859483201,22.26948561561109,18392200
2013-12-19,22.400142669677734,22.893729952571455,22.363848672715303,22.86469475500151,20841100
2013-12-20,22.450952529907227,22.63967715773771,22.37110712231276,22.487245141827767,14922700
2013-12-23,22.58161163330078,22.67597326954291,22.50176621338271,22.610645450423508,7199500
2013-12-24,22.509023666381836,22.625161696869895,22.305781420790463,22.567092681625866,4545700
2013-12-26,22.574350357055664,22.683229582155114,22.46547113195621,22.52354014430755,5408700
2013-12-27,22.545316696166992,22.66145472878994,22.465472664035314,22.588869496756516,4116200
2013-12-30,22.392887115478516,22.683232210882892,22.313041695064328,22.55257657183227,6201200
2013-12-31,22.76307487487793,22.806626287796217,22.407402003017268,22.421918217673728,8457100
2014-01-02,22.523542404174805,22.835662511582832,22.48724840251717,22.74130087622219,9674500
2014-01-03,22.871952056884766,23.009866467363413,22.596123235927468,22.625158431596375,7809100
2014-01-06,22.951797485351562,23.176814714131915,22.850175684874685,23.046159102429023,8971400
2014-01-07,22.879213333129883,23.147781999775844,22.799367920869173,23.082454186921535,9135600
2014-01-08,22.908246994018555,23.111489230923283,22.770333954005018,22.908246994018555,8891300
2014-01-09,22.90099334716797,23.038907802687216,22.763080276123503,22.98083877685934,7274700
2014-01-10,22.719524383544922,22.959059255620268,22.574352530924028,22.922766638583692,10426500
2014-01-13,22.40740394592285,22.87921488279179,22.320299728059172,22.71952404745414,9520100
2014-01-14,22.574350357055664,22.66145318334544,22.21141868374118,22.327556708443858,13621400
2014-01-15,23.3873233795166,23.401840982115473,22.82114933843364,23.053425442116456,17311400
2014-01-16,23.227624893188477,23.278435101126433,22.88646965098053,23.24939990546227,21828600
2014-01-17,24.24384307861328,24.33094592715541,23.663150037800083,23.83735850383397,32022900
2014-01-21,23.684925079345703,24.309168087546894,23.59056205581663,24.105924439257404,18508300
2014-01-22,23.43813133239746,23.9317186971199,23.430871147326933,23.742992650576397,12181200
2014-01-23,22.850181579589844,23.423614382332495,22.603387890368282,23.409096780737183,16317000
2014-01-24,22.102542877197266,22.770337314761303,21.841231588962522,22.74130211185759,23386100
2014-01-27,21.754121780395508,22.240450228393772,21.362156333136454,22.080760806839983,16709400
2014-01-28,21.87026023864746,22.008174650896528,21.52184619299393,21.630725409201364,15793800
2014-01-29,21.76848030090332,22.008413390761593,21.288614121186768,21.324967073344357,18872800
2014-01-30,21.79755210876465,22.088379749242634,21.673950188214558,21.89934282301363,13067900
2014-01-31,21.455835342407227,21.673955782369784,21.288609579317537,21.455835342407227,13113100
2014-02-03,21.048677444458008,21.61579116742234,20.925075486698294,21.455836263699887,17496800
2014-02-04,21.09956932067871,21.39039701007548,20.954154782592422,21.063214992769232,18774900
2014-02-05,21.215904235839844,21.354047933343843,21.05594793764277,21.07048967143815,17309700
2014-02-06,21.58670425415039,21.72484652729575,21.186815004226467,21.27406399648599,14769800
2014-02-07,21.58670425415039,21.790282924796468,21.361311601969827,21.703035319312633,14752000
2014-02-10,21.593976974487305,21.76847358722392,21.513998840275427,21.564893512309965,7822400
2014-02-11,22.008411407470703,22.09565903949707,21.42675451793178,21.608522035892175,15797600
2014-02-12,21.928428649902344,22.211985474593277,21.826639304992945,22.0374888604161,9347600
2014-02-13,21.746660232543945,21.84844957306484,21.477645150659942,21.535810686211274,15577200
2014-02-14,21.58670425415039,21.81209551955527,21.528538721569273,21.75392998697415,10138600
2014-02-18,21.492185592651367,21.710307392047156,21.43402005683431,21.535810784595984,10902500
2014-02-19,21.055944442749023,21.557623081211897,21.005049769688814,21.4849158110791,17136200
2014-02-20,21.324960708618164,21.390397112392414,21.034133017830275,21.092298555987853,13930200
2014-02-21,21.535810470581055,21.68122361461554,21.317688674365712,21.317688674365712,10451300
2014-02-24,22.037492752075195,22.2483437315089,21.48491934954583,21.56489749854152,13108900
2014-02-25,21.60124969482422,22.07384631869504,21.492189468844803,22.001139039116758,11605000
2014-02-26,21.76848030090332,21.97932991961454,21.390403496648997,21.753938565329793,15026300
2014-02-27,22.073843002319336,22.161090615284373,21.57216437405504,21.717578911364512,10792200
2014-02-28,22.393749237060547,22.49553995184872,21.979319673837193,22.073839524227957,14170400
2014-03-03,22.001131057739258,22.132003836148083,21.761198092914917,21.98658932974372,11543200
2014-03-04,22.611873626708984,22.662768296607975,22.28469162482154,22.350128025199027,11061800
2014-03-05,23.24442481994629,23.295320879187148,22.444649018165688,22.61914563237832,14776500
2014-03-06,23.1499080657959,23.462548376266326,23.13536633350055,23.302592094569317,12583800
2014-03-07,23.41891860961914,23.78245352541038,23.317129276965805,23.775184047457124,14439200
2014-03-10,23.360763549804688,23.48436413793452,23.091746997323515,23.426199971035885,10746400
2014-03-11,23.048120498657227,23.448008460324445,22.989954951746068,23.426197246967774,9133200
2014-03-12,22.859079360961914,22.917244900841172,22.662770143828475,22.888161437513613,8212500
2014-03-13,22.859079360961914,23.258967274284828,22.70639395204395,22.931786632504952,22439700
2014-03-14,22.611873626708984,22.99721977695892,22.539166361092246,22.76455763640596,10855900
2014-03-17,22.80818748474121,23.077202619641284,22.757291417674683,22.80818748474121,6891100
2014-03-18,23.011764526367188,23.05538833674997,22.793644087677347,22.829997031867013,6614900
2014-03-19,23.128093719482422,23.317132064707927,22.8227242982375,23.011762643463005,9470300
2014-03-20,23.84062385559082,24.066013760569,23.040846649021493,23.222614132933803,20199800
2014-03-21,23.70248031616211,24.175076914129757,23.53525455304097,24.160535181655934,23437200
2014-03-24,23.586149215698242,23.811541908578732,23.38983998774786,23.79700017611368,10400100
2014-03-25,22.968135833740234,23.680663927895477,22.946323239797493,23.680663927895477,12610300
2014-03-26,22.699125289916992,23.244427799265722,22.691854423379223,23.15718017436448,11233800
2014-03-27,22.466461181640625,22.866350486277273,22.241069885397785,22.64095780325856,13638400
2014-03-28,22.473735809326172,22.837270845241218,22.35013384164401,22.495548410720474,8081100
2014-03-31,22.66277313232422,22.873622722149904,22.517358570062612,22.670043999114903,9421600
2014-04-01,22.69184684753418,22.8299904920795,22.53916286154372,22.808179286524023,11583500
2014-04-02,22.837265014648438,22.968137816048834,22.553708202798077,22.699121347972934,14700900
2014-04-03,22.50281524658203,22.88816142808238,22.328317240240303,22.880890562253487,10064700
2014-04-04,22.08111572265625,22.728207555809345,22.07384485650245,22.648229414893464,12751000
2014-04-07,21.46310806274414,22.08838735848064,21.15046772148786,22.066576144665774,20367300
2014-04-08,21.470373153686523,21.543079029211615,21.157732896536167,21.513996956356717,13228600
2014-04-09,21.9720516204834,22.02294767777678,21.557622004239064,21.61578754008431,10692700
2014-04-10,21.26679801940918,22.01568063693885,21.208632473459616,22.008409770348152,13452400
2014-04-11,20.699678421020508,21.186815282834143,20.58334735432851,20.961424014465358,21448100
2014-04-14,21.128646850585938,21.20135410398675,20.852360951793468,20.925068205194282,12514500
2014-04-15,21.48491668701172,21.550353094121473,20.932344739736305,21.535812748922773,16657800
2014-04-16,21.73211669921875,21.797553094632825,21.38312351486077,21.724845834531003,14198000
2014-04-17,22.364673614501953,22.75002121801592,22.102927967830126,22.33559014852687,22966000
2014-04-21,22.524627685546875,22.611876693475374,22.24834170286251,22.517356819321506,10699000
2014-04-22,22.684581756591797,22.81545317555713,22.408294414076998,22.502814279012618,10803600
2014-04-23,22.568252563476562,22.757289535556872,22.422838014579185,22.713665725598027,9376700
2014-04-24,22.49554443359375,22.720935727715446,22.03021872688255,22.582792050193692,8438900
2014-04-25,22.233800888061523,22.459192203246754,22.14655187653202,22.371944578493242,8372900
2014-04-28,21.876359939575195,22.29944387397853,21.51163236194041,22.28485443695507,15303300
2014-04-29,22.26297378540039,22.2994459900948,21.92012893944109,21.99307474015533,10419700
2014-04-30,22.56205177307129,22.605818699795897,22.138967771198725,22.270269942698057,11016500
2014-05-01,22.773597717285156,22.831954095246893,22.518289433281193,22.547466926599164,10110200
2014-05-02,22.386985778808594,22.93407730835985,22.321334683956387,22.83195261007547,11464400
2014-05-05,21.934720993041992,22.102495380760047,21.679411355765268,22.066023171717195,12035100
2014-05-06,21.4897518157959,21.85447945468986,21.358451034507514,21.83259668680456,16285600
2014-05-07,21.664825439453125,21.708592372877725,21.1687955562219,21.59187962286164,12460700
2014-05-08,21.657527923583984,22.044138336369947,21.562697956855903,21.686705411659553,13039200
2014-05-09,21.65023422241211,21.686706432054034,21.394924580941797,21.5189320415802,10064700
2014-05-12,22.12438201904297,22.2119172784061,21.70859266755101,21.774243764241923,10196200
2014-05-13,22.12438201904297,22.262978933315537,22.0222587092241,22.095204526805755,7962700
2014-05-14,22.066022872924805,22.19732504982207,21.869069607578908,22.16085144994751,10046200
2014-05-15,21.71588134765625,21.971190942508773,21.343859033669784,21.898245145218716,20240100
2014-05-16,21.985788345336914,22.00037778926879,21.62106059499582,21.664828926791436,18004200
2014-05-19,22.0003662109375,22.168140553880058,21.79611827736055,21.825297149868064,7022400
2014-05-20,21.672115325927734,21.956603826306022,21.526225107247686,21.956603826306022,9958100
2014-05-21,21.890954971313477,21.9639007837484,21.774242227947862,21.78153694832392,6654800
2014-05-22,22.16814613342285,22.211914453200258,21.81800792315703,21.883659011497567,8235500
2014-05-23,22.2410888671875,22.262973024051007,22.138965584475233,22.175437787922363,5140000
2014-05-27,22.700651168823242,22.82465863432938,22.343216821938867,22.35051154241872,10960000
2014-05-28,22.56205177307129,22.780887798019833,22.54016761404623,22.75171031064527,6124400
2014-05-29,22.707942962646484,22.751711282566326,22.46722276838965,22.627703825444588,8615300
2014-05-30,22.510990142822266,22.6422923144158,22.386982690908983,22.569346508938782,7634400
2014-06-02,22.54017448425293,22.55476392804981,22.262982008741947,22.510996987985113,7509400
2014-06-03,22.50369644165039,22.5109911616608,22.17544099780984,22.40157175283023,10079500
2014-06-04,22.75900650024414,22.773594549210856,22.379689400597428,22.45992993087959,8074700
2014-06-05,23.07267189025879,23.0945560514292,22.591231475114895,22.81006891284208,8769400
2014-06-06,23.306100845336914,23.335278338171527,23.065380616316826,23.11644227227173,6544200
2014-06-09,23.327980041503906,23.53222663401734,23.240446185091166,23.306097273063504,9027800
2014-06-10,23.40092658996582,23.481164332899674,23.167499732930253,23.276917746066147,7113200
2014-06-11,23.116439819335938,23.269624770945853,23.01431512693703,23.269624770945853,5854200
2014-06-12,23.145620346069336,23.30610143032804,22.94137371712307,23.021612867926613,7086700
2014-06-13,23.043489456176758,23.262325455628297,22.96324894042603,23.189381050028018,8022300
2014-06-16,23.13102912902832,23.203974944338132,22.90489835376104,22.96325472774375,8527500
2014-06-17,23.707304000854492,23.787544551927848,23.058089044209247,23.07997181899219,13256300
2014-06-18,23.824010848999023,23.882368610783818,23.40092820666423,23.6416470173984,10725200
2014-06-19,23.73648452758789,23.940731193400133,23.561413969283024,23.911552303240633,6933700
2014-06-20,23.554119110107422,23.802134095070116,23.517646891100075,23.802134095070116,12071900
2014-06-23,23.72188377380371,23.787534854039315,23.451986125124357,23.656232693568107,6929900
2014-06-24,23.364458084106445,23.78024748420727,23.276924205835698,23.63435861463996,7776600
2014-06-25,23.510339736938477,23.57599081338186,23.240442103849286,23.276914305728805,7671800
2014-06-26,23.262327194213867,23.33527299659134,23.007018972880903,23.276916632954453,10559100
2014-06-27,23.014318466186523,23.320689805184756,22.999730414863432,23.160210110024092,9933900
2014-06-30,23.583288192749023,23.619760396591705,23.043490114864685,23.043490114864685,11595000
2014-07-01,23.575992584228516,23.772945828352277,23.50304817499046,23.641643665603105,7787600
2014-07-02,23.70000648498535,23.838602005222754,23.561408182096507,23.575997623592777,6190600
2014-07-03,23.79483413696289,24.123089620294152,23.79483413696289,23.87507467540514,5994200
2014-07-07,23.627058029174805,23.751066884015405,23.415515312632856,23.714591890876157,5635300
2014-07-08,23.16020965576172,23.517644037020496,22.955961636660387,23.481169039787776,9205600
2014-07-09,23.3498592376709,23.379038112894804,23.065373552189914,23.291504269873784,6292100
2014-07-10,23.1091365814209,23.152903495559734,22.758998485660005,22.795470682221513,7784900
2014-07-11,22.912195205688477,23.116443229289704,22.85383882627753,23.04349740719456,10112200
2014-07-14,23.2039737701416,23.459283415143588,23.152912119406334,23.42281120499715,11323100
2014-07-15,23.342573165893555,23.53952646089897,23.14561987088814,23.481168692311485,13796400
2014-07-16,23.707304000854492,23.787544551927848,23.444699572851487,23.539529567997448,16293100
2014-07-17,23.561403274536133,24.188735214952747,23.430101111069824,24.101201366858827,18525600
2014-07-18,23.809419631958008,23.911542924809993,23.510343081755327,23.670824132037605,9239500
2014-07-21,23.743770599365234,23.853190012683324,23.61246841644403,23.743770599365234,7125400
2014-07-22,24.006372451782227,24.159557388268343,23.787536430709068,23.787536430709068,8845100
2014-07-23,24.32732582092285,24.400272998560958,23.933422192278286,24.035545458321334,9363200
2014-07-24,24.363815307617188,24.509704184457036,24.24710253655413,24.385698082612773,6575500
2014-07-25,24.247095108032227,24.400280051374352,24.21062011734506,24.320039524104352,6292600
2014-07-28,24.123083114624023,24.349215227189998,23.977191518860515,24.217913069267915,7114900
2014-07-29,23.888952255249023,24.21820049749014,23.888952255249023,24.203569599200595,5716600
2014-07-30,24.393802642822266,24.50355392061667,23.962118563170367,23.97675225294902,9992400
2014-07-31,23.662134170532227,24.247467788167825,23.654818721414028,24.1669838924134,9131500
2014-08-01,23.120704650878906,23.65482324919591,23.003637904943982,23.545071953779434,11539300
2014-08-04,23.288984298706055,23.376785042263606,23.076801378055645,23.245084624700016,6942100
2014-08-05,22.981687545776367,23.376788863043807,22.89388818341407,23.19387189665237,9478400
2014-08-06,23.0914306640625,23.35483146487443,22.820714414823833,22.849980395166664,9099200
2014-08-07,22.945106506347656,23.29630677437237,22.842672048181086,23.223139702980767,6553100
2014-08-08,23.376789093017578,23.435321071471126,22.769504814445558,22.945104936443354,8512700
2014-08-11,23.471900939941406,23.632865934519895,23.245082950233915,23.406049340357775,6591200
2014-08-12,23.420679092407227,23.66213074471298,23.32556291664196,23.427997331556735,4522600
2014-08-13,23.42800521850586,23.603603941942467,23.420686976892693,23.52312282183733,4837900
2014-08-14,23.537750244140625,23.60360045346993,23.464584585370723,23.464584585370723,3974800
2014-08-15,23.5743408203125,23.932856531178007,23.398739294823176,23.61823910836616,9457900
2014-08-18,23.859689712524414,23.954807317230674,23.698721887804815,23.75725665719064,4925400
2014-08-19,23.801151275634766,24.027969285417473,23.801151275634766,23.918218005276263,4257000
2014-08-20,23.808469772338867,23.888953673162742,23.69140304143806,23.706036731687043,4234700
2014-08-21,24.166982650756836,24.18161633933223,23.779199672326385,23.896266389838825,7309100
2014-08-22,24.488924026489258,24.554774245154146,24.086504472930862,24.137723790640326,9082600
2014-08-25,25.02303695678711,25.293753235734016,24.642569401761005,24.642569401761005,13975800
2014-08-26,25.16936683654785,25.279115303115013,25.001080830515438,25.001080830515438,8462100
2014-08-27,24.97182273864746,25.242539042525546,24.91328797505698,25.23522359262231,5679900
2014-08-28,24.920612335205078,24.96451062758583,24.671845111044078,24.876711251732488,4459200
2014-08-29,25.103519439697266,25.249850744772242,24.935236205988456,24.986452720982843,4946700
2014-09-02,25.279123306274414,25.35229176490747,25.00840698706038,25.184005705597095,5115700
2014-09-03,25.28643798828125,25.601055338388548,25.227903229614352,25.41813840419086,7151500
2014-09-04,25.388870239257812,25.542519789367724,25.25716982742337,25.25716982742337,7326400
2014-09-05,25.337650299072266,25.344965747145388,24.832797858222797,25.18399797863217,10032500
2014-09-08,25.50593376159668,25.67421697980567,25.308383168632087,25.308383168632087,8149200
2014-09-09,24.81085205078125,25.1986350457503,24.745001844928883,25.1986350457503,11411200
2014-09-10,25.11815643310547,25.169372954838185,24.90597210530359,24.90597210530359,6451400
2014-09-11,25.41082000732422,25.425453696900824,24.94986855447927,24.964502244055875,6794200
2014-09-12,25.615684509277344,25.666903815201778,25.388869312468277,25.410818449942514,10199400
2014-09-15,25.76201629638672,25.776649983755092,25.432765308324495,25.58641763014718,9632700
2014-09-16,25.688852310180664,25.776651648972425,25.483986255969672,25.71080144710594,8498200
2014-09-17,26.018110275268555,26.17907530757119,25.68154093625453,25.7473911557256,10979800
2014-09-18,26.43515396118164,26.522953300948352,26.076635571240644,26.120536636669343,15158500
2014-09-19,26.164445877075195,26.6619803294315,26.13518127894801,26.640031183063147,29864600
2014-09-22,25.74007225036621,26.19370548411908,25.644954659209777,26.120539823900916,10144200
2014-09-23,25.623003005981445,26.025419679890017,25.601053868287213,25.76201886319619,10882300
2014-09-24,25.593732833862305,25.666901270005404,25.264481848944474,25.418134169299762,13351900
2014-09-25,25.037670135498047,25.68153571601396,24.920603412577805,25.68153571601396,12328200
2014-09-26,25.3522891998291,25.388872029898618,25.074254667336913,25.16205401772196,8237100
2014-09-29,25.242534637451172,25.308384839453364,24.898649939096302,25.015716654756798,8218000
2014-09-30,25.29375457763672,25.396187618829853,25.0523056649802,25.27912088731041,9795300
2014-10-01,24.847434997558594,25.205953406941152,24.737686514671484,25.147418649862026,14873200
2014-10-02,25.081573486328125,25.154741947387507,24.723057795957047,24.913290212528644,8472000
2014-10-03,25.64495277404785,25.72543666902607,25.271803468619808,25.330335434273444,8810400
2014-10-06,25.601057052612305,25.901040733139517,25.505939458955062,25.849824211422025,7040600
2014-10-07,24.891342163085938,25.462042228959604,24.891342163085938,25.45472677807804,10127800
2014-10-08,25.242534637451172,25.26448377442168,24.4377013161716,24.90596817881358,12407900
2014-10-09,24.364530563354492,25.279115064915022,24.32063229357744,25.279115064915022,13511600
2014-10-10,24.101139068603516,24.62794083767402,24.093823617851523,24.240157752714605,11182800
2014-10-13,24.035293579101562,24.466977826829496,24.020662674717315,24.203579681532677,14668800
2014-10-14,24.152345657348633,24.452329254369836,23.98406244839433,24.14503020960728,12915600
2014-10-15,23.859689712524414,23.969438218485706,22.937788027883318,23.698721887804815,21646700
2014-10-16,23.801151275634766,24.291370124883585,23.069484913148177,23.164601107652327,16433900
2014-10-17,24.30599594116211,24.876695714402512,24.196244696574297,24.671829701668027,16422900
2014-10-20,24.379169464111328,24.642570303466904,24.240153594936327,24.240153594936327,11047500
2014-10-21,24.920612335205078,25.023045405549283,24.540144651718148,24.5840429440989,11217400
2014-10-22,24.459659576416016,24.95719400132248,24.437710431258633,24.942560307520328,8777600
2014-10-23,24.847434997558594,25.074252994603953,24.745001963760956,24.803536720840086,9031800
2014-10-24,25.11083984375,25.235224826918063,24.84012352663074,24.913289193606342,7685600
2014-10-27,24.847434997558594,25.103520373143517,24.745001963760956,25.096202132963207,9918800
2014-10-28,25.140104293823242,25.30107209169862,24.898652597010173,24.993770185853894,10582300
2014-10-29,25.23549461364746,25.338226626037393,25.008017385994727,25.096072996723613,10520000
2014-10-30,25.33089256286621,25.48499059810771,25.088736108140107,25.14744172112984,9028800
2014-10-31,25.646432876586914,25.866573366668366,25.573050847067627,25.683122491727456,11434400
2014-11-03,25.47031593322754,25.82988083923597,25.418949917974604,25.7198092069866,8011000
2014-11-04,25.43362808227539,25.55837612740665,25.26485362058799,25.477657298069612,8514000
2014-11-05,25.609737396240234,25.741822219886348,25.418946962423593,25.602397795350136,9461300
2014-11-06,25.910606384277344,25.976648820910995,25.580394201109083,25.719815878785187,8892100
2014-11-07,26.167428970336914,26.211458181790462,25.932612107726918,26.152752566519062,10831600
2014-11-10,26.32886505126953,26.42425747157018,26.145414213285395,26.262822637625735,9352000
2014-11-11,26.26283073425293,26.409592009733128,26.167435485305024,26.328873168257093,7019200
2014-11-12,26.394916534423828,26.4169297467898,26.079380760731418,26.12340718546336,9249000
2014-11-13,26.299510955810547,26.51231458925461,26.13073652904931,26.45360898034418,7376600
2014-11-14,26.1894474029541,26.482969939412463,26.13074457520545,26.328871867429086,7219100
2014-11-17,26.123388290405273,26.255473067541335,25.991303513269212,26.04267230369908,6208700
2014-11-18,26.027999877929688,26.27749307289717,26.027999877929688,26.16742147540913,5319600
2014-11-19,26.035341262817383,26.130736477489858,25.800524426113988,25.95462245034356,5748700
2014-11-20,25.96930503845215,25.99865784984131,25.70513533442601,25.82988338321087,6090600
2014-11-21,26.072036743164062,26.358219652425813,26.02067072351391,26.314193235147467,7477400
2014-11-24,26.138076782226562,26.343543641308646,26.05002115647017,26.182105994723695,6739000
2014-11-25,25.90326690673828,26.262831907769485,25.88859049861062,26.248155499641822,7646700
2014-11-26,25.771175384521484,25.99131585116856,25.73448577328662,25.99131585116856,6138100
2014-11-28,25.815202713012695,25.837215918299048,25.712470689359453,25.712470689359453,3534700
2014-12-01,25.756498336791992,25.837217159035102,25.360246626420636,25.697795520130168,8802400
2014-12-02,26.24814796447754,26.34354319030254,25.83721705258646,25.83721705258646,9335200
2014-12-03,26.798503875732422,26.820517084746047,26.18210883020725,26.196785235962395,9147400
2014-12-04,26.99662971496582,27.084685345562914,26.585698773449337,26.78382604172132,9165300
2014-12-05,27.32684326171875,27.693745007557283,27.121376380567213,27.14339238879948,11489700
2014-12-08,27.8845272064209,27.987259227198113,27.224103073942196,27.385540706156462,14069300
2014-12-09,27.957902908325195,27.987255710355285,27.334171260990786,27.532298475837983,12283800
2014-12-10,27.436904907226562,27.950567776476916,27.363525697006843,27.81848295869147,13788700
2014-12-11,27.444244384765625,27.92855444806208,27.37086237563742,27.693737617326676,8942200
2014-12-12,26.60036277770996,27.224094302458127,26.578349580132436,26.967264333264584,10965300
2014-12-15,26.36554718017578,27.018631530267573,26.160083195671447,26.857193942878826,10472000
2014-12-16,26.064697265625,26.651739429419695,26.01333125124533,26.196782102383537,11456800
2014-12-17,26.95259666442871,26.989286272019708,26.094048090001394,26.277498927193996,11919000
2014-12-18,27.957902908325195,27.957902908325195,27.356184462894717,27.436903268858828,12773100
2014-12-19,28.258773803710938,28.34683224617494,27.84050599934141,27.855182406418745,12526800
2014-12-22,28.30278778076172,28.34681697827913,27.921209799988254,28.24408498330876,8650600
2014-12-23,28.581645965576172,28.669701598957342,28.295463057658786,28.508263938393434,5872600
2014-12-24,28.478910446166992,28.743077314024962,28.35416241482166,28.735740511822424,2495100
2014-12-26,28.412872314453125,28.633012803820595,28.39819590859687,28.544957167921247,3091700
2014-12-29,28.588987350463867,28.75042503690044,28.266114776829287,28.37618363638631,3466900
2014-12-30,28.618331909179688,28.67703752339674,28.302796230857403,28.376175449390967,4010600
2014-12-31,28.47156524658203,28.75774806325324,28.464228445822073,28.706382060221856,6492900
2015-01-02,28.40552520751953,28.72840045258118,28.0679763597164,28.655018442686508,7333800
2015-01-05,27.51763153076172,28.317477465892058,27.275475029656665,28.222082226132045,12507900
2015-01-06,26.72511863708496,27.54698046523267,26.460951762935164,27.495614450878172,16507800
2015-01-07,27.10670280456543,27.18742164495447,26.857209479380433,27.099366000547548,9957700
2015-01-08,27.51029396057129,27.708418438740903,27.363532703316846,27.363532703316846,8079600
2015-01-09,27.062667846679688,27.598343946669008,26.88655381417203,27.576330742319644,7807500
2015-01-12,26.68842887878418,27.10669659291679,26.44627521234638,27.099359790580177,9385900
2015-01-13,26.438936233520508,27.19475565693441,26.182106157122217,26.930585978788805,12447800
2015-01-14,25.83721160888672,25.9399436154052,25.43362038360531,25.932606814612694,15898600
2015-01-15,25.374916076660156,25.873899678876743,25.15477287660226,25.68311207796191,17568100
2015-01-16,25.60239601135254,25.7198044242749,24.897945533818366,25.213481168404222,27056100
2015-01-20,25.499670028686523,25.558375648645814,24.941980635263437,24.949317438139335,19400600
2015-01-21,25.4849910736084,25.631752309583316,25.044710164921405,25.455638266565867,15830500
2015-01-22,26.072036743164062,26.108729156546854,25.154782393356847,25.374925676701082,18792700
2015-01-23,25.793188095092773,26.299511383612618,25.77851169262643,25.932609719666704,10969300
2015-01-26,25.76384162902832,25.800531244602418,25.433629490384956,25.595067157996876,9899900
2015-01-27,25.43362808227539,25.705134581577894,25.206147999529023,25.42629127926206,9021500
2015-01-28,24.852243423461914,25.595528108205247,24.822805683563445,25.595528108205247,14730700
2015-01-29,25.29380226135254,25.389473527365322,24.85224732294219,25.00679127065203,11378800
2015-01-30,24.881677627563477,25.337951301801688,24.83752102399062,24.992064925490126,11693000
2015-02-02,25.330589294433594,25.330589294433594,24.815442979891444,24.992063771352505,12373400
2015-02-03,25.7868709564209,25.82366672811931,25.42626565616665,25.42626565616665,14545300
2015-02-04,25.58816909790039,25.904617771358197,25.485139819535018,25.71327527667626,10246300
2015-02-05,25.705915451049805,25.816305560070223,25.610244210387915,25.683838552180557,10524000
2015-02-06,26.33881950378418,26.721501757166866,25.904622601613223,26.07388542010864,17087400
2015-02-09,26.2210636138916,26.397684412781512,26.073877743258684,26.125392376879656,8454100
2015-02-10,26.611101150512695,26.684692674875595,26.34616717106752,26.45655726494858,12491700
2015-02-11,26.76564598083496,26.898112975233293,26.537510562855353,26.55958745947614,7798100
2015-02-12,27.15570068359375,27.19249646299425,26.853970800768842,26.868686866658628,8167100
2015-02-13,27.06737518310547,27.376465766199814,26.905473265614855,27.177765278639892,8019200
2015-02-17,27.170406341552734,27.244000679500605,26.802443073824207,26.956989779846264,6800200
2015-02-18,26.76564598083496,27.207203564608328,26.60374406005452,27.17040499379128,7745800
2015-02-19,26.736217498779297,26.934915230932813,26.552235829695498,26.714137789499752,5856500
2015-02-20,27.037944793701172,27.118894362359686,26.382967754889005,26.66998148996583,11019700
2015-02-23,26.692060470581055,26.920198747322534,26.62582695845207,26.905479877145268,7399600
2015-02-24,27.037944793701172,27.229284476415174,26.677339520812165,26.677339520812165,8910400
2015-02-25,26.927560806274414,27.163057149658798,26.927560806274414,27.00115236083034,7358500
2015-02-26,26.537513732910156,26.86132042048837,26.4050467226879,26.81716381463524,10363200
2015-02-27,26.33881950378418,26.522801194410214,26.294662887392317,26.463925705887732,8264200
2015-03-02,26.669984817504883,26.677342849269255,26.21370824266192,26.228427113528234,7118100
2015-03-03,26.360889434814453,26.809805090360097,26.28729790096703,26.493356441609464,8338800
2015-03-04,25.82366371154785,26.257860504478558,25.772149075720236,26.235783605505894,11533500
2015-03-05,26.140113830566406,26.154832699819448,25.72799391349301,25.934055275698338,8976400
2015-03-06,26.147470474243164,26.971710264659066,25.992926566291597,26.05916007074757,14177300
2015-03-09,26.25050163269043,26.309377110809958,25.9855704031645,26.147472353318573,8573800
2015-03-10,25.66912269592285,25.934056742790432,25.632326924377335,25.867823231073537,10996700
2015-03-11,25.720632553100586,25.875176449246542,25.595523584313224,25.669117921051935,10593900
2015-03-12,27.2955322265625,27.361765768089917,26.559605235075065,26.765663894343167,18321000
2015-03-13,26.750932693481445,27.391190902392488,26.552234967777895,27.18512953071815,11237500
2015-03-16,27.030590057373047,27.07474667443055,26.721502159984066,26.898123013538385,8077200
2015-03-17,26.898120880126953,26.97171523605236,26.559595264882965,26.76565384679885,8381800
2015-03-18,27.030590057373047,27.207213718265216,26.743579064843892,26.824531459113725,9870300
2015-03-19,26.57431411743164,26.986431280974394,26.26522343743695,26.927558603612983,10873800
2015-03-20,26.861330032348633,27.001155123245155,26.55960013605961,26.603756757713423,14009000
2015-03-23,26.721500396728516,26.979073627556335,26.71413955736905,26.81716884970018,7341600
2015-03-24,26.669984817504883,26.817167911492866,26.49336117444671,26.669984817504883,7952200
2015-03-25,26.088600158691406,26.662622044146968,26.029724679497317,26.662622044146968,9066500
2015-03-26,26.21370506286621,26.294657439142394,25.757431350708092,25.970850741374893,10180500
2015-03-27,26.36825180053711,26.397686731379476,26.044442295236017,26.16219044061717,9157800
2015-03-30,26.721500396728516,26.90548207798772,26.471285197922487,26.49336210132554,8954200
2015-03-31,26.265222549438477,26.684700538055328,26.235787615421746,26.647904765031267,10258200
2015-04-01,26.47129249572754,26.5154463147063,26.022376620520546,26.287310763746866,7975800
2015-04-02,26.537513732910156,26.64054300589699,26.33881321757677,26.35353208619448,6271300
2015-04-06,26.4271240234375,26.59638680410697,26.073879593257228,26.20634660549198,6624300
2015-04-07,26.449201583862305,26.802446022868363,26.441843552926393,26.640544076243035,8045000
2015-04-08,26.6846981048584,26.78773019020351,26.456562648508836,26.5522338955178,6602800
2015-04-09,26.964357376098633,27.023232867344145,26.566956232205232,26.603754817902647,7910400
2015-04-10,26.669984817504883,27.074743940646975,26.463923432714086,27.04530619891435,10047800
2015-04-13,26.714141845703125,26.94228016064843,26.618470577198586,26.6699880351148,6207400
2015-04-14,27.11154556274414,27.221935714386454,26.71414438563761,26.8318925706316,12320000
2015-04-15,27.51629066467285,27.641399626209108,27.060017032685284,27.148327424316516,13022600
2015-04-16,27.494218826293945,27.641404710979383,27.288160272136682,27.634043872709622,8876100
2015-04-17,27.045312881469727,27.280809258843764,26.87605003569078,27.266090384340604,10033800
2015-04-20,27.199846267700195,27.560451534349433,27.008506588297056,27.46478029097928,13301900
2015-04-21,27.045312881469727,27.479509853629033,27.008517098880958,27.199856852745516,11380900
2015-04-22,27.376474380493164,27.55309522011974,26.956996377208007,27.11154031371567,10161300
2015-04-23,27.50893783569336,27.648762882821643,27.23664296506953,27.354391111950527,8486900
2015-04-24,27.494218826293945,27.56045233403553,27.266080564664655,27.56045233403553,8643200
2015-04-27,27.266080856323242,27.700277676754293,27.2292850865926,27.55309179049444,8924200
2015-04-28,27.369531631469727,27.458201028899087,27.05918451234299,27.214359481281022,7525400
2015-04-29,27.702049255371094,27.849830665429316,27.133081806647844,27.133081806647844,9518400
2015-04-30,27.56904411315918,27.85722181301367,27.406481177343924,27.57643205626453,10413900
2015-05-01,27.71681785583496,27.805490061061498,27.569036484622014,27.709429914773903,6469600
2015-05-04,28.01239013671875,28.034556781737788,27.731600418563673,27.768548585261225,7375700
2015-05-05,27.6724853515625,28.041944427501257,27.605982605143563,27.871993590819315,10339600
2015-05-06,27.376920700073242,27.805494639659138,27.162633730280294,27.731601123135995,9532500
2015-05-07,27.738996505737305,27.798108510054988,27.229141022404022,27.3252012005139,12404700
2015-05-08,27.997610092163086,28.04933414056184,27.731599089684227,27.80549260078904,10037900
2015-05-11,28.26361846923828,28.448348001716962,27.960662148723202,27.968050089772802,12349100
2015-05-12,27.871990203857422,28.10105299910469,27.67986992921596,28.07888635924172,9689300
2015-05-13,27.91633415222168,28.02717303139267,27.687271269434653,27.9237249141663,7016100
2015-05-14,28.18233871459961,28.204505357827152,27.95327588458396,28.056723977978013,7291300
2015-05-15,27.968053817749023,28.21928612815777,27.886775180373576,28.160174135634776,7093800
2015-05-18,28.322736740112305,28.37446079003886,27.968053513831165,27.997610919146148,6061400
2015-05-19,28.5887508392334,28.706977666174208,28.322742592678996,28.322742592678996,7380900
2015-05-20,28.322736740112305,28.559190345133516,28.21928582150987,28.522242179115135,6339300
2015-05-21,28.108449935913086,28.330124839508752,28.078892530433844,28.211898036341108,7141500
2015-05-22,28.20450782775879,28.337513336269915,28.093671783165775,28.10845048619472,5513900
2015-05-26,27.923725128173828,28.189736185223087,27.775940894396484,28.09367601045534,8434000
2015-05-27,28.537019729614258,28.618301181574125,27.982831086705193,28.08627918238168,8252300
2015-05-28,28.618310928344727,28.655256286704937,28.381857252339177,28.500084090341954,9717600
2015-05-29,28.22667694091797,28.603523997850342,28.204507477275346,28.551799947266474,7858800
2015-06-01,28.507469177246094,28.610917287557577,28.19712202756205,28.38923954403343,8830700
2015-06-02,28.463134765625,28.625697702256872,28.278405180815973,28.396632002343758,6178700
2015-06-03,28.8251953125,28.995148964676442,28.5296297486584,28.66263523894927,7812600
2015-06-04,28.59613609313965,28.972983150564062,28.514854636759058,28.544412042488247,7713400
2015-06-05,29.032102584838867,29.113384054162005,28.780870233635447,28.98776646918539,9808100
2015-06-08,28.88430404663086,29.37198980229641,28.810413375885453,29.290708373227417,7327000
2015-06-09,28.91387367248535,29.024709725485152,28.662641339436362,28.87692832148542,7807900
2015-06-10,29.475446701049805,29.51978280803125,28.936036750480554,29.039484848021335,9546900
2015-06-11,29.460674285888672,29.689739992720206,29.283335457615745,29.556734462140586,6981000
2015-06-12,29.2685489654541,29.453278506696552,29.194655457707658,29.298106368552677,5896300
2015-06-15,29.20944595336914,29.290727435335295,28.78087471038883,28.98038303373751,5635300
2015-06-16,29.364614486694336,29.416338542202197,29.07643398190104,29.10599139040542,4580300
2015-06-17,29.246381759643555,29.527168627428846,29.209433597106866,29.47544458237634,7029500
2015-06-18,29.40155601501465,29.505004112579538,29.054263557118887,29.320274561571026,7593800
2015-06-19,29.09120750427246,29.505002693377552,28.980371470248162,29.283327806579837,10338800
2015-06-22,29.445898056030273,29.5936823045157,29.3424499277155,29.453288818767092,8676300
2015-06-23,29.71190643310547,29.734075900546433,29.541955549390533,29.60107037089999,9380300
2015-06-24,29.29071807861328,29.748846590280724,29.216827383384427,29.53456244661731,8065700
2015-06-25,28.980377197265625,29.460672410450364,28.921262379104608,29.42372705847456,8939700
2015-06-26,29.187273025512695,29.349835954490118,29.083824913890567,29.165106378379278,8325600
2015-06-29,28.307960510253906,28.965597332837863,28.300569748904895,28.68480759531621,10819300
2015-06-30,28.662639617919922,28.88431452935503,28.492688758528022,28.684806263438603,11102300
2015-07-01,29.083826065063477,29.209440828791003,28.95082053949918,29.15771677093264,10549900
2015-07-02,28.81781768798828,29.105995413868165,28.618309381129134,29.009935232324867,6801200
2015-07-06,28.706966400146484,28.758690440462157,28.374455517759653,28.381843458340985,8044500
2015-07-07,28.537019729614258,28.74391873971643,27.820271001534657,28.62569194197913,12759200
2015-07-08,27.923725128173828,28.322741713747714,27.90894642292111,28.204512071725993,9113300
2015-07-09,28.152780532836914,28.5074637271671,28.115835188895996,28.440960980573823,7286000
2015-07-10,28.55179786682129,28.706970007266175,28.41140442814484,28.633079317173127,6780400
2015-07-13,29.05426597595215,29.098602086635005,28.78086700694826,28.876927170719703,7183900
2015-07-14,29.342435836791992,29.490220014308004,29.009922142068152,29.06164900013518,8054600
2015-07-15,29.33504867553711,29.51977819765164,29.172485794076703,29.51977819765164,7649400
2015-07-16,29.490219116210938,29.623224590049915,29.43849507846785,29.5641097933443,7969800
2015-07-17,29.704511642456055,29.74145698800809,29.31288308710675,29.37938583660009,8153700
2015-07-20,29.586284637451172,30.325202818294112,29.482836543133025,30.221754723975966,15141800
2015-07-21,29.615846633911133,29.793185446315015,29.34244483510161,29.34244483510161,11773400
2015-07-22,29.955739974975586,30.014851956287824,29.615838330870986,29.68233825281645,9435900
2015-07-23,29.512399673461914,30.103536644299894,29.416342311638225,29.911416283152555,10281600
2015-07-24,29.26116180419922,29.645399635491664,28.995153599842403,29.638011693182914,8370100
2015-07-27,29.002544403076172,29.0986045750624,28.721754648904746,29.0099323461137,11948000
2015-07-28,29.002544403076172,29.34983691958426,28.839981468753287,29.26116469063556,9201100
2015-07-29,29.143470764160156,29.2621511094559,28.869020166644113,28.943197150930594,9677800
2015-07-30,29.15088653564453,29.22506351862777,28.817097186126404,29.039625305513542,5512100
2015-07-31,28.8096866607666,29.18797944612102,28.77259957664372,29.13605696243636,7347600
2015-08-03,28.75034523010254,28.90611551162764,28.498149095208518,28.898696397021933,7078100
2015-08-04,28.869033813476562,29.061891234225435,28.735520837772533,28.817111314712783,6365800
2015-08-05,28.92836570739746,29.187978113971976,28.78001454811359,29.143474746880926,4981000
2015-08-06,28.87645149230957,29.06188978710757,28.676177794380074,28.958044794750904,7573500
2015-08-07,28.616836547851562,29.061887285227705,28.379472947745565,28.891284408248065,8329500
2015-08-10,28.987701416015625,29.047040169940647,28.780008703371937,28.780008703371937,5585000
2015-08-11,28.12726593017578,28.58715472164819,27.986333911244717,28.54264853324562,11188900
2015-08-12,27.86765480041504,27.91957727439271,27.125901938376707,27.867654800415036,13981400
2015-08-13,28.001176834106445,28.149528005762704,27.793486891525628,27.971506033862543,6554200
2015-08-14,28.22369956970215,28.23111868385942,27.89732928585677,27.956668051300024,5029500
2015-08-17,28.290456771850586,28.3201275686432,27.852822422629718,27.98633817863357,5109200
2015-08-18,28.05309295654297,28.342376119395556,28.03084127618896,28.238531171660025,8794400
2015-08-19,27.771223068237305,28.023419126653213,27.62287477586749,27.89732251222641,8549700
2015-08-20,26.829204559326172,27.44486090539424,26.829204559326172,27.400354706904928,14129400
2015-08-21,25.375364303588867,26.621509317177168,25.338277227024495,26.384148631690117,30185700
2015-08-24,23.9289493560791,24.930317554482347,22.54928980610258,23.45422932697892,24624100
2015-08-25,23.558067321777344,25.071242184015848,23.535814230133735,25.071242184015848,19890100
2015-08-26,24.70037841796875,24.848729608409286,23.832528622671553,24.292414766429975,25346400
2015-08-27,25.44212532043457,25.479212401586633,24.88581061446488,25.219600003959275,21258600
2015-08-28,25.256690979003906,25.36053595406491,25.01191394201202,25.301197180985774,13192400
2015-08-31,25.55339241027832,25.939104324835203,25.123174295346825,25.286360867157153,13393000
2015-09-01,24.56686019897461,25.049000812814253,24.336918564626774,24.789385547837778,14590100
2015-09-02,25.063840866088867,25.0786762693755,24.596535566033364,25.034170059515596,12151000
2015-09-03,25.071252822875977,25.58306424439606,24.952572446644126,25.108339909905297,11670800
2015-09-04,24.618776321411133,24.878391519269776,24.366580236682434,24.715204985162206,12774100
2015-09-08,25.419870376586914,25.531131605769602,25.10091642638395,25.145422615794555,13449200
2015-09-09,25.034162521362305,25.9984408081244,24.959988356827914,25.850089649492617,10657200
2015-09-10,25.123170852661133,25.323444482558052,24.82647137951088,24.945151734683552,9692500
2015-09-11,25.212186813354492,25.2270193839851,24.833891182319018,25.049000240785208,7800900
2015-09-14,25.07866668701172,25.30119199215834,24.945150938011192,25.160257129567352,9102200
2015-09-15,25.649824142456055,25.783337100309254,25.06383850096722,25.17509977077215,8776700
2015-09-16,25.67949104309082,25.798171423659266,25.442130281953936,25.67207475723931,10540400
2015-09-17,25.256690979003906,25.887182774045268,25.138010603282282,25.657238308150653,13617200
2015-09-18,24.500097274780273,24.9228961995729,24.35916524303698,24.893228234169875,19591300
2015-09-21,24.73004150390625,24.922896010595956,24.500097089009188,24.737457787810087,8950900
2015-09-22,24.06246566772461,24.381419675690704,23.81026954118312,24.307245509469173,13385500
2015-09-23,23.97345542907715,24.314661111414686,23.81768798664866,24.025377909886643,12264700
2015-09-24,23.71384048461914,23.78059977578154,23.276206146024528,23.69900650136448,16766500
2015-09-25,23.877029418945312,24.32208294217422,23.78060356070786,24.14406096697,13797800
2015-09-28,23.061100006103516,23.676754916097153,22.85340866468124,23.64708411813046,15445400
2015-09-29,23.001760482788086,23.19461643074258,22.601213187471473,23.061100665637042,13715900
2015-09-30,23.36522102355957,23.58033008668119,23.202035862240237,23.39489182458945,15024800
2015-10-01,23.36522102355957,23.595164072414466,23.009179899891024,23.30588083628148,13358700
2015-10-02,23.31329917907715,23.34296856614308,22.363854741678377,22.549293008880984,22822500
2015-10-05,23.951200485229492,24.092132509732373,23.520982469016587,23.54323556409766,11635700
2015-10-06,24.003124237060547,24.05504671356645,23.69158796324374,23.788015217500224,8875100
2015-10-07,24.425926208496094,24.72262853658166,24.195981762751625,24.58169365743762,13458400
2015-10-08,24.470434188842773,24.633617934568267,24.106973951944067,24.537192076046075,11407600
2015-10-09,24.27015495300293,24.670699354664684,24.040210543323138,24.440757774547553,11711000
2015-10-12,24.329496383666992,24.366583465543393,24.129222746058872,24.29240930179059,7034500
2015-10-13,24.188562393188477,24.60394220406092,24.114385405845006,24.121804519360726,10943700
2015-10-14,24.13664436340332,24.552024250799132,24.01796399135262,24.16631516380681,9877500
2015-10-15,24.930316925048828,24.982239404814777,24.003125744138433,24.26273814296817,12920500
2015-10-16,25.18251609802246,25.278944784826667,24.848726666441195,25.100922811462233,13804700
2015-10-19,23.97345542907715,23.980874543228783,23.439393807460416,23.676754528178964,39255600
2015-10-20,23.921533584594727,24.032797663325045,23.491316913152968,23.8918627863249,23590400
2015-10-21,23.350385665893555,24.04021622850577,23.26137609220391,24.032799943016354,22175900
2015-10-22,23.995708465576172,24.055050063883705,23.461646813842545,23.513570712361634,18753800
2015-10-23,24.195987701416016,24.470438412603446,23.988297718518545,24.166319724976237,14730700
2015-10-26,24.144060134887695,24.34433378900413,23.973457280543293,24.203401734431765,10952300
2015-10-27,23.906700134277344,24.01054510712387,23.587746100783992,23.99570970677961,13302400
2015-10-28,24.92020034790039,25.06179422053447,23.929057453430755,23.958866989016222,17285600
2015-10-29,24.994718551635742,25.24809386139947,24.853124710924952,24.920194729473973,12759600
2015-10-30,24.569944381713867,25.017075973841667,24.540134850827126,24.92019641985642,13581100
2015-11-02,24.950010299682617,25.12886467338515,24.60720916311275,24.666825392484373,9887900
2015-11-03,24.80841827392578,24.994723602790717,24.65192247994972,24.79351350648134,11389800
2015-11-04,24.890396118164062,25.039438125252445,24.77116080681692,24.890396118164062,9125400
2015-11-05,25.248098373413086,25.37478462953811,24.897843453642597,24.987269213424593,12192300
2015-11-06,26.38828468322754,26.537329503675192,25.970959754532807,26.038029781594577,19355200
2015-11-09,26.164714813232422,26.634204929800717,25.963504763274578,26.470255368473648,10976800
2015-11-10,26.261606216430664,26.321222456601216,25.881541669515304,26.082751810330315,7335600
2015-11-11,26.09764862060547,26.48516401329193,26.045483360320127,26.365928726526363,7506000
2015-11-12,25.508926391601562,25.91134660164532,25.47166589277392,25.888990870907502,10403400
2015-11-13,25.285358428955078,25.6132547709686,25.17357409908109,25.36733322515686,8728000
2015-11-16,25.374786376953125,25.441856412106763,24.756254135241907,25.143769578041372,11227400
2015-11-17,25.0319881439209,25.66542522727592,24.942562367601237,25.66542522727592,10853300
2015-11-18,25.523834228515625,25.568548538161263,25.04689296347218,25.106509200205522,10396200
2015-11-19,25.46421241760254,25.66542252523411,25.30026565207575,25.546187221762867,8947800
2015-11-20,25.27045249938965,25.732488878875564,25.17357294080933,25.583446902959345,8624100
2015-11-23,25.06924819946289,25.44185891073385,25.017082927308486,25.277909288080508,7963000
2015-11-24,25.0319881439209,25.17357919332654,24.726447468934072,24.79351751187236,7954500
2015-11-25,25.046886444091797,25.151216963314894,24.920197354468435,25.05433740569626,6210000
2015-11-27,25.173568725585938,25.277899228374913,24.950002956353423,25.061787262366177,3014600
2015-11-30,25.561086654663086,25.73248718995183,25.11395507067448,25.195929857724156,17416300
2015-12-01,26.28394889831543,26.34356510888007,25.784649276221007,25.784649276221007,18594200
2015-12-02,26.000770568847656,26.380835021863522,25.87408431303813,26.351025487745876,10996500
2015-12-03,25.672874450683594,26.246695194989694,25.553639155944254,26.120006095257708,15021200
2015-12-04,26.321212768554688,26.51497187407936,25.643061584804922,25.829366886305333,13205400
2015-12-07,25.844276428222656,26.31376667075924,25.650517286886497,26.29140809734733,8389200
2015-12-08,25.382246017456055,25.59835809792679,25.218296373214223,25.508932311428744,10613400
2015-12-09,24.868030548095703,25.56854029266868,24.65936952262797,25.188475890231583,13211200
2015-12-10,24.905292510986328,25.263001208343322,24.800961992087803,24.964911574810305,10674500
2015-12-11,23.906696319580078,24.629558915981622,23.794912007797738,24.450707428481646,16133000
2015-12-14,23.757652282714844,24.234594838386393,23.39249404911107,23.943959012362242,14990100
2015-12-15,24.47306251525879,24.65191684088589,24.264401504354726,24.324017717701715,13708800
2015-12-16,25.046886444091797,25.166121729317254,24.353830460345865,24.718987277626706,13682900
2015-12-17,24.130266189575195,25.22573955383754,24.11536142262551,25.210837629681475,15959800
2015-12-18,23.317974090576172,24.033385823517406,23.288164557671905,23.943960067598134,19331700
2015-12-21,23.608612060546875,23.698037824538567,23.24345377788753,23.563899178551026,10920100
2015-12-22,24.011030197143555,24.130265486473153,23.556444768201484,23.817271075237,11468400
2015-12-23,24.294218063354492,24.391097647559615,24.05574742746051,24.197341321943586,6807100
2015-12-24,24.204784393310547,24.376184929297352,24.174974862845026,24.271854415461323,2798200
2015-12-28,23.973764419555664,24.115358265644566,23.809817690158923,24.115358265644566,5420300
2015-12-29,24.256954193115234,24.368738531899464,24.093007430437208,24.17497939037931,6388200
2015-12-30,24.018484115600586,24.331478565365323,23.99612838447235,24.21969422413637,5057200
2015-12-31,23.70548439025879,24.07064258329518,23.675676283376504,23.780006789559316,8154300
2016-01-04,23.459569931030273,23.489379470063458,22.773966168634608,22.878298133853704,15749200
2016-01-05,23.31052017211914,23.623513140016403,23.049692461971976,23.459563562634184,9850500
2016-01-06,22.729249954223633,22.937912432719372,22.542944626729998,22.826128099105713,13057400
2016-01-07,21.596506118774414,22.408797193193557,21.4474627586384,22.267204792877422,18138200
2016-01-08,21.149381637573242,21.97657780460901,21.089763985442545,21.916960152478314,15295600
2016-01-11,21.20899772644043,21.313329676026807,20.724604160907354,21.201546764195612,19414800
2016-01-12,21.20899772644043,21.52199073240588,20.866196607305184,21.417660204216343,16041800
2016-01-13,20.039005279541016,21.46237820237373,19.748369355198403,21.410212925840153,29721900
2016-01-14,20.232755661010742,20.359443324153876,19.547152087776723,20.113520380569753,23814500
2016-01-15,19.353397369384766,19.681295151576066,19.01059624090054,19.39811167245418,29462200
2016-01-19,19.56951141357422,20.217853145444845,19.196900765382928,19.9942873250888,28788200
2016-01-20,18.809383392333984,19.204351150008968,18.384607525032653,19.152185892115355,25940900
2016-01-21,18.466585159301758,19.07021404155902,18.39951512556241,18.84664821002578,22130300
2016-01-22,19.085119247436523,19.36085035123004,18.764673839192497,18.824291490396252,22498400
2016-01-25,18.615631103515625,19.010598975733586,18.58582298524475,18.973337051148636,20144600
2016-01-26,18.99569320678711,19.122380900918404,18.65289204701832,18.660344431543336,13362900
2016-01-27,19.0181827545166,19.610391860406548,18.77829908283576,18.92822619890992,19796300
2016-01-28,18.868249893188477,19.370503720349802,18.695834763070092,19.243066139433928,16015600
2016-01-29,19.400489807128906,19.407986304222504,18.830770326121655,19.003185469842553,18766500
2016-02-01,19.27305030822754,19.437970368339233,19.055657633276418,19.32552578268793,11177900
2016-02-02,18.36600112915039,19.010685707958018,18.283541074704512,19.010685707958018,18326800
2016-02-03,18.231061935424805,18.380989005409816,17.458941385490355,18.31352196689761,25132900
2016-02-04,18.748310089111328,18.890740672758238,18.08113758277206,18.103625644003788,17497500
2016-02-05,18.253549575805664,19.05565603040901,18.12611200817081,18.80827739086022,16106100
2016-02-08,16.994173049926758,17.871243349796703,16.731801323847378,17.811272792105207,24258700
2016-02-09,17.189075469970703,17.458943659164394,16.312005284901907,16.40945689221591,25642000
2016-02-10,17.016658782958984,17.826261847701254,16.971679802276785,17.526407695728842,21564200
2016-02-11,16.2595272064209,16.58936443397325,15.862221518465608,16.244534215220245,29160400
2016-02-12,17.30902099609375,17.391481059392838,16.386973020300726,16.424454087357915,22802200
2016-02-16,17.781286239624023,18.096132015063905,17.39897341017482,18.043657957459065,20565500
2016-02-17,18.163593292236328,18.493431959177208,18.081134697858893,18.15609679641831,19226500
2016-02-18,17.961196899414062,18.39598519188712,17.82626422877604,18.261051091438343,17521200
2016-02-19,17.991178512573242,18.133609076144694,17.721310377345315,17.826259890939735,12986200
2016-02-22,18.395984649658203,18.545910311440473,18.2385610605045,18.291035113618832,12182000
2016-02-23,17.773784637451172,18.358498461020247,17.75129657911302,18.328513906632573,14728800
2016-02-24,17.773784637451172,17.773784637451172,17.001664131885683,17.361487363400304,20271400
2016-02-25,18.463449478149414,18.500931964349377,17.8187664434272,17.84125450533653,17568600
2016-02-26,18.860755920410156,19.243068714314365,18.575896164263664,18.74081481994735,19258000
2016-02-29,18.51592254638672,18.853256299371214,18.4934330575969,18.748308211306323,13301500
2016-03-01,19.55791473388672,19.580404226716894,18.785792637779352,18.808282130609527,17197000
2016-03-02,19.572906494140625,19.707840582986474,19.36300886373479,19.49044645544358,16119300
2016-03-03,19.595386505126953,19.632868975412876,19.348007920480036,19.565401958708257,11515400
2016-03-04,19.587900161743164,19.865264866352376,19.4229814964525,19.6853532051778,13629400
2016-03-07,19.55791473388672,19.737826387095957,19.265558476148044,19.37050658306742,9835300
2016-03-08,18.748310089111328,19.385498037204755,18.695836039823153,19.26555694460018,21715100
2016-03-09,18.448461532592773,18.93572251029514,18.321023914134223,18.890744947842396,23542300
2016-03-10,18.478445053100586,18.85326138857853,18.328519376795917,18.67334971912642,20117300
2016-03-11,19.490442276000977,19.557909305956574,18.82326990178486,18.853254454092728,24457300
2016-03-14,19.422971725463867,19.54291277257562,19.2355636606255,19.36300120190799,17603300
2016-03-15,19.063156127929688,19.258060764067782,18.83077043591569,19.21308178124394,15900500
2016-03-16,18.860755920410156,19.33302525456682,18.523420681726822,18.965704025862436,17841100
2016-03-17,19.378005981445312,19.512940099003725,18.425972089615115,18.748314386046673,20718900
2016-03-18,19.700345993041992,19.902745716094472,19.475455346590348,19.527929401819165,24032000
2016-03-21,19.44546890258789,19.94772277229001,19.385498355301547,19.6178840473098,10054000
2016-03-22,19.370508193969727,19.50544230255081,19.07815191191794,19.198093024032048,13623900
2016-03-23,18.943218231201172,19.392998126693538,18.890744172192388,19.363012133082304,10430600
2016-03-24,18.688343048095703,18.6958395465159,18.20857858769019,18.6958395465159,15777900
2016-03-28,18.53091812133789,18.793289828118187,18.500933559603133,18.725822776951517,9540200
2016-03-29,18.575899124145508,18.598387190433844,18.08114164844915,18.41097901237277,13927200
2016-03-30,18.793283462524414,19.063151575782328,18.56089782600248,18.710823443515544,11502400
2016-03-31,18.748310089111328,19.145615851995608,18.658353554752594,18.673346548780817,15492000
2016-04-01,19.13812255859375,19.250567173006797,18.455956944035638,18.658356678054783,15484800
2016-04-04,18.770801544189453,19.123128361853894,18.673348502619852,19.108135366256917,11408300
2016-04-05,18.276044845581055,18.515928513886518,18.171096723692425,18.46345302313128,12860000
2016-04-06,18.306026458740234,18.538412142933804,18.193581865085964,18.246055913470585,14982000
2016-04-07,17.781286239624023,18.223569624880305,17.6238640668095,18.163599069073225,17145400
2016-04-08,17.80377197265625,18.126114178194026,17.73630493290134,17.998676595302594,10000600
2016-04-11,18.073640823364258,18.321019501996066,17.89372918706936,17.916217247974608,12107600
2016-04-12,18.425966262817383,18.6283673751502,18.126113557404217,18.156098113040294,14947800
2016-04-13,19.400489807128906,19.400489807128906,18.725820796621903,18.763303282089893,18251000
2016-04-14,19.617881774902344,19.68534881151087,19.235569044057527,19.295539584397275,18678400
2016-04-15,19.310535430908203,19.767811762212833,19.27305294402465,19.72283277795257,14899900
2016-04-18,19.288042068481445,19.64037022543607,19.138116440463005,19.62537723369111,29605100
2016-04-19,19.835275650024414,19.857765140194232,19.34051830477282,19.38549728511246,23006500
2016-04-20,20.54743003845215,20.5999040931811,19.805293914833943,19.850271471771507,24836300
2016-04-21,20.434986114501953,20.89975755462277,20.35252606585018,20.50245316706962,16579300
2016-04-22,20.76482391357422,20.854779026273636,20.457474657198194,20.479962720467682,19084100
2016-04-25,20.637392044067383,20.772324750591608,20.412501340238073,20.637392044067383,11748800
2016-04-26,20.652381896972656,20.74233845698851,20.487463205056443,20.622397330174717,13779800
2016-04-27,20.750368118286133,20.976488512363385,20.49409757159143,20.599620230475693,12481700
2016-04-28,20.524242401123047,20.968947004574503,20.41118222548786,20.524242401123047,11096600
2016-04-29,20.39611053466797,20.531783342986383,20.245364088032908,20.358424282418795,15477400
2016-05-02,20.54685401916504,20.742825651700997,20.23028468008973,20.42625631262569,14987500
2016-05-03,20.267976760864258,20.283051837932383,19.853422204960196,20.260439222330195,16716600
2016-05-04,19.808197021484375,20.064467563106472,19.634836522642342,19.97401854468287,15144500
2016-05-05,19.725278854370117,19.974011773668778,19.597143626995784,19.793115235782288,11909100
2016-05-06,19.78558349609375,19.860957435035104,19.521775428618174,19.589611829901557,12002200
2016-05-09,19.672521591186523,19.974015883025306,19.627297806820252,19.77804423392055,10734400
2016-05-10,20.071998596191406,20.19259773618978,19.808192020801883,19.906177114855417,11200000
2016-05-11,19.868488311767578,20.34334152391808,19.860950776636578,20.04184730686714,9589900
2016-05-12,19.770503997802734,20.147372170559805,19.574532375452502,20.019236934316883,9838300
2016-05-13,19.51423454284668,20.087074367823543,19.51423454284668,19.740356320874373,13378800
2016-05-16,19.755428314208984,19.913713689438016,19.484084215818847,19.491621751557176,9883900
2016-05-17,19.717744827270508,20.019239110725778,19.559460867570795,19.657445970579452,14474100
2016-05-18,20.531776428222656,20.569464105417612,19.732816360982135,19.740353896421123,20329900
2016-05-19,20.056930541992188,20.614695430003252,19.92879526787894,20.403648673334843,11487100
2016-05-20,20.17753028869629,20.479024658526264,20.102156336829157,20.237829162662283,14313000
2016-05-23,20.222749710083008,20.30566118296492,20.049390664637418,20.139838237201097,8913100
2016-05-24,20.659914016723633,20.848348111321723,20.32073207139185,20.381032361795768,18026100
2016-05-25,20.938793182373047,21.32319883577727,20.80312042968476,20.81065796457164,15856700
2016-05-26,20.66745376586914,21.036784458308723,20.614692443754656,21.036784458308723,10080100
2016-05-27,20.750368118286133,20.83327816270731,20.584545154166968,20.69006925068964,10156100
2016-05-31,20.62976837158203,21.006636616723085,20.53178182276793,20.83327613135312,12723400
2016-06-01,20.72021484375,20.780513702261253,20.1021511846001,20.43379562523109,11175000
2016-06-02,20.561925888061523,20.765433587613593,20.51670067692743,20.69759720855029,8077400
2016-06-03,20.004165649414062,20.08707567956421,19.604684821824602,20.049389432917614,14562600
2016-06-06,20.237825393676758,20.358423119149265,20.011703580187092,20.064466343014814,10174200
2016-06-07,19.989093780517578,20.305663191073773,19.974018704386715,20.283050576877475,9949100
2016-06-08,20.004165649414062,20.215210930856063,19.898641571054906,19.943865354558454,10311500
2016-06-09,19.657445907592773,19.830804940319307,19.55946080489808,19.800656230889455,9893000
2016-06-10,19.250429153442383,19.484087044703486,19.175055222753528,19.325801646493083,13449800
2016-06-13,19.039386749267578,19.39364243484809,19.024311672186244,19.077073004332437,12824300
2016-06-14,18.541912078857422,19.159975575213036,18.406239323532958,18.911242669664123,15812900
2016-06-15,18.63236427307129,18.971546246014075,18.519304094636418,18.72281327840209,17393000
2016-06-16,18.89617347717285,18.926323626684283,18.26303471381541,18.428857660851758,16309400
2016-06-17,19.077064514160156,19.21273727223459,18.881092912234617,18.918780588165205,19295900
2016-06-20,19.521770477294922,19.82326471895378,19.484084236201795,19.506695405802493,17426400
2016-06-21,19.74789810180664,19.823270606378202,19.446402332966915,19.642374007657388,12357100
2016-06-22,19.891103744506836,20.109687997260515,19.702669638741856,19.7705060318283,14542900
2016-06-23,20.569467544555664,20.569467544555664,20.200135434483588,20.29812197393557,18027200
2016-06-24,18.481618881225586,19.242892900461356,18.474081343889996,18.896173371215387,49311900
2016-06-27,17.795719146728516,18.172587395069986,17.418850898387046,18.12736217016945,25434000
2016-06-28,18.549455642700195,18.564529280028186,17.999226907537658,18.28564758134363,19792300
2016-06-29,19.016767501831055,19.031842573655183,18.572062946485104,18.7981847109331,13760800
2016-06-30,19.582075119018555,19.597150194970972,18.979086457305566,19.099684189648165,19736300
2016-07-01,19.536848068237305,19.898641204884374,19.416250356021617,19.423787892739863,8863400
2016-07-05,18.843406677246094,19.27303611946525,18.71527145433531,19.220274810791015,13317300
2016-07-06,18.95647430419922,19.016773171836352,18.519307154420396,18.639904889694666,14165000
2016-07-07,19.36349105834961,19.536850108055095,19.039384133816053,19.046921671321286,13428700
2016-07-08,19.876026153564453,19.921249927410393,19.619755705707718,19.72527832389419,14141600
2016-07-11,19.943864822387695,20.290584320364992,19.89110350343505,20.117225290195403,13213000
2016-07-12,20.62976837158203,20.682529695879655,20.19260126472394,20.215212439343915,15516900
2016-07-13,20.47148323059082,20.7126786806347,20.305661718095227,20.69006750571701,12911900
2016-07-14,21.1046199798584,21.164918836581037,20.848349479377635,20.95387211923272,15436600
2016-07-15,21.112152099609375,21.31566122794537,20.870956734605723,21.29304862336211,18519800
2016-07-18,21.262903213500977,21.27797828657635,20.999096622872404,21.14984304071186,14083900
2016-07-19,21.247831344604492,21.406115312141335,20.931261971892592,21.06693476557458,21511200
2016-07-20,21.69253921508789,21.963883405357336,21.247834519411512,21.963883405357336,28606100
2016-07-21,21.76036834716797,21.918652285438004,21.579470363948,21.647306748246002,20312700
2016-07-22,21.79805564880371,21.91111581558782,21.65484533747023,21.684995482019602,12996700
2016-07-25,21.956336975097656,21.963874510335675,21.700067965194307,21.72267913327051,10622900
2016-07-26,22.03171157836914,22.069399255737032,21.760367489509786,21.873427646337674,15019500
2016-07-27,22.024126052856445,22.289751566241815,21.955822308056135,22.031715518672325,13672200
2016-07-28,21.90270233154297,22.031720383818072,21.75091587679241,21.933058753967334,11528400
2016-07-29,21.804040908813477,22.016541657974273,21.697791258004543,21.83439877906913,10498500
2016-08-01,21.629484176635742,21.94823452766682,21.5308240085383,21.887520244020077,10396000
2016-08-02,21.250019073486328,21.675019049644106,21.090644625255663,21.546001018796233,16915500
2016-08-03,21.568771362304688,21.637075117003125,21.21207510252392,21.2272525888125,10562000
2016-08-04,21.462514877319336,21.553585556184466,21.24242474956764,21.454925412823517,12162900
2016-08-05,22.016536712646484,22.145554737167284,21.697786384274067,21.705375850133244,11881900
2016-08-08,22.100021362304688,22.32769956823319,22.008949211407646,22.02412814448094,9018600
2016-08-09,22.266984939575195,22.380824040781235,22.122787972691437,22.122787972691437,11012600
2016-08-10,22.09242820739746,22.365641719389636,22.046891415780028,22.30492744477554,8186700
2016-08-11,22.29734230041504,22.350468567597165,22.031718202218254,22.153146774977575,8741100
2016-08-12,22.137964248657227,22.160732645182982,21.90269660806121,22.122785317640055,9749000
2016-08-15,22.50984001159668,22.616089636644553,22.244214501434424,22.289751295777148,9411000
2016-08-16,22.95761489868164,23.04868706577714,22.669222356708023,22.760293076260538,22161900
2016-08-17,23.048683166503906,23.12457493744431,22.858950844067415,22.97278994802076,12327000
2016-08-18,23.185287475585938,23.32948443508362,22.91966340222525,22.972788216897385,13369400
2016-08-19,23.185287475585938,23.314305503022258,22.965198750866705,23.07144838021098,8831900
2016-08-22,23.223234176635742,23.299127387344022,23.06385828939409,23.101805618519528,6613900
2016-08-23,23.31430435180664,23.504036650577163,23.27635847106956,23.375018629511505,7907700
2016-08-24,23.45850372314453,23.648236041479603,23.31430675589792,23.39019997274049,12453500
2016-08-25,23.504039764404297,23.572343516814005,23.352254773804862,23.45850441197874,7838700
2016-08-26,23.64823341369629,23.96698373098149,23.473680047634584,23.617876998858083,10693400
2016-08-29,23.83796501159668,23.982161958589767,23.64064325453838,23.68617859923106,9167800
2016-08-30,24.429933547973633,24.429933547973633,23.8379696101463,23.8379696101463,13745600
2016-08-31,24.331268310546875,24.52100058806026,24.07323084978288,24.38439311664384,15561200
2016-09-01,24.217432022094727,24.566538778964418,23.86073579909187,24.391985400529574,11986500
2016-09-02,24.202251434326172,24.445108543804743,24.035287533445292,24.255376246081788,12288200
2016-09-06,24.09600067138672,24.452698300665936,23.944214261368863,24.25537509911723,14191400
2016-09-07,24.050466537475586,24.24019883577287,23.966983863011162,24.04287707183859,10845000
2016-09-08,24.31609344482422,24.445110025454838,23.98975364135405,24.058057388477696,12696100
2016-09-09,23.97456932067871,24.490641317379346,23.97456932067871,24.270551193327826,16493900
2016-09-12,24.467878341674805,24.528591171386477,23.63305449622979,23.769661981937425,13888100
2016-09-13,23.875917434692383,24.285739991875882,23.73172189572151,24.050472291016597,13954100
2016-09-14,23.951807022094727,24.14153933695061,23.762074707238845,23.89868220554191,11687600
2016-09-15,24.247783660888672,24.39197913776795,23.906265010296103,23.944210883676483,9947900
2016-09-16,23.97456932067871,24.133943729784445,23.815193464030656,24.035283588082176,14756200
2016-09-19,23.982162475585938,24.361625619595255,23.921448198839343,24.07323316693456,7806500
2016-09-20,24.05805778503418,24.285735980837465,24.020110454038523,24.16430741673669,8849000
2016-09-21,24.225019454956055,24.331270524359773,23.906269141829952,24.164305178529297,10073600
2016-09-22,24.467878341674805,24.619661863496532,24.270555131170394,24.384395667621792,8185300
2016-09-23,24.217432022094727,24.47546808045174,24.035289177526717,24.37680646826324,9400600
2016-09-26,23.549571990966797,23.95939297829369,23.4964457346544,23.92903656508622,10217700
2016-09-27,23.792434692382812,23.898684334955473,23.238416631049923,23.39020162793332,9753500
2016-09-28,24.111183166503906,24.13395011809272,23.769664417244705,23.86073656622806,7425100
2016-09-29,23.557167053222656,24.36922120317155,23.329487386129937,24.111185115658824,12529700
2016-09-30,24.331268310546875,24.52858860532348,23.5268024116596,23.73171361878423,16269700
2016-10-03,24.247783660888672,24.399570049494766,23.8834966177425,24.300908462638123,10324300
2016-10-04,24.31609344482422,24.589308433318806,24.141538620206767,24.338860395503673,9525400
2016-10-05,24.710731506347656,24.839748058319433,24.361621934661525,24.41474673783633,11157700
2016-10-06,24.581722259521484,24.77904552040868,24.437526718939186,24.650026019815385,11347200
2016-10-07,24.521013259887695,24.68038776053922,24.247798175864343,24.54378021852754,11406100
2016-10-10,24.710731506347656,24.82456912954311,24.59689098806756,24.75626539759198,6609200
2016-10-11,24.422344207763672,24.862521680136872,24.24779082259107,24.657613324345217,6827700
2016-10-12,24.217432022094727,24.574129692640238,24.19466362369523,24.422343265062235,6743300
2016-10-13,24.080821990966797,25.044662375242385,23.496446188134275,23.898679165579225,13893500
2016-10-14,24.338863372802734,24.88529341663503,24.20225586184466,24.4678828643012,13734100
2016-10-17,24.126358032226562,24.41474902068818,23.989750555551097,24.323678334599506,10114300
2016-10-18,24.52859115600586,24.672786659680124,24.316091909520605,24.475466344384547,13091600
2016-10-19,24.991544723510742,25.044669548521952,24.42234768831706,24.923240963484066,18522700
2016-10-20,24.96877670288086,25.188864013497348,24.725919543170058,24.923239899777943,10650700
2016-10-21,25.378591537475586,25.43930726343155,24.695556990981956,24.741090890363772,13910300
2016-10-24,25.33306121826172,25.560739432602645,25.302703350993443,25.47725674515767,9221300
2016-10-25,25.310287475585938,25.492431756082127,25.196449833475302,25.340645338182824,7912200
2016-10-26,25.492433547973633,25.53797034506979,25.090201973089528,25.158505721191105,9113000
2016-10-27,25.820724487304688,25.965783690068953,25.63749211669993,25.820724487304688,12608400
2016-10-28,25.59168815612793,25.981059213007,25.32447009804178,25.721477537612067,10183500
2016-10-31,25.629858016967773,25.86653633852697,25.568781525471827,25.736744061405386,8687200
2016-11-01,25.46953010559082,25.828364338844647,25.12596572401018,25.71384190750896,8988700
2016-11-02,25.133596420288086,25.324465176502034,24.988537214038878,25.286292007744464,8900400
2016-11-03,25.049623489379883,25.370281689866076,25.019083781021134,25.24812576885797,8172500
2016-11-04,25.026708602905273,25.355003073239157,24.858746089832177,25.05724830070979,7897800
2016-11-07,25.958158493041992,25.958158493041992,25.629863902635837,25.629863902635837,11328000
2016-11-08,26.034500122070312,26.171925875054672,25.606955923831347,25.813094553307884,7370500
2016-11-09,27.882108688354492,28.179863486664143,26.316985445684466,26.492584354625382,28311000
2016-11-10,29.027324676513672,29.729720395352242,28.034807593950855,28.034807593950855,38586800
2016-11-11,29.386154174804688,29.584656394305487,28.50815675555167,28.531060073687065,22845500
2016-11-14,30.042739868164062,30.44738359569279,29.60755935429952,29.68390860120399,25619000
2016-11-15,30.538999557495117,30.561902875186934,29.32507420858765,29.63046536913298,18608000
2016-11-16,29.920591354370117,30.14199985628247,29.744992411882397,29.783165588522913,18234900
2016-11-17,30.516094207763672,30.516094207763672,29.561750535140845,29.790792434085173,12676900
2016-11-18,30.867307662963867,31.050540110243368,30.45503028794414,30.539013039791925,16413300
2016-11-21,30.9665470123291,31.149779381156673,30.62298268024491,30.874927915489323,10122300
2016-11-22,30.95128059387207,31.126879513641512,30.51610002913339,30.966550445038063,12341100
2016-11-23,31.33302879333496,31.43991487542674,30.706979244716837,30.9207514089004,9841000
2016-11-25,31.378829956054688,31.455179224486493,31.14215450498307,31.378829956054684,4027500
2016-11-28,30.87493133544922,31.302478430782156,30.80621846142118,31.019993465300804,10123600
2016-11-29,30.997093200683594,31.241405041507406,30.76041774312564,30.874937280271684,8602900
2016-11-30,31.57732582092285,31.791097884579575,31.310107828926018,31.317744209728577,14726600
2016-12-01,32.1881103515625,32.478231707313775,31.745296304556614,31.882719144200482,14053900
2016-12-02,31.936159133911133,32.13466134303295,31.409359544933405,32.13466134303295,11288400
2016-12-05,32.13467025756836,32.71491010955784,31.920898140376448,32.294999345462294,12264200
2016-12-06,32.455322265625,32.63092408557789,32.04304796259202,32.44005532794973,11769500
2016-12-07,32.55457305908203,32.6690954723817,32.28735797795076,32.447687026629524,16213400
2016-12-08,33.27225112915039,33.379137192817126,32.600392127267874,32.75308775211755,14972900
2016-12-09,33.386775970458984,33.62345437221852,33.005038303869114,33.20354352145511,12115100
2016-12-12,32.81415557861328,33.52418757087067,32.56984380841999,33.21116293328389,12052000
2016-12-13,32.493507385253906,33.058477434022684,32.18811612313295,32.92105165731094,16674900
2016-12-14,32.72252655029297,33.32567227042755,32.157553983189395,32.27207635470731,15136500
2016-12-15,32.837066650390625,33.21880424550639,32.74545044304232,33.111918184862255,15725700
2016-12-16,32.608028411865234,33.24934776163584,32.531682049065395,32.921053159227846,19076900
2016-12-19,32.699642181396484,32.72254550399628,32.17284246218856,32.56984989100229,12663500
2016-12-20,33.21116638183594,33.272245786939585,32.928681414297394,32.928681414297394,8647400
2016-12-21,33.11191940307617,33.33332791537153,33.04320651693026,33.3180580615139,6859300
2016-12-22,32.669097900390625,33.12718176278274,32.6461916685727,33.05846889218131,8200300
2016-12-23,32.87523651123047,32.88286998021877,32.638558198626654,32.72254091962885,6733000
2016-12-27,32.92103958129883,33.035561990692095,32.79125023558392,33.035561990692095,5927000
2016-12-28,32.539310455322266,33.050840326223266,32.501137279864366,33.0203006208863,4854500
2016-12-29,32.18046951293945,32.6538231547732,31.859808527395103,32.56220697851441,7180200
2016-12-30,32.25681686401367,32.485858768136886,31.97433194600923,32.195737469620376,6943500
2017-01-03,32.86760711669922,33.31042413523381,32.40952315694262,32.898146823996804,8316900
2017-01-04,33.30278015136719,33.45547574057798,32.85996614632462,33.05846837360037,7747400
2017-01-05,32.99738693237305,33.31041153267756,32.21100578532458,33.23406229331933,9883200
2017-01-06,33.47837448120117,33.69214944183146,32.966847676590035,33.25696896517175,9152800
2017-01-09,32.608028411865234,33.24171429032668,32.5851250855107,33.20354110892676,11104000
2017-01-10,32.87523651123047,33.22643433321586,32.638558198626654,32.81415710961935,9074300
2017-01-11,33.3409538269043,33.3409538269043,32.661461502644414,32.928679515928,8777100
2017-01-12,33.31041717529297,33.37149366469991,32.7072711881087,33.287510943392455,8595600
2017-01-13,33.44784927368164,34.05099246306577,33.21117091523736,33.608178365324505,12904500
2017-01-17,32.18046951293945,33.470741098109556,31.890348223623278,33.424931553767294,21840400
2017-01-18,32.72252655029297,32.94393491526767,32.05066798973261,32.28734619840469,15906900
2017-01-19,32.40952682495117,32.82943765432338,32.027789177807875,32.50114304478597,15040100
2017-01-20,32.516395568847656,32.73016760533023,32.333160314415764,32.432412865250775,10779600
2017-01-23,32.035423278808594,32.5087800675157,31.897997490142295,32.21865863450605,12344700
2017-01-24,32.623294830322266,32.92868607420533,32.08886160974028,32.127037699545724,12164200
2017-01-25,33.486019134521484,33.5165588382175,32.798890363493456,32.982125673243075,13961000
2017-01-26,33.6081657409668,33.91355395617816,33.402027166675666,33.547086350469144,10628900
2017-01-27,33.4777946472168,33.707881989749424,33.40876815188508,33.554489452821244,7635600
2017-01-30,33.07129669189453,33.20168134352997,32.57277471397201,33.16333394918495,7216200
2017-01-31,32.588111877441406,33.26303416064666,32.45772723532597,33.04061811939775,10811000
2017-02-01,32.749176025390625,33.28604833906301,32.63413091327556,33.20935062241339,9731300
2017-02-02,32.31201171875,32.603454286854436,32.08192440287635,32.35802742649335,11481000
2017-02-03,34.076019287109375,34.20640103016507,32.91790851591112,33.0559614942754,16692200
2017-02-06,34.229408264160156,34.53619035318295,33.85359676738772,33.945631101522686,12577100
2017-02-07,34.413482666015625,34.53619610721362,34.22174273128631,34.421153901807564,10055700
2017-02-08,33.67720031738281,34.19873314755512,33.45478130216129,34.19106483786982,10586500
2017-02-09,34.39814758300781,34.53620058798162,33.661866840293925,34.01466766379605,13166700
2017-02-10,34.28310012817383,34.628232587911924,34.00699416038336,34.612893042399214,8909400
2017-02-13,34.712589263916016,34.97335563784752,34.46716243265326,34.513181060659505,13256300
2017-02-14,35.310821533203125,35.47955065976187,34.58987761944927,34.65890410213382,12958700
2017-02-15,35.65595626831055,35.855364494761865,35.280144743509005,35.571590236678425,10115100
2017-02-16,35.364498138427734,35.663611834082594,35.12673967294207,35.60225367819549,10752500
2017-02-17,35.39518737792969,35.41052399558653,34.8199676670796,34.93500985381837,8310100
2017-02-21,35.70964050292969,35.81701438023896,35.48722151380692,35.48722151380692,7628400
2017-02-22,35.67897033691406,35.90905769234946,35.38752479297885,35.441211745056464,7612800
2017-02-23,35.7249870300293,35.732655340313855,35.433541501988046,35.7249870300293,11877100
2017-02-24,34.91965103149414,35.241775413100825,34.69723508963964,35.195756808380686,11837200
2017-02-27,35.15742874145508,35.30315001451922,34.865983269608066,34.912001899600355,7887000
2017-02-28,35.02703857421875,35.14975490155445,34.612882672333846,34.97335164386852,13789400
2017-03-01,35.90137481689453,36.177477775973706,35.74798233359392,36.00874867748948,14373700
2017-03-02,35.49489212036133,36.116130498076465,35.31082344040649,36.10846218879456,8477000
2017-03-03,35.91672134399414,36.09312171010026,35.44887549549933,35.487222892353905,11404300
2017-03-06,35.7172966003418,35.77098352064143,35.26479046801793,35.686617524251226,9332600
2017-03-07,35.533233642578125,35.88603429653758,35.441196399678816,35.778660438873246,9411000
2017-03-08,35.57926559448242,36.300209698002234,35.54091818861253,36.0241036945878,11464700
2017-03-09,35.801673889160156,36.13913505544397,35.69430001469343,35.740315717625656,11135400
2017-03-10,35.65595626831055,36.11613089902526,35.441205571687256,36.07778350075219,8579400
2017-03-13,35.479549407958984,35.85536089503059,35.456541556448826,35.801673957694454,7160400
2017-03-14,35.425872802734375,35.479559755728545,35.07307198999567,35.479559755728545,6916200
2017-03-15,35.165103912353516,35.763334516116586,35.03472215717754,35.47955729769951,10796100
2017-03-16,35.533233642578125,35.732641817423584,35.29547515366552,35.41051731871237,9284100
2017-03-17,34.528526306152344,35.556252428951616,34.459499815601674,35.47955470294028,13474500
2017-03-20,34.19873809814453,34.48251240908465,33.999329834550814,34.31378324011135,9734200
2017-03-21,32.71849060058594,34.45948893406746,32.53441904200348,34.33677553691854,20018400
2017-03-22,32.37336349487305,32.78752237440644,31.936196763938455,32.335016100631506,19046600
2017-03-23,32.664817810058594,32.96393166221307,32.04357932239353,32.19697186665003,14888800
2017-03-24,32.565101623535156,32.979260480579995,32.327346036716385,32.81052844421688,10815300
2017-03-27,31.890172958374023,31.99754680525589,30.7243943301805,31.18456879559362,21631100
2017-03-28,32.588111877441406,32.802859610668676,31.88250758499427,31.89017881873435,12944900
2017-03-29,32.825862884521484,33.17099521175269,32.626454720853474,33.048281820483595,14543900
2017-03-30,33.30906677246094,33.523814595861154,32.825881244090795,32.86422865173802,11264300
2017-03-31,32.85655212402344,33.171005469246495,32.726167459764696,33.171005469246495,11203300
2017-04-03,32.7568359375,32.971586563352275,32.273653612197855,32.83353363448938,12531800
2017-04-04,32.603450775146484,32.85654884334964,32.48073735818337,32.62646155225863,7837100
2017-04-05,32.01288986206055,33.05595229333248,31.913184310834605,32.98692582336348,12455100
2017-04-06,32.28133773803711,32.49608554340543,31.77514439272648,31.928536936155034,9520900
2017-04-07,32.173954010009766,32.404041292028396,31.76746345520105,31.92085595178631,9319600
2017-04-10,32.143280029296875,32.32735163957,31.744460645137597,32.135611719823366,8677200
2017-04-11,31.890172958374023,32.04356249636646,31.437666799573364,31.874833419431198,10318400
2017-04-12,31.49903678894043,31.844169262575864,31.453018150549283,31.82882971644548,10440600
2017-04-13,31.207592010498047,31.966883470660942,31.06187070735215,31.31496883597956,10516500
2017-04-17,31.82115364074707,31.867169342189477,31.123220553591135,31.27661012602391,7959700
2017-04-18,31.60641098022461,31.867177415428944,31.253610193100887,31.437681822658952,13872400
2017-04-19,32.242984771728516,32.9332467095084,32.18162659465355,32.45006423077815,19850300
2017-04-20,32.59578323364258,32.79519144375569,32.288998221156106,32.68014925836229,13816200
2017-04-21,32.05890655517578,32.680144804215686,31.989880083060235,32.37335983354253,12951300
2017-04-24,33.40876770019531,33.53914945310395,33.12499048671311,33.278383021567414,16188100
2017-04-25,33.953304290771484,34.09135726278119,33.68486665598867,33.73088528856487,13857600
2017-04-26,34.030006408691406,34.40581800796805,33.85360600110263,33.87661385948217,12938400
2017-04-27,33.54463577270508,34.06082419882049,33.42906970827802,34.02230315700051,9041300
2017-04-28,33.41365432739258,33.75264648423924,33.390542294504506,33.59085343712309,9049100
2017-05-01,33.69872283935547,33.9452610334742,33.50611469151476,33.71412890489167,7552200
2017-05-02,33.398250579833984,33.729536818522995,33.12860035716479,33.64478876597925,8126400
2017-05-03,33.4984016418457,33.721827751484945,33.221045497323395,33.24416046867791,5578300
2017-05-04,33.34431457519531,33.875914831961225,33.298090510409736,33.78346082445712,7367800
2017-05-05,33.19022750854492,33.56003468899256,33.02843447918903,33.405947629064485,6893400
2017-05-08,33.14400100708008,33.36742710038589,33.07466197601849,33.244158038383766,7171700
2017-05-09,32.99762725830078,33.39054656245336,32.874355229897084,33.167120419422034,6068700
2017-05-10,33.205631256103516,33.2826762501831,32.87434512897634,32.97450215179679,7367800
2017-05-11,33.0284423828125,33.28268653337874,32.69715615332937,33.11319043300124,6340000
2017-05-12,32.920570373535156,32.943682401046104,32.63551125802533,32.82811932452551,5836300
2017-05-15,33.45988464355469,33.60626576461028,32.97451133210344,32.98992033520931,9941100
2017-05-16,33.42135238647461,33.621663481677416,33.35201336525713,33.54462143097615,6888900
2017-05-17,31.56461524963379,33.42135715026129,31.148581063028555,33.42135715026129,22899900
2017-05-18,31.82656478881836,32.26571103945632,31.52609367193816,31.587729677134043,14498400
2017-05-19,32.204071044921875,32.527654154182834,31.86508187523689,32.04228095977446,10486700
2017-05-22,32.09620666503906,32.48912581018326,31.972937625487376,32.39667476526093,6752600
2017-05-23,32.681739807128906,32.85894183896617,31.841971343118374,31.9806464662192,10761300
2017-05-24,32.843536376953125,32.92828441723105,32.58929225611935,32.63551926144365,6583400
2017-05-25,32.843536376953125,33.10548352919099,32.73567630349634,32.99762345573421,5062800
2017-05-26,33.00533676147461,33.10549383470551,32.6971625079799,32.70486848074939,5346500
2017-05-30,32.57387924194336,32.91287136129852,32.396680151810536,32.80501130112778,6377900
2017-05-31,32.157840728759766,32.50453286120081,31.641649636006495,32.50453286120081,13637900
2017-06-01,32.828125,32.92057606499301,32.16555266645634,32.34275176559559,9654300
2017-06-02,32.75878143310547,33.082361585284694,32.28111423461739,32.47372230776197,10016400
2017-06-05,33.04384994506836,33.4367721717199,32.70486069806648,32.78190277362293,6892800
2017-06-06,33.08237075805664,33.1825278067729,32.51995538120909,32.70486047584167,7863200
2017-06-07,33.34431457519531,33.475289616342884,33.06695843061596,33.236454505407,6378500
2017-06-08,33.97606658935547,34.45373677829699,33.24415818368733,33.34431227646251,11032500
2017-06-09,34.60011672973633,34.93910590579467,34.176379524921856,34.176379524921856,13489900
2017-06-12,34.55388641357422,35.05466856871363,34.191785242240364,34.60011340817607,10384200
2017-06-13,34.7850227355957,35.4244800754353,34.70797773509522,34.72338673519531,9857800
2017-06-14,34.60011672973633,34.76190681792557,34.068519466129025,34.3381696131111,11796300
2017-06-15,34.43062973022461,34.73110089458045,34.2226125882707,34.26883959947166,6904900
2017-06-16,34.268829345703125,34.54618545198573,34.08392723415877,34.49225542453812,9483200
2017-06-19,35.22416687011719,35.370547953966756,34.53848257050515,34.577003598995454,9153900
2017-06-20,35.05467224121094,35.22416830020906,34.88517618221282,35.039263241396,6680500
2017-06-21,34.60011672973633,35.07778396394721,34.52307467030322,35.016150904193964,7257600
2017-06-22,34.36898422241211,34.569295320559796,34.191785152021424,34.43832324464898,7750500
2017-06-23,33.660179138183594,34.46142926912603,33.52150111786797,34.43831724539522,15915100
2017-06-26,33.89902114868164,34.15326521800043,33.49839600061222,33.86820315137646,5780400
2017-06-27,34.068511962890625,34.48454310675551,34.02228497403207,34.16096300164221,8318800
2017-06-28,34.145565032958984,34.515372246363256,34.053113964349535,34.25342510283109,15848600
2017-06-29,34.47685241699219,35.13942479959809,34.10704519067028,35.008449753773704,15728200
2017-06-30,34.33047866821289,35.0007542259318,34.23802463758688,34.923712139377336,8379400
2017-07-03,35.13942337036133,35.455300547015604,34.65405011975767,34.66945912093184,7486400
2017-07-05,35.56315612792969,35.632495154979104,35.08548890768156,35.355139046781446,9843200
2017-07-06,35.54005432128906,35.93297362827743,35.26269813331284,35.51693934631309,10417300
2017-07-07,35.478416442871094,35.748069584334395,35.409077399519596,35.6864335729256,6442000
2017-07-10,35.43218994140625,35.62479805538897,35.285805893840774,35.40137193781704,5321500
2017-07-11,35.039268493652344,35.385963694041266,34.96222642199553,35.30892162238446,8454700
2017-07-12,34.63863754272461,34.92369962656913,34.46143845596421,34.92369962656913,10234400
2017-07-13,35.070091247558594,35.23188138332964,34.661762922336315,34.80043808230647,6204200
2017-07-14,34.82355499267578,34.97764210438463,34.145573464537165,34.5770167895285,8220600
2017-07-17,34.923702239990234,35.077786369422846,34.61552810319224,34.78502417232777,5141600
2017-07-18,34.77730941772461,34.86205743088502,34.43061433614368,34.61551935930872,9594100
2017-07-19,35.91755294799805,36.21031804445948,35.4244767469889,36.171797017311754,17586300
2017-07-20,35.83280563354492,36.356699842219484,35.70953658085479,35.70953658085479,10652400
2017-07-21,35.894447326660156,36.04853440172155,35.51693413970808,35.532343141110864,9021300
2017-07-24,35.98689651489258,36.187210583690906,35.79428841587607,35.825106417070636,7443600
2017-07-25,36.680294036865234,37.01158026722836,36.387528846062885,36.387528846062885,11885000
2017-07-26,36.372135162353516,36.865211729935425,36.3027960863518,36.76505757268596,9034500
2017-07-27,36.472801208496094,36.86781219464333,36.11651632614959,36.51152731229683,9439300
2017-07-28,36.139747619628906,36.55799658802467,35.98484026600691,36.38759820357928,7959600
2017-07-31,36.325645446777344,36.51927894499127,36.09328288523047,36.356624560985914,6764600
2017-08-01,36.56576919555664,36.81361997315683,36.44959080552711,36.59675128141025,6330000
2017-08-02,36.658695220947266,36.75938251248003,36.27142822535532,36.5115318716702,6020000
2017-08-03,36.60447311401367,36.82908866823436,36.488294794481014,36.58898503509935,6479300
2017-08-04,37.239601135253906,37.526177926416985,36.80586097339139,37.01498553600654,8906800
2017-08-07,37.417728424072266,37.48743658329249,37.13889578719136,37.33252923451288,7761600
2017-08-08,37.123416900634766,37.87471586748243,37.030473642808246,37.36352351751724,7771800
2017-08-09,36.90655517578125,36.93753429774109,36.35663365775259,36.573505239152105,8282900
2017-08-10,35.86091995239258,36.7671261763867,35.80670281429004,36.627709834233755,10099800
2017-08-11,35.35748291015625,36.039070792055256,35.21806653553757,35.9228924496151,13505800
2017-08-14,36.0235710144043,36.35662083355563,35.767976359365136,35.79121143129259,7136300
2017-08-15,35.96162414550781,36.63546809101271,35.96162414550781,36.41085245763988,7663000
2017-08-16,35.63630294799805,36.26367646201497,35.56659477977394,36.101025054362836,8350800
2017-08-17,34.923744201660156,35.61307910781522,34.87727108998412,35.49690076054498,9426800
2017-08-18,35.156089782714844,35.48913956325311,34.753331839863634,34.80754897115014,7284000
2017-08-21,34.60618591308594,35.16385144422101,34.490004609228365,35.16385144422101,8501900
2017-08-22,35.29550552368164,35.403939784461535,34.79980435748095,34.8540214878709,7130700
2017-08-23,35.47365951538086,35.58984080674451,34.93923207525661,35.008940259152205,5464800
2017-08-24,35.62855911254883,35.767975449793006,35.419434606682564,35.60532404121224,6640700
2017-08-25,35.582088470458984,35.953864410558886,35.41943705065513,35.76023092376024,5659400
2017-08-28,35.225807189941406,35.752490564618626,34.94697446751078,35.752490564618626,6526700
2017-08-29,35.12511444091797,35.29551286019793,34.34283642939315,34.63716016598237,8776100
2017-08-30,35.365230560302734,35.5975902235094,35.18708805335717,35.19483209513158,5672900
2017-08-31,35.24128723144531,35.65953618461768,35.156088042323695,35.62855412409856,7890800
2017-09-01,35.77573013305664,36.03132781225641,35.08639523525831,35.31101084038297,7024700
2017-09-05,34.76883316040039,35.411697842493076,34.637163789627444,35.36522473566048,8735700
2017-09-06,34.90824508666992,35.11736960890083,34.66039445764349,34.88501001351512,6313200
2017-09-07,34.13372039794922,34.954727676095565,33.95557789464276,34.954727676095565,11538300
2017-09-08,34.08723449707031,34.706863960003005,34.040764355578936,34.22665083076894,8739800
2017-09-11,34.97795104980469,35.109623350121595,34.404794659777195,34.629410201450966,8017000
2017-09-12,35.434940338134766,35.69053804731286,35.11738142815241,35.13287246700686,8010200
2017-09-13,35.79896545410156,35.82994457121674,35.28777308903872,35.41944246196396,6637900
2017-09-14,35.95386505126953,36.21720671619303,35.868668797434424,35.938376972108664,7414100
2017-09-15,36.09328079223633,36.139753892773335,35.73699588529017,35.82993913175166,9113100
2017-09-18,36.65094757080078,36.92203328102059,36.209463440092726,36.263680582136686,7938000
2017-09-19,36.92203140258789,37.15439394765487,36.527020394276526,36.650945706159746,7999600
2017-09-20,37.09242630004883,37.38674999586518,36.65094223363041,36.95300996806278,8673600
2017-09-21,37.37900924682617,37.55715466548828,36.75938264260813,37.02272431872739,9503600
2017-09-22,37.3480224609375,37.3944926000755,36.96849958184189,37.20085914136821,6050000
2017-09-25,36.976261138916016,37.417745362290674,36.81360672403067,37.25509094740532,7205200
2017-09-26,36.759376525878906,36.97624801722752,36.49603489357948,36.94526595351883,7146100
2017-09-27,37.23184585571289,37.47195243816983,37.00723030644148,37.38675323295568,10314600
2017-09-28,37.29380416870117,37.46419959792655,37.09242372332753,37.46419959792655,5960700
2017-09-29,37.309295654296875,37.40998588618508,37.10791814513274,37.255078518959905,5200500
2017-10-02,37.890193939208984,37.92117600183791,37.26282342133996,37.26282342133996,6096900
2017-10-03,38.16903305053711,38.22325019200335,37.76627503206463,37.905691382867126,6432400
2017-10-04,37.95991134643555,38.20776495320963,37.76627783977127,38.13030977777622,5372900
2017-10-05,38.44012451171875,38.69571920372751,37.78176881729554,38.03736646391713,11491100
2017-10-06,38.54081344604492,38.835137215529244,38.24649263117356,38.69572084864788,5159400
2017-10-09,38.24648666381836,38.726696877811726,38.19226952455843,38.66473274459323,6333800
2017-10-10,38.33169174194336,38.37041785383135,38.0528590089691,38.246492523022006,5903500
2017-10-11,38.091583251953125,38.285216756505704,38.05285714196517,38.285216756505704,5364600
2017-10-12,37.634613037109375,38.277474820790935,37.47196158089499,38.18453155361317,6915100
2017-10-13,37.409996032714844,37.59588551472541,36.94527675960806,37.29381769174469,7224500
2017-10-16,37.90569305419922,37.944422118050696,37.36352161563151,37.36352161563151,8178900
2017-10-17,38.04512023925781,38.982308895401864,37.92894187847583,38.48660451037922,15535000
2017-10-18,38.842872619628906,39.075232176888655,38.23873422521909,38.277460325660364,12094900
2017-10-19,38.56405258178711,38.687977916497324,38.099330360664034,38.56405258178711,10053100
2017-10-20,39.25337219238281,39.4315146071641,38.897087362820244,39.07522977760153,8454500
2017-10-23,39.19915771484375,39.57867763798538,39.02875932630795,39.40828220406167,6265800
2017-10-24,39.555442810058594,39.80329340147222,39.3385742812247,39.35406531251457,7849700
2017-10-25,39.13719940185547,39.9039893095212,38.664733221382015,39.89624231546711,9645800
2017-10-26,39.323089599609375,39.65613943959024,39.17592921051118,39.307598565818104,9715700
2017-10-27,39.62516784667969,39.77232827467885,39.121719456523905,39.23015672172754,9261100
2017-10-30,39.274906158447266,39.523973899489306,38.89352247896738,39.36052375114078,9020900
2017-10-31,38.916866302490234,39.477270127364896,38.877950030011995,39.282685795852444,9283000
2017-11-01,38.628883361816406,39.344952295856885,38.52769867535544,39.08810251529762,7842900
2017-11-02,39.243778228759766,39.25934533620632,38.53549117011323,38.55105827755979,7902300
2017-11-03,38.93243408203125,39.24376723639002,38.652232164723436,39.03361876753048,5916800
2017-11-06,39.02583312988281,39.15036698353102,38.72228204718539,38.82346673112495,4844200
2017-11-07,38.44208526611328,39.37609077772274,38.34090056866582,39.11923800015342,8823800
2017-11-08,38.16966247558594,38.43429728030957,37.92837684009282,38.301978393387145,8435700
2017-11-09,37.99843978881836,38.35647435709999,37.56256968235234,37.96730557354461,6189500
2017-11-10,37.95173645019531,38.294206861772786,37.9206052056972,38.146320831638135,5436500
2017-11-13,37.85053253173828,37.95171421303501,37.54698154960752,37.55476361389177,5730400
2017-11-14,37.65596389770508,37.78827982931219,37.32906064876256,37.648178861068466,5968500
2017-11-15,37.43803024291992,37.77271558471462,36.90876053818048,37.23566381187096,9749600
2017-11-16,37.827205657958984,38.01400798583258,37.648188368688025,37.663755476771016,7789000
2017-11-17,37.905033111572266,38.06070119006907,37.48473019036739,37.58591488675856,4992600
2017-11-20,38.224151611328125,38.35646754907307,37.8738991744714,38.068483531711614,4574600
2017-11-21,38.43429946899414,38.73006552649413,38.36424898819227,38.613316704571936,6037000
2017-11-22,38.208587646484375,38.621105567615956,38.19302054033123,38.40317201971578,3785900
2017-11-24,38.18523025512695,38.44208002858015,38.16966315232354,38.37202955052541,2692900
2017-11-27,38.13853454589844,38.38760228907661,37.91281597579269,38.12296744080959,5025600
2017-11-28,39.22819900512695,39.329380710936654,38.084042285331776,38.25527743227283,9001200
2017-11-29,39.94427490234375,40.333443600121164,39.539539100360656,39.625156688931135,9441100
2017-11-30,40.17000198364258,40.92499036765676,39.95985048595444,40.333452158803745,12158200
2017-12-01,40.43462371826172,40.66034225002476,39.477269186335704,40.38014034426667,10014000
2017-12-04,41.0028076171875,41.53985926455229,40.99502258178046,41.33749288078501,10640100
2017-12-05,40.481319427490234,41.205173313982236,40.317869316120046,41.15068994352551,7959700
2017-12-06,40.232261657714844,40.753749292329864,40.0376772955239,40.208912484370884,7701600
2017-12-07,40.74596405029297,41.04173311069037,39.897576116640685,39.95984453740718,8765600
2017-12-08,41.16626739501953,41.244102921756486,40.59029934277482,41.244102921756486,6488900
2017-12-11,41.07286071777344,41.16626036478556,40.88605845462795,40.91719266000574,6316900
2017-12-12,41.913475036621094,42.108059420206374,41.0417378295132,41.45425577259494,8152000
2017-12-13,41.391963958740234,42.22478435268289,41.34526266753142,41.9990658988539,10568400
2017-12-14,40.9716796875,41.87455094009853,40.9638976200224,41.56321776592889,8190100
2017-12-15,41.3297119140625,41.58656466360166,41.018378756916015,41.29079564055936,12708000
2017-12-18,41.43867492675781,41.94459233862158,41.23630558671561,41.929025237916726,8443000
2017-12-19,41.19739532470703,41.71109784636419,41.17404615480666,41.67218157348981,7630600
2017-12-20,40.8704948425293,41.63326809382439,40.84714567106242,41.54765050628383,6435100
2017-12-21,41.15848922729492,41.485389563203626,40.90942145637724,41.10400583797681,11350600
2017-12-22,41.03395080566406,41.33750193234326,40.668131258578,41.27523351193639,6153800
2017-12-26,40.83935546875,41.06507100925266,40.54358648955776,40.89383883740108,3313800
2017-12-27,40.917198181152344,40.93276528594178,40.559163678360264,40.73039886192241,5786800
2017-12-28,40.979461669921875,41.07286131829959,40.80822650696165,41.06507628228069,3736700
2017-12-29,40.83935546875,41.11177231200541,40.76151996416209,41.06507100925266,5804600
2018-01-02,40.62142562866211,41.088429824745546,40.605858525213854,41.06507768501247,6644600
2018-01-03,40.730403900146484,40.90163613576788,40.41128266617122,40.70705175551292,6955500
2018-01-04,41.35307312011719,41.66440634552344,40.8705017216862,41.09622031426308,8678800
2018-01-05,41.3375129699707,41.43869769558857,41.049528871497905,41.407563477071925,6476000
2018-01-08,41.16626739501953,41.384200931639505,41.010599310667374,41.19740160571431,6681400
2018-01-09,41.48538589477539,41.656621085560246,41.26745235677413,41.29858656766625,6622700
2018-01-10,41.975738525390625,42.40382352508239,41.72667078123826,41.983520593404634,11028800
2018-01-11,42.185882568359375,42.29484931611244,41.890113560800216,42.139181261127554,8310000
2018-01-12,42.90195083618164,42.917517938364256,42.43494964718784,42.4738659180838,8998000
2018-01-16,42.49721908569336,43.571325484395565,42.18588592010877,43.31447569701631,11168500
2018-01-17,43.08097839355469,43.12767971130707,41.921257209361514,42.63732626683356,11905200
2018-01-18,43.46235275268555,43.57910452942937,42.87859980720846,43.50905405720728,13953900
2018-01-19,44.72325897216797,44.75439317566183,43.34560164333568,43.34560164333568,15124200
2018-01-22,44.64543151855469,44.73883117055529,43.68807692046468,43.95271174206755,16858300
2018-01-23,44.29518127441406,44.60651742177576,44.09281485701404,44.4741985199545,9372200
2018-01-24,44.552032470703125,44.93341612019816,44.28739764551167,44.52868033054526,8403600
2018-01-25,44.21733856201172,44.65320550522009,44.06167052409978,44.64542343942888,9463800
2018-01-26,44.83223342895508,44.84780053338043,44.17064782104619,44.435282658034055,8382200
2018-01-29,44.71548080444336,45.18248202108328,44.68434659823501,44.74661501065171,7493500
2018-01-30,44.246437072753906,44.78583902375727,44.207350709575,44.30115857762405,7321200
2018-01-31,44.20734405517578,44.621667792380705,44.03536348665663,44.33242218777966,7193100
2018-02-01,44.910919189453125,44.91873526960012,44.06663939285044,44.168266327352285,7474400
2018-02-02,43.37089157104492,44.78584063290792,43.30053492195564,44.58258676571733,9783700
2018-02-05,41.08039093017578,43.488148896348136,40.587894440349956,42.71422584090755,13439000
2018-02-06,42.47189712524414,42.49534834971016,39.79053111767458,40.025052308631075,17628700
2018-02-07,42.64387893676758,43.550696420755806,42.12793110936219,42.15138233448553,11541700
2018-02-08,40.48628234863281,42.72205740522757,40.48628234863281,42.63606559811254,14073100
2018-02-09,40.75988006591797,41.36181958790768,39.10259385159068,41.08821206977522,15736400
2018-02-12,41.7683219909668,42.323356058048255,41.135112221558146,41.27582550364895,11712900
2018-02-13,41.737064361572266,42.120117963843185,41.3227434509907,41.455637712083266,8659500
2018-02-14,43.03474426269531,43.07383062800051,41.63543031724024,41.643249379560395,10536300
2018-02-15,43.308353424072266,43.46469888038354,42.6673275104811,43.37089101017709,7769900
2018-02-16,43.1051025390625,43.44125066114445,42.956573152460635,43.23018070201635,7448200
2018-02-20,43.04256057739258,43.50378681558795,42.79240427688983,42.94093364840761,7709400
2018-02-21,43.07383346557617,44.03537541159893,42.96439044267244,43.08165252841142,8363000
2018-02-22,42.88621139526367,43.7070369283379,42.69077660252703,43.31616734286462,6111600
2018-02-23,43.83211898803711,43.87902441603518,43.02692852437743,43.02692852437743,6687100
2018-02-26,44.56695556640625,44.56695556640625,43.93374865067985,44.019740449630035,7795800
2018-02-27,44.34025573730469,45.20016780718263,44.30116638513842,44.559141795361136,11757700
2018-02-28,43.793033599853516,45.051634282623404,43.78521453729672,44.62949436751451,9599100
2018-03-01,42.59696960449219,44.00409954443266,42.53442903813565,43.69140267684663,12093900
2018-03-02,42.79240417480469,42.8940281214489,41.83086235579934,42.323358875907246,12154100
2018-03-05,43.37871170043945,43.77739740035504,42.43280495450118,42.46407523977651,7598500
2018-03-06,44.21516418457031,44.33242325929053,43.316163034558784,43.69139744143983,9762300
2018-03-07,44.465328216552734,44.58258731173869,43.54287568701708,43.64450262185704,8181000
2018-03-08,44.527870178222656,44.69203471686804,43.753949934837955,44.52005409728188,7553500
2018-03-09,45.864646911621094,45.9584577821202,44.75457844960607,44.8249351114309,10536000
2018-03-12,46.05225372314453,46.41967208203218,45.770827148855965,45.8177325719368,8123200
2018-03-13,45.36433410644531,46.34932737001895,45.2392559281295,46.29460585338697,6031100
2018-03-14,44.551326751708984,45.66921127574431,44.402794367055435,45.66921127574431,8384300
2018-03-15,44.73112106323242,44.981277385917025,44.51223204430945,44.86401530499048,5648700
2018-03-16,44.95781326293945,45.38777214342365,44.78583269284371,44.86400540815106,9144800
2018-03-19,44.52004623413086,45.0828964075183,43.925922796207445,44.87182945630943,8117800
2018-03-20,44.926551818847656,45.23924570291093,44.47314166112318,44.707662819695216,8426700
2018-03-21,44.64512634277344,45.47376798908208,44.473142763910104,44.81710992163677,8676000
2018-03-22,42.714237213134766,44.301167124735166,42.612610263583825,44.01974346629238,14900500
2018-03-23,40.70516586303711,42.93312171628121,40.64262826857527,42.925305635260536,16707800
2018-03-26,42.44843292236328,42.550059841281524,41.15074612376176,41.69014801624484,11913700
2018-03-27,41.5494384765625,42.91748203717427,41.142933746414634,42.62823639439129,12389400
2018-03-28,41.36182403564453,41.76832880779541,40.626990206428665,41.65106672621586,11262300
2018-03-29,42.18264389038086,42.5578783251703,41.44781016168048,41.6197937292458,7349200
2018-04-02,41.213287353515625,42.22954761291956,40.6035288121948,42.081018253700655,9311000
2018-04-03,41.56507110595703,41.854316752011314,40.853688565677274,41.43999295542757,10335800
2018-04-04,41.95594024658203,42.049751095041024,40.74424511725391,40.78333147972934,6692100
2018-04-05,42.88621139526367,43.300532201593896,42.331177299595204,42.3780797413091,9968200
2018-04-06,41.46345138549805,42.620425141358425,41.033495385605804,42.299912161573445,9578500
2018-04-09,41.705780029296875,42.70640811081302,41.643242451632254,41.89339872648679,8111600
2018-04-10,42.323360443115234,42.63605732062584,41.86995325103314,42.30772530102986,8836300
2018-04-11,41.22892761230469,41.807412962847835,41.12730067911796,41.39309213215354,12121200
2018-04-12,42.09666061401367,42.44844389962719,41.66670459030773,41.690158797414504,9315200
2018-04-13,41.416542053222656,42.90184771154032,41.23674239683235,42.79240470174607,12364000
2018-04-16,41.744869232177734,42.174825141781284,41.697963812510835,41.77613652985765,7282200
2018-04-17,41.61980438232422,42.29209771959198,41.252385932879854,42.22174105867921,14505300
2018-04-18,41.63542175292969,42.99564905328393,41.377449409300894,42.14355334367129,17524000
2018-04-19,42.761138916015625,42.86276585669882,41.6979730254493,41.71360816879277,13873700
2018-04-20,42.57352066040039,43.253635984103646,42.29209404122645,42.909668790847185,10183600
2018-04-23,41.932491302490234,42.67514415824335,41.69015405272445,42.643873873725674,8523600
2018-04-24,41.48690414428711,42.698599455035726,40.99440755348264,42.18265163965444,10742700
2018-04-25,40.68170928955078,41.330551284522414,40.50972570871805,41.31491614243776,12623000
2018-04-26,40.806785583496094,41.11947946463617,40.392461792390506,40.65825323151363,14668900
2018-04-27,40.736087799072266,41.246661719632655,40.67324627235467,40.72037741739287,7784500
2018-04-30,40.54757308959961,41.238815018438316,40.516155317363314,40.98745486185141,8209700
2018-05-01,40.696807861328125,40.74393600356935,40.08411504415554,40.36689588339696,8498300
2018-05-02,40.61042404174805,41.27809905063588,40.453323158347935,40.688972985223046,8931000
2018-05-03,40.12340545654297,40.40618339071117,39.18865704739568,40.351198542696565,11438000
2018-05-04,40.3747673034668,40.66540194031321,39.691379027127134,39.84062618921147,10368700
2018-05-07,41.15241241455078,41.34093404401278,40.47688082061559,40.56328644260027,6576100
2018-05-08,41.9300651550293,42.22855352662404,41.152417458306104,41.285954253135344,11578100
2018-05-09,42.52703094482422,42.613436549056,41.75724019254419,42.11856999528703,7114800
2018-05-10,43.23399353027344,43.3596736220757,42.30710172956312,42.59773638002152,8208600
2018-05-11,43.35966491699219,43.62673543300992,43.10830478385188,43.281113002605125,6063100
2018-05-14,43.3753776550293,43.70528672402065,43.28897204273652,43.47749065460321,5816000
2018-05-15,43.084747314453125,43.532482838682974,42.80982304394351,43.233994486829616,7523400
2018-05-16,43.17900466918945,43.33610252202196,42.80981812284421,42.8412388919905,4517700
2018-05-17,43.1004524230957,43.320394809020826,42.684137722602614,43.11616280755103,4576800
2018-05-18,42.354225158691406,43.147583084161475,42.31495069622592,42.8569484661776,6702400
2018-05-21,42.69984436035156,43.15543348378249,42.605585058339855,42.75482920289583,5901700
2018-05-22,43.10832214355469,43.5167832735071,42.770556266795005,42.77840996317182,5930400
2018-05-23,42.69198989868164,42.89622189288992,42.1264310606457,42.79410589578578,6529700
2018-05-24,42.41707229614258,42.637011712147526,41.77296143802825,42.51918830919479,6637300
2018-05-25,41.63941955566406,42.283533331389506,41.411626472590434,42.14999656198136,10152800
2018-05-29,39.24364471435547,41.09742828472152,38.890168525692495,40.98745858079298,26605100
2018-05-30,40.03699493408203,40.21765984063135,39.34575307686572,39.82490926210262,11542600
2018-05-31,39.38502502441406,39.88774525344776,39.196506436750894,39.824906723043014,15150400
2018-06-01,40.22551345825195,40.42974543671501,39.95844294549581,40.00557409355246,10003900
2018-06-04,40.492591857910156,40.63398233317019,40.3983325398867,40.508302243655685,5523800
2018-06-05,39.88774871826172,40.45331052327611,39.80134310955683,40.27264561255189,9136000
2018-06-06,40.77537155151367,40.90890832800947,39.966306187481905,39.9977239615548,7945800
2018-06-07,40.95602798461914,41.41162007326274,40.73608862952167,41.050287280168206,8477600
2018-06-08,40.77537155151367,40.9874572578661,40.50830099497169,40.932472407676535,6412900
2018-06-11,40.67324447631836,41.19167506305021,40.66539078404992,41.003156484119785,6810400
2018-06-12,40.31191635131836,40.94031663419591,40.021281782321665,40.751798047557095,8953300
2018-06-13,40.5318603515625,41.12884293612657,40.27264651608148,40.43760104742842,7981400
2018-06-14,40.304073333740234,40.62612875129323,40.13911578117918,40.61827206017381,8620700
2018-06-15,40.186248779296875,40.390477811011024,39.73065955634231,39.989873442612186,11505700
2018-06-18,39.87989044189453,40.013424188038606,39.62853033443016,39.832759298076645,7493900
2018-06-19,39.21220779418945,39.42429342004474,38.87444512684415,39.40858304074637,12490100
2018-06-20,39.18865966796875,39.58141032087916,39.141531507347295,39.37718129980361,6570800
2018-06-21,39.1100959777832,39.369309752735994,38.47383908143781,39.00798000755402,11018400
2018-06-22,38.40315246582031,39.69923062000782,38.33245723929282,39.259348877564655,12896400
2018-06-25,37.64908218383789,38.32461386443711,37.27989556852203,38.21464414833027,14684200
2018-06-26,37.539100646972656,37.743329627368176,37.0049596256932,37.656924021506924,12097800
2018-06-27,37.067813873291016,38.09682189388933,37.067813873291016,37.65693998505219,11635900
2018-06-28,37.93185043334961,38.13607940950082,37.09136446071937,37.1149285358467,14183300
2018-06-29,37.23276138305664,38.70164791841726,37.2170509980884,38.47385183105211,13592200
2018-07-02,37.4841194152832,37.52339387724272,36.737892652254885,36.8871368062808,8655100
2018-07-03,36.93427276611328,37.61765808180086,36.87143122163868,37.60194769568221,5037800
2018-07-05,36.68290328979492,37.30344990028099,36.44725355060182,37.14634907533592,10577300
2018-07-06,36.98925018310547,37.14635101625917,36.352993157235105,36.54936844956494,7269300
2018-07-09,38.026119232177734,38.09681447167388,37.146358582353265,37.146358582353265,9412500
2018-07-10,37.78260803222656,38.214636106661416,37.696205413788995,38.041824876887475,9238800
2018-07-11,37.50767517089844,37.75903526740637,37.381995122644476,37.42126957588971,6089500
2018-07-12,37.719764709472656,37.91613999242715,37.54695350160902,37.70405432726241,7774700
2018-07-13,37.76689910888672,38.018259253001666,37.29559659133423,37.76689910888672,9747600
2018-07-16,38.411014556884766,38.56025872434036,37.86116305062524,37.87687343611261,8724000
2018-07-17,38.63095474243164,38.84304045612787,38.0889599161744,38.489564266634154,11138300
2018-07-18,39.71495056152344,40.45332077460987,39.31434318263669,39.86419474391167,18407300
2018-07-19,39.157230377197266,40.0369938057513,39.10224553746877,39.66780731347507,11363600
2018-07-20,39.48714828491211,39.73850844575529,38.95300719400797,39.00013834783462,8910000
2018-07-23,39.85633850097656,40.06056752679291,39.471441533751836,39.487151919806905,7728900
2018-07-24,40.04484939575195,40.47687444113512,39.934879711085244,40.04484939575195,7254900
2018-07-25,40.091983795166016,40.146968641957145,39.59711717759647,40.044852642295304,7483100
2018-07-26,40.05271530151367,40.34334996307131,39.99772745007858,40.23338025310085,5524900
2018-07-27,40.099830627441406,40.296205902792686,39.848470514707685,40.131251390645346,7252100
2018-07-30,40.21835708618164,40.54231621730498,39.846988198980945,40.20255383415586,10123700
2018-07-31,39.949710845947266,40.31317662749273,39.68106156955228,40.26576686783631,9714900
2018-08-01,39.64945983886719,40.43960451000577,39.53884006717382,40.24996846270092,9194600
2018-08-02,39.35710525512695,39.530935024757724,38.914623175545074,39.35710525512695,7882500
2018-08-03,39.436119079589844,39.63365524068059,39.2938928024715,39.483528843350165,5426100
2018-08-06,39.49932861328125,39.602045237789625,39.16746632456134,39.420312347318244,5086900
2018-08-07,39.609954833984375,40.17095685012077,39.58624844324651,39.62575808975534,5632300
2018-08-08,39.60205078125,39.80749008734867,39.475627752174965,39.60995391603375,5884100
2018-08-09,39.06474685668945,39.70476505005749,39.04104348387809,39.586242157675954,7583400
2018-08-10,38.2350959777832,38.6301682701995,38.03755983157505,38.62226815058263,14321600
2018-08-13,37.41334915161133,38.30621347823206,37.35803926550022,38.195593706009845,11445900
2018-08-14,37.816314697265625,37.95854094255027,37.45284896561017,37.53186220669633,8695500
2018-08-15,37.49236297607422,37.6029827410633,37.152600546943454,37.34223356859258,9496100
2018-08-16,38.16398239135742,38.393125041636615,37.76891010363289,37.79261649052676,8264500
2018-08-17,38.219295501708984,38.40893154208074,38.061265970426284,38.061265970426284,5854500
2018-08-20,38.15607833862305,38.393121083990415,38.04545859172908,38.18768484178191,7898200
2018-08-21,38.35361862182617,38.66967464520701,37.93483994495706,38.02175633098956,9632000
2018-08-22,38.401031494140625,38.44844126158469,38.11658193196478,38.21139845269006,4952000
2018-08-23,38.029659271240234,38.49584469145543,37.911136379223926,38.258798907422815,7699300
2018-08-24,38.03757095336914,38.4089399813569,38.00596443733544,38.19560051937435,5620600
2018-08-27,39.420318603515625,39.586248267128255,38.25880492990156,38.30621469700352,13317400
2018-08-28,39.507225036621094,39.846987413069,39.41240854049858,39.5467316588253,7419100
2018-08-29,39.46772384643555,39.65735686478013,39.17537118489287,39.507230474077126,7856700
2018-08-30,38.954132080078125,39.420317561352896,38.87511881782657,39.32550104381848,11399900
2018-08-31,38.582767486572266,38.78820378414445,38.37732817483724,38.78820378414445,7698400
2018-09-04,38.48794937133789,38.64597892138763,38.06917362574459,38.60647228741594,8548700
2018-09-05,38.495853424072266,38.756599625829985,38.329920734775854,38.44054353236114,5527500
2018-09-06,37.871639251708984,38.574867618168376,37.67410305824677,38.36152816752961,7990500
2018-09-07,38.10076904296875,38.24299529517842,37.832119790368495,37.942739538939996,7285200
2018-09-10,37.87953186035156,38.2983105570636,37.85582848636952,38.219294286852595,4925000
2018-09-11,37.816314697265625,37.95854094255027,37.44494583300439,37.69779182147444,5011700
2018-09-12,37.51607131958008,38.00596020692013,37.342238514907216,37.76101727033157,6231800
2018-09-13,37.70569610595703,38.00594884258647,37.5318633532627,37.71359622464221,8380100
2018-09-14,38.07706069946289,38.32990668723759,37.80841146068204,37.84001796269436,6955500
2018-09-17,37.67408752441406,38.3536122320076,37.57927103461274,38.322005730686534,6726500
2018-09-18,37.80842208862305,37.95855150830196,37.57137928522182,37.81632522342866,7082500
2018-09-19,38.79608917236328,39.00152840608381,37.83211504559418,37.83211504559418,12489100
2018-09-20,39.412410736083984,39.79957987508052,39.27808459611216,39.309691101301084,11810000
2018-09-21,39.041038513183594,39.48352050568729,38.83560227526237,39.45191400318803,21450400
2018-09-24,38.369407653808594,39.072635586826,38.30619466406439,39.009422597081794,7917600
2018-09-25,38.14818572998047,38.86721729731798,38.12448235315311,38.48004807637779,9007500
2018-09-26,37.68989944458008,38.31411442552585,37.56347642437761,38.211394779685556,8443100
2018-09-27,37.74521255493164,38.053368504638804,37.57137975697875,37.79262232187229,12204900
2018-09-28,36.79703140258789,37.57137269884089,36.662708276067484,37.46865306351442,14187300
2018-10-01,36.84444046020508,37.38173898439709,36.757524079208984,37.07358008427581,9710100
2018-10-02,36.84444046020508,37.10518658903115,36.46517144562757,36.89975033644583,9589100
2018-10-03,37.22370529174805,37.71359400375554,37.12098566991747,37.27111202939151,8985300
2018-10-04,37.350128173828125,37.87162338552323,37.11308544381432,37.43704454480429,7722200
2018-10-05,36.93925476074219,37.55556649596176,36.741718639026985,37.43704663142985,7938900
2018-10-08,37.15260314941406,37.31063268796637,36.58369801629086,36.74962767539755,7054500
2018-10-09,36.47306823730469,36.98666334315612,36.29923549117123,36.89974697008939,9999500
2018-10-10,35.25625228881836,36.67061188957467,35.17723903206118,36.61530200701214,14143800
2018-10-11,34.36338806152344,35.38267224784741,34.110539030612024,34.90858671998334,21746900
2018-10-12,34.31598663330078,35.216751163401064,33.88140762490399,35.00341171982526,16049300
2018-10-15,34.34757995605469,34.58462268649715,34.031520972690174,34.308070322512734,11986800
2018-10-16,36.29924774169922,36.50468705903768,35.14563716150396,36.14122120733171,24174900
2018-10-17,37.28692626953125,37.80052151589373,35.975286224624455,36.315048677295735,22121900
2018-10-18,36.37035369873047,37.52396706506115,36.149114183016636,37.06568176632553,14873900
2018-10-19,36.67851638793945,36.92346233578624,36.06220447200852,36.401966942114775,14931200
2018-10-22,35.64341735839844,36.91555043145516,35.62761410737241,36.68640781282068,11166700
2018-10-23,35.1772346496582,35.406377285534845,34.22116049685699,34.782162386765584,15095300
2018-10-24,34.36338806152344,35.39847550066452,34.23696505314887,35.3905753813371,15067400
2018-10-25,35.20094680786133,35.52490602373442,34.72686117971243,34.734761300710986,13838500
2018-10-26,34.74266815185547,35.17724719316719,34.17376292589788,34.58463858751578,12997100
2018-10-29,34.72685241699219,35.619716572675465,34.20535715195354,35.23254442985849,12869800
2018-10-30,35.403099060058594,35.47470095483364,34.655259408424946,35.005311430170295,14780300
2018-10-31,36.32596206665039,36.8669534239363,35.88839633101931,35.91226261490949,16928300
2018-11-01,36.50894546508789,36.7555748697973,36.158893469426815,36.453255443843595,8679900
2018-11-02,36.556678771972656,37.35225392246225,36.230493081667056,36.99424449776626,10478800
2018-11-05,36.4532585144043,36.88286988722927,36.302100306134236,36.61237417488156,12318900
2018-11-06,36.37369155883789,36.65214160704086,36.031594051115434,36.421424118599596,10737300
2018-11-07,37.08175277709961,37.240868390689734,36.3020896088737,36.74760968507256,9951200
2018-11-08,36.93854904174805,37.27268909901833,36.75556714826033,36.85899275236309,9484100
2018-11-09,36.381656646728516,36.94651435871949,36.31801220341627,36.88286991540724,10017900
2018-11-12,35.10873794555664,36.477125363025515,34.9416648302992,36.214587098841854,14302000
2018-11-13,35.54629898071289,35.904308415622,34.55183001423117,34.69503378819481,12346100
2018-11-14,34.88595962524414,37.193128146690384,34.24950028532441,35.872473878277866,13265200
2018-11-15,35.243980407714844,35.37922976852656,34.2892895700929,34.4881833681442,14057400
2018-11-16,35.10873794555664,35.27580802593523,34.58365838231047,34.997357891970914,9775000
2018-11-19,35.331504821777344,35.63382433577248,35.037142761636495,35.140565382706875,9856700
2018-11-20,34.2892951965332,35.01326861883969,33.84377495811629,34.917800429875925,16035600
2018-11-21,34.790496826171875,35.188284354074426,34.32906487194147,34.4404448941737,7961900
2018-11-23,34.273372650146484,34.695026431364994,34.2495033362949,34.43248522314214,4822400
2018-11-26,35.22806930541992,35.56221247154603,34.782549130423206,34.782549130423206,8862900
2018-11-27,35.04507827758789,35.32353134958374,34.87005384063273,35.02121199865714,8035900
2018-11-28,36.04751205444336,36.222536528170636,34.742766226012954,35.23602501665113,12380800
2018-11-29,35.411048889160156,35.87248393678504,35.25989070194427,35.72132574956915,9202900
2018-11-30,35.31556701660156,35.4905944543196,34.933691453752644,35.30761260346765,11282500
2018-12-03,36.127071380615234,36.70784093927647,35.80088565493212,35.856575678716155,15437000
2018-12-04,34.305198669433594,35.93612707485031,33.668739174012224,35.840658909256675,18401400
2018-12-06,33.89946746826172,33.994935664210665,32.60267874753168,33.13571583091169,17552400
2018-12-07,32.873172760009766,34.25747518501948,32.57881073438781,33.756261871754695,15499400
2018-12-10,32.38786315917969,32.95272077913021,31.47295357085383,32.690182561568285,16323200
2018-12-11,32.316253662109375,33.31867979997078,31.96620177620088,33.03227233201038,13619400
2018-12-12,32.46742630004883,33.22322034230316,32.45946884819933,32.70609826259644,14207600
2018-12-13,32.30034637451172,32.714045771849804,32.08554377799046,32.52310945608024,15964600
2018-12-14,31.536596298217773,32.5708433153324,31.449082552137323,31.878693832053262,17332200
2018-12-17,31.50477409362793,32.34808482825568,31.043342094027366,31.2581477444008,15786300
2018-12-18,31.735498428344727,32.475383704726184,31.53660460211055,31.78323403919735,14538300
2018-12-19,31.26610565185547,32.68223161228336,30.90014177770567,31.74345260650526,19412300
2018-12-20,30.955829620361328,31.55251099549156,30.677379525918585,30.93991775283911,27520300
2018-12-21,29.977272033691406,31.600246075582337,29.826113847047214,30.55804153169703,21528400
2018-12-24,29.44422721862793,30.2318477452314,29.2294246553409,29.921574003952852,11444400
2018-12-26,31.26610565185547,31.345664995069747,29.261255726035056,29.659043337470568,16814200
2018-12-27,31.552505493164062,31.64001923183584,30.49439228392377,30.613726717212465,13897900
2018-12-28,31.321796417236328,31.82300966929374,30.979698820501124,31.775274062233468,12854200
2018-12-31,31.5445556640625,31.886653218669863,31.083120623939706,31.560464496244787,9518100
2019-01-02,32.14124298095703,32.39582683137073,30.836496953988245,31.04334822924868,10648000
2019-01-03,31.568416595458984,31.99802782862908,31.226319098846993,31.99802782862908,13034500
2019-01-04,32.857242584228516,33.08000561873296,32.045755826459015,32.220783274667355,14371600
2019-01-07,33.18344497680664,33.54145446815859,32.602675373004104,33.024329310108115,11812400
2019-01-08,32.97658920288086,33.74034058674335,32.68222725939019,33.65282683830277,11398200
2019-01-09,33.207305908203125,33.58122414034709,32.817472775044095,33.342552218049676,9223000
2019-01-10,33.14365768432617,33.382329601155554,32.809517607740645,32.920897633269156,7560800
2019-01-11,33.207305908203125,33.31072848577585,32.58675526837606,32.84133905681039,8191900
2019-01-14,33.796024322509766,34.042653655481814,32.71404187897488,32.86520306542258,12336300
2019-01-15,34.114261627197266,34.201775375033314,33.43802096156846,33.58122472441324,11737000
2019-01-16,35.3951416015625,35.888397370476085,34.74276715251098,35.00530842242082,30530400
2019-01-17,33.83580780029297,34.35293282570543,33.103880170043226,33.772163370865144,47037200
2019-01-18,34.7586784362793,34.82232590726465,33.85968067019965,34.22564452373005,20614400
2019-01-22,33.74033737182617,34.00287859213191,33.358461716281596,33.748291786890924,20202400
2019-01-23,33.53348922729492,33.90740743324036,33.143656121449496,33.82785114300803,15583900
2019-01-24,33.45393371582031,33.875590599777304,33.286863666360254,33.37437741651884,13421600
2019-01-25,34.193817138671875,34.40862277800317,33.851719605834425,33.947187767244515,13422700
2019-01-28,33.93128204345703,33.99492647859952,33.46189257412735,33.76420895209138,10396600
2019-01-29,33.803977966308594,33.97104796263802,33.50165866232393,33.83579865498278,9916400
2019-01-30,34.28473663330078,34.42895871614318,33.70784830193119,33.93219240570417,12347900
2019-01-31,33.892112731933594,34.18856771387947,33.79596574847013,33.892112731933594,11163400
2019-02-01,33.50753402709961,34.236655286648315,33.483498036535366,33.8921251584206,13322100
2019-02-04,34.02031326293945,34.02031326293945,33.395353220816084,33.57162525585922,8715300
2019-02-05,34.012306213378906,34.100442241074866,33.828023181131975,33.956220206019324,9971500
2019-02-06,33.95621871948242,34.33279574434549,33.72386066690311,33.89211868161584,9744000
2019-02-07,33.235111236572266,33.795974386975374,32.88257016945576,33.73988837758089,12745400
2019-02-08,32.69829559326172,33.12294779042776,32.145443276918996,32.87456464421153,13993900
2019-02-11,32.2175407409668,32.91461484121425,32.2015157328218,32.85051480863425,17058300
2019-02-12,32.970706939697266,33.25113699295815,32.570090831348374,32.570090831348374,12400800
2019-02-13,33.00275802612305,33.67579329444152,32.97872203468769,33.251141144637046,9528300
2019-02-14,32.62617874145508,33.275174918630675,32.27363458945004,32.69828976741442,10414200
2019-02-15,33.64373779296875,33.71584880544692,32.95467768627914,32.97871367161922,13289700
2019-02-19,33.77994918823242,33.8760961957367,33.19505005318914,33.31523610491319,9401700
2019-02-20,33.9882698059082,34.036344840141304,33.66777874706275,33.723864758772166,10031600
2019-02-21,33.61970520019531,34.06839637017952,33.4033721212632,33.964235319628834,9603600
2019-02-22,33.48349380493164,33.84404890012187,33.33125773337453,33.69181282856475,10132100
2019-02-25,33.803977966308594,34.34080501133482,33.739880993795715,33.75590600103833,10804700
2019-02-26,33.98025131225586,34.19658433376596,33.35529128775404,33.63572128427211,10404400
2019-02-27,34.100440979003906,34.220623966130056,33.85205791527697,34.028329964144994,6916600
2019-02-28,33.63572692871094,34.14851504065692,33.52355491128004,34.044357056732935,12299900
2019-03-01,34.0523681640625,34.34882321932956,33.93218211266486,33.93218211266486,12336100
2019-03-04,33.651763916015625,34.53311841504183,33.49151680988559,34.092441165528726,12115100
2019-03-05,33.57162857055664,33.68380058340201,33.00275141669236,33.63572555370052,10449100
2019-03-06,33.34728240966797,33.72386251158788,33.323246422382255,33.51554349004256,7062700
2019-03-07,32.986724853515625,33.13094687937088,32.55406183240784,33.10691089388099,12502100
2019-03-08,33.13896179199219,33.251133802533715,32.36977967131484,32.514001700999096,11748400
2019-03-11,33.53157043457031,33.82001455076201,33.37933739833965,33.41138742379621,7191600
2019-03-12,33.67578125,33.803978252568974,33.507523257214025,33.61168427694433,7204400
2019-03-13,33.98025131225586,34.17254835019519,33.811993314345024,33.972240336551515,9269000
2019-03-14,34.2046012878418,34.38888432582854,33.89212122097479,33.89212122097479,8351200
2019-03-15,34.7174072265625,34.82957929248684,34.084432790035635,34.196604855959976,18992600
2019-03-18,35.27825164794922,35.42247368380548,34.82956358658146,34.82956358658146,10305900
2019-03-19,35.21414566040039,35.967302611182944,35.15805966706857,35.750969612707046,12548500
2019-03-20,34.477012634277344,35.09396165272562,34.39689065534436,35.04588968794885,15078500
2019-03-21,34.55714416503906,34.95776024791908,33.81199800636556,34.12447806197868,14576200
2019-03-22,33.42741012573242,34.228642368006284,33.07486598299852,34.10044533150081,25416800
2019-03-25,33.05082702636719,33.59566514671244,32.778407966194564,33.41939309117187,14504100
2019-03-26,33.555606842041016,33.83603690157755,33.12294070179172,33.41939577279583,9615400
2019-03-27,33.14698791503906,33.69182626359682,33.08289090392256,33.50754315400515,11251600
2019-03-28,33.595664978027344,33.62771499822983,33.15498789784674,33.24312392517449,8397000
2019-03-29,33.81200408935547,34.156534227132056,33.627721024851965,34.036348158062566,11811400
2019-04-01,34.87763977050781,35.214158913608536,34.252679577338895,34.27671556739661,25813300
2019-04-02,35.01385498046875,35.166088029574745,34.6212497765674,34.79752187502828,13101200
2019-04-03,35.558685302734375,35.767004326441665,35.28626623698901,35.45452426265161,11712100
2019-04-04,35.99937057495117,36.24775370960611,35.5186323762514,35.5186323762514,9119900
2019-04-05,35.97532272338867,36.35991376686732,35.8391116762324,36.15960574069357,8633900
2019-04-08,36.0394172668457,36.047431298967496,35.542654251314495,35.77501227952308,10898900
2019-04-09,35.4625358581543,35.791040938183095,35.2141558320705,35.77501898385238,7436200
2019-04-10,35.614768981933594,35.75097697766859,35.33433590104585,35.5106079486634,6703400
2019-04-11,35.89521408081055,36.11956125102852,35.630808954803456,35.84714208869616,7872700
2019-04-12,37.4095344543457,37.7140035798216,36.7525242222115,36.76854923475851,21641900
2019-04-15,36.920772552490234,37.48964654703563,36.792572496466704,37.23325254790369,11669000
2019-04-16,37.67394256591797,37.73002858158716,37.00891829947099,37.16115439039475,13358600
2019-04-17,38.6674690246582,38.89982712263337,37.76207873634168,38.33896390755694,19610000
2019-04-18,38.09859848022461,38.57132569951755,37.890279409424174,38.29089559335179,19906500
2019-04-22,37.89027786254883,38.01847491391364,37.641894738328766,37.954374860001835,7042100
2019-04-23,37.938350677490234,38.018475746634984,37.5377345011431,37.73003161063163,8163700
2019-04-24,37.962379455566406,38.146662480052406,37.69797138361386,37.7620714215871,9042500
2019-04-25,37.89027786254883,38.250833024655755,37.66593073031629,37.82617780863702,5585900
2019-04-26,38.37101364135742,38.39504963184176,37.84220045549177,37.97841153330643,7661100
2019-04-29,39.072479248046875,39.24179796503372,38.50001897115267,38.58064605284373,9702200
2019-04-30,38.90315628051758,39.201480141051,38.588706390262665,39.10472703844772,8104600
2019-05-01,38.354881286621094,39.201477804318394,38.2258761322646,38.86284042752967,9056300
2019-05-02,38.54838562011719,38.72576576231641,38.2178097621742,38.43550343324937,7680500
2019-05-03,38.749961853027344,39.09666378698966,38.55645258087782,38.725771271680195,5829700
2019-05-06,38.46776580810547,38.5887095029094,37.76630037513008,37.87111803891176,6310000
2019-05-07,37.66148376464844,38.05656384642823,37.29059426794153,38.00818575200846,10365100
2019-05-08,37.516334533691406,38.04848101375354,37.467959538237736,37.50020850996534,7340300
2019-05-09,37.451847076416016,37.48409913554713,36.67781611162311,37.016453505322886,8102300
2019-05-10,37.363155364990234,37.427656407377185,36.85519619989332,37.290589769976386,9749200
2019-05-13,35.6215934753418,36.50044232222597,35.42808414612745,36.444002741981464,16506200
2019-05-14,35.4845085144043,35.95215406535539,35.46032101201894,35.621578204613286,17302200
2019-05-15,35.39582824707031,35.702213601257874,34.55729311032091,34.8959305257048,10703100
2019-05-16,35.702205657958984,36.056972100735734,35.41194332322352,35.52482551229577,9305000
2019-05-17,35.37969970703125,35.73446312785034,35.07331129884962,35.08943732830398,8411700
2019-05-20,35.37163162231445,35.60545441246528,34.936241173426225,35.065246320453355,8951600
2019-05-21,35.79091262817383,35.90379178996254,35.589341817629276,35.669971987282985,5936200
2019-05-22,35.06525421142578,35.71834156958947,35.01687611700677,35.56514888418493,10109600
2019-05-23,34.436344146728516,34.52503576357741,33.984827662007426,34.46859620298727,13128900
2019-05-24,34.637916564941406,34.831425836155134,34.42021978822303,34.694356128269256,6172300
2019-05-28,34.000953674316406,34.726609626816725,33.99289219738891,34.54922637715539,10539500
2019-05-29,34.01707458496094,34.05739119070845,33.517180046088676,33.65424973903481,9808700
2019-05-30,33.72682571411133,34.37185162036725,33.48493830800499,34.23478188519192,7797200
2019-05-31,32.807655334472656,33.28336244449168,32.73508973885193,33.146295805944575,11328600
2019-06-03,32.83991241455078,33.130174841410636,32.59802808407628,32.823786382422334,10133200
2019-06-04,34.25090026855469,34.32346585903634,33.36399022997938,33.40430376341909,11860900
2019-06-05,34.2105827331543,34.40408890131867,33.823567321100455,34.26702228851266,6421300
2019-06-06,34.5169792175293,34.66211041569781,33.98483251615336,34.06545959259106,5741500
2019-06-07,34.42828369140625,34.72660753133231,34.3315305954864,34.40409311063219,7546200
2019-06-10,34.903995513916016,35.34745059585234,34.83142991318274,34.86368197478106,8693100
2019-06-11,35.21036148071289,35.621567350315615,35.000729347225125,35.29099159030371,10654600
2019-06-12,34.36378479003906,35.024936684619625,34.29928374154936,35.024936684619625,8073800
2019-06-13,34.62985610961914,34.847552892757626,34.29928019649603,34.41215932648066,7530900
2019-06-14,34.52503204345703,34.847546419842466,34.27508324797206,34.82335584239228,7102600
2019-06-17,34.27508544921875,34.73466954158761,34.21864589108534,34.45246867519532,5658700
2019-06-18,34.94430160522461,35.32325555892211,34.2186457525539,34.32346339254527,10094500
2019-06-19,34.783050537109375,35.4038888591984,34.75886302966622,35.23457015564479,8034300
2019-06-20,35.04106903076172,35.43614917346883,34.662117997741234,35.15394819275618,9922800
2019-06-21,35.13780975341797,35.61351370488594,35.02492756543094,35.13780975341797,18450800
2019-06-24,34.72660827636719,35.395824637173604,34.662107236278615,35.07331020955416,8141400
2019-06-25,34.39603805541992,34.67017444147458,34.057400618619134,34.64598693191053,10232900
2019-06-26,34.66210174560547,34.90398599014145,34.468592504541654,34.49278000627774,7826400
2019-06-27,35.06525421142578,35.19425938748382,34.73467825554419,34.912058450295234,7459800
2019-06-28,35.32326126098633,35.936035021039096,35.26682169397064,35.63771115599536,15445600
2019-07-01,35.436134338378906,36.331108856269445,35.089432442696534,35.9521549061689,12197700
2019-07-02,35.33938217163086,35.42000923405187,34.99268026691503,35.23456452990333,8234800
2019-07-03,35.468379974365234,35.5973850929677,35.331310305755004,35.43612792578346,4470800
2019-07-05,35.645774841308594,36.13760802067841,35.532895700284556,35.871536199082584,6276000
2019-07-08,35.06525421142578,35.44420518600039,34.90399697242174,35.145881293064804,7060200
2019-07-09,35.29907989501953,35.37164551094792,34.686305974967084,34.73468407749485,5941900
2019-07-10,34.92012023925781,35.460328410068016,34.863680671433634,35.28294515363445,5311000
2019-07-11,35.6215934753418,35.742537190566566,34.9765675041714,35.065259151906034,8799200
2019-07-12,36.177913665771484,36.202104244802186,35.78283675839787,35.91990337809579,9565700
2019-07-15,35.82315444946289,36.29079699678769,35.710275319961234,36.29079699678769,7870700
2019-07-16,35.82315444946289,36.33111360794594,35.694149290643054,36.12147830253521,10170900
2019-07-17,35.291011810302734,35.73446690209537,35.20232017679901,35.68608880862263,9131800
2019-07-18,35.82315444946289,35.895720043531895,35.08137247945464,35.21037763827448,11185800
2019-07-19,35.79091262817383,36.04892301961273,35.74253760210808,35.75866056031234,10083600
2019-07-22,35.879600524902344,35.96022761039818,35.42808084923766,35.65384222493308,7091800
2019-07-23,36.36336135864258,36.51655709411127,36.09728957322277,36.09728957322277,9859600
2019-07-24,36.68587875366211,36.855197455889446,36.169858094078364,36.19404560133206,8092200
2019-07-25,36.177913665771484,36.74231232345904,35.96021690884663,36.68587276526281,8733800
2019-07-26,36.87938690185547,36.90357440836345,36.21017051502869,36.27467463335083,8321000
2019-07-29,36.46818542480469,36.871326987858986,36.33918024765635,36.79876138348017,8667000
2019-07-30,36.29754638671875,36.44380941995262,35.89126087211632,36.24879410878245,7339100
2019-07-31,36.208160400390625,36.55756613517936,35.980638440709036,36.32191983037542,8317100
2019-08-01,34.88367462158203,36.354429304127144,34.68865621019712,36.09440372237643,12963900
2019-08-02,34.225486755371094,34.73740730996363,33.51042656768386,34.72115551937363,16089900
2019-08-05,32.900997161865234,33.31540695770981,32.45408068632148,33.258527242588244,15311100
2019-08-06,33.49417495727539,33.58355825614516,32.884746755576565,33.27478043269836,10481200
2019-08-07,32.95787811279297,33.03913396609574,32.07217567305948,32.72223179861798,14108500
2019-08-08,33.5348014831543,33.68918883857191,33.02288094719401,33.32353131288599,9884400
2019-08-09,33.72169494628906,33.98171740633166,33.03101086799695,33.30728511925624,11011400
2019-08-12,32.79536437988281,33.23415344138861,32.63284956824597,33.128518348867836,8775000
2019-08-13,33.06350326538086,33.58355115800596,32.56783770318669,32.81973265616653,10896700
2019-08-14,31.958425521850586,32.153440866310234,31.560264285699862,32.153440866310234,17133400
2019-08-15,31.771520614624023,32.16968171529292,31.495246387552857,32.03967049665425,10818600
2019-08-16,32.454078674316406,32.65722138707437,32.03154145981442,32.120924749381814,9742800
2019-08-19,32.8034782409668,33.1772631181763,32.68971883909439,33.10413163129957,7803000
2019-08-20,32.42157745361328,32.73847958230487,32.36469774332052,32.535336874198805,11350000
2019-08-21,32.454078674316406,32.93349560041368,32.36469848446082,32.892867677804446,9876100
2019-08-22,32.722225189208984,32.84410894454441,32.43782356067002,32.79535668229484,8126000
2019-08-23,31.958425521850586,32.82787642353964,31.77965887300173,32.54347465494255,12310800
2019-08-26,32.63284683227539,32.722230126167275,32.259064966647465,32.37282439534188,10408600
2019-08-27,32.33219528198242,32.77910863529787,32.055921065434575,32.70597713386721,8742900
2019-08-28,32.811607360839844,33.071629749755814,31.97465739053714,32.01528840732076,9881900
2019-08-29,33.551055908203125,33.72169506702097,33.209774490855196,33.22602628213007,12191900
2019-08-30,33.71356201171875,34.022336667036214,33.55917158434858,33.86794933937748,7427000
2019-09-03,33.307273864746094,33.38852969366102,32.787226020672556,33.34790177920355,8675300
2019-09-04,33.74606704711914,33.87607826159068,33.5591761200483,33.67293554524691,6829900
2019-09-05,34.509883880615234,35.02992871192232,34.37174522871146,34.37174522871146,8101600
2019-09-06,34.27424240112305,34.57489278016107,34.13610372985987,34.509888716993565,7012700
2019-09-09,35.029937744140625,35.33871560473725,34.56677250310194,34.56677250310194,11888800
2019-09-10,35.411842346191406,35.59873328669534,34.98930509386039,35.168068589287756,12292700
2019-09-11,35.704368591308594,35.704368591308594,35.11119213381892,35.54185687122776,9877900
2019-09-12,36.01314163208008,36.11064927105619,35.2493261106286,35.35495809463941,13254300
2019-09-13,36.69569396972656,36.931340224887954,36.346288308545546,36.52505486069713,11364500
2019-09-16,36.36254119873047,36.60631180470146,36.037511657628194,36.151274166811994,6289800
2019-09-17,35.92375564575195,36.15940193035248,35.38745902200935,36.15940193035248,9768500
2019-09-18,36.0456428527832,36.151277929593114,35.46871830200373,35.67998535591179,8283800
2019-09-19,35.76936721801758,36.13502470031164,35.67998393348885,35.92375455511434,6403500
2019-09-20,35.484962463378906,36.24065349392173,35.45246198980186,35.931878846816005,22404600
2019-09-23,35.39558410644531,35.57434756930082,34.89178799370397,35.15993783755451,7114600
2019-09-24,34.566768646240234,35.566230533791476,34.42862997413151,35.566230533791476,11246400
2019-09-25,34.973060607910156,35.070568271209865,34.41238456958319,34.41238456958319,6909400
2019-09-26,34.63177490234375,34.948677094104525,34.59927441835952,34.90804916433998,5343800
2019-09-27,34.81053161621094,35.08680579966148,34.53425743276039,34.908039239866575,8005200
2019-09-30,34.67238998413086,35.10305455924537,34.599261597480066,34.99741950123111,6213700
2019-10-01,33.624183654785156,34.6561490373673,33.51854857318065,34.54238651117912,13437200
2019-10-02,32.689727783203125,33.38853927128842,32.575968350205436,33.34791134517669,12052500
2019-10-03,32.70597839355469,32.74660631820056,31.934035426435226,32.543463595259226,12293600
2019-10-04,33.13664245605469,33.16914603809053,32.649101124365814,32.77911235279699,5631400
2019-10-07,33.055389404296875,33.40479519153684,32.94975430357696,32.990382234711554,6323600
2019-10-08,32.3565673828125,32.66534513922241,32.250932316199105,32.54345828545992,8309000
2019-10-09,32.86037063598633,33.031012904425914,32.52721664478511,32.65722788282187,8955700
2019-10-10,33.35602951049805,33.6485554838443,33.11225889928,33.20164217999263,8207100
2019-10-11,34.071102142333984,34.6073988762104,34.046726004338986,34.12798186413055,14914600
2019-10-14,34.331119537353516,34.379874905847224,33.867954385654926,33.94108588853954,6644500
2019-10-15,34.55863952636719,34.87554168270876,34.054846434227045,34.44488009585606,10112800
2019-10-16,34.76991271972656,35.06243876630652,34.49363846459129,34.607397904991885,10088900
2019-10-17,35.29808044433594,36.159406754842024,35.29808044433594,36.05377166494219,17965100
2019-10-18,35.47684860229492,35.63936341704399,35.12744283548373,35.371213507751186,10493900
2019-10-21,36.5494384765625,36.638821770945455,35.8181265310612,35.8181265310612,14244800
2019-10-22,36.87446975708008,37.069485044894854,36.21628618635295,36.44380505537423,12366600
2019-10-23,37.30512619018555,37.321377978536994,36.64694271065438,36.6713219430374,8328000
2019-10-24,37.1832275390625,37.48388087867951,36.980084898639994,37.37824583774081,7469800
2019-10-25,37.67891311645508,37.75204462406646,37.061360574179496,37.13449208179088,9576400
2019-10-28,38.060821533203125,38.32084397632242,37.76017116454245,37.7764229547014,10276000
2019-10-29,38.052696228027344,38.13395207706028,37.808922481504645,37.808922481504645,7773600
2019-10-30,37.87258529663086,37.8971481120522,37.52055158816185,37.87258529663086,7101400
2019-10-31,37.700660705566406,37.87258479597576,37.11120623515527,37.61879298338674,9414100
2019-11-01,38.74858474731445,38.80589277609637,38.036322464362016,38.0854449703408,9765900
2019-11-04,39.976619720458984,40.11579547098658,39.19886387753326,39.28892024460565,15965900
2019-11-05,39.91111755371094,40.844423187586166,39.853809532195996,40.091230263073854,13894100
2019-11-06,39.75557327270508,39.95205705335897,39.4935928164643,39.90293766972219,7872400
2019-11-07,39.83742904663086,40.59062497472476,39.76374687022007,40.214025449151585,14501500
2019-11-08,40.23860168457031,40.23860168457031,39.53452801347992,39.82106817122439,7966500
2019-11-11,40.18948745727539,40.4350938035284,39.87838441972603,40.00118915437961,7107500
2019-11-12,40.12397766113281,40.287716212841076,39.927493897525395,40.17310016356123,6400700
2019-11-13,39.61639404296875,39.771947084564495,39.45265547852482,39.72282457831531,7022000
2019-11-14,39.7965087890625,39.88656516021437,39.469031643610904,39.55908801476277,5836600
2019-11-15,40.10760498046875,40.2467807137584,39.886558413138445,40.00935997961996,6439000
2019-11-18,40.140350341796875,40.18947284240577,39.755568351045994,39.984800441114864,6446900
2019-11-19,40.38596725463867,40.607010740975575,40.28772223509607,40.29591088158474,6980100
2019-11-20,40.19765853881836,40.20584718381522,39.6163896661615,40.08304249328636,9138700
2019-11-21,39.98480224609375,40.394147067154066,39.894745885771975,40.32046487444108,8353600
2019-11-22,40.320465087890625,40.32865061021178,39.968428290070875,40.06667017319055,6609800
2019-11-25,40.901737213134766,40.918111382121616,40.377776297769124,40.402335989722694,8461000
2019-11-26,40.45146179199219,40.8771808511706,40.173107142646835,40.8689922044834,10360600
2019-11-27,40.754371643066406,40.82805383986118,40.52513952995081,40.63157006377733,8614000
2019-11-29,40.50876235961914,40.705249244196054,40.418706000981935,40.68887507689356,4138400
2019-12-02,40.18128967285156,40.90173431897478,40.16491550502332,40.59063449939787,8117100
2019-12-03,39.38715744018555,39.65732338614943,38.83863378023596,39.632763697348985,12217700
2019-12-04,39.98480224609375,40.18947465662391,39.436278561885295,39.59183159264222,8608400
2019-12-05,40.173095703125,40.32864559229786,40.074853832229124,40.23040372140199,6680700
2019-12-06,40.77074432373047,41.13096977182729,40.71343629754292,40.80349265956713,9487300
2019-12-09,40.606990814208984,40.852600119485885,40.46781512273399,40.54968280912492,6382300
2019-12-10,40.664310455322266,40.87717149773183,40.33683649300032,40.549694412356935,10009600
2019-12-11,40.48419952392578,40.76255410032954,40.45963671335441,40.65612358266117,6296300
2019-12-12,41.49937057495117,41.64673493814841,40.500571485900906,40.64793584909815,11553400
2019-12-13,41.13096618652344,41.87597358507397,41.049095354068314,41.54031097964028,10191200
2019-12-16,41.52394104003906,41.85141503403568,41.42569603109216,41.564874898906986,11007500
2019-12-17,41.671302795410156,41.933283223262976,41.564872270640876,41.60580612692043,10446000
2019-12-18,41.474815368652344,41.85141183836645,41.45844120174482,41.753169959974294,9513000
2019-12-19,41.638545989990234,41.75316201347609,41.38475113580553,41.46662195476144,9222000
2019-12-20,41.49937057495117,42.11338771392213,41.47481088876919,42.11338771392213,18742900
2019-12-23,41.52394104003906,41.835040865877865,41.515752394433534,41.67949095295847,6547600
2019-12-24,41.49937057495117,41.69585743356505,41.40112870717057,41.61398973092333,2087800
2019-12-26,41.84323501586914,41.990599425621724,41.63856257155208,41.72861894674017,5517400
2019-12-27,41.82685852050781,42.023345430273594,41.69586828834846,42.023345430273594,4116900
2019-12-30,41.720428466796875,42.06427978212808,41.68768012761228,42.04790561253578,4532800
2019-12-31,41.851409912109375,41.85959855671275,41.54031012434409,41.72041970593113,5131600
2020-01-02,42.60460662841797,42.62098079483646,41.8923444429515,41.9169072541057,7808000
2020-01-03,41.91691589355469,42.12158833139133,41.61400156001146,41.933290063348046,6706000
2020-01-06,41.7695426940918,41.78591686043765,41.31107540556653,41.48299946761866,7476700
2020-01-07,41.687679290771484,41.908725891249915,41.51575519808385,41.78592430635309,4538100
2020-01-08,42.21982955932617,42.399942301150794,41.67130893366538,41.720428319215,6185200
2020-01-09,42.62098693847656,42.77653685729479,42.424500036184746,42.71104018217973,7308000
2020-01-10,42.74378204345703,42.956643082276194,42.50636131671754,42.69466266761637,7686800
2020-01-13,43.21044921875,43.21044921875,42.62918017565562,42.743796254794916,8334200
2020-01-14,43.275936126708984,43.59522459589179,43.128571737385656,43.439674684074156,9602000
2020-01-15,43.341434478759766,43.341434478759766,42.6619236065153,42.964837941224104,11342500
2020-01-16,46.20684051513672,46.960036581156196,45.56007809604266,45.887552066572546,34590700
2020-01-17,47.08283615112305,47.131958649992,45.9939806388107,46.059474180916425,15403900
2020-01-21,45.7811164855957,46.23958374135765,45.175287989357685,45.74837127829695,20833900
2020-01-22,45.73200225830078,46.264148632644726,45.72381361326531,45.99398268448153,10276800
2020-01-23,45.46183776855469,45.56008278056299,44.86419466591086,45.20804596183325,10064500
2020-01-24,44.659523010253906,45.52733522626635,44.29111201651969,45.46183855046765,9752000
2020-01-27,43.48060607910156,43.95544443319832,43.27593367475486,43.39054972150053,10649100
2020-01-28,44.22561264038086,44.569460773887776,43.70165179519719,44.04549992870411,9232900
2020-01-29,43.947265625,44.65952482648364,43.947265625,44.60221679435585,9027800
2020-01-30,44.351043701171875,44.38400695577425,43.18087645472847,43.35392882606745,8685900
2020-01-31,43.06550598144531,43.90605013042587,42.76060372874765,43.84012676336513,11286900
2020-02-03,43.34569549560547,44.16151892792121,43.329217008410886,43.3786587570939,8375100
2020-02-04,44.5158576965332,44.9938123233686,44.276878811340985,44.293360438962765,9375100
2020-02-05,45.315208435058594,45.447058338927505,44.81252969419908,45.208079405805826,8237500
2020-02-06,45.33168411254883,45.727236943186874,45.00206094508309,45.67779205346975,6976900
2020-02-07,45.34817123413086,45.414097761737416,44.84549246355538,45.00206639484602,7588000
2020-02-10,45.61186981201172,45.620112199512405,45.010304410002185,45.059749304357,5115100
2020-02-11,45.96620559692383,46.35351598083268,45.89203984561254,45.933245485768026,7120800
2020-02-12,46.295841217041016,46.69139092282445,46.23815708141945,46.328804478410376,7130000
2020-02-13,46.08981704711914,46.13926193005262,45.735469911635164,45.98268803920446,5718400
2020-02-14,46.015655517578125,46.24639203867876,45.76843736732039,46.06510040504941,4579300
2020-02-18,45.7519645690918,46.11455104988538,45.27400666192986,45.98270113472863,6897800
2020-02-19,46.4029655456543,46.50185217619885,45.72723447375943,46.03213675167557,6075300
2020-02-20,44.29336929321289,45.74371823481484,44.16151938943089,44.49938496434411,58533500
2020-02-21,43.197364807128906,44.16151979144583,42.92542575340598,44.087354023421454,29536400
2020-02-24,40.939430236816406,41.60692207477677,40.55211980871664,41.45859055523002,28670400
2020-02-25,39.57972717285156,41.326742214450555,39.19241987377917,41.18664993249286,25568400
2020-02-26,38.9287223815918,40.00824248038774,38.640298557497346,39.73630343066688,22286100
2020-02-27,37.42067337036133,38.90398505816749,37.214657770845236,37.69261547062589,26815200
2020-02-28,37.10753631591797,37.53604922717372,36.003292352483705,36.151623865747204,36978800
2020-03-02,38.302433013916016,38.302433013916016,36.58838427305462,37.17346802178065,23234100
2020-03-03,36.588375091552734,38.66500975905891,36.14338060128047,38.21177602721073,30206600
2020-03-04,37.28059387207031,37.34651724624675,36.431807245871944,37.214667354344485,21938100
2020-03-05,35.09682846069336,36.20931178303838,34.72599963872851,35.85496459133302,23950200
2020-03-06,34.47877883911133,34.80840513203171,33.24268495598384,33.38277408716796,30898400
2020-03-09,30.90235137939453,32.15492706586529,30.366709364731793,30.366709364731793,28177500
2020-03-10,32.550479888916016,32.95427203525699,30.531525444311217,32.80594048301337,27111000
2020-03-11,30.383188247680664,32.02307426237132,30.028841065765842,31.503913925964806,27376200
2020-03-12,25.80139923095703,28.768024866800115,25.718992657671873,27.94396227749785,27964600
2020-03-13,30.90235137939453,30.91883301068951,27.251753351624743,28.240629224475317,33305100
2020-03-16,26.081581115722656,29.06468843532503,25.018541173336168,25.60362486802666,26789900
2020-03-17,27.845073699951172,28.941075232441314,24.812523331881337,26.674903270318694,27047400
2020-03-18,25.339927673339844,27.062218818180376,22.414505757647945,25.826124785334528,27603000
2020-03-19,25.48002052307129,27.111665977361426,23.68356346035713,25.010305002811617,23929600
2020-03-20,24.449935913085938,25.91676781742774,24.05438626644587,25.751954678773757,27472500
2020-03-23,22.917179107666016,24.54882415351173,22.875976608817844,24.021423051962543,26401000
2020-03-24,27.375362396240234,27.50721229525589,24.22744173486084,24.796045406725085,25905500
2020-03-25,28.0098934173584,29.23774511772227,26.57602289211051,27.935727646336098,27198500
2020-03-26,29.427265167236328,30.36669572421607,27.465999077367453,27.8533062363996,26422500
2020-03-27,28.026363372802734,28.619689360340676,27.292948273512156,27.72146113745079,33375400
2020-03-30,28.710336685180664,29.12236792168237,27.169340740857976,27.630813713868612,18046400
2020-03-31,28.01813316345215,29.081174852635097,27.78739660215968,28.45488540977,17122600
2020-04-01,26.056861877441406,26.707870558436984,25.677792238312833,26.106305196710426,23755100
2020-04-02,27.93572425842285,28.018129263542907,25.751957043697523,25.82612280572535,21656000
2020-04-03,27.894521713256836,28.26535056461981,27.078701383808088,27.655545914422735,16926500
2020-04-06,30.498554229736328,30.90234627083692,29.460236778197864,29.60856829178182,18788700
2020-04-07,30.44087028503418,32.68232148732771,30.374946913904555,32.68232148732771,19536700
2020-04-08,32.44334411621094,32.781209660992864,30.86114541192955,31.07540030763663,15376700
2020-04-09,33.85248947143555,34.48701483878208,33.110831953882574,33.176755320137836,21902200
2020-04-13,32.61640167236328,33.78656914355328,32.34445948498698,33.687682504302614,13369900
2020-04-14,32.84713363647461,33.59703042873293,31.619279057905935,33.38277240605961,14471900
2020-04-15,31.64400291442871,32.476304699849884,30.976511122798488,31.487429019358526,15590100
2020-04-16,31.611038208007812,31.990106206014826,30.547996821660814,31.19900695533524,27913000
2020-04-17,32.212608337402344,33.044910210668746,31.470950712868355,32.59167639280885,25074500
2020-04-20,31.611038208007812,32.58343221579901,31.166043700669675,31.470945947453664,16573800
2020-04-21,30.449111938476562,31.42974524410935,30.127728046023346,30.73753257438351,14134900
2020-04-22,31.15781021118164,31.462712514257174,30.852904764556545,31.207251958759013,10449000
2020-04-23,30.87763023376465,31.635766405394612,30.721056309608674,31.396787469035278,8694800
2020-04-24,31.289648056030273,31.4709396332191,30.70456140552801,31.289648056030273,8567500
2020-04-27,32.39390182495117,32.59167508787531,31.58632085698737,31.84177825022683,11619400
2020-04-28,33.06962585449219,34.09970388135172,32.8306469978091,33.432212188269226,12778400
2020-04-29,33.90925216674805,34.38310024110311,33.70973568592161,34.16695712260722,15880400
2020-04-30,32.7786750793457,33.34396822884352,32.42121020036303,33.16939324270066,13431700
2020-05-01,31.92241859436035,32.188438485046085,31.51507385294375,31.88085040983482,12806200
2020-05-04,31.66471290588379,31.772784485900505,30.899903282145665,31.589894607596445,13985100
2020-05-05,31.573261260986328,32.67890885960679,31.506757882859517,32.40457410041579,8951200
2020-05-06,31.00797462463379,32.11362244960973,30.80014637222846,31.980612494918617,7817800
2020-05-07,32.26325988769531,32.53759153900751,31.390378667828898,31.390378667828898,9348900
2020-05-08,33.319034576416016,33.39384972005219,32.58747807251645,32.84518313492956,12096400
2020-05-11,33.1111946105957,33.30239619867591,32.67059661343021,32.73710316817484,10106400
2020-05-12,31.939041137695312,33.31070873592292,31.880849486493624,33.22757871169398,13605600
2020-05-13,30.75027084350586,31.822662258425808,30.426056093052175,31.714593846148837,11565900
2020-05-14,31.43195152282715,31.564961500739226,29.536555373569982,30.143413595994346,14986600
2020-05-15,30.999671936035156,31.43195520772984,30.7752169773932,30.97473038204712,9175800
2020-05-18,33.48529052734375,33.79287865645716,32.15519084082666,32.354704208200324,14722400
2020-05-19,32.6955451965332,33.70974500509315,32.662291912001336,33.33565348212902,8895500
2020-05-20,34.13372039794922,34.29166876091,33.28578057167992,33.310718952355806,12031600
2020-05-21,33.50190734863281,34.02563533406976,33.119504197262856,33.892625404410346,9654200
2020-05-22,33.36058807373047,33.70142624108041,33.086253290367125,33.4437180965155,6468900
2020-05-26,36.320064544677734,36.403197749041766,34.54105519698491,34.80707510853481,19709900
2020-05-27,38.955326080322266,39.005202828691885,37.666791617721216,38.05750655518153,25892400
2020-05-28,36.91029357910156,39.3377256953683,36.81053374904706,39.27953404677334,17615900
2020-05-29,36.74403762817383,37.234512456977335,36.178744497647486,36.586086118310284,13102100
2020-06-01,37.159698486328125,37.46728346427964,36.53621362303808,37.01006186544187,8649500
2020-06-02,37.89125442504883,38.45654444246403,37.30933459308876,37.55872790072651,11179200
2020-06-03,38.996891021728516,39.47905406311873,38.606172913788676,39.05508267552288,11253500
2020-06-04,40.47662353515625,40.526503450268024,38.81399775258115,38.83062439095174,15279600
2020-06-05,41.174930572509766,43.103576417794145,40.933852220254714,42.64635491650133,17976100
2020-06-08,41.690345764160156,42.13094061343583,41.0502344112988,41.99793066811446,12150300
2020-06-09,41.89817428588867,42.13925263321257,40.37687005295814,40.501568264945234,15090400
2020-06-10,40.47662353515625,41.98130101002124,40.41012015288089,41.590582936329845,14770900
2020-06-11,37.05162048339844,39.23797458063785,36.943548904506294,38.34846991648182,17961900
2020-06-12,38.47315979003906,39.030141079067434,37.50883695808014,38.872189599345475,14093100
2020-06-15,39.404239654541016,39.77832798832865,37.07656058844071,37.126440512842606,14758800
2020-06-16,40.368568420410156,41.233131701600236,38.99690043013988,41.10012172209345,13551500
2020-06-17,39.70351028442383,40.55144998476251,39.62038024704476,40.48494658910079,8674400
2020-06-18,39.55387496948242,40.218924750496114,39.04677352045713,39.17146857059298,9825200
2020-06-19,39.013519287109375,40.46831703499927,38.83062941258827,40.28542716047816,20962700
2020-06-22,39.387603759765625,39.57880533490929,38.697612571406154,38.90544078411103,11657400
2020-06-23,39.81158447265625,40.30205933615583,39.578817815811654,40.12748434352238,9672600
2020-06-24,39.03013229370117,39.61205182382363,38.589534401827976,39.56217191968525,12806200
2020-06-25,40.559757232666016,40.61794888208506,38.68930320395016,38.83062487505153,15014300
2020-06-26,39.11327362060547,40.210606459712245,38.74749706463896,40.15241480697228,20082500
2020-06-29,39.27123260498047,39.736765915741984,38.78075774456541,39.54556428150667,9380800
2020-06-30,40.15242004394531,40.34362166662986,39.12159362849754,39.12159362849754,11894300
2020-07-01,39.57881546020508,40.80084667832347,39.27954224995505,40.24386527675644,11363800
2020-07-02,39.72845458984375,40.7592810781995,39.6370096396557,40.61795937060551,7488800
2020-07-06,40.58470153808594,41.041923066594954,40.48494486324211,40.626266555003575,10649600
2020-07-07,39.47905349731445,40.36024319711858,39.39592029936588,40.33530482333763,8750700
2020-07-08,40.659523010253906,40.72602957947858,39.304481788775014,39.5954432723213,12322200
2020-07-09,39.495689392089844,40.7759125024248,39.08834769320669,40.56808419897594,9119900
2020-07-10,41.39939880371094,41.46590538522902,39.50400562736243,39.56219730058658,13386000
2020-07-13,41.74853515625,42.42189658057205,41.465888641347206,42.42189658057205,14904000
2020-07-14,41.98130416870117,42.0478107271875,40.65951644525417,41.79010256986383,16075600
2020-07-15,42.68792724609375,43.63562686232545,41.94805908010875,43.63562686232545,17424200
2020-07-16,43.760318756103516,44.483560226813594,42.67961241765231,42.87912894640387,25026800
2020-07-17,43.569114685058594,44.06790122209257,43.211649837408174,43.876699610522635,16263800
2020-07-20,43.11188507080078,43.28646000886878,42.68791373982779,43.028751882763494,10423600
2020-07-21,43.5441780090332,43.602369668251384,42.82924828582972,43.31140820095289,11951200
2020-07-22,42.39696502685547,43.51923636202449,42.38865329178938,43.22827806659773,13604000
2020-07-23,42.03118896484375,42.604793827916566,41.823360702268545,42.38865383016971,13527000
2020-07-24,41.71529006958008,42.23070328458827,41.62384512456734,42.03118992384019,6860800
2020-07-27,42.6629753112793,42.87080352428093,41.34118774974062,41.490824316798346,12087100
2020-07-28,41.78178787231445,42.57985072208458,41.74022285865733,42.25563917586887,7287900
2020-07-29,42.056129455566406,42.11432111831593,41.465897921273985,41.79010951979496,8074300
2020-07-30,40.97626495361328,41.31947766284003,40.64142188413834,41.31947766284003,9410100
2020-07-31,40.91766357421875,41.0432273170362,40.40702938418158,41.0348576781683,9669900
2020-08-03,41.40318298339844,41.77988060320289,40.78372751376435,41.202279715035985,9912400
2020-08-04,41.23576354980469,41.66268860494221,41.08508768756207,41.43667002162823,6445200
2020-08-05,41.66267776489258,41.82172641844978,41.386431837173056,41.51199874855451,6636100
2020-08-06,41.39481735229492,41.83848170674273,41.2190261771326,41.712917950184014,5701100
2020-08-07,42.14821243286133,42.24866727712644,41.085092474109075,41.19391376544566,6225900
2020-08-10,42.340736389160156,42.55001246100859,42.07286007935867,42.27376651338492,6518300
2020-08-11,43.345272064208984,44.25771614064342,43.16948087718135,43.2280779395239,11792600
2020-08-12,43.847530364990234,44.718116533914674,43.454090266171534,44.05680646975764,8949400
2020-08-13,43.680110931396484,43.914499158088965,43.286670813762605,43.470834816621036,5728700
2020-08-14,43.780555725097656,43.98983180714239,43.23643982776111,43.26155193575061,5782300
2020-08-17,42.92671585083008,43.780562786485916,42.767667152410894,43.69685361748637,7333000
2020-08-18,42.6253547668457,43.00205238772943,42.39933938761535,42.83463086808112,6450000
2020-08-19,43.002052307128906,43.55454108562286,42.809518677549185,42.85137325905784,5957600
2020-08-20,42.52490997314453,42.75092858203325,42.27377924992388,42.46631291083639,5186300
2020-08-21,42.77602767944336,43.04390079513722,42.27376638584223,42.34910589921235,6408500
2020-08-24,43.83915710449219,43.92286946156172,42.826261533700176,42.95182847265452,7728500
2020-08-25,43.571292877197266,44.27446085417655,43.40387132204971,44.20749414809787,8425500
2020-08-26,43.28667068481445,43.62151374477774,43.20296151647367,43.521062104108786,5920800
2020-08-27,44.040069580078125,44.257715351569956,43.26156211620677,43.328528817704125,8910100
2020-08-28,44.27445602416992,44.36653802912066,43.906131197667186,44.36653802912066,8743800
2020-08-31,43.7470703125,44.27444692767358,43.73870067436054,44.27444692767358,8026600
2020-09-01,44.01494598388672,44.215849229268976,43.269920468470595,43.462454075836725,5568800
2020-09-02,44.5758056640625,44.75996963889666,43.922865307177176,44.04005940268997,7547100
2020-09-03,44.157257080078125,45.52173814558649,43.69685029894581,44.86879454243716,11029600
2020-09-04,44.12377166748047,45.002730639057,43.32852185765414,44.734857489496534,9413000
2020-09-08,41.997528076171875,43.77219178198504,41.930561381720445,43.77219178198504,10946600
2020-09-09,42.7425537109375,43.21970298465425,42.21517702140319,42.349113603616665,8808100
2020-09-10,42.09798812866211,43.1862233931826,41.997533284576846,42.96857761759867,8609100
2020-09-11,42.14821243286133,42.65047707428564,41.905454542471674,42.156585266533625,8969700
2020-09-14,42.817893981933594,43.16947631886487,42.10635328200592,42.65884209239797,8812200
2020-09-15,42.181678771972656,42.97692837508484,42.08122716532344,42.82624936846152,7660100
2020-09-16,42.817893981933594,43.45409196017592,42.11472611477099,42.25703233877648,8699700
2020-09-17,42.06449890136719,42.63373018674024,41.83848031511906,42.181693014243976,7533700
2020-09-18,41.922183990478516,42.642090990886906,41.897068690565845,42.1649418054386,10743900
2020-09-21,40.48236846923828,41.093454285578424,39.77082782777114,40.900920660701374,12909900
2020-09-22,39.87129211425781,40.674911746171965,39.28531826849937,40.38192641994302,11164400
2020-09-23,38.8583869934082,40.38192002856588,38.83327488179189,40.06381944379229,8248100
2020-09-24,39.017433166503906,39.69548562721218,38.38960492167057,38.95883611911676,9832700
2020-09-25,39.37738800048828,39.62014901981147,38.43982886240554,38.74118692869645,9816000
2020-09-28,40.49911117553711,41.135309105207675,40.021961929959225,40.08892862046674,9466200
2020-09-29,39.544822692871094,40.39866657441716,39.50296490824772,40.239617850070466,11355600
2020-09-30,40.47399139404297,41.009740825321906,39.795938958668714,39.90476021786491,15047300
2020-10-01,39.561553955078125,41.07671412290217,39.26019904266283,40.808840960777474,25275400
2020-10-02,40.1558952331543,40.46562293728309,38.85838098313185,38.916981223339576,12681800
2020-10-05,40.68326950073242,40.92603052485345,39.996844199858884,40.54096329622676,19140100
2020-10-06,39.96335983276367,41.36132245109597,39.73734129339928,41.1855313182457,22980200
2020-10-07,40.77536392211914,41.16043126816213,40.38192693520592,40.49912106719286,12019100
2020-10-08,41.01811218261719,41.428294709495184,39.56154924291732,40.16426538255859,23836600
2020-10-09,40.875816345214844,41.62920851752433,40.792103974980186,41.38644743379443,11381800
2020-10-12,42.47468566894531,42.70070108413169,41.04323448186245,41.24414097606193,17615000
2020-10-13,42.22355270385742,42.89323890407187,41.846858207862375,42.792784058059425,17448000
2020-10-14,42.39934539794922,43.018800957169255,42.17332679337964,42.616991169034556,20330100
2020-10-15,42.968570709228516,43.42060466173381,41.788250430748356,41.7966232630595,21059700
2020-10-16,43.40386199951172,43.75544750913603,43.05227968318729,43.135988846131234,16923300
2020-10-19,42.650474548339844,43.68848233120071,42.51653795721908,43.68848233120071,12677000
2020-10-20,43.08576965332031,43.755452614916166,43.002057287308176,43.16110918608111,11177600
2020-10-21,42.17332077026367,43.37038032352202,42.07286594260152,43.102507169689375,18583200
2020-10-22,43.33689498901367,43.512686145882704,41.9556714575002,42.20680213778451,13264400
2020-10-23,43.42060470581055,44.04006337216868,43.144361911960225,43.73870527465931,11538500
2020-10-26,42.12309265136719,42.92671209941398,41.68779798535022,42.81789082788461,15561400
2020-10-27,40.67490005493164,42.08960524156454,40.66653041657389,42.06449313319166,11593300
2020-10-28,39.8210563659668,40.27309351191674,39.50295579733907,39.81268672695286,13622800
2020-10-29,40.58003616333008,40.84146316287425,39.256041030192854,39.67769561315296,10887800
2020-10-30,40.60533142089844,40.6980927127206,39.643956416404116,40.44510064499838,14907400
2020-11-02,41.642608642578125,42.030530097343096,40.84989594626707,41.22095404818944,16337800
2020-11-03,43.16056823730469,43.396693800965195,42.51121972026875,42.51121972026875,13142200
2020-11-04,43.37139892578125,44.12194371176407,42.59555267246018,42.61241924502909,17378000
2020-11-05,44.020729064941406,44.50984659680168,43.49787840206499,43.85206662682914,9444300
2020-11-06,43.599090576171875,44.37493357241632,43.438859753535155,44.34120364599193,6453900
2020-11-09,47.2421760559082,47.992720638411775,46.432600093902245,46.72775699141413,24243300
2020-11-10,47.014488220214844,47.91682881300312,46.297676682120375,47.722868081718374,15502900
2020-11-11,47.51203536987305,47.79032570325427,46.710891072252515,47.174710439200524,9731600
2020-11-12,46.8458251953125,47.1662835905501,46.3735741044037,46.80366037890554,9889500
2020-11-13,47.7397346496582,48.110789542059315,47.14941756227105,47.19158237916242,9919100
2020-11-16,49.00468826293945,49.02998650441719,48.093912966117124,48.70952817216837,12201400
2020-11-17,49.595008850097656,49.66247190462223,48.23728069749618,48.498704457111124,9599100
2020-11-18,49.595008850097656,50.70817659398866,49.56127571435093,49.755236419441296,11536700
2020-11-19,49.44321060180664,49.493807086048534,48.79386224596291,49.38417922554528,7220200
2020-11-20,48.7516975402832,49.53597521738507,48.49870225066164,49.21551687630817,7739900
2020-11-23,50.82624053955078,51.24789509532906,49.42634754304563,49.47694403087889,12647400
2020-11-24,53.634464263916016,53.685063974431294,51.13826978394332,51.55992438732935,22357700
2020-11-25,53.53325653076172,53.777816920128956,52.49598681585811,53.12846858472387,11509700
2020-11-27,53.83686828613281,53.93806450597798,53.18751970960082,53.53327640962748,5581500
2020-11-30,52.14179992675781,53.82841802097139,51.93940433998594,53.61759075919469,15610700
2020-12-01,53.3646125793457,53.803133810460515,52.93452624290854,53.22968321723113,15857200
2020-12-02,53.9886474609375,54.191046283782896,53.03571046397473,53.18750636413976,10790700
2020-12-03,54.022377014160156,54.49463446886451,53.819984638679784,54.022377014160156,11757900
2020-12-04,54.81509017944336,54.97532096344333,54.20790661264104,54.401870531900876,10169700
2020-12-07,54.191043853759766,54.96688667139617,53.870585499229186,54.42716936921974,10402100
2020-12-08,53.8958854675293,54.292238564456326,53.474230909586815,53.52483061464875,6386200
2020-12-09,54.2838134765625,55.177719136048744,54.056116398129134,54.56210061229232,10145500
2020-12-10,54.342838287353516,54.435602799354896,53.406764709112316,53.63445532606453,8888000
2020-12-11,53.398338317871094,53.73566328485609,52.875487514316724,53.46580459805581,9034200
2020-12-14,52.1839714050293,54.224781232674715,52.1671048358953,54.18261320135517,10236600
2020-12-15,53.92961883544922,53.997081892185385,52.42009473947081,52.69838829305108,9718800
2020-12-16,54.165748596191406,54.28381136042912,53.62602804729618,53.76938905616511,8806400
2020-12-17,54.536808013916016,54.60427429850741,54.030823747358575,54.317552239902504,7197500
2020-12-18,54.12357711791992,54.756058929160524,53.42362903600194,54.67172930778265,15499800
2020-12-21,57.2016716003418,57.59802800241565,55.48975474367334,55.66684892533497,14787800
2020-12-22,56.198123931884766,57.555852243103836,56.155955898790594,57.555852243103836,9807000
2020-12-23,57.522117614746094,58.16303438434709,56.47641604724642,56.501714292872784,8772500
2020-12-24,57.42091369628906,57.834139788915884,57.14262658227935,57.64861075695084,3126700
2020-12-28,57.38719177246094,58.05340035698927,57.319725494503665,57.8172748180772,7417100
2020-12-29,57.1004638671875,57.758243998865346,56.76313890803673,57.606448088944425,4701300
2020-12-30,57.21009063720703,57.50525399196271,56.98239999370175,57.20166217799677,5283200
2020-12-31,57.79197692871094,57.96907108398707,56.84747476723821,57.176364831885095,5297400
2021-01-04,57.623321533203125,58.97261502151403,57.10890238548165,58.42446273234242,14014600
2021-01-05,58.6015510559082,59.09910680025909,57.412488499570905,57.47995477574361,11120400
2021-01-06,62.1350212097168,63.14698966142412,59.50389422776385,60.22071218448992,18334300
2021-01-07,63.19758224487305,64.52157719557587,63.07951949262725,63.07951949262725,13530400
2021-01-08,63.45903396606445,63.534928725705946,62.27839948921008,62.80125364674367,12896700
2021-01-11,64.14208221435547,64.51314024324188,62.126574164608385,62.60726005023976,9077500
2021-01-12,63.922828674316406,65.07815795709796,63.68669673539986,64.56373892099177,11831100
2021-01-13,63.72043991088867,64.45412121749405,63.256623719857345,63.93126720697704,9852200
2021-01-14,64.48784637451172,64.79986661637942,63.855364564536416,63.96499242871457,9854300
2021-01-15,63.45057678222656,63.72887033770383,62.531372923995484,63.30721577507937,12882600
2021-01-19,63.239742279052734,64.59747033036851,62.98675343073173,64.530004063908,14897700
2021-01-20,63.113250732421875,65.57571822451933,62.657869474682954,64.52158183654646,16133000
2021-01-21,62.995201110839844,63.99874122036245,62.18562496809275,63.24819647029673,13591300
2021-01-22,62.51451873779297,62.99520480177339,61.06403208493143,61.18209487721156,15460000
2021-01-25,61.038719177246094,62.42174578672664,60.650797707166305,62.00009117569138,15933100
2021-01-26,60.052032470703125,61.831414956240394,59.99300109869683,61.3422941973671,10899700
2021-01-27,57.6992073059082,59.25089940168886,57.21852137436583,58.803946606352355,17002600
2021-01-28,58.758766174316406,59.98784915196098,58.190845431102424,58.860485928467185,14986200
2021-01-29,56.83462142944336,59.38602919252235,56.66508848482345,58.496005484594995,17566100
2021-02-01,57.36016082763672,57.7416051256249,57.02110138509866,57.53816557988948,11961600
2021-02-02,60.14041519165039,60.49643103635135,58.504459946184255,58.589229626886514,13893900
2021-02-03,59.84375762939453,60.462541551564044,59.59793971330092,60.07262548476674,8014300
2021-02-04,61.276275634765625,61.301703957432956,59.9878512387807,60.12347758236648,8889400
2021-02-05,62.06459045410156,62.48841310788043,61.49666965012278,61.96287068906726,8832200
2021-02-08,62.92071533203125,62.97157198209418,62.217168160064446,62.4206012273368,9018100
2021-02-09,62.92918014526367,63.30214611638909,62.19173293310918,62.64098387086304,7429900
2021-02-10,63.005489349365234,63.45474041382861,62.344326917360895,63.23435078081992,7465900
2021-02-11,62.488399505615234,63.37842300460126,61.69161102050665,63.005463548034335,6972900
2021-02-12,63.2428092956543,63.590340467036725,62.62402545019037,62.62402545019037,7281200
2021-02-16,64.46341705322266,64.77704162376583,63.81072665800162,64.63294349854225,8550600
2021-02-17,63.954830169677734,64.33627440430212,63.32757450874285,63.57339240207325,7807200
2021-02-18,63.42930221557617,64.03960789386107,62.86985318814144,63.70054846514494,7155800
2021-02-19,64.42103576660156,64.72618855864704,63.937878257032835,63.95482831569327,7685300
2021-02-22,65.60774230957031,66.1078498927333,64.06502824461515,64.16674153365446,11193700
2021-02-23,65.69252014160156,65.99767301058877,64.64144163010191,65.48908705128386,12174600
2021-02-24,67.70989990234375,67.89638289113185,65.81965462585354,65.84508294850282,12681500
2021-02-25,66.4808120727539,68.9983193052049,66.20956587242024,68.23543734582286,11674600
2021-02-26,65.15849304199219,66.83682702438254,64.70076382851663,66.15023643767923,30392200
2021-03-01,67.09960174560547,67.42170461560539,66.15023672826135,66.15871499160927,11450000
2021-03-02,68.48126220703125,69.12547442363366,67.47256226528776,67.65056699612128,11955500
2021-03-03,69.5577621459961,70.30369405127406,68.79488664944482,68.79488664944482,13053000
2021-03-04,68.75251770019531,70.76143959093312,67.650576112799,69.62559141209158,15809900
2021-03-05,68.54906463623047,69.98158052183655,66.4384235864169,69.85443892475551,16362500
2021-03-08,68.74401092529297,70.32063120500679,68.48124303434679,69.44755785520128,10151900
2021-03-09,68.53209686279297,69.78661430656382,67.32844251652483,67.98112632014349,11588700
2021-03-10,70.43084716796875,70.71057167816907,69.01528102292443,69.28652726908274,10775800
2021-03-11,70.56647491455078,71.04115423792274,69.9222626421026,69.97312576033583,8951500
2021-03-12,71.49040222167969,72.1176644062855,71.0242011821716,71.66841342746004,8691300
2021-03-15,71.08354187011719,72.11767026532662,70.3291380015505,71.96509383870522,9018400
2021-03-16,69.96464538574219,70.94791059264254,69.37128978240422,70.78686237965385,9472000
2021-03-17,71.08354187011719,71.32088154107916,69.88835878374599,70.86315226121494,8049300
2021-03-18,71.15133666992188,73.43997601093501,70.97333196268923,71.82097712114141,10227400
2021-03-19,70.30370330810547,70.87162410747827,68.998328769011,70.02397880679513,11557600
2021-03-22,69.43909454345703,69.99006522726751,69.07460684189194,69.90530199907046,7169900
2021-03-23,67.06568908691406,69.43909171484952,66.83682126638324,68.77792950801737,10235500
2021-03-24,67.24371337890625,69.03224574997516,67.20980678573179,67.89639751320573,8459000
2021-03-25,67.92180633544922,68.13371763166654,66.37909235766789,67.20978748432839,11363800
2021-03-26,67.794677734375,69.2865288896284,67.00636730256758,69.19328738404747,11107400
2021-03-29,66.01460266113281,66.83681950016486,64.42103209018673,65.26867724926814,21931700
2021-03-30,67.04025268554688,67.84551946878328,66.54014514467973,66.68424326997845,12063000
2021-03-31,65.828125,66.96396638901147,65.81964673779297,66.6842419393525,12085500
2021-04-01,66.30281066894531,66.3536673131023,65.69250507098205,66.01460792900939,13195600
2021-04-05,66.11632537841797,67.22673851725024,65.97222724698561,67.13349702820116,10458800
2021-04-06,67.04025268554688,67.05720921029929,65.70097824597721,65.94679611873235,9445000
2021-04-07,66.99790954589844,67.57430881727548,66.49779527497202,66.99790954589844,8329300
2021-04-08,67.98113250732422,68.22695035540261,66.25194224328786,66.54013846495435,9352700
2021-04-09,68.42193603515625,68.43041429971306,67.27761606678413,68.21850295493968,10693500
2021-04-12,67.96420288085938,68.71860670789457,67.4047538583727,68.61688694007317,8939700
2021-04-13,67.41323852539062,67.83706123103701,66.9300808996346,67.7268696556966,7085200
2021-04-14,68.48126220703125,69.54929705905258,67.21827256424852,67.4810405287618,10585500
2021-04-15,68.5066909790039,69.00680505492339,67.68447402618423,68.95594194076635,9930800
2021-04-16,66.61644744873047,69.23567504123484,65.91290669680163,68.65927592295388,29086400
2021-04-19,67.8370361328125,68.12523882887439,66.20955909734651,66.37061373535224,15151000
2021-04-20,65.5145034790039,67.49799030011474,64.92962617517988,67.2267440732871,13052800
2021-04-21,67.17589569091797,67.25218067018238,64.63295957643527,65.03983220024172,11075900
2021-04-22,66.3621597290039,67.38780989603306,66.24348988931598,66.89617400759954,9871700
2021-04-23,68.61688232421875,68.9135633436516,66.36214925886257,66.36214925886257,12002000
2021-04-26,69.10003662109375,69.86291862499729,68.98136680571096,69.34585451496378,8033500
2021-04-27,69.47300720214844,69.54929864110977,68.82879497089195,69.00680617279494,7057400
2021-04-28,70.12569427490234,70.31217079733139,69.56624530655513,69.84596979072873,7228200
2021-04-29,71.19825744628906,71.32594572145402,69.91287340008725,70.8237069043373,9974800
2021-04-30,70.27040100097656,70.89180730753971,69.99800238142244,70.5598216929111,9298600
2021-05-03,70.19378662109375,71.0705694895957,70.05759055627082,70.74709815295769,6759000
2021-05-04,70.34701538085938,70.50875430591654,68.73815989785622,69.87882717384963,8802700
2021-05-05,71.93885040283203,72.21975683883903,70.00651702639792,70.57685717167566,9424400
2021-05-06,73.91372680664062,73.98182807762888,71.84519778545871,72.29635734039023,11887900
2021-05-07,74.6543197631836,74.94374696703443,72.64537738761575,72.7645578794337,9947600
2021-05-10,73.6072769165039,75.65877735415215,73.57322628131749,74.96926985148744,9344500
2021-05-11,72.28785705566406,73.15613219265985,71.36850920278474,72.40703105572295,10397800
2021-05-12,71.23231506347656,73.36894582740963,70.95991641387324,72.69646024053043,12602200
2021-05-13,72.23678588867188,72.90927147170689,71.00248093538364,71.24082894061205,8639700
2021-05-14,74.35636901855469,74.55215854096352,72.87520215524587,72.87520215524587,7755900
2021-05-17,74.9863052368164,75.0118480886127,73.46257963225452,73.8796886219867,7157900
2021-05-18,74.0329360961914,75.39492969313312,73.94781271410088,75.10550889512578,6631700
2021-05-19,73.24976348876953,73.29232191682011,71.77710419491754,72.61983640646537,10165600
2021-05-20,73.6072769165039,74.08397282012449,72.62834226200196,73.36041468227336,7722100
2021-05-21,75.19913482666016,75.57368547514345,73.82863353320431,74.00739457148116,9326800
2021-05-24,76.34827423095703,76.78240511962134,75.18206459168823,75.51405009219302,7788800
2021-05-25,75.64176177978516,77.76136366983386,75.5396098654533,76.850530207484,10599600
2021-05-26,76.05886840820312,76.48449162984332,74.8671220887116,75.47151277859624,8665200
2021-05-27,76.8675537109375,77.39532233065297,75.4119166291878,76.69730053159805,21840900
2021-05-28,77.42086791992188,77.70178082847268,76.52706297611773,77.08037450961297,9484800
2021-06-01,78.4083023071289,79.42979533570274,78.204005000313,78.64665024749651,9576400
2021-06-02,78.96163177490234,79.29361740975204,77.94013201848375,78.74882013746044,6878400
2021-06-03,79.4638671875,79.94907747980638,78.45088817045452,78.59559853081872,7926800
2021-06-04,79.9831314086914,80.16189241904412,78.85948613326265,79.89800804583244,6406800
2021-06-07,79.3447036743164,80.2470230929219,78.94461668848284,80.2129789402737,6773800
2021-06-08,78.98715209960938,79.32765194930154,78.05078238382676,78.61260161549855,7036300
2021-06-09,78.88501739501953,79.35320560223337,78.13592275797325,78.63815511253367,7811700
2021-06-10,78.04228973388672,80.00015954144139,77.91460144304685,79.59155830965305,6584900
2021-06-11,78.35724639892578,78.79137745714826,78.05079712577128,78.07633348278488,6509400
2021-06-14,77.22508239746094,78.22103922931623,76.51854625404415,78.1359158794517,10163100
2021-06-15,77.20805358886719,77.63367683135156,76.52706029758936,77.54003919844538,7459000
2021-06-16,77.54855346679688,78.00822734793077,76.14399546797029,77.0378068748132,11370300
2021-06-17,74.83307647705078,78.10185963771876,74.10951181887114,78.09334535499453,11131600
2021-06-18,71.58131408691406,73.9733211353983,71.42809595372887,73.53918360788765,22453900
2021-06-21,73.15613555908203,73.5902666530614,71.69199035441632,71.9899253682736,10672700
2021-06-22,72.95181274414062,73.39446450215218,72.33892080107735,73.08801528337327,9664100
2021-06-23,73.0965347290039,73.47959303228829,72.84115819715099,73.24124506628957,7139000
2021-06-24,74.12655639648438,74.39044076748444,73.07100592349165,73.59878115998801,7953500
2021-06-25,75.25019073486328,75.43746600108561,73.82009637720542,74.509603953301,11139000
2021-06-28,74.6543197631836,75.0799430377616,73.5732395033336,74.96076904043942,6174600
2021-06-29,77.156982421875,77.99971464039798,76.4249099105939,77.5400407499776,15413700
2021-06-30,78.05078125,78.23805648933491,76.72283250494081,76.75688313886484,9780300
2021-07-01,78.33169555664062,78.51046302649071,77.50599195461814,78.24657221044701,6792200
2021-07-02,78.34022521972656,78.38279014842742,77.74435518489233,78.22956549739915,4818000
2021-07-06,76.79093170166016,78.22102581542595,76.32275011044457,78.10185184715331,6701200
2021-07-07,76.63773345947266,77.00376977206152,75.39491415253049,76.30574779160095,6771600
2021-07-08,74.60324096679688,75.45448744655904,74.0158788175225,74.99481356814805,8778800
2021-07-09,76.8930892944336,77.1399515311334,75.42894443924561,76.067379242764,7306500
2021-07-12,78.95311737060547,79.60857435534933,76.40789200913856,76.8164867154866,11951100
2021-07-13,79.3447036743164,79.61710235698015,78.09336999334653,78.71478293837467,12280100
2021-07-14,78.70625305175781,79.8724631309465,77.83798445240619,79.2680788765408,12572000
2021-07-15,78.8509750366211,80.0682580087591,77.7188219252802,77.76989464616123,12465900
2021-07-16,77.67623901367188,79.5234422622223,77.54855074653122,79.29360857696516,12595400
2021-07-19,76.05886840820312,76.34829557605583,74.55216506117463,76.19507095648557,14043000
2021-07-20,78.58706665039062,79.67666099304162,75.76092888870414,75.88010286402569,11522300
2021-07-21,81.44727325439453,81.76223682786468,79.31915679864059,79.37022951533996,14116900
2021-07-22,81.35362243652344,81.91544820721951,80.7322096744955,81.2259341709566,9235300
2021-07-23,80.48536682128906,82.71562870675288,80.17891753260768,81.95801976931725,13222800
2021-07-26,82.17932891845703,82.28148082532424,80.31509720872228,80.33212577378082,11420600
2021-07-27,82.12826538085938,82.61347562728054,81.31106302368072,81.61751228399886,8972900
2021-07-28,81.77925872802734,82.47728066425044,81.33661336375008,82.15380930168227,10054000
2021-07-29,82.55957794189453,83.04834959569948,81.9164570004583,82.45668277825003,9016200
2021-07-30,82.30233001708984,83.35704465291943,81.91645354321511,82.26802944993447,8320800
2021-08-02,82.51670837402344,84.37747008900392,82.30233472366629,82.93687889691735,9409600
2021-08-03,82.8339614868164,83.20268435721884,81.31619920856093,82.9625869610802,7044800
2021-08-04,82.5681381225586,83.64000614282938,81.94216432016864,82.12223736251455,7137500
2021-08-05,83.8886947631836,83.9744429111476,83.03977043449619,83.03977043449619,5675000
2021-08-06,85.51792907714844,85.73230270143048,84.28313490779139,84.57467989657634,9317900
2021-08-09,86.38399505615234,86.59836868352964,84.86623265287317,85.3807280501459,8297700
2021-08-10,87.4987564086914,88.26192613722952,86.25538521904242,86.38401072723578,8490500
2021-08-11,89.07654571533203,89.11942306654089,87.33583254776255,87.70455552479686,8793200
2021-08-12,89.75395202636719,89.79682937027808,88.75926176084319,88.77640877310905,6302100
2021-08-13,89.12798309326172,89.83969857753615,88.05611493615463,89.6081779341532,8312200
2021-08-16,88.9393539428711,89.02510210695642,87.62738806008548,88.5020298012207,6540300
2021-08-17,88.21046447753906,89.0508054516244,87.12144276303385,88.15901035717175,6492900
2021-08-18,86.82990264892578,88.3733889613401,86.70985393158793,87.79029238762861,7839800
2021-08-19,85.51792907714844,86.39257058566713,84.64328102646591,85.3635798059788,10644700
2021-08-20,86.31539916992188,86.62409116991405,85.3292791903771,85.56937660268424,6496900
2021-08-23,87.60163879394531,88.21902932114597,87.2243391310752,87.45585976100499,5430700
2021-08-24,88.39910888671875,88.69923720910498,87.91891403836341,88.05611630484445,5339700
2021-08-25,89.2566146850586,90.01121416156538,88.35624923081522,88.55346933605497,5612100
2021-08-26,89.04222869873047,90.59429824397883,88.89645619900561,89.72822693839247,6882800
2021-08-27,90.42279815673828,90.43995171144057,88.90503567379905,89.08510874518748,5900600
2021-08-30,89.2566146850586,90.73150652496007,89.07654159420991,90.57715722678049,6459700
2021-08-31,89.54814147949219,89.78823886749649,88.63919949857213,89.4109392336822,7215100
2021-09-01,89.44523620605469,90.10551053873552,88.81069220005314,89.64246279095183,5762400
2021-09-02,89.89115905761719,90.47425563802454,89.48813555528446,90.0455083448475,5708400
2021-09-03,89.39380645751953,90.31990213770246,88.98220619671683,89.81397695342756,7195400
2021-09-07,89.33378601074219,90.35420665905701,89.23946108314176,89.24803786078667,6792100
2021-09-08,88.81070709228516,89.6682016114893,88.3819598326831,89.05080451091608,5601000
2021-09-09,89.04222869873047,90.2341521121301,88.57918741044729,88.62205821157363,6145700
2021-09-10,88.85359954833984,89.85686673633639,88.5020235954274,89.54816813354282,5958600
2021-09-13,89.52241516113281,89.62531030041599,88.51057152448283,89.04221385654712,6112200
2021-09-14,87.38726806640625,90.37992205436609,87.17289444034854,89.47955020805813,8400600
2021-09-15,88.35623931884766,88.61348375884548,87.30151814258033,87.60164646915747,6691900
2021-09-16,87.86746978759766,89.3252079422694,87.25007264937665,88.75926492700974,5881600
2021-09-17,87.25007629394531,89.08511423021875,86.95853126769845,87.5759218895444,17485600
2021-09-20,84.57467651367188,85.1063254358049,83.06549096945012,84.67757820439027,15443800
2021-09-21,84.29171752929688,85.51793500690182,83.99158920076026,85.26068402306024,8985600
2021-09-22,86.43547821044922,87.31012002540261,85.26070798261854,85.26070798261854,9497700
2021-09-23,88.79354858398438,89.17084167491298,87.12143056273398,87.25863280828122,6087900
2021-09-24,88.24478912353516,89.2909272380626,88.15903441357733,88.65638294580297,5529300
2021-09-27,90.1226806640625,90.6886302372401,89.03366540650579,89.0508124198606,8195200
2021-09-28,87.4987564086914,90.85155714718499,87.22435837755596,89.41096584818261,14183500
2021-09-29,85.36358642578125,87.13002313335714,84.98628672429346,86.67555206138194,11543000
2021-09-30,83.44278717041016,86.07529500696819,82.53384509968784,85.94667606651791,12258400
2021-10-01,84.93484497070312,85.67229086938474,83.22842596166568,83.97444863837795,7912700
2021-10-04,83.30559539794922,86.18677755941576,83.15124611993622,84.93483632316105,9482100
2021-10-05,85.0634536743164,85.51793126483825,83.57999181994694,84.2231127092452,8850300
2021-10-06,84.97770690917969,85.28640546442305,83.36561954236976,84.22311407534264,6912700
2021-10-07,84.72045135498047,86.53833533929968,84.62612644536051,86.22963682457316,7959600
2021-10-08,85.78376007080078,86.34113286599631,84.36889268058586,84.90911192026883,5301100
2021-10-11,83.4256591796875,86.33256565557204,83.3570580343641,85.81807014997717,7003900
2021-10-12,83.8458023071289,84.65184914548348,82.91113654109064,83.42563187831485,7913300
2021-10-13,84.52322387695312,85.04629599132313,82.90255996264708,84.1373540086567,10170900
2021-10-14,86.61552429199219,87.10429591232034,83.87153787117255,86.79559735820108,14766800
2021-10-15,87.58450317382812,88.51059896749362,87.33582893985323,87.85890120059958,11678100
2021-10-18,86.95851135253906,89.1279711654431,86.22106563576715,87.25863308793154,8924300
2021-10-19,87.25007629394531,87.8503199021975,86.864206337521,87.07857998934888,6189500
2021-10-20,86.31539916992188,87.39583752530405,85.68942530883781,86.6755452883826,7426900
2021-10-21,85.98957061767578,87.25008891957486,85.38075014344427,86.05817176630724,5931400
2021-10-22,87.29296112060547,87.67025433147776,86.23823978468931,86.38401231030282,6761500
2021-10-25,87.38726806640625,88.09898353287332,87.17289444034854,87.72169039968318,3836000
2021-10-26,88.72494506835938,89.16226903654292,87.19860610970802,87.56732895696808,7649500
2021-10-27,87.35297393798828,89.04223274038246,87.31867337023186,88.29621665371452,7542400
2021-10-28,88.5013198852539,88.61356309021926,87.03349575139696,87.97462857650343,6663000
2021-10-29,88.74309539794922,89.20071101178996,88.00918319155763,88.16460043658188,8056900
2021-11-01,89.7964859008789,90.08141863904781,88.66539765760535,89.70150832148927,5432400
2021-11-02,90.36634063720703,90.95346511284568,89.25251818282223,89.73603555684473,7191700
2021-11-03,88.5963134765625,90.42678250287695,87.96600838090785,90.13321367050496,9009000
2021-11-04,86.16144561767578,88.33728038795593,84.76269045914773,88.26821118269652,14823800
2021-11-05,86.23052215576172,88.05235503225894,86.10964281122514,87.49112573980759,8449600
2021-11-08,86.40320587158203,87.89693862528956,86.31686442286936,86.73994213276269,7332000
2021-11-09,86.09236145019531,86.610416670112,84.8576597725553,85.8765045596109,8756900
2021-11-10,84.41731262207031,86.01465893438903,84.3741451950045,85.25483843881781,9191500
2021-11-11,85.375732421875,85.74700661297277,84.15830273590475,84.65045628341286,6249600
2021-11-12,86.2132568359375,86.24779473535395,84.65909088678191,85.66066362013586,7270300
2021-11-15,86.52407836914062,87.0335040748574,86.30822147072821,86.36866113878649,5652200
2021-11-16,86.93852996826172,87.68970778864028,85.9196851037601,86.34276279698491,6448500
2021-11-17,84.33960723876953,86.88671599381661,84.0546745531402,86.78310889899122,9670700
2021-11-18,84.33960723876953,84.84039682185809,83.31212629888606,84.55546413622876,6850200
2021-11-19,83.6747817993164,84.51230113718034,81.98245770571867,83.07901457669853,9923400
2021-11-22,85.75564575195312,86.80039256193153,84.46050409847773,84.866316203889,10430400
2021-11-23,87.94873046875,88.18185300798255,86.49817192622132,86.61041513586225,8559200
2021-11-24,87.30979919433594,88.26820433439771,86.43773549472223,87.93146151801983,7146400
2021-11-26,84.55547332763672,84.75406459335571,82.77681440720512,84.65908702115495,11738200
2021-11-29,83.95106506347656,85.99738417706055,82.85450836670402,85.51386684852248,13793400
2021-11-30,81.87020111083984,83.32075967753136,81.05857709512271,83.26032001172877,20586200
2021-12-01,82.25011444091797,85.14259556305059,82.25011444091797,83.73521095644223,11708200
2021-12-02,85.35845947265625,86.12690956736564,82.28465909381869,82.88905582423159,10685800
2021-12-03,84.79724884033203,87.09397009636292,83.62298643065833,86.37732339580305,9811800
2021-12-06,85.71246337890625,86.9558013531016,85.30665790045737,86.34276848733319,9624500
2021-12-07,88.5013198852539,89.02801119400438,86.63631329936452,86.66222165813727,10674400
2021-12-08,87.42203521728516,89.07118492014015,87.40476956558759,88.63947116598072,9089700
2021-12-09,86.84355163574219,87.91420004049526,86.55861894004364,87.00759840415624,7749600
2021-12-10,84.98717498779297,87.43067656338904,84.94400097482446,87.15438000770736,10429000
2021-12-13,83.89927673339844,84.7886063026863,83.57981266720644,84.74543886566559,10057100
2021-12-14,85.32392883300781,85.85925640221448,83.3812164218852,83.53663367827224,11105900
2021-12-15,85.85060119628906,86.19597353231177,83.86471520473054,85.58294076490043,7055000
2021-12-16,86.60177612304688,87.56881065391848,86.04918308042633,87.4565674565648,7889900
2021-12-17,83.86473083496094,85.92832252832459,83.58843423213406,85.88515509541982,20851400
2021-12-20,82.34510040283203,82.79407989899728,81.34352112975738,82.55232120202903,11931400
2021-12-21,84.41731262207031,85.05625378196969,82.94948835323821,83.0444659151846,8235100
2021-12-22,84.87493896484375,85.203039093932,84.14965632760908,84.34824758168229,4798400
2021-12-23,85.77289581298828,86.31685942449629,85.28074233765193,85.48796970747874,4482200
2021-12-27,86.6881332397461,86.8003764574137,85.5743108339187,86.10100220227343,4196000
2021-12-28,86.31684875488281,87.20617803131249,85.98011255482554,86.86080571172246,4269700
2021-12-29,85.24620819091797,86.78310823508134,85.21167029709714,86.38593233728639,6923100
2021-12-30,85.30665588378906,86.316864670226,85.23758008964886,85.35845943567907,3564900
2021-12-31,84.7540512084961,85.66064618074155,84.16692021281024,85.2462046469806,5124800
2022-01-03,86.50682067871094,87.55156737270465,85.73837057662111,85.7642723528261,8481900
2022-01-04,90.0209732055664,90.38361125600123,88.05235911757106,88.06962477297868,8967000
2022-01-05,87.7933120727539,90.6857929991804,87.69833451685497,89.53743279598739,10288800
2022-01-06,89.2956771850586,89.97778575185232,86.87808395568575,89.90008043297395,10059200
2022-01-07,89.83964538574219,90.25408694925977,88.872604091818,89.37339368621248,6128400
2022-01-10,89.9087142944336,90.74624012673728,88.78626235842823,90.41814000773815,8904900
2022-01-11,91.4542465209961,91.60102762673256,89.4338291716459,89.93461874261341,7320200
2022-01-12,88.97623443603516,91.92915583185552,88.3718310438798,91.56651774902097,10855200
2022-01-13,88.54450225830078,90.09866797256151,88.1904937833597,89.30431616833293,6267700
2022-01-14,85.375732421875,86.74858595172242,84.08922693583287,86.12691692593724,16724900
2022-01-18,81.17082214355469,83.26895125852246,80.24695497039608,82.82860138348674,21803100
2022-01-19,82.65592193603516,84.83175645503898,81.99107903618024,84.62453568833133,19716100
2022-01-20,86.19599151611328,88.03509020205408,83.4071170610929,83.4071170610929,22637600
2022-01-21,85.35845947265625,85.96285620306915,83.19125418943804,84.73679049998566,22568300
2022-01-24,84.68497467041016,84.89219543544729,80.88589217843938,82.90630945926753,19527300
2022-01-25,85.51387023925781,86.19597883330881,82.03425806749408,83.3898391351213,16060700
2022-01-26,86.48954010009766,87.85375727313539,85.39298995938363,86.47227444676858,13344400
2022-01-27,87.335693359375,88.2681966448092,86.04918822271411,87.47383833457131,17843100
2022-01-28,88.50946807861328,88.61379719134324,85.33599377746404,86.16196354214539,14044800
2022-01-31,89.15283203125,89.32671826271286,87.18788577571402,87.78780455092956,8467000
2022-02-01,90.37874603271484,90.5091640241524,88.89199685032978,89.51799790256236,7885700
2022-02-02,90.35269165039062,90.68308488179333,88.94419548143938,90.24836253170484,9596300
2022-02-03,88.93548583984375,90.50917838849668,88.7963715246762,90.13531695815345,5986500
2022-02-04,90.51786804199219,91.30905909304505,88.74420045391528,88.81375760638932,7881800
2022-02-07,91.44817352294922,92.31761803005719,90.10922818600272,90.46570361791788,9129000
2022-02-08,92.46541595458984,93.30877813264009,91.56988923219332,92.13502945150547,9249000
2022-02-09,94.53469848632812,94.83900271883233,92.9001386660173,92.96969581439963,11054300
2022-02-10,93.52615356445312,95.40415704846674,93.16098843145129,94.06521159412424,8116200
2022-02-11,90.9178237915039,94.2391019798103,90.26574032547514,93.03057448677055,9755900
2022-02-14,89.17892456054688,90.85695275718524,88.3355623109408,90.44831276957527,11110300
2022-02-15,89.92664337158203,90.72653070598354,88.78767321861173,90.00489019125098,6714100
2022-02-16,87.94430541992188,89.58755486193184,87.52696917486057,89.11805407373834,10190700
2022-02-17,83.59709930419922,87.12704224433757,83.37104185171013,86.96184564828756,15620300
2022-02-18,82.96237182617188,83.50142966920511,80.9539576566988,82.82326419033542,16321800
2022-02-22,82.37987518310547,84.13615034222,81.64084860575532,82.3190143269316,9143700
2022-02-23,81.33653259277344,83.22322549535974,80.92789263169067,83.20583289134119,8722200
2022-02-24,79.82368469238281,80.14538149408058,76.97190824850591,78.11957454014744,18518000
2022-02-25,82.20597839355469,82.33638975913455,79.66719546579552,80.0497531603897,9717400
2022-02-28,78.89339447021484,80.18017528798721,78.18045022388206,79.63242099100663,17955100
2022-03-01,76.18942260742188,78.2500085540116,75.19825636307124,78.2500085540116,18341800
2022-03-02,76.84150695800781,77.6240083798481,75.65906183907924,76.56328496727964,18007500
2022-03-03,76.3198471069336,78.46737636347834,75.70254222738743,77.9717931991477,12197100
2022-03-04,75.0852279663086,75.55472879490777,73.69411808527498,74.94611366153765,11950700
2022-03-07,72.55513000488281,74.84177294274042,72.52904773512284,73.92885370113683,12680900
2022-03-08,72.43342590332031,74.55487280312626,71.26837334905686,72.71164790384111,11641200
2022-03-09,75.98945617675781,77.3718698487252,74.85917559087073,74.9808972990942,12994600
2022-03-10,74.65052032470703,76.33724511684171,73.91149367763877,74.5722668546236,11351600
2022-03-11,74.05929565429688,76.30246444638593,73.97235251584443,75.74602040028674,8568100
2022-03-14,73.65933990478516,75.3895326213237,73.44197877741426,74.64180981250097,8280700
2022-03-15,75.05914306640625,75.38083327659756,73.53761523621732,74.29402768360546,8672400
2022-03-16,79.78023529052734,80.29320440083296,76.51112186269634,76.51981816569653,17635900
2022-03-17,81.60606384277344,81.89298212871165,78.18045028339507,78.42389368964496,15156800
2022-03-18,82.44072723388672,82.51028438589492,80.35405910698633,81.27567478775727,16325400
2022-03-21,80.51924896240234,82.51897379901003,80.17146986473128,82.353777235116,8568700
2022-03-22,81.91905975341797,82.24944626695626,80.74531103514424,80.99745072968726,7565100
2022-03-23,80.31928253173828,81.7277850449823,79.89325657341215,81.21481596114769,7465400
2022-03-24,80.10191345214844,80.945275615891,79.85847007154946,80.4670851563815,6488300
2022-03-25,80.31928253173828,81.70170277066329,79.9801996989206,80.40623229058201,6592800
2022-03-28,79.35418701171875,80.2497203105553,78.37171723338476,80.23232770798838,8680800
2022-03-29,79.84976959228516,81.19741105009669,79.16291436153062,81.19741105009669,7431600
2022-03-30,78.48475646972656,79.93673390696956,78.04134452601967,79.86717675109321,7289800
2022-03-31,75.98945617675781,78.41520730492917,75.98945617675781,78.00656729874945,8422700
2022-04-01,75.6329574584961,76.97190247045631,74.69396266006531,76.63281972565257,8192300
2022-04-04,75.8851089477539,76.13724862898133,74.6070245716477,75.24172192554217,8098900
2022-04-05,74.14623260498047,75.49387435520485,73.85062463224443,75.2504309345197,11587400
2022-04-06,72.27691650390625,73.73758348087688,71.94652999284601,73.65933666246849,10493200
2022-04-07,72.27691650390625,72.69425276875567,70.77278128337592,72.05955538610309,11902900
2022-04-08,73.08551025390625,73.70281511799836,72.12912252972603,72.62470568164987,6937500
2022-04-11,73.05072784423828,74.61573068054355,72.18128329814323,72.66817675462457,8290400
2022-04-12,72.97248077392578,74.75484474076663,72.63339793275476,72.82467679358672,8057300
2022-04-13,73.14637756347656,73.25071331168421,71.97262858782011,72.10304661474558,8760300
2022-04-14,73.69412231445312,76.42417768557196,73.54631169881762,74.78092800783915,16348400
2022-04-18,75.18956756591797,75.79817609728632,73.31156415483483,73.37242500797166,7897500
2022-04-19,77.30231475830078,77.47620100739455,75.57211540314233,75.65036885856918,12637700
2022-04-20,78.78038024902344,79.62374262066301,77.91093559922368,77.91093559922368,11828400
2022-04-21,77.30231475830078,80.79747877843303,77.12842187587181,79.58025513477105,9563900
2022-04-22,73.67671966552734,76.69369292044512,73.58108024687952,76.61544610518851,11455400
2022-04-25,73.94625854492188,74.1723093424868,72.06825521129335,73.05942142626333,11577600
2022-04-26,71.61615753173828,74.09407343415506,71.5379040646429,73.28548965196262,10062000
2022-04-27,71.47703552246094,72.74642376702695,71.12925637646062,71.62483950367704,9522900
2022-04-28,73.1343994140625,73.52900679950291,71.56472747746076,72.52055752634179,6974600
2022-04-29,70.67027282714844,73.43254454020884,70.42473875315227,72.83624463608882,8097300
2022-05-02,71.87164306640625,72.02948735422895,70.17920413764682,70.67027228185003,8737100
2022-05-03,73.44132995605469,74.37085390176568,72.12596285236415,72.33641971566979,9430500
2022-05-04,76.48420715332031,76.75604752429798,73.60793906587122,73.72193513008386,10495000
2022-05-05,74.48485565185547,75.55468861874107,73.14318229480493,75.19515173728152,8556500
2022-05-06,73.86225128173828,74.1603979508976,72.17857628366887,73.7833257755882,7333600
2022-05-09,71.16136169433594,72.99410331533323,70.78428952341885,72.38026800933008,11161000
2022-05-10,70.3808822631836,72.48547010679759,69.03043845261712,71.91547659015,9261000
2022-05-11,69.17952728271484,71.95933431163319,69.06553122986804,70.214282814938,8060000
2022-05-12,68.91643524169922,69.7319627743746,67.30292214367066,68.44290916880408,10315600
2022-05-13,70.62643432617188,71.46826834059912,69.68813953704235,69.80213559337137,7948000
2022-05-16,70.06520080566406,70.9684182014441,69.14444144067028,70.49488538718737,5703600
2022-05-17,72.72225189208984,73.01163421687578,71.31919519808508,71.59103555090105,6507100
2022-05-18,70.75796508789062,72.09963811967195,70.43350554354886,71.8190268103471,5949400
2022-05-19,70.11781311035156,71.18764575876482,69.71443479362708,69.91612729713981,7852800
2022-05-20,69.60042572021484,71.21393868492667,68.02198330664916,70.69656442677442,8705000
2022-05-23,72.17855072021484,73.08176808552112,70.24057798614102,70.84564878788244,7787700
2022-05-24,71.87164306640625,72.09964185777275,70.19674610868361,71.73134074962034,6225700
2022-05-25,72.1084213256836,72.62579579700108,71.02981745029784,71.27535155128257,6747800
2022-05-26,74.53746032714844,75.0197642171509,72.99409456944285,73.09055534744334,8573400
2022-05-27,75.80896759033203,75.8352805451532,74.46729457740635,75.03728817310909,6300000
2022-05-31,75.53713989257812,76.13343985244592,74.47607800772413,74.94083993271033,10780700
2022-06-01,74.53746032714844,76.09836136708036,73.40624394993544,75.80021473711685,6543900
2022-06-02,74.71282196044922,74.87066622377232,73.3711490673533,74.69528668243584,7468700
2022-06-03,73.76576232910156,74.52867068557495,73.37991931368016,73.80960386884453,5276900
2022-06-06,74.42346954345703,75.65991108229478,74.30946678484528,74.71284520767263,4022400
2022-06-07,74.82683563232422,74.88821914980375,73.55531035553167,73.79208013031102,4514300
2022-06-08,72.95901489257812,74.6514539090795,72.55563651174128,74.09900221820986,6787200
2022-06-09,71.17011260986328,72.6783941778547,71.16134162502172,72.52054990221242,6951700
2022-06-10,67.87293243408203,69.89859529101241,67.47831835538912,69.74952198342488,9671600
2022-06-13,65.9261703491211,66.87323585061688,65.0141820910474,65.78586137543279,10446400
2022-06-14,65.73324584960938,67.32045257265322,65.1281751362723,66.13662409506749,7400300
2022-06-15,66.66278076171875,67.69753615656614,65.1808055102524,66.46986593412088,9273300
2022-06-16,64.84757232666016,65.20710908433496,63.56728294012423,64.97033934384163,11068400
2022-06-17,63.92682647705078,65.43511477985928,63.71636966675001,64.72481217335445,17285900
2022-06-21,65.44388580322266,65.98757320022494,65.0317431253474,65.82972890369538,8063800
2022-06-22,65.24221801757812,65.68944476326314,64.09345938416384,64.5757633932657,6322600
2022-06-23,64.86511993408203,65.35618804549921,63.339296380534925,65.25096298751052,7958000
2022-06-24,68.24124145507812,68.88138968867979,65.78588698220129,66.29449717434478,10795400
2022-06-27,67.90801239013672,68.74984642510096,67.44325047721605,68.74984642510096,5937600
2022-06-28,68.53937530517578,71.22272115055286,68.44291454822293,70.48611234203122,10259100
2022-06-29,68.56568145751953,69.53028233519395,67.96938163836249,68.64460024564434,8534900
2022-06-30,66.69786834716797,67.37309376446821,65.35619518876092,67.1450949634043,10182400
2022-07-01,67.30294036865234,67.56601642732166,65.48773429667993,66.43480007952695,6017500
2022-07-05,66.7417221069336,66.75925738986497,64.54067278725563,65.82096253092696,8706900
2022-07-06,66.16294860839844,66.79432575472283,65.49650090087971,66.43479563491688,6895900
2022-07-07,67.51338195800781,67.70630346543324,66.75923789641786,66.89954688010928,6258300
2022-07-08,67.28540802001953,67.97816207013021,66.99602568092881,67.86416600789859,5890500
2022-07-11,66.48739624023438,66.96092901503346,66.01386346543529,66.52247348543806,4918900
2022-07-12,66.59263610839844,67.75015858027945,65.82095000027694,65.9437170283324,6558400
2022-07-13,65.75080108642578,66.20679194149564,64.9001961989809,65.97879316881013,7780100
2022-07-14,65.49649047851562,65.82971427924956,63.18144577058376,64.90019067857557,13296200
2022-07-15,68.44293212890625,69.0743026680016,66.347114580951,66.59264868342738,11663900
2022-07-18,69.15321350097656,70.50365746850022,68.76737045588376,69.7144360991291,11596800
2022-07-19,71.59980010986328,71.89794670356957,70.00382200926124,70.0301282745528,9952000
2022-07-20,71.74009704589844,72.14347536084652,70.97718864840353,71.44195047453283,7653400
2022-07-21,72.8011703491211,72.8713248560635,71.22273408472923,71.4682681687256,9053400
2022-07-22,72.28378295898438,73.24838384051064,71.60856434900623,72.87131179615119,6564000
2022-07-25,72.38902282714844,72.94147447915044,72.01195074045773,72.68716942623796,6208200
2022-07-26,70.84565734863281,72.40655822955871,70.70534834390611,71.7313395426408,7121600
2022-07-27,72.35395050048828,72.66086810582287,70.99473536076106,71.37180747311555,7751300
2022-07-28,73.42948913574219,73.53571868005311,71.61478000816173,72.37607485804514,6324800
2022-07-29,74.62454223632812,74.91666163547467,73.44719022893855,73.44719022893855,8597700
2022-08-01,74.43865203857422,74.8370077958496,73.48261307933795,74.05801133735453,5439200
2022-08-02,73.94291687011719,74.88125414418705,73.43833838734069,73.76587439514692,7684700
2022-08-03,75.28846740722656,75.76648346206892,74.46520702918369,74.96093138456854,7043600
2022-08-04,75.5628890991211,75.81960544005302,75.0671647186943,75.42124970257736,5722600
2022-08-05,76.24451446533203,76.7579471764426,74.98749514122426,75.23535734555666,6219300
2022-08-08,76.15599822998047,77.20941942151042,76.08517852301027,76.80221623704027,5719700
2022-08-09,76.4481201171875,76.87302482741563,76.01436125565584,76.52778721770329,4920100
2022-08-10,78.68772888183594,79.36935659974903,77.45726543409616,77.48382113021842,7271700
2022-08-11,79.84738159179688,80.41392568506441,79.49329659880841,79.65263754714856,8808100
2022-08-12,81.13981628417969,81.21948338030607,79.7234493181538,80.21918045775816,6259000
2022-08-15,81.45849609375,81.69751090331218,80.0775456517947,80.2457407582467,7348900
2022-08-16,81.28145599365234,81.67980501638586,80.85654451616296,80.98048237714059,5953800
2022-08-17,80.8653793334961,81.29029070939265,79.98015349130405,80.01556333544019,5499000
2022-08-18,81.2017822265625,81.44079026984002,80.54671013778746,80.70605108455189,4664800
2022-08-19,79.67918395996094,80.48473600498566,79.36935625033604,80.24572798720004,6264100
2022-08-22,78.30709075927734,78.66118250826027,77.64317126258625,78.28053506000784,6452800
2022-08-23,78.16545867919922,79.00642067961573,77.86447832657099,78.30709132757724,7487700
2022-08-24,78.43102264404297,78.82052424719986,77.73169329007422,77.8910342410258,5262400
2022-08-25,79.59066772460938,79.758856061127,78.60806638822619,78.84707442103439,4943300
2022-08-26,76.84646606445312,80.10409797923334,76.76679896711254,79.97131272992736,7911500
2022-08-29,75.55403137207031,76.51007699227195,75.29731504329,76.25336066349162,7505300
2022-08-30,74.7396240234375,76.33303336659928,74.54487324219131,76.25335952257232,8849400
2022-08-31,75.43896484375,76.07632867850766,74.4120993869207,74.89897641451024,9223100
2022-09-01,76.27989959716797,76.31530943684602,73.81897314630217,74.9520610010545,7830800
2022-09-02,76.4835205078125,78.81166223599331,75.88156661466758,77.33333657688692,9974400
2022-09-06,75.35928344726562,76.87301902648493,73.61539398143154,76.7933519319809,10689300
2022-09-07,76.8907241821289,77.24481590193854,74.68651352576407,74.68651352576407,7592700
2022-09-08,78.28939056396484,78.33364781226605,76.12943693620639,76.59860564137787,8446700
2022-09-09,79.19231414794922,79.51099603616939,78.60806852203767,78.9798618070485,5976200
2022-09-12,79.80311584472656,80.59096635156722,79.53754537453275,79.67033060962966,8030800
2022-09-13,77.05892181396484,78.50183768420818,76.83761532599107,77.90873791733559,7890700
2022-09-14,77.17400360107422,77.99726405816756,76.24451359173906,77.49268550406121,8341100
2022-09-15,78.13004302978516,79.19231145186224,77.23596294306523,77.31563003553896,8883100
2022-09-16,77.39530181884766,77.63430984363619,75.75763523107192,77.36874612206424,20988900
2022-09-19,78.53724670410156,78.80281043462536,76.20025075605469,76.23566060420545,6011500
2022-09-20,77.18285369873047,78.29823354686933,76.45696868087933,77.9884058112752,8092300
2022-09-21,76.4481201171875,78.9179015392563,76.43926596588399,77.81136900716841,9707800
2022-09-22,75.04061126708984,77.23597490066801,74.5979982304098,76.93500127752029,8376300
2022-09-23,72.1547622680664,74.08455492714859,71.012820089855,73.72160908009667,9990500
2022-09-26,70.60560607910156,72.28753631597351,69.94168678194707,71.63246441342426,8496000
2022-09-27,70.35775756835938,71.57051273008277,69.3574479780472,71.4377274942131,6855400
2022-09-28,72.11935424804688,72.4911475004815,70.54365324642984,70.60561878850228,6693500
2022-09-29,70.69413757324219,71.7298502063966,69.95939849006946,71.52625204111189,5892700
2022-09-30,69.94171905517578,71.84495660264405,69.80893378372647,70.61448605737058,8090900
2022-10-03,71.15446472167969,71.68560573417305,69.33090129025058,70.86234526929456,8169200
2022-10-04,74.33243560791016,75.01405672327259,72.41149661996786,72.76558165178577,7875000
2022-10-05,73.57113647460938,73.99604119027133,72.03969245897017,72.61509073376196,5956500
2022-10-06,71.97772216796875,73.64195133034193,71.81838122165085,72.98687924340267,6434800
2022-10-07,69.8708724975586,71.5173930219318,69.38399560722469,71.43771918817859,7180900
2022-10-10,69.41056823730469,70.57021204147165,68.88828142798374,70.32234986229744,5418000
2022-10-11,68.16239166259766,69.41056337509632,67.75518857480205,68.97679783818887,6271100
2022-10-12,67.80829620361328,68.87057123581936,67.56928820476568,68.15353373180258,6411600
2022-10-13,70.21614074707031,70.5171211620137,66.09983763472285,66.3742623447059,11811500
2022-10-14,66.65752410888672,69.98596918632484,66.24146678577226,68.36601065149664,13658500
2022-10-17,68.28632354736328,69.26007066040148,67.56929274886252,67.99419738733059,11412400
2022-10-18,70.32235717773438,71.34036169756602,69.38401300415578,70.6410390851779,9767800
2022-10-19,68.72894287109375,70.45513078850908,68.48993483396627,70.06563595934809,7429600
2022-10-20,67.80829620361328,69.52563644908405,67.4010931384089,68.72007771415102,7638100
2022-10-21,70.12759399414062,70.40201185065735,67.47191640337279,67.81715394987361,8149000
2022-10-24,70.31350708007812,71.79183299754891,69.55221211882296,70.40202833641825,8143300
2022-10-25,71.26954650878906,71.41117915556875,69.58761577319838,69.58761577319838,8173600
2022-10-26,71.6236343383789,72.63279137378258,71.33150815609416,71.34920970332143,7733400
2022-10-27,71.42887115478516,73.01342612930007,71.3491973217437,72.58851477846486,6466400
2022-10-28,73.4891128540039,73.56061934273679,71.06688680685919,71.74617799211917,7816100
2022-10-31,73.44441986083984,74.50805672209873,73.01539456535053,73.08689423510934,9087400
2022-11-01,74.829833984375,75.0532866626278,74.17734916341361,74.4097418581822,8195600
2022-11-02,75.41081237792969,77.5112661915044,74.56168810828234,74.5885013386187,10907500
2022-11-03,74.7404556274414,75.64319955404594,73.78407842000757,74.23991698203116,6447200
2022-11-04,75.83983612060547,76.6442671100977,75.0800983935651,76.10798205684769,6929700
2022-11-07,76.48338317871094,76.98391500067913,76.07223106506069,76.43868991493466,4599600
2022-11-08,76.22417449951172,77.07329874596627,75.53594326914987,76.51913366362439,4850300
2022-11-09,74.5885009765625,76.27780267189904,74.35611510195233,75.86665056385658,5200800
2022-11-10,79.37040710449219,79.53129333207946,77.33251261530832,77.48446564414428,10013900
2022-11-11,81.14012908935547,81.95350004780695,79.54914723571855,79.54914723571855,9119100
2022-11-14,80.27313232421875,81.65854155992797,80.25525911167509,80.68428440506366,4873400
2022-11-15,80.8898696899414,82.1054528076163,79.87092602060136,81.39934152461143,7336100
2022-11-16,80.2820816040039,80.86305995760709,79.60278352198011,80.86305995760709,4368600
2022-11-17,79.50444793701172,79.65640091741446,78.21736534579175,79.2720620973059,4967300
2022-11-18,79.7279052734375,80.77366889059925,79.1826802449314,80.68428237243059,5450700
2022-11-21,79.62066650390625,80.15695161199875,79.1648210933718,79.60278646940326,4667100
2022-11-22,80.14800262451172,80.61278800027846,79.81729703480568,80.07649613297308,3804100
2022-11-23,80.38037872314453,80.84515718375393,80.14798608322336,80.19267933601961,4961400
2022-11-25,81.25633239746094,81.40827857682883,79.96924283285199,80.13012902842812,2450100
2022-11-28,80.34465026855469,81.42616049135286,80.17482403862243,80.62172942750936,6147700
2022-11-29,81.40827178955078,81.75685738103057,80.08542908963312,80.12118233225077,5307100
2022-11-30,83.18695068359375,83.34783686129643,79.66533480456492,81.58702892178201,10520600
2022-12-01,83.12438201904297,83.56234728373644,82.26632470038021,83.17800847044896,7310400
2022-12-02,82.31995391845703,82.82049248559116,81.79260894395237,82.10544128639019,5197800
2022-12-05,80.27313232421875,81.98031393958644,79.6295875649018,81.76580129289215,8272500
2022-12-06,78.2173843383789,80.22845862092072,77.23419383076104,80.10332565554582,10424700
2022-12-07,78.01179504394531,78.68215305381318,77.50232322921511,77.60064294953447,7066700
2022-12-08,79.27207946777344,79.36145918103279,77.76153708252099,78.36932867961355,6141400
2022-12-09,79.96925354003906,80.22845949090791,78.98606302175962,79.26314218820362,6488300
2022-12-12,81.44403076171875,81.63173018424061,78.90560491115926,79.55808970117413,7496200
2022-12-13,82.86518096923828,85.0550210588315,82.29314272344887,83.71430514165623,10330500
2022-12-14,80.8898696899414,82.83837732098783,80.32677139453808,82.68643113608711,7704600
2022-12-15,78.46763610839844,79.71897235555912,77.69001840455773,79.6832191120135,8795200
2022-12-16,77.63639831542969,77.6453383318577,76.7157743811447,77.34143914641571,17262000
2022-12-19,76.46550750732422,77.79728353039503,75.93815565249729,77.52913759482414,5129600
2022-12-20,76.11691284179688,77.26992249779296,76.09903281129084,76.79620397788702,5206800
2022-12-21,77.64534759521484,78.49446513784737,77.1805621547906,77.23419544052281,5422400
2022-12-22,77.19843292236328,77.38613235180507,75.76833034126187,77.38613235180507,5635200
2022-12-23,76.96603393554688,77.3861260229465,76.28673594700209,77.1626733653283,3316100
2022-12-27,76.02752685546875,77.18948335401701,75.92027394862245,77.18948335401701,7064700
2022-12-28,75.49125671386719,76.16161479046121,75.13373104250338,75.9381620982632,3714900
2022-12-29,76.18841552734375,76.50124788126863,75.5806240314752,75.93814964420385,3461700
2022-12-30,75.99177551269531,76.15266169621941,75.24097786907207,75.70575638856734,4455600
2023-01-03,76.6174545288086,77.40400549228366,75.9560365181765,76.54594803597418,5108900
2023-01-04,77.44871520996094,78.07438010710534,76.13481210672177,76.46552459191862,7726800
2023-01-05,76.79621887207031,77.01967156209793,75.82196841678272,76.77834565733147,5339900
2023-01-06,78.2620620727539,78.61958771369036,76.60851365506149,77.2609984612131,5710900
2023-01-09,78.33356475830078,79.46870810167108,78.127992127735,78.87878979990685,5039700
2023-01-10,79.47764587402344,79.48658589041659,77.61851797984835,78.25312957830678,4536600
2023-01-11,79.93348693847656,80.27313253155596,79.41507512332845,79.879860481473,6122600
2023-01-12,80.91667938232422,82.06075595617499,79.86198251219912,80.46083402831877,7895600
2023-01-13,81.92668914794922,82.21270828909988,78.89666470803847,79.57596272548412,8414600
2023-01-17,86.77114868164062,88.57664338442153,84.91202069712924,85.71645173073847,27914300
2023-01-18,86.32423400878906,87.54875023207376,86.10971454344953,86.52087344239993,14134800
2023-01-19,84.15227508544922,84.89413957059362,83.07076500409572,84.5634271711447,13457100
2023-01-20,86.02034759521484,86.0561008447386,83.9109536079589,84.13440630305605,10785000
2023-01-23,86.81582641601562,86.89627292092177,85.34997748818525,85.68962990120257,8735300
2023-01-24,85.36785125732422,86.52980093138262,83.05287828601479,86.05608241033136,4801600
2023-01-25,85.48403930664062,85.74324518096212,84.41146938876078,84.80474138839233,5891000
2023-01-26,86.25273132324219,86.28848456904181,85.18909442321508,86.0024654218792,6085100
2023-01-27,86.57449340820312,87.0839651665273,85.5466098763607,86.17228137450692,7990800
2023-01-30,86.46187591552734,87.04754027371447,85.5248143172753,85.62392706439483,5870100
2023-01-31,87.69627380371094,87.73231542679211,86.28167275039915,86.7592122263105,7182100
2023-02-01,88.47115325927734,89.2550362354841,87.33586616965758,87.35388354443516,9815200
2023-02-02,89.39019775390625,90.34527680093532,88.26392269873521,89.09285948952413,11118900
2023-02-03,89.5884017944336,90.2641666655952,88.3630142781217,88.51618599910174,6948600
2023-02-06,89.11087799072266,89.38117986198192,88.3630297525218,88.70541487247831,4737700
2023-02-07,89.39920043945312,89.93981103400455,88.34500874894233,88.99373733786204,5060700
2023-02-08,89.16494750976562,90.04795022489083,88.35402805184201,88.58829520062834,4705200
2023-02-09,88.34500122070312,89.92178599708524,88.0566751365627,89.39919282138193,4983800
2023-02-10,88.69640350341797,88.84056311663078,87.9035015709198,87.93053106875742,5224900
2023-02-13,89.5884017944336,89.88573998756128,88.44410963726368,88.71441146118687,4910300
2023-02-14,90.60655975341797,90.99399858884749,89.1739413992572,89.24602464171767,7679500
2023-02-15,90.84983825683594,90.96696836922693,89.65148013883183,89.66049226262692,6464200
2023-02-16,89.71456146240234,90.3182432148556,89.02978433504086,89.90377483820544,6051800
2023-02-17,89.6604995727539,90.1200148102239,88.57026622869398,89.110876838459,8133000
2023-02-21,87.95757293701172,89.20097803489405,87.56112194598971,88.71442642070438,6556000
2023-02-22,87.64221954345703,88.36303835210651,87.05656199494666,87.73232705021643,5072400
2023-02-23,88.24589538574219,88.67838110865563,87.12862570736979,88.19182951470054,5916100
2023-02-24,88.02965545654297,88.2819468429571,87.04754690924959,87.53409855740648,5414200
2023-02-27,87.12862396240234,88.73244520260931,87.02050597095763,88.6693740828544,5645000
2023-02-28,86.94841766357422,87.66022418749004,86.73217481904159,87.50705245903927,6745300
2023-03-01,86.66912078857422,87.18270194198216,85.83117186730468,86.4618831524592,5429600
2023-03-02,86.56999969482422,86.83129630900252,85.12836912887211,86.00235271862289,4632400
2023-03-03,88.59729766845703,88.69641041774564,86.90337568006053,86.99348317885891,6504000
2023-03-06,88.64234161376953,89.38117770953157,88.39005712364154,88.69640748610895,5215200
2023-03-07,86.55198669433594,88.53423499509135,86.47089818676132,88.29996784947966,5461400
2023-03-08,86.4078140258789,86.94842461756566,85.92126243108983,86.17354691559454,4121300
2023-03-09,83.07404327392578,86.45286835623139,82.68660438951858,85.92126984291585,9162400
2023-03-10,81.13684844970703,83.80386665058472,80.39801237293847,82.68659697411587,16206500
2023-03-13,79.28074645996094,81.25398242449226,78.07338298114756,79.77631020080938,15175400
2023-03-14,81.06476593017578,83.26325680600051,80.29890034819582,83.26325680600051,11089300
2023-03-15,76.93810272216797,78.40676295189888,75.39735923749336,78.32567444576537,14814000
2023-03-16,78.39774322509766,79.54203547053363,75.0369359819512,76.18123510162346,15342400
2023-03-17,75.84786987304688,77.93823616338433,75.4153772141809,77.92922403788526,19935800
2023-03-20,77.16334533691406,77.76702703301267,76.01905306409674,76.22628379595797,8649800
2023-03-21,79.97452545166016,80.35295214660789,79.28974842682422,79.49698602124,8905600
2023-03-22,78.8843002319336,81.16387963040026,78.80320486094669,79.96552143402286,7299300
2023-03-23,77.34354400634766,80.01056892829556,76.8029334475557,79.24469652291772,9373000
2023-03-24,75.640625,76.1452008661408,73.63135428278508,76.1452008661408,10978700
2023-03-27,76.26232147216797,77.77603513320948,76.0100370077004,77.54176804153127,6626900
2023-03-28,76.47856903076172,76.73986563484766,75.62260284866777,76.19024292870768,5209900
2023-03-29,77.70396423339844,77.8030769850698,76.9020569693209,77.42465022827218,4873500
2023-03-30,77.58682250976562,78.93835233138611,77.00115821221618,78.62299674785523,4113700
2023-03-31,79.10955810546875,79.17262922998566,77.64089111791708,78.20853811280618,6142400
2023-04-03,78.53289794921875,79.57807746081961,78.0913932478377,79.24469762239163,7728400
2023-04-04,76.42451477050781,78.56893985777539,75.91994577920649,78.38873861066405,6222800
2023-04-05,75.52349090576172,76.16321423664334,74.96485606964245,75.53250302992528,6045400
2023-04-06,75.85688018798828,76.04609357352673,74.97387751457137,75.59558354865304,3877800
2023-04-10,75.68567657470703,76.01004430996615,75.17209547291957,75.64062282705119,6185800
2023-04-11,76.66777801513672,77.2714665569953,75.80279975834122,75.94696623825853,5582100
2023-04-12,77.01016998291016,77.50572679069172,76.39747619161379,77.04621160289655,4641800
2023-04-13,77.20840454101562,77.28949303984979,76.08212956229495,76.93809579642789,5086000
2023-04-14,78.12743377685547,78.74913970023252,77.48771048035623,77.87514930772745,7865900
2023-04-17,80.45207977294922,80.47009714898992,77.73099541690209,78.08239955495043,8876900
2023-04-18,80.9566421508789,81.5783481239541,79.95650944386088,80.30790667884162,10227600
2023-04-19,81.49725341796875,81.72250841014029,77.93822729135313,78.51487952137333,13886200
2023-04-20,81.47923278808594,82.7316499445855,80.83950946078474,80.95663957730922,6776000
2023-04-21,82.10094451904297,82.29916314382511,80.34395140211248,81.52429227148014,6531000
2023-04-24,81.27201080322266,82.42532231314493,80.68635323377264,82.20006728666789,5004400
2023-04-25,79.34381103515625,80.93862012463089,79.19063930034959,80.76742414206088,5806700
2023-04-26,79.68621826171875,80.90259399772206,79.20867871807755,79.42492161299782,6429100
2023-04-27,81.32605743408203,81.9567686092325,80.09165770644611,80.56019190018895,6375800
2023-04-28,81.76683807373047,82.09401503509174,81.03069337755353,81.29424604786554,6374500
2023-05-01,79.912841796875,82.26669107341317,79.82196084367776,81.96678462123951,7745400
2023-05-02,78.42237091064453,79.58566373681403,77.54990129101742,79.58566373681403,6319100
2023-05-03,77.02278137207031,79.23122246044339,76.85919288649556,78.52234133421017,6546500
2023-05-04,75.07791137695312,76.75014332186804,74.16908785894984,76.49567384623083,10359200
2023-05-05,77.14093780517578,77.26817254314814,75.9958251634246,76.15032349756629,8288000
2023-05-08,76.7319564819336,77.76801455654872,76.63198535773635,77.68622378244477,5825300
2023-05-09,76.67743682861328,77.16820232274405,76.06851984858996,76.34116965658683,4381400
2023-05-10,76.0866928100586,77.44992785008466,75.25057698294788,77.31360295932767,4884900
2023-05-11,75.0960693359375,75.26874798761507,74.17816276404626,75.23239422232653,6717800
2023-05-12,74.8779525756836,75.67771459894247,74.2235986776665,75.43233535407188,5208900
2023-05-15,75.38689422607422,75.77768854453204,74.75072065359494,75.1324247970825,5032100
2023-05-16,74.39627838134766,75.49595377908055,74.3508344413189,75.17786700019447,6862900
2023-05-17,76.25936889648438,76.26845213746252,74.97792467384816,75.01427843907598,8216700
2023-05-18,76.78648376464844,76.84101788122737,75.45051231570208,76.06851247801156,5367700
2023-05-19,74.74163818359375,76.72287357126335,74.73255494145904,76.1503172970083,11183600
2023-05-22,74.76889038085938,75.57774950277873,74.44172036956311,74.75071696558742,5520000
2023-05-23,75.10516357421875,75.950369595034,74.42354603916684,74.52351716567621,5521200
2023-05-24,73.81463623046875,74.7325497881805,73.37839795604201,74.53260753464208,6827800
2023-05-25,75.43234252929688,75.55048707565462,73.59652230414248,73.80554780414249,6962700
2023-05-26,76.2502670288086,76.9227942479621,75.27782649284597,75.40506118474607,7411600
2023-05-30,75.81404876708984,76.85919709697399,75.53231572296644,76.48658309672425,5876800
2023-05-31,74.30538940429688,75.68679766634759,73.73282633041154,75.48685544586516,9559200
2023-06-01,74.58714294433594,75.286933975122,74.04185024149612,75.05064486194759,6857500
2023-06-02,76.65924072265625,76.95915406306372,75.37780352947077,75.37780352947077,6218500
2023-06-05,76.1048812866211,77.00462158340169,75.63229609675292,76.70470815114149,6631900
2023-06-06,78.03158569335938,78.36785288205554,75.67772924003218,75.97764265694177,6903900
2023-06-07,78.61322021484375,79.07672206739319,77.95886628977911,78.20425247856433,7410800
2023-06-08,78.4405517578125,78.98585138878364,77.41358372919282,78.5223494759673,6795900
2023-06-09,78.34966278076172,79.03128031596194,77.84981408187816,78.83133806289966,6282600
2023-06-12,79.46751403808594,79.64927593022061,78.16789640138501,78.34056811878143,7053500
2023-06-13,80.2309341430664,80.86711472694503,79.60384373526723,79.83104960084401,6089200
2023-06-14,79.9582748413086,81.33059299520349,79.64927132203128,80.52174083458922,5772500
2023-06-15,80.93074035644531,81.18520984247358,79.43118010375188,79.64020563851506,8603200
2023-06-16,80.05825805664062,81.47602741867593,79.9219400799023,81.44876382332826,13153100
2023-06-20,78.82225799560547,79.25848935278836,78.38601970465017,79.15851822223136,7382000
2023-06-21,78.46781921386719,79.32211553957238,78.43147237486853,78.6677614972257,6343100
2023-06-22,76.79557800292969,77.82254595817177,76.66834328046686,77.72257482855493,6214600
2023-06-23,75.95945739746094,76.26845400882138,75.06880746195559,75.66863420227443,10026600
2023-06-26,75.96853637695312,76.5592729091597,75.65953978292687,75.94127278733569,6377400
2023-06-27,76.7319564819336,77.13184097872258,75.77768918142242,76.25937138608731,6639900
2023-06-28,76.33207702636719,76.85010609788709,76.01399021644662,76.83193268036553,4781600
2023-06-29,77.46810913085938,78.21334408437777,76.91372627026699,77.55899008933281,9066500
2023-06-30,77.61351013183594,78.60412418690598,77.61351013183594,78.17697613241837,6191700
2023-07-03,78.53143310546875,79.66746235233339,78.01339711247711,78.46780881122297,5839300
2023-07-05,78.08610534667969,78.41328232740432,77.56807628282775,78.11336893944468,6734300
2023-07-06,75.73223876953125,77.17726432644824,75.45049886312731,77.11364697992555,8546800
2023-07-07,75.75951385498047,76.37751400090367,75.34145595241063,75.4414270740873,8217700
2023-07-10,75.79586791992188,76.69560108479473,75.59592567577862,75.8140413358568,6141200
2023-07-11,77.21363067626953,77.64077875847096,75.99581072033276,76.25028014791526,11053100
2023-07-12,77.94977569580078,79.71289521399594,77.79527739037202,78.77680827269336,8602300
2023-07-13,78.34966278076172,78.74045711162739,77.92251468263271,78.36784313127944,6026500
2023-07-14,77.95887756347656,79.44934752665213,77.75893528704056,79.44026428410355,7732700
2023-07-17,78.49507904052734,78.97675432997195,77.86798867982357,77.86798867982357,7911800
2023-07-18,83.55723571777344,84.12070185628828,79.1585263243607,79.55841088751815,21630800
2023-07-19,84.6659927368164,85.30216635431243,83.00284422194088,83.09372517675853,12004300
2023-07-20,85.24763488769531,85.55663150531441,84.39333870100623,84.62054454352804,9541800
2023-07-21,85.43848419189453,85.7929247400294,84.57509785805505,85.67477326813658,6298600
2023-07-24,86.03831481933594,86.70175899233506,85.15675495859674,85.43849494460756,7259800
2023-07-25,85.81110382080078,86.85625211824834,85.8020205791108,86.06557326356597,7760100
2023-07-26,85.01133728027344,86.47454343345323,84.78413144200046,85.79292591863427,7201100
2023-07-27,84.29338073730469,86.07467398875721,84.11161880841544,85.11132328485256,8427800
2023-07-28,83.99068450927734,84.9354295437338,83.55041137779362,84.80701800494772,5798400
2023-07-31,83.98149871826172,84.56852481431477,83.50454263943226,84.29336026811038,5242900
2023-08-01,83.41283416748047,83.86227456175978,83.12848832799816,83.65130874523446,4468500
2023-08-02,81.92692565917969,82.67905344990903,81.44079522098816,82.110368730907,6407400
2023-08-03,81.7618179321289,82.1103625412988,81.18396600163312,81.4866463473762,5137700
2023-08-04,81.4407958984375,82.59650685406602,81.19314005185048,81.95444210187031,6191700
2023-08-07,81.706787109375,82.28463904478625,81.61506557964523,82.04615746916554,4663300
2023-08-08,81.14727020263672,81.19312746488866,79.12019446644564,80.57858556706451,6921200
2023-08-09,80.31258392333984,81.64257041920226,80.23003665699488,81.1472658274228,5200500
2023-08-10,80.38597106933594,81.56919764392724,80.09245798867092,80.63362688615244,4250100
2023-08-11,80.44100189208984,80.8996165140468,79.81728572631222,79.85397573581723,3922300
2023-08-14,80.10163879394531,80.16584456690916,79.3586782806159,79.76226142376252,3637500
2023-08-15,79.02848815917969,79.31282703275699,78.62490498540161,79.25779550829814,9308700
2023-08-16,78.87252807617188,79.60631415278924,78.50563503786319,78.64322080196678,5746300
2023-08-17,78.68909454345703,79.70721952351447,78.14792567217528,79.43204796213006,7611200
2023-08-18,77.86358642578125,79.15688296005722,77.69848488944609,77.92779219002806,6650000
2023-08-21,77.27656555175781,78.2488263330204,76.73540364457322,77.98282900650624,5385300
2023-08-22,76.11168670654297,77.75352091586362,75.98326817269117,77.69848939985846,6002300
2023-08-23,76.48773956298828,76.79042686714664,76.01995072909837,76.13002074822046,5878600
2023-08-24,76.53360748291016,77.73517550807158,76.22174591275851,76.2859516775098,5023000
2023-08-25,76.33181762695312,77.18484109062052,75.89154451755229,76.76291648464253,5461400
2023-08-28,77.39579772949219,77.84524507803106,76.8362873551099,76.86381010947423,6439700
2023-08-29,78.46896362304688,78.50564663418392,77.34076858823133,77.4233228580489,6212300
2023-08-30,78.20297241210938,78.88172013760114,77.99200659312862,78.53317552135493,5051800
2023-08-31,78.10208129882812,78.57903748631037,77.74436240874029,78.57903748631037,5581200
2023-09-01,78.65240478515625,79.29446243322062,78.23048018815632,78.88171208773689,4981800
2023-09-05,77.81771087646484,79.1293487254133,77.79019512405164,78.73493994571824,4919400
2023-09-06,77.19401550292969,77.7351773906674,76.45105506663907,77.30407853208112,5384000
2023-09-07,76.90049743652344,77.84524944810455,76.84546592051237,77.03808322445497,5504200
2023-09-08,77.89110565185547,77.91862140948645,76.73540184393187,77.18484221367993,6127600
2023-09-11,76.59781646728516,78.57902800424638,76.45105642859717,78.31303068255225,7780900
2023-09-12,78.46896362304688,79.36784435188191,76.3409920840102,76.44188086149259,8942600
2023-09-13,80.02825927734375,80.53273820948591,79.01930841096386,79.01930841096386,10617400
2023-09-14,81.69760131835938,81.73429132465014,80.64278638068491,80.78954640584801,8109600
2023-09-15,81.09225463867188,81.38576776684862,80.66115570087057,80.89046305094318,17629500
2023-09-18,81.3674087524414,81.67927034717775,80.30342642441498,81.23899721281587,5501900
2023-09-19,81.18396759033203,82.06450688170635,80.66114716739402,81.43161642313247,5769000
2023-09-20,79.92735290527344,81.77098557922467,79.85397288887954,81.47747251155263,5268200
2023-09-21,77.85442352294922,79.34951181933639,77.80856625489042,79.19357751380394,6933900
2023-09-22,76.39603424072266,78.17546143860527,76.1392111395653,78.17546143860527,7420600
2023-09-25,76.15753173828125,76.3868390153436,75.48795840808474,75.79063869540094,4748800
2023-09-26,75.36872863769531,75.91906480888625,74.95597825877813,75.2861813610735,5557000
2023-09-27,74.89176940917969,75.77230864645774,74.37811627233964,75.58886559623875,5708200
2023-09-28,75.3870620727539,75.71726510904351,74.70830749932378,74.73583025060015,5665400
2023-09-29,74.91011810302734,76.21258207910985,74.32309188851397,76.13920905072403,6830500
2023-10-02,73.75440216064453,74.7266628578874,73.28661331665452,74.38728554002748,6722200
2023-10-03,71.56222534179688,73.23158235137049,71.38795653718314,72.99310777707716,7526800
2023-10-04,72.54366302490234,72.72711308629229,71.18616756013833,71.63560796421115,6848700
2023-10-05,72.59869384765625,72.95641268207223,71.56222035489405,71.98415195241893,5589300
2023-10-06,73.68103790283203,74.10296257861606,71.91078491644208,72.20429803863553,6306400
2023-10-09,73.29579162597656,73.45171891663844,72.39690389539545,73.01144580417134,5125000
2023-10-10,73.49757385253906,74.39646155465852,73.39667807991637,73.60764387664659,6245400
2023-10-11,72.36939239501953,73.57096052582993,72.19511659055544,73.29579593751751,8928700
2023-10-12,71.36961364746094,72.34188151926055,70.8926574634477,72.34188151926055,11654600
2023-10-13,71.35126495361328,72.67207732694388,70.93850758799552,71.72732531118974,6442800
2023-10-16,72.21344757080078,72.62619785205739,71.42463001283723,72.26847907552768,7901500
2023-10-17,73.68103790283203,73.95620251856693,71.52555025567035,71.5347175109948,12324800
2023-10-18,68.68212127685547,70.6908555022084,67.32462595398503,70.1038293629287,34732300
2023-10-19,66.88436889648438,70.13136194466657,66.8568531330269,68.67297049817822,17486100
2023-10-20,67.07696533203125,67.87495721310611,66.36152771350355,67.06779807900618,11270600
2023-10-23,65.76533508300781,66.83849863463846,65.34341046354012,66.71008709818759,12847100
2023-10-24,65.63692474365234,66.13222939238364,65.19665861004943,65.8112005454015,9265500
2023-10-25,65.49016571044922,65.9487803064637,65.24250990977549,65.35257993206419,8461700
2023-10-26,66.1047134399414,66.6733981085737,65.49017150639126,65.55437727559942,10903200
2023-10-27,64.57293701171875,66.04967658199907,64.38031971966959,65.95795506167615,11099100
2023-10-30,65.53851318359375,65.81704774915221,64.4522411280866,65.03716229907371,9769600
2023-10-31,65.75205993652344,65.93774493207002,65.24141557362755,65.70563514592253,8949000
2023-11-01,65.87274932861328,66.76405707119841,65.64063956060065,66.07700705781288,9429000
2023-11-02,68.20314025878906,68.26813071704755,66.522667635656,66.55051967727698,11638000
2023-11-03,70.80277252197266,71.19271527023481,69.20585602898056,69.25227373705253,14951100
2023-11-06,70.48709869384766,71.26699126462319,69.96717503561636,71.1927144324677,8140300
2023-11-07,70.10643768310547,70.71920379924387,69.56794131077638,70.43138994798403,7657700
2023-11-08,70.53352355957031,70.73778130650015,69.68864053062026,70.0507312334764,8075200
2023-11-09,68.88091278076172,70.62637608551128,68.66736862862697,70.26428533124637,9497200
2023-11-10,69.93931579589844,69.99501987256741,68.75091493744122,69.31726332833534,8924000
2023-11-13,69.67007446289062,70.11572128687136,69.21514126407698,69.40082626016418,4868400
2023-11-14,72.70606994628906,73.30955683020048,71.18343025719402,71.19271663235756,12287700
2023-11-15,73.97801971435547,74.31225832062763,72.88246141233611,72.94745185892084,9841600
2023-11-16,73.95945739746094,74.5350850694199,73.38382264207424,74.2565576072091,6757600
2023-11-17,74.53508758544922,74.68364123705179,74.21942170093571,74.58151237243202,6080700
2023-11-20,73.99659729003906,74.46081686421353,73.66235862995916,74.30298390901707,7644600
2023-11-21,72.8546142578125,73.66235170757506,72.62250449253767,73.41167627778651,7394800
2023-11-22,72.8731689453125,73.22598026877951,72.61320718071165,73.15170345505732,4265400
2023-11-24,73.02174377441406,73.26313994738648,72.46468167660986,72.65965305666988,2398000
2023-11-27,72.371826171875,72.74320323451445,72.03758752384232,72.66892640530091,5237800
2023-11-28,71.37840270996094,71.90761276739119,70.86776540313747,71.82405663994747,9197900
2023-11-29,72.92888641357422,73.83875266847929,71.80546898815238,71.9354569651377,7420700
2023-11-30,73.662353515625,73.79234150412314,72.61321990086572,73.133143521146,8480500
2023-12-01,75.10143280029297,75.18499599663157,73.10528746298709,73.42096041753736,9617100
2023-12-04,75.39855194091797,75.64923450945537,74.33084536834525,74.41440858566754,6713800
2023-12-05,74.43295288085938,75.05500531042631,73.89445656119214,74.90645875390659,6103200
2023-12-06,73.72735595703125,75.90918653265024,73.65307912535548,74.99931305319333,7321800
2023-12-07,74.60008239746094,74.80434013863913,73.922325801837,74.05230671287251,5430400
2023-12-08,76.39196014404297,76.74477149908712,74.41438761482499,74.53508213535578,10343400
2023-12-11,76.89331817626953,76.91188383967726,76.09486006461512,76.4755234570346,6378100
2023-12-12,77.61750030517578,77.67321146285522,76.6612092522381,77.00473423812237,7395300
2023-12-13,79.50223541259766,79.94788928513995,77.33897775205885,77.49681069472733,10144600
2023-12-14,84.52510833740234,85.41640914806632,80.96918438697614,80.98775713829389,19849500
2023-12-15,85.02645874023438,85.26784781826645,83.80091935013759,84.48796233521783,16905700
2023-12-18,84.26514434814453,85.11002034250444,84.12587705051209,85.10074105051021,9145500
2023-12-19,85.34211730957031,85.7506327656082,84.20942051486736,84.4136782428863,8114900
2023-12-20,84.6179428100586,85.70421490585294,84.42297144030796,84.91504305207316,10467000
2023-12-21,86.0013198852539,86.0291790111202,85.08216706767548,85.54638666410908,7748000
2023-12-22,85.79706573486328,86.95761467890095,85.62994640358471,86.25199893756604,5800800
2023-12-26,86.1962890625,86.36340839628154,85.75992860308641,85.9827520203189,2726200
2023-12-27,86.95761108398438,86.98546312414126,85.78777581339656,86.05702400729375,4073200
2023-12-28,86.93903350830078,87.22684735184778,86.56765646549398,86.63264691672808,4089500
2023-12-29,86.57695007324219,87.05973531082947,86.4005443693985,86.79977348417258,4772100
2024-01-02,87.18043518066406,87.41254496171832,85.66707487479616,86.0291726499949,6132200
2024-01-03,85.33283996582031,86.53052015575088,84.73863243283215,86.53052015575088,7487900
2024-01-04,85.55567169189453,86.4748244949963,85.1007384779149,85.55567169189453,8735600
2024-01-05,86.56765747070312,87.20828269989798,85.472099077587,85.61136635568519,6027800
2024-01-08,86.81835174560547,87.1154520068509,85.67636841065737,86.5398171516877,6738400
2024-01-09,85.47210693359375,86.19628834615247,85.10073693576884,86.11273222167047,7594100
2024-01-10,84.9336166381836,85.3885498387493,84.75721093282138,84.98003434566989,6929200
2024-01-11,84.03302001953125,84.4415283829563,83.13243301174809,84.4415283829563,9400700
2024-01-12,83.2809829711914,85.32355320530664,83.03030753531077,84.74791842340153,8303100
2024-01-16,79.81790924072266,81.85119310280348,78.73163721170471,80.53280421919492,20369000
2024-01-17,78.36953735351562,79.04729383918392,77.89603149246058,78.77804568616938,17198500
2024-01-18,77.89604187011719,78.89875779766922,77.32040707835327,78.75949051604897,15016400
2024-01-19,79.23299407958984,79.46510386831622,77.24613485476635,77.90533288816644,14787400
2024-01-22,79.59508514404297,80.56065555017406,79.32583696185003,79.34440262667147,11626500
2024-01-23,80.53279876708984,80.63492762616143,79.09372253336501,79.53936929710689,8555700
2024-01-24,81.30341339111328,81.98117706488866,80.95988836694927,81.07130361129585,12480900
2024-01-25,81.7212142944336,82.09259138669829,81.08059607079159,81.83262954714166,8792400
2024-01-26,81.45196533203125,82.16686032207993,81.37768850403373,81.59122553024137,6384400
2024-01-29,81.34983825683594,81.6562177830771,79.58580251188134,81.14558051705626,7440300
2024-01-30,82.14673614501953,82.5686236069525,81.34982647920835,81.5467149244487,6569300
2024-01-31,81.79047393798828,83.20615245006853,81.78110374689584,82.23111611513242,8414700
2024-02-01,81.39671325683594,82.66238290762438,80.29042269220814,81.74360346155423,8365000
2024-02-02,81.81858825683594,82.19360328384285,80.62792323536696,81.06856535563882,7728600
2024-02-05,80.5248031616211,81.17170397859762,79.77477302156666,81.17170397859762,7788700
2024-02-06,80.7216796875,81.14357429862264,80.2716673523497,80.2716673523497,7335500
2024-02-07,80.62792205810547,80.99355973707388,79.94351910734969,80.87168289502327,4952200
2024-02-08,80.2998046875,80.84357623358703,79.84041493785595,80.32792956870826,6218200
2024-02-09,80.5248031616211,80.65605736320799,79.990409011498,80.33729920301624,5664500
2024-02-12,81.44358825683594,82.16548635254554,80.29041818904096,80.49667683147725,7888000
2024-02-13,78.72473907470703,80.4966779414263,77.89970449358567,80.4966779414263,11339400
2024-02-14,78.75286102294922,79.65289286201629,78.46222775331366,79.25913027357768,5973700
2024-02-15,80.31855010986328,80.84357410559771,79.13726221330138,79.17475728537997,7993500
2024-02-16,81.09669494628906,81.36858067785745,79.75602097493714,80.17790843434013,9673900
2024-02-20,80.0185317993164,81.08732007163775,79.78414828077545,80.57168062253805,6626400
2024-02-21,80.12165832519531,80.14041301160216,79.24975138052089,79.69977086766325,6444000
2024-02-22,80.48731231689453,81.32171721042604,80.25292875909763,80.58106430944959,6782100
2024-02-23,81.14356994628906,81.79984088018968,80.59042117101563,80.69355048245954,5810100
2024-02-26,80.31855010986328,81.88423044700184,80.21542077960213,81.09670518262725,5608100
2024-02-27,80.1497802734375,81.04981206201931,79.80289726857325,80.59979974413682,8066700
2024-02-28,80.6748046875,80.71229975354474,79.95289949184344,80.09353102437028,5624100
2024-02-29,80.66544342041016,81.22796250980515,80.01854253355584,81.08733094925184,7657100
2024-03-01,81.07794189453125,81.36857513999233,79.79351776443181,80.8341810564709,5523700
2024-03-04,84.41556549072266,85.54060347320825,82.08110774301568,82.39048853886813,19876000
2024-03-05,83.56241607666016,85.44686171784102,83.08427881097768,83.61867298948354,13883600
2024-03-06,80.30916595458984,82.45611252228285,79.15599598618395,81.3498221150511,25614600
2024-03-07,80.75917053222656,81.67795691236978,80.29040357666322,80.70292078646011,9145700
2024-03-08,81.60296630859375,82.80300877370556,81.02169261019765,81.20920371588218,9689300
2024-03-11,81.50921630859375,81.79984958843042,80.47792308436529,81.39670964245498,4737200
2024-03-12,81.61235046386719,82.27799885076678,81.19045580547647,81.79047708811324,5110900
2024-03-13,83.76866912841797,84.60307389248237,81.79984897897181,81.98735293498862,10345800
2024-03-14,83.53428649902344,83.81554958886959,82.74676129196223,83.4405345200139,9235300
2024-03-15,82.85926055908203,83.76866977368528,82.66237925790259,82.95301969063009,20363000
2024-03-18,82.46549987792969,83.15927312007979,82.2217390052973,82.84051495440622,5960000
2024-03-19,82.89676666259766,83.52491281760328,82.3717498348697,82.50300404180169,8546400
2024-03-20,85.64373779296875,85.76562180261713,82.41862538344236,82.54987958397334,10811700
2024-03-21,87.56568145751953,88.46571328468337,86.21563014036519,86.21563014036519,13659900
2024-03-22,86.20625305175781,87.99694652092961,86.00937175956074,87.67818122440781,5909300
2024-03-25,85.44686126708984,86.76878784278864,85.30622971500009,86.03750520248543,3670400
2024-03-26,85.57810974121094,86.16876078985068,85.25935158712764,85.70936394028257,4211900
2024-03-27,87.65943145751953,87.69693367690891,86.1687557890807,86.28125529443187,6394500
2024-03-28,88.27821350097656,88.81260764709141,87.61255800144183,87.893821090057,6707700
2024-04-01,87.68755340576172,88.54071277454295,87.35004059534461,88.27820440040003,3416000
2024-04-02,86.91878509521484,87.91256894708302,86.75940601572985,87.09691886217895,5245400
2024-04-03,87.19065856933594,88.40945558250702,86.95627507855815,87.14377901005379,4821100
2024-04-04,86.5156478881836,88.82198097674924,86.12188527246164,88.315711691042,5466100
2024-04-05,86.69377136230469,87.46254896716898,85.8874915385669,86.48751273490895,4654800
2024-04-08,87.38754272460938,87.56567647237523,86.44063138785678,87.19066144420242,4601900
2024-04-09,88.20320892333984,88.25945867985067,87.03129131058124,87.76256675649181,4951600
2024-04-10,85.92501068115234,87.08755108393584,85.48436846362148,86.50627730613495,5994200
2024-04-11,81.41545867919922,86.06563415928738,79.69977669403741,85.99062971381102,24631800
2024-04-12,80.80606842041016,81.38733499937136,79.80290719404213,80.44043068434821,12789800
2024-04-15,81.55609130859375,83.56241375839798,80.14979012492812,82.31549881168924,9553900
2024-04-16,83.57179260253906,85.40935865717533,82.50300425599366,85.04372091508442,18291600
2024-04-17,84.45307922363281,85.72812625910716,84.06868678297718,84.49995164014967,9544600
2024-04-18,84.621826171875,85.41872869149684,84.13430445559578,84.99684122605505,6752000
2024-04-19,84.99685668945312,85.89688869153687,84.71559355944385,84.71559355944385,8143000
2024-04-22,86.33750915527344,86.87191044238762,85.04371471245399,85.41872977137504,7294400
2024-04-23,87.9031982421875,88.17508398650497,86.40314512941654,86.40314512941654,6393900
2024-04-24,87.98757934570312,88.19383800502645,87.21880162183675,87.29380607119396,5100900
2024-04-25,86.77813720703125,87.80005289765562,85.92498506066485,87.19065442007039,6770600
2024-04-26,87.03130340576172,87.48131582602375,86.62816340483366,86.72191539632004,4606100
2024-04-29,87.154296875,87.81663257616638,86.41626360258095,86.41626360258095,4416100
2024-04-30,85.95262145996094,86.88936266237906,85.67823039706184,86.67173394958718,5860000
2024-05-01,86.61495971679688,87.5043880845246,85.84854170055671,86.36894623273908,4713600
2024-05-02,87.66524505615234,87.92071533665896,86.67173428091134,87.56116269993022,4449200
2024-05-03,88.60198211669922,89.34001541811708,88.2613502515959,88.31811982280712,5043500
2024-05-06,89.69010925292969,89.8036556116979,88.65874967947579,89.47248053668673,5105100
2024-05-07,90.63630676269531,90.76877390441666,89.61441119605817,89.8131119086402,7418000
2024-05-08,90.49436950683594,90.88231412346983,89.9834217580319,90.29566880767614,4662600
2024-05-09,92.83148193359375,92.97341307061355,90.44705904463034,90.44705904463034,6766700
2024-05-10,92.99234771728516,93.66414749915637,92.37731751111842,93.4275979751629,6118400
2024-05-13,93.25727081298828,93.64521545076,93.12480367299737,93.43705073965496,5379000
2024-05-14,94.03314971923828,94.790110967184,93.4559683919361,93.67359709686868,6216600
2024-05-15,95.11182403564453,95.5470814877504,94.61034022825258,94.65765301793483,6938500
2024-05-16,94.22240447998047,95.00775060175941,94.0993941121607,94.76173708503816,4339300
2024-05-17,94.82796478271484,94.90366235530917,93.95746435463377,94.52518171125544,4690800
2024-05-20,94.93205261230469,95.46192121317148,94.03316012849906,94.66711831187129,5690200
2024-05-21,96.0674819946289,97.69494371320751,94.76173135058968,94.9131192770828,8337100
2024-05-22,95.31997680664062,97.0042079557009,94.78064427892001,95.83092455167868,5194300
2024-05-23,93.597900390625,95.1496644661847,93.18157819744492,94.97934854477363,5594500
2024-05-24,93.64521026611328,94.53463863016724,93.49381513226695,94.09938122981768,3550500
2024-05-28,93.3613510131836,94.1088482681141,93.10588074021831,93.13426552400139,5541600
2024-05-29,92.03667449951172,92.4435399203812,91.27972044553626,92.13130007281165,4679600
2024-05-30,91.99883270263672,92.54762204424715,91.3932593544872,92.43408290683975,4548800
2024-05-31,92.57600402832031,92.68955038121081,91.21348388822163,92.09344827109997,7155500
2024-06-03,92.16915130615234,92.87879981124222,91.33649244007279,92.87879981124222,5671200
2024-06-04,91.38379669189453,92.30160982777213,90.52275312106761,91.07154964628144,5409600
2024-06-05,91.45950317382812,92.35838839637175,91.30810802704465,91.62981188558264,4499700
2024-06-06,91.63927459716797,92.20699195177957,91.08102124382663,91.28918595826504,4741200
2024-06-07,91.91365814208984,92.42460584497283,90.76875961520852,90.94853951592198,4018400
2024-06-10,91.20401763916016,91.62034703724498,90.27674771295688,91.42164633877285,4566000
2024-06-11,90.29566955566406,91.27025227724752,89.63333388631143,91.27025227724752,5330000
2024-06-12,90.50383758544922,92.62331902423938,90.45652479921951,92.08398646824178,5435700
2024-06-13,90.08751678466797,90.40922788018514,89.51979939019344,90.36191508942963,3955900
2024-06-14,90.36190032958984,90.3808211114505,88.9331394653854,89.31162007285296,3406600
2024-06-17,91.81904602050781,91.96097715074153,89.58601837617663,89.89826541890736,4874100
2024-06-18,92.32054138183594,92.43408774410315,91.60142885864639,91.80012957842546,4558400
2024-06-20,92.1975326538086,92.75578599191795,91.88528559067068,92.38676936054318,3956800
2024-06-21,90.98640441894531,92.12183914727494,90.73092691277448,92.0839903604749,10785300
2024-06-24,91.87582397460938,92.40569976127266,91.00532355076528,91.5257353361709,8418200
2024-06-25,92.53816223144531,93.04910277088072,91.47841793053745,91.582500282364,7439700
2024-06-26,91.6771240234375,92.42462131281376,90.91070595030646,92.14075902406707,6514200
2024-06-27,90.61737823486328,91.15671079986429,90.04966088521766,90.91070452033243,5437800
2024-06-28,91.96099090576172,92.08399405360659,90.98640806805709,91.53519745137272,9058800
2024-07-01,93.82499694824219,94.0331544439145,92.19753523662963,92.27322559009328,7420600
2024-07-02,94.28862762451172,94.4305587614925,93.31404488625051,93.64521272659401,5570900
2024-07-03,94.80903625488281,95.18751689683984,94.1467005456464,94.55356597243957,3112000
2024-07-05,94.23184967041016,94.72387664332277,93.58844199938467,94.71441264259668,3633200
2024-07-08,95.17805480957031,95.82146974816064,94.45894951620075,94.45894951620075,3884400
2024-07-09,97.08936309814453,97.36376134411422,94.60086532243689,95.18750337617082,7113600
2024-07-10,97.89363861083984,97.94095139569906,96.56896004287354,96.99475344985419,5619000
2024-07-11,99.0101547241211,99.6251848466705,98.34781903455564,98.64113809437497,7761000
2024-07-12,98.48974609375,100.12667180573315,98.3762069541585,99.3507897365473,7060600
2024-07-15,99.5968017578125,100.79847002045294,97.68547778867705,98.34782070843316,10093900
2024-07-16,100.50515747070312,103.23966924258059,97.27861867295006,98.52759980329229,16716400
2024-07-17,101.20532989501953,101.91497834370097,98.90606863253495,99.43593716416356,11412000
2024-07-18,99.1710205078125,101.83929885989522,98.71684946260446,100.79848239413164,9130700
2024-07-19,96.59735107421875,99.0858564528565,96.25672643308675,99.07639245148903,12555900
2024-07-22,96.92853546142578,97.67603282505625,96.46489319582146,96.95692024933653,8931200
2024-07-23,97.9314956665039,98.565446611225,96.68251456125304,96.9379848518852,7400600
2024-07-24,96.48381805419922,98.40459897532526,96.27565332441678,97.32593375637843,7967400
2024-07-25,97.9882583618164,98.58436769632377,96.37026071757185,96.58788942454959,5582300
2024-07-26,98.58436584472656,100.1928994578693,98.44243470970399,99.21831673305432,6599600
2024-07-29,96.96636962890625,98.94391989026904,96.82443849183736,98.84930153852893,5183400
2024-07-30,98.17750549316406,98.51813734717973,97.25022828636193,97.98826156375661,6225500
2024-07-31,98.53550720214844,99.595234690821,97.61898750888994,98.41139766417682,5444600
2024-08-01,97.15119934082031,99.28019653920177,96.6070154491775,99.05106839636593,5678100
2024-08-02,91.50885009765625,94.53527567793606,90.7355381900005,94.51618470410246,11120700
2024-08-05,87.90006256103516,89.1411872483145,86.8212439491261,88.45379556205837,9659500
2024-08-06,88.7593002319336,89.58989243149104,87.3749677595847,88.02417019534269,6068300
2024-08-07,87.93824768066406,91.01241186481248,87.84277823623154,90.3250202107356,7215700
2024-08-08,90.34410858154297,90.73554276143882,88.5778984169786,89.25574092191513,6592300
2024-08-09,90.43003845214844,90.81192351232558,89.7617377758755,90.01951328713206,3542600
2024-08-12,90.54460906982422,90.90740319558839,89.30349158927221,90.60189656980685,4196300
2024-08-13,92.32990264892578,92.41583024292976,90.64961283982215,91.43247389567988,5941500
2024-08-14,94.93627166748047,96.0341812641432,93.09368288236402,93.33236014839541,10161700
2024-08-15,96.08191680908203,96.62610066829751,95.61411142087796,96.23467375110485,5885100
2024-08-16,96.84569549560547,96.90297571199157,95.91007735280147,96.07237615513044,4159700
2024-08-19,97.14165496826172,97.41852149284783,96.71203876892105,96.92206866122697,4070500
2024-08-20,96.21558380126953,97.02708509525992,96.04373586857783,96.66429825240078,3396900
2024-08-21,96.12965393066406,96.64519767754294,95.43271313844305,96.52108084279229,3576000
2024-08-22,96.00553894042969,96.4065222738295,95.37543476026188,96.19648511915625,2777300
2024-08-23,97.27529907226562,97.9340506106939,96.253760737348,96.36832843911645,3814800
2024-08-26,97.69537353515625,98.38276517928513,97.36122684255238,98.37321604982456,2679000
2024-08-27,97.45670318603516,98.19182596181412,97.4185139493405,97.81949000885628,2537200
2024-08-28,97.5712661743164,98.04862071975602,96.82659424884697,97.27530868697659,2836800
2024-08-29,97.9531478881836,98.25865449537127,96.69293222305289,98.25865449537127,3325600
2024-08-30,98.91740417480469,99.10834306918227,97.47579148554267,98.24911076063127,4951400
2024-09-03,94.77396392822266,98.58325827163043,94.0006519306799,98.1918240659569,6634000
2024-09-04,95.61412048339844,96.73112841336822,95.1654060284911,95.22268624525287,4212500
2024-09-05,95.05081939697266,96.71201819102788,94.63075241788783,96.4256025965077,4462400
2024-09-06,92.21533203125,96.23466303541485,91.7857159263892,95.18447738557543,9246800
2024-09-09,93.73333740234375,94.53528953018545,93.17960438996607,93.3323613384229,5281500
2024-09-10,92.2439956665039,93.97201680296791,90.59234572214841,93.94337669544568,7798600
2024-09-11,92.63541412353516,92.74043269739845,89.82856730182847,91.16516137330078,6764100
2024-09-12,92.2630844116211,93.26553185376343,91.34656457381917,92.9600252411628,4751200
2024-09-13,93.80015563964844,94.26796099216423,92.46356163432338,92.4826598925452,5354800
2024-09-16,95.55682373046875,95.6523004609639,94.2870662507947,94.65940219139976,4467200
2024-09-17,95.31814575195312,96.25376380323452,94.93626796826454,96.12010512217316,4748600
2024-09-18,94.8026123046875,96.4351639186299,94.74532480822934,95.58547344032979,5195900
2024-09-19,96.16783905029297,96.83613242476765,95.0126347712201,96.63564441242525,9091900
2024-09-20,97.82903289794922,97.88631310741094,95.65229753218391,96.30149994687284,14513400
2024-09-23,97.82903289794922,97.88631310741094,96.72156695601156,97.08436103954021,3962400
2024-09-24,97.93406677246094,98.22047514836977,97.33259534373205,98.11545655871403,4749700
2024-09-25,97.70492553710938,98.15363997832874,97.11301055835392,98.09635976331431,3825100
2024-09-26,99.86256408691406,100.04396113527345,98.30639097452901,98.40186042172007,5183000
2024-09-27,99.39476013183594,100.37810929141818,99.30883252942718,100.17762126426713,3113300
2024-09-30,99.51887512207031,99.67163207520596,98.44960558553043,99.04152056930003,3378600
2024-10-01,99.69071197509766,100.42584198363588,98.39230715312901,99.4615838547066,5437400
2024-10-02,99.78617858886719,100.62632714623157,99.20381281685516,100.08214332332574,3293600
2024-10-03,99.83391571044922,99.95802525313063,98.48777986371564,98.88875587901065,4587200
2024-10-04,102.99400329589844,103.1849494643519,101.79107521197356,102.73623507330069,5608900
2024-10-07,102.764892578125,103.9869191277389,102.41164756956205,102.8126309492845,4439900
2024-10-08,102.62166595458984,103.30905758382345,102.52619651360773,102.77442288724241,3679400
2024-10-09,104.1014633178711,104.41651901506413,102.36389334466413,102.36389334466413,4445800
2024-10-10,103.18494415283203,104.0919147337815,102.77441901660359,103.52863995450473,4065500
2024-10-11,105.45714569091797,106.43095286145771,104.06327155153748,104.06327155153748,5826200
2024-10-14,107.19473266601562,107.3474896126835,105.54309006231894,106.02044459487786,7179300
2024-10-15,107.13744354248047,110.80352255138169,106.95604650436192,110.20205851256706,8925200
2024-10-16,114.0972900390625,115.94942079618575,111.22361352147526,111.58640036828541,21458500
2024-10-17,114.03045654296875,114.90878716151502,113.35261396014374,114.34550500832943,9357200
2024-10-18,115.57707214355469,115.63435963802827,113.71539245982915,114.11636850188513,6852900
2024-10-21,112.92298889160156,115.22384127217101,112.54110380257877,114.91833465772322,7469100
2024-10-22,112.96116638183594,113.23803286048927,111.93962806314678,112.3215131124566,4429600
2024-10-23,112.92298889160156,113.3621541946295,111.8919013363957,112.55065293286371,5661600
2024-10-24,113.77266693115234,113.93496570896134,112.59837896953258,113.03754422446652,5611800
2024-10-25,111.58638763427734,114.56508239883365,111.06130204359376,114.56508239883365,7271700
2024-10-28,113.73448944091797,114.25958234551658,112.18786540164969,112.77023851989462,5994000
2024-10-29,113.89678955078125,114.65100327044195,113.43852601406856,113.50535535443792,4622200
2024-10-30,112.57928466796875,113.9158787382273,112.45517511890289,113.23803621544906,5673000
2024-10-31,111.86241149902344,113.45976214625581,111.33316704567761,112.70919528293614,5374600
2024-11-01,112.43976593017578,113.56560522818896,111.91052881112788,112.26655931960138,4372100
2024-11-04,111.7565689086914,113.01712369770968,111.56412037377478,112.59373545260489,4366300
2024-11-05,113.36354064941406,113.45014763197398,111.70845676569492,111.70845676569492,4798400
2024-11-06,126.52720642089844,128.4805873917101,122.84175952740455,124.62192656450806,22798700
2024-11-07,123.59232330322266,126.58494393232253,123.24591010656903,125.80551791057195,7780000
2024-11-08,124.64118194580078,125.59382192081578,122.93798982265565,124.11193751523687,6979300
2024-11-11,128.4805908203125,128.9328528978285,125.62268564234142,125.62268564234142,6861300
2024-11-12,127.3162612915039,128.7692792147179,126.73891571997301,128.16305241587332,5683300
2024-11-13,127.74925994873047,129.56792546034066,127.47021182258987,128.42285173167315,6134800
2024-11-14,127.43171691894531,129.81812540225133,126.99870410542671,128.07644217890942,7344200
2024-11-15,129.0001983642578,129.3273622895879,127.53756330359195,128.33623854451872,7281900
2024-11-18,128.73077392578125,130.39547485960173,128.3843607279402,129.60643154850177,6434100
2024-11-19,127.24890899658203,129.02907616889274,126.95059690380948,128.23040085824832,7244800
2024-11-20,126.71965789794922,128.60567386017772,126.10381385354478,128.1341772110607,5125600
2024-11-21,129.89512634277344,130.4532373736505,128.11494435320213,128.17267744555457,5547400
2024-11-22,129.6064453125,130.5494534078709,128.9040015555418,129.59681334191902,6334100
2024-11-25,128.61529541015625,131.09792064259824,128.5383130754822,130.3281119787367,8012300
2024-11-26,126.32514953613281,126.81589552133781,123.67894170207889,125.81515429183666,8817300
2024-11-27,126.2577896118164,127.43173003577064,125.64194551338467,126.5272204872002,5507800
2024-11-29,126.64269256591797,127.72041611765049,126.45986131706003,127.2874032393924,4068200
2024-12-02,126.08456420898438,127.98021213478415,125.89211569874118,127.3066350074929,5512100
2024-12-03,125.516845703125,128.16305330219834,125.10306742526252,128.16305330219834,4791300
2024-12-04,125.08382415771484,126.24814719797573,124.74702824990501,125.27627266951464,6203700
2024-12-05,125.40137481689453,126.88324455627685,124.5353344617993,125.03571235477338,4991900
2024-12-06,125.05496978759766,125.64194734959398,124.30439555762318,125.5938315462405,5013200
2024-12-09,123.72704315185547,125.83438894989462,123.48647883121868,125.59382462925784,7753900
2024-12-10,122.00460052490234,123.75590846810846,121.75441157831851,122.81289311033268,6551300
2024-12-11,122.77439880371094,123.12081200046214,121.5138441575242,122.92836348735156,8835400
2024-12-12,123.08232879638672,123.96760370749786,122.55308437048319,123.06307954011373,3610500
2024-12-13,122.59158325195312,123.94836224692334,121.92762335614007,123.1689361719711,6091500
2024-12-16,124.16006469726562,124.4294955806381,122.58196323056316,122.91875183477875,5659700
2024-12-17,122.91874694824219,123.84251308655608,122.37988520291925,123.26516750923065,7141400
2024-12-18,116.47161865234375,123.54420798560541,115.74992571341011,123.32289292887228,7858800
2024-12-19,115.9520034790039,120.22442819711779,115.75955495752368,120.0704635067812,8632400
2024-12-20,118.78104400634766,119.83952557291691,115.98087172660617,116.62558235861901,14884000
2024-12-23,119.75292205810547,119.96461984582423,118.1555787041708,118.45387612789769,5074100
2024-12-24,122.26441955566406,122.41838425935109,119.88764266794387,120.3495294375638,2902800
2024-12-26,123.19779205322266,123.33250747818504,121.7159150371964,121.75440620739137,3013500
2024-12-27,121.97575378417969,123.034235488039,121.07122945144677,122.25480931962795,3088100
2024-12-30,121.00386047363281,121.39838950682217,119.33915204563036,119.84915460250849,2637900
2024-12-31,120.97499084472656,122.04309705194164,120.47461292960273,121.56196839432911,2970000
2025-01-02,120.07046508789062,122.47610834527404,119.52197871886483,121.73517345223381,5014300
2025-01-03,121.18668365478516,121.24441674206807,119.39688453461082,120.9076281638504,3988400
2025-01-06,123.78477478027344,125.0453294562888,122.81289288075483,122.81289288075483,6665200
2025-01-07,122.09120178222656,124.76628320362282,120.72479819830448,124.75665123372079,7268800
2025-01-08,123.03421783447266,123.1689332679192,121.01347899133395,122.12007634445102,5744500
2025-01-10,118.79065704345703,121.72554465349693,118.63669969780791,121.54271342293828,6873800
2025-01-13,119.3102798461914,119.60858459955782,117.82840273222585,117.82840273222585,5433000
2025-01-14,119.91650390625,120.66706340394661,119.0216043494332,120.66706340394661,8999900
2025-01-15,125.6227035522461,126.4791120307902,123.6115891574343,124.81441087914695,11349500
2025-01-16,130.68417358398438,131.01133757218523,126.92174367102704,127.35477124216156,16235700
2025-01-17,132.66641235351562,132.86849285170692,129.45247642028232,131.02096055446714,12481500
2025-01-21,132.11793518066406,132.4258498931119,130.18378853809452,131.2903932843181,11213300
2025-01-22,130.8669891357422,133.15716614413952,130.69378987437472,132.07942801395686,7177500
2025-01-23,132.5990447998047,132.9839418057914,130.8381123658003,130.8381123658003,6911000
2025-01-24,132.61831665039062,133.79225712352917,131.31926333881435,131.31926333881435,6475500
2025-01-27,131.49246215820312,131.59831105494723,129.0579522159707,130.1549250172814,6460700
2025-01-28,133.31112670898438,133.5998068503452,130.52058626922093,130.93436456451056,5885100
2025-01-29,133.4747314453125,136.14017389222255,132.96472151112155,133.24378438169109,5719800
2025-01-30,134.65829467773438,135.18753915197445,133.64792153289093,134.53319652485533,4545700
2025-01-31,134.09161376953125,135.37993350714947,133.4523093214145,134.7793689605081,5502700
2025-02-03,132.86143493652344,133.6751059471229,129.7132893254499,131.5537377704603,5307000
2025-02-04,132.483642578125,133.5588558524506,132.0186751001714,133.4135479728727,5997300
2025-02-05,134.575927734375,134.85684741364713,132.23177229011955,133.1616924006849,5871200
2025-02-06,136.6585693359375,136.96853288351983,135.6124146492593,135.62209592929682,4576600
2025-02-07,135.59303283691406,137.57878894204933,135.43805845852387,137.5691076623311,3529000
2025-02-10,133.0067138671875,135.9126941213295,131.35999467928966,135.85457688113948,5517700
2025-02-11,133.4716796875,133.87852996997734,131.1953371330406,132.52239684974276,5096800
2025-02-12,132.81298828125,132.9776587262902,131.3503168360716,131.8152695503369,4688900
2025-02-13,132.5514373779297,133.77195849758405,132.07680341413462,133.64602796159957,4699800
2025-02-14,134.59532165527344,135.20558226490934,132.17367133840784,132.17367133840784,5044500
2025-02-18,136.3001708984375,136.36796942039336,134.53720239946026,135.0409097963938,3797000
2025-02-19,136.28079223632812,136.5132612014433,134.895600603336,135.62209568048132,3623100
2025-02-20,130.1298065185547,136.64890024635176,128.27966200630624,135.85459179501018,8860800
2025-02-21,127.5628433227539,131.35030763511105,126.80728967228103,130.9434574104756,6704100
2025-02-24,125.8967514038086,128.80273163512416,124.86027802662773,128.59930651547697,7784500
2025-02-25,125.53834533691406,127.17536836588597,122.41925147908967,126.9235220800239,7458500
2025-02-26,126.94290924072266,128.0956171262464,126.0711062811411,126.32296736706873,5493600
2025-02-27,125.18963623046875,128.70586233103097,124.77310470294633,127.66940371336467,5538700
2025-02-28,128.93833923339844,129.228940203132,124.94746457616733,125.8289339842341,7424200
2025-03-03,125.08309936523438,129.7907886417227,123.72697357454837,129.15146934700135,5969400
2025-03-04,117.90531158447266,122.60331171214766,115.51271989353948,122.50644717771637,12996500
2025-03-05,119.8716812133789,120.48193438450637,117.63407886228853,118.17652612551295,7291900
2025-03-06,115.62895965576172,119.27111633778682,114.88308723466304,117.01414390465487,8611500
2025-03-07,115.55146026611328,115.74518932337531,111.83180176630593,115.00901299354777,8513500
2025-03-10,108.18965148925781,112.6357979059335,105.79705980330004,112.3645742539738,16765700
2025-03-11,108.52867889404297,109.9526104287796,106.88195228375096,108.20901928618574,13490400
2025-03-12,110.42725372314453,111.97710843769202,109.02269950471185,111.39591384352299,7925500
2025-03-13,108.17996978759766,111.25062080126308,107.74407566033828,110.42726112183387,7435500
2025-03-14,111.72525787353516,112.14178203260244,109.01301389450975,110.41756815237198,6879400
2025-03-17,114.26315307617188,115.56116155044234,111.24093067707298,111.36686122930041,8374900
2025-03-18,114.408447265625,115.47397191864682,113.60445759304964,114.57311771221315,7234900
2025-03-19,116.09391784667969,117.45004353879396,112.58737282297747,113.55603297587474,8430800
2025-03-20,116.69448852539062,117.99248956873394,115.09619781253669,115.09619781253669,7026000
2025-03-21,116.37482452392578,117.09163093296327,114.59249347652661,115.60958215348046,10989900
2025-03-24,120.37539672851562,120.9081627810279,118.17654138239082,118.47682367183012,6184400
2025-03-25,121.27623748779297,122.09960445735167,120.25914885115132,120.98564390173385,4326300
2025-03-26,118.37026977539062,122.38052228652775,117.79876382263528,121.82838628543759,5084600
2025-03-27,115.27055358886719,116.08422453744932,113.85631070898145,115.20274767648534,8239400
2025-03-28,111.715576171875,115.68708128388577,111.0375096369573,114.98964479781746,7349400
2025-03-31,113.01358032226562,113.3622985748803,108.6642982258596,110.14634710432662,7616600
2025-04-01,112.11272430419922,113.21699629000871,109.9816749186733,112.3548893430222,6651000
2025-04-02,115.53208923339844,116.57824393642113,110.31101177905421,110.39819503278454,8415300
2025-04-03,104.5474853515625,107.89904842556889,103.53038928594263,106.65916467452492,15186100
2025-04-04,96.70134735107422,100.4500575104453,94.26031956375797,98.35775536875062,18876900
2025-04-07,97.75717163085938,101.06998726745033,91.3737053730474,93.25290086692092,20721400
2025-04-08,97.16629028320312,103.58851134492842,95.19022283269457,101.92241482448257,10710100
2025-04-09,108.19933319091797,110.33038990372664,94.82213920674603,95.12242148111528,16919500
2025-04-10,103.23979949951172,105.45803210704631,100.16914862924334,105.36116018080965,10956700
2025-04-11,104.73153686523438,105.77768419849447,99.66544108769514,99.66544108769514,10573200
2025-04-14,105.69050598144531,108.00560307038552,105.14805868069318,107.01757300254555,8224500
2025-04-15,106.97882080078125,108.63522863837031,106.610725243346,106.63978386308249,6003800
2025-04-16,104.47967529296875,106.86257816810593,103.3075975001344,106.14577178866381,6520100
2025-04-17,105.75831604003906,107.279112188087,104.76059726263244,105.11899679026949,5233100
2025-04-21,102.96858215332031,104.93496117567457,101.49621451165538,104.75091337289375,7784500
2025-04-22,106.92070770263672,107.23067866374012,104.58624051845278,104.6346690931401,6571300
2025-04-23,108.79020690917969,112.95544804425121,108.42211875386927,109.7007497131929,9243800
2025-04-24,111.97711181640625,112.26771281740426,107.75375297290046,108.36401359693818,6640700
2025-04-25,112.37425994873047,113.43009590737003,111.36685256077828,112.08365896344597,5013200
2025-04-28,112.19990539550781,114.20503158264854,110.26258512231713,112.24833396816337,4171200
2025-04-29,112.56798553466797,112.81983922144839,110.65004273996657,111.76399590513535,4689800
2025-04-30,112.6998062133789,113.09038059534713,109.38970154921469,110.44425014565286,6502400
2025-05-01,114.00823211669922,115.0432479225596,111.96748483109145,112.81698357432343,7743600
2025-05-02,117.38668060302734,117.66984683576676,115.66815784035454,116.48836476442499,6894400
2025-05-05,116.78129577636719,118.02136890740157,115.5998136461353,115.94156344420455,6540300
2025-05-06,115.5412368774414,116.34191107259933,114.44763000983585,115.03348790514382,5739600
2025-05-07,116.29307556152344,117.17186604679169,115.41428507625517,115.54122603220796,4680600
2025-05-08,119.00755310058594,120.35503429578895,117.1620968502384,117.1620968502384,6449300
2025-05-09,118.83180236816406,120.32574997489215,118.60722712144431,119.60318474300946,4240100
2025-05-12,124.06548309326172,126.15504757616345,123.46009984749344,124.41699930997295,9162100
2025-05-13,126.30152130126953,127.04360446991794,124.23148218707036,124.74899010322338,6086700
2025-05-14,127.95166778564453,128.46919055424556,126.08669362373013,126.31126885594902,6273400
2025-05-15,129.3870391845703,129.89478815420426,126.95573228411116,127.19006650150025,7209300
2025-05-16,129.06480407714844,129.84595283533838,128.68399610616717,129.16245325911217,6303800
2025-05-19,127.75640106201172,129.01600709725534,126.02812658451899,127.22913416530668,7703500
2025-05-20,126.08670043945312,127.31699970322963,125.10049433751072,126.80925076456491,5220100
2025-05-21,122.34696197509766,125.6082420628569,122.1223792833217,125.07120135399272,6371600
2025-05-22,123.28433227539062,124.07523997748446,121.67321764740359,121.67321764740359,5689200
2025-05-23,123.09881591796875,123.5870320527191,120.9604268638944,121.17524315511847,3361400
2025-05-27,126.1648178100586,126.47726838306262,123.8311378746488,124.53417028787504,5472400
2025-05-28,124.50487518310547,126.36985686038065,124.27052608523843,126.16481443652367,4050900
2025-05-29,125.13956451416016,125.37389872576425,123.9385495325795,125.08098096125913,4337500
2025-05-30,125.01261901855469,125.30555167161559,123.37221255050466,124.60251926393889,6436100
2025-06-02,125.37389373779297,125.44225114624071,123.38197852253509,124.47558531389691,3607900
2025-06-03,125.64729309082031,126.13550920926305,124.13382759339987,125.1004934220322,4145600
2025-06-04,125.13956451416016,126.36986382260423,125.13956451416016,125.80353131260401,3123200
2025-06-05,127.54158020019531,127.96145382999077,124.33888349980944,125.34460756064666,6193300
2025-06-06,128.71331787109375,130.42207446158918,127.73688553366779,128.96718491512146,5004400
2025-06-09,128.84024047851562,129.76784819428838,128.02004091293813,129.11364033370813,4838600
2025-06-10,128.71331787109375,129.33823397107935,128.0590950937443,128.49850156492604,3816900
2025-06-11,128.70352172851562,130.3048698886697,128.3227137788196,128.91833799749003,5810200
2025-06-12,128.81092834472656,128.88904470517585,126.74089693992404,127.58062919078829,4258700
2025-06-13,126.43821716308594,127.98098190289832,125.77423548684482,127.12171675688289,4367500
2025-06-16,127.81497955322266,129.670209825611,127.21935526617192,127.21935526617192,6240500
2025-06-17,127.02406311035156,128.0786116890975,126.60420441004412,126.77995505691518,4767700
2025-06-18,129.3968048095703,129.8264373796789,126.8678339808263,126.95572420592933,6170400
2025-06-20,129.58233642578125,130.22677041711214,128.80118760994216,130.2072524986176,8904400
2025-06-23,130.8419189453125,130.9395681280754,127.81497306974411,128.94763803343054,5232400
2025-06-24,132.69712829589844,133.4587442100672,131.82810424515856,132.4823120227562,5599900
2025-06-25,134.4742431640625,134.64023484940645,132.21868717619319,132.91194569150193,5736400
2025-06-26,136.45640563964844,136.8957971681346,134.59141648408487,134.75740817710525,6013200
2025-06-27,137.37425231933594,138.5557269697708,135.8217286551248,136.944619755842,7249300
2025-06-30,137.54025268554688,138.506926014383,136.2611287721171,138.1749277130859,8034400
2025-07-01,137.74530029296875,138.27256713561945,136.18300278281964,137.2375513672943,6166700
2025-07-02,139.4931182861328,139.51265110380535,137.6574208034487,138.28233687640028,5494500
2025-07-03,140.74293518066406,141.15303491230117,139.3075786703478,139.98131926488475,3974700
2025-07-07,140.3523712158203,141.73890316598832,139.14158991183257,140.71364636575072,5991600
2025-07-08,137.80389404296875,140.66483350495844,137.6964858949556,140.22544195369534,6620400
2025-07-09,138.2139892578125,139.57122950201784,137.5792993498823,139.53216386811582,4837000
2025-07-10,139.71768188476562,139.78603929132885,137.98940759389367,138.41902525262307,5622800
2025-07-11,138.92677307128906,139.0927647584006,137.79410813658018,138.5166733326889,3647500
2025-07-14,140.5769500732422,140.65506643994766,138.65337737824393,139.09276890418536,5376100
2025-07-15,138.25303649902344,140.6062417598334,138.21398576528205,139.91296831774233,7392200
2025-07-16,136.49546813964844,136.70052548351066,132.07223089986599,136.21230932106954,10610800
2025-07-17,137.57928466796875,138.35067441388873,135.8510104811718,135.97793652987372,7695800
2025-07-18,137.51095581054688,138.40927169431282,136.89579872416988,138.11633903893454,5572300
2025-07-21,137.15943908691406,139.16112817541762,136.87626539141877,137.91129608974367,5853400
2025-07-22,136.73956298828125,137.56953634378274,135.65572261658062,137.4816610188492,5257200
2025-07-23,138.8584442138672,139.2685439927791,136.63216485821394,137.46213827452883,6612900
2025-07-24,139.1416015625,140.3328501502673,138.50692653258642,139.11230978568395,3817900
2025-07-25,139.63958740234375,140.00087750947318,138.7022206738213,139.55171206514018,3463000
2025-07-28,139.20018005371094,139.7665125501822,138.67291319102324,139.66886336489708,3729300
2025-07-29,140.17660522460938,140.6550623696446,138.75102254621555,140.11802167606896,5158700
2025-07-30,141.5240936279297,142.05136049075458,139.9032125064874,140.44025322734765,5236800
2025-07-31,140.06893920898438,142.27133315241278,139.61665330835402,140.79650934985975,5523700
2025-08-01,136.75547790527344,137.22743227699988,133.88448965600668,136.93246454534136,6678500
2025-08-04,138.98739624023438,139.40034510607572,137.36509605280887,137.8271937100942,3851500
2025-08-05,138.10250854492188,140.3147442659344,137.07012887457932,139.28236459559182,5331100
2025-08-06,138.92840576171875,139.46917749204067,138.1516568210699,138.78091437925806,3765800
2025-08-07,138.5547637939453,140.31472841467613,138.2401425505616,139.84277404557758,3728600
2025-08-08,140.77682495117188,141.5142367692634,138.90872101307943,139.2430107699706,3943500
2025-08-11,141.46511840820312,141.76991295813684,140.26559372591328,141.1603238582694,4024700
2025-08-12,144.81785583496094,145.74208113368596,142.3893264897802,142.63513045209288,7111600
2025-08-13,145.2799835205078,146.57783577713184,142.94976651746944,145.66343714129493,5542000
2025-08-14,146.0173797607422,146.16487113912305,143.71665828375907,144.53272923554707,4188600
2025-08-15,142.20249938964844,146.31233404261786,142.0353545116871,146.13536240807588,4986000
2025-08-18,142.34999084472656,142.62529008499112,141.40611202172903,141.69123801961612,3548700
2025-08-19,141.6519012451172,142.5367894249249,141.0128020017611,142.0648500625396,4257700
2025-08-20,141.70106506347656,142.28117382341188,138.66293165412338,141.40611230737113,4619300
2025-08-21,141.62240600585938,142.02552810948094,140.50154052451694,141.00299021530395,3269400
2025-08-22,145.53561401367188,146.40083375803948,142.24183492198054,142.38932630078233,6759600
2025-08-25,145.1718292236328,146.11572313816134,145.09318514988317,145.4962922879181,2596500
2025-08-26,146.46966552734375,146.52865607757315,143.8444810233532,144.84736538530254,4453800
2025-08-27,146.87278747558594,147.60035759792345,145.5454400860344,145.8797298721183,3329200
2025-08-28,147.6593475341797,147.86582946159842,146.67613169495033,147.32505774948564,3898100
2025-08-29,147.95431518554688,148.21978766270897,146.6269828051026,147.37422144144125,3629400
2025-09-02,146.3516845703125,146.56799325648774,143.21522362345473,146.06654357368006,5330200
2025-09-03,146.0370635986328,147.03994806663576,144.47375384150317,146.31236286393798,4338900
2025-09-04,148.00347900390625,148.21978768864165,146.18452370118138,146.5286552458103,3955000
2025-09-05,145.60443115234375,149.31115909554063,143.83463962756255,148.5835739679408,5697300
2025-09-08,146.2926788330078,146.69580092970673,144.77853303437223,145.83058118877918,3820800
2025-09-09,149.6651153564453,150.25505085754307,145.86007488214545,145.9288921890865,6673200
2025-09-10,151.53321838378906,151.93634047330985,148.8785386526974,150.33369387520906,4945600
2025-09-11,153.85360717773438,155.11212222601452,151.4938952128798,151.79868971638288,7399500
2025-09-12,153.76513671875,154.2370761583402,153.0080562616168,153.42100514659373,4341600
2025-09-15,154.01092529296875,155.82003879934263,153.2636866714707,154.70901512566147,4829900
2025-09-16,153.1948699951172,154.8565072992658,152.61477620333878,154.44355841345651,7539500
2025-09-17,154.7680206298828,155.31861914131645,153.03755101945225,154.01094017531943,4604200
2025-09-18,156.56729125976562,157.45217948924343,154.84666358925006,155.24977067001774,4323700
2025-09-19,157.22605895996094,158.38624652650444,155.4660940886112,156.87210063407437,14902000
2025-09-22,158.01263427734375,158.32725556471894,155.1809676775467,156.65579153116033,4421200
2025-09-23,158.06178283691406,161.22773923821097,156.92126379384356,157.8848111760301,5335900
2025-09-24,155.23013305664062,158.75987458165042,155.19079601863993,158.39608949490716,5195200
2025-09-25,156.2821502685547,156.57711801260004,154.0010973868148,154.74833600273803,5351100
2025-09-26,157.4226837158203,159.09414758991193,156.64594982820287,156.88191202055114,5326800
2025-09-29,158.455078125,158.61239626972394,157.03924482785257,157.99296545155093,4186000
2025-09-30,156.2919921875,159.50709709308774,154.20756446275809,158.68119941106607,5547100
2025-10-01,154.25674438476562,155.78073205434802,152.93923865862212,155.23013354209007,5467400
2025-10-02,152.69342041015625,154.37471106705982,151.13011085122966,154.06008980489358,5087400
2025-10-03,154.9449920654297,155.151474008256,153.53900051170518,154.29606596247183,5182100
2025-10-06,155.43658447265625,156.06584199366296,152.4082779644732,155.34809865001844,4696300
2025-10-07,153.3521728515625,156.61644157695127,152.7917326321221,156.11500690904367,4589700
2025-10-08,153.03753662109375,153.92243986208635,151.43490503381346,153.85360755329106,4038600
2025-10-09,153.64715576171875,153.8044589066151,151.2481065205088,152.96873437762594,6092600
2025-10-10,149.3111572265625,155.29893805799492,149.29148870912135,154.2174096416599,5531700
2025-10-13,152.52627563476562,153.00804178698795,150.77615266760867,151.6905361829813,4735800
2025-10-14,152.7327423095703,154.48286527389914,149.33082396426352,151.9068446190813,8023800
2025-10-15,159.9200439453125,163.97090324507147,158.92700138780387,160.1953431692294,13673700
2025-10-16,157.33421325683594,161.98482028490128,156.30183355645605,160.35267828260044,10477500
2025-10-17,156.00685119628906,158.27807732313136,155.2006220312933,158.0027780957979,7965000
2025-10-20,159.25148010253906,160.4018409021782,156.82293563573953,157.51118376338468,5741000
2025-10-21,156.5574493408203,159.33995188549096,156.51812730957172,158.74018964084203,4220600
2025-10-22,155.46609497070312,157.0589149475722,154.581206652308,156.89177004310577,4360200
2025-10-23,156.63612365722656,157.40303086404825,155.24978562847807,156.23300153493503,3735600
2025-10-24,161.10975646972656,162.13229439499753,157.82581899503487,157.82581899503487,5547500
2025-10-27,163.23350524902344,163.89225809092727,162.13229325720891,162.19129881249845,5056000
2025-10-28,162.43710327148438,164.32487597395865,161.62103228505765,163.3318183264992,3601000
2025-10-29,161.2769012451172,163.2335062672881,160.38217118452516,161.55220049411722,4963500
2025-10-30,162.48623657226562,164.19703745328346,160.65745459693014,161.07041843240668,4960500
2025-10-31,162.2290496826172,163.11932501521972,161.15082364570543,161.58607473062838,5323500
2025-11-03,161.88282775878906,162.8819309853177,159.82530181575936,162.52581782325143,4719200
2025-11-04,162.23895263671875,165.12741956250161,159.12297356413617,160.57710115641308,5739200
2025-11-05,163.3963165283203,164.1679076792764,159.88466284862716,162.1004648197211,4133000
2025-11-06,161.65533447265625,163.88103822151723,160.89364496338723,162.7929254451525,4292900
2025-11-07,160.6067657470703,160.84417955511233,156.35319602392926,160.45839155080523,6323300
2025-11-10,163.26773071289062,164.2668189171597,162.04111526789163,162.04111526789163,5015400
2025-11-11,164.7020721435547,164.9196977106653,163.00064412470036,163.51503320096353,3237600
2025-11-12,168.08514404296875,169.91517314925807,165.7110660995843,165.7110660995843,6892900
2025-11-13,163.82167053222656,168.5104913483623,163.3864194319079,167.48171327596947,6090900
2025-11-14,162.09056091308594,163.02041275258108,158.21289278409856,162.42688580574927,6691200
2025-11-17,157.72817993164062,162.31807439774548,157.04562846526008,161.4871487404202,5727200
2025-11-18,158.10409545898438,159.92422280251992,156.08611571783163,156.9269431256484,4864900
2025-11-19,160.53750610351562,161.15082130245148,158.321704385607,158.6184678568318,6413600
2025-11-20,156.9862823486328,165.13730852241414,156.79833163982934,162.42689085223017,5258600
2025-11-21,156.46202087402344,158.3810744619153,153.55376565064253,158.0546361109216,9021300
2025-11-24,161.07168579101562,162.6840891034875,157.28304214688714,159.58788350661104,10125700
2025-11-25,163.6436004638672,164.07885154838925,158.88554356028416,161.74433535378512,5561000
2025-11-26,166.1265106201172,167.1355004268231,164.07885616774496,165.176870491332,4844200
2025-11-28,167.8279571533203,168.43137076930412,165.94846494408276,166.18587877618145,2133700
2025-12-01,166.6508026123047,167.9367677717046,165.91878795996462,167.18496486010687,4393500
2025-12-02,167.2640838623047,168.28296023541736,166.86840928607324,167.06624657418897,4338700
2025-12-03,171.84410095214844,172.12107618906916,166.28479286164483,166.72993055712323,6223300
2025-12-04,173.00146484375,174.0994792084275,171.84410079893073,172.437627788385,4813200
2025-12-05,174.60397338867188,175.40523938386917,172.4178462501505,172.58600871511223,4641600
2025-12-08,174.92051696777344,177.02752116042967,174.15882752587123,175.07879284292525,7271700
2025-12-09,176.89891052246094,178.69924944902536,174.87104437745987,174.87104437745987,4191200
2025-12-10,177.76942443847656,179.35213792658377,175.8305826800736,176.57248387281655,6591200
2025-12-11,178.34315490722656,180.0149080739315,177.5616922623151,178.18489411816861,7598700
2025-12-12,176.4834442138672,179.1938466786902,175.8305675976914,179.1938466786902,4961500
2025-12-15,175.87014770507812,178.94656531776764,175.81079802348583,177.96726538345746,5219000
2025-12-16,174.60397338867188,176.72086426233557,173.7829342286689,176.20649028504755,6840500
2025-12-17,172.91244506835938,177.5122265337864,172.5761201423149,176.12735031241576,5796100
2025-12-18,171.09231567382812,175.15793486063356,170.71641423509084,174.64354580141705,7993400
2025-12-19,175.0688934326172,175.78111978599944,171.58691469832448,171.58691469832448,10639400
2025-12-22,177.81887817382812,178.31347898493092,175.49426341805636,175.6723124649243,4574600
2025-12-23,177.5616912841797,178.6300308480353,177.1956915138471,177.88812963097047,3514800
2025-12-24,179.68846130371094,180.03468789496242,177.59135878029502,178.21456060694035,2648000
2025-12-26,179.9060821533203,180.37100809214544,179.14440782291993,179.8863089898939,2564700
2025-12-29,177.99693298339844,179.73792231336378,177.80898226998949,179.233434946333,2464300
2025-12-30,177.14622497558594,178.4321900790088,176.3350724155434,178.33326388104604,2365500
2025-12-31,175.6129608154297,177.76942817657107,175.4843597758975,177.57157577913117,3098100
2026-01-02,179.93576049804688,179.99512527153638,175.22716643376415,176.59226943767737,4509900
2026-01-05,184.52565002441406,186.4743782804591,180.09403131805595,180.23251893094158,6787400
2026-01-06,185.7226104736328,186.78106348817244,183.7442071663238,184.6839457184917,3795600
2026-01-07,182.79454040527344,185.7225835164611,182.34940274454343,185.2774458557311,3532400
2026-01-08,182.6857452392578,184.12998622450303,181.67677046944812,181.92407087079692,3745900
2026-01-09,184.3080596923828,184.90157162925345,183.0418676868828,183.69474440205795,4630900
2026-01-12,184.5553436279297,185.24778170612967,181.93395041857667,182.63629017261968,5635400
2026-01-13,180.78648376464844,185.000492352297,180.1830701689251,184.94114266976993,6594800
2026-01-14,178.82786560058594,180.3809193712638,176.9978365870132,180.22264349131854,8434000
2026-01-15,189.16500854492188,190.084973837085,179.04548089523445,179.04548089523445,12957100
2026-01-16,187.04812622070312,190.59935632883483,186.9591016996011,188.50225377477707,8398100
2026-01-20,180.1336212158203,184.68393961586025,179.32246864149775,183.2496002842609,11302600
2026-01-21,181.34043884277344,184.406954649731,180.05447378449276,180.49961147166198,11715800
2026-01-22,181.07334899902344,184.0310520101486,180.2918713121512,182.53736308491216,8966900
2026-01-23,177.0670928955078,179.90609676156754,176.02842815860186,179.90609676156754,8532800
2026-01-26,179.91598510742188,180.4699355676556,176.92859216085517,177.42319294235213,6389800
2026-01-27,180.6875762939453,181.98342803525563,179.19387214820534,180.2721134138777,5138100
2026-01-28,180.3710174560547,181.03378072167644,178.43219075835913,180.4699436543941,5538800
2026-01-29,180.4303741455078,183.03197930389217,177.52213398600614,181.20195022166408,7473400
2026-01-30,181.82289123535156,182.1710112913237,179.00801647313392,179.24673907680423,7434900
2026-02-02,184.110595703125,184.4487746671544,179.58491366807584,181.63389997360616,6827200
2026-02-03,181.9322967529297,187.67144350531672,177.49613006580697,184.2896235602686,7751300
2026-02-04,179.11741638183594,182.66832569303935,177.54586016804495,181.75324520979888,7571900
2026-02-05,174.90008544921875,178.49078965970426,172.32393332089535,177.04854332536434,9571800
2026-02-06,178.99806213378906,180.22148313539188,176.5512049533575,177.93377434562152,9139700
2026-02-09,181.3752899169922,182.83743353453616,178.5007384521578,179.02790422694838,6625900
2026-02-10,176.9391326904297,183.59337538951738,172.6223347223552,180.94759011467414,12854500
2026-02-11,175.73558044433594,180.0722754282656,173.36831264171175,178.80907492041234,7777800
2026-02-12,167.1616668701172,177.8343075780841,164.52583797944067,176.48157657562479,14436700
2026-02-13,170.2351531982422,170.57334734556395,162.71556576931164,166.22669579802007,9162400
2026-02-17,170.62306213378906,173.26884730272718,169.94670421661917,171.62767310348005,6376900
2026-02-18,175.6460723876953,176.36222499629986,172.5228571913135,172.56265187913957,6343300
2026-02-19,173.4379425048828,175.33773670462693,171.60778142214724,174.2237282503056,7259500
2026-02-20,174.47238159179688,174.49226375785463,170.64295499126357,172.52285173509014,4272600
2026-02-23,165.90841674804688,174.68126382558387,165.71942991558146,173.03014846121823,7795500
2026-02-24,167.88775634765625,169.40959196737347,163.23277974173604,164.58551071030897,7413800
2026-02-25,172.80136108398438,173.1097016203056,168.74316798567165,169.78755848212134,7098500
2026-02-26,176.54127502441406,176.87945399301609,173.51751611971173,173.94522554948344,6901600
2026-02-27,165.6199493408203,173.19922850771712,163.52122730776435,173.06991853945223,12400400
2026-03-02,166.10733032226562,168.69343854188585,161.28324908932146,161.7706353426911,9212600
2026-03-03,165.0629425048828,166.42562974850742,159.09501437447022,161.5916073557842,7495500
2026-03-04,166.68423461914062,168.29557035875573,165.6299030770603,166.68423461914062,5307800
2026-03-05,161.68112182617188,167.07214838906802,159.6520177727384,164.4959964015316,7274900
2026-03-06,159.41331481933594,159.49288901750194,154.51961546132446,158.65736752537205,8046000
2026-03-09,159.59234619140625,160.98487190053174,153.2464594220648,157.0758709734003,7480800
2026-03-10,159.8907470703125,162.60615022039013,159.0055049720045,160.97491707820822,4314600
2026-03-11,160.02999877929688,160.8953435370175,157.00625508040662,159.14475667736806,5463200
2026-03-12,153.5448455810547,155.41480132733776,151.98324554947547,153.5448455810547,11195700
2026-03-13,154.04217529296875,156.39951735594283,153.03757946567998,154.06207263746535,6001900
2026-03-16,154.86773681640625,158.23961570898177,153.96259737897665,155.6236841167767,5498100
2026-03-17,156.98635864257812,159.78133601950526,156.45919284721882,156.45919284721882,6528600
2026-03-18,158.08045959472656,159.78132576030706,155.6833533720388,156.1806807075947,9140900
2026-03-19,157.7025146484375,158.76678734553138,155.69330779106718,156.15085565694983,6418300
2026-03-20,160.60690307617188,162.26797468098707,156.40945883321058,157.51352620853407,14621300
2026-03-23,163.44166564941406,167.24123866616472,163.28251725676847,165.37128299564415,10128400
2026-03-24,164.98336791992188,166.22668627749584,161.36282546975553,161.57170963180744,6016200
2026-03-25,164.76454162597656,167.90765405644981,163.12336747531648,165.9084036139988,6444600
2026-03-26,162.35748291015625,165.44091856013955,161.6114918829564,163.76989076705416,6175700
2026-03-27,157.54336547851562,160.3681813301608,156.48903387031194,160.1394149869459,6368400
2026-03-30,157.52346801757812,160.378137472709,156.37962112512085,159.29395225971263,6261600
2026-03-31,163.69033813476562,164.40647558577643,158.79662344939896,160.6367407925261,8081700
2026-04-01,165.28176879882812,168.38508658961348,162.32764314135892,168.00712812613716,7117000
2026-04-02,164.92369079589844,166.10733229871852,159.71170996294413,161.12411779355833,5107500
2026-04-06,165.6597442626953,166.73397316607253,164.5556769323265,164.993327431172,3674800
2026-04-07,167.52969360351562,167.99718255395,164.40647827050998,164.80434928004303,6036400
2026-04-08,175.07913208007812,180.29111321900822,173.55731153774795,175.9544179332418,7662600
2026-04-09,177.2076873779297,178.04319369463272,173.8656469338911,174.23366432112843,5298900
2026-04-10,176.69046020507812,177.7050122481512,173.766172960308,177.7050122481512,4240100
2026-04-13,180.1717529296875,180.2115324399682,174.07451472208382,174.82050575196448,6282900
2026-04-14,182.3599853515625,183.60330370130953,180.7784880532185,181.89249643787954,8803600
2026-04-15,190.59573364257812,193.54985939147545,186.91551419369313,187.4824746722939,9853800
2026-04-16,186.3187255859375,191.48097072721004,185.6721909249596,189.90941448081279,9138100
2026-04-17,187.8107147216797,190.19788001954157,187.22385689216895,188.48707265775738,6846100
2026-04-20,189.68064880371094,191.17263085803046,187.014981485062,187.9101646467632,4905200
2026-04-21,188.29808044433594,192.10760979929074,187.70129672555097,189.7701651633438,5154900
2026-04-22,190.02879333496094,191.2024786568191,188.8053722400757,190.65541550797545,4492100
2026-04-23,187.6416015625,190.73497826150447,185.90095585161512,189.6408672067125,3814400
2026-04-24,187.06471252441406,188.03946985895925,186.11977843879657,187.7808499293267,4530600
2026-04-27,189.16342163085938,189.5712336962327,186.74641801958916,186.86577172565896,4163600
2026-04-28,189.34246826171875,191.62022083425984,187.65155831642815,190.28738718609648,4107100
2026-04-29,186.0800018310547,189.4916601437709,184.25978192117353,188.99433279715504,5107600
2026-04-30,190.58999633789062,190.72999572753906,184.89999389648438,185.60000610351562,5664900
2026-05-01,190.1699981689453,193.5,188.77000427246094,190.49000549316406,4742700
2026-05-04,188.00999450683594,190.35000610351562,187.1199951171875,189.92999267578125,3833000
2026-05-05,189.25,190.4499969482422,187.9499969482422,189.33999633789062,4807900
2026-05-06,193.35000610351562,194.8300018310547,192.1699981689453,192.1699981689453,6319500
2026-05-07,190.1699981689453,194.25,189.6699981689453,193.16000366210938,5761900
2026-05-08,193.08999633789062,193.5,190.47000122070312,190.8800048828125,5873400
2026-05-11,191.10000610351562,193.6699981689453,190.0399932861328,192.36000061035156,5272500
2026-05-12,191.8800048828125,192.3800048828125,186.4499969482422,190.1999969482422,5333300
2026-05-13,193.8300018310547,194.9499969482422,189.60000610351562,190.7100067138672,4463700
2026-05-14,194.52999877929688,197.5,193.41000366210938,195.6199951171875,4785000
2026-05-15,192.50999450683594,194.42999267578125,191.11000061035156,193.8800048828125,5937700
2026-05-18,192.69000244140625,194.80999755859375,191.13999938964844,192.6199951171875,3770200
2026-05-19,189.5800018310547,192.83999633789062,188.94000244140625,191.5500030517578,6357900
2026-05-20,197.77000427246094,198.07000732421875,190.08999633789062,191.9600067138672,7201100
2026-05-21,200.50999450683594,200.75,196.89999389648438,197.80999755859375,5817400
2026-05-22,201.02999877929688,203.08999633789062,200.6300048828125,201.1300048828125,3734200
2026-05-26,201.75999450683594,203.9199981689453,199.8699951171875,202.85000610351562,5567400
2026-05-27,201.61000061035156,202.52999877929688,197.00999450683594,202.0500030517578,6731500
2026-05-28,203.7899932861328,204.3800048828125,199.67999267578125,199.9199981689453,6174800
2026-05-29,208.0,208.0800018310547,203.72000122070312,204.0,8255500
2026-06-01,211.00999450683594,212.11000061035156,206.60000610351562,207.61000061035156,6431200
2026-06-02,214.97999572753906,217.02999877929688,210.25999450683594,210.25999450683594,7664400
2026-06-03,210.13999938964844,213.49000549316406,208.7899932861328,212.85000610351562,5957300
2026-06-04,218.27000427246094,219.16000366210938,211.14999389648438,212.00999450683594,5565300
2026-06-05,211.92999267578125,218.32000732421875,211.16000366210938,218.32000732421875,6171000
2026-06-08,212.24000549316406,215.89999389648438,211.74000549316406,213.27000427246094,4732000
2026-06-09,210.25,215.24000549316406,206.05999755859375,214.4199981689453,7841100
2026-06-10,206.66000366210938,210.24000549316406,205.8300018310547,208.94000244140625,5362800
2026-06-11,212.66000366210938,212.8300018310547,207.0,208.7899932861328,4631500
2026-06-12,214.0399932861328,217.6199951171875,212.66000366210938,215.0500030517578,4694300
2026-06-15,217.97999572753906,220.60000610351562,216.85000610351562,218.75999450683594,5862500
2026-06-16,220.8300018310547,222.3000030517578,218.58999633789062,220.50999450683594,5091700
2026-06-17,224.9600067138672,228.07000732421875,221.36000061035156,222.11000061035156,8689700
2026-06-18,223.1699981689453,230.47000122070312,222.88999938964844,229.08999633789062,11933200
2026-06-22,227.08999633789062,228.22999572753906,224.99000549316406,226.7100067138672,6870800
2026-06-23,226.02999877929688,227.9499969482422,222.1199951171875,222.50999450683594,6052800
2026-06-24,219.86000061035156,226.5,219.80999755859375,224.60000610351562,6971000
2026-06-25,221.0399932861328,227.47999572753906,220.85000610351562,222.99000549316406,5257200
2026-06-26,212.02999877929688,219.75,211.36000061035156,219.6999969482422,9919100
2026-06-29,211.72000122070312,217.0,211.69000244140625,214.3300018310547,5426400
2026-06-30,209.0399932861328,211.7100067138672,208.17999267578125,210.1699981689453,5599400
2026-07-01,211.86000061035156,213.19000244140625,206.72000122070312,208.9600067138672,4690000
2026-07-02,213.92999267578125,215.86000061035156,211.5500030517578,214.7100067138672,3745300
2026-07-06,222.10000610351562,222.13999938964844,216.3699951171875,217.0,4567700
2026-07-07,222.0399932861328,223.25999450683594,219.82000732421875,221.5399932861328,5413300
2026-07-08,218.07000732421875,220.91000366210938,216.10000610351562,220.0,4108300
2026-07-09,222.1300048828125,224.44000244140625,220.00999450683594,221.0,4073100
2026-07-10,222.27999877929688,224.75,220.85000610351562,223.91000366210938,3617600
2026-07-13,221.08999633789062,223.4499969482422,218.75,222.4600067138672,4550300
2026-07-14,227.6699981689453,232.11000061035156,224.10000610351562,224.32000732421875,9306200
2026-07-15,228.5500030517578,232.25,221.22000122070312,222.6999969482422,10865600
2026-07-16,218.3699951171875,228.22999572753906,215.7899932861328,228.22999572753906,8313700
2026-07-17,215.5,218.3800048828125,207.39999389648438,214.39999389648438,7852200
2026-07-20,210.94000244140625,219.74000549316406,210.35000610351562,215.52000427246094,6816500
2026-07-21,216.39999389648438,217.39999389648438,212.25,213.66000366210938,6999500
2026-07-22,218.5,219.6300048828125,215.52000427246094,215.52000427246094,3683200
2026-07-23,215.17999267578125,217.25999450683594,213.72000122070312,214.88999938964844,4962100
2026-07-24,214.47999572753906,216.39999389648438,211.2100067138672,216.39999389648438,4091300
2026-07-27,214.55999755859375,219.39999389648438,210.88999938964844,218.02000427246094,4958100
2026-07-28,211.5800018310547,213.75,207.2899932861328,213.75,6021000
