Price,Close,High,Low,Open,Volume
Ticker,NEE,NEE,NEE,NEE,NEE
Date,,,,,
2010-01-04,8.230569839477539,8.306306797901618,8.171835091492591,8.198111395703293,10408800
2010-01-05,8.150196075439453,8.256845499833203,8.077550482083094,8.2382979020294,11186400
2010-01-06,8.230569839477539,8.244480685326145,8.134739895641312,8.13628528312782,13493200
2010-01-07,8.20738410949707,8.22284093096122,8.137830476569471,8.221294954006082,9768800
2010-01-08,8.136286735534668,8.21975182552564,8.106919651108635,8.188838763719618,9074400
2010-01-11,8.13010311126709,8.30785275489322,8.021908291269495,8.15637941727904,24571600
2010-01-12,7.932260990142822,8.068278102095347,7.885891694364202,8.068278102095347,22500400
2010-01-13,7.960080623626709,7.998721791702566,7.817881408123919,7.912165362950369,23431200
2010-01-14,7.72977876663208,7.827154672305244,7.674135981579116,7.805515713181744,32314400
2010-01-15,7.81324577331543,7.8256112328165095,7.6370421027479605,7.6834113966418895,24167600
2010-01-19,7.86579704284668,7.867343019944879,7.748328136936252,7.765330347311414,14181200
2010-01-20,7.725142955780029,7.817882121393668,7.632404379783877,7.817882121393668,15854800
2010-01-21,7.578306674957275,7.776149882045512,7.558213689482443,7.717415133877324,18664400
2010-01-22,7.440743446350098,7.5906713715143495,7.437652082060195,7.576760527018517,14230000
2010-01-25,7.380464553833008,7.502570810472697,7.3696450718135464,7.482477234029034,21731600
2010-01-26,7.607674598693848,7.6617720069651964,7.436107690151101,7.496387827829898,25260000
2010-01-27,7.691134929656982,7.692680905981907,7.539661678760992,7.596851010438976,17494400
2010-01-28,7.575218200683594,7.700415861480837,7.5535792298435664,7.700415861480837,13256400
2010-01-29,7.536572456359863,7.604581283160192,7.525752977481153,7.572122846524059,23262800
2010-02-01,7.609219074249268,7.6184931672489125,7.50256965803192,7.519571867055872,11096400
2010-02-02,7.663320064544678,7.664865452507313,7.527302928742874,7.6061306864264475,10453600
2010-02-03,7.635498046875,7.6478629189151555,7.587582767377445,7.620041219802725,15056800
2010-02-04,7.42219877243042,7.593765725554353,7.414470653471745,7.57830889801932,18499600
2010-02-05,7.326367378234863,7.419105966975024,7.224354694773659,7.408286484609257,25320000
2010-02-08,7.247535228729248,7.620035954314827,7.244443865450943,7.324817541835113,9212400
2010-02-09,7.181077480316162,7.315549224922404,7.159438511653367,7.292364278716452,29608800
2010-02-10,7.097611904144287,7.184168362591523,7.077518914376064,7.184168362591523,18621200
2010-02-11,7.1037917137146,7.123885284838344,7.028055359630123,7.108429054507705,17407600
2010-02-12,7.04351282119751,7.083699970469886,7.000234897012639,7.04969555025749,13014800
2010-02-16,7.1687092781066895,7.170254665314321,7.082152854044345,7.082152854044345,11662400
2010-02-17,7.074423789978027,7.202712137232293,7.063604312123474,7.184164545141249,11451200
2010-02-18,7.069790363311768,7.094520694266216,7.043514055012768,7.0867919867786515,11796000
2010-02-19,7.245991230010986,7.276904279098787,7.063604888972071,7.083698459321747,16754400
2010-02-22,7.236720561981201,7.301638054738792,7.2259010781245445,7.289272593406813,13581200
2010-02-23,7.2336273193359375,7.267631739556209,7.208896992707785,7.235173296410038,14850000
2010-02-24,7.352365970611572,7.388299688381381,7.311744831577944,7.349241221763994,23348400
2010-02-25,7.324243545532227,7.336741944457387,7.225816046562741,7.296121402969517,12076000
2010-02-26,7.244564533233643,7.353928363667993,7.2445645332336435,7.341429963724457,13330000
2010-03-01,7.402359485626221,7.453916342771694,7.311743572603849,7.3367409630954,14040800
2010-03-02,7.372676849365234,7.49922651129798,7.371114772742104,7.411735320778245,12073200
2010-03-03,7.332056045532227,7.414859811323803,7.303933899417172,7.369551843028996,12189600
2010-03-04,7.382049560546875,7.3945485548702665,7.308619458859087,7.333616851521016,9306400
2010-03-05,7.444546222686768,7.4523577991710654,7.383614495745045,7.414861397667319,9364800
2010-03-08,7.46016788482666,7.475791034673149,7.428920989148718,7.46016788482666,7573600
2010-03-09,7.34611701965332,7.4461066062780015,7.332055946785165,7.436732359037583,11987600
2010-03-10,7.3383049964904785,7.372676042301653,7.302371278242257,7.339867072942614,7936400
2010-03-11,7.400798320770264,7.411734644088625,7.296121913013117,7.32580613402225,11961600
2010-03-12,7.353928089141846,7.436731848129564,7.335180191933947,7.433607695249003,10052000
2010-03-15,7.391421318054199,7.391421318054199,7.314866493556846,7.364861262050551,6087200
2010-03-16,7.4757914543151855,7.486727779018614,7.358616035934164,7.39611243204949,6906000
2010-03-17,7.502351760864258,7.5132880859104505,7.474229611892614,7.5132880859104505,9468800
2010-03-18,7.494536399841309,7.5273453584084065,7.466414265073878,7.510159543163342,11521200
2010-03-19,7.524220943450928,7.586714711473481,7.469539343419749,7.524220943450928,13207200
2010-03-22,7.4742255210876465,7.525782368660806,7.444541311635504,7.513283973727948,8700000
2010-03-23,7.471102237701416,7.519534943022736,7.444542770772981,7.478913810563614,9041200
2010-03-24,7.385170936584473,7.482035714416662,7.358610883768719,7.466412574631804,10957200
2010-03-25,7.413295269012451,7.436729985657052,7.360175743572697,7.419544765178247,10774800
2010-03-26,7.469541072845459,7.486726296845059,7.407047290353696,7.438294181599578,10840000
2010-03-29,7.589842796325684,7.591404873019876,7.460168379262559,7.4757915301445,11158400
2010-03-30,7.446107387542725,7.611715530256478,7.4257968143832525,7.611715530256478,17424400
2010-03-31,7.550784587860107,7.608590963331937,7.408611168318944,7.43673331768038,15155200
2010-04-01,7.6304612159729,7.646084362493244,7.577341683424962,7.585153256685133,10013600
2010-04-05,7.650768280029297,7.657017178185226,7.589837202120899,7.639831963275716,9532000
2010-04-06,7.685142993927002,7.703891485345868,7.58827817220226,7.608588739913607,8435200
2010-04-07,7.671079635620117,7.688265449636352,7.592962732626084,7.68514070199843,11228800
2010-04-08,7.661711692810059,7.683584346574959,7.589844231586783,7.661711692810059,13638400
2010-04-09,7.766384601593018,7.767947273856827,7.60233917699878,7.671081856985313,13893200
2010-04-12,7.771075248718262,7.796072651453799,7.733578846622409,7.767950498878182,10430800
2010-04-13,7.732013702392578,7.750761598010637,7.647647278134026,7.750761598010637,12833200
2010-04-14,7.5929646492004395,7.736700096902399,7.561718356903547,7.708577957047338,17202800
2010-04-15,7.628898620605469,7.639834941622513,7.567966922958625,7.597651733706143,10932400
2010-04-16,7.566406726837158,7.692956382030149,7.521098759374674,7.62108834550916,10651600
2010-04-19,7.563279151916504,7.594526034905044,7.541406512619941,7.549218084370896,7950400
2010-04-20,7.8195037841796875,7.8195037841796875,7.630460975705839,7.642959373331599,15976400
2010-04-21,7.869499683380127,7.889810252887094,7.796070171444773,7.8116933196901925,14417600
2010-04-22,7.952304363250732,7.963240686667025,7.796070490463762,7.842940533102867,17557200
2010-04-23,8.014798164367676,8.01792291357927,7.885124350003864,7.942930720455926,11968400
2010-04-26,7.9773030281066895,8.033546730630048,7.908559731714212,8.030422577144048,12186800
2010-04-27,7.814815521240234,8.00229621899908,7.810128697491293,7.935115630668954,14655200
2010-04-28,7.928869247436523,7.977301963798103,7.8070070142502175,7.839815985341154,14356000
2010-04-29,7.919494152069092,7.983550010855771,7.889809933211565,7.949178966911497,7656400
2010-04-30,8.131972312927246,8.158532379101844,7.942929484919039,7.949178982370107,18967200
2010-05-03,8.227275848388672,8.294456462437731,8.106975692905124,8.167906808906611,16931200
2010-05-04,8.03823471069336,8.171033294510645,7.997613560735911,8.171033294510645,15582800
2010-05-05,7.958551406860352,8.122597411769219,7.9210556198984525,7.961676155104641,18458400
2010-05-06,7.978864669799805,8.124162234362393,7.655460566995331,7.931994622260096,33872000
2010-05-07,8.002298355102539,8.119473747982088,7.8523133992682155,7.96792671580938,21738000
2010-05-10,8.221023559570312,8.280392578898518,8.130408252581221,8.135095076533407,13366000
2010-05-11,8.227275848388672,8.322578607666868,8.122599438024055,8.161657906843976,12202800
2010-05-12,8.260082244873047,8.264769664940342,8.153843195113897,8.241334352558123,9180400
2010-05-13,8.256957054138184,8.358509274370213,8.191339136561586,8.2600818020206,7179200
2010-05-14,8.235087394714355,8.34757597524514,8.188217351488174,8.242898969254563,10629200
2010-05-17,8.221023559570312,8.260082015131154,8.06635240930083,8.246020947289862,9324000
2010-05-18,8.1757173538208,8.296016889399375,8.166343108613393,8.216337891083267,8078400
2010-05-19,8.127285957336426,8.194466568854162,8.046044273733932,8.158532850411987,8022400
2010-05-20,7.835130214691162,8.033546740471548,7.835130214691163,8.033546740471548,13034800
2010-05-21,7.903872013092041,7.903872013092041,7.6960806666178785,7.7413886348545695,16489200
2010-05-24,7.858563423156738,7.992924644685779,7.832003951730486,7.888248239438913,8224400
2010-05-25,7.738265514373779,7.7523265903726415,7.5804695245955065,7.747639763701381,18599200
2010-05-26,7.569526195526123,7.764818405957734,7.569526195526124,7.721072545551573,22309200
2010-05-27,7.777320861816406,7.7866951073703845,7.655458649538895,7.667957643610866,15008400
2010-05-28,7.800755500793457,7.886683991634815,7.766383866062999,7.767946538178814,9625600
2010-06-01,7.646085739135742,7.813255940137957,7.641398913532765,7.727327426835361,11117200
2010-06-02,7.838659763336182,7.881278404714706,7.676078007146737,7.736059263483791,9710400
2010-06-03,7.922317028045654,7.942837245295578,7.840236761182679,7.898640410114252,6010000
2010-06-04,7.676075458526611,7.863912576633326,7.650820042628762,7.863912576633326,8416000
2010-06-07,7.739212989807129,7.822872036557971,7.666603751004671,7.698173168525561,8117200
2010-06-08,7.723430156707764,7.761312983746842,7.669762316621837,7.732901164535873,18177200
2010-06-09,7.6397705078125,7.775517986100078,7.625564299346331,7.747106171304323,9823600
2010-06-10,7.9396772384643555,7.9396772384643555,7.7155355424078405,7.756575359243367,9816800
2010-06-11,7.892325401306152,7.906531611113969,7.811823947152952,7.870226986524358,7825600
2010-06-14,7.971246719360352,8.043855950905133,7.916000695823344,7.972824919117197,7473600
2010-06-15,8.099105834960938,8.099105834960938,8.004397553762406,8.034388780436807,8120800
2010-06-16,8.15750503540039,8.206437654376192,8.047012393861245,8.047012393861245,8106400
2010-06-17,8.266422271728516,8.279050282641208,8.089634333907735,8.184342007206121,8105200
2010-06-18,8.288519859313965,8.324825085986792,8.22380281520396,8.263264442152417,9016400
2010-06-21,8.196968078613281,8.364285570796826,8.146457251187412,8.364285570796826,6652800
2010-06-22,8.004399299621582,8.190658297587023,7.977565672151464,8.185923093242147,7922400
2010-06-23,7.923894882202148,8.062799978895267,7.576632441537676,7.576632441537676,5679200
2010-06-24,7.826030731201172,8.005975667212674,7.810245717958338,7.890747780155075,6574800
2010-06-25,7.7692060470581055,7.862335519621445,7.739214822350286,7.862335519621445,10078400
2010-06-28,7.764469146728516,7.805509574075647,7.720272319250016,7.77867535586612,7355200
2010-06-29,7.635035514831543,7.732900784502378,7.5703184698616806,7.638192517285761,9597600
2010-06-30,7.696595191955566,7.833922082579644,7.6602905686605665,7.663447570964908,11804000
2010-07-01,7.726585388183594,7.737634593715285,7.646083345439517,7.737634593715285,9380800
2010-07-02,7.728163242340088,7.791302072956563,7.707643634205771,7.75499745609987,5958400
2010-07-06,7.797616958618164,7.874961402630263,7.729742918774397,7.8007733585832195,4575200
2010-07-07,8.018601417541504,8.023337221603402,7.784988689085414,7.844970522731449,7862800
2010-07-08,8.0501708984375,8.0501708984375,7.996503068362453,8.0501708984375,5472400
2010-07-09,8.118043899536133,8.130671303868464,8.010708253097116,8.039120665515473,3559200
2010-07-12,8.19381046295166,8.195388662755773,8.075425607138179,8.081739610627661,3630400
2010-07-13,8.252218246459961,8.277473672838584,8.19223698514627,8.211178404396023,4233200
2010-07-14,8.22380256652832,8.266421194600328,8.168556531325695,8.208018157080891,4001200
2010-07-15,8.356391906738281,8.364284711949093,8.163819622751753,8.20485944002008,7978800
2010-07-16,8.304306983947754,8.362710038090645,8.253796136774962,8.33429761128885,9810800
2010-07-19,8.329562187194824,8.354817610113146,8.25379591843986,8.296414557515174,4420400
2010-07-20,8.318511962890625,8.335875176930239,8.204862272548937,8.302726949156108,6205600
2010-07-21,8.226959228515625,8.332716694275664,8.184340602206648,8.28851926580528,6376800
2010-07-22,8.340609550476074,8.38322818011562,8.25221528876406,8.25221528876406,9219600
2010-07-23,8.33587646484375,8.405328729596047,8.226961960726504,8.357974885349627,7092800
2010-07-26,8.339030265808105,8.470042537984419,8.28694063564422,8.305882045641738,4636800
2010-07-27,8.492142677307129,8.523712101815264,8.274314310551354,8.274314310551354,9195200
2010-07-28,8.376914978027344,8.474779654280074,8.359551764050616,8.449524234533024,6512000
2010-07-29,8.286943435668945,8.444789977300735,8.26168801309333,8.410063545457975,8449200
2010-07-30,8.255372047424316,8.304304680484783,8.209596416703553,8.274313459325912,5814000
2010-08-02,8.525288581848145,8.525288581848145,8.302725057072815,8.302725057072815,7969200
2010-08-03,8.482672691345215,8.53160472972512,8.444789259632874,8.484250891687232,4088400
2010-08-04,8.460573196411133,8.500034826249127,8.3500811145741,8.500034826249127,4592000
2010-08-05,8.406905174255371,8.408483976611352,8.316932708338033,8.392698963734915,7759600
2010-08-06,8.477936744689941,8.477936744689941,8.310619812936697,8.372179861573208,3809600
2010-08-09,8.441633224487305,8.501615080684008,8.414799600639993,8.47320265417698,5240800
2010-08-10,8.484249114990234,8.512661532290432,8.357972039287466,8.384805654439544,6483200
2010-08-11,8.315356254577637,8.432162363712482,8.296414837284352,8.36113189832847,5523600
2010-08-12,8.217489242553711,8.272735278284241,8.151193397540446,8.261686071138136,5706400
2010-08-13,8.211176872253418,8.285364936832575,8.165401232315778,8.206441668858748,4241200
2010-08-16,8.233270645141602,8.264840054944754,8.10225840734267,8.17171062720048,5056800
2010-08-17,8.282206535339355,8.36112978998635,8.250637113053228,8.266421523127969,5054400
2010-08-18,8.29483699798584,8.321671227560005,8.195393491907016,8.261689363338522,5724400
2010-08-19,8.18276309967041,8.266421557257903,8.129095262203407,8.238009137296745,5137600
2010-08-20,8.411643028259277,8.43531965013654,8.099106922812224,8.099106922812224,14323600
2010-08-23,8.479515075683594,8.523711907706485,8.427425436110894,8.427425436110894,6938400
2010-08-24,8.569485664367676,8.721018142788424,8.41163918214526,8.419531385829073,24677600
2010-08-25,8.48664379119873,8.644364068121222,8.429290742232828,8.47389839910242,9636800
2010-08-26,8.451595306396484,8.523286623844742,8.418139560831897,8.464340699602307,5526400
2010-08-27,8.585419654846191,8.590198873853685,8.43088509110951,8.483458931127336,4824000
2010-08-30,8.485053062438965,8.601352675930237,8.483460191777715,8.539219780930566,4872400
2010-08-31,8.559924125671387,8.57585585863196,8.414948698264265,8.451590772473375,8602400
2010-09-01,8.701715469360352,8.701715469360352,8.523284267935345,8.599754782831775,7937200
2010-09-02,8.704902648925781,8.730392822994656,8.63321134444029,8.7224272575482,4718800
2010-09-03,8.704902648925781,8.762255692514172,8.669853431680943,8.733579170719977,4793200
2010-09-07,8.64914321899414,8.706496263483876,8.630025132341764,8.630025132341764,5395600
2010-09-08,8.645959854125977,8.708092137847961,8.56311660658536,8.674636386264416,7439200
2010-09-09,8.700127601623535,8.747921624946102,8.688975683106069,8.716058740153064,8193200
2010-09-10,8.787748336791992,8.794121034033978,8.657111082000565,8.741547193388378,8062800
2010-09-13,8.83394718170166,8.918383271120153,8.80208431151595,8.853064660719607,9160800
2010-09-14,8.765442848205566,8.841913377460964,8.747918237967795,8.752697456129463,4706800
2010-09-15,8.563117027282715,8.618876615994703,8.502577611156887,8.571082595993865,19810400
2010-09-16,8.582232475280762,8.596570738648776,8.515320984719223,8.596570738648776,7955200
2010-09-17,8.564705848693848,8.622058888672951,8.547181848907922,8.61887254114815,7019600
2010-09-20,8.682600975036621,8.684193845427316,8.540811808644996,8.590198691296466,4917600
2010-09-21,8.61728286743164,8.720837073328472,8.591792685512496,8.660297663370299,6756400
2010-09-22,8.652332305908203,8.69216075410892,8.60453768188023,8.63799404024659,7527200
2010-09-23,8.531250953674316,8.633211653601096,8.523285387942607,8.609314956405969,5046400
2010-09-24,8.682600975036621,8.768630561746315,8.59497851793623,8.633213484651312,8217600
2010-09-27,8.70968246459961,8.74632516208961,8.66826115679409,8.69853055066221,4823200
2010-09-28,8.763850212097168,8.77500273510183,8.650737581359115,8.741546381555445,5213200
2010-09-29,8.70968246459961,8.738358988362558,8.639584633031141,8.72242785637591,4554000
2010-09-30,8.665077209472656,8.832356572611399,8.655518770726035,8.784562555676601,7683200
2010-10-01,8.668267250061035,8.68419839324631,8.593389540075094,8.615693991362301,8942000
2010-10-04,8.601353645324707,8.695348826014394,8.559931710656567,8.668265159849224,7527600
2010-10-05,8.666665077209473,8.690561766339911,8.601346487879335,8.633208740053252,9846400
2010-10-06,8.727210998535156,8.746329094795884,8.615691809017594,8.615691809017594,10651600
2010-10-07,8.746325492858887,8.768629321577173,8.722428186241437,8.735173578499744,5231600
2010-10-08,8.749513626098633,8.771818068650724,8.717651352206339,8.771818068650724,4442000
2010-10-11,8.760663032531738,8.767035120401445,8.685785378525937,8.7335793800841,2865600
2010-10-12,8.800495147705078,8.81801915634022,8.698533798624315,8.749514169297719,9194800
2010-10-13,8.837136268615723,8.87377836797993,8.82120452471788,8.843508358440971,9900400
2010-10-14,8.816423416137695,8.849879159553078,8.775002106347282,8.837134374899781,8374800
2010-10-15,8.813237190246582,8.868996763378723,8.755884139177084,8.868996763378723,8058400
2010-10-18,8.89289379119873,8.897673009393127,8.787746736785767,8.813236913378796,4014800
2010-10-19,8.843510627746582,8.889711785305028,8.813241218174173,8.829172358426169,7008000
2010-10-20,8.926351547241211,8.956621556589363,8.814832379328708,8.880151009563411,5877200
2010-10-21,8.856249809265137,8.962989711039604,8.806862336778277,8.948651451784299,7402000
2010-10-22,8.83394718170166,8.894486574281144,8.790932398111005,8.873775617500375,6115600
2010-10-25,8.73835563659668,8.894483587301815,8.730390073658704,8.891297240579926,7438800
2010-10-26,8.800495147705078,8.802088018405016,8.688975358956775,8.717651893427309,8103200
2010-10-27,8.71446418762207,8.757478982631309,8.612503462148553,8.757478982631309,9583200
2010-10-28,8.770221710205078,8.819609190893722,8.695344661866852,8.76225614434787,8458400
2010-10-29,8.768627166748047,8.778185600859105,8.443627036832758,8.641176314153896,17064000
2010-11-01,8.590201377868652,8.79890271288345,8.497799672963845,8.79890271288345,10630400
2010-11-02,8.666665077209473,8.679409856532338,8.599753010630536,8.633208740053252,4948800
2010-11-03,8.703312873840332,8.733582276394186,8.610910580148717,8.69375382726516,6230000
2010-11-04,8.763850212097168,8.782968302047617,8.700125068797075,8.778188475693105,6210400
2010-11-05,8.719242095947266,8.768629580807639,8.660296174344333,8.719242095947266,5324800
2010-11-08,8.674636840820312,8.717651641281973,8.655519354304221,8.695347805724209,5032000
2010-11-09,8.6714506149292,8.711279066914825,8.631622162943573,8.677823313103046,5710000
2010-11-10,8.623655319213867,8.658703938520716,8.559929562364193,8.650738370847971,4767600
2010-11-11,8.585419654846191,8.67144924338417,8.561522952074876,8.588606003429138,6392000
2010-11-12,8.544001579284668,8.594981960479815,8.493021198089519,8.575864469465156,6144800
2010-11-15,8.534438133239746,8.577452921663443,8.491423344816047,8.572673703305401,5531200
2010-11-16,8.37353515625,8.515324368265684,8.335299569497867,8.496206878756634,10520000
2010-11-17,8.31777286529541,8.42291994283168,8.301841729321444,8.39583689012916,7732000
2010-11-18,8.338485717773438,8.406990711905907,8.274759943969368,8.348044766164254,8751600
2010-11-19,8.27953815460205,8.34804313535189,8.255640842160423,8.300248510468634,7889600
2010-11-22,8.298656463623047,8.312994730964432,8.183950324891972,8.239710523545783,8243600
2010-11-23,8.23109245300293,8.256830287334934,8.203746924460791,8.256830287334934,10493200
2010-11-24,8.282570838928223,8.305090839401535,8.216619145988957,8.240747454942937,5842800
2010-11-26,8.168357849121094,8.243961201868556,8.155489545841542,8.227875669363183,4518800
2010-11-29,8.155492782592773,8.182838321429548,8.076672169337172,8.155492782592773,8281600
2010-11-30,8.142623901367188,8.174795592931106,8.042892209780621,8.132972823434798,9350400
2010-12-01,8.192487716674805,8.256831081445629,8.155490496699912,8.239136625452462,10866000
2010-12-02,8.240745544433594,8.240745544433594,8.141013873905846,8.18927109424999,6643600
2010-12-03,8.219832420349121,8.231092416006891,8.149055217125461,8.200529658310622,7959200
2010-12-06,8.189269065856934,8.234309045205709,8.168357383891989,8.203746289736712,6218000
2010-12-07,8.178010940551758,8.268091533465855,8.15870817550725,8.243962616942342,7030000
2010-12-08,8.184443473815918,8.197311776275626,8.08310290734207,8.16031456297139,9520800
2010-12-09,8.216618537902832,8.22787853730617,8.145840697511622,8.216618537902832,7474800
2010-12-10,8.364605903625488,8.436992038977783,8.23109363023972,8.237528089742996,9619200
2010-12-13,8.379084587097168,8.438601813787827,8.35656458854524,8.401604585649096,7850800
2010-12-14,8.272918701171875,8.42251654039277,8.235921471871132,8.395170388703725,13703600
2010-12-15,8.178010940551758,8.287394298510364,8.169968172918532,8.27613430109908,10566400
2010-12-16,8.239136695861816,8.243962233492535,8.13779611025007,8.189270557057096,10984800
2010-12-17,8.3115234375,8.314740667601692,8.166751764667264,8.171577303007853,13584800
2010-12-20,8.289002418518066,8.342085788215849,8.240745200189789,8.30026241567387,8326400
2010-12-21,8.223052024841309,8.329218167154586,8.221443716550102,8.292220940217648,8867200
2010-12-22,8.375865936279297,8.399994852706465,8.205356440466106,8.242354275954119,9490000
2010-12-23,8.391949653625488,8.443424705094559,8.364604126980506,8.3726468928394,5278400
2010-12-27,8.388737678527832,8.428952143691198,8.32439428881683,8.36782598482815,3581200
2010-12-28,8.411255836486816,8.42573306531614,8.338869692340202,8.38390968708747,3331600
2010-12-29,8.375865936279297,8.425732077204321,8.324391487283586,8.372648706514086,5491200
2010-12-30,8.35977840423584,8.41286114862274,8.345301180562378,8.380689472279082,3507600
2010-12-31,8.362998962402344,8.412864497643142,8.332435581578439,8.343695580737583,3526000
2011-01-03,8.401604652404785,8.428950803452222,8.334044656212196,8.393561883375755,6060800
2011-01-04,8.485250473022461,8.515813239603618,8.354955410731154,8.40964709709275,6944000
2011-01-05,8.419299125671387,8.486859121970125,8.380692975197862,8.467556353545335,10962800
2011-01-06,8.38230037689209,8.440209285287532,8.332434236079607,8.417689290605711,7158000
2011-01-07,8.399994850158691,8.406428696063328,8.290611492670022,8.396777620394456,5495600
2011-01-10,8.512595176696777,8.541549632151435,8.337260749455814,8.372649051081837,11806000
2011-01-11,8.486857414245605,8.5833724641967,8.459511882281612,8.5833724641967,7346000
2011-01-12,8.62680721282959,8.681498909832971,8.541552129674177,8.541552129674177,8480400
2011-01-13,8.647719383239746,8.673456619567503,8.58820213928633,8.634851071887926,6484400
2011-01-14,8.710448265075684,8.726533796209084,8.593021556031866,8.631627689825182,6422000
2011-01-18,8.734579086303711,8.757099081848828,8.69919078485732,8.720101858649869,5172400
2011-01-19,8.695975303649902,8.766752534399133,8.679889151008727,8.726538073232165,5126400
2011-01-20,8.72653865814209,8.803750355123027,8.69597588651131,8.712061426606663,10452000
2011-01-21,8.753881454467773,8.774793140934612,8.704015927631856,8.76031591393816,10110400
2011-01-24,8.708842277526855,8.78766287932957,8.700799509250794,8.734579504184579,10245200
2011-01-25,8.778007507324219,8.778007507324219,8.596238075133058,8.673449722720118,13060800
2011-01-26,8.72010326385498,8.80053218297622,8.633239883934293,8.78122941420183,8645600
2011-01-27,8.752274513244629,8.797314509323515,8.657368368918457,8.686322827433148,5785200
2011-01-28,8.691146850585938,8.79570466739424,8.679886853529514,8.739404682112118,8268800
2011-01-31,8.599458694458008,8.75549097230803,8.597850386292816,8.68793037051644,8734400
2011-02-01,8.77157974243164,8.787665898133682,8.638068025037226,8.652545258357016,6874000
2011-02-02,8.82465934753418,8.917956556058709,8.742621522731469,8.821442117774874,7090400
2011-02-03,8.845571517944336,8.871308743802581,8.724928156679336,8.795705374383544,10762800
2011-02-04,8.8053560256958,8.842353245152127,8.720100976525853,8.818224330295317,8266800
2011-02-07,8.877741813659668,8.887393502621386,8.776401840868786,8.803747372491268,9871200
2011-02-08,8.91634750366211,8.917955811595585,8.835918607265102,8.85843860007646,4446000
2011-02-09,8.885787963867188,8.898656272869415,8.839139039783106,8.877744580413792,3734400
2011-02-10,8.882568359375,8.893828356851754,8.826267758367385,8.86004836442149,4948000
2011-02-11,8.856833457946777,8.89383068987891,8.821444534522998,8.868093458377253,4757600
2011-02-14,8.798922538757324,8.855222528145282,8.752273625479381,8.845571452035268,4281200
2011-02-15,8.810182571411133,8.82144256933317,8.734579202256993,8.769968117797037,5381600
2011-02-16,8.74422836303711,8.827874475997298,8.665407786755342,8.810180023344838,6988800
2011-02-17,8.724929809570312,8.789272579593383,8.710452578930925,8.715278117936059,5642400
2011-02-18,8.78122329711914,8.786048832545235,8.712054425768644,8.744226093730845,7485200
2011-02-22,8.790882110595703,8.805359342237885,8.705627029314396,8.705627029314396,7270000
2011-02-23,8.745838165283203,8.819833217531437,8.66540926757217,8.66540926757217,7502800
2011-02-24,8.752274513244629,8.813400660511634,8.71527728594784,8.724928976660712,7466800
2011-02-25,8.797313690185547,8.81983429975197,8.753882006457532,8.753882006457532,4550800
2011-02-28,8.922782897949219,8.935651203637256,8.78766231329366,8.78766231329366,8805600
2011-03-01,8.707234382629395,8.937261125261983,8.707234382629395,8.921174974322412,12267600
2011-03-02,8.742988586425781,8.749489098560755,8.664984300574956,8.71373690174135,7938800
2011-03-03,8.846993446350098,8.897371480645631,8.7836150089633,8.78849070255506,8676400
2011-03-04,8.897369384765625,8.898994202298201,8.757611519899475,8.845366544804651,9450400
2011-03-07,8.876243591308594,8.93799720008758,8.83236607611743,8.89899475772117,6344000
2011-03-08,8.986749649047852,9.012751070248864,8.88924447452475,8.892494729665223,6094000
2011-03-09,9.063128471374512,9.069628981208137,8.90386969998715,8.991624722972862,6565600
2011-03-10,8.994874954223633,9.077754910289482,8.937997039215915,8.994874954223633,8384800
2011-03-11,9.050129890441895,9.077756754718026,8.954249514288678,8.954249514288678,8680400
2011-03-14,8.951000213623047,8.99487711865979,8.877871005356925,8.970501129186369,9777600
2011-03-15,8.73810863494873,8.941244876360251,8.73810863494873,8.941244876360251,13087200
2011-03-16,8.547974586486816,8.747861235562189,8.456969927965597,8.739735288260444,12608000
2011-03-17,8.583725929260254,8.663355617581677,8.513847004791256,8.63247850867701,8145600
2011-03-18,8.573974609375,8.710482194842838,8.543098122395392,8.645478966476931,9970400
2011-03-21,8.736486434936523,8.825866910213271,8.640606068667427,8.65198227273043,5876400
2011-03-22,8.757608413696289,8.786860078289518,8.699105084509831,8.760858667531373,5500800
2011-03-23,8.725109100341797,8.7624861007212,8.682857027715473,8.729984792511434,3445200
2011-03-24,8.778735160827637,8.79336099380261,8.702355741966942,8.773860089810167,7410800
2011-03-25,8.79173755645752,8.824239483785597,8.757610811728256,8.811239084807987,4746400
2011-03-28,8.73810863494873,8.855115308377002,8.736483197860776,8.816112877260041,5922400
2011-03-29,8.885993003845215,8.890868075927662,8.718608916505794,8.747860588845864,5367600
2011-03-30,8.934746742248535,8.947747762716727,8.879493645104274,8.923371159300256,7840400
2011-03-31,8.957496643066406,8.972122479066108,8.900618736357949,8.9136191350673,6730400
2011-04-01,9.089126586914062,9.089126586914062,8.970495115224955,8.978620439602082,8676000
2011-04-04,9.131383895874023,9.131383895874023,9.059880132351465,9.071255717004533,8148400
2011-04-05,9.150884628295898,9.155759701313844,9.07450517809307,9.084255944051776,7602000
2011-04-06,9.193133354187012,9.199633862454931,9.116753931845423,9.16063143277,6323600
2011-04-07,9.108633995056152,9.167137364232312,9.061506212117251,9.155761777995053,11005600
2011-04-08,9.100507736206055,9.150885770060864,9.020878020748178,9.11188332128248,6597200
2011-04-11,8.96562385559082,9.12000757474479,8.947748381095847,9.102131480326996,9895200
2011-04-12,8.957496643066406,9.002999588355861,8.90874406304163,8.936370917673372,7766400
2011-04-13,8.933122634887695,9.029002998733949,8.92174705103499,8.980249788024837,6659200
2011-04-14,8.963997840881348,8.996499770035141,8.871367745742813,8.911995002204371,4881600
2011-04-15,8.957496643066406,9.045251659064618,8.939620552408694,8.996499079039841,11047200
2011-04-18,8.926621437072754,8.933121947323347,8.820990315230326,8.885994177890709,7557600
2011-04-19,8.92011833190918,8.950995436655788,8.890866664213762,8.91849351478059,5361200
2011-04-20,9.048501014709473,9.059876594920945,8.955870935888845,8.98999767652326,5227200
2011-04-21,9.02087688446045,9.069630094273101,8.988375571149101,9.058254510629567,4564800
2011-04-25,9.012752532958984,9.050129543256308,8.990001363206082,9.01762822642238,3613600
2011-04-26,9.107004165649414,9.115129491358742,9.027374485883726,9.027374485883726,5600000
2011-04-27,9.13300895690918,9.147634796563091,9.05337924769948,9.123258190498959,6113200
2011-04-28,9.235386848449707,9.263013081128802,9.10050407970549,9.10050407970549,7140400
2011-04-29,9.193133354187012,9.245136180485193,9.120004185979383,9.191508537081326,7054400
2011-05-02,9.19801139831543,9.254889934159555,9.155759320762836,9.225638257422071,7722000
2011-05-03,9.323142051696777,9.336143070508095,9.175258872292877,9.201260289992815,9061200
2011-05-04,9.332894325256348,9.37027133049999,9.240264220973668,9.31014315857959,7962000
2011-05-05,9.271138191223145,9.329641529560192,9.232136378946867,9.31501569497593,7164800
2011-05-06,9.326394081115723,9.409274042002325,9.269516162799674,9.33614484707968,5758000
2011-05-09,9.368643760681152,9.376769086404098,9.235386435072465,9.313390677873457,4968400
2011-05-10,9.482401847839355,9.518154033551022,9.380021603175019,9.393022003482955,5796400
2011-05-11,9.461273193359375,9.500275002142208,9.39464453509301,9.47264877258125,5010800
2011-05-12,9.568533897399902,9.578284044525434,9.417400417725332,9.425525746970902,6000000
2011-05-13,9.52952766418457,9.581530494609162,9.46452443611515,9.570154914198946,5672000
2011-05-16,9.436899185180664,9.584782375531761,9.422273347896589,9.495402534316964,7944000
2011-05-17,9.523027420043945,9.539278692454898,9.40927161278055,9.42064719350689,6322000
2011-05-18,9.506776809692383,9.526277716749306,9.45802423208875,9.526277716749306,6137200
2011-05-19,9.488900184631348,9.56202935687274,9.458023698539481,9.549028339619772,7034000
2011-05-20,9.3897705078125,9.508402012091164,9.373519854593987,9.505152377385606,9370400
2011-05-23,9.358895301818848,9.409273325579285,9.293891440187494,9.329643626077017,6980400
2011-05-24,9.324769020080566,9.380022119255496,9.308517743898056,9.358895770179634,5944400
2011-05-25,9.264641761779785,9.321520307950173,9.186637482959132,9.293893443827894,7880000
2011-05-26,9.279263496398926,9.295514768079942,9.180133528796551,9.232136358330548,5626000
2011-05-27,9.319894790649414,9.341021143042479,9.279267523698156,9.311769461243742,4581200
2011-05-31,9.417397499084473,9.41902231646087,9.363769226822996,9.365394664122084,7274400
2011-06-01,9.312396049499512,9.433805297402236,9.307474264403051,9.427242500031753,6678400
2011-06-02,9.222159385681152,9.312395655184607,9.174580045554007,9.312395655184607,5822800
2011-06-03,9.13520336151123,9.149969340174147,8.885822736239026,8.921917489828978,13460000
2011-06-06,9.090906143188477,9.154891847158124,9.044967817438524,9.09418754157958,7831600
2011-06-07,9.090906143188477,9.202471185035002,9.089265756924299,9.115516318190378,7749600
2011-06-08,9.105674743652344,9.140128497880681,9.067939590088507,9.08434596090307,5769600
2011-06-09,9.126997947692871,9.17785804164848,9.099106383320803,9.131919730756305,4399600
2011-06-10,9.104031562805176,9.190986427988381,9.079421388273492,9.122078314817308,10028800
2011-06-13,9.171298027038574,9.192626175898118,9.079420757811219,9.130281489575724,5240800
2011-06-14,9.169655799865723,9.24676708035292,9.13684244907143,9.235282501454307,5716400
2011-06-15,9.100750923156738,9.22708195294962,9.064656164397976,9.133563657450754,6592400
2011-06-16,9.21231460571289,9.235283766656808,9.122077722200787,9.12371873418975,7690400
2011-06-17,9.291069030761719,9.351773349190294,9.269740249635994,9.27630304780743,7714000
2011-06-20,9.359976768493652,9.361617781009068,9.209036161946003,9.281225066051892,6325600
2011-06-21,9.34684944152832,9.394428152812486,9.302551502722174,9.386224969891957,5384800
2011-06-22,9.305832862854004,9.34684940315098,9.253331741342894,9.323880240722712,7025600
2011-06-23,9.250052452087402,9.27794340543455,9.156534768956679,9.238567868254709,5972400
2011-06-24,9.287784576416016,9.351770272881916,9.2336424481063,9.271377586384583,7324800
2011-06-27,9.348489761352539,9.35833395630488,9.2927072416814,9.2927072416814,5920000
2011-06-28,9.366535186767578,9.391145356087222,9.304189883457061,9.35997239150066,4052800
2011-06-29,9.389506340026855,9.414116514577254,9.34520840135378,9.39442812459184,6011200
2011-06-30,9.427239418029785,9.42888042976732,9.330440378981015,9.414114453442505,6626000
2011-07-01,9.545367240905762,9.556851819632879,9.414114465551135,9.428880441894943,5607200
2011-07-05,9.464977264404297,9.528963597391794,9.430523518392953,9.510916218282201,5803200
2011-07-06,9.476460456848145,9.519118005918147,9.422318953321065,9.466616888495595,4794800
2011-07-07,9.52403736114502,9.540444347319413,9.455129896800146,9.540444347319413,5130800
2011-07-08,9.466619491577148,9.491229045088213,9.415758746273704,9.45841630707346,4081200
2011-07-11,9.378023147583008,9.405914724594748,9.323881631762195,9.384585945216692,4928800
2011-07-12,9.399352073669434,9.460056388071424,9.327162550297816,9.348491330008779,6297200
2011-07-13,9.384589195251465,9.458419129541827,9.373104608346635,9.42888715582568,6560400
2011-07-14,9.35013484954834,9.442011539038733,9.337009250556566,9.392791794545593,5922800
2011-07-15,9.318961143493652,9.371462283670622,9.28450738760182,9.36490011054572,8170800
2011-07-18,9.246769905090332,9.315677399532113,9.205753360533235,9.289426836050083,5146800
2011-07-19,9.314037322998047,9.337006488576135,9.195909470467512,9.26317658074455,5190000
2011-07-20,9.341924667358398,9.382941197445636,9.266454402204904,9.317315124823606,4886800
2011-07-21,9.49779224395752,9.532245995845091,9.38950857669452,9.38950857669452,5189200
2011-07-22,9.427239418029785,9.515835275978679,9.4091920440925,9.5027096855288,3900000
2011-07-25,9.44036865234375,9.489588383803802,9.358335557956048,9.358335557956048,4091200
2011-07-26,9.410836219787598,9.483025113944311,9.397710624924844,9.438727170076733,7266400
2011-07-27,9.294349670410156,9.40919549971187,9.248410712826642,9.3977109167817,9958800
2011-07-28,9.227083206176758,9.35505463972037,9.213957609986196,9.245129962144471,7344000
2011-07-29,9.064655303955078,9.200830516627699,9.049889324579285,9.200830516627699,9977200
2011-08-01,9.090906143188477,9.154891847158124,9.01051344726331,9.113875306063452,6737200
2011-08-02,8.898950576782227,9.072860340674811,8.898950576782227,9.041687989339671,7207600
2011-08-03,8.864496231079102,8.928481946381142,8.715196020086719,8.910435190827968,13422000
2011-08-04,8.611832618713379,8.869416428027751,8.608551220560384,8.797226920387283,13019600
2011-08-05,8.66433334350586,8.729959425993899,8.510110766640482,8.677458309658398,17404000
2011-08-08,8.231202125549316,8.628242711528893,8.20331116799237,8.519959029145912,14094400
2011-08-09,8.521595001220703,8.536360978707805,8.039240779746468,8.326356521880271,17858400
2011-08-10,8.234484672546387,8.493709641990625,8.203312311075003,8.411676518879876,16360800
2011-08-11,8.605269432067871,8.69222428865844,8.234479593813877,8.257449379842916,28130000
2011-08-12,8.64464282989502,8.76605202273234,8.595423123665707,8.665971598743978,26907200
2011-08-15,8.980981826782227,9.005591375135806,8.670896260280205,8.688943637923801,24555200
2011-08-16,8.97277545928955,9.013791987377866,8.830038116783724,8.916992956054939,7134800
2011-08-17,9.031845092773438,9.141769783272558,9.003954136383822,9.026923306554787,7592800
2011-08-18,8.956372261047363,8.976060026240328,8.769336927057276,8.889105156263863,14720800
2011-08-19,8.907151222229004,8.974418317097408,8.851368707518914,8.894025630126546,9924800
2011-08-22,8.880899429321289,9.041684155049076,8.85957065805112,9.041684155049076,9130400
2011-08-23,9.043326377868652,9.043326377868652,8.843166092374124,8.926839556872725,9200800
2011-08-24,9.286932945251465,9.30019019367272,9.02178102295041,9.035038903542207,8870400
2011-08-25,9.149386405944824,9.306820280427896,9.08475581052466,9.306820280427896,7402800
2011-08-26,9.182530403137207,9.19910212361028,8.899149810721624,9.099670536430619,6784800
2011-08-29,9.328363418579102,9.333334808006061,9.228931204845862,9.270361135858733,4896400
2011-08-30,9.353222846984863,9.392995866775266,9.273677439574762,9.29687810438137,6061600
2011-08-31,9.399625778198242,9.416197502720456,9.334995167522532,9.376425110998836,8580000
2011-09-01,9.399625778198242,9.452656055274248,9.356538282967257,9.417855054475138,10512400
2011-09-02,9.218992233276367,9.295223186101177,9.21236328985573,9.260422181399091,8055200
2011-09-06,9.122872352600098,9.136130236393033,8.948866736927316,9.081442414003211,7274000
2011-09-07,9.114583969116211,9.247159609505616,9.018466234727317,9.247159609505616,12296000
2011-09-08,9.05824089050293,9.136129369973185,8.982009962434944,8.983666881666581,10302400
2011-09-09,8.88257884979248,8.996925888352555,8.832863048413223,8.972067671577571,11257600
2011-09-12,8.96875286102295,8.970410412569583,8.791432775774489,8.809662049763325,8249600
2011-09-13,8.8809232711792,8.972069026163974,8.831207462293941,8.958811772140947,12767600
2011-09-14,8.924009323120117,9.003555368687099,8.791433634126399,8.87097904752263,9866400
2011-09-15,9.005213737487793,9.066529884983348,8.945554509796615,8.990298930564999,10833600
2011-09-16,9.160989761352539,9.185847982646107,9.01847064123385,9.044986414438098,11891200
2011-09-19,9.073158264160156,9.107959267424981,9.040014180596641,9.061557929738548,5899200
2011-09-20,9.225618362426758,9.338307845240232,9.096357157152175,9.11458643116181,9977200
2011-09-21,9.083098411560059,9.323391508574348,9.079783941178889,9.245503667213894,9047200
2011-09-22,8.84115219116211,9.021786821209833,8.766578777502172,8.928984126105574,14760000
2011-09-23,8.91738224029541,9.030071749494713,8.826235848905652,8.842808207417807,10764400
2011-09-26,9.011839866638184,9.025097117445494,8.924007972335803,9.00189645440471,8468400
2011-09-27,9.041671752929688,9.220648793104385,9.006870117415295,9.184190237884932,10456400
2011-09-28,8.92235279083252,9.112930786649894,8.904123514272676,9.06652881936008,8629200
2011-09-29,9.035040855407715,9.06321290949556,8.94555203859219,9.02344052346911,11456400
2011-09-30,8.95218276977539,9.073158135724555,8.948868298248875,8.967097575559304,9766000
2011-10-03,8.761600494384766,9.044981666116376,8.758286024474224,8.93063466679942,8868800
2011-10-04,8.784804344177246,8.788118815292338,8.506395724387435,8.673772406589903,11600000
2011-10-05,8.786459922790527,8.84611912512407,8.705256979131969,8.809660583215663,9690800
2011-10-06,8.909093856811523,8.914065879396848,8.74834612242202,8.766575396836565,5900800
2011-10-07,8.982011795043945,9.041671014285354,8.885894023561505,8.950524633682777,11350800
2011-10-10,9.131160736083984,9.134475207947737,9.018471221399832,9.091388338060677,6891200
2011-10-11,9.076469421386719,9.116241801403078,9.013495748828472,9.10629902248428,4801600
2011-10-12,9.061556816101074,9.131158814076851,9.011841012951129,9.088071953259094,7169200
2011-10-13,9.04664134979248,9.074813404386196,8.958810082917143,9.026755156422169,5708800
2011-10-14,9.091386795043945,9.142759519785828,9.049956852034938,9.093043714609172,7864000
2011-10-17,9.063209533691406,9.134469050298087,9.035037490096897,9.08972465855642,7709200
2011-10-18,9.086416244506836,9.154361332038471,8.982012601460873,9.076472829683613,7815200
2011-10-19,9.073158264160156,9.205733966243402,9.061557929738548,9.10298787615024,7295600
2011-10-20,9.127843856811523,9.157672829310497,9.063212625246884,9.093042229916515,6166800
2011-10-21,9.258757591247559,9.27201546801062,9.182526696371033,9.200755960835062,8139600
2011-10-24,9.253793716430664,9.30516708234052,9.20407790254709,9.263737132075729,6071200
2011-10-25,9.147730827331543,9.263734785117645,9.134472943163663,9.205732490139239,6510400
2011-10-26,9.285279273986816,9.333338162957883,9.177561793935686,9.253792742680327,9362000
2011-10-27,9.57859992980957,9.626658801535884,9.439395336231316,9.523912749566637,12055600
2011-10-28,9.452655792236328,9.586888400774983,9.436083436004502,9.565345285929736,11022800
2011-10-31,9.346593856811523,9.455968863060203,9.346593856811523,9.368136968466251,9863200
2011-11-01,9.172588348388672,9.290249856966549,9.146073212407188,9.20241795538918,10273200
2011-11-02,9.313451766967773,9.402940599932325,9.285279075625247,9.295222490011573,7758400
2011-11-03,9.547113418579102,9.55705619744846,9.348249622974388,9.379736143011657,11016000
2011-11-04,9.353222846984863,9.429454415568909,9.205732364567966,9.205732364567966,14420000
2011-11-07,9.285279273986816,9.391339834356891,9.185847656682572,9.222306211373837,12002400
2011-11-08,9.354877471923828,9.356534390818494,9.245502491931228,9.283617948213596,6682800
2011-11-09,9.09469985961914,9.240532781291138,9.068184725481444,9.240532781291138,10162000
2011-11-10,9.162642478942871,9.212358263128532,9.11458361362285,9.194128994754008,6214000
2011-11-11,9.250479698181152,9.315110322616293,9.22396455399825,9.22396455399825,7103200
2011-11-14,9.159332275390625,9.263735913330308,9.12453127346766,9.263735913330308,5100400
2011-11-15,9.222304344177246,9.258762259316244,9.116243173110073,9.164302052350884,14236400
2011-11-16,9.214019775390625,9.316766497055776,9.134474354604281,9.154361183928975,10115200
2011-11-17,9.177560806274414,9.272021022199164,9.109615727588702,9.190818058808565,8745600
2011-11-18,9.202417373657227,9.24881933281955,9.142758163427574,9.202417373657227,7426000
2011-11-21,9.064872741699219,9.16098989225473,9.023442793731828,9.141103694238216,9083600
2011-11-22,8.949362754821777,9.079937507588337,8.894120105975343,9.043108649296274,8161600
2011-11-23,8.768568992614746,8.920905691404146,8.766894605065644,8.89746937445066,9066800
2011-11-25,8.800374984741211,8.860640162299152,8.758524237947277,8.7635461232132,3957600
2011-11-28,8.964427947998047,9.03306313274465,8.919229074346639,8.976146103545645,7978800
2011-11-29,9.106720924377441,9.138527255644373,8.992886864928353,9.011301291985058,6276800
2011-11-30,9.280817985534668,9.315973085316573,9.195442774273435,9.265751696654275,12371200
2011-12-01,9.304258346557617,9.369545409471339,9.264081348599786,9.280821391903713,5316400
2011-12-02,9.334383964538574,9.436499819757772,9.315970184832459,9.374560935241202,9955200
2011-12-05,9.459941864013672,9.538621466843757,9.389632920831474,9.466638136295312,8876800
2011-12-06,9.505142211914062,9.575451804545903,9.441529531189746,9.48338028152553,7504400
2011-12-07,9.55535888671875,9.587165211314913,9.454916752545712,9.473331175740341,7317200
2011-12-08,9.478354454040527,9.583818486938233,9.459940028135517,9.50346515092764,8610400
2011-12-09,9.622323036193848,9.639063717039921,9.49677080351085,9.528577139230872,7318800
2011-12-12,9.540294647216797,9.630691757215626,9.47500695861821,9.603907310069381,7024000
2011-12-13,9.605583190917969,9.706024723687417,9.550339900880589,9.590516897143383,7300800
2011-12-14,9.570425987243652,9.625669265202673,9.533597773862523,9.577122258255331,7726400
2011-12-15,9.694302558898926,9.722761385861222,9.612274851457347,9.679236271352163,8591600
2011-12-16,9.687607765197754,9.751221059930826,9.635713263534466,9.746199176180578,15871600
2011-12-19,9.634037971496582,9.71104316185998,9.592187241265414,9.66082241330087,7898800
2011-12-20,9.833250045776367,9.866730126543517,9.70602343993141,9.722764118906593,10570800
2011-12-21,9.99061107635498,10.030787438684348,9.853340667644744,9.856688804270819,11749200
2011-12-22,9.997304916381836,10.029111248700614,9.957127925239307,10.000653052193014,10523600
2011-12-23,10.086029052734375,10.101095345742708,9.990609409878827,9.990609409878827,7393200
2011-12-27,10.173078536987305,10.189818578506966,10.079332644138912,10.087702664898742,5915600
2011-12-28,10.156335830688477,10.206557222411599,10.144617676244152,10.163032101397095,5884800
2011-12-29,10.2249755859375,10.235019357277485,10.146295971284854,10.203213017047918,4849200
2011-12-30,10.191493034362793,10.245061933895997,10.17307860541232,10.23669191307987,4917200
2012-01-03,9.868402481079102,10.238362789240853,9.826551750148818,10.238362789240853,19250400
2012-01-04,9.843294143676758,9.888493020533547,9.824879715484181,9.855012300055375,11679600
2012-01-05,9.968846321105957,9.988934497864683,9.80479149396117,9.891841111371152,13628000
2012-01-06,9.863384246826172,9.963826427876848,9.86003674885706,9.955456405770564,18193600
2012-01-09,9.875099182128906,9.918623663215074,9.804789619030938,9.901883625549202,9357200
2012-01-10,9.918623924255371,9.958800909738954,9.863380649039387,9.901883886148934,7598400
2012-01-11,9.911927223205566,9.937037917866451,9.843292048202837,9.89016530233039,7078400
2012-01-12,9.942059516906738,9.968843959102648,9.870076208769328,9.947081400258636,7762400
2012-01-13,9.89686393737793,9.9437372057294,9.848317558808874,9.883472031128713,8264400
2012-01-17,9.901887893676758,10.02241762172569,9.876777187762684,9.992285030065513,7612400
2012-01-18,9.96047592163086,9.977215961860825,9.888492599177123,9.893514483527794,7074800
2012-01-19,9.841620445251465,9.990608981618573,9.834924173403326,9.990608981618573,9229200
2012-01-20,9.928668975830078,9.928668975830078,9.838271231558053,9.838271231558053,9678000
2012-01-23,9.937039375305176,10.002326424689164,9.906906792729247,9.915276812646653,8460000
2012-01-24,9.908581733703613,9.938714319905786,9.846642812550996,9.935366183817582,5954400
2012-01-25,10.052545547485352,10.065938088047835,9.828225601795598,9.87509885517281,9944000
2012-01-26,9.988938331604004,10.084358644661283,9.94039193902102,10.060921684424136,11892800
2012-01-27,10.03078842163086,10.05087724335587,9.890170501106748,9.943739415189789,10602000
2012-01-30,10.032456398010254,10.10611344815482,9.938710538978734,9.993953805530724,10821600
2012-01-31,10.019064903259277,10.05087186801718,9.968844152989124,10.039153714240527,8736800
2012-02-01,10.035805702209473,10.10444087742547,10.024087548289046,10.070960163970753,8662400
2012-02-02,10.062593460083008,10.126206772743371,10.022416462983909,10.060919072633371,8047600
2012-02-03,10.079334259033203,10.144621325448378,10.02074346573542,10.122859395704488,7399200
2012-02-06,10.039154052734375,10.096071075250704,10.014043357456888,10.052545955248595,5274400
2012-02-07,10.074310302734375,10.119509179098582,9.975542529625544,10.019067018758694,7050000
2012-02-08,10.102766990661621,10.114485145162151,10.019065522176962,10.057568759640448,6726400
2012-02-09,10.092723846435547,10.114485769799604,10.035806818807309,10.096071982012685,6455200
2012-02-10,10.104440689086914,10.119506977931138,10.049197417127598,10.049197417127598,5397600
2012-02-13,10.05087661743164,10.127881846806487,10.012374002744217,10.127881846806487,7214800
2012-02-14,10.107791900634766,10.107791900634766,10.005675982787428,10.024090412378479,5380400
2012-02-15,10.039154052734375,10.141269943595274,9.988932662179403,10.131225537765978,7544800
2012-02-16,10.116161346435547,10.171403993475371,10.040829883570657,10.06761433274577,8270000
2012-02-17,10.081003189086914,10.164704641965837,10.062588767278925,10.12787579834986,7547600
2012-02-21,10.112812995910645,10.137923695863405,10.079332275504173,10.114486744564736,7985200
2012-02-22,10.074310302734375,10.161359919592297,10.049199603001497,10.127879199479,5201200
2012-02-23,10.079334259033203,10.107793100486235,10.004002782941944,10.074312373491036,23902800
2012-02-24,10.173078536987305,10.193166714529228,10.069288874663776,10.11113961705458,25763600
2012-02-27,10.181450843811035,10.211583436185483,10.119511909971022,10.154666388210615,40980000
2012-02-28,10.124529838562012,10.206557560984827,10.112811683728973,10.204883173956368,6014000
2012-02-29,10.061971664428711,10.163420264646502,9.992648744525551,10.15158469136965,9810400
2012-03-01,10.112696647644043,10.154966737994517,10.065353707858044,10.06873539248493,8026800
2012-03-02,10.111005783081055,10.138058615909076,10.063663486879623,10.105933578485306,6076000
2012-03-05,10.117769241333008,10.14313155451517,10.060281890445133,10.087334723510578,5246800
2012-03-06,10.065349578857422,10.09240239978452,10.01800730348253,10.073804109451618,4798000
2012-03-07,10.10255241394043,10.112697468644713,10.007867171671792,10.0687362099166,5192800
2012-03-08,10.104240417480469,10.146510500735472,10.085642122640106,10.144819981200998,5630800
2012-03-09,10.146513938903809,10.195547406892379,10.083954375085238,10.124533952556245,7049200
2012-03-12,10.27501392364502,10.296994551831803,10.148203649090394,10.1515853338107,6857200
2012-03-13,10.298685073852539,10.30883012801558,10.232743834268796,10.285158979958894,7364400
2012-03-14,10.154963493347168,10.318970952910954,10.14312792342989,10.288536445983615,7512800
2012-03-15,10.187090873718262,10.203998650367303,10.094096812167862,10.166801412741345,8405600
2012-03-16,10.171870231628418,10.192159685853182,10.12960015908259,10.176942433937079,10953600
2012-03-19,10.149896621704102,10.254726938394871,10.124534947658708,10.144824415893137,7478800
2012-03-20,10.178634643554688,10.231049126101707,10.12621951601748,10.12621951601748,4334000
2012-03-21,10.197234153747559,10.247958119865835,10.170181328818462,10.23274086553133,4175200
2012-03-22,10.193854331970215,10.202308220369039,10.134675823197766,10.154965929343353,5495200
2012-03-23,10.212454795837402,10.241198149676313,10.183710797008054,10.187092481869767,4865600
2012-03-26,10.302068710327148,10.315594806783347,10.244581349159604,10.271634187062535,4547200
2012-03-27,10.307140350341797,10.349410447557755,10.283469199099338,10.30206814507284,4517200
2012-03-28,10.220909118652344,10.324048253839058,10.19047459859756,10.300376458803866,4900400
2012-03-29,10.246270179748535,10.251343029449819,10.124532751754959,10.188782828060582,4254000
2012-03-30,10.327425956726074,10.329116476081515,10.237812951122589,10.288536916658586,6602400
2012-04-02,10.454239845275879,10.499890978713463,10.34771902894382,10.34771902894382,8510000
2012-04-03,10.476217269897461,10.493125690178744,10.430565502623422,10.467763382251961,5702800
2012-04-04,10.557374954223633,10.582737260233229,10.442400284963208,10.447473133159269,8737600
2012-04-05,10.631773948669434,10.643609523084274,10.51003587469915,10.528634818776881,11919200
2012-04-09,10.589503288269043,10.609792751179965,10.537088143676232,10.53877930849654,7303600
2012-04-10,10.525253295898438,10.601339593300612,10.459312053146702,10.55061561002931,8897200
2012-04-11,10.550617218017578,10.601341209019573,10.51003763822166,10.575978891023306,8717600
2012-04-12,10.570903778076172,10.570903778076172,10.4779097126505,10.54554146705537,7467200
2012-04-13,10.496511459350586,10.613176702239867,10.491438608796766,10.564143231826337,15741600
2012-04-16,10.604717254638672,10.631770078451925,10.501578162291205,10.515104251702734,5744000
2012-04-17,10.655445098876953,10.672352878045933,10.535398189802086,10.6402278396287,5151200
2012-04-18,10.618243217468262,10.662204458759602,10.53539422771104,10.61317101462318,6608800
2012-04-19,10.604717254638672,10.6503690157592,10.54046655621087,10.601335571038241,6435600
2012-04-20,10.729839324951172,10.758583321101877,10.575976225529049,10.614864630329105,7089200
2012-04-23,10.709547996520996,10.734910303705739,10.677422966411886,10.689258537767362,5507600
2012-04-24,10.804235458374023,10.829597770831164,10.699405168875549,10.723076316507333,7435200
2012-04-25,10.890466690063477,10.936117820021002,10.773800827977556,10.82621532718449,8370000
2012-04-26,10.893844604492188,10.964858026267603,10.8549555649597,10.922587948070749,9025600
2012-04-27,10.912446975708008,10.932737084019745,10.861722349919072,10.914138140562523,4322800
2012-04-30,10.880321502685547,10.90737498095497,10.854959189303173,10.902302776274665,7750000
2012-05-01,10.785635948181152,10.819452148015982,10.587811598391138,10.626700002454564,21819600
2012-05-02,10.785635948181152,10.795780356638346,10.7535102680924,10.775490894733593,7525200
2012-05-03,10.753510475158691,10.838050653878463,10.746747751053798,10.7636555288016,6741600
2012-05-04,10.748435974121094,10.817758880058866,10.719692629093592,10.745054290296052,7876400
2012-05-07,10.844812393188477,10.860030293861044,10.736601083887894,10.745054971491324,9171600
2012-05-08,10.854961395263672,10.885395919511298,10.804238048171701,10.824526871016047,6696400
2012-05-09,10.846503257751465,10.898917746437418,10.777180349335959,10.792397604597424,7918400
2012-05-10,11.005439758300781,11.035874273995086,10.885392860279005,10.920899580258904,9802000
2012-05-11,11.018966674804688,11.062927929292902,10.959788807213299,10.990223323400407,5574400
2012-05-14,11.108579635620117,11.159304261893785,10.954717171890099,11.007131673053614,9923200
2012-05-15,11.098433494567871,11.15930252060599,11.052782370029597,11.113651396067716,9106800
2012-05-16,11.084907531738281,11.147467726751794,11.03080187036847,11.115342046882596,6628800
2012-05-17,10.998677253723145,11.100125205452425,10.998677253723145,11.079835099114291,6115200
2012-05-18,10.99022388458252,11.117034160173855,10.973316105833174,11.010513993070232,9135600
2012-05-21,11.024040222167969,11.035875797128107,10.947954567421501,10.986843622279624,7250800
2012-05-22,11.093358993530273,11.12886570303639,11.032489980096827,11.032489980096827,6264000
2012-05-23,10.98007869720459,11.152540092195434,10.93949848310496,11.084907692010121,9248400
2012-05-24,10.995292663574219,11.084905024009345,10.968240483999665,11.017273930082748,7432400
2012-05-25,11.046021461486816,11.08490922623871,11.000369036801303,11.00882357173741,23769200
2012-05-29,11.098433494567871,11.118723599907455,11.002057751670954,11.07476234999534,24244000
2012-05-30,11.018966674804688,11.137323699968228,10.99867785733379,11.059546889708008,6251200
2012-05-31,11.15036678314209,11.208388961829517,11.020672599191245,11.042856822295812,11154400
2012-06-01,11.022377967834473,11.162313424970106,11.000193745149936,11.018965511255086,10193600
2012-06-04,11.046270370483398,11.054802162914585,10.974595762650466,11.024084845834016,9712000
2012-06-05,11.117942810058594,11.150365701918622,11.003606645043785,11.076986824464857,7506400
2012-06-06,11.204977035522461,11.228868139063522,11.117944414355742,11.158900405859347,6655200
2012-06-07,11.305662155151367,11.33467259839801,11.240815052252815,11.259586821875384,7620400
2012-06-08,11.423409461975098,11.442181227246737,11.257877332925556,11.268116004176504,6258400
2012-06-11,11.37904167175293,11.484846066738971,11.370508576266083,11.472900514237931,5294800
2012-06-12,11.416584968566895,11.416584968566895,11.281770134909907,11.38586764821508,5094400
2012-06-13,11.433652877807617,11.474608881774127,11.315902901690023,11.397816211590936,5198000
2012-06-14,11.52068042755127,11.542864648639956,11.440474033047634,11.450712704016672,7635600
2012-06-15,11.565051078796387,11.638431272681414,11.513856412205069,11.609420831416246,8080800
2012-06-18,11.638433456420898,11.665738325300246,11.565053248767414,11.565053248767414,5496000
2012-06-19,11.576998710632324,11.679390666141499,11.565053156085293,11.669150689409904,5930000
2012-06-20,11.467782974243164,11.585532953545087,11.42341451123287,11.570174939880276,6433600
2012-06-21,11.367095947265625,11.576996552603413,11.361976610838004,11.49337768636131,6750800
2012-06-22,11.368803977966309,11.419998649394184,11.348325328214548,11.406346216226343,5597200
2012-06-25,11.41829776763916,11.445601343236087,11.263004205915877,11.310786439686664,5384800
2012-06-26,11.437061309814453,11.489964152532654,11.396105320264422,11.442181947729711,7648800
2012-06-27,11.563347816467285,11.602596938515552,11.431945411775347,11.431945411775347,4852400
2012-06-28,11.592354774475098,11.595767231116977,11.47289926249779,11.495083485588596,4417600
2012-06-29,11.74252986907959,11.768127855717223,11.646965441064616,11.735703652511708,6467200
2012-07-02,11.747651100158691,11.819325734694141,11.658912874403796,11.814206396934729,6456000
2012-07-03,11.70157241821289,11.809082386376156,11.672561977878482,11.72887728109294,3207600
2012-07-05,11.674271583557129,11.802260228769224,11.646966714300659,11.674271583557129,4595200
2012-07-06,11.65549373626709,11.686211047185987,11.585526021742378,11.616243332661275,3382000
2012-07-09,11.58041000366211,11.667442626520522,11.530920916231542,11.646963979386918,6914800
2012-07-10,11.694747924804688,11.720345912032725,11.609422168689706,11.645258830021872,4722800
2012-07-11,11.667441368103027,11.740821551624457,11.621364742513997,11.71522357096026,5746800
2012-07-12,11.675973892211914,11.715224305286268,11.624779229641948,11.628191686359628,5075600
2012-07-13,11.831269264221191,11.890997031133473,11.693040658546861,11.708399971162974,5753600
2012-07-16,11.865399360656738,11.916595334783263,11.785192942110111,11.792019158791495,5902000
2012-07-17,11.853447914123535,11.945599840558174,11.826144362939417,11.889284557409164,6478800
2012-07-18,12.030935287475586,12.030935287475586,11.838099488455775,11.838099488455775,7725600
2012-07-19,11.996803283691406,12.02752061169221,11.904651299689,12.020694394140046,6351600
2012-07-20,12.029223442077637,12.106017395523509,11.940485238103438,11.960962584114943,5035600
2012-07-23,11.937068939208984,12.018982211728606,11.890993618519214,11.989971776406628,3734000
2012-07-24,11.817614555358887,11.937070066178435,11.749353705475967,11.937070066178435,4598000
2012-07-25,11.74423599243164,11.896115720875427,11.723757344046739,11.87393149493415,5471600
2012-07-26,12.06847095489502,12.111133818111155,11.834677995762386,11.834677995762386,7777600
2012-07-27,12.131611824035645,12.2032864276618,12.056526065998115,12.104308267103997,7590000
2012-07-30,12.187932014465332,12.263019104629805,12.116258684018073,12.133323576700583,5693200
2012-07-31,12.099187850952148,12.240828864413896,12.09065475781649,12.17939423934536,7999200
2012-08-01,12.044587135314941,12.324455583005923,12.017282261409456,12.165749583842423,8181200
2012-08-02,11.979736328125,12.012160533946904,11.867107000585827,11.978030750321164,5366800
2012-08-03,12.09406852722168,12.12478583978481,11.978025491090653,12.070177428780045,4294400
2012-08-06,12.01215648651123,12.135025749312174,12.01215648651123,12.087243547548995,4401600
2012-08-07,11.92000961303711,12.06335758130855,11.913183395312956,12.05482448366138,5441200
2012-08-08,11.911476135253906,11.937072820644918,11.851747064094296,11.931953483566716,4366400
2012-08-09,11.817614555358887,11.899527835611877,11.798842789091898,11.882461646665583,5555600
2012-08-10,11.911476135253906,11.921714809410311,11.795433054266352,11.805671728422757,5038400
2012-08-13,11.824441909790039,11.861985445941214,11.7851914941863,11.84150679841306,5000000
2012-08-14,11.87563419342041,11.913177722040395,11.844918181241095,11.8875810452243,5267200
2012-08-15,11.814201354980469,11.88758153614062,11.803961381863871,11.855157341544848,4418400
2012-08-16,11.873930931091309,11.894408276536227,11.821028084101012,11.846626067874698,5934000
2012-08-17,11.87734317779541,11.933658480707303,11.853452073887489,11.909767376799381,5549600
2012-08-20,11.780070304870605,11.868809794900267,11.728875647054117,11.848331150593268,5882000
2012-08-21,11.699865341186523,11.819322161317888,11.691333548156248,11.75447376405679,6080400
2012-08-22,11.640141487121582,11.704988604169992,11.604304819649993,11.669151936698402,6112400
2012-08-23,11.503619194030762,11.655498937469943,11.431944568590826,11.629900949953376,6379600
2012-08-24,11.576998710632324,11.58211934998202,11.479727394472846,11.50532538335014,3794800
2012-08-27,11.65549373626709,11.69644971683657,11.587232900673191,11.604297784079879,6421600
2012-08-28,11.670853614807129,11.703277809863401,11.60771210389948,11.62136453360395,7046400
2012-08-29,11.663970947265625,11.727671335258854,11.634703733927376,11.689795499884033,6228000
2012-08-30,11.600266456604004,11.643306924582115,11.577885886112089,11.631255646087878,4190800
2012-08-31,11.588218688964844,11.667413016418985,11.546900194965126,11.634703144019362,4578800
2012-09-04,11.567561149597168,11.60715766017587,11.522798677494347,11.593384389760946,7054800
2012-09-05,11.560669898986816,11.614039658673464,11.557225926012352,11.572721177415763,5487200
2012-09-06,11.605430603027344,11.610595248219331,11.354073153431717,11.360959784851246,20393200
2012-09-07,11.646753311157227,11.698401095339536,11.60199084740633,11.626093409389632,9896000
2012-09-10,11.696680068969727,11.782761020166758,11.667411547309518,11.686349461652151,9501200
2012-09-11,11.662243843078613,11.719057571212499,11.653636538310007,11.707006293743863,6472800
2012-09-12,11.55378532409668,11.686349410422915,11.538290069933781,11.672577456544982,7008400
2012-09-13,11.82752513885498,11.839576422508884,11.534850356693644,11.538293017669872,11081200
2012-09-14,11.670856475830078,11.820637816024915,11.634702630988121,11.805142560526257,8156800
2012-09-17,11.629539489746094,11.73455837747904,11.591663653056656,11.696682540789602,7310000
2012-09-18,11.605430603027344,11.646749078053887,11.577884077349221,11.6037086167998,7584000
2012-09-19,11.62264633178711,11.688067358950095,11.570997253743805,11.588213175261368,5734800
2012-09-20,11.715618133544922,11.720782780524399,11.579610071290615,11.60371263285557,5240000
2012-09-21,11.815471649169922,11.834409564731846,11.688072200973386,11.743163960746847,13538800
2012-09-24,11.963530540466309,11.972139161206144,11.793090620444692,11.817193182326896,6736000
2012-09-25,11.980743408203125,12.04960841605822,11.941146915292718,11.989352026744053,7381200
2012-09-26,12.042724609375,12.130527547827748,11.991076826484212,12.008292754114475,10158800
2012-09-27,12.075435638427734,12.082322272090863,11.954922833050638,12.066827017976056,9413600
2012-09-28,12.108142852783203,12.133967392185891,11.996237391031976,12.063380405384585,12552000
2012-10-01,12.077157020568848,12.197669819912425,12.058219107316143,12.171845273341372,6905200
2012-10-02,12.149468421936035,12.17701496364779,12.068552097522012,12.135695151080158,6208800
2012-10-03,12.175289154052734,12.21144299358056,12.135691341146455,12.163237874210127,5033600
2012-10-04,12.23727035522461,12.337124590316098,12.187343237678865,12.21316778999443,4733200
2012-10-05,12.19422721862793,12.264812911871113,12.168402671932714,12.252761631878812,5542800
2012-10-08,12.16840648651123,12.220055596092736,12.12364401244002,12.208004312322574,3582400
2012-10-09,12.104702949523926,12.192505887613175,12.070271094405946,12.135692144526539,5343600
2012-10-10,12.032394409179688,12.147742560454278,11.99796255651267,12.102981414685352,6409200
2012-10-11,12.025511741638184,12.09437678317304,12.006573822378813,12.09437678317304,6396800
2012-10-12,11.94287109375,12.06682655445161,11.906717253525652,12.06682655445161,8578800
2012-10-15,11.992798805236816,12.008292746046317,11.882613978796781,11.960087623317536,7437600
2012-10-16,12.135692596435547,12.156352498370314,12.030673726876614,12.065106896767894,10730400
2012-10-17,12.357782363891602,12.37499829313269,12.142579964649993,12.164961854805492,7218400
2012-10-18,12.40426254272461,12.414591834011173,12.300964375895962,12.354335445688298,4608000
2012-10-19,12.34744930267334,12.431808249666302,12.3388406839331,12.400819061088567,7242000
2012-10-22,12.33712100982666,12.347450302358592,12.275142627653244,12.323347744123476,5572000
2012-10-23,12.182177543640137,12.26309385431675,12.097817259088545,12.257927893504284,6770400
2012-10-24,11.970415115356445,12.132247700292888,11.863675592092736,12.047888748215565,14021600
2012-10-25,12.006570816040039,12.047890618709692,11.903273936348086,12.010014789674722,5142800
2012-10-26,11.968694686889648,12.016901122128798,11.9032736378731,12.008292501749045,5006400
2012-10-31,12.061659812927246,12.080597723111518,11.941147033109873,11.980743526410958,6756000
2012-11-01,12.028956413269043,12.102986107348379,11.980749961956864,12.102986107348379,12451600
2012-11-02,12.004847526550293,12.102979737895792,11.968692378720707,12.066824590066206,5486800
2012-11-05,11.984190940856934,11.997964209217386,11.88089405513588,11.979026293594556,6318400
2012-11-06,11.904996871948242,11.99796446512749,11.8843369689669,11.991077830800375,9407200
2012-11-07,11.715618133544922,11.875728757364184,11.64330913535896,11.86712013673766,5767600
2012-11-08,11.63986587524414,11.787925210649435,11.63986587524414,11.698400289315941,5350800
2012-11-09,11.600266456604004,11.688069379056788,11.562391948115573,11.600266456604004,4526400
2012-11-12,11.498692512512207,11.614040660783564,11.48491924640761,11.600267394678967,4117600
2012-11-13,11.552067756652832,11.62093280635175,11.4229462810267,11.476317384126437,6228800
2012-11-14,11.481477737426758,11.562394042037896,11.412612713492317,11.548620774552791,6059600
2012-11-15,11.447043418884277,11.586495439553929,11.371293082307316,11.478032610867428,5965200
2012-11-16,11.59510326385498,11.610598517284407,11.42638534378972,11.460817197091322,6569600
2012-11-19,11.657081604003906,11.691514770658907,11.56927867089741,11.660525577414909,7640400
2012-11-20,11.657081604003906,11.682906150622406,11.531404157813414,11.657081604003906,5200800
2012-11-21,11.577889442443848,11.670857039451937,11.429830082041102,11.655361783204965,6914800
2012-11-23,11.569279670715332,11.634702036268138,11.500415958436133,11.612320147635392,2855200
2012-11-26,11.70012092590332,11.70700755855667,11.534845682695542,11.550339621047424,5905600
2012-11-27,11.676024436950684,11.75005413458738,11.648479205511583,11.710456304622449,6669200
2012-11-28,11.709020614624023,11.71075664607659,11.549216931593074,11.689913666927007,6799200
2012-11-29,11.830609321594238,11.830609321594238,11.695124653461974,11.726390448047487,6138400
2012-11-30,11.934834480285645,11.950468048418818,11.816719341340013,11.83061555185493,7314400
2012-12-03,11.861879348754883,11.953939408657114,11.816717334857719,11.95220205133386,5359600
2012-12-04,11.79587459564209,11.907041612789412,11.780241029835077,11.872301091671263,4936800
2012-12-05,12.016469955444336,12.094633800265674,11.778502381426451,11.806294795274626,7267200
2012-12-06,12.012992858886719,12.092894036218379,11.955672016926565,12.032098480991948,4397200
2012-12-07,12.04947280883789,12.089422746208585,11.997362696806762,12.026891141857309,4068400
2012-12-10,12.009519577026367,12.054681578367026,11.986939238963528,12.033837271929418,4212000
2012-12-11,12.03904914855957,12.084211154144159,11.997361856981929,12.026890299965462,4375600
2012-12-12,12.025152206420898,12.141529926613277,12.01299335991147,12.052943287636074,8512000
2012-12-13,12.167585372924805,12.207535301951529,11.962621007074668,12.011256394697597,10394800
2012-12-14,12.066843032836914,12.167588547895422,12.05989492918992,12.101582225856616,11210400
2012-12-17,12.249226570129395,12.270070882408096,12.077265300779993,12.098109613058696,9123200
2012-12-18,12.313493728637695,12.365603839065082,12.216222936069407,12.23359253114015,8985600
2012-12-19,12.257911682128906,12.299598980282632,12.178010475161216,12.289177487048029,6372000
2012-12-20,12.261382102966309,12.308281461598233,12.202325221980914,12.287437154960156,4686400
2012-12-21,12.151952743530273,12.240539392182011,12.118949588594031,12.17453308230953,12792400
2012-12-24,12.145004272460938,12.181480814865454,12.075524576122103,12.129372036522565,2328800
2012-12-26,12.004310607910156,12.178009211612848,11.979992909408994,12.150216798917132,6590400
2012-12-27,12.02167797088623,12.063365256973556,11.900089500958645,11.981728041573566,5349200
2012-12-28,11.854927062988281,12.04252183126736,11.85318970627786,11.959145936960587,5421200
2012-12-31,12.018205642700195,12.028627133837594,11.768079253682266,11.834084239577532,5921600
2013-01-02,12.249226570129395,12.257912031549358,12.125900704214947,12.157166510025325,8953200
2013-01-03,12.250961303710938,12.303071410639777,12.216222115901756,12.263120151965657,4909200
2013-01-04,12.31175708770752,12.323915937485802,12.23706663186514,12.270069792069867,3739200
2013-01-07,12.254436492919922,12.322178839425819,12.224906724400205,12.306545276654779,5578400
2013-01-08,12.384711265563965,12.384711265563967,12.226644896371116,12.259648055920218,7972400
2013-01-09,12.297863006591797,12.38644834993702,12.25096363638285,12.38644834993702,5231600
2013-01-10,12.417712211608887,12.421186925636658,12.290912979112642,12.34302176259318,5876400
2013-01-11,12.468087196350098,12.48545679395454,12.405555584801824,12.473297943109895,6177600
2013-01-14,12.45245361328125,12.497614297139904,12.419450453740904,12.433346660412125,5605200
2013-01-15,12.48546028137207,12.494145745207975,12.405559049901477,12.426403367978219,3957600
2013-01-16,12.386444091796875,12.48024147475433,12.372549213933258,12.443764935584463,5654400
2013-01-17,12.346497535705566,12.40034368081892,12.26659633400938,12.325653225396255,5892400
2013-01-18,12.428136825561523,12.442031708036438,12.36213050164063,12.384712170441064,7058000
2013-01-22,12.502826690673828,12.513248183338137,12.414240027381476,12.415977384563941,8861600
2013-01-23,12.469820022583008,12.478504155622046,12.3933922306362,12.436816871476001,7762800
2013-01-24,12.523672103881836,12.567096765355224,12.457667095519868,12.478510084889175,4448400
2013-01-25,12.593147277832031,12.596620666400272,12.448977135772141,12.580988430020655,4953200
2013-01-28,12.575778007507324,12.653941841842697,12.488928713705775,12.653941841842697,6053200
2013-01-29,12.612258911132812,12.657420930579468,12.530620334707692,12.598362701269917,7754000
2013-01-30,12.506298065185547,12.603568848290402,12.506298065185547,12.600095459700242,8636400
2013-01-31,12.514982223510742,12.544510661710136,12.457661378619056,12.506296765115678,8068400
2013-02-01,12.554935455322266,12.629625911443263,12.551462066179186,12.584463901291784,6379600
2013-02-04,12.504562377929688,12.574042085945308,12.492403528418095,12.535828180275956,5545200
2013-02-05,12.534095764160156,12.586204566292679,12.516724838233726,12.55841347019845,5838000
2013-02-06,12.508039474487305,12.508039474487305,12.442033142954019,12.506302117021836,9534000
2013-02-07,12.549726486206055,12.615731490993667,12.4767733769331,12.546253096571098,9359600
2013-02-08,12.523672103881836,12.55667527067057,12.492406294612378,12.551464523328244,4228000
2013-02-11,12.537565231323242,12.544513334476697,12.502826040771145,12.508036786832442,4388400
2013-02-12,12.591411590576172,12.603570439999825,12.511510390761428,12.528879986335903,7118800
2013-02-13,12.601831436157227,12.66609905714784,12.579249774542248,12.607042181079182,6005600
2013-02-14,12.541034698486328,12.617462484058816,12.478503114875158,12.565352389311254,7118000
2013-02-15,12.593147277832031,12.610516871103277,12.546249243478162,12.572302970777523,9880400
2013-02-19,12.662630081176758,12.68694778276253,12.601835827212327,12.626153528798099,10432800
2013-02-20,12.669576644897461,12.751215201102298,12.652205724263526,12.662628541686924,23429200
2013-02-21,12.598360061645508,12.693894827916958,12.59662270447278,12.686946724441286,5299600
2013-02-22,12.636573791503906,12.686946547086931,12.610518735138175,12.610518735138175,23989600
2013-02-25,12.53930377960205,12.766848547329088,12.53930377960205,12.65394417948652,27490000
2013-02-26,12.553194046020508,12.645255393785577,12.494137173144802,12.577513063032942,24193200
2013-02-27,12.611043930053711,12.616302700010927,12.519887459366046,12.523394197623377,8867600
2013-02-28,12.598777770996094,12.682920796892663,12.581246747957465,12.60052980335653,8419200
2013-03-01,12.684673309326172,12.686426678997382,12.535668985574006,12.595270180103196,8204800
2013-03-04,12.900288581848145,12.930090511027508,12.6548703704577,12.661882510415849,8561600
2013-03-05,12.951129913330078,13.008979084208713,12.91256513684038,12.949377880827859,7860800
2013-03-06,13.00196361541748,13.012482494886545,12.944114459339293,12.963397511365354,5637600
2013-03-07,12.961648941040039,13.047545344642042,12.94061251391266,13.000215055392196,6490800
2013-03-08,13.000213623046875,13.023002080185348,12.903798347789378,12.998460253288759,7157600
2013-03-11,13.003722190856934,13.042288310348756,12.968662811735049,12.972168214675404,6153600
2013-03-12,12.814398765563965,13.042288749823982,12.642605929676556,13.01774691612578,15050800
2013-03-13,12.928340911865234,12.945870598158168,12.73901709007115,12.824914826536393,10440000
2013-03-14,12.973921775817871,12.980933919231374,12.840693725820536,12.852964642436763,9305200
2013-03-15,13.054553031921387,13.066823942534008,12.907300767140976,12.914312907123753,11396000
2013-03-18,12.993203163146973,13.051050998359427,12.965154593103842,13.001967338213378,6387600
2013-03-19,13.168498992919922,13.212323868157693,13.101884326603916,13.110649836623091,8894800
2013-03-20,13.270170211791992,13.289453261747255,13.124672658623512,13.208815660765657,7146800
2013-03-21,13.25089168548584,13.313999627350974,13.20180802790837,13.235115368734236,7396000
2013-03-22,13.352560043334961,13.366584321638934,13.224592181740377,13.25965154007152,6961600
2013-03-25,13.354314804077148,13.48929481888942,13.312243302209925,13.396386305944374,8459200
2013-03-26,13.52786636352539,13.533125136196457,13.371849866279597,13.384120781655238,11928400
2013-03-27,13.477027893066406,13.55941888926158,13.454239434781725,13.461251576737626,9016800
2013-03-28,13.617265701293945,13.636548753979026,13.494556581869887,13.499815353069618,6766800
2013-04-01,13.582206726074219,13.61726609336794,13.540133880406797,13.604995181072224,3980400
2013-04-02,13.701410293579102,13.711927836163412,13.617265940617273,13.620771342335669,5494400
2013-04-03,13.729458808898926,13.89248742141076,13.704916982278156,13.86093345326559,8312800
2013-04-04,13.888983726501465,13.920537698525031,13.7452381511562,13.762767838407202,7539200
2013-04-05,13.943323135375977,13.959099449252841,13.764516886863468,13.764516886863468,6568000
2013-04-08,14.013440132141113,14.01869890227966,13.808338734736092,13.927542428448799,5860000
2013-04-09,13.881972312927246,14.015199012972868,13.871453430080871,13.98715177938465,5518800
2013-04-10,13.99941635131836,14.036229081026095,13.887224792943682,13.887224792943682,5298000
2013-04-11,13.99592399597168,14.067797497426609,13.946840305919654,14.023972583104406,6917200
2013-04-12,13.93455982208252,14.037987244378982,13.87846402373795,13.971372564362143,9233200
2013-04-15,13.839893341064453,14.062524428499179,13.838141309222113,13.917025539851776,8174400
2013-04-16,13.973121643066406,13.994158062521333,13.79606879058363,13.871447621844304,5821200
2013-04-17,13.852165222167969,13.941568337263432,13.769775584649071,13.936309566509989,6042000
2013-04-18,13.822364807128906,13.934556376073122,13.780293303132076,13.890731502659632,7192000
2013-04-19,14.037983894348145,14.044996034646502,13.843401347713023,13.864436431179083,6564400
2013-04-22,14.008185386657715,14.073045353572947,13.924041027979225,14.023961701606,4316400
2013-04-23,14.043246269226074,14.101095438461977,13.966114043578203,14.041492899344252,5936400
2013-04-24,14.122129440307617,14.195756257953944,13.990654795307448,14.07129241708271,5661200
2013-04-25,14.10109806060791,14.16595804657332,14.04324888061476,14.12213315338389,4596400
2013-04-26,14.11862564086914,14.178226844735264,14.066035241927757,14.094083811344335,3686400
2013-04-29,14.244834899902344,14.260611209786001,14.064276664947004,14.150173028314065,4917600
2013-04-30,14.3798189163208,14.488505096451785,14.300934670009525,14.3798189163208,8491200
2013-05-01,14.257113456726074,14.37456384029172,14.223806112533325,14.313209262117837,6495600
2013-05-02,14.327231407165527,14.350019864959675,14.21153307352762,14.236074901130333,4559600
2013-05-03,14.330737113952637,14.409621370433856,14.292171001920279,14.383327509893,5126000
2013-05-06,14.129145622253418,14.346516722999882,14.129145622253418,14.304445199049193,4433200
2013-05-07,14.325475692749023,14.325475692749023,14.144917417467935,14.160693730875062,5372000
2013-05-08,14.18874454498291,14.353525195575287,14.127388638852771,14.29392399667426,7014800
2013-05-09,13.99592399597168,14.216801938636044,13.953852452702836,14.183495913203737,7876000
2013-05-10,14.023955345153809,14.036226252583674,13.887221994527136,13.999413530294078,7326400
2013-05-13,13.95734977722168,14.013445576206784,13.890735096444192,13.98013823581804,5117200
2013-05-14,14.057268142700195,14.115115964586256,13.922286770964769,13.974877158965686,4810000
2013-05-15,14.22730541229248,14.323719316879062,14.046745837479245,14.067782255035908,5866400
2013-05-16,14.099337577819824,14.234317592281949,14.080054527549674,14.181728549441571,4645200
2013-05-17,14.216793060302734,14.220299800219502,14.07304748459169,14.123884513949541,5342000
2013-05-20,14.06602954864502,14.223799344181797,14.018699278698417,14.201010893826597,5323600
2013-05-21,14.109857559204102,14.167706720019574,13.973124151770556,14.069539419796342,5492400
2013-05-22,13.876707077026367,14.225552657646976,13.80483365034128,14.092324682223921,7219200
2013-05-23,13.711926460266113,13.782046524460055,13.410411120432459,13.782046524460055,8248800
2013-05-24,13.550655364990234,13.673364511532228,13.477028539635647,13.655834824516141,7350800
2013-05-28,13.501564979553223,13.604992365293208,13.427939521016944,13.599733595030454,8181600
2013-05-29,13.273680686950684,13.447226847972761,13.122922983459414,13.431450532165883,10084800
2013-05-30,13.388626098632812,13.607908465055644,13.28429060182787,13.362099690384195,7850400
2013-05-31,13.372709274291992,13.639738060489803,13.321425251655521,13.335572847387441,10287200
2013-06-03,13.489424705505371,13.595528984079001,13.224163334476748,13.379784202294566,8764800
2013-06-04,13.526561737060547,13.56546695574508,13.438141276119028,13.464667684239316,9123200
2013-06-05,13.438138961791992,13.50357057732813,13.376244919630203,13.484117971336007,6137600
2013-06-06,13.685722351074219,13.685722351074219,13.4027770732391,13.434608501319897,11546400
2013-06-07,13.935060501098633,13.940365511102078,13.710471850235605,13.795356057856848,13048400
2013-06-10,13.91384220123291,14.041167866340963,13.86432696462178,13.922684785994473,12840800
2013-06-11,13.947443008422852,13.99165323576758,13.77060209904394,13.811274752655212,11426000
2013-06-12,13.749383926391602,14.048245565020974,13.726395088492952,14.014645352624237,6787600
2013-06-13,13.993420600891113,14.025252018381838,13.721085439956925,13.768833240787542,6768400
2013-06-14,14.099526405334473,14.20563068192855,13.9969583533116,14.00226336476294,9051200
2013-06-17,14.26398754119873,14.317039001311874,14.184408327245533,14.216239742989016,9203600
2013-06-18,14.42845344543457,14.4479060591944,14.274602671938878,14.299360298689667,7748000
2013-06-19,14.18087387084961,14.46205028731393,14.18087387084961,14.39485122311728,7854000
2013-06-20,13.67510986328125,14.074769406014926,13.652119678189726,14.07123318094891,10064000
2013-06-21,13.851951599121094,13.927993259732173,13.600837780057288,13.784751176280537,12692000
2013-06-24,13.860794067382812,13.982814762476755,13.653890466371793,13.765299786334005,6763200
2013-06-25,13.97043228149414,14.0358639057358,13.814812762041273,13.961589696070716,6478400
2013-06-26,14.118982315063477,14.230392988996735,14.06062582068696,14.076540860283412,6674800
2013-06-27,14.221542358398438,14.315267803079939,14.133121923915699,14.186174724280846,5000000
2013-06-28,14.408998489379883,14.460281167947207,14.17910475794604,14.405460915499233,10970400
2013-07-01,14.187942504882812,14.492107644620953,14.138425931764422,14.479728838638522,10427600
2013-07-02,14.207396507263184,14.324112142703303,14.15080747622253,14.187945250545422,7936400
2013-07-03,14.16849136352539,14.221542816410327,14.097754743823339,14.134891165599436,2791200
2013-07-05,14.134892463684082,14.202091516518447,13.97750417871731,14.177333899727422,4780000
2013-07-08,14.26398754119873,14.341796619202473,14.111904260334207,14.149040687170105,7979600
2013-07-09,14.386011123657227,14.444368961412936,14.26222299737789,14.327653285901516,6248000
2013-07-10,14.43552303314209,14.48857584594837,14.299356125749945,14.355945163121742,4185200
2013-07-11,14.71847152709961,14.748534162067319,14.546935605288532,14.550471830324451,6942400
2013-07-12,14.856406211853027,14.879395045969122,14.642428858469012,14.713164147807506,5784000
2013-07-15,15.109283447265625,15.187092507893526,14.794506933645705,14.805116953461171,8212000
2013-07-16,15.024408340454102,15.146429038986483,14.93775664470839,15.121671411630565,10526400
2013-07-17,14.997882843017578,15.146429965428576,14.962515187257123,15.111060960478536,7074800
2013-07-18,15.107519149780273,15.153498164623466,15.001414872532903,15.042087526703003,5822000
2013-07-19,15.024408340454102,15.176491679463025,15.010260739339435,15.125207637314482,7274800
2013-07-22,15.010255813598633,15.096908830097934,14.996109566315676,15.036782219686398,4962000
2013-07-23,14.996114730834961,15.103987830003696,14.964283302405013,15.036787398212962,10316000
2013-07-24,14.8121976852417,15.004953664483036,14.790976286485597,14.989038627307945,8738000
2013-07-25,14.868790626525879,14.893548256963456,14.780370132337485,14.785675146118441,7286800
2013-07-26,14.845791816711426,14.856403187303206,14.670719717619239,14.722003736381371,5994000
2013-07-29,14.994349479675293,15.153506659361065,14.863487509351366,14.872328750384561,11703600
2013-07-30,15.29320240020752,15.500105939881331,15.033246048171108,15.500105939881331,9713600
2013-07-31,15.316191673278809,15.406380917214154,15.123434375392605,15.317960460192197,11404800
2013-08-01,15.613279342651367,15.630963158418743,15.388690699920861,15.388690699920861,11642400
2013-08-02,15.551398277282715,15.595608528151324,15.470051577587247,15.579692136259936,7118400
2013-08-05,15.399308204650879,15.528401325460202,15.385160606724344,15.528401325460202,4948400
2013-08-06,15.353325843811035,15.475346488284348,15.328568227423537,15.422293682203193,8517600
2013-08-07,15.342721939086914,15.436447431232928,15.280827873442323,15.411689804975092,7034400
2013-08-08,15.31972599029541,15.402841425416728,15.273748329785311,15.356862415717693,5855200
2013-08-09,15.254302978515625,15.363943520233235,15.197713920122466,15.307354461840076,4534800
2013-08-12,15.135814666748047,15.233077718666962,15.079225622683195,15.208320096212917,3780800
2013-08-13,15.049163818359375,15.174720724642556,15.02617498172363,15.162341912732646,4096400
2013-08-14,14.928909301757812,15.07215135633865,14.858172667904064,15.01909854365107,5932400
2013-08-15,14.677801132202148,14.840494507693347,14.64950592819172,14.840494507693347,5862800
2013-08-16,14.52747631072998,14.727305988457351,14.401919467288325,14.699012153619826,10182000
2013-08-19,14.419611930847168,14.589379089255775,14.380706704072177,14.500958609926952,4343200
2013-08-20,14.534553527832031,14.679563007126367,14.396617846209242,14.43375427209315,5474800
2013-08-21,14.285208702087402,14.495649819794359,14.203862044204744,14.477965998374492,8494800
2013-08-22,14.31881046295166,14.36478948299019,14.214473611616826,14.317041675860768,5746400
2013-08-23,14.396617889404297,14.444364337344307,14.260449644899127,14.32411247494511,2948800
2013-08-26,14.246308326721191,14.401929246153923,14.241003313411357,14.391317870344706,4568000
2013-08-27,14.340034484863281,14.40900370862685,14.101299430631155,14.156121052125805,9257600
2013-08-28,14.455921173095703,14.529020213504674,14.218792396632905,14.377472228037808,10868000
2013-08-29,14.363212585449219,14.461273794417076,14.31329101006955,14.448793400572159,5517200
2013-08-30,14.327547073364258,14.439870558131297,14.254446691028432,14.370336778000246,4584400
2013-09-03,14.222358703613281,14.46305410118461,14.161740048995151,14.454138953029885,5661600
2013-09-04,14.281187057495117,14.322194810638605,14.106461682125065,14.199172911467974,4672400
2013-09-05,14.256227493286133,14.402426872071636,14.231266723268604,14.32219601990957,9409200
2013-09-06,14.26515007019043,14.409566223437794,14.247321133781972,14.299024641288305,10634000
2013-09-09,14.304368019104004,14.316848404920965,14.23661618730333,14.281189188115338,6589200
2013-09-10,14.37211799621582,14.38281508075949,14.290103840774377,14.363202852256103,4953600
2013-09-11,14.193835258483887,14.361430280385672,14.054767627655119,14.361430280385672,12500000
2013-09-12,14.13321304321289,14.265150166095944,14.070811085233426,14.224142387846202,8762000
2013-09-13,14.124293327331543,14.225919719178691,14.099332554615406,14.18669525912188,5864000
2013-09-16,14.115382194519043,14.393518735673146,14.067243936387639,14.309721249055073,13087200
2013-09-17,14.085071563720703,14.17778282866355,14.054762242514423,14.115380884926985,8370000
2013-09-18,14.718016624450684,14.77685199654584,14.051203044935576,14.058334893729763,16770800
2013-09-19,14.744756698608398,14.95692474113283,14.70553357770395,14.726927759968044,8138800
2013-09-20,14.386384963989258,14.619947098201623,14.359640886269755,14.59320302048212,19157600
2013-09-23,14.480878829956055,14.52188523492828,14.28119126754885,14.354291652449248,9525200
2013-09-24,14.480878829956055,14.55397785459622,14.397081358586423,14.49157591642529,8531200
2013-09-25,14.3222017288208,14.536151660041265,14.322201728820799,14.463052621640793,7890000
2013-09-26,14.341813087463379,14.436307657311215,14.284759685276361,14.35607541781483,7223200
2013-09-27,14.275847434997559,14.368558722263952,14.22949111123402,14.331117547006714,6580800
2013-09-30,14.291894912719727,14.293676854272595,14.174221477715431,14.222359744596725,9527600
2013-10-01,14.275847434997559,14.391737564276061,14.249103349739336,14.311505308501397,6983200
2013-10-02,14.336468696594238,14.357862878449168,14.199183015141372,14.218795255348924,7471600
2013-10-03,14.165307998657227,14.30081038698778,14.079728545167006,14.30081038698778,5912800
2013-10-04,14.20096492767334,14.23662280078344,14.11360218637113,14.168872297769983,4421600
2013-10-07,14.147480010986328,14.243757922835679,14.111822129676636,14.127867768187704,3274400
2013-10-08,14.208097457885742,14.382822948896042,14.140345591352142,14.140345591352142,6566000
2013-10-09,14.263360977172852,14.489791234171026,14.19739244295979,14.258012434448029,5631600
2013-10-10,14.512977600097656,14.532589840442906,14.179570874489206,14.345382586333082,7826800
2013-10-11,14.575383186340332,14.60925912994689,14.457709715029848,14.495152263364018,5708400
2013-10-14,14.452354431152344,14.496927447641474,14.272280423923824,14.488013660499956,6559200
2013-10-15,14.300804138183594,14.468399088406796,14.288323749992099,14.4202594766251,5128000
2013-10-16,14.532585144042969,14.532585144042969,14.29189115244298,14.34002940665883,6514800
2013-10-17,14.798245429992676,14.814291067292748,14.38104253706027,14.480885685400837,6038000
2013-10-18,14.89452075958252,14.960489319908982,14.835684045798972,14.883823669898472,8859200
2013-10-21,14.939092636108398,15.01040973581477,14.855295145972951,14.8802559268311,7234800
2013-10-22,15.15660572052002,15.249316976806325,14.94087252931091,14.953352916892916,8082400
2013-10-23,15.17087173461914,15.324203025168604,15.069245308116411,15.079943757400237,6916800
2013-10-24,15.185132026672363,15.251100568152596,15.069241933914222,15.251100568152596,4946400
2013-10-25,15.324199676513672,15.327766278915757,15.065676773033182,15.154822789441663,4425200
2013-10-28,15.183353424072266,15.342033258491453,15.099555933034157,15.25466916428631,9420400
2013-10-29,15.329549789428711,15.342030177485897,15.142342608310644,15.185132315898098,5581200
2013-10-30,15.2582368850708,15.463273053855806,15.23862464699724,15.370560408369759,6546000
2013-10-31,15.110244750976562,15.286753423832039,14.99435469617375,15.261792656368025,11776400
2013-11-01,15.7146635055542,16.0017138573878,15.261801468253124,15.391955282543751,16216000
2013-11-04,15.705750465393066,15.86443168612919,15.507847485463548,15.805594966556773,10095200
2013-11-05,15.557768821716309,15.823423666340164,15.550636974579062,15.68435604781574,9432000
2013-11-06,15.752106666564941,15.768153662802357,15.625519439570787,15.768153662802357,8566800
2013-11-07,15.511407852172852,15.819853687288083,15.47574998742142,15.728924363833482,8948000
2013-11-08,15.532804489135742,15.541718275825804,15.238622323154829,15.511408952610795,8816800
2013-11-11,15.43117904663086,15.557766251820091,15.406218265903998,15.53280547109323,4615600
2013-11-12,15.27071475982666,15.424046035716803,15.195832423301827,15.356294184352063,8421600
2013-11-13,15.350947380065918,15.354513983310595,15.081725966037343,15.094207717133125,5606800
2013-11-14,15.600554466247559,15.648692721514548,15.384821247716983,15.429394260477691,6133200
2013-11-15,15.791326522827148,15.814503999205911,15.580941853297164,15.684351566852321,8137600
2013-11-18,15.878691673278809,15.916132845583112,15.791328937902101,15.862646039545782,8820000
2013-11-19,15.564897537231445,15.671872502245517,15.54350200012444,15.605903949694273,16633600
2013-11-20,15.374130249023438,15.654048825614954,15.370563644844166,15.580948402810213,7424800
2013-11-21,15.438313484191895,15.543506538691187,15.347385485523027,15.41870260310987,7963200
2013-11-22,15.438313484191895,15.52211099533687,15.361649181092572,15.413352697075632,6282800
2013-11-25,15.350947380065918,15.531022756625747,15.333118444624285,15.465054199205067,6108000
2013-11-26,15.295245170593262,15.399453681007824,15.246735068582515,15.368910232676322,7688000
2013-11-27,15.26111125946045,15.358132848996641,15.185649109309177,15.316808305562182,6628800
2013-11-29,15.198224067687988,15.340162966466318,15.16049368255975,15.16049368255975,2936400
2013-12-02,15.079646110534668,15.243144479239954,15.03652585746938,15.243144479239954,6490400
2013-12-03,15.101208686828613,15.189246280263646,15.000592923563143,15.038323320749585,9448400
2013-12-04,15.129952430725098,15.228771099533084,15.007777245093429,15.038320698809335,8849600
2013-12-05,15.0185546875,15.217987701019187,15.004182186663181,15.10120376384288,10598000
2013-12-06,15.205413818359375,15.217990615730335,15.077848767663038,15.133547188107093,10575200
2013-12-09,15.111988067626953,15.171279277911164,15.054493934530578,15.147921386774092,8217600
2013-12-10,14.883806228637695,15.140733418280675,14.874823584846418,15.122766759929956,12791200
2013-12-11,14.804752349853516,14.943097124121953,14.720307549516306,14.817329147514283,10509600
2013-12-12,14.869433403015137,14.996998456546548,14.819126212413245,14.84427980771419,11899200
2013-12-13,14.860448837280273,14.943096557455197,14.786785131137268,14.887399508607942,8330800
2013-12-16,14.887395858764648,15.059878193900072,14.851462552982674,14.9520769057864,8554000
2013-12-17,14.846074104309082,14.944892769871302,14.804750931996159,14.820920511396519,8148400
2013-12-18,15.034729957580566,15.079647291181038,14.646643537303738,14.889198235360876,13200000
2013-12-19,15.043710708618164,15.088628032473055,14.806547293495054,14.95567176690966,8597600
2013-12-20,15.23954963684082,15.347350940322256,15.047303544889074,15.058083264006834,15809200
2013-12-23,15.21799087524414,15.338370361582575,15.201821294392067,15.325793563997141,7202800
2013-12-24,15.22338581085205,15.26291191947614,15.101210588533462,15.180264176550104,4165600
2013-12-26,15.198224067687988,15.235955823584076,15.133544386588047,15.216192092692927,4724400
2013-12-27,15.21799087524414,15.28267194018869,15.162293824618384,15.212601014960116,3896400
2013-12-30,15.280871391296387,15.30243082560011,15.19283246533054,15.194629541778415,4365200
2013-12-31,15.38328742980957,15.42281352814237,15.27189195968593,15.327589009363697,5411200
2014-01-02,15.1371431350708,15.35813704451319,15.131753273752174,15.34196608978892,9706400
2014-01-03,15.156904220581055,15.2251780699465,15.086833294167844,15.138937562407849,6606400
2014-01-06,15.164090156555176,15.207210407476806,15.09222215784042,15.169480016574372,6763600
2014-01-07,15.275487899780273,15.33118633173699,15.182060438680333,15.200027099957046,7368800
2014-01-08,15.32400131225586,15.406649061094285,15.17846955568913,15.282676752452367,12345200
2014-01-09,15.455155372619629,15.489292984427443,15.257519381098621,15.374304721332742,8269200
2014-01-10,15.6761474609375,15.774966130774992,15.521631743065095,15.541395477032593,9096800
2014-01-13,15.573738098144531,15.733643697511098,15.510854104702892,15.604281556277865,5863200
2014-01-14,15.580923080444336,15.631230268883368,15.469527612637856,15.537802829034893,5017200
2014-01-15,15.595294952392578,15.647397840324022,15.550377629800165,15.557563195139197,6562400
2014-01-16,15.730048179626465,15.73184388572105,15.598888984017231,15.631229513703891,4086000
2014-01-17,15.749813079833984,15.783949318144641,15.67435092446154,15.776762380929735,6518800
2014-01-21,15.999555587768555,16.001351294250462,15.767781970149967,15.767781970149967,7664800
2014-01-22,15.965414047241211,16.11992975431789,15.925886582067925,15.99056763948458,9068400
2014-01-23,15.954634666442871,16.017518648385526,15.850426141641899,15.90971734065983,5835200
2014-01-24,15.642010688781738,15.891750935967567,15.64021498252007,15.821680010254601,14686800
2014-01-27,15.611473083496094,15.751614987440032,15.473128257255416,15.665374448444679,10423200
2014-01-28,15.951045036315918,16.170241867622185,15.580926605547338,15.629436728012115,14768800
2014-01-29,15.949240684509277,16.039075320578032,15.814488730406142,15.893543648792331,9388800
2014-01-30,16.34272575378418,16.393032958132252,16.00135367614845,16.019321709788628,11595600
2014-01-31,16.51700210571289,16.574496238375712,16.233124225979093,16.254685039765747,13710000
2014-02-03,16.389434814453125,16.664328641726915,16.364281220504417,16.538560671983372,12938000
2014-02-04,16.195392608642578,16.436150213415914,16.13430569700597,16.42716619899023,9730000
2014-02-05,16.055252075195312,16.206173660411963,16.03369126126368,16.15227368173527,9333200
2014-02-06,16.130712509155273,16.1432893076437,15.992367725782621,16.04986185755373,9128800
2014-02-07,16.27983856201172,16.4361513770151,16.139696699965768,16.28343134557546,10331600
2014-02-10,16.410993576049805,16.425367449359957,16.159457646962153,16.23312134883268,6074400
2014-02-11,16.52598762512207,16.648162839497804,16.351708134095233,16.37326757907612,9687200
2014-02-12,16.565509796142578,16.664328464725802,16.450521547664675,16.522389545655376,7545600
2014-02-13,16.682294845581055,16.72900924911749,16.472082085819128,16.48825166544634,5091600
2014-02-14,16.75775718688965,16.77392813879172,16.608632690282505,16.62659934846513,5403200
2014-02-18,16.772123336791992,16.89609555145851,16.739782818651488,16.770326260570986,7306000
2014-02-19,16.608633041381836,16.838609560824636,16.581682368154095,16.781115430963936,6845600
2014-02-20,16.610431671142578,16.716437305623884,16.53856502424428,16.630195410270137,8828400
2014-02-21,16.63019371032715,16.791896390855864,16.597853174221406,16.62121106576728,6498400
2014-02-24,16.490049362182617,16.667921598608245,16.48465950210428,16.657141878451565,10504400
2014-02-25,16.464895248413086,16.658938429718678,16.41818084459477,16.53137338574038,8843600
2014-02-26,16.38249969482422,16.56179042957136,16.353524070419486,16.520137710420865,9083600
2014-02-27,16.40422821044922,16.451313760652173,16.29918866301307,16.380684053648398,8284000
2014-02-28,16.550922393798828,16.60706360803253,16.362576025954095,16.3879302118467,8697200
2014-03-03,16.349895477294922,16.505643375830363,16.264777279060528,16.456746422429337,8192800
2014-03-04,16.599811553955078,16.66500700896141,16.456740794613324,16.473039312940223,10514800
2014-03-05,16.416900634765625,16.598002679535902,16.382490804115605,16.590758431941218,6534800
2014-03-06,16.433202743530273,16.511076695052097,16.346274516812436,16.4821010800459,6531200
2014-03-07,16.62517738342285,16.634231661609313,16.35352416723424,16.40785398145214,7906000
2014-03-10,16.512893676757812,16.643287442548704,16.40785410079296,16.598011906187963,7166400
2014-03-11,16.473047256469727,16.625173742705286,16.41147320416683,16.60706242689911,8612400
2014-03-12,16.695796966552734,16.701229806504152,16.425953940908748,16.442253842461874,7140000
2014-03-13,16.983755111694336,17.123204505687312,16.706669113325717,16.724779047406784,12414400
2014-03-14,17.070688247680664,17.18659350772516,16.869664760044188,16.951160171053704,8628400
2014-03-17,17.170289993286133,17.21737692707908,17.09241603350139,17.1594243092183,7286800
2014-03-18,17.10871696472168,17.255409235209964,17.101472714343316,17.230055049735434,4870800
2014-03-19,16.896827697753906,17.182967986239127,16.75375686266156,17.103283996064516,9307200
2014-03-20,16.94029426574707,16.949348543686828,16.626986956998472,16.842498944779873,7648000
2014-03-21,17.12681770324707,17.28256554850141,16.98012551152795,17.101463531386944,16615600
2014-03-24,17.03807830810547,17.22642457398965,16.938471644806558,17.173904822586476,7062000
2014-03-25,17.12681770324707,17.20650303292103,17.003668276341283,17.0670537059916,6966400
2014-03-26,17.001863479614258,17.186588382643297,16.987376362703554,17.146745702315492,6750400
2014-03-27,17.134069442749023,17.153990783879447,16.913124664174752,16.97651012154458,6358800
2014-03-28,17.15398597717285,17.181151560347683,17.039890804178345,17.10508765111836,5883600
2014-03-31,17.31698226928711,17.409343339969336,17.20107704271784,17.231864066278582,6475200
2014-04-01,17.179340362548828,17.315166898380685,17.10689926709871,17.315166898380685,4655600
2014-04-02,17.030841827392578,17.190211179642624,16.893203843081537,17.18296692976316,8390800
2014-04-03,17.132265090942383,17.24998177836834,17.103289462082095,17.14675359622248,5133600
2014-04-04,17.206510543823242,17.369502706714556,17.13225802117857,17.18115636089563,7119200
2014-04-07,17.005489349365234,17.25540977762726,17.001866533212432,17.166670125676905,8384800
2014-04-08,17.476350784301758,17.48902787468043,16.92942310863707,17.00548565090912,9182000
2014-04-09,17.463674545288086,17.623043886632097,17.324226544324485,17.492650161123684,9735600
2014-04-10,17.344144821166992,17.50351552875633,17.237295261941554,17.41115308519425,11204400
2014-04-11,17.23186492919922,17.43469839500309,17.208320772133156,17.30973888673445,8565600
2014-04-14,17.40572166442871,17.483595616982853,17.28800503172604,17.35863473500779,4405600
2014-04-15,17.61037254333496,17.61399536005889,17.37675060583239,17.394861926052542,6876400
2014-04-16,17.731706619262695,17.73894948709972,17.51800609388814,17.59044582585295,5566000
2014-04-17,17.49264907836914,17.77335785239116,17.48540621113303,17.66831831537783,10360000
2014-04-21,17.50895118713379,17.61217932947818,17.479974187746194,17.50170693728689,6175200
2014-04-22,17.44918441772461,17.550602517930542,17.39485462496705,17.483594253660478,6027200
2014-04-23,17.47092056274414,17.648399854658873,17.42926646999713,17.45462065455638,7808400
2014-04-24,17.510761260986328,17.5850123982864,17.351390539894762,17.528871193374204,8761200
2014-04-25,17.6882381439209,17.73351365962564,17.5107588961098,17.512568921914646,8541600
2014-04-28,17.615802764892578,17.891078763551455,17.52525170406786,17.758873606799575,10296400
2014-04-29,17.74257469177246,17.776984536278587,17.632102289441793,17.64115794800641,8036400
2014-04-30,18.08304214477539,18.381860848705017,18.05406653088663,18.092097801321426,17561600
2014-05-01,18.104782104492188,18.173600423882316,17.994309682773988,18.15005764186195,10696400
2014-05-02,17.74619483947754,18.039580746285104,17.653833760972812,18.03052508837708,11998800
2014-05-05,17.73894500732422,17.791464766924943,17.64296114318113,17.699103717484782,8512000
2014-05-06,17.72264862060547,17.86934085466404,17.64477467550172,17.680994536699174,7484800
2014-05-07,17.976192474365234,17.985246749157675,17.711783608860106,17.73351497372131,8660000
2014-05-08,17.836746215820312,17.994305547066464,17.825880531492796,17.94903002010257,7035200
2014-05-09,17.552412033081055,17.916427575270724,17.532490695139884,17.84760928710067,9919200
2014-05-12,17.35139274597168,17.606747384714424,17.327849969044113,17.60131454247725,14766000
2014-05-13,17.400291442871094,17.494463934193274,17.338716005633934,17.414779943597424,9678000
2014-05-14,17.496280670166016,17.60675310387119,17.356831226184127,17.356831226184127,7531600
2014-05-15,17.43470001220703,17.657456221721134,17.427457143498795,17.499896884177037,10644400
2014-05-16,17.494461059570312,17.541547988343996,17.371311587030924,17.42926419871421,8820800
2014-05-19,17.15036392211914,17.476348171257435,17.14312105587075,17.476348171257435,6962800
2014-05-20,17.44556427001953,17.487216976033693,17.06343875815432,17.150366985652994,14345600
2014-05-21,17.43651008605957,17.53068395245464,17.376746061043395,17.505329768817365,10085600
2014-05-22,17.501707077026367,17.579581036378073,17.42383311767466,17.429265959678368,5287200
2014-05-23,17.469106674194336,17.57776764711842,17.463673832803014,17.496272262850166,5570000
2014-05-27,17.48179054260254,17.69186970251233,17.469113447207967,17.61218431334658,7059200
2014-05-28,17.63210105895996,17.66107667728551,17.440133269742542,17.481785980154157,7644800
2014-05-29,17.616594314575195,17.747964947472827,17.508941697204683,17.647612322673286,5985200
2014-05-30,17.76437759399414,17.782623389412937,17.576443256257114,17.625707043094362,8407600
2014-06-02,17.731536865234375,17.839188046370495,17.631182889543805,17.72606326511764,5818000
2014-06-03,17.727893829345703,17.815474242845323,17.673155026859263,17.729717435247164,8154000
2014-06-04,17.7570858001709,17.77533160257968,17.625713795522884,17.700523395084026,5860800
2014-06-05,17.839189529418945,17.90305191493035,17.72606473876154,17.749784138594325,4712000
2014-06-06,17.778980255126953,17.985160451694032,17.757084458651313,17.893930054476943,4672000
2014-06-09,17.585573196411133,17.768034015020334,17.51441358851879,17.713296604676916,7072400
2014-06-10,17.476097106933594,17.609294117966723,17.446904099624295,17.523537309884986,5416000
2014-06-11,17.315526962280273,17.494337733305336,17.18597998553941,17.457846136951495,8631200
2014-06-12,17.446903228759766,17.52718503890225,17.20240501842883,17.315531222261413,10333200
2014-06-13,17.65855598449707,17.73336558061742,17.342899580353528,17.45055078405987,9082000
2014-06-16,17.727893829345703,17.923126849851172,17.60746902070176,17.691400830332885,8978000
2014-06-17,17.835546493530273,17.87021449739304,17.594698248737608,17.60382184724855,10716000
2014-06-18,18.189517974853516,18.196816574052797,17.82641997303292,17.83736856786457,11128800
2014-06-19,18.2752742767334,18.392049076604856,18.112882885094688,18.23695628396629,14156800
2014-06-20,18.24425506591797,18.337310464021172,18.200464863543402,18.337310464021172,14815200
2014-06-23,18.178571701049805,18.2880493109516,18.07456908529561,18.266153510558112,7590000
2014-06-24,18.379274368286133,18.446783963710438,18.15484700387029,18.2022871948647,9926800
2014-06-25,18.565380096435547,18.589099491238468,18.295337591615176,18.328180580146505,10850400
2014-06-26,18.501527786254883,18.552616594118028,18.390226572524906,18.514299988220667,7843200
2014-06-27,18.538015365600586,18.64931655514345,18.474154369649426,18.536190367983323,12988400
2014-06-30,18.698585510253906,18.70405911214219,18.399348483727046,18.517948295547015,13100400
2014-07-01,18.51064682006836,18.694932610050344,18.485102420514266,18.691284006713488,10018400
2014-07-02,18.191341400146484,18.508824197871242,18.142077596121855,18.45226040265429,11482800
2014-07-03,17.92130470275879,18.16397796455197,17.74249245931492,18.16397796455197,5822800
2014-07-07,17.968734741210938,18.061788718672695,17.893925167731677,17.893925167731677,7442800
2014-07-08,18.04537582397461,18.13478123821368,17.901231605551672,17.928601007643607,9006800
2014-07-09,18.0325984954834,18.112880288846775,17.93771811414683,18.021649902519812,6863200
2014-07-10,18.134780883789062,18.196818286789366,17.986988064272943,17.99246166617123,6121600
2014-07-11,18.058141708374023,18.17674148123656,18.00887652343083,18.12930129367852,4872800
2014-07-14,17.775339126586914,18.06727626489606,17.769865522753943,17.997941629568288,7315200
2014-07-15,17.939542770385742,17.961438563831166,17.757082001202786,17.802697193498524,7042000
2014-07-16,18.012535095214844,18.05085170615744,17.859267259378647,17.97239348601808,5634400
2014-07-17,17.804523468017578,18.15849643901728,17.80087347281561,18.15849643901728,6427600
2014-07-18,18.02347755432129,18.038074752378968,17.746137751552503,17.868386153138363,7634800
2014-07-21,18.005226135253906,18.05631492045095,17.904872169999006,18.04354272415169,3590800
2014-07-22,17.945018768310547,18.08186436348129,17.93772016952026,18.036249165091043,5530400
2014-07-23,17.97056770324707,18.041727319329066,17.91218029025503,17.965094100789337,5868800
2014-07-24,18.012535095214844,18.081869716149196,17.954147679673863,18.00158788982147,4232400
2014-07-25,17.9632625579834,18.072740135514557,17.935894555665833,17.983333354393096,5140000
2014-07-28,18.169448852539062,18.202291855935282,17.8994062254962,17.966917230273314,6572000
2014-07-29,17.954143524169922,18.134779331681216,17.753436916705652,18.06909333039248,7770000
2014-07-30,17.578279495239258,17.97239564145677,17.472453248924666,17.91035961403325,11376400
2014-07-31,17.131244659423828,17.51258846105853,17.114823855367177,17.450551064247353,10900800
2014-08-01,17.11847496032715,17.31918159427397,17.019945945393474,17.06008755059597,10057600
2014-08-04,17.16044044494629,17.176861250331967,16.748078607563983,17.14036964365342,14931200
2014-08-05,16.89404296875,17.147664733901383,16.848427773704795,17.089277339926134,9745600
2014-08-06,16.85025405883789,16.97250245680455,16.74990145730952,16.89039565627539,18081200
2014-08-07,17.145843505859375,17.20423091267118,16.895871680911505,16.939661888003958,11370000
2014-08-08,17.41588020324707,17.425003798711227,17.16225984047398,17.173208433444014,6989600
2014-08-11,17.313701629638672,17.474266599378172,17.291805837011182,17.41952920590716,5694400
2014-08-12,17.315526962280273,17.404932347792805,17.26078817568434,17.330124157647877,5224400
2014-08-13,17.47062110900879,17.57097510301463,17.342899109424437,17.350196316201778,4276400
2014-08-14,17.5509033203125,17.570974117988502,17.445075731123634,17.445075731123634,3858000
2014-08-15,17.585573196411133,17.77533261481257,17.52353718627548,17.591048190304488,5073200
2014-08-18,17.541780471801758,17.73153986296541,17.496165273696995,17.62388727156418,4392800
2014-08-19,17.7570858001709,17.76803300320307,17.57097638829654,17.609292990974627,5167200
2014-08-20,17.833715438842773,17.851961237602456,17.69686986004734,17.7388364500533,4126800
2014-08-21,17.882980346679688,17.996105132457064,17.841013757331012,17.84466375226491,5142000
2014-08-22,17.81546974182129,17.957788921850845,17.702343561560895,17.87750712843674,3966000
2014-08-25,17.91217613220215,17.983335731765468,17.831894328015437,17.848315131576783,3442800
2014-08-26,17.647605895996094,17.924945653869578,17.636658695257662,17.89575265454536,5575600
2014-08-27,17.812143325805664,17.8342044893424,17.648526886666836,17.677941771382486,5651600
2014-08-28,17.92980194091797,17.96289298840593,17.718386993221493,17.771700425428712,3776800
2014-08-29,18.09893226623535,18.10812476877393,17.931639660149163,17.97024564616905,5545600
2014-09-02,17.874650955200195,18.111801823533796,17.80295251752886,18.06951967595579,7494800
2014-09-03,17.942672729492188,18.02907721942437,17.878329408025422,17.90958167808368,5694800
2014-09-04,17.874650955200195,17.98863013787051,17.79008385488611,17.927962984306546,8406000
2014-09-05,18.00150489807129,18.00150489807129,17.84708089405108,17.878333170686666,6244800
2014-09-08,17.876495361328125,18.01621332678877,17.830535633453664,17.997829716154904,4204000
2014-09-09,17.593368530273438,17.845228132955977,17.578662495634237,17.791914724975946,7661600
2014-09-10,17.578672409057617,17.692651605326194,17.50145902141018,17.57683362772384,6814000
2014-09-11,17.67609977722168,17.722059474301,17.455492389693763,17.57498788261572,6724000
2014-09-12,17.299236297607422,17.600731913223854,17.28452885231414,17.565803483876277,7305200
2014-09-15,17.31394386291504,17.438954343616125,17.23856925719887,17.361742359159948,5386800
2014-09-16,17.488590240478516,17.55477234226066,17.251437942855706,17.29004533771128,9126800
2014-09-17,17.51799964904785,17.688969791383418,17.427919028593685,17.580504168626202,8332000
2014-09-18,17.387479782104492,17.584187306955748,17.336005125519744,17.512490263487106,7399600
2014-09-19,17.49043083190918,17.5547741590288,17.37828900353812,17.46469350106133,8563200
2014-09-22,17.394832611083984,17.50697442255849,17.319458008829688,17.40218633344385,5724400
2014-09-23,17.38196563720703,17.484914955094077,17.315783532114143,17.39483430194291,5600400
2014-09-24,17.31394386291504,17.43160062091851,17.267984147989335,17.43160062091851,4321600
2014-09-25,17.12274742126465,17.372768326315285,17.119071262033998,17.302910080301885,7019600
2014-09-26,17.177898406982422,17.223858108283142,17.03450436333678,17.130099924907615,5567600
2014-09-29,17.20731544494629,17.22569904875255,17.017961660841568,17.093336259800026,5062400
2014-09-30,17.258785247802734,17.44997775934652,17.18892701193389,17.251431527830434,6962400
2014-10-01,17.33415985107422,17.52902852160137,17.222018075844417,17.222018075844417,6366800
2014-10-02,17.238574981689453,17.411384016020918,17.20916148371071,17.293727218946625,6722800
2014-10-03,17.323144912719727,17.352558415441155,17.161365738722274,17.317628566040817,6414400
2014-10-06,17.21834945678711,17.43527797967452,17.168712175810377,17.343358543503534,6099200
2014-10-07,17.100690841674805,17.31578338265984,17.09149973984523,17.15768184436689,7222400
2014-10-08,17.523521423339844,17.543743811697453,17.122752621693387,17.141136228587772,8414400
2014-10-09,17.205474853515625,17.63933459007431,17.205474853515625,17.52903157626322,9544800
2014-10-10,17.212831497192383,17.525358392393677,17.205477774679267,17.275337437264305,10166400
2014-10-13,17.05840492248535,17.455496059390878,17.043697479709124,17.234890028063244,8678400
2014-10-14,17.15951919555664,17.420571453006996,16.999580278702847,17.109883318534937,12517600
2014-10-15,16.880084991455078,17.223864183368303,16.606165467809795,17.148489573411684,12076800
2014-10-16,17.16503143310547,17.258788223113385,16.637413505408844,16.692565713419665,13299200
2014-10-17,17.326805114746094,17.3874722491142,16.984864869771343,17.236724504749525,9697600
2014-10-20,17.488590240478516,17.506975248535152,17.315782665895536,17.33416627137298,5528800
2014-10-21,17.560285568237305,17.58050795306079,17.409537773921652,17.503295976050612,7062000
2014-10-22,17.745975494384766,17.861794942775056,17.523530509687582,17.55662158028766,9524800
2014-10-23,17.979440689086914,18.071360117144458,17.777216825296993,17.887521261029374,9416000
2014-10-24,18.082387924194336,18.1595998982813,17.933478916658185,18.016205831382933,6602800
2014-10-27,18.03275489807129,18.198210169046718,17.984957799573426,18.060331010330415,5413200
2014-10-28,18.22394561767578,18.22394561767578,17.97208727808276,18.095258977196078,7673200
2014-10-29,18.12650489807129,18.28828393524657,17.92795866294455,18.2000406965529,7285600
2014-10-30,18.367338180541992,18.415135266490353,17.926124707978058,18.19636801252018,11396000
2014-10-31,18.42433738708496,18.477650843931492,18.176155117515016,18.477650843931492,10084000
2014-11-03,18.532794952392578,18.575078507155435,18.31954260500116,18.442714304081154,8944400
2014-11-04,18.560367584228516,18.679863100869,18.451903350830133,18.558528803258344,7966000
2014-11-05,19.281023025512695,19.334336473988404,18.66516300066076,18.70928394324844,22010400
2014-11-06,19.110042572021484,19.32697241068358,18.889436574518452,19.214830631222235,14479600
2014-11-07,19.253448486328125,19.258963428878797,18.97585135644859,19.091669357751158,8307200
2014-11-10,19.415220260620117,19.415220260620117,19.08982472408511,19.196451589310087,5880800
2014-11-11,19.266305923461914,19.47588203370954,19.23321488486604,19.396831297207108,7382800
2014-11-12,18.95194435119629,19.130268241082792,18.773621863888753,18.940914470198432,10216000
2014-11-13,18.801197052001953,19.08798658856445,18.733177580653,18.951944840708535,7060000
2014-11-14,18.723979949951172,18.819576903483984,18.68537397345552,18.74236354791406,7465200
2014-11-17,18.974008560180664,19.01261455244652,18.68538160626804,18.69825027035666,5440000
2014-11-18,18.997909545898438,19.080637885013427,18.8820915542327,18.999748327455492,6457200
2014-11-19,19.065933227539062,19.102701851163463,18.905992870576974,19.034680949393007,7040400
2014-11-20,18.946430206298828,19.008936140595697,18.876571952747295,18.915177940439907,5271200
2014-11-21,19.071435928344727,19.121073187730254,18.8894359166147,19.121073187730254,7893600
2014-11-24,18.97584342956543,19.15048974941834,18.96665092743469,19.10085388461747,5617600
2014-11-25,19.04157066345215,19.080449734580696,18.84902568322007,18.980474374892868,7394800
2014-11-26,19.106365203857422,19.13969031693101,19.00083591454106,19.084149403475045,5331200
2014-11-28,19.326679229736328,19.463681829864534,19.12672857279254,19.12672857279254,3952000
2014-12-01,19.40443992614746,19.554403645032192,19.14524616511224,19.224854668501585,7597600
2014-12-02,19.459985733032227,19.528487760697136,19.23411563302933,19.337793155981355,5775600
2014-12-03,19.326679229736328,19.504412676186405,19.26188079808784,19.40073518554883,6404400
2014-12-04,19.160058975219727,19.272994021219446,18.99158300639244,19.00454269630223,14612400
2014-12-05,19.056381225585938,19.176722009008028,18.921228964588767,19.002690678751456,7071600
2014-12-08,19.19338035583496,19.310018954806942,19.03601231972196,19.03601231972196,7192400
2014-12-09,19.363710403442383,19.380373667795507,19.145247479147073,19.167463281617696,6615200
2014-12-10,18.780527114868164,19.252631383597315,18.743498415114594,19.11007477392236,21496400
2014-12-11,18.973066329956055,19.10266320831981,18.793481075294824,18.837914088948107,9354800
2014-12-12,18.663883209228516,19.06008100352966,18.656477471367737,18.847172043157602,10303600
2014-12-15,18.636117935180664,18.874946329193644,18.434315414366857,18.856432686343858,11262800
2014-12-16,18.713876724243164,18.978625922323097,18.526885676298484,18.67499764917554,10596800
2014-12-17,19.091552734375,19.128580005344563,18.673137792419674,18.758301645649546,11038800
2014-12-18,19.522926330566406,19.52662990523548,19.10636316778761,19.261880816391628,8826400
2014-12-19,19.600690841674805,19.70436835875547,19.400740133733326,19.56551393587948,13945600
2014-12-22,19.61365509033203,19.66734564915734,19.48590853959248,19.59884360944907,6542400
2014-12-23,19.684005737304688,19.771021414048626,19.585882157146777,19.691411477080813,5054400
2014-12-24,19.991336822509766,20.10056830193314,19.687707153221904,19.719181899200166,4615200
2014-12-26,20.233869552612305,20.307925537859624,19.996891529821234,20.046878507675427,8804000
2014-12-29,20.4578857421875,20.520832404932555,20.19128478820777,20.200542315082178,7808800
2014-12-30,19.963563919067383,20.4467774322712,19.924684849470555,20.4467774322712,5746400
2014-12-31,19.678447723388672,20.082051276619104,19.658082296333454,19.967264452535172,5991200
2015-01-02,19.752504348754883,19.83396464717848,19.50997100373185,19.741395034765155,6459200
2015-01-05,19.543292999267578,19.76731125602785,19.47479240102268,19.732135769429107,8153600
2015-01-06,19.619203567504883,19.978374109931654,19.58032450041232,19.609946041411344,10623200
2015-01-07,19.79878044128418,19.987621745995984,19.63770887807443,19.919119754458595,7292000
2015-01-08,19.919130325317383,20.037620739439138,19.867291563670545,19.97097049946454,7602000
2015-01-09,19.743242263793945,19.998733826561583,19.693255306132833,19.945044706758853,6123200
2015-01-12,19.693262100219727,19.874697770250698,19.558109829175947,19.717329693693124,5828000
2015-01-13,19.771011352539062,20.08019341522164,19.659928137428523,19.86358093388113,6757200
2015-01-14,19.893207550048828,19.92097871404961,19.5321866555389,19.58587719594039,7327600
2015-01-15,19.81730079650879,19.963560938872558,19.646973065844676,19.90801861202554,17293200
2015-01-16,20.0357608795166,20.05427451371737,19.789525448397118,19.83395845297891,7870000
2015-01-20,20.167219161987305,20.196840708372772,19.906172133681977,20.107974656715946,7362000
2015-01-21,20.34494972229004,20.41159995760059,19.95245404907238,20.050579026751958,12105600
2015-01-22,20.282005310058594,20.498617892571225,20.089460321436132,20.417156170942388,9290400
2015-01-23,20.2690486907959,20.406051360433466,20.243127892485514,20.343103271680686,6736400
2015-01-26,20.319028854370117,20.324582804822317,20.109822049836552,20.237567147737526,5524800
2015-01-27,20.5911865234375,20.64487707260178,20.111675156763607,20.34124883163851,8527600
2015-01-28,20.350505828857422,20.85408481010286,20.320884283637298,20.60229531948014,8128800
2015-01-29,20.672645568847656,20.683753469824964,20.313475037246647,20.398638907239643,6823200
2015-01-30,20.2246036529541,20.644870383078793,20.209793592035492,20.635612859067294,7745600
2015-02-02,20.378273010253906,20.400490224196027,19.998737060618225,20.278297666264507,7201600
2015-02-03,20.409746170043945,20.45232880995903,20.209796896203773,20.369015317733886,8641600
2015-02-04,20.26163673400879,20.481951445800263,20.2060944028848,20.361612082531877,6255200
2015-02-05,20.31162452697754,20.38197692509182,20.14870251489699,20.331989955050133,5231600
2015-02-06,19.587726593017578,20.254227385194945,19.45072257733397,20.233861961579812,8789200
2015-02-09,19.350746154785156,19.691402974898963,19.287799512617287,19.56180611602404,8292800
2015-02-10,19.963563919067383,20.002442988664207,19.35630745822127,19.40259226666991,13585200
2015-02-11,19.450725555419922,19.854329102269972,19.411846489610987,19.843221201324596,8516800
2015-02-12,19.502561569213867,19.508116931406,19.224852784603836,19.448872447189192,9439200
2015-02-13,19.184123992919922,19.415547987858396,19.0841486576065,19.4136962003989,9944400
2015-02-17,19.147092819213867,19.397030418783032,19.0137923894437,19.16190429196606,11421600
2015-02-18,19.715476989746094,19.724734516613633,19.147099587586084,19.16005927770047,9638000
2015-02-19,19.519227981567383,19.80063897389737,19.44517201121734,19.80063897389737,13082400
2015-02-20,19.550704956054688,19.61735520054979,19.30632119707277,19.485906499601224,6802400
2015-02-23,19.622905731201172,19.665488373732863,19.493308840887615,19.57662092573202,6257200
2015-02-24,19.63957405090332,19.819159368348977,19.52478719529359,19.572923800871934,7480800
2015-02-25,19.35423469543457,19.667542852856325,19.298287674040566,19.622784951175515,8103600
2015-02-26,19.298288345336914,19.47545605348948,19.24793445921989,19.408318487218846,6974400
2015-02-27,19.294559478759766,19.40272572587076,19.199447680587806,19.35796781848381,6523600
2015-03-02,18.936491012573242,19.294557072673406,18.781701549578635,19.294557072673406,9909200
2015-03-03,19.011083602905273,19.052112261914107,18.755587859058775,18.88053774034737,8036400
2015-03-04,18.908519744873047,19.037200333352,18.850707386723148,18.95141374864212,11915200
2015-03-05,19.046520233154297,19.201309688690184,18.951409874254107,18.990573214300298,7867200
2015-03-06,18.406845092773438,18.805939707584265,18.319194641939582,18.805939707584265,12492400
2015-03-09,18.449748992919922,18.563509814832358,18.384476740059114,18.421774763742892,9764800
2015-03-10,18.274438858032227,18.565368749323156,18.179328503544184,18.179328503544184,13714800
2015-03-11,18.272579193115234,18.472126585342394,18.18679118719037,18.384474674422645,9078400
2015-03-12,18.74626922607422,18.886138927517603,18.40312290815731,18.421771917117457,12999200
2015-03-13,18.7630558013916,18.83019337717516,18.55604851319701,18.71643256392126,13275200
2015-03-16,19.20317840576172,19.387806019376498,18.949547891603046,18.971927556791716,13684400
2015-03-17,19.260990142822266,19.395265283979246,19.154689226544352,19.20877234855637,8612400
2015-03-18,19.936092376708984,20.027473504277392,19.206904415170815,19.257258297687684,15167600
2015-03-19,19.6712703704834,20.042390817668345,19.572427945079053,19.86149248940814,11399200
2015-03-20,19.766386032104492,19.93422996029167,19.54818963687526,19.762656799401753,27418000
2015-03-23,19.719751358032227,19.801808658171737,19.594801503966973,19.594801503966973,9677600
2015-03-24,19.551921844482422,19.83539194918038,19.535138160524095,19.645168327348884,8434800
2015-03-25,19.28709602355957,19.62464915140669,19.28709602355957,19.55191560896497,6805200
2015-03-26,19.156557083129883,19.354239165468943,19.078230381391204,19.173340766576015,6850000
2015-03-27,19.309480667114258,19.400861816367907,19.160285734479935,19.201314412095787,6067200
2015-03-30,19.533267974853516,19.592945652134002,19.35423494301206,19.456806617788548,6348400
2015-03-31,19.404584884643555,19.57988722568945,19.281498899925165,19.479180898963797,9165200
2015-04-01,19.536998748779297,19.611596201540355,19.182661915285312,19.384074610891755,7567200
2015-04-02,19.535131454467773,19.6321071373144,19.445614235601106,19.510887889463095,5280800
2015-04-06,19.682456970214844,19.885733508324744,19.60599421327819,19.622779310851353,6706400
2015-04-07,19.449342727661133,19.723487490347377,19.43069372412915,19.65821526657155,4168000
2015-04-08,19.40272331237793,19.458670333945342,19.26285362421733,19.3878035374954,5707600
2015-04-09,19.397127151489258,19.413910829725765,19.19757980309698,19.37288216359929,5278400
2015-04-10,19.5631046295166,19.61159317976433,19.380340969553835,19.443749292620534,3732400
2015-04-13,19.3486385345459,19.546320554871023,19.32812420155051,19.482913651305577,4787200
2015-04-14,19.462400436401367,19.54259244558267,19.37847919501936,19.423237095567895,4171600
2015-04-15,19.428831100463867,19.69924524637538,19.42323654090856,19.51275233944938,6437200
2015-04-16,19.350505828857422,19.471726511744187,19.1975816909654,19.359829621185284,6770800
2015-04-17,19.236743927001953,19.440020515690236,19.16214647852967,19.259122165564047,5973600
2015-04-20,19.488506317138672,19.639565097402034,19.22928132301444,19.274039216642883,9675600
2015-04-21,19.283367156982422,19.615324308758396,19.236743929534605,19.488509073187217,7842800
2015-04-22,19.262847900390625,19.372878006091458,19.145357909465183,19.326254790558366,7293200
2015-04-23,19.44748306274414,19.505295417374132,19.23861188584704,19.283369791920965,6740800
2015-04-24,19.59107780456543,19.729082138722166,19.376610705904213,19.434423043964244,6122800
2015-04-27,19.3617000579834,19.66568308638625,19.290833241713287,19.663819181125664,7215200
2015-04-28,19.413909912109375,19.49223658583341,19.199442800203013,19.26285112380904,8057600
2015-04-29,19.152814865112305,19.499691675215942,19.09127330679909,19.251657269441736,9267600
2015-04-30,18.822731018066406,19.190122308767272,18.6959157718777,19.081956070553474,15062000
2015-05-01,18.99989891052246,19.022278574004115,18.686590735919854,18.835785646808,9091600
2015-05-04,19.164016723632812,19.384078470539954,18.906655531504253,18.994307449239148,12277200
2015-05-05,18.677270889282227,19.121123637565496,18.56537539388955,19.06517660128337,12635200
2015-05-06,18.654884338378906,18.789159452440874,18.483311213889905,18.645560547186097,12165200
2015-05-07,18.761186599731445,18.830189489158172,18.669805471549672,18.774241046614556,8712000
2015-05-08,18.874950408935547,19.18452937429859,18.72389158186199,19.018550770449615,9937600
2015-05-11,18.651153564453125,18.996165112276465,18.625044674747215,18.83578111961,8073200
2015-05-12,18.63250160217285,18.71642281678367,18.42922365279452,18.57655317721394,8227600
2015-05-13,18.686594009399414,18.906655758953928,18.597078185447824,18.675404887112556,9204400
2015-05-14,18.850704193115234,18.884272974734476,18.736943401118253,18.757457735598233,7293600
2015-05-15,19.048385620117188,19.06517072180539,18.87308183027232,18.878677812720376,11756800
2015-05-18,19.078227996826172,19.178932930572703,18.97379098473302,18.992439993840595,7810000
2015-05-19,19.117387771606445,19.218094109368877,18.87681175742307,18.938354756526987,6118000
2015-05-20,19.119258880615234,19.28337360673326,19.06890640417441,19.121124208728883,7885200
2015-05-21,19.052120208740234,19.162150364860693,18.998037083199776,19.115527127963222,5360800
2015-05-22,19.065170288085938,19.117388073789346,18.932759073559215,19.035330740353732,5525200
2015-05-26,18.84137535095215,19.072626122682813,18.723885349317612,19.065167659605997,13742800
2015-05-27,18.948497772216797,19.055615076108527,18.850775867829856,18.886482113712255,8504800
2015-05-28,19.219112396240234,19.23038888485037,18.933466681134192,18.933466681134192,10481600
2015-05-29,19.232261657714844,19.313069540047902,19.065008367218216,19.19467719634122,11192000
2015-06-01,19.455894470214844,19.61563059314862,19.251056703645087,19.27172858901062,12547200
2015-06-02,19.209714889526367,19.35441666806834,19.096960052074042,19.31683220016941,9636400
2015-06-03,18.8338623046875,19.245418919395007,18.78876066165618,19.115750082705162,11419200
2015-06-04,18.862056732177734,18.959777225489113,18.745542567984046,18.766214458949953,8868000
2015-06-05,18.56138038635254,18.66661952440926,18.518158372267475,18.662860215680702,9624000
2015-06-08,18.439220428466797,18.58016432302689,18.437340775087808,18.54445807760326,7328000
2015-06-09,18.45237159729004,18.535057691294007,18.429820062331594,18.441095112933237,5774400
2015-06-10,18.627147674560547,18.69292121252132,18.54821799525202,18.561372702844174,10831600
2015-06-11,18.730501174926758,18.78124177325598,18.62902141202356,18.721105776767633,5803600
2015-06-12,18.649696350097656,18.76057296307709,18.606474357224265,18.638421296957727,4722800
2015-06-15,18.627147674560547,18.726747808294807,18.508753872475555,18.508753872475555,6126000
2015-06-16,18.704193115234375,18.749294757415072,18.527542985539895,18.62902275576298,5038800
2015-06-17,18.92406463623047,18.97668488982748,18.62150498838536,18.69667534548293,8510000
2015-06-18,19.21722984313965,19.243539254371512,18.91279052691403,18.940979591449704,8677600
2015-06-19,18.972929000854492,19.258576122525596,18.972929000854492,19.2134730398898,8404800
2015-06-22,18.935338973999023,19.0931954156193,18.893995210597005,19.06876566167954,4983200
2015-06-23,18.65909194946289,18.957892307952676,18.645937243751177,18.905273485105823,6798800
2015-06-24,18.516271591186523,18.77560931090533,18.516271591186523,18.681646701443302,6317600
2015-06-25,18.414783477783203,18.610225789178674,18.390353726516892,18.576399207711095,5918400
2015-06-26,18.548215866088867,18.565129878911836,18.271967038364416,18.397876572829738,6910800
2015-06-29,18.44861602783203,18.756813232577155,18.3621706102821,18.3621706102821,8041600
2015-06-30,18.42230224609375,18.61210704926149,18.380958483645816,18.525661652213586,10800800
2015-07-01,18.497474670410156,18.565127846785895,18.40163243158531,18.49371679783607,7578400
2015-07-02,18.8338623046875,18.899635832807213,18.5951965163962,18.598955823006115,8878000
2015-07-06,18.87896156311035,18.95413191450468,18.668484865957282,18.796274033201076,6876800
2015-07-07,19.333744049072266,19.487842655636157,18.83950128949971,18.83950128949971,12375600
2015-07-08,19.158977508544922,19.339386999369832,19.158977508544922,19.24354472619831,10838400
2015-07-09,19.01426887512207,19.322466041120858,18.94661569880475,19.217228404074035,11294400
2015-07-10,19.100719451904297,19.220991479299744,18.894001994428105,19.00863649456371,6035600
2015-07-13,19.162729263305664,19.245416794529792,19.040577619566896,19.17024644194015,5685200
2015-07-14,19.166486740112305,19.26984615200893,19.09883356755364,19.160849214691616,4928800
2015-07-15,19.313068389892578,19.31494804297591,19.05936970634095,19.175883823668865,5037200
2015-07-16,19.625028610229492,19.71899120983152,19.301797038197645,19.31871105167886,9911600
2015-07-17,19.478443145751953,19.640058898259806,19.44837443191087,19.625024541339265,6275200
2015-07-20,19.384483337402344,19.54046158680699,19.299916142948497,19.493480290028874,8994400
2015-07-21,19.192798614501953,19.44649876107918,19.127025086548937,19.38260345267098,8643200
2015-07-22,19.31871223449707,19.435224947533744,19.194680907225752,19.202198087704822,8380400
2015-07-23,19.18152618408203,19.328107618914675,19.0217900418607,19.31871221864023,7790000
2015-07-24,19.22098731994629,19.32246708993052,19.125145076001957,19.136421561837103,4232000
2015-07-27,19.450258255004883,19.521669315054854,19.245420474628244,19.251058001243308,5823200
2015-07-28,19.561128616333008,19.59307698220722,19.360048758649558,19.4408566323217,11233600
2015-07-29,19.65509605407715,19.672010067693925,19.36569250668828,19.49535992022458,8348800
2015-07-30,19.711475372314453,19.788525397438445,19.534825214229667,19.585565824373653,7009200
2015-07-31,19.76972770690918,19.980204417681435,19.74341829728206,19.863690293793265,10186000
2015-08-03,20.241418838500977,20.542098808150296,20.02530461746218,20.386122014796555,18269600
2015-08-04,20.02154541015625,20.29215808167491,19.991476698318582,20.243297141816242,12734800
2015-08-05,19.91255760192871,20.13430943516886,19.90879972810514,20.092965654330836,7557600
2015-08-06,19.873088836669922,19.982085790939244,19.786643421345932,19.967051431642357,11783600
2015-08-07,20.10799217224121,20.230143813309603,19.777243488330463,19.87120606857458,6698400
2015-08-10,20.01967430114746,20.200082347902057,19.92571168718638,20.124911969982048,12003200
2015-08-11,20.03845977783203,20.31283034599726,19.942618976224775,20.045976956463914,7882000
2015-08-12,20.37109375,20.40304069269526,19.92007294376735,19.98584648277395,14067600
2015-08-13,20.468809127807617,20.52330759903979,20.149336913004127,20.36732936417756,7236400
2015-08-14,20.49136734008789,20.495125213851665,20.279012345419318,20.43311097733716,5754000
2015-08-17,20.58344078063965,20.668007955642235,20.502632911417653,20.52706409772632,5935200
2015-08-18,20.579689025878906,20.647342212488702,20.431227946027153,20.519553019309697,7285200
2015-08-19,20.49699592590332,20.598475678323943,20.29215820187742,20.485720875774952,9688400
2015-08-20,20.34290313720703,20.60975658021734,20.32974843040386,20.397401617893166,8223600
2015-08-21,20.10047721862793,20.342900874541467,20.068530281910075,20.26773051527477,11028000
2015-08-24,19.36380958557129,19.61375040443946,18.79251689976772,19.3581720599022,19775600
2015-08-25,18.888355255126953,19.700191760983184,18.87520055335112,19.675760576431667,15192800
2015-08-26,19.251962661743164,19.304987704534565,18.875103424373908,19.15159217951767,13412000
2015-08-27,19.365589141845703,19.435657333457872,19.126974989896237,19.38452645188077,12068800
2015-08-28,19.282262802124023,19.395888104555297,19.047436984456183,19.356119320945556,9230000
2015-08-31,18.63648796081543,19.217872070389724,18.486880786713403,19.197040600272743,20435200
2015-09-01,18.05699920654297,18.450901587392572,17.92443659992245,18.430070114234486,14461600
2015-09-02,17.998291015625,18.25962931453617,17.867621143757475,18.17441071234145,13195600
2015-09-03,18.022918701171875,18.18010117265167,17.939594219944638,18.08730731080049,10100400
2015-09-04,17.918760299682617,18.03996084208556,17.808921856622316,17.839221269810835,11545600
2015-09-08,18.38651466369629,18.397878205878378,18.123282146194114,18.1422209015562,11686000
2015-09-09,18.047529220581055,18.54558746571385,18.0172283740454,18.526650159041008,9558000
2015-09-10,18.05699920654297,18.210394731145623,17.99071790323271,18.026699801382872,9980400
2015-09-11,18.151687622070312,18.16683804741842,17.752104183664517,17.761573560713106,18495600
2015-09-14,18.2047176361084,18.320237132484014,18.100561684258313,18.15358674262919,12264400
2015-09-15,18.223649978637695,18.25205521788854,18.038060894863012,18.219861650188268,13068400
2015-09-16,18.466053009033203,18.526653267448157,18.236908236750896,18.23880095635902,11133600
2015-09-17,18.69140625,18.979258511770603,18.40734231644484,18.43574899876513,11974000
2015-09-18,18.42439079284668,18.924343305849447,18.418709744148224,18.698985408649435,25546000
2015-09-21,18.56831169128418,18.668680709373753,18.447111203988417,18.466048509223924,7882800
2015-09-22,18.378936767578125,18.543692921561586,18.289929838733617,18.422492427550637,10007600
2015-09-23,18.365680694580078,18.450899296135844,18.305080446961252,18.39029904851702,6476400
2015-09-24,18.46794891357422,18.494462885725913,18.269104958619362,18.295617485946675,11708400
2015-09-25,18.674367904663086,18.858062860055682,18.40166599605352,18.507717540970713,7596000
2015-09-28,18.47361946105957,18.75768330857054,18.42627548647441,18.642163894996873,8861200
2015-09-29,18.329702377319336,18.592934889726763,18.261526904843038,18.46984020637655,13322000
2015-09-30,18.47361946105957,18.492556761928945,18.29749981780983,18.29749981780983,15191600
2015-10-01,18.28425407409668,18.532336181198573,18.149795837531915,18.519079918486817,12829600
2015-10-02,18.661109924316406,18.67626035002767,18.293720047351027,18.388408040810216,11294400
2015-10-05,19.07394790649414,19.08341583808829,18.663002398849102,18.73875163089826,10323600
2015-10-06,18.90918731689453,19.015238825757073,18.842906026870292,19.015238825757073,7888000
2015-10-07,18.924341201782227,19.100460915973766,18.890253468557283,18.947066838873532,6531200
2015-10-08,19.09856605529785,19.123185855788407,18.786095419599956,18.854270883564006,7006400
2015-10-09,19.136442184448242,19.166741588083294,18.983046667566352,19.089098192348988,6959200
2015-10-12,19.212190628051758,19.339073619740482,19.126972023697522,19.136441399658626,7199200
2015-10-13,19.172422409057617,19.28983602821081,19.117503205493573,19.178103456870456,5058800
2015-10-14,19.113719940185547,19.270902368607743,19.068270104255067,19.189470629952506,4806800
2015-10-15,19.543601989746094,19.575797006770845,19.17431937962375,19.208407116313825,7179200
2015-10-16,19.630714416503906,19.744339713433302,19.530343935311834,19.653438608995362,6506800
2015-10-19,19.651548385620117,19.66101776427325,19.42051086162161,19.6193548099184,5102000
2015-10-20,19.68374252319336,19.78221741057672,19.543603238499756,19.602310782831932,5550000
2015-10-21,19.73297691345215,19.86175264009482,19.678059149652622,19.751915667671675,4666000
2015-10-22,20.018932342529297,20.045444861057728,19.72918735802295,19.784106559210098,6708000
2015-10-23,19.801158905029297,20.04356001270815,19.765178438774342,19.99053495100647,6844400
2015-10-26,19.666696548461914,19.842816279425865,19.55685812596307,19.842816279425865,9526400
2015-10-27,19.714040756225586,19.750022657556702,19.594734399719925,19.64207839838753,8413600
2015-10-28,19.496253967285156,19.941288616891264,19.225446294148277,19.714036604253785,7738400
2015-10-29,19.27469253540039,19.439450205339895,19.126979459852652,19.439450205339895,6790400
2015-10-30,19.44133949279785,19.51140768320621,19.22734370308812,19.286049796635474,8811200
2015-11-02,19.359909057617188,19.505727941456882,19.204620795876227,19.46027810614407,6752400
2015-11-03,19.375057220458984,19.407252237067777,19.195150606533865,19.269007127604105,5094800
2015-11-04,19.547391891479492,19.56632920342561,19.335290241139838,19.376953194315867,6002800
2015-11-05,19.335289001464844,19.602309850705296,19.323926903990507,19.51330290095848,6332400
2015-11-06,18.717924118041992,19.14023325568469,18.45469157996479,19.06069567831409,12281200
2015-11-09,18.731178283691406,18.80314063368181,18.608083611614536,18.67815179731403,8559600
2015-11-10,18.748228073120117,18.846702978791487,18.68005258272281,18.72550242804617,6746400
2015-11-11,18.88456916809082,18.907293356444423,18.704661156290086,18.765261399939316,6978800
2015-11-12,19.075843811035156,19.238705830657967,18.83722966280433,18.880785330723786,13194000
2015-11-13,19.01902961730957,19.25385542657742,18.979260835122407,19.089099249634035,9647200
2015-11-16,19.339067459106445,19.350429550781136,18.96410254078365,19.032277980478703,6516800
2015-11-17,19.079631805419922,19.5189840631463,19.034181970434215,19.323927016307426,9685600
2015-11-18,18.880781173706055,19.176208630936006,18.662999992409823,19.07962649425561,19225200
2015-11-19,19.125080108642578,19.174318268747637,18.867528656311006,18.909191603721126,9274800
2015-11-20,19.130765914916992,19.291736696276885,19.045547279346597,19.119403815460792,7048400
2015-11-23,19.030391693115234,19.191360986029377,18.981154978931464,19.126973846793344,7028800
2015-11-24,18.971229553222656,19.066648670285087,18.826192087613315,18.950237230990506,6792800
2015-11-25,18.870086669921875,18.944513475022017,18.803293569957695,18.92733873045139,4389200
2015-11-27,18.963600158691406,19.026575683719102,18.89680559678424,18.915890589318007,2899600
2015-11-30,19.05710220336914,19.179238531268982,18.942599577960525,18.9464157012162,9398000
2015-12-01,19.19260597229004,19.267032785829556,19.01703510219582,19.08955312523981,7768800
2015-12-02,18.700244903564453,19.16589082880498,18.68497894586957,19.12772375059671,11379600
2015-12-03,18.400630950927734,18.704064644851492,18.35673895151781,18.602920565537197,10688800
2015-12-04,18.728862762451172,18.76130491036075,18.40062079165292,18.503673604995168,14046400
2015-12-07,18.81092643737793,18.83764367617379,18.650623004602764,18.705964816408247,11292400
2015-12-08,18.95787239074707,18.98459108712992,18.71932456145351,18.767034127312225,10960000
2015-12-09,18.847192764282227,19.047572125347823,18.702155234381777,18.85291768088684,13261200
2015-12-10,18.62581443786621,18.891079510664383,18.60482211216445,18.891079510664383,7222400
2015-12-11,18.589553833007812,18.650622012145913,18.37963060223911,18.48840834182824,7646800
2015-12-14,18.69833755493164,18.776580501994598,18.524674000457587,18.602918403501246,12201200
2015-12-15,18.839557647705078,18.94451784156105,18.707878751724632,18.793756862313028,10289600
2015-12-16,19.780385971069336,19.831911660718394,18.96932336480343,18.96932336480343,17483600
2015-12-17,19.734580993652344,19.929235337071763,19.65824541459333,19.780381758695725,9756400
2015-12-18,19.48649024963379,19.732671721695144,19.219316457444563,19.725038018377735,18991200
2015-12-21,19.522754669189453,19.64870716425254,19.37008347810289,19.614356219057083,9476000
2015-12-22,19.6391658782959,19.711683892362593,19.371992025238047,19.589547523418496,6698800
2015-12-23,19.843358993530273,19.906334500338517,19.656336895062516,19.67160430228031,6444800
2015-12-24,19.833820343017578,19.875804993011396,19.753668623564124,19.818552932841577,2211200
2015-12-28,19.84527015686035,19.8605375670242,19.71359274814319,19.786110762450907,6536800
2015-12-29,19.971229553222656,20.09527474666742,19.93687859897612,19.971229553222656,4443200
2015-12-30,20.020843505859375,20.087636608833964,19.93496541119452,19.971225148229486,5638400
2015-12-31,19.826183319091797,20.02274646026759,19.66206232712402,20.02083912630015,5744800
2016-01-04,19.765121459960938,19.780388872459483,19.530389724732718,19.63153524055014,7716400
2016-01-05,19.957868576049805,20.026570476440867,19.503672517244386,19.788022615633178,8915200
2016-01-06,19.892980575561523,19.975041088739264,19.75176066543487,19.826187473203,6983200
2016-01-07,19.980770111083984,20.049472017912507,19.662070488617687,19.69260531653291,12870800
2016-01-08,20.07046127319336,20.209773856246755,19.990309546166724,20.013210663594553,14382000
2016-01-11,20.148706436157227,20.34336084580477,20.059012209444326,20.09908807448998,16397200
2016-01-12,20.11054229736328,20.24412999933539,19.91207026333283,20.18496912812709,8618800
2016-01-13,19.965503692626953,20.207867695696095,19.79756505492799,20.167791826967214,10292800
2016-01-14,20.169702529907227,20.375806809198792,19.919703340352783,20.00176387628638,9981600
2016-01-15,20.087636947631836,20.207864535013858,19.862447728104858,20.12198789488105,15260000
2016-01-19,20.574275970458984,20.656336494959596,20.062829285288313,20.12580627162194,15298400
2016-01-20,20.09718132019043,20.522751378569666,19.723138419219538,20.392981273662972,13866000
2016-01-21,20.045650482177734,20.186870383219162,19.82046128301313,20.1200772851577,8786400
2016-01-22,20.34336280822754,20.358630221902626,20.03993060533389,20.190693039418786,9400400
2016-01-25,20.30900764465332,20.425419101823294,20.127711876788158,20.36625970607411,8533200
2016-01-26,20.33572769165039,20.55900959722296,20.20214147120578,20.34336139795874,12272000
2016-01-27,20.36817169189453,20.572368607560033,20.268934963993548,20.396796271115363,10999600
2016-01-28,20.66778564453125,20.7574784102353,20.139162810510662,20.18305625413646,14686000
2016-01-29,21.31854248046875,21.347168511511562,20.76320388455205,20.87579776241191,24626400
2016-02-01,21.560903549194336,21.648688958986714,21.142967365722253,21.30517956764252,15117200
2016-02-02,21.738393783569336,21.768927157734442,21.37389189260149,21.383434391017307,11020400
2016-02-03,21.89869499206543,22.043732508184203,21.694498068679298,21.780374721550025,13532000
2016-02-04,21.663965225219727,21.93877286913593,21.47885327972815,21.740300843638764,11712800
2016-02-05,21.681133270263672,21.782277307806837,21.415868224487348,21.62197387984716,11007200
2016-02-08,21.788005828857422,21.87197513701038,21.52655832007655,21.68686177457164,10296800
2016-02-09,22.013195037841797,22.127697713246672,21.688770548197898,21.757472444636925,13775600
2016-02-10,21.70594596862793,21.778465448222278,21.261293874392557,21.492208022827043,13794400
2016-02-11,21.35480499267578,21.747931405091283,21.350987411517618,21.570451736732522,13052800
2016-02-12,21.310909271240234,21.43686322836863,21.106712380485785,21.3967873663679,11447200
2016-02-16,21.4406795501709,21.557091012472515,21.223124036750285,21.459763086158933,9395200
2016-02-17,21.26511573791504,21.425419240524285,21.234580905428924,21.423511905479614,10793200
2016-02-18,21.818546295166016,21.904422960001675,21.31473322790681,21.343357812198104,13084800
2016-02-19,21.89869499206543,22.03228122008227,21.679230655197177,21.85098541691932,13488000
2016-02-22,22.07999038696289,22.238386522954556,21.89869458715215,21.965487699925546,10462000
2016-02-23,22.160139083862305,22.240290802934407,21.917773680407628,22.00937668504743,9229200
2016-02-24,22.304349899291992,22.325500693278343,22.008240250454474,22.046696906325764,13355200
2016-02-25,22.27358055114746,22.49277978258961,22.135141015932486,22.3754895705692,8776400
2016-02-26,21.63521957397461,22.267817283978165,21.571768656590532,22.169756108488464,9756800
2016-02-29,21.692901611328125,21.908254469436102,21.544847529921682,21.6063767083852,10503600
2016-03-01,21.650606155395508,21.865959074470208,21.527547763630462,21.810198011487337,9832800
2016-03-02,21.604455947875977,21.700595391764008,21.023772885288235,21.581381953233112,11023600
2016-03-03,21.46217155456543,21.63906779221039,21.142987873318933,21.62753152752925,13735600
2016-03-04,21.975549697875977,22.0236194098408,21.27565480902582,21.383330494396247,11726400
2016-03-07,22.006317138671875,22.060156457106373,21.821729590667886,21.93132849313811,8543200
2016-03-08,22.19859504699707,22.24666476469691,21.952478327089313,22.014007507066253,8272400
2016-03-09,22.354341506958008,22.38318363042651,22.17744383427113,22.17744383427113,7436400
2016-03-10,22.244741439819336,22.490858142108838,22.021697261512436,22.463939219481627,6253200
2016-03-11,22.26974105834961,22.37741676769213,22.183216144338157,22.358189172019753,6350000
2016-03-14,22.27358055114746,22.452399934476023,22.165904868100984,22.348570649807584,6013600
2016-03-15,22.227434158325195,22.43317246351607,22.169751385086478,22.27550386950971,9315600
2016-03-16,22.519697189331055,22.59660754806712,22.004389864155684,22.215896284621987,7542000
2016-03-17,22.752361297607422,22.79466288792176,22.40241377814995,22.550467877278628,8162800
2016-03-18,22.785051345825195,22.85811680515347,22.60623189683732,22.8311978745077,21650800
2016-03-21,22.606224060058594,22.763892656456424,22.421636542346835,22.663908301143415,6316800
2016-03-22,22.504316329956055,22.719669165758688,22.44278715786547,22.56584550204664,5932000
2016-03-23,22.629302978515625,22.70813656039878,22.385107967305252,22.438945821658923,6684000
2016-03-24,22.781198501586914,22.808117422884322,22.550463004360452,22.590841386306565,9832000
2016-03-28,22.608150482177734,22.86195853858425,22.565848894948083,22.756204570510118,5526400
2016-03-29,22.883108139038086,22.906180663981115,22.531237463943683,22.679291544556296,5559200
2016-03-30,22.785051345825195,22.952334529385368,22.70813948670655,22.910032933521528,5168000
2016-03-31,22.754281997680664,22.842731573581226,22.660065757056167,22.73505440303893,8025600
2016-04-01,22.825420379638672,22.879258218847895,22.585071835332432,22.706206973553183,8320800
2016-04-04,22.827346801757812,22.91579490251404,22.677369523650672,22.88695277973083,5239600
2016-04-05,22.37164878845215,22.861960549789178,22.333193596844808,22.74659350799562,8802800
2016-04-06,22.44086456298828,22.446632693812866,22.223589989092112,22.365875928326275,6557200
2016-04-07,22.34088134765625,22.55623273329426,22.3024246952414,22.37549160134397,5359600
2016-04-08,22.460092544555664,22.58122916185927,22.302423942405227,22.302423942405227,4268800
2016-04-11,22.34857940673828,22.617768719831968,22.310122742745087,22.508169794651902,4226000
2016-04-12,22.50624656677246,22.5466249610545,22.317812593151295,22.396647648872165,5726400
2016-04-13,22.396644592285156,22.610072799513535,22.25820356394242,22.571617610294524,4754400
2016-04-14,22.333189010620117,22.483166280850362,22.1120680368573,22.337033942202666,6168000
2016-04-15,22.579309463500977,22.61199652178991,22.33319272607835,22.400490042253058,6431600
2016-04-18,22.644678115844727,22.644678115844727,22.39471650651644,22.579304015041842,5816000
2016-04-19,22.7081356048584,22.765819856079457,22.53893071729951,22.704290672697002,7352000
2016-04-20,22.210134506225586,22.75043770581281,22.196675042900434,22.70044478476019,5898800
2016-04-21,21.7102108001709,22.160142711600653,21.61983948454914,22.156297779157228,9754800
2016-04-22,22.004396438598633,22.021700834393112,21.773660892538405,21.814039283030358,6966800
2016-04-25,22.010164260864258,22.010164260864258,21.89095082372847,21.979398935033803,4530800
2016-04-26,22.212053298950195,22.235127290298518,21.958245262003775,22.05823109087523,7878000
2016-04-27,22.47547721862793,22.692751815761316,22.18898211025408,22.24281995966969,10262400
2016-04-28,22.39472007751465,22.636991862886074,22.13706563057045,22.265893587528225,8615200
2016-04-29,22.608150482177734,22.640837538865593,22.140912757091716,22.344727895229425,9361200
2016-05-02,22.7004451751709,22.83504127770872,22.55046787640515,22.6562218521869,7651600
2016-05-03,22.76966094970703,22.87156850497596,22.58122849916442,22.75427828971178,5263200
2016-05-04,22.969635009765625,23.158068959117927,22.6389150988441,22.69275295095292,6705600
2016-05-05,22.85234260559082,23.158066761006445,22.681214534643125,22.96194149897273,8386400
2016-05-06,22.78312873840332,22.900418996540743,22.59277301903756,22.892727663731698,5848800
2016-05-09,22.860036849975586,22.898492040741587,22.71390448451608,22.811967128032332,4924800
2016-05-10,22.99655532836914,23.071543979343254,22.86388388963038,22.935026141237262,4637200
2016-05-11,23.01386070251465,23.140764006477294,22.78504835508753,23.0292418987421,5758800
2016-05-12,23.294586181640625,23.34073270124917,22.933100954954714,23.048469454433185,7977200
2016-05-13,23.219600677490234,23.329199593240325,23.015784043292182,23.248442806260595,5877200
2016-05-16,23.358041763305664,23.36380989567561,23.03693488065296,23.138842464446345,5292800
2016-05-17,23.03116226196289,23.32150375945709,22.869648719179676,23.28497030560175,8535200
2016-05-18,22.692747116088867,23.229205233616174,22.57545837813617,22.91771446451527,9197200
2016-05-19,22.767742156982422,22.775432021001688,22.4004888037785,22.52162396619567,8242800
2016-05-20,22.94463539123535,22.954248453497602,22.66390844787881,22.80427118607148,8964400
2016-05-23,22.68698501586914,22.977326540225675,22.66391248874906,22.967712009278,4948400
2016-05-24,23.05231475830078,23.08692501530826,22.70429045564938,22.736977513108826,7466000
2016-05-25,22.900419235229492,23.067702424883425,22.854272704865966,22.99655869588702,5688000
2016-05-26,23.208385467529297,23.223881322461313,22.89460105510323,22.89653840641125,4618800
2016-05-27,23.21225929260254,23.26068273219268,23.090232756831178,23.22388192298512,4366800
2016-05-31,23.266494750976562,23.41176506952664,23.13671880996959,23.212259257394344,13375600
2016-06-01,23.272306442260742,23.404018263167153,23.167711630561577,23.266495865682927,6606800
2016-06-02,23.206449508666992,23.281989958785616,22.9914493113244,23.21032421151552,5515600
2016-06-03,23.591903686523438,23.70230908524848,23.367218185810685,23.407893703470826,7846400
2016-06-06,23.58221435546875,23.766222829148326,23.469871624409237,23.646133648426687,5638800
2016-06-07,23.458251953125,23.723612942670297,23.450504025207675,23.636449861925012,6731600
2016-06-08,23.808837890625,23.822396395435362,23.404018620025553,23.431135629646274,7323600
2016-06-09,24.014156341552734,24.04514657900725,23.79915611994877,23.81852520307863,5551600
2016-06-10,23.985097885131836,24.182664863769467,23.84757549728059,24.002529613644246,5889600
2016-06-13,23.938613891601562,24.08388422860858,23.894065149135198,23.99284939207453,4673200
2016-06-14,24.207843780517578,24.215590229525166,23.801085752620477,23.963789259332504,6342400
2016-06-15,23.98703384399414,24.151674717504832,23.884376390568654,24.14005208735582,7671200
2016-06-16,24.182666778564453,24.225279644212534,23.987035657982883,24.050954956455005,6134800
2016-06-17,24.231088638305664,24.256269772416502,23.965729137717954,24.21753013446371,11624400
2016-06-20,24.064510345458984,24.231087083552616,23.865006025542797,24.192348925851487,6514000
2016-06-21,24.070322036743164,24.205908550512095,23.93473700074029,24.122620177605743,7440400
2016-06-22,23.948299407958984,24.120686758018984,23.919245044717865,24.095507098018707,5465200
2016-06-23,23.98122787475586,23.98122787475586,23.818525799074273,23.965733494524056,5585600
2016-06-24,23.979293823242188,24.229157533061773,23.485374025819397,23.65582404345416,16309600
2016-06-27,24.769559860229492,24.83541651335168,23.988974169391295,23.988974169391295,13596000
2016-06-28,24.881900787353516,24.90126838931598,24.461584220637615,24.70176406035666,10236400
2016-06-29,24.74437713623047,25.042664217712527,24.655278186496517,24.955502619297988,9655200
2016-06-30,25.257665634155273,25.263476210630568,24.674648468719994,24.786991206462805,12484800
2016-07-01,25.127891540527344,25.426181596510652,24.905144890910414,25.426181596510652,6346800
2016-07-05,25.34869956970215,25.43586411974679,25.085275957165575,25.125952944221872,10086000
2016-07-06,25.352577209472656,25.563702707549478,25.07753241320579,25.309964344012627,9991600
2016-07-07,24.856721878051758,25.337081600475432,24.786992002576355,25.27703700461402,7687600
2016-07-08,25.166627883911133,25.176313162658044,24.53325144020648,24.81023208806896,7956400
2016-07-11,25.120149612426758,25.1298348936172,24.81023834752978,25.06591558439972,5507600
2016-07-12,24.663028717041016,25.17825486769389,24.64947021190627,24.996182246370513,9178400
2016-07-13,24.825733184814453,24.899337772193746,24.678526965588613,24.767625933362055,8285600
2016-07-14,24.645593643188477,24.812171873009486,24.510008602104776,24.653341570931275,9823200
2016-07-15,24.711450576782227,24.848971493072337,24.616539569156515,24.703702648949548,5394000
2016-07-18,24.84122657775879,24.922577608378784,24.713387977270603,24.742442338996668,8186400
2016-07-19,24.810232162475586,24.85284502466409,24.647530118955185,24.775368705520698,6388800
2016-07-20,24.63978385925293,24.918701878133298,24.628162706148046,24.90320897768167,6747200
2016-07-21,24.843168258666992,24.88190938704588,24.48096176148288,24.59911510975895,6518000
2016-07-22,25.143381118774414,25.209236273718954,24.744372531657785,24.79473183446274,6752800
2016-07-25,25.081409454345703,25.14145405521915,24.91483267989068,25.04460716206001,5101600
2016-07-26,24.876096725463867,25.10465697767294,24.792809798702308,25.06204409938876,7142000
2016-07-27,24.632038116455078,24.92645349520418,24.31825513265711,24.82379602629416,9644000
2016-07-28,24.680458068847656,24.812171359985786,24.511945446665862,24.602980270787732,7392800
2016-07-29,24.84897232055664,24.891585186172335,24.651405326425714,24.651405326425714,9340000
2016-08-01,24.8896484375,24.949693030884294,24.773432475757506,24.831539717745688,8235600
2016-08-02,24.721134185791016,24.85478483153963,24.568115937260682,24.744377969108093,6613200
2016-08-03,24.810232162475586,24.88190086099196,24.61072783292583,24.71338528578028,20291600
2016-08-04,24.68626594543457,24.868338529299255,24.60878963361344,24.761806383896317,9086000
2016-08-05,24.403480529785156,24.63010339035854,24.271768691631554,24.556498803358185,7072800
2016-08-08,24.403480529785156,24.601049025898735,24.324066843212474,24.451903977962708,7976400
2016-08-09,24.418973922729492,24.52356873756595,24.337622892667653,24.40928864296518,6860800
2016-08-10,24.47707748413086,24.510005063959902,24.33955511152199,24.44221255320425,4592400
2016-08-11,24.60297966003418,24.61653816352563,24.424781763356265,24.47707990379903,6036000
2016-08-12,24.558429718017578,24.736627605939365,24.54680856638624,24.657213940181908,6001600
2016-08-15,24.273704528808594,24.65721886466316,24.26595660025164,24.62235392504002,4743200
2016-08-16,24.016096115112305,24.252402809859998,24.016096115112305,24.252402809859998,6435200
2016-08-17,24.36667823791504,24.405416403003773,23.82627241165943,24.014155615648967,8080000
2016-08-18,24.591360092163086,24.606855947941952,24.26982921246536,24.26982921246536,10607600
2016-08-19,24.227218627929688,24.51388459798557,24.095506796946466,24.51388459798557,9796400
2016-08-22,24.21946907043457,24.347306189627695,24.159424474886755,24.298882747343022,6145200
2016-08-23,24.070322036743164,24.353116216576687,24.060638235752137,24.27370106851353,4941600
2016-08-24,24.047080993652344,24.111000290163762,23.913431824176858,24.008341354357785,4933200
2016-08-25,24.11681365966797,24.18266883744643,24.0257773439902,24.08388459301243,4957600
2016-08-26,23.722795486450195,24.368432662653728,23.697437163990468,24.175326953692647,7512400
2016-08-29,23.863231658935547,24.02903101455822,23.720841126993847,23.771556276531285,8560400
2016-08-30,23.644771575927734,23.980269311980358,23.611612296662265,23.847630706754074,6802400
2016-08-31,23.59015655517578,23.732547105445526,23.527738473927858,23.635018760485366,8194000
2016-09-01,23.601856231689453,23.648669414140702,23.449712272599715,23.5530920659215,8328800
2016-09-02,24.01732635498047,24.12655909810086,23.66232328820874,23.798863845068166,9426000
2016-09-06,24.438655853271484,24.438655853271484,24.10120708356791,24.138268335406668,9724000
2016-09-07,24.393795013427734,24.764403110759375,24.26895882100347,24.764403110759375,9802400
2016-09-08,24.456207275390625,24.532279265496353,24.239694230269883,24.239694230269883,6993600
2016-09-09,23.574556350708008,24.294316155853426,23.553099991496943,24.255303917212974,10747200
2016-09-12,24.048542022705078,24.10510864734531,23.533592425897343,23.601861976958105,10174000
2016-09-13,23.70718765258789,24.034882914980464,23.619411258921645,23.95295947142339,7679200
2016-09-14,23.816425323486328,23.976371775092566,23.703292068208466,23.796919949029895,7883600
2016-09-15,23.93931007385254,23.999777176226278,23.683784778196827,23.796918024324423,5134400
2016-09-16,24.054391860961914,24.097304572491097,23.742301442792172,23.845681254295478,13406000
2016-09-19,24.331371307373047,24.360630108762624,24.0738965338408,24.118760227726746,4990400
2016-09-20,24.395740509033203,24.530330103278185,24.350876814896722,24.350876814896722,8329600
2016-09-21,24.936044692993164,24.941897643318878,24.391837877684157,24.417194709771582,7809600
2016-09-22,24.973112106323242,25.136959039972012,24.906793534560084,25.047234613781715,6233200
2016-09-23,24.72343635559082,24.906790127063857,24.196783868725692,24.491318409846404,9808400
2016-09-26,24.622013092041016,24.768305647914712,24.540088129746472,24.6844311896872,5540800
2016-09-27,24.731237411499023,25.08233855361303,24.684424223516707,24.78975352443582,9823200
2016-09-28,24.670772552490234,24.85997630512625,24.4445060617534,24.83461946937038,6843200
2016-09-29,24.128517150878906,24.5654453019967,23.94126286675618,24.555691870131707,11084800
2016-09-30,23.859333038330078,24.358677662922855,23.750101773741502,24.245545919526556,12255200
2016-10-03,23.627220153808594,23.92955866758185,23.453619790622046,23.886645950719615,6773600
2016-10-04,23.192243576049805,23.62917019841883,23.036197609692838,23.62917019841883,9205200
2016-10-05,23.122020721435547,23.436062118318954,23.096663886915174,23.225400531310616,8268800
2016-10-06,23.022539138793945,23.233200705197238,22.92305981774278,23.04009501340972,10979600
2016-10-07,23.746198654174805,24.042685626759134,23.34243140569512,23.38534411131898,19343200
2016-10-10,23.949058532714844,23.980268315313022,23.65062205540042,23.769606747268362,8225600
2016-10-11,23.631122589111328,23.89054839115461,23.558951064945724,23.82617931458783,7655600
2016-10-12,23.988075256347656,24.01928355662995,23.6428240404356,23.668180877425254,7682400
2016-10-13,24.30991554260254,24.415246337264318,23.898345794043635,23.978319753906362,8133200
2016-10-14,24.19288444519043,24.38989214664739,24.165576623780314,24.255302535294213,5538000
2016-10-17,24.198732376098633,24.278706332957043,24.112908444837352,24.255298994523365,4531600
2016-10-18,24.403541564941406,24.46986012239616,24.122659467099204,24.38403619440556,5262800
2016-10-19,24.300161361694336,24.454256316270065,24.21238496348154,24.36257943928007,6226400
2016-10-20,24.21238899230957,24.501073579282068,24.169477765962693,24.30016540512795,7426000
2016-10-21,24.130468368530273,24.224096255580577,23.970521906283118,24.095358096907006,4504800
2016-10-24,24.261152267456055,24.292362054363167,24.08755192023776,24.22799298499066,5948000
2016-10-25,24.4835147857666,24.499119677942357,24.167523904111963,24.214337092474796,5546800
2016-10-26,24.616161346435547,24.678579447141473,24.35478601478101,24.493276129217133,5264000
2016-10-27,24.405502319335938,24.655174733747153,24.251407300530428,24.547892920602504,6072400
2016-10-28,24.52447509765625,24.664914646125776,24.364528692193172,24.44645213417479,7975200
2016-10-31,24.967256546020508,25.05698393381749,24.532279468590446,24.781953284108795,12201200
2016-11-01,24.555686950683594,25.021872327671986,24.46986152959302,25.004317939629534,6615200
2016-11-02,24.124610900878906,24.24164461444275,23.833976856426396,24.050489896193497,24144400
2016-11-03,24.155820846557617,24.26310262608119,23.978320024631216,24.12851302779971,8894000
2016-11-04,24.027090072631836,24.32357567226306,24.02123860834827,24.270911005546118,8741600
2016-11-07,24.315765380859375,24.317714876095867,23.952959852855763,24.148016524334512,11381600
2016-11-08,24.415241241455078,24.4659563886327,24.206530679342936,24.32551535839571,8492000
2016-11-09,22.917211532592773,23.635020256459693,22.661687728836448,23.635020256459693,28179200
2016-11-10,22.44322395324707,22.806029542826874,21.914620462403594,22.780672706970165,29856000
2016-11-11,22.146738052368164,22.53490047141258,21.99654355893951,22.345695232975316,16962000
2016-11-14,22.322284698486328,22.345690545315623,21.551809996797328,22.023848246099078,26612000
2016-11-15,22.4373722076416,22.497839309088533,22.187699867024488,22.29498164846053,17999600
2016-11-16,22.293033599853516,22.5485574370704,22.07652051293251,22.486139343698156,16990000
2016-11-17,22.388608932495117,22.45882946713825,22.215008579673086,22.218910547244704,8694400
2016-11-18,22.254009246826172,22.558298588511935,22.131124110941716,22.558298588511935,12270400
2016-11-21,22.30472755432129,22.359343178030045,22.17599093960267,22.32228342660718,9200000
2016-11-22,22.37352752685547,22.55042472961006,22.326353939738492,22.37352752685547,10324800
2016-11-23,22.292938232421875,22.37352531108552,22.157318306719212,22.19073180293773,9386000
2016-11-25,22.556324005126953,22.636909602744442,22.385323103489124,22.39121942775701,4609200
2016-11-28,22.859012603759766,22.929771488312205,22.60349424292333,22.652632273886205,18561200
2016-11-29,23.049663543701172,23.297319603527402,22.835422479733932,22.859009271003778,12683200
2016-11-30,22.452146530151367,22.79807713855963,22.438387943448465,22.77645628808743,13353200
2016-12-01,22.20055389404297,22.39120962630806,22.137657296761272,22.312588504812652,12088800
2016-12-02,22.487529754638672,22.585805818946177,22.33028745191717,22.347976423697126,8462800
2016-12-05,22.603498458862305,22.682119622981837,22.245773586713703,22.467876988245457,10162800
2016-12-06,22.554359436035156,22.725360348076542,22.499325073421534,22.56811802668856,11771600
2016-12-07,23.1302547454834,23.134185128275554,22.564185150266713,22.60742535927543,10788800
2016-12-08,22.971044540405273,23.12042305719069,22.86687066742993,22.953354071570395,8990000
2016-12-09,22.89635467529297,23.071285931708786,22.748940594072433,22.994630729439994,11916000
2016-12-12,23.085044860839844,23.15187335842678,22.77252772382407,22.817733869639298,16726000
2016-12-13,23.393632888793945,23.425081948093407,23.090943940691904,23.096840264417132,9606800
2016-12-14,22.805938720703125,23.67076821502265,22.800042397945752,23.52532008857149,10513600
2016-12-15,23.002490997314453,23.00642287890029,22.574007378438953,22.796112201261646,10830800
2016-12-16,23.370046615600586,23.42704690851451,23.02018409319493,23.04376938710854,15695200
2016-12-19,23.432939529418945,23.525319248180235,23.2540764144431,23.4879738726197,5144400
2016-12-20,23.44867515563965,23.566606161118678,23.342536800836296,23.436881005389882,6166000
2016-12-21,23.311077117919922,23.54694052104847,23.293388149961324,23.407387220254705,6073200
2016-12-22,23.370046615600586,23.393631909514195,23.22459847136339,23.318942646165066,5002800
2016-12-23,23.43490982055664,23.440806144197968,23.29928837851146,23.36808132028305,3570400
2016-12-27,23.438840866088867,23.503703427125416,23.305185361334928,23.40542736479381,2621600
2016-12-28,23.320913314819336,23.521395851595116,23.285533867203146,23.45260289777862,5213200
2016-12-29,23.62163543701172,23.637359967571452,23.295358175979267,23.434911510229668,4048000
2016-12-30,23.480119705200195,23.733672159147407,23.40936081109521,23.62753381798993,5696000
2017-01-03,23.33466911315918,23.51746265403921,23.153841513459767,23.495841799773657,6101200
2017-01-04,23.403459548950195,23.548907689669328,23.307149435460705,23.434908606172485,8541600
2017-01-05,23.389699935913086,23.543010334216717,23.144009810535845,23.543010334216717,6155200
2017-01-06,23.320913314819336,23.415257508746553,23.195120056533764,23.273741217855726,8810000
2017-01-09,23.261943817138672,23.48994500314261,23.21280578562821,23.41328979395218,6061200
2017-01-10,23.30715560913086,23.332706850211874,23.06146540790349,23.21870623694462,6372800
2017-01-11,23.470287322998047,23.509597143741786,23.240320222969196,23.240320222969196,5600000
2017-01-12,23.48797607421875,23.572493537648672,23.36218284951936,23.505665043517013,6534000
2017-01-13,23.3995304107666,23.472253735206166,23.169563291428318,23.448668440608973,5775200
2017-01-17,23.629497528076172,23.643256117321055,23.425083131028085,23.46832483996165,6962000
2017-01-18,23.592153549194336,23.776913043985726,23.554808162058073,23.6294989363306,5786400
2017-01-19,23.444740295410156,23.63343018013205,23.360222810626755,23.46243076875147,4725600
2017-01-20,23.44080924987793,23.51353258385432,23.26194607800049,23.484050961741655,5106000
2017-01-23,23.346460342407227,23.57052963702179,23.322875047968,23.493874430947,9114800
2017-01-24,23.352357864379883,23.44080722178686,23.26587594770868,23.338599275393072,4850400
2017-01-25,23.393632888793945,23.40739147734404,23.21477123764274,23.24032247364329,6880400
2017-01-26,23.34056854248047,23.44670688674883,23.175465451112313,23.33074033484353,5508000
2017-01-27,23.855525970458984,23.94790418640763,23.45455955603338,23.57838682389305,12540400
2017-01-30,24.067808151245117,24.2977752871544,23.888946489508758,23.914497727021445,11280000
2017-01-31,24.317426681518555,24.433391703725643,24.01080587744356,24.065840226936654,8781200
2017-02-01,24.101224899291992,24.299741488845573,23.997051001332313,24.120879814154122,8219600
2017-02-02,24.266324996948242,24.278117644499318,24.00294587114956,24.168048935159415,5004800
2017-02-03,24.413738250732422,24.547393750155535,24.284014633407025,24.35280757438062,8227200
2017-02-06,24.344945907592773,24.535601705525515,24.280083347550434,24.451084233232866,4192800
2017-02-07,24.437328338623047,24.498259023187995,24.321361794287036,24.386224361479695,6258800
2017-02-08,24.824533462524414,24.848118757298636,24.419635073874083,24.419635073874083,8594400
2017-02-09,24.500221252441406,24.82453253969403,24.40784151914671,24.82453253969403,6426000
2017-02-10,24.661394119262695,24.677118648366925,24.42160029893095,24.470738327701433,4821200
2017-02-13,24.76557159423828,24.789158392746078,24.596536620533914,24.667295516483367,3542800
2017-02-14,24.76557159423828,24.783260568438674,24.474673744271204,24.572949822026118,6450400
2017-02-15,24.626014709472656,24.75573832581126,24.48253100547036,24.578842621674404,7062000
2017-02-16,24.80291175842285,24.8068421408925,24.616186350281566,24.66729031982876,4990000
2017-02-17,24.934602737426758,24.956223591177302,24.757705524728514,24.901189236020898,9351200
2017-02-21,25.20977783203125,25.254986986191547,24.76557105003339,24.84812259363576,6306800
2017-02-22,25.245155334472656,25.292325924868102,25.04860321009856,25.154741537209418,8544400
2017-02-23,25.388629913330078,25.48297406490721,25.197974170069173,25.306078405806772,7606400
2017-02-24,25.93785858154297,25.93785858154297,25.450631161088225,25.519953155210448,10271600
2017-02-27,25.721969604492188,25.95964326796176,25.585308154641034,25.95964326796176,7332800
2017-02-28,25.94577980041504,26.040847460352968,25.65859429254965,25.73979936685846,8994400
2017-03-01,25.630870819091797,25.79921951642652,25.47242267525261,25.660578523872342,9072000
2017-03-02,25.93389129638672,26.072532234412048,25.549655680898102,25.630860738222147,6120400
2017-03-03,25.906166076660156,25.94577734604168,25.710086213324335,25.88635893089633,5286000
2017-03-06,25.87447738647461,25.943799378612194,25.700184164286156,25.84674919404884,8208400
2017-03-07,25.876455307006836,25.969543452050296,25.795253262685925,25.820998925552793,7964400
2017-03-08,25.636808395385742,25.77148733242579,25.52589561849476,25.652653509533955,6328000
2017-03-09,25.50014305114746,25.78336649032816,25.49222200635156,25.680377797251207,5044400
2017-03-10,25.759605407714844,25.781392062877494,25.551642430643493,25.70811105103342,5922800
2017-03-13,25.838823318481445,25.880414088272335,25.638781447096573,25.76553930622601,5837200
2017-03-14,25.86061668395996,25.939839233187676,25.75366291814136,25.813081341135412,5369600
2017-03-15,26.124032974243164,26.268618508442376,25.821002341866702,25.91409049922643,8121200
2017-03-16,25.7279109954834,26.098284073037927,25.664533568497557,26.06659384847193,10442800
2017-03-17,25.79326820373535,26.100260799467605,25.765540015729293,25.77148155443446,18648400
2017-03-20,25.725929260253906,25.98142449607804,25.65660727779174,25.890318886029018,7566800
2017-03-21,26.1141300201416,26.21117718052643,25.666513894739335,25.79129226911554,9536400
2017-03-22,26.22504425048828,26.38150983702576,26.100265869151304,26.145818682120986,5535200
2017-03-23,26.161663055419922,26.365663977204555,26.098285624666083,26.240888621545135,6200400
2017-03-24,26.302284240722656,26.397351889592695,26.088379764155512,26.137894605338293,5728000
2017-03-27,25.96558380126953,26.361702528842546,25.874475164183472,26.35179895622401,8160000
2017-03-28,25.997270584106445,26.05668899671501,25.848726063658027,25.896261398174083,5511200
2017-03-29,25.85665512084961,25.951722786083888,25.79129515658023,25.85665512084961,4426800
2017-03-30,25.377351760864258,25.86259668398317,25.308029762355876,25.75564291612147,13592400
2017-03-31,25.424880981445312,25.60511573786708,25.315949231925803,25.36348305878753,9346000
2017-04-03,25.494199752807617,25.50410332472864,25.17136204548642,25.45062645407178,6970000
2017-04-04,25.6566104888916,25.731874019596454,25.432805446876348,25.535794147460994,5436400
2017-04-05,25.87447738647461,25.91408865820481,25.549660122852877,25.630865194294888,7146400
2017-04-06,25.700183868408203,25.83684532312842,25.62888237125619,25.759602286392592,6118000
2017-04-07,25.535791397094727,25.81703834296933,25.504104196868045,25.75365789822408,7067200
2017-04-10,25.63482666015625,25.676420463850114,25.46449847762439,25.53579696027683,4207600
2017-04-11,25.613040924072266,25.66255576994576,25.412999012569674,25.57540915766499,4214400
2017-04-12,25.848726272583008,25.854667811677288,25.45062804253614,25.472414693263843,5874800
2017-04-13,25.900230407714844,26.044812933693173,25.74970331894311,25.765548434716283,7746400
2017-04-17,25.927953720092773,25.99925521656582,25.840807110831687,25.88041838172866,4508400
2017-04-18,26.131954193115234,26.15770287872744,25.836844638966596,25.925970752509976,7822400
2017-04-19,26.04480743408203,26.14185761439458,25.91804955680961,26.129971513464454,8320000
2017-04-20,25.92003059387207,26.0448089727676,25.593233819422124,26.0448089727676,8054800
2017-04-21,26.345861434936523,26.605318757521808,25.997274967337898,25.997274967337898,10480800
2017-04-24,26.29238510131836,26.36368660552983,26.030945245160765,26.266636412474984,9744400
2017-04-25,26.326053619384766,26.34189873316003,26.116111150618803,26.264655692347148,5167200
2017-04-26,26.308229446411133,26.50628883874535,26.2725771842748,26.341899180450373,5967200
2017-04-27,26.444887161254883,26.57956607831678,26.2686144479556,26.2745559871115,5624000
2017-04-28,26.452816009521484,26.563728802678455,26.35576882658261,26.411225223161097,6652800
2017-05-01,26.349815368652344,26.6033341244772,26.298321024111477,26.567681868913574,7204000
2017-05-02,26.543922424316406,26.547881436488694,26.355766593145017,26.389436329489648,6858400
2017-05-03,26.4132022857666,26.58947503475734,26.375570515395545,26.512231987944467,6574400
2017-05-04,26.607295989990234,26.638986215636205,26.36170429659961,26.363683802397635,7013200
2017-05-05,26.60531234741211,26.779605539218363,26.58550520392657,26.694438448805478,7312400
2017-05-08,26.72811508178711,26.769708884996625,26.573628993545874,26.63898895736279,5804800
2017-05-09,26.494403839111328,26.72415042074152,26.43894745504753,26.62710325970301,6190000
2017-05-10,26.573623657226562,26.63106256335541,26.425079138966794,26.504304695326248,7498800
2017-05-11,26.66670799255371,26.670670025342908,26.458745092231023,26.55579525162042,3581200
2017-05-12,26.846952438354492,26.902408828921374,26.67067969216405,26.684542278732458,6115200
2017-05-15,26.961822509765625,27.062831698636973,26.747918031438562,26.785549794590466,7712400
2017-05-16,26.916263580322266,27.096498308272672,26.894476931645343,26.96181940528495,5438000
2017-05-17,27.025203704833984,27.167806710274956,26.91627043371289,26.91627043371289,7484800
2017-05-18,27.122249603271484,27.278715170011715,26.880616939080728,27.06085168439689,8878000
2017-05-19,27.191570281982422,27.252971226875847,26.856852476613966,27.14007593242102,6914800
2017-05-22,27.401517868041992,27.447070681628567,27.134136482169332,27.205437983592276,8549600
2017-05-23,27.522329330444336,27.740192807893468,27.407454541762025,27.43518273060631,7788800
2017-05-24,27.758020401000977,27.813476784636062,27.534215360668764,27.565902564070065,6207200
2017-05-25,28.063791275024414,28.097698831768515,27.77258376722536,27.8703164179898,4765200
2017-05-26,28.0657901763916,28.135598783761854,27.997972013683693,28.081744168624013,4430000
2017-05-30,28.053815841674805,28.13360100814473,27.972040230845877,28.02988181348028,11000400
2017-05-31,28.21139144897461,28.28918008907868,28.067781183629698,28.067781183629698,13267600
2017-06-01,28.303138732910156,28.303138732910156,28.067779340077358,28.193439074873826,6446400
2017-06-02,28.464702606201172,28.50858064340131,28.26923123093475,28.476669620300562,7339600
2017-06-05,28.293180465698242,28.450751291567187,28.281210402960085,28.4028801710972,4325600
2017-06-06,28.30712890625,28.45073916294433,28.267237844611113,28.42480860330724,8223600
2017-06-07,28.43876838684082,28.51855049956479,28.21138601773574,28.30911864929873,5715200
2017-06-08,28.21338653564453,28.43877547331712,28.049832250757593,28.43877547331712,6776400
2017-06-09,27.972042083740234,28.27122962996188,27.91419745378124,28.143576398647035,7172800
2017-06-12,27.80847930908203,28.09569978406976,27.55516638412861,27.972036596474908,8946400
2017-06-13,27.91419792175293,27.99398309484547,27.716736085771853,27.808485230461827,6944400
2017-06-14,28.15355682373047,28.360995300051595,28.043857119506185,28.15355682373047,5689200
2017-06-15,28.297164916992188,28.345036033188656,28.055821934466426,28.165524673566292,11065600
2017-06-16,28.49064064025879,28.556462285598,28.307139254840703,28.36099388166261,10408800
2017-06-19,28.400880813598633,28.560448138697875,28.349022726426153,28.532524085067525,9268400
2017-06-20,28.315113067626953,28.48864088494454,28.307133028041456,28.41085223819941,8612800
2017-06-21,28.135595321655273,28.39489179417918,28.007942095050222,28.347020692892418,6520800
2017-06-22,28.241308212280273,28.36497446396221,28.059800375846656,28.101687970213266,7685600
2017-06-23,28.55046272277832,28.787818601556125,28.197420657558716,28.241301729777756,11007600
2017-06-26,28.76787757873535,28.895530803704254,28.54647868379787,28.600333291618593,7911200
2017-06-27,28.376937866210938,28.79181156375021,28.327073282999383,28.636234307609563,9662800
2017-06-28,28.12761688232422,28.568418123838484,28.073762276578364,28.506586523367574,8363600
2017-06-29,27.918190002441406,27.999968669588927,27.7167381320595,27.962071090008692,11584000
2017-06-30,27.95009994506836,28.2472909428335,27.938132930862103,27.97004395424781,8531600
2017-07-03,27.84837532043457,28.28319612896192,27.848375320434574,28.093711295176394,4121200
2017-07-05,27.688810348510742,27.882282153172362,27.575117625093043,27.84039760290803,7705600
2017-07-06,27.838407516479492,27.886275579773255,27.52525639946386,27.63296258536817,6964400
2017-07-07,28.019912719726562,28.155546002434917,27.800510325085867,27.838407904717517,5514000
2017-07-10,28.12961196899414,28.285189244664735,27.978024712659284,28.049829843237482,6750400
2017-07-11,28.073768615722656,28.227352429422027,27.830429134508314,28.227352429422027,7593600
2017-07-12,28.079742431640625,28.37095292197546,28.0558084068296,28.295157785417253,6771600
2017-07-13,28.03985595703125,28.18944972352619,27.962067320193597,28.16750918270055,5557200
2017-07-14,28.25527572631836,28.34902141133436,28.187460605432495,28.253279194620077,5052800
2017-07-17,28.117650985717773,28.269238274568114,28.07376989409121,28.205413168970896,11244400
2017-07-18,28.22136116027832,28.34701784284628,28.12163199191087,28.177480082717228,5471600
2017-07-19,28.2831974029541,28.335055483365004,28.189451725812443,28.31112145294354,3773600
2017-07-20,28.618289947509766,28.696078600594934,28.323092372147286,28.38692052006004,6280000
2017-07-21,28.795804977416992,28.8077719931046,28.436782332815625,28.554462045068146,5413600
2017-07-24,28.552467346191406,28.8037868657361,28.54648383796353,28.8037868657361,8410400
2017-07-25,28.54448890686035,28.612304025677354,28.34702401484142,28.596346990045113,5401200
2017-07-26,29.019203186035156,29.037153711271543,28.380933882801155,28.446755518828173,7041600
2017-07-27,28.851648330688477,28.991271606710924,28.714024629440345,28.911486442770553,5680000
2017-07-28,28.945396423339844,29.073049652855943,28.811759686463073,28.841680266759493,4625200
2017-07-31,29.138874053955078,29.296447878782782,28.973323233050706,28.987286780551564,6780400
2017-08-01,29.234609603881836,29.36425630415519,29.089002828106494,29.096982865857488,6042000
2017-08-02,29.268529891967773,29.316397965333167,28.997266316752604,29.152843642178098,6688000
2017-08-03,29.428085327148438,29.487923444318554,29.188735901961035,29.230623497028038,5674400
2017-08-04,29.270526885986328,29.386213149630674,29.136890092680193,29.310417966399534,5915600
2017-08-07,29.33832550048828,29.418110659865324,29.218652326661662,29.286467429512676,4819200
2017-08-08,29.390195846557617,29.436070425425946,29.26054606315604,29.320384190611104,4750800
2017-08-09,29.368242263793945,29.55772704703879,29.310397650318762,29.49589545873184,11042000
2017-08-10,29.463998794555664,29.57968504631451,29.284487429391888,29.294457915850067,5367600
2017-08-11,29.356281280517578,29.5298121310755,29.250568588455934,29.44803346936949,5086000
2017-08-14,29.53180694580078,29.593638555992705,29.396176709701503,29.442051284441753,3908000
2017-08-15,29.729265213012695,29.787106790583422,29.418110699751924,29.418110699751924,4777200
2017-08-16,29.91476821899414,29.954659287947365,29.675418761781337,29.717306362452977,5415200
2017-08-17,29.64150619506836,29.9825813205278,29.587651587155197,29.80506046320318,5450800
2017-08-18,29.904794692993164,30.038434491410772,29.52981499261424,29.619570658638697,5754800
2017-08-21,30.00851058959961,30.086299230686976,29.854926795429574,29.91875493349774,3898000
2017-08-22,30.086292266845703,30.156103896262362,29.922738027015647,30.032440711745068,5402400
2017-08-23,30.04273223876953,30.185277959696045,29.8640499782447,30.040725674388646,5781200
2017-08-24,29.97648048400879,30.11501002025512,29.902197772931807,30.11501002025512,5164400
2017-08-25,30.13509750366211,30.20536404465046,29.91425280122282,30.046759622686395,5036400
2017-08-28,30.291690826416016,30.29570395607189,30.12304441367903,30.1752457337829,3499600
2017-08-29,30.259553909301758,30.371982758665496,30.14310886861606,30.32179108923837,5597200
2017-08-30,30.239479064941406,30.28364798356697,30.149134663555188,30.19932633804272,4246000
2017-08-31,30.217390060424805,30.319783021590027,30.157162510864357,30.31576683046725,6826000
2017-09-01,30.14712905883789,30.376002979246564,30.046745706668176,30.315772355253376,4287200
2017-09-05,30.167207717895508,30.20535388671191,29.97447337281719,30.151146011896117,4299200
2017-09-06,29.763654708862305,30.257541996639883,29.763654708862305,30.23545754345764,9138400
2017-09-07,30.012611389160156,30.295690073065952,29.801805767433958,29.803812331342385,7742400
2017-09-08,29.765657424926758,30.01059294184914,29.52473809809724,29.956388161144925,11796800
2017-09-11,30.396076202392578,30.436231991899987,29.715477233252123,29.765668906679757,9118000
2017-09-12,29.940345764160156,30.386048184655213,29.699423218573425,30.331840305552458,7717200
2017-09-13,29.749614715576172,29.95239108803866,29.723517121954465,29.92428386636016,5824800
2017-09-14,30.024660110473633,30.078867976361874,29.643201548589623,29.71347111783203,4588000
2017-09-15,30.133081436157227,30.1913055104762,29.954399147258826,30.137097629013805,9065600
2017-09-18,29.773710250854492,30.115013120191822,29.589005204665554,30.115013120191822,6562000
2017-09-19,29.697418212890625,29.900191533831123,29.657265474337542,29.80583397678729,7026800
2017-09-20,29.46051597595215,29.83594884335395,29.291869566400802,29.795796103349417,5489600
2017-09-21,29.468542098999023,29.67934779045654,29.4063048992308,29.460512777252987,5647600
2017-09-22,29.384218215942383,29.564907044427144,29.35209480446954,29.52073811951627,4904800
2017-09-25,29.476572036743164,29.574945771386567,29.277811876136575,29.354104211947465,6024800
2017-09-26,29.653249740600586,29.76166550617598,29.4946453486499,29.4946453486499,5562000
2017-09-27,29.362133026123047,29.593013530518288,29.25372034440924,29.482594284433556,6888800
2017-09-28,29.510692596435547,29.58899147166926,29.05093522731603,29.209542605004923,5395600
2017-09-29,29.42235565185547,29.56088514219286,29.37818674005351,29.502661093246545,5267200
2017-10-02,29.46051597595215,29.649234160319217,29.382217060733115,29.586996953793538,4581200
2017-10-03,29.490631103515625,29.506692812937935,29.235656444555463,29.386231523999538,4008400
2017-10-04,29.827924728393555,29.835954052413225,29.4324138902084,29.512719384238004,4390400
2017-10-05,29.66529083251953,29.827914456633284,29.524754734634662,29.821888636370844,6817600
2017-10-06,29.60706329345703,29.647216017781233,29.366143884055315,29.55285543071828,5110800
2017-10-09,29.693397521972656,29.791774320464306,29.651238225088463,29.70544609882526,4396400
2017-10-10,29.92026710510254,29.94235156910577,29.601048722793653,29.6933997079291,3512000
2017-10-11,30.088909149169922,30.26558485366345,29.83996036206418,29.83996036206418,5319600
2017-10-12,30.25554656982422,30.303731689416047,29.994549199752072,30.137094930550422,5221600
2017-10-13,30.225433349609375,30.570752387827767,30.203348885649223,30.394076676146543,4461200
2017-10-16,30.42017936706543,30.476393813003895,30.0949351430414,30.363964921126964,5396400
2017-10-17,30.651046752929688,30.689192909899372,30.321789540839703,30.41615011962063,5164400
2017-10-18,30.624942779541016,30.673127877341155,30.45027677813134,30.562705609542437,4298800
2017-10-19,30.89197540283203,30.908037108658696,30.556695335275375,30.651055942346325,5249600
2017-10-20,30.950210571289062,30.966272282877096,30.71330415468835,30.86588888304556,5750800
2017-10-23,30.99437713623047,31.058620914199366,30.78357140005318,30.914068584446827,4873200
2017-10-24,30.962244033813477,30.998380573222935,30.755454555751676,30.9421661362813,5718400
2017-10-25,30.88995933532715,30.95621270268335,30.388042670619154,30.906021036212547,7509200
2017-10-26,30.795597076416016,31.31959816830865,30.789574321844746,31.078678795089793,5894000
2017-10-27,31.28748893737793,31.480226361311157,30.793604458133448,30.795611022747234,5807200
2017-10-30,31.191125869750977,31.35776265838926,31.096765241685226,31.181086918443544,5413600
2017-10-31,31.13290023803711,31.23127398127499,30.98031555308468,31.136913367198844,5310800
2017-11-01,30.793607711791992,31.263401211479827,30.73538363380859,31.25336226043534,5747600
2017-11-02,30.08690071105957,31.068649847015013,29.787757196117774,30.815684883253798,15917200
2017-11-03,30.64704132080078,30.74742468976961,30.014627321680077,30.06281244162974,12337600
2017-11-06,30.488431930541992,30.7434065035487,30.446269574589387,30.697227955729943,5631600
2017-11-07,31.21721649169922,31.28346987287325,30.500477874553898,30.582792959963168,7872000
2017-11-08,31.1027889251709,31.267419153829024,30.900015581942203,31.116844070111046,7970800
2017-11-09,31.169036865234375,31.241313015286256,30.938156336060036,30.9863383937897,4779600
2017-11-10,31.15096664428711,31.203164891380357,30.88796271744577,31.03452157296476,5143200
2017-11-13,31.476205825805664,31.520374748874275,31.08671790244989,31.187101261522738,4000000
2017-11-14,31.80144500732422,31.831561851300496,31.369797814775634,31.421996055494965,6055200
2017-11-15,31.5926456451416,31.978117312373023,31.52639227153763,31.891789108361376,5320000
2017-11-16,31.578596115112305,31.662920833552718,31.38987797117258,31.6006805769025,5458800
2017-11-17,31.32762908935547,31.578587420851207,31.297515314958456,31.520366435864922,4312000
2017-11-20,31.30354118347168,31.454116197346195,31.18107338298214,31.361765237705466,5787600
2017-11-21,31.361774444580078,31.498294360112,31.27142695896686,31.417988887852914,5325200
2017-11-22,31.35227394104004,31.50784415643762,31.22701129331726,31.362376463598306,7773600
2017-11-24,31.524009704589844,31.598762827425972,31.412888114659616,31.4371347870081,2544400
2017-11-27,31.719987869262695,31.833128734010533,31.499767037317273,31.568459264791695,6070800
2017-11-28,31.87959098815918,32.002834354582745,31.734126389897774,31.821001294613392,4949200
2017-11-29,31.87554931640625,31.980606900233546,31.61896008700517,31.7805911704749,8354400
2017-11-30,31.930103302001953,32.099817666696346,31.794738130808586,31.940205824628308,13614800
2017-12-01,31.81494903564453,32.16245491456569,31.604827624602247,32.00082377134647,5712400
2017-12-04,31.511892318725586,31.913949370232068,31.420975762555933,31.85131495052101,5603600
2017-12-05,31.445209503173828,31.685635333462006,31.20478367288565,31.604818244409785,6810000
2017-12-06,31.87757110595703,31.9967728448268,31.47551417795364,31.623004210307844,7935600
2017-12-07,31.958385467529297,31.958385467529297,31.72200125833226,31.867468938277636,5808400
2017-12-08,32.13011932373047,32.13011932373047,31.79877695760634,32.01899775033525,5248000
2017-12-11,32.17456817626953,32.19477321988401,31.80887969998786,32.12203937887143,6435600
2017-12-12,31.734128952026367,32.20487505817598,31.683619422083897,32.09173420436198,7953600
2017-12-13,31.61290740966797,31.930105680334147,31.477542228391847,31.847272387485116,14412000
2017-12-14,31.91798973083496,32.17255980203139,31.431080076518516,31.665442014399055,8908000
2017-12-15,32.0088996887207,32.13214307223054,31.766454547530422,32.05940922158773,13972000
2017-12-18,31.588659286499023,32.15840514558464,31.540169030953855,32.04728357007917,7763200
2017-12-19,31.134075164794922,31.717965201522656,31.121950288135327,31.618965414039945,6260000
2017-12-20,31.041135787963867,31.38459996603692,31.010831303932143,31.13407467708943,8838800
2017-12-21,31.210859298706055,31.370471198125188,30.84718993348455,31.079535705947983,7148800
2017-12-22,31.222972869873047,31.39066489639581,31.17448568919192,31.2977290781854,4315200
2017-12-26,31.113874435424805,31.38662716524196,31.11185516379664,31.255300520832517,2894000
2017-12-27,31.374488830566406,31.38661370370745,31.138104671442125,31.24114605457618,4305200
2017-12-28,31.588659286499023,31.60280035091416,31.346211091630053,31.35631361355907,3426800
2017-12-29,31.55632209777832,31.776542822448448,31.519953647335484,31.689667944642302,4746400
2018-01-02,31.334089279174805,31.653309858222766,31.19872411740849,31.60481960270744,4766400
2018-01-03,30.669387817382812,31.48360120987987,30.66534619170577,31.132053764547933,11008000
2018-01-04,30.51180648803711,30.917902115765674,30.433011721974612,30.610803222173768,13629200
2018-01-05,30.651199340820312,30.697667237335754,30.426936942358445,30.584526402590406,10318000
2018-01-08,30.903751373291016,30.960321798764404,30.610793640763223,30.651203729978764,7225200
2018-01-09,30.67746353149414,31.022950029574226,30.570383588028946,31.022950029574226,6527600
2018-01-10,30.424909591674805,30.630989268462322,30.33803470885475,30.485521624007138,7042800
2018-01-11,30.4067440032959,30.527968136119917,30.259257005217627,30.4067440032959,7550400
2018-01-12,30.37037467956543,30.60271730738419,30.15621166160055,30.331986939714582,6386400
2018-01-16,30.41480827331543,30.523910552392415,30.11781516058756,30.394606316977725,7471600
2018-01-17,30.685550689697266,30.861322867798293,30.42290051680417,30.497653634781464,9304400
2018-01-18,30.463302612304688,30.721911117894194,30.35016177646635,30.721911117894194,7951200
2018-01-19,30.33803939819336,30.56230179448792,30.293590773136312,30.52391406531533,8988000
2018-01-22,30.30975341796875,30.568361911975515,30.224897794890573,30.398650665819158,7438800
2018-01-23,30.85525894165039,30.932034406321364,30.305715061899406,30.305715061899406,10592400
2018-01-24,30.477460861206055,30.756271454864127,30.321890598512226,30.695659383944374,7874400
2018-01-25,30.93001365661621,30.982545538476636,30.30571663384467,30.473408635828108,9845200
2018-01-26,31.859390258789062,32.17052759368162,31.2552951962753,31.287622033963515,14587200
2018-01-29,31.453292846679688,31.78059669539176,31.414908193717768,31.7603916503743,10057200
2018-01-30,31.336111068725586,31.614921555059325,31.17245761538105,31.416925076938334,7823200
2018-01-31,32.00687789916992,32.07961174409057,31.23913244342021,31.362375817234167,12930800
2018-02-01,31.586637496948242,32.25336387904061,31.45127233267923,32.04526487158231,8848000
2018-02-02,31.501771926879883,31.804828997462447,31.33206070723907,31.41287469291871,9291200
2018-02-05,31.17245864868164,31.97859181775248,31.083564469843687,31.526025341331795,14612400
2018-02-06,30.216819763183594,30.984565211090064,29.729907169740674,30.675447144049496,16941200
2018-02-07,29.919822692871094,30.443100653038385,29.87941568781676,30.226921480426412,11514800
2018-02-08,29.354114532470703,30.125901563179422,29.350075990080796,29.836985473748193,9683600
2018-02-09,29.921846389770508,30.13398394653999,29.31573203818453,29.493523484973647,9090800
2018-02-12,30.30571937561035,30.53806199101382,29.67131977332853,29.94609175231502,8123200
2018-02-13,30.521902084350586,30.673430683367165,29.952153072276783,30.26127116764202,6312400
2018-02-14,30.321889877319336,30.614844616462676,30.061258903420796,30.321889877319336,6436800
2018-02-15,31.200742721557617,31.20276507561305,30.27338857000959,30.352183306751773,8742000
2018-02-16,31.528047561645508,31.631085887523454,31.02901318522309,31.249233984396266,6546800
2018-02-20,31.075483322143555,31.54017162336111,30.960323194686517,31.43309166439731,7792000
2018-02-21,30.661298751831055,31.354290988321114,30.628975001115503,31.075477443760835,8582000
2018-02-22,30.772428512573242,31.01083512010316,30.57241272763614,30.81283552387365,5802400
2018-02-23,31.570470809936523,31.64926554166327,30.786565117665877,30.806767076936794,7286800
2018-02-26,31.46872901916504,31.8085492719283,31.36291981121165,31.69052844313799,7758800
2018-02-27,30.86438751220703,31.63559200886786,30.864387512207028,31.48297932590423,8176400
2018-02-28,30.96002197265625,31.23675973452535,30.880663509578998,30.996650627491036,10905200
2018-03-01,31.17978286743164,31.413790808153262,30.92542843506847,31.071936836502655,12315600
2018-03-02,31.102466583251953,31.454492308841473,30.795204388941478,31.173683973620783,8696800
2018-03-05,31.544021606445312,31.58675141429973,30.943745739398192,31.071938267874096,6870800
2018-03-06,31.18589973449707,31.657983242193907,31.10247380668469,31.454499614030876,10504800
2018-03-07,31.143157958984375,31.273387306831786,30.941708126647917,31.080078555249113,8304000
2018-03-08,31.399555206298828,31.474843148052432,31.120783655556277,31.248979322791623,6678800
2018-03-09,31.50128746032715,31.517566516700445,31.1899578813551,31.407686767321348,6500800
2018-03-12,31.415821075439453,31.537912431529467,31.242858838463963,31.4789004709515,8162400
2018-03-13,31.472801208496094,31.822793172926264,31.342571856957843,31.584717785188182,6522400
2018-03-14,32.152442932128906,32.23994249581022,31.751579986575543,31.76379161085994,12254000
2018-03-15,32.17888641357422,32.37016143511993,31.9265657099525,32.15039884259373,9372800
2018-03-16,32.76898956298828,32.89921891093942,32.20330554173998,32.23586365495591,31720000
2018-03-19,32.54313278198242,32.90126592850506,32.313198410313895,32.76899971692303,9596000
2018-03-20,32.6428337097168,32.705913119211225,32.4576629170692,32.57772058230453,6401600
2018-03-21,32.57365417480469,32.956204325974156,32.490225155894194,32.642837851744154,6814800
2018-03-22,32.94196319580078,33.42218466433727,32.51668317417053,32.62045870284796,14222400
2018-03-23,32.4536018371582,33.28584905073691,32.39255613362603,32.96027403517429,12314400
2018-03-26,32.84836196899414,32.978594477147425,32.53499853476349,32.56348611969355,6942000
2018-03-27,33.08439636230469,33.45473798880682,32.76085819733625,32.913470890802095,9727600
2018-03-28,33.019283294677734,33.25939244252644,32.56551264964726,33.198346744033536,13328400
2018-03-29,33.23496627807617,33.395716905212566,33.11084119702945,33.275662364257705,7818800
2018-04-02,33.03962707519531,33.51578100037176,32.766959829907286,33.359097778265024,8113200
2018-04-03,32.96432876586914,33.20850835796726,32.70590383765025,33.03961667133047,9571200
2018-04-04,33.03148651123047,33.10677443450247,32.648936426666936,32.90329087546446,6724400
2018-04-05,33.37131118774414,33.45880764745113,32.70998947213336,33.01928542081015,6187200
2018-04-06,33.116939544677734,33.403852024160685,33.01112725555907,33.277690143126655,5771200
2018-04-09,32.990787506103516,33.25327990791322,32.83410431010959,33.02537933549472,7316000
2018-04-10,32.92363739013672,33.11491241450617,32.746604599011576,32.746604599011576,7605200
2018-04-11,32.76898956298828,32.91143053207982,32.60823892446757,32.821897273192306,5022400
2018-04-12,32.36812973022461,32.909393612510584,32.28266390705637,32.766955748751116,6236400
2018-04-13,32.602142333984375,32.738475972113456,32.45563389496826,32.490225734053546,5483200
2018-04-16,32.9887580871582,33.09660413973226,32.70388230770091,32.76289118169095,6602800
2018-04-17,33.21259307861328,33.29195155755231,32.791380540843086,33.01318002216119,5316400
2018-04-18,33.139339447021484,33.605315528049026,33.125094104565584,33.35706528595679,4332800
2018-04-19,33.07422637939453,33.19224725212212,32.773071489797644,33.10271396212784,6535600
2018-04-20,32.71812057495117,33.25328333669992,32.58585750158744,33.11084546425142,6915200
2018-04-23,32.78731155395508,32.858528946863544,32.61841980319186,32.79544953131973,6576000
2018-04-24,32.99893569946289,33.340789768855664,32.478018169829504,32.964343859360575,11652000
2018-04-25,32.62452697753906,33.12102747380177,32.53702741225665,32.87481094396501,7904400
2018-04-26,33.2105598449707,33.34689348488525,32.67743069965819,32.728301599846304,7402400
2018-04-27,33.36317443847656,33.45474144302778,33.02946143850504,33.10881992310456,5682000
2018-04-30,33.352989196777344,33.564610721163454,33.33060588223446,33.43031083390614,9057600
2018-05-01,33.21259307861328,33.32043913704546,33.121026080593374,33.30823061796458,5028400
2018-05-02,33.2593879699707,33.403862666811904,33.137299694315914,33.26142479275826,10694000
2018-05-03,33.18003463745117,33.391659315854305,32.86667126605183,33.13323427978853,10460400
2018-05-04,33.389617919921875,33.60124256934224,33.18206691614897,33.20851766864188,6462400
2018-05-07,33.239044189453125,33.44049094744507,33.14544037605634,33.42828242937441,7877200
2018-05-08,32.539066314697266,33.09050518437159,32.46377526419821,33.08847146594704,8817600
2018-05-09,32.20941162109375,32.61637874456656,32.121915179905216,32.5858574522712,8864800
2018-05-10,32.60417175292969,32.61231283453114,32.25214604403289,32.50446679015863,7849600
2018-05-11,32.70795440673828,32.82800898344843,32.54720062681299,32.70591758362956,4292800
2018-05-14,32.59807205200195,32.78731341428395,32.429180291655946,32.77103435371782,4741600
2018-05-15,32.3233757019043,32.53906785181331,32.058846363276466,32.40476791152189,6076400
2018-05-16,31.981502532958984,32.355911441952095,31.877727061799174,32.274519280836,6155200
2018-05-17,31.828893661499023,32.11377246887629,31.749535208318616,32.05679422347101,5956400
2018-05-18,31.83500862121582,32.02017944252414,31.58472466241703,31.839079162594395,6256800
2018-05-21,32.602142333984375,32.66725547081748,31.946924899749316,31.957099700636356,8385200
2018-05-22,32.44139099121094,32.828011719585774,32.38848636950036,32.69167807120914,6550000
2018-05-23,32.61434555053711,32.7384706493864,32.433245301879566,32.57364945851876,9017200
2018-05-24,32.801544189453125,32.89921541380604,32.55329403616727,32.58381842840472,6408800
2018-05-25,33.049800872802734,33.16578799738005,32.77713363578243,32.803587493299254,6498000
2018-05-29,33.31636428833008,33.47101378979581,32.89311808707121,32.89311808707121,7674000
2018-05-30,33.62972640991211,33.711118586088425,33.17799269083483,33.24107209310834,8811600
2018-05-31,33.7396125793457,33.904433785663564,33.420144966896544,33.53002473613742,10660000
2018-06-01,33.18409729003906,33.71111893274449,32.96840522653259,33.71111893274449,7797200
2018-06-04,33.020206451416016,33.41357206936718,32.921865828476236,33.29474238381026,7173600
2018-06-05,32.63707733154297,33.071417841628595,32.56536875622524,33.06527174959465,8493200
2018-06-06,31.987621307373047,32.77845096156303,31.915912716170926,32.64118299874613,10116800
2018-06-07,32.038841247558594,32.29903420781376,31.85035375323365,31.999913904760355,7104400
2018-06-08,32.124881744384766,32.23961296247683,32.00195365289113,32.09824659511653,7227600
2018-06-11,31.83806037902832,32.200695547053414,31.76840256461669,32.16996507781069,6426000
2018-06-12,32.249874114990234,32.27855693429839,31.811434947740974,31.838066984546014,7450800
2018-06-13,32.19453811645508,32.51209973363888,32.10848970668372,32.29492949095054,6272000
2018-06-14,32.538726806640625,32.6083845792366,32.008090388784595,32.19862856228572,8846000
2018-06-15,32.686241149902344,32.70877785936641,32.13512184790088,32.489559982025824,16682000
2018-06-18,32.8644905090332,32.93824673602679,32.60634215146008,32.702635090207025,6415600
2018-06-19,33.39512252807617,33.41561158378452,32.911610199554545,32.911610199554545,9922400
2018-06-20,33.33366775512695,33.50371696097497,33.223034951638475,33.50371696097497,5251600
2018-06-21,33.47092819213867,33.71678436898695,33.292685277495714,33.32341573650617,7038000
2018-06-22,33.661476135253906,33.68810816535507,33.35006051387495,33.526255824185036,8840800
2018-06-25,34.091712951660156,34.18391059318409,33.681956771346016,33.79259269069811,7033200
2018-06-26,34.167510986328125,34.48507256780566,34.07736415017288,34.07736415017288,7905200
2018-06-27,34.43590545654297,34.55268432768938,34.20644302468254,34.28429456338309,8846000
2018-06-28,34.17570495605469,34.73297346849026,34.124485446648414,34.464583739391884,7838400
2018-06-29,34.220787048339844,34.45844638251006,33.98312771416963,34.14088471846091,6784400
2018-07-02,34.62644958496094,34.66947536524952,34.21669334911229,34.34576756378605,6444400
2018-07-03,34.53424835205078,34.67561472616194,34.34166245840319,34.62234755127295,5366400
2018-07-05,34.5301513671875,34.58546932594661,34.30273656583504,34.56088495591656,9321200
2018-07-06,34.89278793334961,34.96244573551152,34.54449579634838,34.5977629757325,6277600
2018-07-09,33.87043762207031,34.90916761474296,33.749557207744864,34.85590045205407,9356000
2018-07-10,34.30478286743164,34.47892734272125,33.499610465992525,33.66556432059712,7404400
2018-07-11,34.50351333618164,34.68380389534054,34.29658450380755,34.358048544376004,5583200
2018-07-12,34.519901275634766,34.6551184029593,34.292486531519366,34.519901275634766,7370000
2018-07-13,34.730926513671875,34.7514124421329,34.39902196021872,34.55677892770364,6308800
2018-07-16,34.726829528808594,34.839513081721385,34.56702489965625,34.73092796514841,5545600
2018-07-17,34.8723030090332,34.972691277939845,34.75347333509791,34.76576552098919,5195200
2018-07-18,34.71044158935547,34.89483372459119,34.626440831954454,34.847709518522606,4843600
2018-07-19,34.880496978759766,35.13659460709134,34.76781339705553,34.82722979749583,6447200
2018-07-20,34.82313537597656,34.876402563383365,34.491233811764715,34.808792406563896,4944800
2018-07-23,34.589576721191406,34.94401502774859,34.47894077502015,34.905087680991755,6605600
2018-07-24,34.8723030090332,34.923522534374705,34.0548382591538,34.38264447181611,9324000
2018-07-25,34.3682975769043,34.74527249005505,34.11424763481155,34.62849361124038,10608800
2018-07-26,34.45230484008789,34.70840248585533,34.29044937729537,34.499425931575345,7826800
2018-07-27,34.210533142089844,34.51785019219246,34.05482696213317,34.3908268118644,6894800
2018-07-30,34.056880950927734,34.25151449361914,33.958540351938936,34.157272331394,6059200
2018-07-31,34.32526779174805,34.36419512219874,33.99746478106158,34.22692720116121,6672400
2018-08-01,34.39903259277344,34.474839617464156,33.89708186056115,34.22898651660424,8429600
2018-08-02,34.716590881347656,34.751419780658026,34.177763643556084,34.52605576285126,7048800
2018-08-03,35.06487274169922,35.22467735116516,34.593655784971254,34.68789792584062,5184000
2018-08-06,35.03620147705078,35.25337488112686,34.94605774234129,34.96449602038244,3531200
2018-08-07,34.958343505859375,35.03004894935544,34.7370748314378,35.03004894935544,4073600
2018-08-08,34.84565353393555,35.02184875374188,34.66331222370962,34.8497519696121,3776000
2018-08-09,35.003421783447266,35.03825068246645,34.74527339771814,34.864103061179065,3419600
2018-08-10,35.019798278808594,35.45618945955624,34.99316626215442,35.13043415970907,4484000
2018-08-13,35.095619201660156,35.31893558066953,35.03415514634051,35.064885610904476,6452000
2018-08-14,35.22673416137695,35.349659121748786,35.09356154656859,35.128393567841265,4366800
2018-08-15,35.396785736083984,35.63239427081243,35.24312718051553,35.30049279116578,6485600
2018-08-16,35.810630798339844,35.86594874379708,35.21033964904917,35.35580443119501,6614400
2018-08-17,35.88848876953125,35.98682936128369,35.61600057933771,35.86595205827641,5126000
2018-08-20,35.710243225097656,35.97863295901966,35.624194822891496,35.88438768449436,4678800
2018-08-21,35.368099212646484,35.74917251544314,35.271806277851184,35.74917251544314,4931600
2018-08-22,35.17961502075195,35.480782909657925,35.05873458270294,35.42956339180046,5132800
2018-08-23,35.1632194519043,35.45209511606596,35.11814603243692,35.24312176347085,4972400
2018-08-24,35.382442474365234,35.41112527945044,35.05054099749481,35.27180969080552,5074800
2018-08-27,35.12839889526367,35.607812878421,34.95220361177103,35.50742148829664,5547600
2018-08-28,34.944000244140625,35.13044002278799,34.771903429785056,35.09561112889634,6960800
2018-08-29,35.16672897338867,35.23478201412341,35.03680924592505,35.059493592836624,5860000
2018-08-30,35.22858428955078,35.37087667909905,35.11516259160148,35.13166057918223,6477200
2018-08-31,35.07805252075195,35.42862618386675,34.93369588299577,35.247151425547045,7193600
2018-09-04,35.06361770629883,35.21209649081951,34.89451879133768,35.10692532956332,6797200
2018-09-05,35.39150619506836,35.44100017094434,34.985252189763216,35.057430511248576,7756400
2018-09-06,35.84519577026367,36.04935174924502,35.50699162999062,35.55648560954361,8914800
2018-09-07,35.4904899597168,35.779196918256694,35.36469553920945,35.52554700849166,7582000
2018-09-10,35.47605895996094,35.67403172648292,35.39769428098989,35.626598817279195,6013200
2018-09-11,35.500797271728516,35.75032503571008,35.49048878164915,35.494610919013,8125200
2018-09-12,35.57297897338867,35.68433647955316,35.41212749411217,35.519362862519856,7226000
2018-09-13,36.00603103637695,36.024590090340155,35.45129845901507,35.63070894066407,8164800
2018-09-14,35.810115814208984,35.958594524292444,35.47191500716748,35.90910371871043,6674800
2018-09-17,35.85343551635742,35.89467891715172,35.55647799596684,35.63071737606448,6198800
2018-09-18,35.76682662963867,35.92973917868131,35.63897113174014,35.84931343860481,4172400
2018-09-19,34.88625717163086,35.79156336864122,34.58929969665054,35.74413362231415,9291600
2018-09-20,34.90687942504883,34.960495521653215,34.319150844053816,34.785207166852814,8137200
2018-09-21,35.21415328979492,35.342011928371,34.63261407649827,34.98112664938562,16923200
2018-09-24,34.81201934814453,35.1646571520041,34.735718907622456,35.16053186837145,8995600
2018-09-25,34.4078483581543,34.88627767945681,34.25936953338117,34.88627767945681,7246400
2018-09-26,33.91290283203125,34.51094315139801,33.875784715658355,34.51094315139801,8836800
2018-09-27,34.147987365722656,34.35008533975193,33.87165317266529,33.9562041732284,9672400
2018-09-28,34.562503814697266,34.5686901684331,34.24904825651047,34.24904825651047,9424800
2018-10-01,34.436710357666016,34.52538352818341,34.29647899343224,34.51919717427152,5196000
2018-10-02,34.92131805419922,35.007930136147394,34.54599903242381,34.57074444250338,5572400
2018-10-03,34.69448471069336,35.2842745597697,34.34390788235847,34.845024563172174,9156000
2018-10-04,34.90275573730469,34.91306737276479,34.27172266584622,34.68003762737769,9448000
2018-10-05,35.546165466308594,35.628655412495114,34.93163031390008,34.93163031390008,8373200
2018-10-08,35.74209213256836,35.975118855069816,35.469879915835435,35.58948802803587,6803600
2018-10-09,35.82661437988281,35.97921837513164,35.59358782425768,35.8018689766901,5881200
2018-10-10,35.624534606933594,36.22463606086771,35.58947755539838,35.82662949382426,7882800
2018-10-11,34.86976623535156,35.89261961748016,34.82027541062707,35.775072615419624,8446000
2018-10-12,34.92544174194336,35.018240172170366,34.62023682712163,34.896571049280084,6944400
2018-10-15,34.98318099975586,35.17702841585019,34.74190383717121,34.90688056235804,6965200
2018-10-16,35.323448181152344,35.5399799684288,34.98731147570086,35.13991237314406,4700400
2018-10-17,35.226531982421875,35.38738346800342,34.96669254673617,35.29458187144701,3537600
2018-10-18,35.38119125366211,35.48842346184032,35.164659475348614,35.29664024028842,4088400
2018-10-19,35.77095031738281,35.983356830325995,35.325514016840444,35.39356704720136,7297200
2018-10-22,35.60597610473633,35.812196279354275,35.45131097377286,35.79775935672935,5971600
2018-10-23,35.18734359741211,35.973041829628734,34.83470577245248,34.83470577245248,8898800
2018-10-24,36.212257385253906,36.465907273182445,35.20590210783138,35.33375758608209,8558800
2018-10-25,35.71733474731445,36.13390039432225,35.44306152877325,36.05759993422809,8854400
2018-10-26,35.03474426269531,36.04934711301724,34.79140597453019,35.902932555675875,8519600
2018-10-29,35.63072204589844,35.669904383122756,35.073928195526456,35.113110532750774,6566800
2018-10-30,35.789512634277344,35.993668597273256,35.32964251695247,35.82456968704765,7572800
2018-10-31,35.57297897338867,35.890556647514835,35.26983507475141,35.634845653111185,9051600
2018-11-01,35.15434265136719,35.783314620636986,34.919251850175925,35.783314620636986,9389200
2018-11-02,34.6759147644043,35.4244948683576,34.38720783138434,35.28014140184762,11806400
2018-11-05,35.20384216308594,35.38325268141284,34.6800412352458,34.68416651919288,8274000
2018-11-06,35.3585090637207,35.385315544061584,34.95431617649611,35.172909036728555,5963600
2018-11-07,35.78744125366211,35.855494276592665,35.410061171354705,35.5853464001126,6530000
2018-11-08,35.87405014038086,35.88642284296895,35.39767906405629,35.787434928926196,6676400
2018-11-09,36.41022872924805,36.50921351895365,35.80394099229549,35.94829761284208,8160400
2018-11-12,36.80823516845703,37.11756538893708,36.21432013820103,36.33392820105368,8538800
2018-11-13,36.84328842163086,37.010326220020964,36.56282892474458,36.921649929680534,7297600
2018-11-14,36.4638557434082,36.75874910662478,36.12152947058039,36.64120208715832,12378000
2018-11-15,36.950531005859375,36.9525952215654,36.018418041115396,36.35043266274725,10935600
2018-11-16,37.20004653930664,37.24335414813118,36.77317253614392,37.1567389304821,7948000
2018-11-19,37.53413391113281,37.54650976516288,36.950530422855316,37.15262846530012,7018400
2018-11-20,36.86597442626953,37.8723265456414,36.82060574482212,37.659920058260134,9752800
2018-11-21,36.331871032714844,36.810303376923116,36.27412963209252,36.810303376923116,5978800
2018-11-23,36.56901931762695,36.66594303917282,36.15039266783088,36.33186425880781,4360800
2018-11-26,36.50716018676758,36.70100766991168,36.230825885833404,36.587585935447535,7455200
2018-11-27,36.70718002319336,36.7463623480335,36.33598319137779,36.61850688522394,9084800
2018-11-28,36.71751022338867,36.960848568763076,36.54428599651156,36.82268140113461,7868400
2018-11-29,36.75484848022461,36.837855911898544,36.287942363691634,36.74654932026209,6867200
2018-11-30,37.70733642578125,37.77373919953568,36.775598263716546,36.87105284469033,15807200
2018-12-03,37.869205474853516,37.871279473547126,37.23836156687155,37.43757626581591,9724800
2018-12-04,37.80279541015625,38.21782308529623,37.684514169274486,37.87127535652353,10024800
2018-12-06,37.90447998046875,37.97918509190228,37.07857259117303,37.85467551737639,11354400
2018-12-07,37.94597625732422,38.22404400889799,37.52679746531585,37.76336308725928,10121600
2018-12-10,37.894107818603516,38.05389438463985,37.28609053471508,37.88373149185122,10441600
2018-12-11,37.97089385986328,38.14935594674463,37.59529419438776,37.83393708755833,12055200
2018-12-12,37.62434005737305,38.12237525573344,37.60566456861727,37.97088784761988,11912400
2018-12-13,37.80902099609375,38.01653483599153,37.63055896712526,37.63055896712526,12916400
2018-12-14,37.60981369018555,37.86090369136038,37.331742707144706,37.730172110759284,9227600
2018-12-17,36.449798583984375,37.84221760884229,36.28793806938692,37.84221760884229,13147600
2018-12-18,36.52243423461914,36.90011092669474,36.40207583274043,36.57431269233877,11764000
2018-12-19,36.21531677246094,36.76730118845329,36.032703577341984,36.62619329506862,13437600
2018-12-20,36.29625701904297,36.63657968848128,35.773321104302354,36.21117556008068,13112400
2018-12-21,36.1302375793457,37.05367360486826,35.949701537954255,36.190415204339466,24148400
2018-12-24,34.87892532348633,36.39377693301576,34.63820851800728,36.20078742238538,6630000
2018-12-26,35.347904205322266,35.354129366762095,34.194127844466024,34.87685010219054,8393600
2018-12-27,35.72557830810547,35.72557830810547,34.85194377433127,35.38940378257232,9961600
2018-12-28,35.84178161621094,36.18417809888758,35.6135151834871,35.816880974971646,6924000
2018-12-31,36.070064544677734,36.11364068677495,35.54297751039592,35.901975640213955,6417600
2019-01-02,35.242069244384766,35.962142387996764,35.07190640749233,35.833481678070264,10549600
2019-01-03,35.1549186706543,35.5180678728487,35.00135729667601,35.258675585566984,9260800
2019-01-04,35.802364349365234,35.81481467376125,34.99928676172175,35.10096652189589,10848800
2019-01-07,35.75048828125,35.887448191599496,35.38111385618157,35.61975353351546,9478000
2019-01-08,36.0119514465332,36.06382990804028,35.60315208295463,35.72350732721025,10599600
2019-01-09,35.8563232421875,36.1074164393832,35.70276499187914,36.01610982222113,7047600
2019-01-10,36.39585494995117,36.44358225006948,35.80651636090982,35.96215175236575,11384800
2019-01-11,36.462249755859375,36.55147916647034,36.03476868490364,36.343965374639254,8860000
2019-01-14,35.53260040283203,36.236072321793536,35.14247646579597,36.236072321793536,15355600
2019-01-15,36.25682067871094,36.48301001872492,35.43299042832378,35.56579916769447,9261200
2019-01-16,36.24851989746094,36.2962503655405,35.86462115257343,36.11156315500072,7059200
2019-01-17,36.416603088378906,36.50583251521054,36.198712934065014,36.341897983082994,8200800
2019-01-18,36.54111099243164,36.64901907484237,36.33774831768095,36.60543977561942,7414400
2019-01-22,36.808807373046875,36.92708861987866,36.36472786496451,36.40415283630175,8654400
2019-01-23,37.22383117675781,37.240432662831786,36.56186156420302,36.925010760245705,9089200
2019-01-24,37.41058349609375,37.53509302896332,36.92915317957657,37.198918556779056,9812800
2019-01-25,36.14890670776367,37.24665658562659,36.090803091641924,37.04121676450424,15254400
2019-01-28,35.7899169921875,36.545267343466406,35.64465791817432,36.545267343466406,11976800
2019-01-29,35.87084197998047,35.98912322050273,35.63842749585963,35.9164952774199,7924400
2019-01-30,36.02231979370117,36.23813591896011,35.713126258103216,35.74217806345623,8345600
2019-01-31,37.14082336425781,37.20515214312653,35.97252268731079,35.99119817154823,12519600
2019-02-01,36.900108337402344,37.16987376548707,36.626188579987044,37.014238403249166,8934000
2019-02-04,36.95821762084961,36.97689310724408,36.54941508669491,36.75277777128033,11302000
2019-02-05,36.97275161743164,37.08273373241098,36.68223342058261,36.848245175815286,7956800
2019-02-06,36.95821762084961,37.19478328107634,36.85446069677806,37.08894919202094,6647200
2019-02-07,37.63262939453125,37.65337887496023,36.912556245690254,36.93745688876877,8516800
2019-02-08,37.97710418701172,38.05180929108842,37.56415369944055,37.603581833037936,7322400
2019-02-11,37.97710418701172,38.168016527116684,37.83392230674028,37.85467178951121,7404400
2019-02-12,38.03105926513672,38.26762489693255,37.7011098797715,37.975029646277015,7004800
2019-02-13,37.943904876708984,38.15349270396717,37.85674628214011,37.98748100758368,5726400
2019-02-14,37.894107818603516,38.27385857958291,37.879580327868226,38.04974322065685,6408000
2019-02-15,38.190834045410156,38.41287530620872,38.03727587725536,38.30911841792728,8813200
2019-02-19,38.46684265136719,38.558149255055085,38.05804009984378,38.209527495239676,9774000
2019-02-20,38.52286911010742,38.61832686967615,38.19084569972304,38.406661866395865,10203200
2019-02-21,38.71378707885742,38.77811587192891,38.298759338875826,38.367239295942035,8274800
2019-02-22,39.039581298828125,39.04165529740377,38.547771325136594,38.76981266272227,6735200
2019-02-25,38.98769760131836,39.30104233030584,38.66189938331919,39.10597883244769,7555600
2019-02-26,39.06031799316406,39.2242556528484,38.836202730391285,39.04994167086357,7644400
2019-02-27,39.024810791015625,39.16686518494426,38.87231389300284,38.976764434464826,7288000
2019-02-28,39.21491622924805,39.427996251823814,38.868139625121934,39.06659504010757,12454000
2019-03-01,39.18149185180664,39.39457187745417,38.97885751922008,39.17313720990465,6865600
2019-03-04,39.323543548583984,39.388302378479786,38.97467909997473,39.32145249756943,8609200
2019-03-05,39.34025192260742,39.52617375161127,39.277580962673866,39.35069442628182,7666800
2019-03-06,39.183589935302734,39.47605026803039,39.060335835187416,39.28594945796814,7155600
2019-03-07,39.2587776184082,39.50946145926,39.14388457685815,39.3277153558847,9411200
2019-03-08,39.41963195800781,39.572128849242,39.047788301938056,39.400831626398954,6972800
2019-03-11,39.586761474609375,39.64525353207221,39.36950571654428,39.400839608907205,7135600
2019-03-12,39.87712860107422,39.97531236753955,39.572131609752155,39.69120676006963,7140400
2019-03-13,39.89384078979492,40.008737025017595,39.57840129634506,39.66404831934958,4916000
2019-03-14,39.89592742919922,40.14452022480618,39.735075892399735,39.93353128119921,5816800
2019-03-15,39.95024108886719,40.096471197842725,39.69329048212021,39.84996628193199,14402000
2019-03-18,39.87295150756836,40.10483185357427,39.71836673528294,39.99829344124963,7469200
2019-03-19,39.377864837646484,39.818646369963595,39.22954362590917,39.8019338962764,8080800
2019-03-20,39.6640510559082,39.93562312492276,39.2399820755737,39.49066275944182,8669200
2019-03-21,40.0902099609375,40.16750234616764,39.65987421466526,39.751788019024836,7499200
2019-03-22,40.51219177246094,40.85061374690334,40.16123942868725,40.16123942868725,9486000
2019-03-25,40.445343017578125,40.75660681117926,40.432809461305766,40.620819180546945,7038400
2019-03-26,40.7357177734375,40.80465552448653,40.32209445472138,40.48921598566648,6093200
2019-03-27,40.51011657714844,40.79840122652774,40.29076969990676,40.78795552997736,6116800
2019-03-28,40.09230422973633,40.60829027253045,39.966965465087846,40.50801862329602,9324000
2019-03-29,40.38475799560547,40.41609188232616,39.962776924827786,40.09438243663216,12039200
2019-04-01,39.793582916259766,40.47459954691435,39.735090846759554,40.405661781950805,9640400
2019-04-02,39.58258056640625,39.90011113919812,39.4217290102729,39.83953122115456,9960400
2019-04-03,39.547080993652344,39.749715388738714,39.25044170717865,39.50530139610009,8202800
2019-04-04,39.356971740722656,39.69956946749679,39.15433738897923,39.6870359096699,7106800
2019-04-05,39.707908630371094,39.76222175128013,39.27339410036844,39.56167854517231,6452800
2019-04-08,39.40711212158203,39.653617131826,39.237902703044135,39.57423367618461,5772800
2019-04-09,39.63063049316406,39.67867685535124,39.38412552885561,39.40710477817608,6617200
2019-04-10,39.402931213378906,39.98785503111689,39.35697270849803,39.638990516850846,5291600
2019-04-11,39.69956588745117,39.72881191560264,39.35696819157197,39.40292669117828,5738400
2019-04-12,39.86876678466797,39.91054635727531,39.367402350648696,39.55959093470411,4768400
2019-04-15,39.933536529541016,40.1236373026457,39.833261702747244,39.923090836636085,5872800
2019-04-16,39.59093475341797,40.17376738144471,39.57004336976467,39.91264102366654,6523200
2019-04-17,39.618080139160156,39.806092983806295,39.49065037990039,39.63897151775756,8045600
2019-04-18,39.557518005371094,39.83326583874075,39.532450889858836,39.57005156312722,6670800
2019-04-22,39.77058792114258,39.86459276795056,39.49274910718835,39.51781621631649,7303600
2019-04-23,39.64734649658203,39.99830207408973,39.290127327373966,39.87087224945576,8818000
2019-04-24,39.70374298095703,39.92100191232604,39.513642212903605,39.641072012770664,6187200
2019-04-25,39.791481018066406,40.050519532085026,39.53662141860975,39.57213422344186,5898400
2019-04-26,40.048431396484375,40.39938371543683,39.960690129168434,39.983669377736355,5653600
2019-04-29,40.06096649169922,40.29702257688163,39.818640440686636,40.115279632411166,7094400
2019-04-30,40.618717193603516,40.66258462530375,39.95441025395178,40.058860770007094,10643600
2019-05-01,40.37432098388672,40.7440736769906,40.303292179420836,40.42445521341773,8541200
2019-05-02,40.050514221191406,40.49965025592102,39.80818820997642,40.284482404390744,10035600
2019-05-03,40.19466781616211,40.24062632048624,39.8604247279099,40.01919162923995,6694800
2019-05-06,39.87921905517578,40.38685039004682,39.86668549908131,40.15079112500811,6730000
2019-05-07,39.63898849487305,39.849977483733944,39.45306662100365,39.6515220523688,7748400
2019-05-08,39.24834442138672,39.69330165049577,39.12718138626508,39.607654611725856,7887200
2019-05-09,39.40082931518555,39.52617122704699,39.16477009579664,39.36740438034553,6872400
2019-05-10,40.05887985229492,40.15079686022111,39.29012521796377,39.39039686862038,6420000
2019-05-13,40.72108840942383,40.82136322882668,39.91682111627135,39.98784672266509,10632800
2019-05-14,40.71481704711914,41.09293065933311,40.4244446888973,40.71899596101813,8954400
2019-05-15,40.706478118896484,40.971783471282336,40.62500679809498,40.779594796252596,7071600
2019-05-16,41.17649841308594,41.34570780420137,40.48921515548345,40.629178518351495,8465600
2019-05-17,41.567138671875,41.667413491762154,40.86523087055355,40.9091015027014,6821600
2019-05-20,41.644432067871094,41.90764628427083,41.55878185903475,41.629807462060114,5464000
2019-05-21,41.55043411254883,41.987039903434365,41.52745486039696,41.67577606748236,6069200
2019-05-22,42.18339538574219,42.27113664821967,41.49193329093497,41.673679405978135,6706800
2019-05-23,42.517635345458984,42.57194847718292,42.25233008889962,42.25233008889962,8216000
2019-05-24,42.48421859741211,42.76832424037825,42.42990545521933,42.557335262452185,5559200
2019-05-28,42.02463150024414,42.63462229483697,41.9744940915845,42.56777560420177,7048400
2019-05-29,41.51283264160156,42.25652015139721,41.460607359311666,42.13744816531694,7214400
2019-05-30,41.55879211425781,41.79067250053601,41.45852046244458,41.59430492453378,6462800
2019-05-31,41.66810989379883,41.916170348987194,41.331753363382674,41.68492483335939,9161600
2019-06-03,41.95610046386719,41.972918606117055,41.47889570169166,41.819454260986745,6806000
2019-06-04,41.9140510559082,42.10955591868131,41.28128096911168,42.07381857412275,7811600
2019-06-05,43.02193069458008,43.06397766045158,42.050706088331246,42.14951068420964,7546400
2019-06-06,43.255271911621094,43.391918118400916,42.8621578494769,43.095504367287134,5614400
2019-06-07,42.96726608276367,43.82497206063241,42.96726608276367,43.49492204520582,6242800
2019-06-10,42.763362884521484,43.030345747843675,42.3555316528556,42.906315526012676,7104800
2019-06-11,42.45853805541992,42.84534576974376,42.20416802126864,42.71711022004873,4606800
2019-06-12,43.00090408325195,43.160671623729485,42.6309113675927,42.74443302634548,5236000
2019-06-13,43.04716110229492,43.2006222686362,42.72762275474603,43.011423746173435,6806400
2019-06-14,43.507537841796875,43.58531893978732,43.0849896532417,43.234248654833316,5525200
2019-06-17,43.38351058959961,43.726173456139094,43.14806298977187,43.56850696531167,6233600
2019-06-18,43.183799743652344,43.71566110871275,42.85795502558303,43.69043549700488,6576400
2019-06-19,43.35618209838867,43.53066672586506,42.939940270452446,42.946246673203035,6602800
2019-06-20,43.3856201171875,43.61266027640551,43.03665080536724,43.44448202427365,8883600
2019-06-21,43.63157653808594,43.82498039225609,43.18380265369937,43.543283683425635,12560800
2019-06-24,43.768218994140625,43.862818250942034,43.488623354095154,43.8018552834092,6009200
2019-06-25,43.35197830200195,43.917475958785346,43.29521746749567,43.806058562586344,6954000
2019-06-26,42.689788818359375,43.35619226301381,42.67927707539969,43.179603321398346,7394400
2019-06-27,43.00090408325195,43.19220684348644,42.805395985503345,43.05345957511422,7529200
2019-06-28,43.06608581542969,43.7745330402758,42.72762821393737,42.87898833433975,11647600
2019-07-01,42.889495849609375,43.0660815700936,42.26723728176972,42.9630716292778,8478800
2019-07-02,43.654701232910156,43.705152459895125,43.042954443852196,43.047159782011995,6696000
2019-07-03,43.879638671875,44.03310304672407,43.65470279215547,43.70305295565407,5654400
2019-07-05,43.74930191040039,43.82498196106594,43.1648849888238,43.608453550943196,4196400
2019-07-08,43.96372985839844,44.005773618737614,43.604248810871894,43.854413515329945,4322400
2019-07-09,43.75981521606445,43.936400938016746,43.55169426736352,43.77663336211706,7276000
2019-07-10,44.03731155395508,44.31901152231696,43.63158456095487,43.816577772849776,5922000
2019-07-11,44.2307014465332,44.2979740170124,43.84389378947598,44.060422163140224,5830400
2019-07-12,43.879638671875,44.201278086325,43.682029471837325,44.12559803541128,6283200
2019-07-15,43.90486145019531,44.066730063915536,43.66100318551617,43.86701982608098,8714000
2019-07-16,43.700950622558594,44.02679215813235,43.473910476404086,43.86492352682576,4281600
2019-07-17,44.12770080566406,44.42831672605984,43.87333077417035,43.87333077417035,6556800
2019-07-18,44.64274597167969,44.667971586291884,43.936399892938425,44.20127846956641,4413200
2019-07-19,44.08985137939453,44.67216711477341,44.02047774671192,44.52501238229479,5843600
2019-07-22,44.01207733154297,44.29167297191754,43.66941445064886,44.14872034622439,6547600
2019-07-23,43.57901382446289,44.04150150420154,43.50122951644312,44.022582297277516,6337200
2019-07-24,44.159236907958984,44.167647585070675,43.41925450106939,43.797654777759156,6080000
2019-07-25,43.64839553833008,44.02889685077527,43.524362118600536,43.755607605147276,7010000
2019-07-26,43.97212600708008,44.09405512608726,43.684122954780975,43.755597649730284,4324800
2019-07-29,44.43672180175781,44.47035487965368,43.99525437414728,44.12559097129223,5274000
2019-07-30,44.01837158203125,44.6448320607076,43.782924037343705,44.438815459105996,6447200
2019-07-31,43.55168914794922,44.18235511598818,43.349877834507225,44.11928787763768,8446000
2019-08-01,44.201271057128906,44.48507200485666,43.4066322527705,43.43816747348067,7507600
2019-08-02,44.44303894042969,44.82564135674885,44.150830454874516,44.382072757033654,6912800
2019-08-05,43.73667907714844,44.70159709613864,43.536968858258405,44.47455699618815,8838400
2019-08-06,44.4409294128418,44.5985959124726,43.44027384996891,43.75560684923051,7171600
2019-08-07,44.74995040893555,44.98750226512776,43.86071236045824,44.43882278676245,6892800
2019-08-08,45.243980407714844,45.38692983214537,44.400991318070346,44.82353639553107,5971200
2019-08-09,45.50885009765625,45.656004831650534,45.19982355240193,45.37851350579454,5828800
2019-08-12,45.292335510253906,45.641304848278864,45.1199551144811,45.641304848278864,3922400
2019-08-13,45.328067779541016,45.62868691529536,45.1514820648545,45.27971761646255,7496800
2019-08-14,45.18931198120117,45.82417996341274,45.1409586229222,45.42896487694086,9558000
2019-08-15,45.64970779418945,45.80106789670102,45.048472722472205,45.119950643132256,7865600
2019-08-16,45.72959899902344,46.202598577588205,45.49204707309168,45.889366590776746,10488400
2019-08-19,46.03021240234375,46.166855424804474,45.53829046447193,45.68334416360507,5632400
2019-08-20,46.06594467163086,46.20679301687338,45.70015726237445,46.20679301687338,8316000
2019-08-21,46.51371383666992,46.53053197988818,46.07014533345341,46.21940434968245,7483600
2019-08-22,46.58938980102539,46.620925019700316,46.15002667398799,46.4947905604657,9159600
2019-08-23,46.648250579833984,47.13176171838243,46.381271006274204,46.780691438095864,10485600
2019-08-26,47.00984573364258,47.02456281433129,46.583095301937135,46.77439810449016,7455200
2019-08-27,47.091835021972656,47.419784077951554,47.06871047073825,47.13808412444147,9541200
2019-08-28,46.75993347167969,47.34974268098408,46.54430287628812,47.17216606159494,11356800
2019-08-29,46.74513244628906,47.041096695721095,46.34135774089995,47.041096695721095,8512000
2019-08-30,46.313873291015625,46.92271106765096,46.265251815327794,46.89099888510687,11786800
2019-09-03,47.68376159667969,47.69010338891088,46.256800281458105,46.256800281458105,9718400
2019-09-04,47.379337310791016,47.76831880282287,47.10663059847655,47.69009799792449,8909600
2019-09-05,46.468196868896484,46.79164114019987,46.21240267496195,46.335012795159834,17661200
2019-09-06,46.537960052490234,46.726107395803744,46.246224737297034,46.53161826091936,9130400
2019-09-09,46.485107421875,46.696509066110316,46.27370577763968,46.339239771235334,8297600
2019-09-10,46.11091995239258,46.43648025099217,45.74096712035931,46.35614660380191,11094800
2019-09-11,46.52103805541992,46.63308065132348,45.96927972102975,46.08978018779354,8818000
2019-09-12,46.6648063659668,46.98402173029437,46.44917575673261,46.90368806248029,8671200
2019-09-13,46.18914794921875,46.53373044730498,46.04116421273687,46.52104686434556,8213200
2019-09-16,46.151092529296875,46.31387269888925,45.929120157258744,46.206059021377285,5033600
2019-09-17,46.97766876220703,47.00092306968768,46.178570888028766,46.178570888028766,7596800
2019-09-18,47.332828521728516,47.394136807127445,46.797982601026945,47.11297222329989,7681600
2019-09-19,47.544219970703125,47.6499207738623,47.26094259241234,47.5103981652489,5906800
2019-09-20,47.71757507324219,47.7767672702086,47.27785930596826,47.60764532499051,19007200
2019-09-23,47.62456512451172,47.87402075764336,47.53154787913156,47.658390163874195,6634000
2019-09-24,48.30738067626953,48.341205708000835,47.64146689593883,47.75139663619929,8674400
2019-09-25,48.489200592041016,48.51457098624136,48.09599335213775,48.38984154790129,8423600
2019-09-26,48.98598098754883,49.21217903129924,48.53358167431544,48.620257107990184,8703600
2019-09-27,48.888736724853516,49.165675552391704,48.65408080124845,49.09802548668485,7501200
2019-09-30,49.25446701049805,49.351709954036764,48.99232782763221,49.049407171024946,8937600
2019-10-01,49.0515251159668,49.292522870514546,48.75978980361255,49.0790083629953,6727600
2019-10-02,48.43423080444336,49.14665331276198,48.311617463788366,48.97964743326049,8138400
2019-10-03,48.6583251953125,48.68369236514527,48.31796835521018,48.3813895055258,8017600
2019-10-04,49.381309509277344,49.43838885666487,48.622378377474455,48.645632687466914,6552800
2019-10-07,49.161460876464844,49.42994191079807,48.8697255285164,49.35172109641946,6154000
2019-10-08,48.61603927612305,49.08323513127662,48.61392642081887,49.07478048432661,6968000
2019-10-09,49.33270263671875,49.52507896489732,48.833794477529345,49.093817674788575,6004000
2019-10-10,49.04518508911133,49.22699064562616,48.67311932900965,49.049414025514,7465600
2019-10-11,48.52513122558594,49.12551433720901,48.315845665595475,49.000784917539605,8301600
2019-10-14,48.38983917236328,48.70271595485082,48.10444886392131,48.62449514636225,4711600
2019-10-15,48.10232162475586,48.5843202702909,47.9522282858673,48.48284517347688,5672400
2019-10-16,48.603355407714844,48.69425657126067,47.89938750755789,48.12981453796003,7662000
2019-10-17,48.85280227661133,48.95850309242073,48.46805298444623,48.46805298444623,5366400
2019-10-18,49.14664840698242,49.21006953902271,48.68790727220565,48.87394173266176,8784400
2019-10-21,49.21430969238281,49.265044028992996,48.75979416393774,49.13186316965776,6488400
2019-10-22,49.9415283203125,50.71314307357882,49.25869864964821,49.42359168308997,12636800
2019-10-23,49.890777587890625,50.440423038050184,49.82947254322777,50.218450712957576,8912400
2019-10-24,50.21847152709961,50.24383869737305,49.64134582324242,49.89079826622132,6411200
2019-10-25,50.07682800292969,50.239604964289796,49.79989233476972,50.23326317232685,6072400
2019-10-28,49.305198669433594,50.04087862568229,49.18047248846707,49.99648286639397,7164400
2019-10-29,49.172019958496094,49.292517209063746,48.87605574388405,49.10225703417468,6861200
2019-10-30,49.7766227722168,50.023962260194246,49.258686265211935,49.32633632640191,4959200
2019-10-31,50.385467529296875,50.41929256683003,49.662474287124645,49.789316565007404,8228400
2019-11-01,49.82948303222656,50.501738713220206,49.69841181917012,50.459459029477166,8018000
2019-11-04,48.53781509399414,49.728004066501185,48.23973802424675,49.728004066501185,13459600
2019-11-05,48.01142120361328,48.4743912593956,47.50405861482132,48.07484233364544,9502400
2019-11-06,48.09175491333008,48.30526938479561,47.90360760361773,48.09386776823195,6976400
2019-11-07,47.16159439086914,47.91207091048758,46.6478899181038,47.90784197418665,12473200
2019-11-08,46.94807434082031,47.49983272371869,46.728214839381614,47.163704906457106,6431600
2019-11-11,46.97766876220703,47.2440336450222,46.86985509610553,47.00726486029761,6142800
2019-11-12,47.1890754699707,47.353968495064514,46.950190578810115,46.97133203361008,5798400
2019-11-13,48.18055725097656,48.23763338156027,47.54423613514831,47.54423613514831,7189200
2019-11-14,48.59489059448242,48.64774100082809,48.11712408238137,48.19957058725131,6329600
2019-11-15,48.92257308959961,48.947940257249115,48.27357165327677,48.71117142389791,7382400
2019-11-18,49.07899856567383,49.560993978551714,48.99232313137347,49.04094459848211,7002400
2019-11-19,49.18470764160156,49.539860857873045,48.86126338187821,49.06420715525245,6522400
2019-11-20,49.725887298583984,50.051444360863584,49.1973832700094,49.32845123686147,8506000
2019-11-21,49.7089729309082,49.94785777515982,49.49122953730509,49.8336991028299,4990000
2019-11-22,49.336917877197266,49.92672705860072,48.98599036567175,49.768175821846405,5016000
2019-11-25,49.1635627746582,49.58636603653278,48.994440824761796,49.440498395068786,7456400
2019-11-26,49.662471771240234,49.730121842879406,49.25658101860407,49.29251890951252,15634000
2019-11-27,49.534950256347656,49.68797066947644,49.42655660818793,49.590207537672256,8584000
2019-11-29,49.69436264038086,50.10029734819185,49.568965970596416,49.86226192878569,3557600
2019-12-02,49.14813995361328,49.670971323386134,49.109885660770374,49.670971323386134,7118000
2019-12-03,49.356422424316406,49.481819066165954,49.177895899532544,49.307540856504104,9249200
2019-12-04,49.78786087036133,49.83249412101035,49.20127235447498,49.233150931375356,6699200
2019-12-05,49.851627349853516,49.90050892139459,49.52645285383918,49.54558000231323,6413200
2019-12-06,49.815494537353516,50.036526919277414,49.62846489211804,49.81974609556034,6196000
2019-12-09,49.78998947143555,49.938761572205564,49.69859881046988,49.93238585667175,4560000
2019-12-10,49.828243255615234,49.934509504078044,49.692222587302375,49.80911610920918,4345600
2019-12-11,50.11091995239258,50.12792294404913,49.719860873259066,49.94514483747753,6212800
2019-12-12,49.71135330200195,50.19805457097076,49.47119376846949,50.05565817696797,6970400
2019-12-13,50.35958480834961,50.45097548709263,49.471200345950706,49.53708491460843,8345200
2019-12-16,50.8951530456543,50.90152876059025,50.24267677797604,50.421206525147724,14284800
2019-12-17,50.96955871582031,51.199091020574905,50.75702616157469,50.89304686657231,10374000
2019-12-18,51.069435119628906,51.220334627812605,50.74001232533478,51.162949942391904,8585600
2019-12-19,51.14595031738281,51.22458955605553,50.88666038011371,51.039684055977084,6882800
2019-12-20,51.583770751953125,52.07259296678936,51.052439437575494,51.874939274475594,16198000
2019-12-23,50.74851608276367,51.63690372401536,50.655001252843604,51.598646183143984,9474800
2019-12-24,51.11620330810547,51.11620330810547,50.54874177904956,50.776153168077606,2739600
2019-12-26,51.42436599731445,51.42436599731445,51.02480385279519,51.06093398924809,5813200
2019-12-27,51.54125213623047,51.59651265823581,51.33297120748674,51.49237057236976,4319200
2019-12-30,51.281978607177734,51.47963556905839,51.069446052848534,51.366993574703066,4450000
2019-12-31,51.46686935424805,51.55825676972974,50.99079540179497,51.34147596152217,6910000
2020-01-02,50.71451187133789,51.78992596699328,50.5721154637105,51.4264971524639,7884800
2020-01-03,51.075809478759766,51.2968418411217,50.612486964883175,50.71662905230675,7097200
2020-01-06,51.33085632324219,51.56039183929893,51.09706924865041,51.15657809618487,5518800
2020-01-07,51.28621292114258,51.47749410151358,51.04392602039664,51.15444381952288,6653200
2020-01-08,51.26283645629883,51.63476831754911,51.22033060646791,51.36272698704512,5936000
2020-01-09,51.664527893066406,51.819678962767235,51.120445177756686,51.145948041602836,6958000
2020-01-10,51.76229476928711,52.00670586477806,51.68578293403092,51.81967945647646,5125600
2020-01-13,52.368011474609375,52.45940214429102,51.6560294805263,51.6560294805263,5879600
2020-01-14,52.65068054199219,52.66555937510328,52.24049433292002,52.33188176035475,8252800
2020-01-15,53.46894073486328,53.59858572351791,52.82496735073981,52.8313430679696,6397200
2020-01-16,53.615577697753906,53.62407757131686,53.20538826333555,53.32015763586246,7914400
2020-01-17,53.85573959350586,53.93012727314715,53.432801951684525,53.636831356033284,9354000
2020-01-21,54.59748840332031,54.68462103879799,53.73035199066938,53.989641954082444,11486400
2020-01-22,55.237205505371094,55.42423517716479,54.76113469424411,55.03530348521344,7065600
2020-01-23,55.275455474853516,55.84292016249485,55.12243179955523,55.12243179955523,10212400
2020-01-24,56.0490837097168,56.12559231357924,54.444465569808244,54.62724044746539,10310400
2020-01-27,56.690914154052734,56.90770144429273,55.74514846769191,55.81528133537277,8678800
2020-01-28,56.49327087402344,57.17125015872447,56.04695126703853,56.690924568866826,8262800
2020-01-29,56.48264694213867,56.70580350303778,56.1340904815586,56.693052070185146,6008400
2020-01-30,57.368900299072266,57.436912260603826,56.325364870617804,56.50601880582078,6328800
2020-01-31,57.001224517822266,57.5240527014936,56.68880145365742,57.26901108283658,7536800
2020-02-03,56.7057991027832,57.27326376460341,56.57827829817419,57.105361263768586,11041200
2020-02-04,56.223358154296875,56.81207093636627,56.09158902145651,56.59103528574277,10482800
2020-02-05,56.68456268310547,56.88647122880856,55.72816607163117,56.17023747086122,8666800
2020-02-06,57.02885437011719,57.453919455824696,56.610165001256156,56.69305580623879,7874400
2020-02-07,57.28601837158203,57.73445888423874,57.211630690938996,57.27964265529708,6410000
2020-02-10,57.75358200073242,57.76846083301777,57.241377875010436,57.44966206907294,7666800
2020-02-11,57.840728759765625,58.231787850288235,57.798226143870004,57.97037698029631,7850800
2020-02-12,57.43904113769531,57.86622709396979,57.40928347151875,57.6877005548438,5836400
2020-02-13,58.54633331298828,58.63134502345752,57.43904070422817,57.43904070422817,7500400
2020-02-14,59.19455337524414,59.31357106402682,58.561210635502945,58.59308921535945,7354800
2020-02-18,59.94268035888672,60.221097471873016,59.16268307074856,59.50911215426027,9789600
2020-02-19,58.376312255859375,58.8970130573041,58.35080290430569,58.45069345179575,21134800
2020-02-20,58.87788391113281,58.90126586110281,58.08726267521272,58.646224242040404,10731600
2020-02-21,58.99689483642578,59.24556071078686,58.67384777718317,58.98414340553312,11030800
2020-02-24,58.22115707397461,59.213680276580405,58.21902967333384,58.40393192170919,9091600
2020-02-25,57.45389938354492,58.63770679029639,57.34125743462453,58.22114496790839,10285600
2020-02-26,57.27113723754883,58.08513391845782,56.95871418018112,57.15636786305233,9551600
2020-02-27,54.660430908203125,57.882156702481424,54.60915553840159,57.26473331322135,14604000
2020-02-28,54.00027847290039,54.245969309982094,51.932220586098666,53.0153863929455,27468400
2020-03-02,57.33095169067383,57.448452428039154,53.90839879281938,54.19040512639118,19305600
2020-03-03,56.64729690551758,58.60212410849379,56.16446937992314,57.48904871862129,15636000
2020-03-04,60.29417037963867,60.368946538479314,57.51254812559636,57.51254812559636,14713200
2020-03-05,58.99951934814453,59.789992763483,58.20476890968302,59.18965780140305,12412000
2020-03-06,58.072296142578125,58.30516564600952,55.91023544957779,57.37581962342602,14556400
2020-03-09,55.82050323486328,56.8972630886598,54.36346331244797,54.36346331244797,15564400
2020-03-10,54.63478469848633,57.110903256405514,51.767703312399824,56.74984698194125,23743600
2020-03-11,51.54338455200195,53.243980160188244,50.96655049678716,53.23970639772612,19631200
2020-03-12,44.62778091430664,49.492421467029864,44.02103700729748,46.17455376083533,31668400
2020-03-13,47.33464050292969,47.426508490023835,41.950849162597535,47.012041442042914,31586400
2020-03-16,43.021183013916016,47.14234807362682,42.0320205974809,42.301208935314314,20240400
2020-03-17,47.37736129760742,48.59726145000534,43.58307153734162,43.89499103271158,21538000
2020-03-18,45.00164794921875,48.70834595932887,42.67721692547763,44.664092468938314,22198000
2020-03-19,44.24535369873047,47.34957830657899,42.84385645672541,44.86705076473517,17441200
2020-03-20,40.965938568115234,44.84354761622499,39.92122714910893,43.95693277908584,22482400
2020-03-23,38.810279846191406,40.286549638431914,37.34469282612288,39.88062711536709,23661600
2020-03-24,44.12357711791992,44.54017926401986,39.84218364273671,40.132737519490426,17900800
2020-03-25,44.922603607177734,47.05475457003517,41.675238677031,43.94198218081961,17794400
2020-03-26,49.372772216796875,50.02865285267163,44.99310192812119,45.05719205611293,14655200
2020-03-27,49.55437088012695,51.34256059299082,47.72559183579616,48.17210382126107,16184400
2020-03-30,52.55818557739258,53.032472146008026,50.06925197770542,50.69949664467218,16373600
2020-03-31,51.40665054321289,52.96196747778463,51.0947343598104,51.724978999903485,18899200
2020-04-01,46.62319564819336,49.56291814273415,45.51439069938884,49.34286665785709,13691200
2020-04-02,48.379337310791016,49.03949176932293,45.74939899236242,45.933131649356866,9234400
2020-04-03,47.35171890258789,48.83226297682598,46.4757834349503,47.84737101850052,8755600
2020-04-06,50.101295471191406,50.64181067034046,48.71475789942881,49.306545206054174,13267600
2020-04-07,48.81517791748047,51.485709272458095,48.74467549851794,51.348978197480285,10507200
2020-04-08,49.885520935058594,50.46021974921761,47.864461564735606,49.05872554988929,18290800
2020-04-09,52.402225494384766,53.59648613556532,50.287166316553446,50.38544002853345,19587600
2020-04-13,50.46449279785156,52.10099175481252,50.07352665925277,51.82112062115247,10757200
2020-04-14,51.78266525268555,52.33813374373379,50.92595682307001,51.66943499928271,11673200
2020-04-15,50.680274963378906,51.571163812175065,50.31921861071679,51.282745128352715,9990800
2020-04-16,50.735816955566406,51.442973066723056,50.35125982655996,51.26992317365157,10331200
2020-04-17,52.611595153808594,52.79746632534077,51.01141508921439,51.810435865951526,10952800
2020-04-20,50.763587951660156,52.83378402894049,50.65676671555632,52.43854415138615,8714400
2020-04-21,50.29570770263672,50.88322446951305,49.36422644366487,50.22093479735305,10622000
2020-04-22,52.80601501464844,53.13288777068868,50.83195719038957,50.83195719038957,11759600
2020-04-23,51.51774978637695,52.929926772334554,51.30197204556046,52.63937285622461,9360400
2020-04-24,51.21009063720703,51.69078611238718,50.40893151190678,51.64378451624224,8029200
2020-04-27,52.04331970214844,52.624427623217755,51.57971256032618,51.7249911705566,8457600
2020-04-28,51.12464904785156,52.74833003301015,50.86827870913449,52.611598968365996,8464800
2020-04-29,50.23375701904297,51.77411746365863,49.84065238101136,51.69934455212976,9901600
2020-04-30,49.377052307128906,49.97097818130304,48.90276570833866,49.962433915886656,17934800
2020-05-01,48.50752258300781,49.14204096815831,48.069554875490496,49.118540166488835,9168000
2020-05-04,49.157005310058594,49.38773961658649,48.05674766589537,48.49685072356066,9077200
2020-05-05,49.15913772583008,50.10984614415036,49.00745012518934,49.428326086770284,8042000
2020-05-06,47.56962966918945,49.38559053121165,47.56108214545715,49.334315168593264,7377600
2020-05-07,47.958465576171875,48.83653634657955,47.5952739926295,48.112288430836415,8692000
2020-05-08,49.08008575439453,49.27236594131862,48.22765435011864,48.580163136257845,11308800
2020-05-11,48.57802963256836,48.77030656648382,47.87941778880443,48.45197808796647,7854400
2020-05-12,48.695526123046875,49.015989824761064,48.12723963621696,48.75321050213453,9565200
2020-05-13,49.16340255737305,49.25099674961182,48.283196652720775,48.462655539313424,14076800
2020-05-14,49.614192962646484,49.84920099814567,48.5587985740102,48.66134931309652,11595600
2020-05-15,48.678436279296875,49.32577267847757,47.68927063688549,49.14417528177528,20232400
2020-05-18,50.302120208740234,50.611901146256315,49.669740306765064,49.979521244281145,9123200
2020-05-19,49.24457931518555,50.1482858666289,49.23603505249122,49.975236022727486,6532800
2020-05-20,49.733829498291016,50.46876012172343,49.30868306642519,49.629146773624754,5847200
2020-05-21,48.90275955200195,49.88124244524783,48.72543917254728,49.71460158123776,8308400
2020-05-22,49.96030044555664,49.99448076836643,48.52889307281531,48.88781417168797,5990000
2020-05-26,50.058570861816406,50.93236785570553,49.94961436646584,50.49226485183671,7658800
2020-05-27,51.51560974121094,51.539110543265494,50.193162332711935,50.79349715073934,12343600
2020-05-28,53.701168060302734,53.850717128046114,52.051848033361075,52.214215126921715,12416000
2020-05-29,54.59846878051758,54.801431733727085,53.30379594175676,53.434117978063476,15309600
2020-06-01,54.91855239868164,55.49426654578454,53.97334879560313,54.58343481718803,6655600
2020-06-02,55.122623443603516,55.92389508795397,54.50608993825991,54.901359867968026,10640000
2020-06-03,55.76279830932617,56.33851909107454,55.14412415117845,55.46420285223497,7303200
2020-06-04,54.11082458496094,55.97115693056941,53.2923637089367,55.35033266308291,12012400
2020-06-05,54.64573287963867,55.54367595226663,53.70697033893947,54.17312781206366,12370800
2020-06-08,55.956138610839844,56.01198717589698,53.82727837142581,54.36217637825075,8149200
2020-06-09,55.56730270385742,55.670411756373944,54.57698247355485,55.66181715007631,7990400
2020-06-10,55.16344451904297,56.04634860943064,54.90136473629453,55.59737710277615,6674400
2020-06-11,53.34607696533203,54.77032996799445,52.81762004701544,54.74884672692083,9718400
2020-06-12,53.0410270690918,54.16023363707154,52.46746000800481,54.0850488588376,8356800
2020-06-15,53.39762878417969,53.904599126641266,51.84233605244178,52.57057326390444,8404400
2020-06-16,53.311702728271484,54.49535583440913,52.98947379374101,54.460987239249704,8056800
2020-06-17,53.49000930786133,53.919647936840136,52.78325520545954,53.70268160924358,6767600
2020-06-18,53.47495651245117,53.68762875867177,52.92072570935826,53.31813937135532,6386800
2020-06-19,52.03137969970703,54.057123954190544,52.03137969970703,54.02704938584651,14452800
2020-06-22,53.06895446777344,53.31814562386139,51.67477941270281,52.24404920404999,7190800
2020-06-23,52.2462043762207,53.75853083434725,52.05286503586122,53.52652559264533,9306000
2020-06-24,51.91537094116211,52.51901254625771,51.23869157327441,51.84448019096443,6901200
2020-06-25,51.376190185546875,51.84020071091379,50.60498960101491,51.84020071091379,7824800
2020-06-26,50.74460983276367,51.99915362270357,50.44171386575511,51.234397521683796,10107200
2020-06-29,51.178550720214844,51.23225554469874,50.21615790538806,51.02173027264656,5793200
2020-06-30,51.59314727783203,51.94545077406709,51.019580180308736,51.32247615880776,9532400
2020-07-01,52.90139389038086,53.16777097347743,51.193581296506174,51.48573564387976,6024400
2020-07-02,52.93146896362305,53.64467054233214,52.7918377436127,53.30955299200168,5981200
2020-07-06,53.05177688598633,53.52222840945907,52.54050589231156,53.31600371273615,6256800
2020-07-07,53.00020980834961,53.34821597191409,52.33856607274517,52.512569154527405,6017200
2020-07-08,54.40729522705078,54.59418700415989,52.871334977417,53.02385815127459,9633600
2020-07-09,54.13231658935547,54.42876499440814,53.39548468582508,53.969051823503754,6818800
2020-07-10,55.76708221435547,56.130127294773466,54.08504698483061,54.17312039183115,10079200
2020-07-13,55.045291900634766,56.370729783495385,54.86269747375376,55.636044938785794,9600800
2020-07-14,56.400794982910156,56.860511353349004,54.963656864196466,55.04528595532817,12154400
2020-07-15,55.638206481933594,57.23216879541238,55.597390284763584,56.83689545905379,8444800
2020-07-16,57.653202056884766,57.95824177723319,55.584491246778015,55.82079377675779,10142000
2020-07-17,59.156925201416016,59.60374634998789,57.77133843798364,58.01408523566135,12461600
2020-07-20,58.931365966796875,59.69397828950246,58.69936404559003,59.182707390887664,6368800
2020-07-21,59.36101531982422,60.05703432188406,58.808934691576184,58.84330656686746,5958400
2020-07-22,60.2396354675293,60.664973517450846,58.97005252348248,59.39109654716022,6368000
2020-07-23,60.35777282714844,61.07956245476372,59.9582055609039,60.14939786517067,8150000
2020-07-24,60.2031135559082,61.35884252965058,59.72192038393959,60.76808940822775,7716000
2020-07-27,59.64027786254883,60.49525440279692,59.311604625788476,60.36421778852812,8909200
2020-07-28,60.157989501953125,60.85615212127752,59.42545501313957,59.547903568989,6547600
2020-07-29,60.4587287902832,61.19340693638501,60.115016687397656,60.20094307417827,5381600
2020-07-30,60.652061462402344,60.67354469685626,59.96464385021607,60.17946308322979,4235200
2020-07-31,60.29978561401367,60.75520152249207,59.26650521154183,60.347046126540604,8030400
2020-08-03,59.63168716430664,60.548963191603995,59.382495996033576,60.39429959312203,8624400
2020-08-04,61.23424530029297,61.272917760752485,59.59087879314091,59.87229158135676,9142400
2020-08-05,60.9614143371582,61.43831339567689,60.570441678529605,61.27075462137379,6381600
2020-08-06,60.7530517578125,61.17409579212236,60.38785628914353,60.8003122707489,4588000
2020-08-07,61.82069396972656,62.17085045543422,60.68644839991622,60.759486170590776,4368800
2020-08-10,60.931339263916016,62.10854463641926,60.778812866135446,61.93024753161233,7240000
2020-08-11,59.674652099609375,61.13327035110134,59.384644748439236,61.00438402237188,6825200
2020-08-12,61.135406494140625,61.431858093143674,59.87012458431341,59.990422833798284,6124400
2020-08-13,61.094600677490234,61.32230858519494,60.71437291970347,60.800299318801926,3680000
2020-08-14,60.2568244934082,61.03877003288889,60.153708850776894,61.010842469940876,4912800
2020-08-17,60.79169845581055,61.23852617435985,60.220278454755466,60.59191812342005,4801200
2020-08-18,60.80459976196289,61.260022181204654,60.6220086030183,60.73371227805984,4764800
2020-08-19,60.652061462402344,61.06451727432428,60.54035782130979,61.058072959564385,5481600
2020-08-20,60.602664947509766,60.95712201004879,60.26969768024712,60.31695818486804,3631200
2020-08-21,60.66712951660156,60.802466747315975,60.246085453307956,60.72083435064596,5685600
2020-08-24,60.71438217163086,60.81964153488405,60.205261459732334,60.79386426680286,3548800
2020-08-25,60.430816650390625,60.933493024799255,59.964662441453136,60.92275468212438,4051600
2020-08-26,59.9345817565918,60.45229703085839,59.754134340145406,60.17732860259277,5238800
2020-08-27,60.210933685302734,60.55637925224233,59.718675893782326,60.020938294044655,4555600
2020-08-28,60.3555793762207,60.44626138260117,59.85684481319209,60.36205619176034,4618400
2020-08-31,60.27354431152344,61.240783944399915,60.1677475350582,60.314559752358974,6013600
2020-09-01,59.8331184387207,60.34912248392988,59.16813440926553,60.241171130080595,5729600
2020-09-02,62.23610305786133,62.54700341625581,59.517889351353304,59.90435036990267,9754400
2020-09-03,60.58012390136719,62.84710173117679,60.01014433034744,62.29870715414204,7855200
2020-09-04,59.874141693115234,61.748175652581175,58.896102670982366,61.13932842321955,7247600
2020-09-08,60.00151443481445,60.63194656904654,59.43800501527682,59.96480808022522,7158000
2020-09-09,60.964447021484375,61.92521671419881,60.41821343005462,60.452758654230664,4781600
2020-09-10,59.78561782836914,60.882400652269254,59.68198215973129,60.68161272130926,4362800
2020-09-11,60.0533332824707,60.27787393008997,59.47039995940315,60.057655553219206,3932800
2020-09-14,60.867279052734375,61.31419253855108,60.11377431064051,60.355584228661904,3916400
2020-09-15,63.84242248535156,64.61966683031784,62.86006137846517,63.831623398499644,10827600
2020-09-16,60.5283088684082,61.95326766730142,60.264907373495134,61.48259488572414,19501600
2020-09-17,60.34910583496094,60.511032821062834,59.54810885524812,60.020936181771745,9385600
2020-09-18,59.78776550292969,60.8823869449434,59.55458694820025,60.23036330556871,14386000
2020-09-21,59.63233184814453,59.73812206888029,58.6327012347199,59.37324595752598,7558800
2020-09-22,60.033905029296875,60.44196430033375,59.36676646812821,59.904362089817184,7192800
2020-09-23,59.008365631103516,60.16344637862431,58.96734359153872,60.16344637862431,5855200
2020-09-24,59.92163848876953,60.40094275660834,58.84644064771825,58.8788247356477,7478400
2020-09-25,60.8456916809082,60.91262098110629,59.22857621176891,59.45959364862117,5456800
2020-09-28,61.34659194946289,61.75464459706427,61.02273792264428,61.199773116463234,6918400
2020-09-29,61.12636947631836,61.73305551741927,60.927742688214494,61.33795648774208,7094000
2020-09-30,59.92596435546875,61.12854420597609,57.676261480591045,60.62333258193161,23238400
2020-10-01,61.04865646362305,61.32501168731937,60.15913829325142,60.25412943027141,10018400
2020-10-02,60.70535659790039,61.99645034711789,60.12889357015488,60.187184919053216,8306000
2020-10-05,62.16053771972656,62.391555155006586,61.08534006482464,61.28181228268487,6599200
2020-10-06,62.672218322753906,63.15152244899675,61.58838943765778,62.31814141794719,7288400
2020-10-07,64.14900207519531,64.28933749690934,62.50382473735696,63.24869160550903,10130400
2020-10-08,64.9953384399414,65.19828746691253,64.10797508349086,64.48365019130244,5694400
2020-10-09,65.39909362792969,65.57397430381505,64.83558410321054,65.57397430381505,6472000
2020-10-12,65.9949722290039,66.51097618560763,65.20260652872673,65.41850919935165,5816400
2020-10-13,65.08818054199219,65.70350449150716,64.55490066425612,65.41851137548363,8596800
2020-10-14,64.90899658203125,65.4789763338183,64.4879836445847,65.20262111713983,5501200
2020-10-15,64.43830108642578,64.74704687390977,63.83377632060372,64.33467203447101,5739200
2020-10-16,65.97985076904297,66.10939367604496,64.49443949158216,64.67579692585457,7449600
2020-10-19,64.67362213134766,66.41811885436056,64.36920525910332,65.87836234654151,7710400
2020-10-20,64.98455047607422,65.65601128801745,64.6455882502608,65.03421046822031,6003200
2020-10-21,64.2698974609375,65.3062341050514,63.78411651211636,64.53329895007354,7796000
2020-10-22,65.26089477539062,65.70133804739876,64.60239429681961,64.68875404319881,8463600
2020-10-23,65.43360900878906,65.96904329268382,65.1248698416949,65.44008582387409,5617200
2020-10-26,65.34294891357422,65.40772367496379,64.24832067548087,65.04716327749439,5707600
2020-10-27,65.44440460205078,66.0057527616814,64.78805875745995,65.75530491849773,4834200
2020-10-28,64.304443359375,65.67758761552086,64.1576311412639,64.54625326892877,7508900
2020-10-29,63.915828704833984,64.79670870532007,62.991765534524596,64.23536044175044,7753100
2020-10-30,63.22492980957031,64.20944534426265,62.611767088056716,63.67401100118574,8790500
2020-11-02,64.88306427001953,65.15941940810949,63.66537670771967,63.993546375193304,9233600
2020-11-03,65.65169525146484,66.4375843035656,65.10762277689142,65.67760911210665,6887900
2020-11-04,63.3199462890625,64.69309094573111,63.04359108484642,64.34764529325406,12128800
2020-11-05,64.55491638183594,65.85033276408014,64.33037569737498,65.02990502419019,8644100
2020-11-06,65.39262390136719,65.6862484694218,64.01084766293317,64.77082294686467,6076100
2020-11-09,65.21124267578125,71.97330912511363,65.07306180776851,70.03018514326293,12864500
2020-11-10,65.62578582763672,66.95574731069851,65.03853019341238,66.83484232031361,8649200
2020-11-11,66.96436309814453,67.6897928003301,65.81575948085842,66.07484528239648,6903300
2020-11-12,66.21302032470703,67.27526421693514,65.65167214064587,67.02481636285167,5901900
2020-11-13,66.66211700439453,67.12846760777337,66.31667138091089,66.49802885075367,6235000
2020-11-16,67.1457290649414,67.60344166223295,65.91076555299135,67.53435122785743,7667600
2020-11-17,66.16120910644531,67.76752536201467,65.971213718759,67.14572467097801,5866300
2020-11-18,65.45305633544922,66.80892488315516,65.43578043155004,66.77437966418361,6501900
2020-11-19,64.88306427001953,65.65167720373304,64.60670913192958,65.58259336083022,7392300
2020-11-20,65.24578094482422,65.91939613258761,64.98669513930335,65.0126024020903,5891000
2020-11-23,64.39945983886719,65.6516929167397,64.01946896223706,65.63442359908734,7634600
2020-11-24,64.75353240966797,65.34078794218873,64.34763433131627,65.17669980272909,6699600
2020-11-25,65.91619873046875,65.95957780303897,64.63205770335489,64.78823692800755,6443100
2020-11-27,65.1873550415039,66.05501586174357,64.8142606240118,65.9856080271167,3669300
2020-11-30,63.851158142089844,65.42162876646105,63.55615663347843,65.33486400626516,13120300
2020-12-01,64.33706665039062,65.56914372333556,64.16353047268325,64.3110378786666,8099500
2020-12-02,64.47587585449219,64.5192615450238,63.261155956330455,64.32837509824783,5128800
2020-12-03,63.6429328918457,64.6841300614869,63.35660317371477,64.24162109889619,7660500
2020-12-04,62.92276382446289,63.816460087450366,62.41952554729856,63.443365645924224,7763800
2020-12-07,63.573509216308594,64.02469657706226,62.8186484938481,62.905413257153924,6752200
2020-12-08,63.929256439208984,64.458530126583,62.58437937396797,63.21777475417419,8255400
2020-12-09,63.92056655883789,64.12013144618747,62.86201937317106,63.8077730432128,6683700
2020-12-10,63.582183837890625,64.30234390730938,63.33056140569394,64.02469270966593,6204600
2020-12-11,64.03336334228516,64.11144962907818,63.347910583845255,63.46070409356604,6022500
2020-12-14,63.81645202636719,65.2654439177424,63.77306634015003,64.55396235397468,5759900
2020-12-15,64.9964828491211,65.33487007914701,63.59086977227903,63.91190669654381,6859400
2020-12-16,64.58866882324219,65.72530229578764,64.38042547550809,65.23073592944007,7787700
2020-12-17,65.12663269042969,65.9595864579647,64.93574621083722,65.12663269042969,9384200
2020-12-18,64.64939880371094,65.5430882405781,64.14615402304136,65.1526369646549,13298300
2020-12-21,64.55396270751953,64.68411314715749,63.235114628120186,64.15483954709578,7251400
2020-12-22,64.82295227050781,65.2741396958494,64.10279205449632,64.58868671407403,5335300
2020-12-23,64.49322509765625,65.55177227117925,64.49322509765625,65.21338510845975,4626400
2020-12-24,65.05722045898438,65.2133996936099,64.34573875007423,64.59735459833924,1387500
2020-12-28,65.49971771240234,65.8381049246537,65.10927296587451,65.44766017812587,3753700
2020-12-29,65.36089324951172,65.82943090166229,65.17000680385108,65.60383722772455,3774900
2020-12-30,65.86414337158203,66.18517367417161,65.51707768091747,65.62119275430761,3804800
2020-12-31,66.9400405883789,66.97474781917623,65.64722768488372,65.85546444994026,4119400
2021-01-04,64.39779663085938,67.24372348163539,63.8424941536215,66.99210101230452,9388400
2021-01-05,64.875,65.23074413231986,64.25896157986942,64.64941294117611,7339800
2021-01-06,68.0506362915039,68.86623955561662,65.59515465743482,66.50620113840014,12155700
2021-01-07,68.79682159423828,69.98551920367119,68.44975597063421,69.32609518079609,8816000
2021-01-08,70.39331817626953,70.46273262886129,68.92697592869632,69.26536311042295,8376200
2021-01-11,69.1438980102539,70.28053165073707,68.51918111420211,70.2631813457255,7064300
2021-01-12,69.19596099853516,69.890092408794,68.14609203982126,69.10919622718474,7669300
2021-01-13,71.00935363769531,71.35641926670002,69.55168991138284,69.93345614553436,8542600
2021-01-14,71.60803985595703,71.79024781709909,70.41067041714086,71.1134734986497,8899000
2021-01-15,71.1828842163086,72.2414313234263,71.10479131149665,71.52994981827393,10561600
2021-01-19,71.85101318359375,72.18940048118297,70.93997300536459,71.58204036236354,8142700
2021-01-20,72.9268798828125,73.77718360813064,71.51258879439857,71.71215365548977,8576800
2021-01-21,72.63189697265625,73.53426515058233,72.57983943422532,73.10043467771754,9268600
2021-01-22,73.06571197509766,73.36072007644115,72.493059314424,72.84011832344984,6371800
2021-01-25,75.37369537353516,76.08517695808598,72.97027127298652,72.98762819587093,13215600
2021-01-26,73.95072937011719,75.71207965096566,73.5342492932986,75.18280605862755,12476900
2021-01-27,69.57772064208984,73.57763740055702,69.07447579679244,73.40410127128561,16893300
2021-01-28,71.54731750488281,72.76204409706682,69.45625816395898,69.99420368898195,8541300
2021-01-29,70.1677474975586,71.54732531096317,69.60376652325566,70.9920228001896,13189700
2021-02-01,70.88790893554688,72.13734303280931,70.150398327474,71.38247549575846,5589500
2021-02-02,71.95511627197266,73.29131480721851,71.19157708885807,71.24363462278743,6645400
2021-02-03,72.05924224853516,72.77939578308754,71.93777024898525,72.40630132169065,5971200
2021-02-04,72.0158462524414,72.49306233935424,71.64275184441681,72.03319655572618,6398400
2021-02-05,72.53644561767578,73.36072739566673,72.01585043247078,72.345559171831,5745800
2021-02-08,72.3629150390625,73.5169055395608,72.12864290631904,72.88351021666473,6792300
2021-02-09,72.73601531982422,73.20455300330981,72.01585517929668,72.50174316821773,5008900
2021-02-10,72.80542755126953,73.74249626981454,72.40629772147692,73.70778904027922,6200800
2021-02-11,72.84014129638672,73.5776584724867,72.55381818561004,72.88352699606143,4417200
2021-02-12,72.12863159179688,73.03099951396253,71.68612940109823,72.90952754556771,5787200
2021-02-16,70.44538879394531,72.51041930021421,70.27185264653164,72.26747531356224,8312600
2021-02-17,70.00289154052734,70.30657157437183,69.0831729752474,70.13304201781163,8598300
2021-02-18,70.04627227783203,70.53216029756553,69.36081932443497,70.13303704996619,5378900
2021-02-19,67.76429748535156,69.91609887494576,67.63414705998014,69.79462690985926,9660900
2021-02-22,65.16131591796875,67.62547569800287,64.68410651453048,67.50400373205672,13190300
2021-02-23,64.82295227050781,65.07457475392368,63.60822555115562,65.07457475392368,12719000
2021-02-24,63.998661041259766,64.99647226306156,63.62556664075044,64.92705781186764,12302200
2021-02-25,64.59613037109375,64.84034908899066,63.418643464398805,63.97685957800916,11747100
2021-02-26,64.09025573730469,65.9044548966183,64.08153173839827,64.65718923145565,12583200
2021-03-01,66.20973205566406,67.08194558301912,64.86652242500193,65.10201714942491,12272600
2021-03-02,65.88700866699219,67.02960622392528,65.80850599157904,66.83771818898305,8738500
2021-03-03,63.25292205810547,66.2271733796943,62.87786997526942,66.09634001973548,11748900
2021-03-04,62.18011474609375,63.72393004911893,61.48234113244955,63.05232843591782,11998700
2021-03-05,61.665496826171875,62.79937713059215,59.598354921145216,62.45921437015836,15509900
2021-03-08,61.80506134033203,63.18316053938717,61.53467723139595,61.92717072207492,12479400
2021-03-09,64.56123352050781,65.16306290134611,63.07847338896037,63.15697605598546,9363700
2021-03-10,64.94501495361328,65.18923366341744,63.40120002123082,64.37807486044747,8247200
2021-03-11,65.29389953613281,65.89572894732088,64.94501282450987,65.38111955042342,6602500
2021-03-12,66.0003890991211,66.29694512765387,64.57868359417455,65.5730063787684,6113100
2021-03-15,65.86955261230469,66.47138198382387,65.45089390952099,65.84338727518822,7129200
2021-03-16,65.74745178222656,66.58477595066816,65.52939840540967,65.56428774423568,6512700
2021-03-17,63.636688232421875,65.58172702303554,63.505854892831344,65.41600434925687,10343300
2021-03-18,62.040550231933594,63.6803160392183,61.29044601252923,63.67159204007315,14198800
2021-03-19,61.78760528564453,63.34886835378488,61.107279774776295,62.084161355833544,22806700
2021-03-22,62.52898406982422,63.17442015658077,61.71782529890917,61.71782529890917,10057700
2021-03-23,64.56123352050781,64.7967348671229,62.424313333078814,62.433037330406094,10723800
2021-03-24,63.523311614990234,64.24725042632524,63.15698353737288,64.04663839079517,14537400
2021-03-25,64.06407928466797,64.30830465583118,63.20931377621003,63.76752988708977,6823600
2021-03-26,64.59613037109375,64.65718505056797,63.35758878492458,63.758806200678215,10106000
2021-03-29,65.2415771484375,65.59045724993071,64.27341956153266,64.63974766077736,8644500
2021-03-30,64.7356948852539,65.03224431707541,64.31702942651927,64.63975085626184,5964600
2021-03-31,65.94805908203125,66.2358911158349,64.91884695117069,65.01479096243858,9430500
2021-04-01,66.08761596679688,66.61966675025319,65.74745322386069,65.85212124263379,6548900
2021-04-05,66.96855926513672,67.5878301237281,66.7592298640051,66.7592298640051,7328400
2021-04-06,67.64888000488281,67.81460270684158,66.244615673709,66.7853904638905,6570500
2021-04-07,67.51805114746094,68.08498460660313,66.96855237613217,67.69249118804915,6761600
2021-04-08,67.82331085205078,68.39025085118759,67.54420285078554,67.77097352687254,7454600
2021-04-09,67.98033142089844,68.18966082567522,67.7012233297088,67.94544207769201,4969600
2021-04-12,67.71863555908203,68.28557549712781,67.34358359894027,67.84074488057387,6052900
2021-04-13,68.93975067138672,69.0793013606075,67.37848782487065,67.40465316319577,6319000
2021-04-14,69.01826477050781,69.10549146039386,68.36410452313531,68.50366190338327,4478200
2021-04-15,69.93409729003906,70.01259333176812,68.92232616689127,69.0880489053806,5012400
2021-04-16,70.59696960449219,71.00691105360535,69.99514010222295,70.41380555042363,15124100
2021-04-19,69.59392547607422,70.97202459151215,69.4456507578777,70.64930315679462,7658200
2021-04-20,70.23934936523438,70.61440142186204,69.45435591479732,69.48052790852908,7192100
2021-04-21,68.00648498535156,70.80628941171365,67.76226627966923,70.54462271021936,8565100
2021-04-22,68.31175994873047,69.16653209286547,68.05009324117913,68.20709193481777,8261700
2021-04-23,68.24197387695312,68.58213656722769,67.88436984681374,68.19836720006104,6034900
2021-04-26,67.97159576416016,68.5647011880266,67.63143304431358,68.37281316053148,7425100
2021-04-27,67.4046630859375,68.16349128137624,67.23022303511685,67.9716032327967,5871900
2021-04-28,67.23893737792969,67.55293477895884,66.83771995538378,67.37849473592536,5522200
2021-04-29,67.35234069824219,67.83205422432219,66.8639031722081,67.24767266217965,5558700
2021-04-30,67.60526275634766,67.71864810317655,66.89004803178499,67.3697614109474,8024600
2021-05-03,66.89877319335938,68.02392941370871,66.74177449623014,67.88437871318325,6076000
2021-05-04,66.01783752441406,66.64583226708243,65.20667875754417,66.46266158842043,9178300
2021-05-05,64.3519058227539,66.20100069059373,64.02046711484599,66.07889134270869,10643200
2021-05-06,64.55252838134766,64.70952709061837,63.94197488775645,64.54380438237109,7069200
2021-05-07,65.00607299804688,65.9655065453116,64.97990765699274,64.97990765699274,5677400
2021-05-10,65.2415771484375,66.04401202901009,64.77058102606802,64.84035305368982,6210400
2021-05-11,64.6048583984375,64.6746370806057,63.401206076112324,64.21236495654881,10515100
2021-05-12,62.39814376831055,64.247238463272,62.36325443582526,64.10768113333087,9093200
2021-05-13,63.34886169433594,63.79369242562664,62.520261562709145,62.93020295679463,5469300
2021-05-14,63.776268005371094,64.23854020068413,63.488435887905936,63.671599965984925,5446200
2021-05-17,62.71214294433594,63.81113365922504,62.546420273788385,63.671576325193435,10369300
2021-05-18,63.05231857299805,63.38375732767964,62.17138102082638,62.58132245563284,8195100
2021-05-19,63.37503433227539,63.427365011384815,62.10159680195309,62.4592075210961,8486600
2021-05-20,64.79673767089844,65.21539639828042,63.6628575298563,63.78496687988109,10798500
2021-05-21,64.92756652832031,65.63405724095522,64.53506651227646,65.04967586990017,8689300
2021-05-24,64.56995391845703,65.31133394290337,64.47400991658587,65.21538994103221,6746900
2021-05-25,63.99431610107422,64.56124963410217,63.802428038742725,64.56124963410217,7440600
2021-05-26,64.08152770996094,64.37807710952299,63.715199632456866,64.02047303037692,7408800
2021-05-27,63.671600341796875,64.37809131205184,63.4971602629194,64.21237523345698,10956100
2021-05-28,63.86347198486328,64.74440946173358,63.83730664521202,64.19491071121394,9177500
2021-06-01,63.236549377441406,64.35888302868226,63.16640185182979,64.35888302868226,9056100
2021-06-02,63.75386428833008,64.157202475285,62.97349156079885,63.20146764547264,6421000
2021-06-03,63.45576095581055,63.990624178752675,63.1488671766914,63.1488671766914,8871500
2021-06-04,63.42943572998047,63.91169153574268,63.359294904298444,63.72755932526127,6586300
2021-06-07,63.54342269897461,63.964294382360244,63.22776559161798,63.631103742210385,5988500
2021-06-08,63.254085540771484,64.10460592763211,62.87705093699729,63.93800721979525,5803000
2021-06-09,63.52588653564453,63.920461289869756,63.19269587420487,63.45574571035502,6660400
2021-06-10,64.45533752441406,64.4904112890267,63.2803898236188,63.42944830599507,8203300
2021-06-11,64.43779754638672,64.53424872703518,63.938008105588644,64.53424872703518,4548400
2021-06-14,64.27998352050781,64.83238707846265,64.03447380125594,64.54303347092804,4991900
2021-06-15,64.38518524169922,64.94635205479787,64.0695280731267,64.3764151287844,7770300
2021-06-16,64.27119445800781,65.40229140058261,64.10459577655217,64.88496851131471,9646200
2021-06-17,65.3935317993164,65.73549260466021,64.02568188830539,64.30626528473198,10553800
2021-06-18,64.25366973876953,65.69166074463217,64.03446371117295,65.27078891784349,17539000
2021-06-21,65.17433166503906,65.34969379494132,63.67496337857453,64.61316482178812,6499700
2021-06-22,64.9814224243164,65.5338190956611,64.95511877658129,65.04279983224359,5513100
2021-06-23,64.31503295898438,65.15678311635128,64.01691603829917,64.99019112111245,6079700
2021-06-24,63.90293502807617,64.52547930736979,63.64865524814441,64.42903481532075,7925200
2021-06-25,64.76222229003906,64.84990335362123,64.19228534230047,64.2010554555496,6676800
2021-06-28,65.89332580566406,66.50709993789225,65.43737357346342,65.56012839990906,8444300
2021-06-29,64.95510864257812,66.33172173957418,64.91126477676943,65.54257898246043,6477400
2021-06-30,64.25366973876953,65.31462610958056,64.06953747834484,65.12172373495363,8672600
2021-07-01,65.05157470703125,65.30585446981242,64.07829953176538,64.27120188212601,6423000
2021-07-02,65.1304931640625,65.27078823127438,64.63947380809493,65.17433704497546,4282300
2021-07-06,65.87579345703125,65.91086722444379,64.92005838117862,65.3321667862296,6957200
2021-07-07,66.05113220214844,66.2966417725485,65.63025387458114,65.98975480954842,5661800
2021-07-08,65.87579345703125,66.65616638545828,65.2532491371421,65.42861797420483,5881400
2021-07-09,65.75302124023438,66.13005577823894,65.13047708485665,65.76179135217923,5592800
2021-07-12,65.84070587158203,66.1914367824622,65.21816168234669,65.93715703931497,5743500
2021-07-13,65.63904571533203,66.42818865975335,65.43737325023247,65.84948160396561,5165500
2021-07-14,66.37557220458984,66.78768054301362,65.44614093215222,65.76179809819445,6956100
2021-07-15,67.35762786865234,67.4102351745732,65.92840697749358,66.34051537957245,7638200
2021-07-16,68.32213592529297,68.6991705760695,67.40147458477165,67.40147458477165,9088000
2021-07-19,67.50666809082031,68.72545273878816,66.65614786389989,67.89247273551871,9891800
2021-07-20,67.66449737548828,68.12921296265512,67.39268411272323,67.53297245524749,6562000
2021-07-21,66.53340148925781,67.76095640463018,66.472024077971,67.66450523123146,8931900
2021-07-22,66.74385833740234,67.20857407791742,66.54218583453329,66.62986691374863,5534800
2021-07-23,67.6908187866211,67.87495773706546,66.56848499333648,67.10334823695447,4953500
2021-07-26,67.43653869628906,67.63820447501286,67.02443033589297,67.33131740545292,6014000
2021-07-27,68.2695083618164,68.37472963650174,66.73506655990747,67.41021800930784,7592100
2021-07-28,68.26073455810547,68.68161294444911,67.70833794756224,68.29580831443702,5177500
2021-07-29,68.53256225585938,68.7429981280372,68.05907652623243,68.3922672146503,4141900
2021-07-30,68.30457305908203,69.13755296519355,68.16427804477911,68.37472056623349,5488900
2021-08-02,69.10249328613281,69.19018103274927,68.50625273317452,68.80437635447159,7520700
2021-08-03,69.63736724853516,70.01440187279705,68.7167059727586,69.04989671690105,6249400
2021-08-04,70.03192901611328,70.14591371763561,69.0674173507873,69.58474694306538,8050200
2021-08-05,70.57555389404297,70.68954528250035,69.73380375212963,69.96177983940892,6283700
2021-08-06,70.6807632446289,71.02272397303202,70.19850750476076,70.57554198603012,4634300
2021-08-09,70.63693237304688,71.14549184869301,70.25113439982874,70.98766327658338,5621600
2021-08-10,70.61064147949219,70.85615114942043,70.32128793008957,70.74216642827854,4506800
2021-08-11,72.2239761352539,73.13587365618491,70.99642152286083,71.14547995781945,9419300
2021-08-12,72.77638244628906,72.8903671430567,71.75050010647433,71.91709209565236,6762800
2021-08-13,73.17095947265625,73.25864722358449,72.6273328788637,72.9955973500721,3999500
2021-08-16,73.609375,74.0302534798833,72.90791978637648,73.17096298287161,8579700
2021-08-17,73.6181411743164,73.65321493656634,72.88161223597608,73.30248400370309,5257000
2021-08-18,74.02146911621094,74.49495480631295,73.55675353786134,73.85487713072641,9511700
2021-08-19,74.13545989990234,74.61770900821736,73.5830565877712,73.6269004565431,6968000
2021-08-20,75.65235137939453,75.78387627860396,73.6707278496395,74.12667994161428,7589700
2021-08-23,74.00393676757812,75.47700115272058,73.66197598974465,75.24025495906028,8837100
2021-08-24,73.77593994140625,74.07406345521929,73.13586243554604,73.85485754698131,5786100
2021-08-25,74.11793518066406,74.40728871996167,73.28495501683507,73.77597433954382,5930000
2021-08-26,73.8228530883789,74.15757502435225,73.69953660257119,74.08710654096372,5294000
2021-08-27,73.47052001953125,74.15757089368884,73.40885505981774,73.93736193554889,5974200
2021-08-30,73.9461669921875,74.21042043554529,73.11818586213859,73.33839482485534,6001700
2021-08-31,73.98139190673828,74.37777202180827,73.55859451495569,73.83165144382542,6844000
2021-09-01,75.17051696777344,75.54047307681361,74.04304832368183,74.12232703284872,5862300
2021-09-02,76.17469024658203,76.20111424787726,75.24099963926889,75.24099963926889,5214000
2021-09-03,75.47881317138672,76.02492700362014,75.20574953502695,75.54047140148543,4621100
2021-09-07,74.89747619628906,75.302659907617,74.40421023819326,75.2586221443554,6791300
2021-09-08,76.13945770263672,76.60629965658133,74.6860771167893,74.97675457800771,6230100
2021-09-09,75.6109390258789,76.34203432546646,75.53166703255292,76.00731915323962,4108300
2021-09-10,74.80938720703125,75.72545727539095,74.51870977067553,75.72545727539095,5508000
2021-09-13,74.50110626220703,75.69904369180007,74.33374528123235,75.65499920620306,6498800
2021-09-14,74.5539321899414,75.03839450705749,74.38657125852986,74.68605888735878,4658200
2021-09-15,74.52751922607422,74.99436113517369,74.04305683724799,74.2808862718514,5707000
2021-09-16,73.99020385742188,74.84461562006202,73.69072292466825,74.41300797922858,5380600
2021-09-17,71.91142272949219,73.92853719689248,71.83215074582557,73.46169537243057,15390400
2021-09-20,71.95547485351562,72.704183899938,71.04821510265434,71.82334814644263,8994100
2021-09-21,72.15807342529297,72.98606130008591,71.99071917844236,72.16688366573071,6450700
2021-09-22,72.14046478271484,73.03011096319969,71.84978730984679,72.3078190414385,5662200
2021-09-23,71.58551788330078,72.56324609574037,71.47101165598785,72.38708163522149,6414300
2021-09-24,71.08345031738281,71.99071688674537,70.89847559554507,71.5591024822131,6113800
2021-09-27,69.37462615966797,71.1627216725999,69.18965145697607,70.47567085681753,8600900
2021-09-28,68.06217193603516,69.22487479727181,67.83315949141924,69.1279890523916,9257400
2021-09-29,69.01348876953125,69.61245742732935,68.22073514593903,68.3704823505718,7496100
2021-09-30,69.1632308959961,69.94718101811523,68.61711694696785,69.44509811104939,10186800
2021-10-01,69.77098083496094,70.10569591376417,68.72278441414835,69.60361993543846,7961100
2021-10-04,69.90313720703125,70.39640315805084,69.15442803987804,69.63008022989462,6027800
2021-10-05,70.00884246826172,70.37879194491943,69.66531027394264,69.96479798379279,5434600
2021-10-06,71.50626373291016,71.60315622644318,69.27774982214082,69.81506029709846,6876200
2021-10-07,71.27723693847656,72.76585170823004,71.16273069474336,71.77050959510318,5753200
2021-10-08,70.65184783935547,71.37413301986052,70.59899983500586,71.35651925849223,3592900
2021-10-11,68.55547332763672,69.90315144709876,68.4761945863617,69.76221444938581,8798700
2021-10-12,69.47150421142578,69.74456108916642,68.32641527596263,68.79325705541939,7791200
2021-10-13,70.63422393798828,70.7839644089791,69.22488130203502,69.62126143848828,6260100
2021-10-14,71.75289154052734,72.0964170035868,70.65184666655612,70.78397339548158,6486000
2021-10-15,71.93785858154297,72.62490943420444,71.52386467795365,72.1756880122297,14634200
2021-10-18,71.33889770507812,71.92906286584247,71.1363092112852,71.6471889262269,4942100
2021-10-19,72.25496673583984,72.36066946156855,71.54149181784345,71.98190976134632,5717500
2021-10-20,73.91975402832031,74.57157749385675,72.56326580902844,72.88917754179666,6942600
2021-10-21,73.8228530883789,74.60679648540417,73.74358108475015,74.17518878507715,4945000
2021-10-22,74.36014556884766,74.5098860197289,73.76117704507988,73.9637722058696,4732400
2021-10-25,74.24564361572266,74.70367523303361,73.92854221902923,74.34253608250361,3987300
2021-10-26,75.28504943847656,75.9985244048137,74.31613124117115,74.35136548546797,6969100
2021-10-27,74.87985229492188,76.06016902631298,74.65964334770023,75.76068808380852,4356900
2021-10-28,76.121826171875,76.18348440740374,74.63321827975456,74.80057250747903,6568400
2021-10-29,75.16171264648438,76.15705457816365,74.81818725766395,75.90161141617662,7792600
2021-11-01,75.39073181152344,75.59332699951568,74.80938368641496,75.25861181961952,5135200
2021-11-02,75.24098205566406,75.96326704333045,74.33372238191467,75.61974166628443,7266400
2021-11-03,75.08245086669922,75.57572354462005,74.20161495928055,75.46121057569904,5723200
2021-11-04,74.65962982177734,75.2145538489538,73.25909767665219,75.01196541754888,6594000
2021-11-05,75.33788299560547,75.49643370440998,74.27207251095881,74.65083216420048,4885400
2021-11-08,74.5098876953125,75.39953362273346,74.02543209858294,75.33787539332268,5391000
2021-11-09,74.81819152832031,75.02077998957664,74.30730517518462,74.59798258854563,3917600
2021-11-10,75.04718780517578,75.19693495931863,74.43941583221319,74.8181753957659,5192700
2021-11-11,75.19696044921875,75.31146669273845,74.49228906691995,75.28504269194501,5370200
2021-11-12,76.0249252319336,76.34202661369238,74.8974566391214,75.19694426422377,6467100
2021-11-15,76.93218231201172,76.94099255016441,76.16585959879457,76.55342943460083,5543000
2021-11-16,76.61511993408203,77.00268321290046,76.34205619826629,76.69439195012029,5497200
2021-11-17,77.31977081298828,77.40785305505041,76.11302998422407,76.48297943303159,6203100
2021-11-18,77.16120910644531,77.40784203721252,76.47415830780999,77.26691181402126,5537400
2021-11-19,77.78660583496094,78.24464420539093,76.63271310987642,77.51354889274856,6765100
2021-11-22,76.94982147216797,77.88350533577656,76.92339747153667,77.64568260985064,5214500
2021-11-23,76.90576171875,77.42545826885811,76.21871095779602,76.72078703081954,7408000
2021-11-24,77.15792846679688,77.23755832280443,76.25549951543478,76.62708751011276,4553900
2021-11-26,76.16702270507812,77.37026584335175,75.96353692802242,76.90135620490864,4340700
2021-11-29,78.44078826904297,78.67081503668845,76.57399259695038,77.1667647866649,8712500
2021-11-30,76.77747344970703,78.69735106143453,76.45896759937347,77.90109318560805,16328300
2021-12-01,77.71531677246094,79.34323682188914,76.97214072272882,76.97214072272882,10062800
2021-12-02,78.40538787841797,79.20164570232994,77.51180170379742,77.8126090150518,8303500
2021-12-03,77.88340759277344,78.87431559716602,76.10508409158989,78.87431559716602,11191000
2021-12-06,78.87430572509766,79.4051465806492,77.7506859433393,77.91878813510026,8946400
2021-12-07,79.98908233642578,80.1129449871507,78.68851775380595,79.21050938900264,7909700
2021-12-08,79.90945434570312,80.44029525399885,79.26359329477093,80.2456520126218,5356500
2021-12-09,79.54670715332031,80.06869874491332,79.1928110022363,80.06869874491332,5731200
2021-12-10,79.87406158447266,80.42260099777171,79.44939157095764,79.63518554562148,4996700
2021-12-13,81.165771484375,81.50197586849877,79.75019361703401,79.85636448833748,6446500
2021-12-14,79.65289306640625,81.08616983293284,79.1397438444389,80.71458181013281,11022600
2021-12-15,81.39580535888672,81.44888741977047,79.25474340314395,79.88290587363008,9590000
2021-12-16,81.59930419921875,82.01512495854858,80.97113492978784,81.05961403816397,7623300
2021-12-17,80.45797729492188,81.71430209554462,80.28102586173114,81.3957962658083,15335400
2021-12-20,79.5732421875,79.69710481854513,78.30806809896156,79.44937955645487,10167700
2021-12-21,80.02446746826172,80.81188294207814,79.06010727561333,80.20141893710203,6287900
2021-12-22,80.33412170410156,80.40489553357078,79.52900780007006,79.83866439777157,4142900
2021-12-23,80.24564361572266,80.78533372851922,79.9802265643522,80.22795184563435,5845600
2021-12-27,80.79418182373047,80.8207228534841,80.18371113936675,80.37835435757012,5410300
2021-12-28,81.28965759277344,81.56393073531659,80.96230912426823,81.09502106420722,3096400
2021-12-29,81.386962890625,81.62584568455257,81.03306670518198,81.35157259707987,2945400
2021-12-30,82.0770492553711,82.20091864648793,81.22770253776224,81.59929721109737,3716300
2021-12-31,82.59905242919922,82.92640757127371,81.83817801789705,81.90895860267122,4811800
2022-01-03,81.09501647949219,82.85564164978395,80.10410836731313,82.65214912004734,7864400
2022-01-04,80.22795867919922,81.33388002912753,80.1748766144053,81.08615472674491,8379100
2022-01-05,79.38745880126953,80.95344041636953,79.34321924857977,79.87406013081666,6722300
2022-01-06,75.8839111328125,79.06012137744627,75.77774698258033,78.82123853940477,12658600
2022-01-07,76.45012664794922,76.85710485389154,74.7691250147039,75.88388876358646,13359300
2022-01-10,74.57447052001953,76.40587554483169,74.0878625484484,75.9104250646913,11378700
2022-01-11,75.0168685913086,75.2115118568495,74.03480975154078,74.16752168259222,8395900
2022-01-12,75.28228759765625,75.91929948272434,74.40639963069232,74.56565260195934,6484000
2022-01-13,75.11418914794922,75.9192964847776,74.95493618297088,75.71581071008862,7203100
2022-01-14,73.61012268066406,75.33536404427842,73.14121310619718,75.09648125162018,11084300
2022-01-18,71.8848876953125,72.69884418829129,71.39827960167939,72.54844050480769,10848100
2022-01-19,73.07042694091797,73.74282896335144,71.66369832491412,71.69908861556932,9673900
2022-01-20,73.8843994140625,75.45038115987222,73.56589350813364,73.71629719981988,12028900
2022-01-21,73.07928466796875,74.25598665605676,72.39804005644905,74.05249414871483,12809100
2022-01-24,72.47767639160156,72.59269655806177,70.10658021008874,72.23880029589378,14689800
2022-01-25,66.44374084472656,70.94705524382692,66.16947456158144,69.18642392619863,22925000
2022-01-26,64.26728820800781,67.70891422678689,64.01956295472915,67.68237319965088,24721700
2022-01-27,64.15229797363281,65.81560152400768,64.06382560127413,64.85124119028222,21250600
2022-01-28,64.1434326171875,64.54156156791181,61.74579615280803,63.98417968689625,25537100
2022-01-31,69.11565399169922,69.27490691506748,64.3646140695523,64.50617522366069,21787800
2022-02-01,68.32823944091797,70.3100483717737,67.26655102259683,69.04487422952936,12082900
2022-02-02,68.77062225341797,69.018347577628,67.97435746130797,68.49634914446357,8397700
2022-02-03,67.0365219116211,68.38132597960319,66.73571456089303,67.73546497655781,7960700
2022-02-04,67.24887084960938,67.98319753431767,65.94830619414921,66.44375682479743,12132000
2022-02-07,66.95689392089844,67.34618034631299,66.62069630349964,67.24000948028883,8184500
2022-02-08,66.76225280761719,67.90356434073932,66.54991781889908,67.0188273460717,6758500
2022-02-09,67.8239517211914,68.36363516124248,67.52313758656386,67.77971216462574,7390900
2022-02-10,66.75341796875,67.99205137887448,66.08986507939858,66.27566582842493,9673300
2022-02-11,66.31988525390625,67.85932575652949,66.0633107118011,67.15154020072931,8999100
2022-02-14,66.28450775146484,66.62955471086178,65.36438027640337,66.31104878680169,8329200
2022-02-15,66.43489837646484,67.65583976173446,66.12524177513113,67.0011362689135,9102000
2022-02-16,66.55876922607422,66.92150789558617,65.8952164586669,66.470290123747,7505100
2022-02-17,66.69149780273438,67.09847616634764,65.90408211552456,66.10757467233628,10093100
2022-02-18,65.60325622558594,67.07191627719283,65.31129136743233,66.31989110468272,9558600
2022-02-22,65.27589416503906,65.87751558937154,64.82467640928782,65.40860606379032,8233400
2022-02-23,63.984188079833984,65.84213467693753,63.89571571806877,65.66518995340711,7837100
2022-02-24,66.74456787109375,67.04537524007402,62.586299520424305,62.81633305259104,15750400
2022-02-25,68.26631927490234,68.33709311434625,66.54992710572773,67.3461918620463,12609500
2022-02-28,69.63190460205078,70.1656923822033,68.32414354537909,68.58213237508762,16345600
2022-03-01,68.89350128173828,70.1300963451852,68.09282651001911,69.45397022824538,13930300
2022-03-02,68.99137115478516,69.22267195186382,68.0483510584263,68.76006357031297,6988700
2022-03-03,70.09452056884766,70.60161353583376,69.0892329079506,69.25825937201688,10075500
2022-03-04,71.35779571533203,71.57130673304127,69.81872723106338,70.21906123769229,8996400
2022-03-07,74.88966369628906,75.07648670360281,71.81151963729346,72.02503067602439,19948900
2022-03-08,72.90577697753906,75.97502985948277,72.71895395144767,75.00532163370073,14717600
2022-03-09,71.4556655883789,73.37728535849585,71.26884257529427,73.28831620116567,12710000
2022-03-10,71.3133316040039,71.5802187304673,69.7831543109947,70.77954377628875,9554300
2022-03-11,70.5482406616211,72.14068545699345,70.49485780815033,71.43787796233563,7230600
2022-03-14,70.53042602539062,71.7403329870433,70.01443489434034,70.88628221188709,7133800
2022-03-15,72.93245697021484,73.18155428768958,71.25993477449674,71.34889713253874,9567000
2022-03-16,73.40396118164062,73.60857391972232,71.91826202250044,72.8167974204129,8261200
2022-03-17,73.56411743164062,74.05341392024899,73.32391153709568,73.4484602278247,6341900
2022-03-18,73.2794189453125,74.27580826997466,73.16376176484762,73.76871533513246,13470800
2022-03-21,72.77233123779297,73.62638220059084,72.4965390692836,72.95025597643655,7181700
2022-03-22,73.7064437866211,73.80430442576044,72.43426226520305,72.83460309460769,8516800
2022-03-23,73.45735168457031,73.92885836819748,72.95915696789163,73.37728758541579,6125800
2022-03-24,74.46263885498047,74.54270974095212,73.62638441335048,73.75983136504063,5498000
2022-03-25,74.6761474609375,74.94303454393042,74.02670932960785,74.80958760873743,5481000
2022-03-28,75.11206817626953,75.37006377569553,74.44484028418638,74.77400848774225,6177700
2022-03-29,75.28109741210938,75.6547433828377,74.41814829824202,75.6191570826646,8954300
2022-03-30,76.0639877319336,76.31308508530662,75.29000085190127,75.73481949360848,6829300
2022-03-31,75.36115264892578,76.75788252661624,75.36115264892578,75.67252425464176,10082800
2022-04-01,76.25080108642578,76.33087196123334,74.84517272774148,75.16544265218583,6453800
2022-04-04,76.17073059082031,76.4287261631062,75.29888325042685,76.18852034628482,6465700
2022-04-05,76.80238342285156,77.7987727729907,76.25970417148217,76.38425284024957,7203200
2022-04-06,76.94473266601562,76.97142070058976,76.00171924495979,76.66004898490098,7621900
2022-04-07,77.4696044921875,77.65642747881745,76.24190088377249,76.77568860259265,7817400
2022-04-08,76.58887481689453,77.86105647585721,76.47322440695037,77.54079328005842,5731600
2022-04-11,75.24552154541016,76.70452611784731,75.04090198789072,76.64225178075768,6745200
2022-04-12,74.63166809082031,75.47682076032017,74.17795119448357,75.12986277706077,8714800
2022-04-13,74.32919311523438,75.15655600877987,73.91106253208649,75.05869537070724,7858500
2022-04-14,73.67085266113281,74.63166244395023,73.64416463173117,74.32918906087421,7164100
2022-04-18,72.6922607421875,74.38257291789758,72.11399515741908,73.83989363852655,6279100
2022-04-19,72.79901885986328,73.03921793441874,72.15847894452382,72.73674452294937,8104800
2022-04-20,72.51433563232422,73.86658129355125,72.3453023793982,73.86658129355125,8457000
2022-04-21,67.77256774902344,72.06061913467764,67.59464300932741,71.4556655173599,17712800
2022-04-22,65.78868103027344,67.94160863174207,65.72640668564797,67.76367708467323,15284800
2022-04-25,65.86873626708984,66.28686681907384,63.68912114847803,65.83314996613451,15697900
2022-04-26,65.45060729980469,66.69610071382564,65.37943469617079,65.87763613421501,10971600
2022-04-27,65.18370819091797,66.8473320333377,65.11254238039689,65.68190958892066,10989600
2022-04-28,65.37944030761719,65.75309311506884,64.73890039472138,65.38833858068342,11325600
2022-04-29,63.18204116821289,65.34386018507391,63.057492483076395,64.83676717061981,14912900
2022-05-02,62.15895462036133,63.61795910914481,60.95793895087585,63.25320459325229,14338100
2022-05-03,62.95073699951172,63.635754731349266,61.89206644473251,62.27461075371537,10419900
2022-05-04,64.99689483642578,65.23710069310481,62.92404521754466,64.05388153030664,10859600
2022-05-05,63.91154098510742,64.91683548765114,63.342173650655226,64.67662961341392,10382300
2022-05-06,64.47200012207031,64.81895803946357,63.244296610624424,63.39554007228712,9364900
2022-05-09,62.9062385559082,64.125043826939,62.5059045756781,63.87594652480539,10442700
2022-05-10,62.265708923339844,63.82257410324651,61.13587260780359,63.16424444192759,14731900
2022-05-11,62.45252990722656,63.475614064071486,61.86537287355654,61.96323351040043,11129000
2022-05-12,60.94905090332031,62.71052888643536,59.80141801740296,61.909853990749575,15364900
2022-05-13,62.0966796875,62.443637654813585,60.96683663505364,61.767511477851606,8010600
2022-05-16,62.38136672973633,62.915147724963894,61.74082682050581,61.95433786111812,7339500
2022-05-17,64.07166290283203,64.08056117457235,62.39024927572141,63.07527366448063,8889300
2022-05-18,63.16424560546875,64.27629218302982,62.90624998498734,63.867059856974585,10316800
2022-05-19,62.68383026123047,63.24429919979728,61.85646747340753,63.24429919979728,9593500
2022-05-20,63.35995864868164,63.66243202049044,62.25681048768368,63.07527503334691,9747800
2022-05-23,64.54317474365234,64.57875425498058,63.573466768842614,63.884838398408135,10378700
2022-05-24,66.42919921875,66.65160848903166,64.20510651593347,64.59654900359472,11133500
2022-05-25,66.53596496582031,66.8562348910083,65.46839628606268,66.82954686180813,11192100
2022-05-26,66.75836944580078,67.39001097843833,66.5181636255319,66.76726771735694,9431300
2022-05-27,69.2769775390625,69.2948686276213,66.3602386280614,66.64654382738298,9435300
2022-05-31,67.72017669677734,68.83855717161617,67.25492659665488,68.69540119433151,29712000
2022-06-01,68.14965057373047,68.56121388769452,67.39810195502774,67.78282522204594,7994100
2022-06-02,70.252197265625,70.36851322414898,67.99754483508332,68.40015914644843,9640600
2022-06-03,70.40428924560547,70.6279653386963,69.60800290028634,69.86746116134536,9293500
2022-06-06,71.74634552001953,72.90945710385407,71.63897853838218,72.64104988883962,12716900
2022-06-07,71.37953186035156,71.73741506538454,70.03747496101863,71.36164077182438,7405600
2022-06-08,70.225341796875,71.20057307787728,70.0016657116789,70.6637518386171,5198000
2022-06-09,69.19644927978516,70.55640407063986,69.16066710333753,70.00168477094199,8354800
2022-06-10,67.9170150756836,68.8027705307593,67.79175017824836,68.48962535230353,8598500
2022-06-13,64.7855453491211,66.88809920930278,64.38292429543579,66.72705215303915,11882300
2022-06-14,63.95349884033203,65.4208140912882,62.870900080708545,64.69609859859304,11412500
2022-06-15,66.37811279296875,67.59491116123567,64.60659531309274,64.83027138334693,12085300
2022-06-16,63.40771484375,65.3850111090581,62.736686421430576,65.05396796333437,12729200
2022-06-17,63.35401916503906,65.08974796168775,63.20192104860472,63.20192104860472,15919000
2022-06-21,65.07185363769531,65.67130394396258,63.345073882677845,63.345073882677845,8466900
2022-06-22,66.8254623413086,67.59490853922023,64.28449873223835,64.59764385323687,12686500
2022-06-23,69.0711898803711,69.25908384647317,67.38914775085563,67.5859838478737,12502500
2022-06-24,69.80484008789062,69.90325812615701,68.56120141458265,69.18749864228275,9320500
2022-06-27,69.68852996826172,69.94799508125332,69.21433769578006,69.5453808039528,6557200
2022-06-28,68.39120483398438,70.08219556220463,68.20331773374353,69.70642136172295,6140200
2022-06-29,67.99755096435547,68.48069227717612,67.33547145836621,68.08702006093976,7082200
2022-06-30,69.3038101196289,70.00167854117359,67.38914302552554,67.51440111010773,8872900
2022-07-01,72.07738494873047,72.14896293964759,69.86746396804814,70.0821979407995,7718400
2022-07-05,70.78007507324219,72.22054989550806,69.39328033780116,72.02371380907863,11278600
2022-07-06,71.1916275024414,71.75528880651214,70.32376315851704,71.30793661488538,7918400
2022-07-07,71.91634368896484,72.09528868070628,71.40636240809536,71.42426032029624,5498000
2022-07-08,71.80004119873047,71.96108829315297,71.04849264212822,71.3079509585356,5708300
2022-07-11,72.18476867675781,72.45318279192323,71.3258530647048,71.57636926496345,6100400
2022-07-12,71.53162384033203,72.38159723230221,71.14690062263166,72.06845201465164,7553900
2022-07-13,71.8089828491211,72.73947631932324,70.74428234288003,71.02163854492129,7552400
2022-07-14,71.69267272949219,71.8895088215499,70.2521978660378,70.42219391391565,6124400
2022-07-15,70.42219543457031,70.5474535274838,68.29280102898703,70.01063215413258,8780600
2022-07-18,69.34854125976562,70.3774527043304,69.3395923043025,70.08219860852387,6610800
2022-07-19,70.61903381347656,70.97691701596317,69.71538026306013,69.90326740850337,6403800
2022-07-20,70.07327270507812,71.03955543138512,69.66170935707075,70.82482821200199,6323700
2022-07-21,70.56534576416016,70.6458658919604,69.90325952510823,70.4311387251062,7847600
2022-07-22,71.80004119873047,73.18683600214939,70.9142855924338,71.6926741937641,11517100
2022-07-25,72.45317077636719,72.50685086007623,71.11111407521436,71.5763573948172,5035600
2022-07-26,71.4958267211914,72.13106598022465,70.84268955286012,72.0594879951372,6740900
2022-07-27,71.91634368896484,72.27422684639423,71.17374415791173,71.6031984859842,6056200
2022-07-28,75.63832092285156,77.18615591951203,75.41464479290205,75.87988813973337,13561500
2022-07-29,75.59357452392578,76.41670777801087,75.4325274553062,75.60252347941938,11474800
2022-08-01,76.32723236083984,76.42565039373653,74.76149961609644,75.55778600876742,7004500
2022-08-02,76.64933776855469,77.63351141615453,76.22882553454876,76.44355954301183,7664200
2022-08-03,77.35614776611328,77.67824192185157,75.47726974167553,76.73879949660599,7640400
2022-08-04,78.71609497070312,79.32449422689736,77.34719152472655,77.8034926733854,8679200
2022-08-05,78.71609497070312,79.17238929330922,77.78560158910885,78.62661907116208,8643200
2022-08-08,78.30451965332031,79.59289606784178,77.64244036299225,79.14554390458319,7243200
2022-08-09,79.55712890625,79.72712495927217,78.53716624022532,78.93083843625385,5154000
2022-08-10,80.32657623291016,80.5949903377752,79.48555174198364,80.21921605180754,5693300
2022-08-11,80.01342010498047,81.44494587530711,79.88816202670522,80.8007575721468,7525800
2022-08-12,80.94390106201172,81.10494811293124,79.92393868153879,80.68443598963846,5262500
2022-08-15,81.41812896728516,81.5970671796483,80.6486823672242,80.95288551950784,5032700
2022-08-16,80.99758911132812,81.73124645417982,80.81865095982397,81.00653806671922,5250600
2022-08-17,80.70235443115234,81.12286669700111,80.29079112284735,80.49657619002714,4178000
2022-08-18,80.73812103271484,81.08705519350302,80.40708478204809,80.70233203852469,5090700
2022-08-19,80.26394653320312,81.05128410112793,79.95975025447792,80.62182972809774,5542800
2022-08-22,79.21713256835938,80.10288805972701,78.9397763740849,79.56606675665732,5783400
2022-08-23,78.71609497070312,79.3155452717327,78.40294297441498,79.27975627712684,3473600
2022-08-24,79.3692398071289,79.43186885258339,78.6982113946648,78.86820744349298,5669200
2022-08-25,79.97763061523438,80.04025965398654,78.78767205288993,79.63764538001594,5595200
2022-08-26,78.78766632080078,81.02442729357894,78.50136118932728,80.51444606482762,7990000
2022-08-29,78.2347640991211,78.98097186698334,77.68635386229887,78.19880839437678,5827800
2022-08-30,77.04801940917969,78.5134645937792,76.6074900478896,78.39658455771252,7394200
2022-08-31,76.47264099121094,77.56048284687088,76.23889461040184,77.04802830562352,6830900
2022-09-01,77.55147552490234,77.73128143786957,76.15795569236072,76.71536499720855,5896300
2022-09-02,76.51760864257812,78.42358372565697,76.2119302226618,77.72232388908151,5785700
2022-09-06,78.5494384765625,79.35857219498793,78.2347677425548,78.43255842364832,11077100
2022-09-07,81.12968444824219,81.29151255446116,78.76520248546935,78.85510546466708,11366600
2022-09-08,81.15664672851562,81.86689185536731,80.58125948686612,80.67116931643889,8852500
2022-09-09,80.82402038574219,81.79498911241873,80.76108760859601,81.64214648864238,5700400
2022-09-12,81.64213562011719,81.67809818215012,80.71612194003035,81.0757407012024,5573800
2022-09-13,79.88899993896484,81.33646041362891,79.52038883934468,80.95886381827926,5624800
2022-09-14,79.90699005126953,80.34752633926793,79.16977459806087,79.43949041278813,7281500
2022-09-15,77.32673645019531,78.03698166671838,76.26586480337272,76.81428190905308,18681000
2022-09-16,76.22989654541016,77.30874596434627,75.96917311634984,76.78730596538297,19190700
2022-09-19,78.07294464111328,78.12689192252219,76.00514843133118,76.16697655724094,8821000
2022-09-20,77.03905487060547,77.7223231264738,76.35577975557823,77.30876385818752,6242000
2022-09-21,75.49268341064453,77.71332194187838,75.47469869960726,77.3177406089487,6706300
2022-09-22,75.10609436035156,75.69047400366038,74.64758025755143,75.33984758950659,6748700
2022-09-23,74.1890640258789,74.32392191802771,73.1281924583496,74.17108617453249,6719700
2022-09-26,72.95738983154297,74.42282843666777,72.21118199407496,74.14412711437711,7702900
2022-09-27,72.89443969726562,74.278967340772,72.02236651162177,73.73953581952159,9247000
2022-09-28,74.0542221069336,74.64758730259504,73.04729082867523,73.98229697438124,8713400
2022-09-29,71.89651489257812,74.03623610506651,71.43800075448846,73.87440798922063,8291300
2022-09-30,70.49400329589844,72.46290387344754,70.38611560787429,72.19319494212337,12854300
2022-10-03,72.99333190917969,73.38890631964564,71.22221540911492,71.77063240230726,8115200
2022-10-04,74.45878601074219,74.52171878443139,73.32598922517874,73.70359272647183,8193700
2022-10-05,73.51478576660156,74.15311270319954,72.39098136424387,73.49680791419324,5468700
2022-10-06,70.94351959228516,73.47882176330843,70.88957232283737,73.38891193394777,8374600
2022-10-07,68.98358917236328,70.7097505056567,68.49810501128287,70.62883304923226,7697400
2022-10-10,68.99258422851562,69.83768716595458,68.68691278425851,69.25330762111182,6118000
2022-10-11,68.35427856445312,69.16341911418455,67.62605549927375,68.55206923873834,9143100
2022-10-12,65.4054183959961,68.65096616685307,65.2885452035544,68.15648946968064,9715100
2022-10-13,65.71107482910156,66.14261865296317,63.283660539954695,64.3625098108741,13643700
2022-10-14,64.52435302734375,67.28441647123431,64.22767386668012,66.34042485247186,8735000
2022-10-17,66.21454620361328,66.90680658708432,65.40540579106771,65.45036070365893,7563500
2022-10-18,67.48219299316406,68.27335554670029,66.6281045374037,67.92272918198549,6998500
2022-10-19,66.20556640625,66.95177419819255,65.19863516197242,66.74499116387237,8579600
2022-10-20,63.5084228515625,66.06170957881142,62.762215211278786,65.9538219055508,13023800
2022-10-21,64.4164810180664,65.63018861374916,63.20277342238365,63.90402639503774,11161300
2022-10-24,65.88191223144531,66.25052339044676,64.69517498405725,65.17166698244787,9989600
2022-10-25,68.20144653320312,68.40822271549175,66.1696061216699,66.30446403051275,9216900
2022-10-26,67.96768188476562,68.80379254839957,67.69797297146381,68.2014350969528,6247100
2022-10-27,67.8508071899414,69.16340974427753,67.84181483528546,68.37225401347622,7163300
2022-10-28,71.0514144897461,71.29416010246209,68.91169319468065,69.00159618269615,9123300
2022-10-31,69.67586517333984,71.2671690115277,69.0105749619261,70.52995368018897,8273700
2022-11-01,69.86466979980469,70.29621369930351,69.3791854850526,70.29621369930351,5410300
2022-11-02,69.47808074951172,71.77064442368447,69.24432751838582,69.85567737422137,7119000
2022-11-03,70.28721618652344,71.18625962361934,68.6509574053752,68.99259144217508,6920300
2022-11-04,70.8446273803711,71.18626142582004,69.6039430159082,70.6648145729054,7758900
2022-11-07,69.48706817626953,71.13231931472112,68.58802473787944,70.78169292248154,7008500
2022-11-08,70.3681411743164,71.15031159362421,69.37020906576298,69.82871637372689,5518400
2022-11-09,70.3051986694336,71.12333154349056,70.12539271383038,70.66481743979756,4940000
2022-11-10,74.80040740966797,75.31286186832331,71.87851638805348,73.10121594890778,9315900
2022-11-11,74.89929962158203,75.38478385580692,73.70357717380439,74.86333706432576,5730900
2022-11-14,73.4158935546875,75.32186133426174,73.37093863721712,74.70151914078886,7904000
2022-11-15,74.53971862792969,75.35784485196815,73.75754811687726,74.18908526430259,5594900
2022-11-16,75.80736541748047,76.1939544874765,74.67456842134987,74.67456842134987,8444900
2022-11-17,74.03623962402344,74.93528323053049,73.60470253402875,74.85437259834087,8333900
2022-11-18,74.80040740966797,75.3308465772764,74.23401254246681,74.85435467737051,6664400
2022-11-21,75.16004180908203,75.29489971772152,74.27898294306591,74.27898294306591,6593800
2022-11-22,75.61854553222656,76.33778303973199,75.2679191335859,75.57359061582352,4105500
2022-11-23,76.73450469970703,76.80679510259702,75.39716671620336,75.48752627281972,4259700
2022-11-25,77.11402130126953,77.52968768343612,76.92426415845043,77.05076892032983,3622200
2022-11-28,75.6592025756836,76.81582126739215,75.30678863949966,76.21039785414588,6464200
2022-11-29,74.53874969482422,75.11705925410713,74.07791378895405,74.91827094447355,5398200
2022-11-30,76.53569793701172,76.71642391684118,74.15017015519258,74.17727732866919,9739200
2022-12-01,76.65316772460938,77.68328162929497,75.89413243516212,77.16822467695218,5830700
2022-12-02,76.98751831054688,76.99655633488689,75.36102552296758,75.65921828025454,6316900
2022-12-05,76.94233703613281,77.73751077717823,76.5989610731876,76.80679425570666,5511700
2022-12-06,76.96944427490234,77.03269665328612,75.64113743485092,76.72547278513413,5027700
2022-12-07,77.06883239746094,78.02665597945257,76.45437784256278,76.95136567887428,5108800
2022-12-08,77.49353790283203,78.07184732125681,76.71643332920024,77.05076436841927,4281700
2022-12-09,76.36402893066406,77.71040494651254,76.28270050340218,77.312814622104,4460300
2022-12-12,78.20740509033203,78.25258142899823,76.62608846315368,76.91524322779227,5348900
2022-12-13,78.74957275390625,79.85197749524279,77.71042040458114,79.51763948375745,7179500
2022-12-14,78.65919494628906,80.06882329523009,78.01762625517658,79.0296711867706,6111600
2022-12-15,77.5387191772461,78.65919977913677,77.24053331941322,78.52365699248955,6469100
2022-12-16,76.02970123291016,76.68030116272338,75.24355850205366,76.44536076718121,16949300
2022-12-19,75.46943664550781,76.15618156140883,74.96341770431286,75.88510294033625,5681100
2022-12-20,75.46943664550781,75.93931728575257,74.77366060136475,75.36100795467519,4811900
2022-12-21,76.49053192138672,76.7616105866781,75.58692258243116,75.76764169262542,5356200
2022-12-22,75.30680847167969,76.3911439512115,74.24055593582924,76.3911439512115,4491000
2022-12-23,76.05681610107422,76.14717567957094,74.99959455527527,74.99959455527527,3254700
2022-12-27,75.90318298339844,76.15619249030438,75.42427114618476,75.99354253672313,4726500
2022-12-28,75.1441650390625,76.39114359603366,74.98151506258861,76.0839127986972,3536400
2022-12-29,75.97547912597656,76.52668140510734,75.44234600127959,75.65921721844066,3378300
2022-12-30,75.541748046875,75.92126235833085,74.52970988299275,75.8580099730882,4266900
2023-01-03,75.74958801269531,76.71644992712055,74.58393090005289,76.23753798268471,5535400
2023-01-04,76.345947265625,77.22244938322238,75.74956871688347,76.22848053932532,4831100
2023-01-05,74.66522979736328,75.91221497371116,74.22246319546731,75.55076989514669,5472600
2023-01-06,75.58692169189453,76.23752151131615,74.83692429483948,75.50559326747079,5235300
2023-01-09,75.9664306640625,76.74353518380173,75.44233563558878,75.57787840419289,4749000
2023-01-10,76.3911361694336,76.44535052498995,75.33391487213085,75.96643866692933,4921100
2023-01-11,76.80679321289062,77.13209312389988,76.1019790370346,76.32788137001369,6153500
2023-01-12,76.87004089355469,77.4122050807795,76.25558630963546,76.89714806881717,4648600
2023-01-13,76.51764678955078,76.77969435146619,75.67728974409545,76.30078245672152,4943200
2023-01-17,77.47547149658203,78.13510942149055,76.96945241599002,76.97849044071286,8410200
2023-01-18,75.72246551513672,77.74654850817082,75.65921313704166,77.64715092916542,6107700
2023-01-19,74.62911224365234,76.21042901586867,74.35803350481167,75.9574194353531,7099700
2023-01-20,73.93331909179688,74.5839189475201,72.74055498763511,74.55681176919705,9429200
2023-01-23,74.70138549804688,75.19837341270122,73.10199993505529,73.53572857512414,6864300
2023-01-24,75.81282806396484,76.083906740508,72.54175963933493,74.80982110457256,6652300
2023-01-25,69.20744323730469,73.18332612549422,68.58395741579263,72.76766661315521,28527400
2023-01-26,69.03575897216797,69.98454469798497,67.58998532283309,67.86106400421257,18508700
2023-01-27,68.2947998046875,69.03575923365267,68.23154742272679,68.73756647841249,13243200
2023-01-30,67.81588745117188,68.99057552132729,67.67130663971072,68.09600415588717,10669600
2023-01-31,67.43636322021484,67.61708922637315,66.27974435677059,67.35504168793778,19020400
2023-02-01,67.08395385742188,67.80684406962793,66.27070409218805,67.42732981051614,15188700
2023-02-02,68.31285095214844,69.4333243775238,66.15322561648566,66.47852546481896,18604100
2023-02-03,67.47251892089844,68.16830208839288,66.5689094314722,67.99661407932405,11671500
2023-02-06,68.23155212402344,68.28576648544166,67.27372141034564,67.40926420788423,9343400
2023-02-07,68.7466049194336,69.19840962017541,67.54480276090213,68.10504307165932,10855800
2023-02-08,67.79782104492188,68.80986618710494,67.64420908139218,68.65625422357525,9082200
2023-02-09,66.20745849609375,68.6201008623691,66.07192259966763,67.95142493470101,13163500
2023-02-10,67.53575134277344,67.996593976453,66.34298744512553,66.34298744512553,9883000
2023-02-13,68.33094787597656,68.68335500369166,67.91528836364577,68.07793144352084,8114200
2023-02-14,68.70143127441406,68.97251689026793,67.58999541619913,68.03276215436642,7089400
2023-02-15,69.5237045288086,69.65924041403613,68.35804765790694,68.35804765790694,9344300
2023-02-16,68.3941879272461,69.14417838273344,68.36708075215508,68.49358549857423,7795600
2023-02-17,68.73755645751953,69.10803956498759,68.11406385909356,68.4032185479014,9436100
2023-02-21,66.55987548828125,68.2496207499655,66.51469225812149,68.16829920846953,11915600
2023-02-22,66.57793426513672,67.53575792807042,66.36106996096137,66.84901981584984,9351200
2023-02-23,65.84601593017578,67.20142995751911,65.64722076979334,67.20142995751911,9049900
2023-02-24,65.89118194580078,66.2616650310568,64.87914404264518,65.16829871411694,9127800
2023-02-27,65.3528060913086,66.99890153338795,65.18910549374925,66.36229195317053,7029700
2023-02-28,64.59795379638672,65.34369930264661,64.38878508406421,65.20728100327115,11276700
2023-03-01,63.54299545288086,64.60704562329262,63.33381981685308,64.44334506334293,11809200
2023-03-02,65.67110443115234,65.68020083526886,63.77036534367804,63.98863047281098,16066500
2023-03-03,67.14442443847656,67.1808031244238,65.64383660114636,66.28954266502878,10724800
2023-03-06,67.66279602050781,67.84468247798225,66.76244626051921,66.88067176402524,6888900
2023-03-07,67.07166290283203,67.74465120476513,66.40776406792781,67.24445991572308,7308900
2023-03-08,67.52638244628906,67.64460795809067,66.4259533427502,66.73516172985782,5913600
2023-03-09,67.08076477050781,68.19937989629629,66.74426712287936,67.7537531272397,7678100
2023-03-10,66.3986587524414,67.54455579177095,65.8166138293945,67.28991200525327,10167100
2023-03-13,66.6533203125,68.37217326836043,66.38958005227212,66.4441446100694,8388800
2023-03-14,67.79920959472656,68.07203926187152,66.78062746389197,67.28991506004772,8635800
2023-03-15,68.68138122558594,68.98150016853201,67.23536494534054,67.70827396634151,12030300
2023-03-16,69.32707977294922,69.5817235726845,68.05385383574965,68.80869576962435,8895800
2023-03-17,68.81778717041016,69.38164627034155,67.97200198977472,69.38164627034155,14137400
2023-03-20,69.09062194824219,70.02735032949906,68.49038418635536,68.75412439034898,7140100
2023-03-21,68.5358657836914,69.43621557360542,67.54456582349363,69.43621557360542,6222300
2023-03-22,67.417236328125,69.09971714979312,67.38085765180818,68.49038299464031,7038000
2023-03-23,67.12623596191406,68.86328190083438,66.72608426769851,67.08985727361714,7541200
2023-03-24,68.83597564697266,68.89054019115318,67.03526936526373,67.28991315613666,5293900
2023-03-27,68.6086196899414,69.17247186157643,68.1629860812656,68.99968181148995,5515900
2023-03-28,68.42672729492188,69.345269861447,68.04476157207826,68.66318523985899,5935500
2023-03-29,69.21794891357422,69.39983537311021,68.63590391683066,68.63590391683066,5680500
2023-03-30,69.65447235107422,70.04553444534152,69.27250666044746,69.44530363700275,6187000
2023-03-31,70.10010528564453,70.13648396135001,69.09971598857436,69.81817228355787,10124400
2023-04-03,69.72723388671875,70.07282786056463,68.93602018559456,70.07282786056463,5778700
2023-04-04,70.1728744506836,70.65487984251172,69.50897564970629,69.8909414011334,6165600
2023-04-05,71.23692321777344,71.80077542671044,70.70034634641925,70.84586107035393,8200400
2023-04-06,71.81895446777344,71.84623673864982,70.90041202997399,71.66435030712556,5427700
2023-04-10,71.3278579711914,71.39151892071354,70.30927584031419,71.2551006178738,5647500
2023-04-11,71.24600219726562,71.4915565231307,70.84585064239236,71.29147727643262,6019600
2023-04-12,71.47338104248047,72.24641594457927,71.17326903820374,71.56433122286239,6786400
2023-04-13,71.70983123779297,71.94628919177342,70.4638943886964,71.31876909558538,4928600
2023-04-14,70.95499420166016,71.36424918205974,70.53664975439175,71.29149181596324,4920900
2023-04-17,71.42791748046875,71.43701388679635,70.745832714924,71.10051623792526,4393300
2023-04-18,71.20964050292969,71.90991102660996,70.8822393146178,71.60070264793978,8147500
2023-04-19,71.79169464111328,72.00086340890627,71.20055314606718,71.218739019496,3813300
2023-04-20,71.61888885498047,71.93719363996449,71.1459798799362,71.59160657891383,4350400
2023-04-21,71.83715057373047,72.5556138761349,71.44608844554891,72.24640551077086,5192600
2023-04-24,71.88262939453125,72.07361226633653,71.39152760766457,71.40062401256691,5725800
2023-04-25,70.77308654785156,71.93717630297331,70.48206410907113,70.69123973937687,8399800
2023-04-26,67.36267852783203,69.98188103819184,67.32629984787268,69.8272768522574,12656700
2023-04-27,68.98149871826172,69.59082605856625,67.21717765919301,67.5809506191498,8155600
2023-04-28,69.69086456298828,69.75452552379078,68.58134595164827,68.58134595164827,10005800
2023-05-01,69.84546661376953,70.37294010385433,69.44530809020142,69.54534772109345,5214700
2023-05-02,69.06336212158203,70.04555896435953,68.6722998904258,69.71816464245065,7674200
2023-05-03,68.56314849853516,69.62719888784218,68.45401245660987,69.35436919081477,6265900
2023-05-04,68.67227935791016,68.81778713097216,67.8083013695496,68.5540469201162,6042300
2023-05-05,68.67227935791016,69.63629003733148,68.38125687326277,68.76322258338934,6215500
2023-05-08,69.17247772216797,69.74543328514486,68.46311077612427,68.69047233260105,6751700
2023-05-09,68.7359390258789,69.31798398430334,68.38125559616788,69.31798398430334,5588100
2023-05-10,69.92729949951172,70.17285379495193,69.06332861057064,69.23611862524562,5696000
2023-05-11,69.20884704589844,69.88183521928629,68.6995594485804,69.65447369355172,6542700
2023-05-12,70.90043640136719,70.9277186816216,69.64540293998905,69.92732908731801,8315000
2023-05-15,70.5184555053711,71.41880525366035,69.863653165334,71.36424070483177,5430000
2023-05-16,68.97239685058594,70.48208088124339,68.83598547066717,70.48208088124339,6215700
2023-05-17,68.5176773071289,69.37255900448565,68.38126592012453,69.27251936166627,5408600
2023-05-18,68.29940795898438,68.43582627614325,67.49000139930526,67.9811031779629,6970600
2023-05-19,67.73555755615234,68.91783347969425,67.72646115116056,68.70866473455158,6338600
2023-05-22,67.82649230957031,68.36306218208472,67.72645268274167,68.12661119005625,4272600
2023-05-23,67.44453430175781,68.39035225478496,67.21717274913084,67.38996281093105,8751200
2023-05-24,67.51728057861328,67.68098116399167,66.98980708219273,67.43543375518585,6879400
2023-05-25,66.74423217773438,67.46269525124704,65.90754363839862,67.46269525124704,7716400
2023-05-26,67.65769958496094,68.24347998961446,66.4495266274814,66.93462537042386,7174000
2023-05-30,66.53192138671875,68.41740207212207,66.40378232944211,68.0512874871653,6874000
2023-05-31,67.23666381835938,67.52039921029305,65.79051552988939,66.48613231142791,11112000
2023-06-01,66.77903747558594,67.20922154253701,66.32139603977485,66.86141656522008,6738800
2023-06-02,67.59363555908203,67.9139831527826,66.37630771996602,66.85225870179586,7175400
2023-06-05,67.35565948486328,68.54552994607972,67.117690979063,67.8682226133992,5266600
2023-06-06,67.16344451904297,67.86821613485886,67.14514193690304,67.52955900931912,5652900
2023-06-07,67.88652801513672,68.18857303471339,67.07192682880259,67.4014292168764,6488100
2023-06-08,68.5546875,68.75605084616376,67.79500105149276,68.17027037535321,9984500
2023-06-09,67.79499816894531,68.82926524120153,67.730928650895,68.51807243440105,6011400
2023-06-12,67.71261596679688,68.16110252625128,67.44718315073737,68.10618779984335,7564300
2023-06-13,68.05128479003906,68.36248461898754,67.50211642589693,67.63941026269612,8579300
2023-06-14,67.1817626953125,68.60044692527559,67.08108102300528,68.55468697253393,8893600
2023-06-15,68.06043243408203,68.20687405706386,67.1909165306701,67.49295456027446,10098300
2023-06-16,69.18622589111328,69.94591231729984,68.38993429674886,68.41739166440918,23053600
2023-06-20,68.42654418945312,69.71708930826819,68.18856870582879,69.22283575753467,7801600
2023-06-21,69.36012268066406,69.58894335827674,67.47464253171259,68.14279499983196,7176100
2023-06-22,68.76519775390625,69.91845609592343,68.64621349774292,69.62556586432189,6976200
2023-06-23,67.88652801513672,69.55234254015252,67.7309316049502,68.9116473317057,9080100
2023-06-26,67.99635314941406,68.45399450297072,67.5570143774564,67.81329241815966,5670200
2023-06-27,67.64854431152344,68.46314531496957,67.0078422638681,68.2434724502036,5979100
2023-06-28,67.21837615966797,67.92314089652393,67.01701281112223,67.68516539523769,8735100
2023-06-29,66.6417236328125,67.36479772218978,66.36714304362687,66.52273940913727,7193200
2023-06-30,67.91397857666016,68.01466023976113,66.61427872233378,66.76072731704548,9259900
2023-07-03,68.0787353515625,68.16111443862432,67.27328896358497,67.61194612940992,2484500
2023-07-05,68.60042572021484,69.18620600544794,67.65768579188821,67.71260749447694,8450100
2023-07-06,66.83394622802734,67.99635928139851,66.82479842792932,67.99635928139851,7271200
2023-07-07,65.9461441040039,66.55938204886488,65.80885025497624,66.38547604122614,7511700
2023-07-10,65.63493347167969,66.34885298974906,65.07661036487075,65.71731256079374,7704700
2023-07-11,66.07427215576172,66.11088430827104,64.84778948738857,65.57086378757609,6623100
2023-07-12,67.24581909179688,67.33734596247166,66.07425838783348,66.3946059267215,9710500
2023-07-13,67.46549987792969,67.6668632277173,67.16345485324827,67.29159389710327,6058600
2023-07-14,66.99870300292969,67.50211137248853,66.62344065903008,67.25498807119406,6463500
2023-07-17,66.50446319580078,67.20007321729103,66.31224762919828,66.77904389384541,5148800
2023-07-18,65.9461441040039,66.88888449330918,65.25968184192082,66.60514200983727,7239500
2023-07-19,65.99188232421875,66.75156865324838,65.94612237832179,66.22985778526298,7464800
2023-07-20,67.82245635986328,67.84991372749631,65.58001621781678,65.99189069842,9221600
2023-07-21,69.46996307373047,69.80861322671778,68.0055120502701,68.11534151262131,11878400
2023-07-24,69.1038589477539,70.17473826478606,68.98487468465734,69.45166393584303,8609700
2023-07-25,69.04894256591797,69.50658400501752,68.29841088511687,69.34183280761951,8847800
2023-07-26,68.06958770751953,69.73540220636583,67.62109408559841,68.54553171445251,7244600
2023-07-27,67.0627670288086,68.5455276642336,66.98954971264405,67.676011805943,10185400
2023-07-28,66.67835235595703,68.078733959896,66.3397021801087,67.50210829446635,6230700
2023-07-31,67.09024047851562,68.16111981338464,66.85226496530436,67.18176737342628,10876400
2023-08-01,66.05596160888672,67.55702492424966,65.98273730495342,67.1085382830026,6723400
2023-08-02,65.81798553466797,66.22070519392972,65.40610410964958,65.45187104011379,6589600
2023-08-03,64.16131591796875,65.44271309546963,64.12470377197697,65.16812549205771,9075100
2023-08-04,63.310115814208984,64.70134971727418,63.17282198412233,64.57321067134112,9140500
2023-08-07,62.82500076293945,63.81350770442144,62.79754340062925,63.612144403410014,8397200
2023-08-08,62.889076232910156,63.108742135274404,62.15685423067827,62.55041910518154,8890000
2023-08-09,63.081295013427734,63.68538507183728,62.70603266024802,62.962310751795975,7453000
2023-08-10,62.504661560058594,63.75860147605572,62.37652253016731,63.42909911832003,7959900
2023-08-11,63.081295013427734,63.099604581712164,62.38568504581308,62.513824091587054,6524200
2023-08-14,62.751792907714844,63.09045009201474,62.51382438334072,63.0172257846438,8021100
2023-08-15,61.644287109375,62.449740337033056,61.479535947631554,62.376516046690924,7703900
2023-08-16,61.83650588989258,62.1934656356968,61.60768518191274,61.98295449486551,6433500
2023-08-17,61.790748596191406,62.37652907517408,61.58938524721846,61.63514520095059,6677600
2023-08-18,62.083641052246094,62.29415220964883,61.62599960026088,61.635147401501435,6291300
2023-08-21,61.39717102050781,62.0561757443571,61.021901726017276,62.01040881179121,6856100
2023-08-22,61.79989242553711,62.07448006250006,61.10428251585737,61.42463010361168,7370400
2023-08-23,62.1385498046875,62.367370508632604,61.59853629524284,62.30330099085012,7721800
2023-08-24,61.52531051635742,62.61449927555359,61.39717148387005,62.1385483122689,9242500
2023-08-25,62.2026252746582,62.440600784788096,61.534472665712855,61.598542189626166,10114100
2023-08-28,62.25752258300781,62.78838819425676,62.22091742221006,62.46804066438323,7152600
2023-08-29,62.21883010864258,62.53217885276037,61.850179150349966,62.467665462416576,11209700
2023-08-30,61.83173751831055,62.42158322067186,61.58290218553116,62.08057988252153,7461500
2023-08-31,61.56447219848633,62.476877784955775,61.499958814219426,62.209606041155325,11797800
2023-09-01,61.629005432128906,62.274139482581695,61.241917970423444,62.062162848042185,8296600
2023-09-05,61.011497497558594,61.99763475907836,60.652064750089004,61.5829068293618,10002700
2023-09-06,60.541473388671875,61.20504369043721,60.237335828457425,60.854822124821055,9250300
2023-09-07,61.057586669921875,61.72115703876007,60.707372100338475,61.08523426338468,9981100
2023-09-08,61.59212875366211,61.74880313377115,60.89169260006001,61.066803396318676,7484800
2023-09-11,62.23725128173828,62.569036397287526,61.70270781430547,61.74879181479947,7981600
2023-09-12,62.42158889770508,62.698071844668306,61.850179557022834,62.209612310077596,7171300
2023-09-13,63.06672668457031,63.380075450022254,62.55983070347727,62.55983070347727,8925700
2023-09-14,63.850093841552734,63.91460722437834,63.057496834591625,63.499879339275346,7944900
2023-09-15,63.26026153564453,64.41229136697756,63.22339573727003,63.9053954286182,18391400
2023-09-18,62.8916130065918,63.46302235626535,62.58748246328988,63.41693834866355,7534100
2023-09-19,62.29256057739258,62.81789298895166,62.071372794032285,62.71651379002969,8215500
2023-09-20,62.07136917114258,62.79945290661705,61.96998997813775,62.73493951392602,5804000
2023-09-21,61.665855407714844,62.40315027159518,61.536821599317996,61.85017736582693,9458600
2023-09-22,62.39392852783203,63.02985120070963,61.14973780251501,61.287982778979476,11796500
2023-09-25,62.181968688964844,62.20961628228329,61.54604591690971,61.951562702734165,8656500
2023-09-26,60.21889877319336,61.92390851487272,60.15438538517638,61.859395126855745,9042600
2023-09-27,55.26057434082031,59.89634194792075,54.864275738526054,59.62907014344945,25606200
2023-09-28,52.60630416870117,55.94258235356795,52.514139651280246,55.57393131531794,31153800
2023-09-29,52.79983901977539,54.15462388897166,52.51413431835971,53.15005360325932,19047600
2023-10-02,48.06269073486328,51.96115964873723,46.247090415638525,51.68467316494718,54022800
2023-10-03,48.64330291748047,48.947440458264445,46.54200178375769,47.988950864886554,36257500
2023-10-04,46.65259552001953,49.721604445013085,46.57886744458933,49.50041318729094,28467400
2023-10-05,45.57430648803711,46.20101107533544,44.45914231664786,45.90609168316169,29911400
2023-10-06,46.30238723754883,46.54200790957406,43.45456918720565,45.214870731869794,24718500
2023-10-09,45.454490661621094,46.46827554968106,44.58816545756469,45.795490521682545,20644600
2023-10-10,47.53736114501953,47.57422342806367,45.63881469746178,45.78627437678654,23164300
2023-10-11,49.34375,49.37139759508065,47.6479616926276,47.97052868762375,22401400
2023-10-12,48.846065521240234,49.74004180769585,48.13641471347968,48.91057891142609,27972800
2023-10-13,50.21928787231445,50.919720489600174,49.30687866413773,49.334526256116476,22319200
2023-10-16,50.1179084777832,50.72618010886534,49.362177163884674,50.21928766891625,17089400
2023-10-17,49.92436981201172,50.541859713005096,49.35296392305579,49.38061503342156,13365500
2023-10-18,49.067256927490234,50.48655503101719,48.91057903968793,49.841421127466795,13593300
2023-10-19,48.283878326416016,49.75847876037894,48.27466363380289,49.104123081922936,11580400
2023-10-20,47.88758087158203,48.56036595108575,47.63874197657932,47.87836617875221,17798900
2023-10-23,47.4820671081543,48.44055687571737,46.956741729256855,47.25166111685835,15200700
2023-10-24,50.79990768432617,51.0856123550512,48.94744521774089,50.17320315969562,20060300
2023-10-25,52.03488540649414,52.47726446388781,50.60636904113026,51.251506484889624,19262400
2023-10-26,53.057891845703125,53.675381735801395,52.23764707222688,52.320593370427645,17357800
2023-10-27,51.83212661743164,53.472615937379764,51.54642195967112,52.86434433998314,11921000
2023-10-30,52.71689224243164,52.965731138366706,51.39896967269212,51.98880845607162,11017700
2023-10-31,53.73066711425781,53.905777887219976,52.89198959255651,53.04866746753762,19978300
2023-11-01,53.850486755371094,54.182271934190354,52.698456837646596,53.55556737769093,13428900
2023-11-02,55.21448516845703,55.730595794373315,53.91499566986332,53.933428568901334,15076500
2023-11-03,54.72602462768555,56.67065149345593,54.71680642048056,56.421812634660505,13938000
2023-11-06,54.41267395019531,55.18683813908607,54.246781372881856,54.74445910482221,9299500
2023-11-07,53.878135681152344,54.891924143257796,53.822840493792164,54.42189395639792,9615500
2023-11-08,52.993370056152344,53.61085633274127,52.32979977563752,53.61085633274127,12781600
2023-11-09,50.43125915527344,52.78139931428525,50.33909465909263,52.64315432787207,17147900
2023-11-10,50.81834411621094,51.03031720314084,50.237720042445154,50.68931732553329,12776100
2023-11-13,50.22850036621094,50.74461099342977,49.59258116851667,50.73539278602949,8951800
2023-11-14,53.039451599121094,53.214562379803645,51.10404293008594,51.684666937082866,13399500
2023-11-15,52.53256607055664,54.12697511011037,52.51413316934767,52.97494515242273,11295000
2023-11-16,52.16391372680664,53.242215567447666,52.145484341791395,52.91964507821959,11155400
2023-11-17,52.87356185913086,52.882780066879704,52.06253536304004,52.541776694495454,10136300
2023-11-20,52.845916748046875,53.15926902761034,51.89664521689122,52.53256446848341,8404900
2023-11-21,53.43574905395508,53.72145370590999,52.329799758693774,52.827477468918744,11952600
2023-11-22,53.396728515625,54.17719239500737,52.95074966231006,53.870579939670606,9626900
2023-11-24,53.47105407714844,53.526802760353995,52.89499852798979,53.0901136027222,4629400
2023-11-27,53.498931884765625,53.610425710382096,52.83925151774987,53.42460030480477,9779100
2023-11-28,54.03782653808594,54.4280602794421,53.20161390969782,53.48035381537728,9473600
2023-11-29,54.22364807128906,55.031984524536966,53.87058014859032,54.381597365141864,17019100
2023-11-30,54.36301803588867,54.52097088442767,53.87058368236876,54.33514546322154,15381700
2023-12-01,54.97623825073242,55.320016513010536,53.58255293844558,54.4001826473982,10510200
2023-12-04,54.51167678833008,55.31072360565324,54.428059071671896,54.437348747636676,10239600
2023-12-05,54.10286331176758,54.68821213440982,53.76837827025773,54.52096961365489,12544800
2023-12-06,55.93323516845703,55.98898030984951,54.465218343490804,54.465218343490804,13235700
2023-12-07,55.6080436706543,56.26772409220692,55.22710315267396,56.100481567793594,12230500
2023-12-08,55.46868133544922,55.700962242595715,54.9112050317024,55.347894271321934,9408300
2023-12-11,55.477970123291016,55.691668129122604,54.38160397558093,54.38160397558093,11005700
2023-12-12,55.301429748535156,55.524417398081084,53.96349321828524,55.43150646815774,9931000
2023-12-13,58.07950973510742,58.16313099376596,55.12490019926406,55.37576043091472,13013400
2023-12-14,58.33037185668945,60.01208311354424,57.94014169023415,59.13871184890376,16809100
2023-12-15,57.14109420776367,58.4511581770955,56.69511536121718,57.69856687986559,28901500
2023-12-18,56.676536560058594,57.69857104750995,56.53716660980383,57.23400927242751,10755600
2023-12-19,57.206138610839844,57.44771272677353,56.55575139513592,57.011023509426224,11509600
2023-12-20,55.5987434387207,57.34549639300089,55.542994759725524,57.187543574676766,10091200
2023-12-21,55.37575912475586,56.351341634202505,54.87403512896387,55.868196989385325,12604200
2023-12-22,55.51512908935547,56.55574641627636,55.44079750812726,55.71024417359222,9799400
2023-12-26,55.942527770996094,56.267723138208495,55.39434473789667,55.45009342653095,6791600
2023-12-27,56.28630828857422,56.36992600838679,55.42222307392574,55.66379364569862,6787500
2023-12-28,56.695125579833984,56.769453628826064,55.85891287663898,55.85891287663898,5981900
2023-12-29,56.434959411621094,56.7322786294363,55.998270259812976,56.49070454975854,6814600
2024-01-02,57.206138610839844,57.74503198921101,55.91465740006609,56.258432132698445,10064300
2024-01-03,57.59636306762695,57.71714656178609,56.17480180755187,56.778733455645984,10306300
2024-01-04,57.419830322265625,58.31178801191708,57.35479196224884,57.763605017257895,10568100
2024-01-05,57.679988861083984,58.12596771792846,56.92739754647617,57.280465470599886,7803800
2024-01-08,58.460453033447266,58.59053330983582,57.2247205345195,57.40125273598772,7766600
2024-01-09,57.61494827270508,58.57194791437604,57.503454442025195,58.47903343520533,6921600
2024-01-10,57.86581039428711,58.283916677779764,57.51274601651542,57.62423984400517,8100100
2024-01-11,56.4163818359375,57.78219101393184,56.30488446050226,57.605658819313525,10686000
2024-01-12,56.71370315551758,57.289758772363186,56.602205776005434,56.84377988728996,7796900
2024-01-16,56.072601318359375,56.862358413068215,55.94252459658553,56.36063087680493,11633100
2024-01-17,54.14002990722656,55.75670290607569,53.703340702740554,55.245685660332,11543100
2024-01-18,53.56397247314453,53.96349587124089,53.17373875076729,53.8519984966617,9626500
2024-01-19,53.20161056518555,53.69404843509045,52.5698098398522,53.629010073007244,12762600
2024-01-22,52.82067108154297,53.69404946511441,52.644138887405646,53.3038157408043,12979900
2024-01-23,53.313106536865234,53.433890037945076,52.85783446992449,53.22019206181365,16081000
2024-01-24,52.969329833984375,54.27010416788488,52.72775928048424,53.98207460334729,14471400
2024-01-25,53.87057876586914,55.152770156414604,53.01578686838869,54.771829672654874,15702600
2024-01-26,54.335147857666016,54.836875453735196,54.093577280480076,54.19578144386364,11650000
2024-01-29,55.34788513183594,55.55229343055544,54.084276638524074,54.32585072688799,10102800
2024-01-30,55.07844161987305,55.51513081232976,54.418764765460764,55.2828499302698,7807700
2024-01-31,54.474510192871094,55.72882546319544,54.28868478947958,55.46867202504219,11124900
2024-02-01,55.51512908935547,55.589460670583684,53.89845264089055,54.25152056307481,8687600
2024-02-02,54.028533935546875,54.84616007865749,53.87058109459544,54.71608335335921,14952900
2024-02-05,52.003047943115234,53.3595675202249,51.928716355387216,53.30381882942889,14293600
2024-02-06,52.2446174621582,52.56981283542972,51.57564736338261,52.03091946823269,10305400
2024-02-07,52.38398361206055,52.653426731777316,51.68714099118901,52.32823492643388,7761300
2024-02-08,52.30036544799805,52.42114895750978,51.464152835781896,52.42114895750978,8143000
2024-02-09,52.5698127746582,52.61626824383612,51.77076594522775,52.01233651154795,8003500
2024-02-12,53.47105407714844,53.54538565475585,52.4954751591617,52.57909641180769,9622000
2024-02-13,51.334075927734375,53.090118862966676,50.79518256966042,52.848548300456834,12759700
2024-02-14,52.04021453857422,52.09596323402585,51.18542247426875,51.46415886287595,8831300
2024-02-15,53.210906982421875,53.57326460560871,52.23532794822844,52.30965599036478,9880000
2024-02-16,52.987918853759766,53.350276498052914,52.33753515596454,52.82996953981673,9943500
2024-02-20,52.597679138183594,53.25735593788086,52.077368729567965,52.71846617924743,13014600
2024-02-21,53.05295181274414,53.27594301804947,52.62555584226097,52.978623773859006,9322100
2024-02-22,52.6534309387207,53.03437500445262,52.328239107394836,52.764928318882546,10426000
2024-02-23,52.75563430786133,53.38743860867734,52.50477052274393,52.77421720427652,10563900
2024-02-26,51.710182189941406,52.44153083671246,51.43826922961026,52.413403143149495,12753800
2024-02-27,52.09461212158203,52.49779244117545,51.37263814409537,51.98209418813718,12421800
2024-02-28,51.60704040527344,52.24462766256043,51.29762148184008,51.897702764753355,13240400
2024-02-29,51.747684478759766,52.375897055538125,51.53203048278114,52.02897572085657,19993600
2024-03-01,51.76643371582031,52.150860998495716,50.89443951274281,51.81331439385069,15398200
2024-03-04,51.541404724121094,51.63516607962437,50.58502387556863,51.363253141191855,11674600
2024-03-05,51.944580078125,52.985343902136684,51.522646864733176,51.56952753805091,16026100
2024-03-06,52.06647872924805,53.36040629702876,51.81331875445834,52.48841202056423,11074900
2024-03-07,52.74156951904297,52.94784880217165,52.06647628463391,52.58217449245561,10227300
2024-03-08,54.20427322387695,54.532441576558654,52.79783129506946,53.1822586125395,12735600
2024-03-11,54.260520935058594,54.513680875638606,53.3416461007865,53.97923330444735,9681500
2024-03-12,53.58543395996094,54.38241621516628,53.02285509443383,54.0729973026114,9634400
2024-03-13,55.82636642456055,56.604595727219895,55.27316581652481,55.32004649650751,17495300
2024-03-14,55.82636642456055,56.4827066746182,55.42318613852942,55.50757279320492,16996100
2024-03-15,56.33268356323242,56.37956424089377,55.207529415527915,55.50757004468026,32424500
2024-03-18,56.417076110839844,57.326576432617486,55.732608087098384,56.33269302293919,17073700
2024-03-19,57.44845962524414,57.560973967368334,56.50145348013003,56.62334610387834,11433900
2024-03-20,58.32045364379883,58.51735463609793,57.53284609783598,57.61723274835937,14564500
2024-03-21,57.5328483581543,59.43623184535756,57.467214691476016,58.32045593506023,18090300
2024-03-22,57.9266471862793,58.5923656753388,57.87039180464496,58.33920572768513,10046300
2024-03-25,58.70487976074219,58.73300745143735,57.579725634972824,58.13292620483139,11423500
2024-03-26,57.598487854003906,58.986176853416914,57.47659521350831,58.714263877221725,13829600
2024-03-27,59.81128692626953,59.87692059568156,58.15168504949386,58.28295238831791,13409000
2024-03-28,59.923797607421875,60.25196951115151,59.43623068110058,59.69876534267109,12830800
2024-04-01,59.42686462402344,60.05507725432876,58.84553267913982,59.92380632767415,13175200
2024-04-02,58.958045959472656,59.38935395411273,58.47047900070994,59.32372028435301,9905300
2024-04-03,58.64862823486328,59.06118682676136,58.00166622952332,58.77989557709746,10551400
2024-04-04,59.75502395629883,59.98943092470269,59.04242834612836,59.39872436283035,10690100
2024-04-05,60.17695617675781,60.345729477238656,58.97679366379753,59.11743569635395,10278100
2024-04-08,60.814544677734375,60.8708000612268,59.94255046593672,60.14882974345296,8054900
2024-04-09,61.30210876464844,61.75217329860804,60.74891174422145,61.08645835630788,9188000
2024-04-10,60.01756286621094,60.23321327358254,59.07055670024943,59.5393706423149,10783400
2024-04-11,59.95192337036133,60.748909187977276,59.3705951055444,60.59888529845921,12145600
2024-04-12,59.145572662353516,60.298851032135225,59.02368002764836,60.1207065864612,9039500
2024-04-15,58.83615493774414,60.317608842666104,58.41422163717986,59.56750360754433,11147100
2024-04-16,57.85164260864258,58.676756168744916,57.48596829699682,58.59236951399847,11594100
2024-04-17,59.81128692626953,59.933175982739456,58.05792010978615,58.35796434008407,15653700
2024-04-18,60.01756286621094,60.3738588869088,59.19244932668108,59.867538971054124,10135000
2024-04-19,60.28947830200195,60.852053625017724,59.6800187214293,60.21446635132429,13419400
2024-04-22,61.23647689819336,61.405250209196396,59.93317466737725,60.561383654181185,14747200
2024-04-23,62.07095718383789,62.98045728979119,61.03956803977434,61.17083535882612,14349200
2024-04-24,62.408512115478516,62.914832051103375,61.1520941353798,61.79905968982267,12149600
2024-04-25,62.72731399536133,62.93359329783742,61.42401166084479,61.883447373201804,11418500
2024-04-26,61.87407684326172,63.102374529132085,61.649048100333886,63.02736256364455,9982800
2024-04-29,63.214874267578125,63.67431711068186,62.78356627176252,62.83982165927175,9795800
2024-04-30,62.79293441772461,63.280497722343625,62.13659067075658,62.72730075838104,10042600
2024-05-01,64.33065795898438,64.56506496010194,62.577291015352834,62.699187234195705,13991100
2024-05-02,64.55567169189453,64.71506669880628,63.44927061730488,64.58379938093398,10815900
2024-05-03,65.76522064208984,65.89648797642269,64.98698776459275,65.5308136659907,12687500
2024-05-06,66.80599975585938,66.8528840206106,65.8777499727676,65.9715113487356,14042100
2024-05-07,67.46232604980469,67.5467162825261,66.86224475268945,67.2185479409058,13621100
2024-05-08,68.30619049072266,68.34369646482072,67.0216448571464,67.22791698438606,9915000
2024-05-09,69.92828369140625,70.06892929342119,68.05302807396033,68.44683003677618,16627900
2024-05-10,69.18756866455078,70.51899866317498,69.05630132122353,70.20020858753271,12046700
2024-05-13,69.92828369140625,70.01266676049573,69.00002701022714,69.51572516643776,7685500
2024-05-14,70.71588897705078,70.89404055326476,70.0032969792601,70.26583162618641,8176600
2024-05-15,72.2442398071289,72.37550715402075,71.23159985664842,71.23159985664842,12470600
2024-05-16,71.64415740966797,72.5817853899843,71.31598189373022,72.25360987404656,10414200
2024-05-17,71.34410858154297,71.77542374151015,70.8284174917683,71.58789385597362,9490300
2024-05-20,71.13782501220703,71.43786562734185,70.85653380584765,71.25033577192475,7179700
2024-05-21,72.15047454833984,72.15985283169456,70.74403249356882,71.1378417055907,6420100
2024-05-22,71.55976867675781,72.3661293290732,71.40975191658939,71.64415891659888,8773600
2024-05-23,70.62214660644531,71.22222800457222,69.96580981272356,71.22222800457222,9097800
2024-05-24,71.83168029785156,72.2911160061991,70.56588395242572,70.71590070975942,7601100
2024-05-28,72.69429779052734,73.37876937897765,71.56914705046908,71.84106002924885,11986600
2024-05-29,71.8973159790039,72.10359528544245,71.40975256213153,71.98169906607386,6896300
2024-05-30,73.31312561035156,73.37875927525879,71.83167185555085,72.0754571052918,21762300
2024-05-31,75.02898406982422,75.45092093189955,73.25686784829477,73.40689175130824,16196000
2024-06-03,73.33502960205078,75.26018118216837,73.15572404511926,75.0242558493089,15410500
2024-06-04,72.80656433105469,73.41053265007857,72.22146687205705,73.2406661103612,8484300
2024-06-05,72.71220397949219,72.976439249419,72.28753398150599,72.71220397949219,9264600
2024-06-06,72.38189697265625,73.39165721715538,72.31583816039445,72.6083905003,6550600
2024-06-07,71.14566040039062,72.66502049583879,70.7870563976896,71.30608793845123,10059500
2024-06-10,72.63670349121094,72.72163316779898,70.63605377753245,71.22115128244327,11218500
2024-06-11,68.64484405517578,71.07959561629768,67.5218441830834,71.06072475452655,22781500
2024-06-12,68.1918716430664,69.78672226431168,67.38028778615633,69.63573376993381,13930500
2024-06-13,69.06006622314453,69.56966582455694,68.28623139134126,68.47496878451473,10023200
2024-06-14,68.94683074951172,69.39981064706997,68.30511342789573,68.66372461342513,6568500
2024-06-17,68.23904418945312,69.26768243314798,68.12580463225854,68.63540423924451,8445300
2024-06-18,66.47433471679688,66.61588417924433,65.08709238584433,65.2097709865891,29169800
2024-06-20,68.38059997558594,68.78639185012526,66.80462042557956,67.00279684804711,14857200
2024-06-21,68.71089935302734,69.54136122585521,68.01256230531621,69.22993802354476,19465500
2024-06-24,69.69235229492188,70.07927335453365,68.182431379096,68.41835674718976,12063700
2024-06-25,68.871337890625,69.58854583893546,68.31455026773372,69.42811831364531,10753200
2024-06-26,69.23938751220703,69.46587387542874,67.87101590136993,68.70147789963566,11481500
2024-06-27,69.56967163085938,70.20194987061763,69.10725993908237,69.47530292639661,9824500
2024-06-28,66.8235092163086,69.18276325953228,65.92699555983238,69.08839453777772,23935600
2024-07-01,65.96473693847656,67.59733651759893,65.62500381914695,67.43690898899082,11036400
2024-07-02,66.50264739990234,66.62532600579502,65.47400899710402,66.05910653263241,9415200
2024-07-03,67.78607177734375,67.86156961562791,66.57813516427773,66.92730006656923,4487200
2024-07-05,68.03144073486328,68.27680515184834,67.60677792073692,67.94651105198656,7688800
2024-07-08,68.0503158569336,68.49385671466867,67.7011437093851,68.08806478098244,5368700
2024-07-09,68.05974578857422,68.88076137728879,67.64451487942286,68.00311881013623,6220100
2024-07-10,68.79583740234375,69.01288470472815,67.6445204770573,68.19186904807393,6740900
2024-07-11,70.49449157714844,70.97578130627302,69.32430385915228,69.36205277907091,12188700
2024-07-12,71.7213134765625,72.38190164179296,70.56055747209068,70.77761198344983,11099400
2024-07-15,66.97449493408203,70.21139128622526,66.77631848801663,69.99433677870361,19575400
2024-07-16,67.85213470458984,68.22017768872816,66.86124531660481,67.51240161155901,10551800
2024-07-17,66.90843963623047,68.1824352564106,66.51208672326266,67.71058449339046,11878900
2024-07-18,67.63508605957031,68.2862424108767,66.83294120933374,67.00280777054971,10212300
2024-07-19,67.94650268554688,68.28623577496424,67.41803219084007,67.8710048434829,7752100
2024-07-22,68.79583740234375,69.9754642192568,68.66371977483915,68.84301815509785,9034700
2024-07-23,68.0503158569336,68.9090804794638,67.86157843656045,68.35230004945328,7027500
2024-07-24,71.1645278930664,71.48538292152884,68.22017685602827,68.63540778685777,17813700
2024-07-25,69.3054428100586,71.4098931943698,69.17332517157588,70.95692049096375,13934200
2024-07-26,70.07928466796875,70.76818282208895,69.38094028176513,70.05097477120655,7076200
2024-07-29,70.1547622680664,70.46618547422909,69.41867628976964,70.26800903390847,5977500
2024-07-30,70.09815216064453,70.334077555477,69.07895272699905,70.334077555477,8505500
2024-07-31,72.08935546875,72.55176717790621,70.48506583297566,70.65493238734113,15618100
2024-08-01,73.97675323486328,74.00506312529154,71.62693873100274,72.02329159673914,11136600
2024-08-02,74.74115753173828,76.02459217540341,73.4388520256095,74.89215323093241,14513100
2024-08-05,72.363037109375,74.55242447690442,72.18373150604124,74.12776164780742,11877600
2024-08-06,72.63670349121094,73.98619688489761,72.35359016950906,72.52345672255602,9050900
2024-08-07,73.19347381591797,74.32591974677145,72.93867762140111,73.34446948664637,8193200
2024-08-08,73.17461395263672,73.8257702807271,72.28753225348414,72.77826105722124,6935900
2024-08-09,73.09911346435547,73.63702300294409,72.05160427870331,73.13686238634581,5041200
2024-08-12,73.21236419677734,73.24067408983619,72.5612078569398,72.97643882145894,5955600
2024-08-13,73.72195434570312,74.08055827789767,73.16516678796225,73.93900163102319,5108900
2024-08-14,73.61815643310547,74.15606600304898,72.75938460747629,73.60871740209001,4620700
2024-08-15,73.05193328857422,73.4294081117167,72.78769083255544,73.17461188610845,5946500
2024-08-16,74.14661407470703,74.35422952170714,72.89148956320265,73.15572478670465,6344200
2024-08-19,74.88269805908203,75.09031350078762,74.0144945754675,74.14661218384929,5617000
2024-08-20,74.53353881835938,75.29793463894937,74.51466075866543,74.88270372412507,5967300
2024-08-21,75.15637969970703,75.48667375315955,74.67508996475028,74.71283888512635,5125300
2024-08-22,74.47691345214844,75.4394929210211,74.04281166809875,75.19412853877724,8006600
2024-08-23,75.17526245117188,75.79810167656939,74.70341171683071,74.98651783751292,5052900
2024-08-26,76.10008239746094,76.50587429853344,75.45836513994794,75.49611406096288,5378700
2024-08-27,75.12806701660156,76.10007828057299,75.0997571273395,75.83584304763359,5086000
2024-08-28,74.93933868408203,75.6187977081494,74.73172320455966,75.24132287251341,5462400
2024-08-29,75.52442169189453,75.66597834149724,74.2787361351572,75.05257099313235,5179200
2024-08-30,76.46949005126953,76.68794310719073,75.48168310116338,75.59565608807802,6808200
2024-09-03,75.91860961914062,77.10587674864895,75.63366260945725,76.71644965184856,9883900
2024-09-04,77.01087951660156,77.4477928524681,76.2890192351038,76.3745062173939,7517700
2024-09-05,76.29853057861328,78.01769092871541,76.20355066498662,77.84672418558627,8494900
2024-09-06,75.96609497070312,77.11536855794341,75.80462115124578,76.80192833055897,8181500
2024-09-09,77.11537170410156,77.16285803817121,75.28223109014395,76.08957123435779,6918000
2024-09-10,78.16966247558594,78.2551422215894,76.98239547107522,77.38131544543018,9588000
2024-09-11,79.2429428100586,79.37591612405565,77.62826271352175,78.549575747215,10216500
2024-09-12,79.27144622802734,79.7558532177453,78.55908599170809,79.24295297801507,7856600
2024-09-13,80.4017105102539,80.47769732590426,79.30942358641022,79.6893504181604,6734400
2024-09-16,80.39222717285156,81.26605399621877,80.13578067448408,80.81964041896508,8791400
2024-09-17,80.70565795898438,80.73415120585197,79.95530438996148,80.5346912312766,7415100
2024-09-18,80.05028533935547,80.72465209452774,79.31893208970459,80.24974531653298,9286200
2024-09-19,78.16016387939453,79.59438447865254,77.38131699866226,79.43291065545584,13965200
2024-09-20,78.60657501220703,79.5563886055273,77.93220823052995,78.12216805059295,26032300
2024-09-23,80.56319427490234,80.67717452273533,78.77754720453768,79.46141419852934,7916000
2024-09-24,80.0597915649414,80.99060486223794,79.70835791387881,79.97430457024925,8205300
2024-09-25,80.37322235107422,80.93360884732162,79.64186188554552,80.36372218689147,8354700
2024-09-26,79.27144622802734,80.35423320751238,79.0624860659332,80.021799879864,8462500
2024-09-27,80.29724884033203,80.58218859452644,79.55639533432205,79.56588825357625,8200900
2024-09-30,80.28773498535156,80.68665492110901,79.79383514772358,80.2592417394406,13884400
2024-10-01,80.99060821533203,81.44652196405872,79.61338129646526,79.88882812953925,9112600
2024-10-02,81.14257049560547,81.29453689285708,80.2497434548074,80.51569008487436,8403800
2024-10-03,80.7816390991211,81.77893890184376,80.49669215748504,81.35152573589143,7031500
2024-10-04,79.64187622070312,79.86033655721589,78.84403620179393,79.29994271359823,8341800
2024-10-07,76.26053619384766,79.35693061491118,76.16555628142912,79.35693061491118,11971600
2024-10-08,76.45999908447266,77.70425265131415,76.45049891891956,76.72594574793467,10098300
2024-10-09,76.53598022460938,77.02988009909728,75.66215346778323,75.66215346778323,10102500
2024-10-10,76.87792205810547,78.41661559155094,76.76394180705259,76.93490856038024,7928400
2024-10-11,77.7517318725586,77.77072495365385,76.35550490074998,76.91589862083383,7057000
2024-10-14,78.7490463256836,79.01499296502817,77.51428578986672,77.78973259390287,5815200
2024-10-15,78.63507080078125,79.83183799604572,78.52109055715987,78.83453079224151,15824900
2024-10-16,80.15476989746094,80.39222329975144,78.57808307443345,78.9105163883396,8061600
2024-10-17,79.57537841796875,80.38271848980456,79.49939159446595,80.06928552423462,6153000
2024-10-18,80.145263671875,80.17376416505701,79.3569239432258,79.7083503142796,8595300
2024-10-21,79.81283569335938,80.6961626317153,79.46140929892383,80.50620281020974,7053800
2024-10-22,79.4993896484375,80.00279690694411,78.96749638994254,79.02448288292354,8358500
2024-10-23,80.69615936279297,81.68396633691266,78.83452565074128,80.34472573609096,10825100
2024-10-24,78.65406036376953,80.3067412130327,78.35962047239046,79.78434084461574,9705100
2024-10-25,77.34332275390625,78.95800299651695,77.21034942787962,78.73954992368868,6580700
2024-10-28,78.7110595703125,79.63237272124589,77.51429234554433,77.92271250379441,8679600
2024-10-29,75.56717681884766,76.64996387383087,75.48169706285067,75.93760358784172,19232900
2024-10-30,75.12075805664062,75.88061187480146,74.93079822535195,75.74763854359877,11650200
2024-10-31,75.2727279663086,75.84261467826717,74.218434288259,74.45588768878365,13034700
2024-11-01,73.46807861328125,75.47218583724253,73.10715206334366,75.40569917681975,14615300
2024-11-04,74.43689727783203,74.8643105155214,73.2306299018148,73.46808331086511,11759100
2024-11-05,74.70285034179688,74.83582368254639,73.10716300629919,73.86700963251015,9051700
2024-11-06,70.78009796142578,71.21701854297632,69.04194478513469,70.57114508105609,28637800
2024-11-07,70.87509155273438,71.32149784578053,69.87778440070008,69.9157778132683,16311300
2024-11-08,73.1071548461914,73.31611500018928,70.93208080599058,71.2170277880791,14657100
2024-11-11,72.10035705566406,73.27812394293758,71.9388832291524,73.11665736292892,10275700
2024-11-12,70.53316497802734,71.99587889556719,69.92528481054366,71.81541197986,12569800
2024-11-13,70.51416015625,71.27401394046824,70.21022009186325,70.88458688326814,12451500
2024-11-14,71.50196838378906,72.35680209383494,69.95377478695804,70.17222786221802,13780200
2024-11-15,72.51825714111328,72.84119748978848,71.5114571796292,71.66342356697506,12930300
2024-11-18,72.55625915527344,72.82220579954814,71.5304587446402,72.47077941097194,9044300
2024-11-19,73.21163177490234,73.43958500286891,71.91988473892101,72.48027126736017,7942200
2024-11-20,73.02166748046875,73.61055452541304,72.5277675934046,73.31611462619226,7065200
2024-11-21,73.47758483886719,73.62005833624009,72.52777118505195,72.93619134605262,8908500
2024-11-22,72.66961669921875,74.14213349195319,72.44013574173502,73.84572028457555,8165400
2024-11-25,73.28155517578125,73.72139662356373,72.50705254980194,73.36761507592703,20803100
2024-11-26,74.09431457519531,74.37160738271291,73.11901512726048,73.62578887045673,10563600
2024-11-27,75.07917022705078,75.90148473265964,74.4480958942967,74.70626100881731,8689700
2024-11-29,75.22261047363281,75.52858750370406,74.88794923684675,75.13655785348833,6186500
2024-12-02,73.6927261352539,75.58596404503932,73.53017743203362,75.46165608781493,11361500
2024-12-03,72.9468994140625,74.17080741095555,72.8895310064166,73.69271789372752,9806900
2024-12-04,72.4209976196289,72.68872658055957,71.80904362462537,72.66960620980755,8310200
2024-12-05,72.86083984375,73.18594451040019,72.11502136064334,72.32538191640515,6487200
2024-12-06,71.94291687011719,73.14770463615524,71.6369398353373,72.85129143545008,7079200
2024-12-09,71.42657470703125,72.31582154757966,71.29271021878246,72.19152089279649,9269700
2024-12-10,70.89111328125,71.25445868940194,70.13573096595476,71.23533831847485,8619200
2024-12-11,70.73812866210938,71.28315042366975,70.3556555867008,70.9484819232703,7472800
2024-12-12,70.01143646240234,70.83375109072047,69.88712850773031,70.60426284904953,6969600
2024-12-13,70.3938980102539,70.51819864944592,69.74369602242923,69.84887629215577,7671200
2024-12-16,69.60026550292969,70.9676016707779,69.57158130211137,70.470384539706,9767000
2024-12-17,69.1030502319336,69.41859103956126,68.65365224857281,69.141298265743,7723000
2024-12-18,67.42974853515625,69.36123444859714,67.34369591573024,68.80664880651469,12496000
2024-12-19,66.71260833740234,67.88871176513493,66.6552399294871,67.42974261661152,13731700
2024-12-20,68.52935028076172,68.82577074482289,66.28233098807698,66.5309395819475,27547500
2024-12-23,69.31342315673828,69.35167119738264,68.12776307703415,68.21381569718311,7509000
2024-12-24,69.71501922607422,69.71501922607422,68.87357697888098,69.24648623113532,3001800
2024-12-26,69.19867706298828,69.70545076729182,69.10305332664909,69.30385733690791,4503800
2024-12-27,68.9500732421875,69.25605025243371,68.53891595075659,68.74927651312599,5458100
2024-12-30,68.61540985107422,68.75883816587455,67.86959136819306,68.53891377717176,8399000
2024-12-31,68.5484848022461,69.23693494946579,68.27119197655661,68.71103350504299,6216500
2025-01-02,68.47198486328125,69.43772778179,68.16600784787133,69.29429946002058,5344800
2025-01-03,68.8353271484375,69.49509302143142,68.45285407286035,68.76839490734154,5088900
2025-01-06,68.11819458007812,68.7875243029339,67.73572149488443,68.65365981737621,7025900
2025-01-07,67.34368896484375,68.74927329759998,66.9899000996728,68.32855219253906,8975400
2025-01-08,67.56360626220703,67.60184699950348,66.41618717652462,66.95164503947,7930600
2025-01-10,64.4273452758789,66.99946939505355,64.13093208863755,66.92297331606623,16261800
2025-01-13,64.02574920654297,64.40822229089665,63.0026379005606,64.27435780563296,17056600
2025-01-14,65.00106048583984,65.02974469253721,63.94925760648445,64.04488135556609,10699100
2025-01-15,66.25364685058594,66.97078113376365,65.98591788541034,66.23451918446358,12416500
2025-01-16,68.24250030517578,68.2903048798512,65.87117309024889,65.93810533084815,11469500
2025-01-17,67.65922546386719,68.69189319964697,67.6400977993701,67.97475897740367,12664600
2025-01-21,67.74527740478516,68.73014055980053,67.6783451698346,68.23293071374869,12153800
2025-01-22,65.48869323730469,67.47754717358184,65.34526493799373,67.4679833416101,14415200
2025-01-23,66.19628143310547,66.31101825475473,65.27834308950638,65.83292871103615,10780100
2025-01-24,69.6385269165039,70.80506660770402,65.02018002563175,65.11579647842059,24588500
2025-01-27,70.59469604492188,70.69031248418038,67.54448275562855,70.08792235129175,19128900
2025-01-28,67.4488754272461,69.68633104740692,66.85604175165768,69.16043691291492,16630500
2025-01-29,67.78353118896484,68.38592135462557,67.51580222644897,67.6496667077069,9496700
2025-01-30,68.17557525634766,68.84489773294638,67.68792185478695,68.83533389897558,8639200
2025-01-31,68.42416381835938,68.58671978527583,67.82177370176258,68.37635924755637,10708600
2025-02-03,67.9365234375,68.64409388164279,67.11420888279333,67.4106220495828,9128300
2025-02-04,66.8369140625,67.74528120131606,66.56918510769388,67.17157525600766,10574700
2025-02-05,66.16758728027344,67.68791576179072,66.11021887174844,67.64966772441832,9026100
2025-02-06,66.2345199584961,66.56918846394377,65.26878436497933,66.35882790454258,9145300
2025-02-07,65.2783432006836,66.34926640666146,65.2114109562517,66.11022163439503,9320400
2025-02-10,66.64567565917969,66.68392369589459,65.10622683297314,65.34527159114101,9121300
2025-02-11,67.2480697631836,67.29587433539166,65.69905718132136,66.36838684783469,7020100
2025-02-12,66.24408721923828,67.1142137063163,65.9572378648133,66.27277142517401,8574000
2025-02-13,65.5938949584961,66.6074499220956,65.55564691316509,66.37796165010964,15173000
2025-02-14,65.0775375366211,65.99546846074588,64.90542503240604,65.59387504926626,14184600
2025-02-18,65.4982681274414,65.54608000030599,64.57077323638215,65.02017857906593,12090900
2025-02-19,66.03372955322266,66.46401454638622,65.41221894376632,65.53651960664399,8843000
2025-02-20,67.06639099121094,67.35324759433084,65.80423506860302,66.0528436383025,9340500
2025-02-21,68.44329071044922,68.8161999158109,66.94209005692323,67.06639069368832,16742500
2025-02-24,67.6974868774414,68.32856132430568,66.85604455486506,68.17557645342598,11970900
2025-02-25,68.15644073486328,68.56759801344896,67.58273477045857,68.07994466092475,14063400
2025-02-26,67.89827728271484,68.50066746597182,67.42018775138055,68.07038980579789,8010500
2025-02-27,66.3396987915039,67.80265884223608,66.27276655088744,67.477554177051,9379800
2025-02-28,67.6479263305664,67.6961321571288,66.78991557502627,67.08877110521904,11247700
2025-03-03,69.04582214355469,69.12294117746322,67.48404586286456,67.53225169483753,9492200
2025-03-04,68.30348205566406,70.45333382072825,68.21672039888811,69.37358662029037,17869500
2025-03-05,67.94679260253906,68.34205245038069,66.8959658435505,67.9949910763273,7722400
2025-03-06,67.49368286132812,67.59008716204237,66.5392604252801,67.50331814277587,7482300
2025-03-07,70.21232604980469,70.491903673364,67.541882026083,67.65757160123137,13469300
2025-03-10,73.42263793945312,73.54796279255025,69.87490531035893,70.376212077924,25263700
2025-03-11,71.36919403076172,73.51904604878919,70.56902433329853,73.17198467049619,14836800
2025-03-12,70.29908752441406,70.74255319518345,69.20006230659935,70.37621390763745,12110700
2025-03-13,70.11591339111328,70.90644033913044,69.46035392042765,70.56901429062574,11252600
2025-03-14,70.90644836425781,71.03177322019955,69.7302967671023,70.16411979974248,8699300
2025-03-17,69.51820373535156,70.79075964907622,68.51558281011746,70.79075964907622,14954000
2025-03-18,68.15887451171875,69.61460365681482,67.7443294182878,69.61460365681482,15212100
2025-03-19,67.96607208251953,68.62163165355092,67.48404320250167,68.46737888146023,9457000
2025-03-20,68.59271240234375,69.49892171249483,68.05283504493387,68.48666545830844,11815600
2025-03-21,68.33241271972656,69.37359688616826,67.64793257933725,68.46738022035673,15782000
2025-03-24,67.55152130126953,69.20970168666375,67.39727589725744,68.39988941127702,12385400
2025-03-25,66.12471008300781,67.94678579173659,65.9608220492372,67.94678579173659,12618800
2025-03-26,67.22374725341797,67.32978683459591,66.2114837173706,66.29824538065526,9154600
2025-03-27,67.51295471191406,68.46736970701075,67.1080522721974,67.25266238786078,8748800
2025-03-28,67.91786193847656,68.41917606075206,67.64792695964046,67.90822665721565,7846900
2025-03-31,68.34204864501953,69.17113884185166,68.08175630656127,68.16851796765522,13347100
2025-04-01,68.3709716796875,68.99761066819612,67.9853471209763,68.44809806246508,8715800
2025-04-02,67.94679260253906,68.72767701657078,67.60936651013722,68.53486105588732,8480100
2025-04-03,69.547119140625,70.3376461291711,68.8047979772441,69.09401086270658,13652700
2025-04-04,64.5051040649414,70.78111437942673,64.45689823799972,70.17376067791487,20993500
2025-04-07,62.721595764160156,64.85216253970637,61.63221313884324,63.14578353392255,19494900
2025-04-08,61.80574035644531,64.18696407620037,60.92844798773371,64.042353948712,14232600
2025-04-09,65.1510238647461,65.35347510761903,59.501644917304255,61.11161957861066,23207800
2025-04-10,64.3219223022461,65.0738860306612,62.895113861148424,64.3990486731542,12801900
2025-04-11,63.44463348388672,64.58222183900095,62.27812457523867,64.06162980986294,14856900
2025-04-14,65.257080078125,65.67162525963484,63.58925671386135,64.09057092903404,11588800
2025-04-15,65.2281494140625,65.98011326515604,65.10281720209574,65.42095801761278,7851700
2025-04-16,63.28075408935547,65.60413694301893,62.952977964288486,65.50772527783228,11356100
2025-04-17,63.92666244506836,64.91964067922923,63.598886364158574,63.666370107591554,11212300
2025-04-21,62.355255126953125,63.685652164760285,61.352634191362576,63.45428036583227,11568700
2025-04-22,64.24480438232422,64.39905714443137,63.00116906974726,63.1072160049018,14352000
2025-04-23,64.8521728515625,66.61640060522133,64.58223781158418,65.12211524671902,19476200
2025-04-24,63.965232849121094,64.78468049899195,62.895128114582214,64.63043507739586,13724700
2025-04-25,63.714569091796875,64.46654026704901,63.0108110982087,64.26408903511913,9640200
2025-04-28,63.81098175048828,63.955584521876936,62.93368570978874,63.782061196210556,7123500
2025-04-29,64.8328857421875,64.97749588030588,63.357878514769794,63.676019347594796,8891500
2025-04-30,64.47618865966797,64.79432952675705,63.107228229086886,64.60152089195164,13763500
2025-05-01,63.6760139465332,65.19921952067249,63.569967011253205,65.06425203125731,11487900
2025-05-02,64.67863464355469,64.94857700745636,63.618172528490234,63.72421947551441,13333200
2025-05-05,63.72421646118164,64.6207904721355,63.51212257716591,64.59186991616554,7117800
2025-05-06,64.14839935302734,64.48581807232331,63.00116835224459,63.444634005487366,7943000
2025-05-07,64.93892669677734,65.536645113453,63.59888709382233,63.878464707016924,9961300
2025-05-08,65.86442565917969,66.88632452786776,64.50510804660188,64.85216207233348,13030100
2025-05-09,67.78289794921875,67.95642863817078,65.98974994844009,66.21148646689204,17326200
2025-05-12,67.1851806640625,68.43845120867707,66.23075828514861,68.36133218582822,18943800
2025-05-13,69.51820373535156,69.87490774452941,67.44547813776073,67.55152507683584,22962500
2025-05-14,69.59532928466797,69.83634371509812,68.20708381173372,69.21934736161106,15238900
2025-05-15,71.8705062866211,72.14044127258924,69.84597918150646,70.37621387192729,17789900
2025-05-16,72.3043212890625,72.3043212890625,71.06068608026952,71.87049830339849,12829800
2025-05-19,71.20530700683594,71.5812889462201,70.53046951439693,71.55236839014086,14438400
2025-05-20,71.73554229736328,72.50678410134482,71.17638702473214,71.34027508062078,8046700
2025-05-21,68.96868133544922,71.66803819251317,68.79515067387416,71.40774587773845,16133100
2025-05-22,64.53402709960938,66.51998367897734,61.584009108175074,66.4235793765649,40207600
2025-05-23,65.32454681396484,65.50771276143216,63.5988827803611,64.6015035942794,17161100
2025-05-27,65.594482421875,65.91262320692844,65.04496986368089,65.31490482487433,10910700
2025-05-28,64.79431915283203,65.70053577271871,64.4279798632835,65.44987870346088,7835700
2025-05-29,66.51034545898438,66.61639240523343,64.37013596948862,64.37013596948862,11570200
2025-05-30,68.10102844238281,68.14923426457119,66.03794576174386,66.32716598452254,18802700
2025-06-02,68.17587280273438,68.22446127716941,67.09710931340831,67.78712793379577,9366900
2025-06-03,68.95335388183594,69.07970022540908,67.89403173314993,68.32165182273626,11014300
2025-06-04,67.91346740722656,69.14773181985997,67.82600370373012,69.14773181985997,10894900
2025-06-05,69.48786926269531,69.9737984183785,67.78711721780417,68.32164225493186,10967200
2025-06-06,70.12930297851562,70.25564189631852,69.45871833586679,69.60449857314143,9286000
2025-06-09,69.87662506103516,70.42086342830231,69.31294537225608,70.19734013375687,7062600
2025-06-10,70.76101684570312,71.00398147699829,69.9057840128333,70.26537433643931,9888000
2025-06-11,70.94566345214844,71.42187199372741,70.51804338192746,70.78044930308712,12000200
2025-06-12,71.76202392578125,72.33542426322,71.19835166358489,71.3538451589417,11022200
2025-06-13,72.67556762695312,73.13234224660472,71.32468508759976,71.7134299180282,13213400
2025-06-16,71.7037124633789,73.18094140210084,70.51804401418377,73.08374962913108,14546000
2025-06-17,69.8377456665039,71.54821853762243,68.46742175463562,71.26637871004615,12971300
2025-06-18,69.555908203125,70.40142771459291,69.37125272695936,69.94465306177777,7203300
2025-06-20,69.51702880859375,70.5180417547022,69.48787424351346,69.84746451378265,15182700
2025-06-23,68.73955535888672,70.28480682363369,68.15643432381273,69.76972300205136,8671300
2025-06-24,69.39069366455078,69.5947830459102,68.69095440578053,69.02138271426014,9001300
2025-06-25,68.36052703857422,69.12829618497825,68.16615829390913,68.65208757026417,12839000
2025-06-26,68.99222564697266,69.19631502093486,68.3119277337653,68.41883275079662,8010800
2025-06-27,68.8950424194336,69.79887104162043,68.37023798577434,69.49759730578857,14275000
2025-06-30,67.46641540527344,67.71910069181713,65.30888834525152,65.9211639466962,20894500
2025-07-01,71.00396728515625,71.09143839057921,65.63931256087811,67.61218378631861,23841100
2025-07-02,70.96509552001953,71.67455539863275,70.53748287556333,70.74157224524059,11240100
2025-07-03,71.80089569091797,72.93797565041244,70.43057920698114,70.94566297096772,8560900
2025-07-07,72.64642333984375,72.75332836870315,71.43160020707045,71.62596894243738,11368300
2025-07-08,70.42086791992188,71.33441730726734,69.2546406543383,70.8096128133471,19550700
2025-07-09,71.57737731933594,71.81062127446106,70.63467342339524,70.8193289041606,8818700
2025-07-10,72.53951263427734,72.73388135443362,70.94566540198345,71.23722589690925,6955100
2025-07-11,72.3062744140625,72.34514964411109,71.41216636702092,71.77174926925939,8094100
2025-07-14,72.92826843261719,73.69603759741833,72.08274880221003,72.30627953715417,10420500
2025-07-15,72.59782409667969,73.41418905985009,72.10218161997113,73.21981291876588,8880100
2025-07-16,72.66584777832031,73.19065219305345,72.17020534331485,72.94768759815983,8906300
2025-07-17,73.06431579589844,73.34615562546985,72.27711285396222,72.41317243862548,7174600
2025-07-18,73.81263732910156,74.20138214473214,72.86022031623183,73.13233946276604,7986300
2025-07-21,74.02645111083984,74.93027970187464,73.82236174056631,74.19166525610541,8349900
2025-07-22,75.35790252685547,75.41621165916104,74.2013886381865,74.2013886381865,9032600
2025-07-23,70.7707290649414,76.25200989993178,70.04183525800448,75.31902671681546,21219500
2025-07-24,69.94464874267578,70.91650712194944,69.34209387823735,70.87763189701558,11166100
2025-07-25,69.82801818847656,70.67353758865075,69.07969055119105,70.07098276631726,8074800
2025-07-28,69.3323745727539,70.26536516001087,68.97279171080037,69.876620317769,8157200
2025-07-29,69.92520904541016,70.2459240975382,69.05054241552088,69.62393531354567,7588500
2025-07-30,68.99222564697266,69.9835253658647,68.93391651575236,69.87662034883337,6940300
2025-07-31,69.06026458740234,69.21576551084546,67.72882315020831,68.42856247631806,8845200
2025-08-01,68.41883087158203,69.76971341548366,68.36051432727231,69.41984380838919,6628500
2025-08-04,68.54518127441406,69.20604537467848,68.20503227016594,68.51602670472025,6543600
2025-08-05,69.1768798828125,69.91549432877048,68.67151678696189,68.86588549736035,7178900
2025-08-06,68.55489349365234,69.49759734268757,68.5062976070189,69.42956755021551,7720200
2025-08-07,70.53748321533203,70.61523366549531,68.68123014481175,68.68123014481175,7418600
2025-08-08,70.37227630615234,70.94566925201381,70.1973414826419,70.61524092687841,5575700
2025-08-11,70.41114044189453,70.9650994516206,69.11857436232796,70.75129682489292,8420000
2025-08-12,69.8377456665039,70.73185362073062,69.13800642765126,70.64438992321965,8671100
2025-08-13,70.26536560058594,70.2750788460518,69.19631542404487,69.87662075590656,8122300
2025-08-14,70.2070541381836,70.46946007858733,69.34210068885167,69.77944145129398,6781000
2025-08-15,73.287841796875,74.53181929961629,69.75999123787658,70.20704518950605,23398400
2025-08-18,73.58911895751953,75.13437024865478,73.19065345596674,73.9681431389184,12568400
2025-08-19,74.35688781738281,74.4249176083901,73.32671287752662,73.66686924725421,8047300
2025-08-20,74.03617095947266,75.0857797791129,73.69602201274414,74.56097536929278,11011600
2025-08-21,73.93899536132812,75.24128217293345,73.45306611854552,74.31801957752322,8637100
2025-08-22,74.17223358154297,74.92056129505053,73.30728018950421,74.49294863648531,13128900
2025-08-25,73.20037841796875,74.055611187724,72.99628903250529,73.67658698405019,6337700
2025-08-26,72.73387908935547,73.61827379231491,72.33542100103647,73.31700006104752,7162700
2025-08-27,71.81061553955078,72.89909960102597,71.33440700658272,72.80191524537611,10119000
2025-08-28,70.6030502319336,71.96438662219013,70.41697429993609,71.74892320111314,10917200
2025-08-29,70.56388092041016,71.32779124170233,70.33862167263057,70.90666023483246,11280500
2025-09-02,71.15150451660156,71.16130034628127,70.01542737867544,70.77933770906016,8661500
2025-09-03,70.15253448486328,71.13190817151404,69.88810687716001,70.6324329711825,7722300
2025-09-04,69.40821838378906,71.00459486108034,68.71286393765502,70.56387967489192,14596800
2025-09-05,69.43759155273438,70.25047345530754,68.8107930300829,69.78037082730505,10067600
2025-09-08,68.33089447021484,69.37882394918898,67.81182764493248,69.36903559280734,12596500
2025-09-09,68.62471008300781,68.86955349096375,68.10564325366569,68.22317077941456,7294500
2025-09-10,69.57471466064453,69.85873395525479,68.18400567768035,68.556165026465,9254400
2025-09-11,69.84893035888672,69.96645789008063,69.05564007140528,69.50615106627302,7418300
2025-09-12,70.1623306274414,70.99479677040905,69.34944867060187,69.68243961100589,9345600
2025-09-15,70.02522277832031,70.71078141111477,69.82935101810152,70.1035744712193,10399100
2025-09-16,68.38966369628906,70.06439173927242,68.33089619637578,69.81954832704629,7930200
2025-09-17,68.8597640991211,69.54533018869746,68.65409651385674,68.83038408294455,10799600
2025-09-18,69.32986450195312,69.62367212611845,67.93915565363037,68.556158389203,8488500
2025-09-19,69.6138916015625,69.92729091915078,68.91853709916441,69.51595571582162,14819300
2025-09-22,70.85768127441406,71.04376465683929,69.7999559511989,69.92727930634369,9856700
2025-09-23,70.82830047607422,71.12211555327703,70.2406777936964,70.61283708239587,7795900
2025-09-24,72.30716705322266,72.356131258384,70.56388294246682,70.70099467216478,11281800
2025-09-25,73.11024475097656,73.3648839931338,72.07210359696383,72.53241040977683,12916500
2025-09-26,74.2854995727539,74.29529540270279,73.09066236797503,73.18860572340591,8271500
2025-09-29,74.63807678222656,74.71642847991338,73.71746301447945,74.11900986110248,10366000
2025-09-30,73.93292236328125,75.11796370522694,73.5705588575466,74.88291609717895,9392700
2025-10-01,77.04732513427734,77.07670514897055,74.64786262197596,74.7555943238698,15044800
2025-10-02,76.56743621826172,77.2627906491031,75.94063764758701,77.01794722393241,9266600
2025-10-03,78.40865325927734,79.68184201308263,76.04836661116605,76.83186106025323,12116600
2025-10-06,80.41637420654297,80.67101345786668,78.49680267262723,78.49680267262723,15767600
2025-10-07,81.49368286132812,82.86480750512878,80.7101884020336,81.41533117379021,16109700
2025-10-08,82.30656433105469,82.6493436220137,81.1606989275511,81.97357339696012,13775600
2025-10-09,81.9833755493164,83.07048100737036,81.72873628266564,82.7179058603243,7486100
2025-10-10,81.63079833984375,83.08027473797048,81.4838907869481,82.16945687645165,10285600
2025-10-13,82.56120300292969,83.27614159451693,81.29781007760052,81.41533013538029,8424300
2025-10-14,82.8941879272461,83.09005967502509,81.70914666751825,82.43388110073441,8912900
2025-10-15,84.02046966552734,84.70602825893097,83.0802718208474,83.31531941401032,9268600
2025-10-16,83.29573822021484,84.95087473289884,83.2271823584117,84.44160368407958,8333700
2025-10-17,82.78645324707031,84.04984614928503,82.43387813612537,83.68747520969497,9142200
2025-10-20,83.0215072631836,83.57974998676322,82.57099624696394,83.43284990584374,5225700
2025-10-21,82.25759887695312,83.35450016297128,81.31740097694987,83.24676845309321,7282200
2025-10-22,81.13130950927734,82.48284992720666,80.76894604118856,82.33594238542808,9208900
2025-10-23,81.5328598022461,82.15965836692752,80.86688539326853,82.15965836692752,5630800
2025-10-24,82.66893768310547,83.03130117035595,81.6405923083048,81.85605571803663,6249800
2025-10-27,84.25552368164062,85.48953671586645,82.06172854348381,82.25760030737986,18741000
2025-10-28,81.84626007080078,85.7245790385099,81.19987731219679,85.71478320931077,13998100
2025-10-29,80.07360076904297,82.06172830779009,79.37824629557169,81.5818372572029,11681500
2025-10-30,79.9560775756836,80.87669135187551,79.76020580169899,80.13236516108142,7620100
2025-10-31,79.72102355957031,80.33802632296991,79.19216084578697,79.6622560544642,9407300
2025-11-03,80.09317779541016,80.40657707193988,78.93751656220154,79.62308261662965,8508200
2025-11-04,80.00504302978516,80.5143140857349,79.13340100092883,80.09318307961104,6474500
2025-11-05,80.44575500488281,80.92564602502674,79.43700129085384,79.74060474636943,7291000
2025-11-06,80.30865478515625,81.25864860435902,80.29885895459958,80.42618233574804,6212700
2025-11-07,82.19883728027344,82.26739314234425,79.93648635990812,80.22050563763821,9167100
2025-11-10,83.0215072631836,83.70707335293149,81.96378932042066,82.44368035282422,11701700
2025-11-11,83.9910888671875,84.05964472588859,82.80604761133819,82.94315932874038,11733900
2025-11-12,84.118408203125,84.48077916941256,83.25656201955682,83.66789718862151,7604800
2025-11-13,82.25759887695312,84.15758633622585,82.19883884321189,84.01067877984406,11859300
2025-11-14,82.14986419677734,82.747282758308,80.82771118120382,81.78750070577013,8352100
2025-11-17,83.9813003540039,84.00088454161244,81.96379278902693,81.96379278902693,11607900
2025-11-18,82.8941879272461,84.9019069661078,82.87460374127949,84.34366426570661,11061200
2025-11-19,82.53182220458984,83.57975181287307,82.18904288824088,83.36429586547422,11138700
2025-11-20,82.56120300292969,84.7060262497195,82.46325965874243,83.0410940069293,10967000
2025-11-21,82.3117446899414,83.4850861514871,80.49749060880431,83.00194554967416,13930100
2025-11-24,83.0512466430664,83.60340731627925,81.84831872845987,82.59767749278446,13291500
2025-11-25,83.64285278320312,84.14571019844256,83.0019476698657,83.5048126077305,7916800
2025-11-26,84.3429183959961,84.490820737837,83.50481515573178,84.05697587447051,6550600
2025-11-28,85.0824203491211,85.25990165014609,83.95837461683792,84.24431713085738,4123300
2025-12-01,83.46537017822266,84.47109251560566,83.20900663237003,84.39221026724712,7986600
2025-12-02,83.39635467529297,84.08655557980269,83.07097102489881,83.72173832568713,7087000
2025-12-03,83.76116943359375,84.76689931891258,83.31746994000484,83.47523444069229,9615100
2025-12-04,82.22300720214844,83.62313336268085,81.58210205123194,83.33719083311424,12489600
2025-12-05,81.96664428710938,83.02166999708997,81.8976241947789,82.34133123629698,8194600
2025-12-08,79.42274475097656,81.9962196662121,79.2847045850166,81.97649534386076,18136600
2025-12-09,78.52548217773438,80.00449051737924,78.38744200117755,79.66925223791993,13760400
2025-12-10,80.1326675415039,80.77357265195303,78.525481207101,78.9297470924671,13341100
2025-12-11,80.0735092163086,81.25672038106993,79.93546904214689,80.11295034072984,9494100
2025-12-12,80.50735473632812,81.11867336341211,80.19183326094193,80.69469067561579,7783100
2025-12-15,80.50735473632812,81.08909440050486,79.40302581116377,80.86231733646576,9489800
2025-12-16,80.18197631835938,80.70455809073789,79.06779268145095,80.4974978142837,6616600
2025-12-17,79.1663818359375,80.17210412757535,78.53533892302259,79.8368658712377,10212000
2025-12-18,79.71855163574219,80.04393529072449,78.88044837626948,79.27485212267598,9201300
2025-12-19,78.4268798828125,80.0044872086641,78.41701772128762,79.44246436374743,30492300
2025-12-22,78.91989135742188,79.05793154351359,77.61836422953864,77.91416140432405,7136200
2025-12-23,78.67338562011719,79.57064678032629,78.63394449445819,78.91002485144561,7875000
2025-12-24,79.32414245605469,79.34386677946817,78.57478366409777,79.01848314677292,3011300
2025-12-26,79.28471374511719,79.51149081998415,78.92975112803127,79.35373383607136,3636400
2025-12-29,79.14665985107422,80.11294857149157,79.0973640886053,79.29456218373123,5854600
2025-12-30,79.40303039550781,79.54107057879496,79.02835097267497,79.07764673949136,4075900
2025-12-31,79.15652465820312,79.5607905461354,79.08750457033973,79.5607905461354,5036200
2026-01-02,79.79742431640625,79.8861611993236,78.47617305284629,79.3241383729725,8852900
2026-01-05,80.18197631835938,80.20169312070584,78.1409449960244,80.02421933171013,8301900
2026-01-06,79.91575622558594,80.44819262525499,79.37345014103789,80.1129543348985,7254500
2026-01-07,77.27325439453125,79.65938591921551,77.26339223311312,79.5410625500731,9859900
2026-01-08,78.37757873535156,78.84100254553336,77.28311197761913,77.35213206492544,8696700
2026-01-09,78.77198028564453,79.78756476626633,78.75226348522595,79.07763958919573,5842200
2026-01-12,79.98477172851562,80.0143506909534,78.40715685399786,78.73254048606404,11088100
2026-01-13,80.49749755859375,80.78344008877721,79.29456950838258,80.02421907752347,8543000
2026-01-14,80.8327407836914,81.47363839279183,79.80729407745493,79.80729407745493,10282400
2026-01-15,81.039794921875,81.51307335194772,80.39888983863588,80.83273466839006,7419300
2026-01-16,82.45964050292969,82.87376854642707,80.99049435643083,81.8384597216215,12874900
2026-01-20,82.34132385253906,82.75544436938667,81.36517296230878,81.84832108792283,10054800
2026-01-21,82.67655944824219,83.20900331952599,82.03565437043993,82.8639028999786,8296600
2026-01-22,83.8794937133789,84.31333857232103,82.49908440798396,83.3963530894096,9802300
2026-01-23,83.62312316894531,84.05696799162592,83.02165921845624,84.05696799162592,13301700
2026-01-26,84.27389526367188,85.07255734910338,83.65270695489153,84.07668964079505,10990600
2026-01-27,85.93038177490234,87.71504934229667,82.62726481808754,83.31746566663092,15472300
2026-01-28,86.3445053100586,87.37981414178215,85.84164037556785,86.49240764639414,8200000
2026-01-29,86.94597625732422,87.94184404426713,86.41353231745254,87.34038001159502,11202400
2026-01-30,86.66988372802734,87.05442526577556,84.9542362886411,86.66988372802734,10205300
2026-02-02,85.12186431884766,87.50799603921932,85.11200215662073,86.90653202801293,9423100
2026-02-03,87.57701873779297,87.64603883018572,85.46696731592803,85.46696731592803,9600200
2026-02-04,88.71092224121094,89.42084745446829,87.71505451024574,88.47428301100031,12182700
2026-02-05,87.96155548095703,89.2236413995329,86.85722654089041,88.7405007794024,9799400
2026-02-06,88.2179183959961,89.7166435328098,87.15303058891443,89.26308187926584,8225200
2026-02-09,88.227783203125,88.52358036554371,87.50799581491745,88.08973550017885,6528800
2026-02-10,89.55888366699219,90.67306720241825,88.02070993216375,88.47427909370462,7213700
2026-02-11,90.08146667480469,90.30824373617995,89.19406018488455,90.08146667480469,7305000
2026-02-12,90.64349365234375,92.28025901027698,89.95329275248496,90.10118757200783,9181600
2026-02-13,92.48731994628906,93.61136562708516,89.80538375259134,90.2392210620718,10402800
2026-02-17,91.4125747680664,94.22268911578732,90.988592075419,93.58179151846315,9455400
2026-02-18,89.94342803955078,91.7083788878514,89.3222397246689,91.69851672595436,9064800
2026-02-19,90.35755157470703,90.8899954954854,89.75608756360327,89.78566652765335,8483500
2026-02-20,90.8899917602539,91.15620994838972,90.03216422492682,90.89985392207386,7175600
2026-02-23,92.74368286132812,92.87186840178039,91.29425344864153,91.63936142128166,8433600
2026-02-24,94.34101104736328,94.49876802313399,92.60563917813347,93.07892515069626,11597600
2026-02-25,93.77899169921875,94.56779917549565,92.4971814309252,94.36073138293811,9025500
2026-02-26,90.70265197753906,93.67053090518593,90.56461179696252,93.29585148971042,20015700
2026-02-27,93.08817291259766,93.45548528206558,89.99086401473404,90.2390462058536,25138500
2026-03-02,92.03588104248047,92.96904848645897,91.08286235612591,92.7208663002025,10147800
2026-03-03,91.91675567626953,92.42304948342338,89.67319404833219,90.68577408872024,11307700
2026-03-04,91.92668151855469,92.42304589778438,90.96373341102199,91.88697145934599,9384300
2026-03-05,90.46736907958984,91.70828002831969,89.24631694743452,91.6288674837797,12086800
2026-03-06,90.35816955566406,90.96373471290475,89.35551894849199,89.89159339460272,9745100
2026-03-09,91.34097290039062,91.51966437539765,88.99813248315141,89.61361945068293,9563600
2026-03-10,90.8743896484375,91.4700253768669,90.39787652134245,91.04315171627398,7485900
2026-03-11,90.99352264404297,91.78770111525807,90.43758938288101,90.87439246509696,9734300
2026-03-12,91.0630111694336,92.05573991506652,90.14969496727265,90.53685857215596,8730000
2026-03-13,92.10537719726562,93.21723618404253,91.63879344769032,92.05574530143147,7504400
2026-03-16,92.14508056640625,93.75330383824844,91.5692960843236,93.21722941430104,8466100
2026-03-17,91.85719299316406,93.02861325896413,91.59908138912824,92.89956124390599,5496600
2026-03-18,90.2986068725586,91.8571907188635,89.95115332222042,91.58915728686532,7053700
2026-03-19,91.73806762695312,91.7876995202119,89.64340935388229,89.99086290237096,10538400
2026-03-20,88.84922790527344,93.5249796604683,88.52162558240713,92.06566710762716,21860800
2026-03-23,89.57392120361328,90.74534146764603,89.49450108342675,90.37802909222304,10284300
2026-03-24,90.95381164550781,91.82741022700237,89.39522779650358,89.63348057801674,8808000
2026-03-25,90.49716186523438,91.8969055475064,90.40781233398481,91.73807287650237,8639900
2026-03-26,90.49716186523438,91.33105042932499,89.9114479294776,91.03322875705277,6537800
2026-03-27,90.73541259765625,91.54944989960052,90.04049790277924,90.55672111313582,7749600
2026-03-30,91.38068389892578,92.3039219336425,90.83468006025274,92.03588093141418,9362100
2026-03-31,92.20464324951172,92.31384401754168,90.69569888733652,91.58915627398203,13914200
2026-04-01,92.17486572265625,93.18745331980982,91.56930056084782,92.0557431163461,7759400
2026-04-02,92.47268676757812,93.59446755503751,92.0656643349562,92.36348599657806,10419000
2026-04-06,92.05574035644531,92.97897839726735,91.85719006201518,92.25428307695614,4790100
2026-04-07,92.98889923095703,92.98889923095703,91.48988428721577,92.19472078354003,6125400
2026-04-08,93.48526763916016,93.65402971446049,91.3508992417986,92.4031969016138,6935100
2026-04-09,93.79301452636719,95.51043100221786,93.28672074914081,93.3165013994625,7349000
2026-04-10,93.39592742919922,94.13054462134694,93.23708718553502,93.66396087298295,5323100
2026-04-13,91.62886810302734,93.35621403463566,91.26155573310996,93.16759314549978,6111500
2026-04-14,90.64606475830078,91.20199803935027,89.92137697206657,91.0233065514986,9370600
2026-04-15,90.57656860351562,90.62620807035,89.3257358376175,89.51434914896574,9144800
2026-04-16,91.16228485107422,91.19206550237463,89.911444479021,90.13977542885654,7734300
2026-04-17,91.31119537353516,91.35089785918882,89.80224340543516,90.39787915119277,8148800
2026-04-20,91.34097290039062,92.40319234239932,90.90416983394695,91.41046360878674,7734800
2026-04-21,89.94122314453125,91.91675123434199,89.90151308570098,91.82740928241333,8625800
2026-04-22,89.34558868408203,91.5097376907199,89.24631732255025,90.69570040788837,9477100
2026-04-23,95.55014038085938,95.99686528034509,91.64871616416985,91.92667899708711,17524900
2026-04-24,94.58719635009766,96.92010745360221,94.44821492768764,96.53294383775726,9761900
2026-04-27,94.14047241210938,96.19542069219955,94.08090353479923,95.16298184788532,7773800
2026-04-28,95.80825805664062,95.91745882992498,94.45814629050653,95.17291223421513,7245100
2026-04-29,93.48526763916016,96.29469191164259,92.97898141325916,95.87774764069368,9091700
2026-04-30,97.16828918457031,97.31720001470643,93.75330736942416,93.90221062564086,17551200
2026-05-01,96.24504852294922,98.03196328840686,95.97701509509018,97.28741673178604,7106200
2026-05-04,94.8155288696289,96.12593056969368,94.28938382266708,95.37145456846862,6806600
2026-05-05,95.57992553710938,96.35425277214735,94.60705557603279,95.23247197958203,7187400
2026-05-06,94.69639587402344,96.00679753514588,94.32908350596601,95.4310130362189,8242900
2026-05-07,92.64144897460938,94.16032278844317,92.04581322442822,93.63417774955114,9681800
2026-05-08,92.42304992675781,93.68381974635648,91.9068342823802,93.19737718028408,6230100
2026-05-11,94.150390625,95.10341688610613,93.31650211393122,93.31650211393122,7233800
2026-05-12,93.90221405029297,94.38865661807304,92.91941465382254,94.01141482478077,6922400
2026-05-13,94.16032409667969,94.70632796005148,92.6414502617431,93.41577750512884,6775700
2026-05-14,94.98429107666016,95.02400113719176,93.52497854128218,94.09083364949818,5438200
2026-05-15,92.68115997314453,94.38865469516486,92.02595533956575,93.97171042320721,11418400
2026-05-18,88.39257049560547,90.93395372044678,86.00009052697014,90.45744815274875,39950600
2026-05-19,89.4051513671875,89.61362350180013,86.72478669483134,88.30322181714963,25749400
2026-05-20,87.62816619873047,90.03057560581719,87.44947471512765,89.36544156612253,15748800
2026-05-21,89.03784942626953,89.1966820974914,87.81678965698246,88.32308347097171,12490600
2026-05-22,87.90613555908203,89.18674900654646,87.31049223831228,89.05769699313672,10755400
2026-05-26,87.01268005371094,88.84922680244115,86.89354987216923,88.48191442312726,11759500
2026-05-27,87.01268005371094,87.44947557152464,86.2979141122999,86.89354987216923,10856200
2026-05-28,86.61558532714844,87.81678623198411,86.39718378555659,87.07223965324071,12968200
2026-05-29,86.37733459472656,86.57587732420716,85.06693288796356,86.38725642945684,25347000
2026-06-01,83.05168914794922,85.57321345590623,82.96233962385358,85.26546997340608,14192200
2026-06-02,85.05699920654297,85.13641932391346,83.49841537926363,83.6771068563876,11709800
2026-06-03,83.96500396728516,85.67249872010565,83.90543508884558,85.03715289216123,11903000
2026-06-04,85.05699920654297,85.28533015050331,83.65724804008535,84.42165341541758,9488900
2026-06-05,85.83999633789062,86.0999984741211,84.61000061035156,85.08000183105469,11843200
2026-06-08,84.01000213623047,86.13999938964844,83.9800033569336,85.70999908447266,9541700
2026-06-09,84.83000183105469,85.05999755859375,83.37999725341797,84.11000061035156,12217300
2026-06-10,85.12000274658203,85.33000183105469,84.51000213623047,85.29000091552734,9142900
2026-06-11,84.83999633789062,85.87999725341797,84.7300033569336,85.2699966430664,8639100
2026-06-12,85.98999786376953,86.0199966430664,84.87999725341797,85.19000244140625,9973600
2026-06-15,86.12000274658203,86.66000366210938,85.06999969482422,85.52999877929688,10284300
2026-06-16,86.2300033569336,87.38999938964844,85.87000274658203,86.25,10342600
2026-06-17,85.7300033569336,86.91000366210938,85.27999877929688,86.26000213623047,9603400
2026-06-18,86.75,87.58000183105469,85.66999816894531,85.7699966430664,19306600
2026-06-22,86.08000183105469,87.4000015258789,86.0199966430664,86.88999938964844,11538900
2026-06-23,86.43000030517578,86.83000183105469,85.66000366210938,86.0,12881700
2026-06-24,87.62000274658203,87.68000030517578,86.37000274658203,86.73999786376953,14080300
2026-06-25,87.69999694824219,88.4800033569336,86.83999633789062,87.69000244140625,13477200
2026-06-26,88.55999755859375,88.55999755859375,87.6500015258789,87.93000030517578,15654200
2026-06-29,88.66000366210938,89.19000244140625,86.94999694824219,89.0,11131300
2026-06-30,87.7699966430664,88.88999938964844,87.43000030517578,88.27999877929688,15742700
2026-07-01,86.37000274658203,88.05000305175781,86.31999969482422,88.05000305175781,9709200
2026-07-02,88.33999633789062,88.37000274658203,86.3499984741211,86.69000244140625,14281800
2026-07-06,87.44000244140625,88.5199966430664,87.16000366210938,88.18000030517578,10274100
2026-07-07,88.47000122070312,89.25,88.01000213623047,88.11000061035156,13106300
2026-07-08,87.44000244140625,88.52999877929688,87.33999633789062,88.1500015258789,13581300
2026-07-09,87.0999984741211,88.38999938964844,86.83999633789062,88.2699966430664,9389300
2026-07-10,87.95999908447266,87.97000122070312,87.06999969482422,87.12999725341797,11223100
2026-07-13,88.37999725341797,88.7300033569336,87.68000030517578,87.75,6741200
2026-07-14,89.54000091552734,89.86000061035156,88.80000305175781,89.23999786376953,10677700
2026-07-15,89.0999984741211,89.9800033569336,88.44999694824219,89.87999725341797,10258000
2026-07-16,89.3499984741211,89.98999786376953,88.7300033569336,89.19999694824219,8336600
2026-07-17,88.80000305175781,90.72000122070312,88.41999816894531,90.2300033569336,9450700
2026-07-20,88.0,89.41999816894531,87.69999694824219,88.9800033569336,8418000
2026-07-21,87.93000030517578,88.08999633789062,87.44999694824219,87.68000030517578,7096900
2026-07-22,89.41000366210938,89.73999786376953,88.33999633789062,88.58999633789062,8708200
2026-07-23,89.79000091552734,90.48999786376953,88.5999984741211,88.80999755859375,9883000
2026-07-24,89.77999877929688,90.91000366210938,88.43000030517578,90.91000366210938,11653100
2026-07-27,88.83000183105469,90.16000366210938,88.29000091552734,89.66000366210938,10180900
2026-07-28,89.27999877929688,90.98999786376953,89.11000061035156,89.38999938964844,13254700
