Price,Close,High,Low,Open,Volume
Ticker,PLD,PLD,PLD,PLD,PLD
Date,,,,,
2010-01-04,15.181926727294922,15.576884117597446,15.110115773877926,15.415310328456492,1169700
2010-01-05,15.403342247009277,15.41531092994518,15.026337865699798,15.169958636741335,1048200
2010-01-06,15.265708923339844,15.558934866549524,15.163977380479615,15.409329723601934,1163400
2010-01-07,15.391383171081543,15.463194172123584,15.050283484275415,15.18791999975909,950500
2010-01-08,15.349485397338867,15.493106178505723,15.205864616172008,15.27767557745369,1072700
2010-01-11,15.367444038391113,15.558938483253808,15.181933937604997,15.397364617377063,876600
2010-01-12,15.026336669921875,15.343498752708895,14.882715910309505,15.169957429534243,962200
2010-01-13,15.43326473236084,15.469169641582132,15.08019655772809,15.122085808719012,989200
2010-01-14,15.373420715332031,15.433262984855913,15.187909565668354,15.307594104716122,766700
2010-01-15,15.30161190032959,15.409327772234674,15.229802079990545,15.271691332087741,739900
2010-01-19,15.600822448730469,15.636727359591347,15.301612194964571,15.301612194964571,956200
2010-01-20,15.235788345336914,15.337519895778536,14.94854672340648,15.301614978386418,1192600
2010-01-21,14.511699676513672,15.313583378816269,14.487762304434563,15.223820516313054,2000900
2010-01-22,14.170598983764648,14.685241028444908,14.104772357194859,14.529651546532351,2069300
2010-01-25,14.18256664276123,14.439886505088007,13.847450333011686,14.386029708896114,1571600
2010-01-26,14.511699676513672,14.804925636102425,14.062884222600879,14.104773482342596,1891300
2010-01-27,14.751068115234375,14.751068115234375,14.21847412649646,14.463826490391236,1801300
2010-01-28,14.374065399169922,14.882723219308147,14.230444569024463,14.83484960925966,1328300
2010-01-29,14.362092971801758,14.757050437214577,14.242408407144769,14.42193525413025,2014700
2010-02-01,14.715161323547363,14.73909755187104,14.445871621177167,14.583509214275606,2266300
2010-02-02,14.774998664855957,14.972477333413858,14.559566975012348,14.79893488517401,3403700
2010-02-03,14.278310775756836,14.655315116736984,14.050910389886146,14.655315116736984,1532900
2010-02-04,13.643988609313965,14.170599352792935,13.560210094331856,14.104772724508898,2093300
2010-02-05,13.853435516357422,13.93721516958052,13.464462386795972,13.667925465285952,2099100
2010-02-08,13.47642993927002,13.895323604597932,13.43454068687688,13.65595563278248,1721000
2010-02-09,13.458483695983887,13.763678441880186,13.272973567010602,13.733757858347982,2011700
2010-02-10,13.416587829589844,13.62005089353928,13.141313802494972,13.392650461409186,1431600
2010-02-11,13.249030113220215,13.434541298545387,13.117378008076786,13.434541298545387,2218600
2010-02-12,13.542255401611328,13.578161453387196,13.045566432677024,13.135330420720175,1838300
2010-02-16,13.943195343017578,13.997053272181729,13.643985132726247,13.739732308707763,2016500
2010-02-17,14.038949012756348,14.110759998657056,13.92524990205917,14.056902044580749,739100
2010-02-18,14.308235168457031,14.380046136216178,13.937215068991847,13.991071868065443,1435400
2010-02-19,14.218474388122559,14.326190284769943,14.110758491475172,14.230443074727106,1272700
2010-02-22,14.344139099121094,14.41595006196147,14.18854963079739,14.278313619696991,969800
2010-02-23,14.170598983764648,14.392013950850366,14.140677271052638,14.230441267792038,1082900
2010-02-24,14.314223289489746,14.314223289489746,14.128713190787048,14.200523036105617,950100
2010-02-25,14.529656410217285,14.559576991548335,14.009029848719093,14.092808389563647,1146200
2010-02-26,14.565556526184082,14.757050922819419,14.427920071277013,14.53563595473355,1332000
2010-03-01,14.637365341186523,14.751065559343415,14.541618149495424,14.637365341186523,1014600
2010-03-02,14.745085716247559,14.828865390587767,14.57752865036096,14.673275871266705,761900
2010-03-03,14.63138198852539,14.828860712012638,14.571539708990592,14.763034090384705,858800
2010-03-04,14.691228866577148,14.751071169492537,14.541623679987168,14.703197555439624,910800
2010-03-05,15.205862998962402,15.241767905086348,14.691221065134854,14.840826172280408,1198900
2010-03-08,15.445236206054688,15.517047184173084,15.122089658013838,15.175947606253441,825200
2010-03-09,15.564922332763672,15.660669552152704,15.28964822097254,15.355474862326332,1460900
2010-03-10,15.917984962463379,15.92995364597311,15.469169603416836,15.594837356079557,1518100
2010-03-11,16.109472274780273,16.151361507314373,15.73845123831429,15.750419916580029,1760700
2010-03-12,16.318931579589844,16.348852155861433,16.079563545226677,16.1573577283709,1503300
2010-03-15,16.378772735595703,16.510424859999556,16.067593741844693,16.229167581838112,1491000
2010-03-16,16.743810653686523,16.79766860716718,16.23515283825638,16.408695386448912,1975600
2010-03-17,17.10285758972168,17.258447054372894,16.671995247038986,16.827584711690196,1299900
2010-03-18,17.114822387695312,17.1686803109772,16.923328056646923,17.060964464413424,1366400
2010-03-19,16.791685104370117,17.234516300750002,16.743811492366806,16.791685104370117,1943100
2010-03-22,16.80963134765625,16.935299100385166,16.468531857224637,16.588215268195537,1490500
2010-03-23,17.037033081054688,17.10884405109622,16.707902226739563,16.863491710665677,1373500
2010-03-24,17.222537994384766,17.300332137266068,16.893406118757756,16.8993904591942,1744600
2010-03-25,17.28836441040039,17.713243473663727,17.27041252949667,17.28238006963372,1629400
2010-03-26,17.27041244506836,17.48584300463391,17.19261715687823,17.390095835627825,1393500
2010-03-29,17.054975509643555,17.42599653171668,17.01907061763517,17.390090498312357,1513500
2010-03-30,16.61814308166504,17.180657716800788,16.552316439541894,17.037036886038667,1641800
2010-03-31,16.467010498046875,16.89017202553655,16.442830465259625,16.60000356093275,2417800
2010-04-01,16.467010498046875,16.654410075982064,16.352152171495838,16.612094153837575,1880100
2010-04-05,16.775314331054688,16.89017266193342,16.509327042238528,16.551642965977415,1696300
2010-04-06,17.313335418701172,17.494690884826902,16.61209705026926,16.642323537801516,1719300
2010-04-07,16.64232063293457,17.083616896675156,16.4911916807202,17.083616896675156,14614100
2010-04-08,16.64232063293457,16.714861884304923,16.4911916807202,16.62418474358078,2879300
2010-04-09,16.86599349975586,16.872038797161707,16.49723958217968,16.684639189670694,3068100
2010-04-12,16.793453216552734,16.920401010413148,16.775317323277253,16.884130376884837,1706900
2010-04-13,17.0957088470459,17.19847658883274,16.702772617669893,16.78136032475409,2098700
2010-04-14,17.144071578979492,17.283109961573633,16.87808425569574,17.283109961573633,2997900
2010-04-15,16.57582664489746,17.119890744668535,16.49724008228427,17.041304182055345,2603000
2010-04-16,16.237300872802734,16.70882263646871,16.219164976883725,16.521422990730255,3120700
2010-04-19,16.424694061279297,16.442829950068294,16.025713732100233,16.1043002774745,1929500
2010-04-20,16.763219833374023,16.841807518890207,16.279607741821284,16.563729701480746,2161100
2010-04-21,16.745086669921875,17.07152457405805,16.54559651933247,16.70276959905067,2459900
2010-04-22,16.853904724121094,16.8901765124713,16.388428303853885,16.515376104011477,1752900
2010-04-23,17.113842010498047,17.144068492373904,16.642320423458564,16.93248773133246,2023800
2010-04-26,17.144071578979492,17.391923009872556,16.956670816676855,17.10779979419812,1820600
2010-04-27,16.648365020751953,17.156157211697366,16.62418383626666,17.023164156095273,1992100
2010-04-28,16.835769653320312,16.980853344812232,16.63627943339109,16.793453720763004,1427800
2010-04-29,17.464460372924805,17.549093365490375,16.974802917961004,17.029209429959465,2044500
2010-04-30,16.84181022644043,17.63372558605253,16.805538448976158,17.464460750286356,2417800
2010-05-03,17.458417892456055,17.530960304494215,17.00503098802948,17.00503098802948,1620300
2010-05-04,16.944580078125,17.192431490051774,16.70277281017668,17.101754341082405,2133800
2010-05-05,16.89017105102539,17.301241961892707,16.50328017155021,16.745087403605574,2499400
2010-05-06,16.068029403686523,16.926441858337384,14.441881630878568,16.78135820934289,3697400
2010-05-07,15.397015571594238,16.817627799399453,15.312383736472812,16.031757794071773,4178000
2010-05-10,16.666500091552734,16.974803281811628,16.24938387496454,16.279610356179546,4120900
2010-05-11,16.702774047851562,16.992942560286522,16.30379364040391,16.32797483019957,2515300
2010-05-12,17.458417892456055,17.524915007405824,16.726954240098657,16.82367668746786,2435300
2010-05-13,17.113842010498047,17.440281096622968,17.00502898178974,17.434235800247798,1423800
2010-05-14,16.086162567138672,16.998981379655376,15.935033647576745,16.98084549421997,2232800
2010-05-17,16.043855667114258,16.563738658407303,15.590468653728898,16.194984671576044,1896300
2010-05-18,15.838315963745117,16.491193045209677,15.717412330761034,16.346109377442275,2444300
2010-05-19,15.850403785705566,16.370287740206003,15.22775325259422,15.795997271721921,2434700
2010-05-20,15.028267860412598,15.481654852310585,15.004086667393787,15.270074025486975,3543400
2010-05-21,15.457468032836914,15.65695819053752,14.532559643962427,14.701823321391837,3566000
2010-05-24,14.828773498535156,15.161256738748767,14.70786987317252,14.991991893845562,2654100
2010-05-25,14.80458927154541,14.822725157531611,13.988492850521377,14.423744890012694,2369700
2010-05-26,14.907360076904297,15.584418304811763,14.744140528253956,15.016173109337855,2503600
2010-05-27,15.802042961120605,15.832269443542483,15.124985897184299,15.354701398478516,2237700
2010-05-28,15.67509651184082,16.019670369262105,15.614644694937219,15.795998992625524,1910600
2010-06-01,15.179394721984863,15.638826947495858,15.137078793178503,15.560239234264689,1572000
2010-06-02,15.505824089050293,15.517914677135913,14.925489697203806,15.35469519704586,2614900
2010-06-03,15.463512420654297,15.663002566638012,15.270067570369756,15.620686649766052,1426400
2010-06-04,14.599052429199219,15.378878155782182,14.538600634786093,15.052439157764548,2760700
2010-06-07,14.544650077819824,15.010127528631356,14.508379452036007,14.780412027970643,1685100
2010-06-08,14.943629264831543,14.991990479810715,14.200075152143425,14.635326086955962,2652900
2010-06-09,15.21566104888916,15.723454356956342,15.11289332813694,15.11289332813694,1913500
2010-06-10,15.989441871643066,16.080119002534456,15.421196750089528,15.59650571607658,2256500
2010-06-11,16.21310806274414,16.2191533570528,15.705314871036638,15.789947838335882,1174700
2010-06-14,16.388423919677734,16.678591230718535,16.19497904565053,16.424694545302234,2428500
2010-06-15,16.739044189453125,16.793450708130262,16.364243855568656,16.467011596067422,1764000
2010-06-16,16.388423919677734,16.775313667732135,16.297745626082882,16.612094122888283,1389500
2010-06-17,16.28565788269043,16.52141870334235,16.164754247317767,16.460966885656017,1468700
2010-06-18,16.14057159423828,16.291700537431442,15.989442651045124,16.20102224909768,3121100
2010-06-21,16.037805557250977,16.47305654443795,15.977353742997172,16.442831213822274,1666000
2010-06-22,15.2942476272583,16.225202412180902,15.24588641460143,16.098253508317704,2359800
2010-06-23,15.354701042175293,15.493739399022337,15.052443143104826,15.25193331037044,2736000
2010-06-24,14.955719947814941,15.384926742260685,14.925494620652453,15.245887239455197,1724300
2010-06-25,15.372838973999023,15.54814797918387,14.913406767998422,15.040354549026498,2622500
2010-06-28,15.161255836486816,15.445377840251465,15.06453340316173,15.439333697063208,1161900
2010-06-29,14.629279136657715,14.979898166229408,14.508375545899712,14.822723959452842,2527500
2010-06-30,14.333066940307617,14.871086706625265,14.327022797863092,14.623235357600029,2126800
2010-07-01,14.320834159851074,14.486004249723793,13.825325057034435,14.437065093480195,1954800
2010-07-02,13.917084693908691,14.47988552820255,13.855910461893862,14.467650448439297,1762900
2010-07-06,13.60509967803955,14.400362507773076,13.51333889643997,14.186253239506295,2411700
2010-07-07,14.510470390319824,14.57164461529209,13.629565751203838,13.672387358644038,2801600
2010-07-08,14.90810489654541,14.969277965497124,14.559412102792551,14.742934810052187,3190500
2010-07-09,15.024332046508789,15.08550627161666,14.79187139126044,14.871397067139764,1128800
2010-07-12,15.103858947753906,15.171149545512312,14.785753909400581,14.938688889362606,1113600
2010-07-13,15.477023124694824,15.574901441414987,15.244562414184834,15.348558271550203,1856200
2010-07-14,15.213971138000488,15.525957446098822,15.122209223711465,15.434196698611006,1992000
2010-07-15,14.901989936828613,15.213977543074726,14.693998199331206,15.183389836500577,2073300
2010-07-16,14.07002067565918,14.804109177631567,13.953789743373225,14.797991637321621,3749000
2010-07-19,14.559412002563477,14.651173938962343,13.892615287726937,14.08837307414989,2875000
2010-07-20,14.706232070922852,14.76128760461917,14.143431151123107,14.308600085815272,2347900
2010-07-21,13.764145851135254,14.791868928041529,13.48886246739211,14.791868928041529,3820900
2010-07-22,14.039435386657715,14.125078624993233,13.543925078798068,13.543925078798068,3909600
2010-07-23,14.314717292785645,14.406478069208317,13.929321565089795,14.0027297195073,3975500
2010-07-26,14.999869346618652,15.024338346841898,14.278015754605255,14.357541463833032,1932200
2010-07-27,15.103858947753906,15.330202064688974,14.97539295784913,15.128327937811154,2312500
2010-07-28,15.036565780639648,15.36690586660936,14.957040111869825,15.109975077566649,1598800
2010-07-29,14.816340446472168,15.275145386599768,14.681758084083206,15.213972328023795,1782300
2010-07-30,15.269034385681152,15.336326179091063,14.547181950891607,14.577768493276949,2724200
2010-08-02,15.941939353942871,15.984760954577999,15.50760464258532,15.550426243220446,2234100
2010-08-03,15.733953475952148,15.984766800079264,15.709484480984434,15.86241949163763,2128800
2010-08-04,15.880767822265625,15.966412204809396,15.629954547475855,15.789007067284224,1853800
2010-08-05,15.79513168334961,15.954184274419658,15.660549260198875,15.678900719336532,1314900
2010-08-06,15.67889404296875,15.899120793258563,15.293498396762912,15.538194137750851,2054600
2010-08-09,15.978658676147461,16.015362770949956,15.550439958510522,15.782900781329172,1111300
2010-08-10,15.660543441772461,15.905239196043622,15.513725989209764,15.7217176720406,886000
2010-08-11,14.969276428222656,15.281263948403035,14.853046675709452,14.993746586731572,1673000
2010-08-12,14.651176452636719,14.99375059574907,14.620588746322058,14.718467072925588,1797800
2010-08-13,14.79798698425293,14.932569328349233,14.614464333065811,14.620581871452163,1032400
2010-08-16,14.816340446472168,15.018214573456259,14.626701397923789,14.700110701736778,790200
2010-08-17,15.103858947753906,15.275145378558541,14.840810595531014,14.999863114707676,1019400
2010-08-18,15.15279769897461,15.354671820580755,14.908101970785532,15.097741014281908,1043200
2010-08-19,14.583877563476562,15.054917510119653,14.504350732588184,15.048799971835845,1486900
2010-08-20,14.632824897766113,14.663411439513407,14.400364146802048,14.473772313716267,1250400
2010-08-23,14.394242286682129,14.90810396812536,14.369772127184152,14.730698812169313,1436000
2010-08-24,14.296366691589355,14.46153563229606,14.051669717442918,14.118961502013354,2043100
2010-08-25,14.693994522094727,14.755168753132205,14.13119369679247,14.174015308478282,1822800
2010-08-26,14.382009506225586,14.822461946392691,14.369774424520541,14.767405245521601,1440900
2010-08-27,14.608353614807129,14.614471156049547,14.125079524673072,14.571649534154316,2000300
2010-08-30,14.45542049407959,14.724586510301155,14.449304118830732,14.504359663683344,1053100
2010-08-31,14.553297996520996,14.687880402702755,14.284132017355798,14.382010343088291,1768600
2010-09-01,14.987627983093262,15.005980600672046,14.620583799126637,14.846928082059799,2678800
2010-09-02,15.385263442993164,15.434202604834349,14.95092852750285,15.09162847194605,1597700
2010-09-03,15.758419036865234,15.856297321762437,15.507605785966001,15.685009739791735,1394800
2010-09-07,15.330206871032715,15.715603794775822,15.330206871032715,15.654429550251335,1033200
2010-09-08,15.45254898071289,15.513723199982458,15.360788235209133,15.360788235209133,785800
2010-09-09,15.324091911315918,15.727840359668544,15.23233111247248,15.69113627349154,1449900
2010-09-10,15.538198471069336,15.593255173996095,15.269032497516486,15.39138098553187,1298300
2010-09-13,15.880767822265625,15.929708136177096,15.703363851541758,15.74618545941299,1234600
2010-09-14,15.91748046875,16.015358808541702,15.721723789166598,15.79513196060945,996700
2010-09-15,16.100996017456055,16.2049918602795,15.727834257889329,15.825713727724402,1437000
2010-09-16,15.972530364990234,16.204991031100256,15.972530364990234,16.070408663015648,1142100
2010-09-17,15.721717834472656,16.143817577400895,15.636073444491851,16.082644513302128,1225500
2010-09-20,16.22334098815918,16.266162590670426,15.709479424421927,15.758418565406371,1268600
2010-09-21,15.764541625976562,16.253933207247993,15.721720008465509,16.186641427272583,1333800
2010-09-22,15.574906349182129,15.948068278514787,15.513733257057117,15.72172503732759,1209700
2010-09-23,15.293501853942871,15.642193509524512,15.207858616937301,15.397497713221746,1724000
2010-09-24,15.819592475891113,15.886883064186241,15.513722558982476,15.568779237370121,1275800
2010-09-27,15.574906349182129,15.789015672025489,15.452558998130167,15.789015672025489,1182300
2010-09-28,15.954182624816895,16.01535687148816,15.385264114337028,15.611608476980198,1554300
2010-09-29,16.05205726623535,16.131584118684277,15.764539889754213,15.905239808023614,1638300
2010-09-30,16.192758560180664,16.498628582474378,15.997001932600933,16.19887610064272,3065000
2010-10-01,16.446247100830078,16.576085325817147,16.161837707235108,16.34732240199933,2586400
2010-10-04,16.699750900268555,16.755396221130006,16.409159586317937,16.41534135150159,1906100
2010-10-05,16.75539207458496,16.922327995856794,16.60082203917232,16.8914132812088,3058200
2010-10-06,16.446247100830078,16.693558847906946,16.33495651982663,16.650279439577925,3275000
2010-10-07,16.582275390625,16.693566019438745,16.477167705553793,16.582275390625,1800800
2010-10-08,16.489530563354492,16.644100590690297,16.29168111704878,16.61936882026422,3016100
2010-10-11,16.662654876708984,16.69356842059223,16.35351472077209,16.452439476329808,1103000
2010-10-12,16.53900146484375,16.644109184875493,16.310237187383017,16.631743293277328,3170600
2010-10-13,16.817218780517578,17.08307822642554,16.588454630229712,16.637916989849295,1554500
2010-10-14,16.631738662719727,16.835771100178047,16.495717430839516,16.761578129798295,1119600
2010-10-15,16.650283813476562,16.89141268280974,16.588455565646694,16.792487957992247,1335800
2010-10-18,16.699750900268555,16.71829973364773,16.464803727903313,16.687385011349107,1393000
2010-10-19,16.37206268310547,16.69356873434883,16.236041436476107,16.427708006562057,2022400
2010-10-20,17.200565338134766,17.522071518858702,16.433897569753796,16.49572586285865,3257400
2010-10-21,17.194372177124023,17.293296915618033,16.97179210515046,17.250017489936393,1490200
2010-10-22,17.231464385986328,17.280926739582025,17.095442029141516,17.2376461483197,1492400
2010-10-25,17.26856803894043,17.4045892730855,17.175826234783514,17.38604161981973,1164500
2010-10-26,16.984159469604492,17.26856902171798,16.82340644958836,17.11399894623433,1626600
2010-10-27,17.02743148803711,17.311839717341194,16.83576384208819,16.8419467835003,1905500
2010-10-28,17.126367568969727,17.373679493363703,16.879054465299475,17.175829953848524,1084200
2010-10-29,17.429319381713867,17.528244120583665,17.07071690849187,17.07689985208072,1703100
2010-11-01,17.63335609436035,17.87448505662802,17.484968949943614,17.670452585645485,1638700
2010-11-02,17.664264678955078,17.837383555119835,17.57770583051063,17.78173824418387,1128800
2010-11-03,17.769378662109375,17.89303521456883,17.559163230494075,17.68281978295353,1791700
2010-11-04,18.455665588378906,18.492762072960574,17.849751230015755,17.979589515689582,1692300
2010-11-05,18.641151428222656,18.999753966960906,18.375290701709176,18.443301914336192,1873000
2010-11-08,18.845178604125977,18.944103333338518,18.50512499486734,18.604049724079882,2237200
2010-11-09,18.090883255004883,18.999754948607386,17.942496111923425,18.801905424498774,2406800
2010-11-10,18.49276351928711,18.523677062310263,18.10324745252544,18.152709828928128,1806500
2010-11-11,18.474210739135742,18.82663142240045,18.344372471045446,18.82663142240045,1507900
2010-11-12,18.035234451293945,18.48039579470004,17.99195502365007,18.319642792539963,1717400
2010-11-15,17.911575317382812,18.313458353735765,17.874478839001664,18.10942595372577,1183900
2010-11-16,17.169641494750977,17.82501817875712,17.064533813226564,17.78792169682965,1835000
2010-11-17,17.534425735473633,17.74464108446153,17.24383330519728,17.24383330519728,1830300
2010-11-18,17.726097106933594,18.134162030360713,17.65808589327036,17.812655975758698,1398500
2010-11-19,18.090883255004883,18.146528581069955,17.63953888072259,17.701365972549393,1648000
2010-11-22,18.02287483215332,18.189810836221238,17.855938828085403,18.01050894016095,1472200
2010-11-23,17.893030166625977,18.047600223955182,17.75700776143967,17.75700776143967,1418000
2010-11-24,18.400026321411133,18.529864649773078,18.022874869790755,18.066154312578067,1010700
2010-11-26,18.400026321411133,18.566962325827664,18.214541478967305,18.245456209012797,554000
2010-11-29,18.226903915405273,18.44330226759195,18.08469972198517,18.301098074171847,1402100
2010-11-30,18.047605514526367,18.208358562785858,17.886852466266877,17.90540012384693,2017900
2010-12-01,18.325828552246094,18.400022710518748,18.127979035887204,18.34437738663329,2052600
2010-12-02,18.85136604309082,18.876097820930287,18.32582755676288,18.37528993316574,1273500
2010-12-03,19.018295288085938,19.04920882019,18.665875833286734,18.75861760887458,1547500
2010-12-06,19.364538192749023,19.50056060916881,18.863731495840284,19.012118621617837,2195900
2010-12-07,19.482009887695312,19.766418223046983,19.37690220304884,19.661310538400514,1927300
2010-12-08,19.302703857421875,19.57474742541736,19.209962080391225,19.482005648386714,2097700
2010-12-09,19.413997650146484,19.698407149597987,19.321255857883816,19.43872942369699,1788500
2010-12-10,19.63658332824707,19.797336354790144,19.38927143328701,19.438733812279022,1325700
2010-12-13,19.673673629760742,19.896254854854952,19.624211266326004,19.73550187887311,1187900
2010-12-14,19.154327392578125,19.72314543398921,19.07395145575188,19.636586551364587,1399100
2010-12-15,18.80189323425293,19.290334962080536,18.795710293223735,19.135764974176926,1428300
2010-12-16,18.838998794555664,18.999751801082393,18.78335347770887,18.900827055416094,1317700
2010-12-17,18.950284957885742,19.036844974381278,18.808080816945832,18.907005539275833,2338400
2010-12-20,19.376901626586914,19.426363995579873,18.95647090050882,19.012116213035384,1388800
2010-12-21,19.68259048461914,19.713783894221894,19.370663528033056,19.53286568824665,810600
2010-12-22,19.68882942199707,19.900939850420237,19.595251571788477,19.638921155892028,1040600
2010-12-23,19.42057228088379,19.75121529152959,19.401857424559363,19.62644402980104,890700
2010-12-27,19.68882942199707,19.78240727220566,19.25213239105467,19.37066377936232,911000
2010-12-28,19.58901023864746,19.782404594892512,19.283322001386967,19.695065438505733,1297300
2010-12-29,19.638925552368164,19.688833829645944,19.4829620371367,19.67011896935877,974600
2010-12-30,19.732500076293945,19.80112439212532,19.58277526985848,19.62644485633045,676800
2010-12-31,19.782407760620117,19.913417706072234,19.663876369386006,19.663876369386006,873800
2011-01-03,20.156719207763672,20.23781849663874,19.863507130067802,19.944607608849687,1953900
2011-01-04,20.119287490844727,20.343875266861552,19.80736055300217,20.269013468127167,2804600
2011-01-05,20.4624080657959,20.468647937681208,20.019472354492418,20.019472354492418,1976700
2011-01-06,20.437456130981445,20.59341963203532,20.33763958549953,20.456173369381542,1557600
2011-01-07,20.275251388549805,20.62461042305468,20.100573061204226,20.418737497414202,1786000
2011-01-10,20.393775939941406,20.524787021383002,19.963317757527374,20.16919061421208,1980600
2011-01-11,20.231584548950195,20.57470375837779,19.994519372696164,20.449932487727562,1111200
2011-01-12,20.250301361083984,20.618375336129336,20.162962177143438,20.431219601997554,1208000
2011-01-13,20.150480270385742,20.35635319741135,20.075618469564493,20.306443743654693,1093600
2011-01-14,20.275251388549805,20.293966243675765,20.031948752657403,20.1754348615218,1735500
2011-01-18,20.724428176879883,20.73066566901986,20.219105640242468,20.25029786057009,1650100
2011-01-19,20.381309509277344,20.811770302318514,20.28149296216033,20.624614573950883,985600
2011-01-20,20.66828155517578,20.81800516704138,20.20662859566006,20.293967765883977,1236900
2011-01-21,20.78057289123535,20.799287745457082,20.537267887284806,20.749378294447656,1143900
2011-01-24,20.77433204650879,20.955250228220088,20.730662468828612,20.730662468828612,890200
2011-01-25,20.69947052001953,20.855433979404964,20.49359761132027,20.71194788234799,1573900
2011-01-26,20.499835968017578,20.799285502338904,20.41249681798386,20.799285502338904,1242900
2011-01-27,21.217269897460938,22.48369492112962,21.086261150816718,21.92846533598758,8469200
2011-01-28,20.543508529663086,21.260941446063807,20.462406858635443,21.260941446063807,2681800
2011-01-31,20.9302921295166,21.042585991108393,20.549740974101425,20.67451219584932,6025500
2011-02-01,20.724428176879883,21.117454436672894,20.649563992316946,20.961490955220913,2661400
2011-02-02,20.555988311767578,20.818005830793382,20.54351094707864,20.59965789827188,1528600
2011-02-03,20.643327713012695,20.793053711121395,20.418739905756652,20.54974866671801,1849500
2011-02-04,20.649560928344727,20.72442510179935,20.51231470330494,20.655800799372702,1215400
2011-02-07,20.899106979370117,20.96773129350544,20.711951273428095,20.73690600217074,2420500
2011-02-08,21.023874282836914,21.104975946065803,20.924057766483465,20.94901249052519,1738100
2011-02-09,21.017637252807617,21.06754670763718,20.849196412478523,20.96149030603125,1733900
2011-02-10,21.28185272216797,21.388795548024138,20.973601377494,20.973601377494,1834200
2011-02-11,21.5775203704834,21.5775203704834,21.067965291493365,21.262979250214666,1467500
2011-02-14,21.671890258789062,21.879486213440238,21.564944997491946,21.78512528851117,1454600
2011-02-15,21.816574096679688,21.822863863711177,21.325890676434437,21.546068518914097,1306300
2011-02-16,22.175153732299805,22.20660737111726,21.841740841268898,21.86061254460761,2165900
2011-02-17,22.546300888061523,22.64695392060725,22.080779112689033,22.080779112689033,1706800
2011-02-18,22.269508361816406,22.58404942681518,22.149981221271826,22.54630363510249,1995200
2011-02-22,22.043045043945312,22.33871210217686,21.96755343780404,22.005299240874677,1815200
2011-02-23,22.01787567138672,22.219181771258757,21.829151502726432,22.05562146502198,1791200
2011-02-24,21.904647827148438,22.200317307563804,21.703341661687404,21.98013703925663,2078300
2011-02-25,22.439367294311523,22.439367294311523,22.061918827029256,22.09337246600964,1505200
2011-02-28,22.88601303100586,22.88601303100586,22.451944740686606,22.533726105490842,1571400
2011-03-01,22.118534088134766,22.942632784277773,22.10595215387015,22.87972311295469,2501300
2011-03-02,21.78512191772461,22.256933668644162,21.659304970860994,22.16257035855679,1644600
2011-03-03,22.59033966064453,22.722446334741427,22.099656356994384,22.131109984194893,1930300
2011-03-04,22.414196014404297,22.640665955572672,22.162562213159934,22.54001291502648,1219000
2011-03-07,22.112239837646484,22.628087039115325,22.005294617959574,22.483398424045586,1099900
2011-03-08,22.609214782714844,22.804231140519168,22.137403103945484,22.21289470037455,1168600
2011-03-09,22.420494079589844,22.722453313013432,22.363876573338004,22.54631102678934,877500
2011-03-10,21.81028175354004,22.200314499576788,21.690756982840156,22.13740483097805,1382900
2011-03-11,21.986434936523438,22.036760291124242,21.483169391718317,21.841746242376928,1122700
2011-03-14,21.445411682128906,21.829152197141667,21.325886931452015,21.772534704766702,1499400
2011-03-15,21.017641067504883,21.200075523644923,20.577282945696012,20.740845699393535,2114300
2011-03-16,20.986190795898438,21.382513409063606,20.79746654192996,20.942155216631097,2783500
2011-03-17,21.042802810668945,22.112243169909707,20.94843950847535,22.112243169909707,2363000
2011-03-18,21.005054473876953,21.53977578881908,20.9987647077107,21.313305810703184,2501600
2011-03-21,21.615276336669922,21.778836740254942,21.099428848754844,21.363642362182816,1179400
2011-03-22,21.47686767578125,21.728501536208814,21.31959711295361,21.60268460599503,1693200
2011-03-23,21.351051330566406,21.48316043077763,21.07425599631883,21.476868264227456,1594600
2011-03-24,21.728504180908203,21.816575322849985,21.206364696883874,21.439126886025594,950900
2011-03-25,21.879478454589844,22.080784569429316,21.659300641408603,21.77253563097558,854500
2011-03-28,21.803998947143555,22.036758795867616,21.75996336494601,21.90465204927498,1062500
2011-03-29,21.904647827148438,21.97384727148044,21.508325264002558,21.753669402932054,1216100
2011-03-30,22.426774978637695,22.43306474294602,21.898345985712275,21.980124920507812,1219500
2011-03-31,22.628097534179688,22.653259009518933,22.294682188523126,22.294682188523126,1135000
2011-04-01,22.672122955322266,22.955210423917656,22.489688542254335,22.779065776926004,1782900
2011-04-04,22.760189056396484,22.86084208971261,22.646954093946146,22.678407716902882,1060800
2011-04-05,22.678421020507812,22.904891078260253,22.646967379099756,22.646967379099756,1782600
2011-04-06,22.74761962890625,22.804237141247288,22.48969593929905,22.804237141247288,949600
2011-04-07,22.300973892211914,22.709876055120002,22.19402862515283,22.68471458030536,1570200
2011-04-08,22.055633544921875,22.508571317829585,21.973852147132703,22.401628443593935,666900
2011-04-11,22.168867111206055,22.3512992021462,22.011596495036134,22.0178862637889,955100
2011-04-12,22.12481689453125,22.2380518675285,21.917221043874843,22.043037947178213,1282400
2011-04-13,21.980131149291992,22.42048916814584,21.93609558738242,22.25063668659829,1430100
2011-04-14,22.514850616455078,22.577757871250174,21.715916001816012,21.91093233129353,1504100
2011-04-15,22.904882431030273,22.93633606056371,22.50855997958625,22.577759404414678,1707000
2011-04-18,22.533723831176758,22.716158242035387,22.30096409304291,22.57775939245186,1398500
2011-04-19,22.722442626953125,22.886005301318736,22.483393179430372,22.57146428112376,1347200
2011-04-20,22.451942443847656,23.1061884958353,22.07449409064761,23.068442700612053,2328400
2011-04-21,22.609214782714844,22.722449777600154,22.30725559627345,22.50227195407777,1278100
2011-04-25,22.835683822631836,22.92375494837746,22.495978852105985,22.703577134013404,1636400
2011-04-26,22.974082946777344,23.13764326797271,22.72244909904485,22.88601181999844,1695300
2011-04-27,22.80423355102539,23.062157200025954,22.59663523853885,22.9740860613075,1649400
2011-04-28,23.23829460144043,23.313786190009115,22.81051853191674,22.81051853191674,1898100
2011-04-29,22.898588180541992,23.213129213792527,22.628082699965923,23.1942551199623,1960300
2011-05-02,22.873432159423828,23.307498070127647,22.609216353086993,23.093609998239142,1587300
2011-05-03,22.690990447998047,23.030695347355152,22.26321444134636,22.8482609680977,2364900
2011-05-04,22.439367294311523,22.81681816135262,22.326134673933907,22.703583141216175,1491900
2011-05-05,22.60291862487793,22.78535299835775,22.275795665459572,22.319831217712274,1578400
2011-05-06,22.35128402709961,22.892294963374887,22.288376783245173,22.892294963374887,1880300
2011-05-09,22.300973892211914,22.433080634085645,22.017886302654524,22.300973892211914,1480200
2011-05-10,23.018123626708984,23.074741135046004,22.332423758964513,22.332423758964513,2059400
2011-05-11,22.407901763916016,23.030694044163344,22.332412590471886,23.030694044163344,1672100
2011-05-12,22.433273315429688,22.534723858082653,21.9386998035712,22.350843993657985,1669400
2011-05-13,22.09721565246582,22.509359828094517,22.08453645150425,22.420590908733665,1216400
2011-05-16,22.046489715576172,22.293775232394317,21.9323575664645,21.995763240961455,1407200
2011-05-17,22.09721565246582,22.09721565246582,21.780182415450405,21.96406227342454,2347200
2011-05-18,22.376209259033203,22.395230481635867,21.932362187719463,22.071857603530855,1561900
2011-05-19,22.661537170410156,22.750306091041303,22.382546369830354,22.490338929719375,1434100
2011-05-20,22.388896942138672,22.655203805766163,22.388896942138672,22.617158931488262,1285200
2011-05-23,22.1416072845459,22.27476312549241,21.932366538096975,22.014795883678637,1530000
2011-05-24,22.236713409423828,22.319142737047233,21.868956073238913,21.87529567439214,1826900
2011-05-25,22.458627700805664,22.528375382410943,22.02112281451488,22.173299794269216,1599500
2011-05-26,22.92784881591797,23.010278153534994,22.325485044911442,22.414253984450305,1959800
2011-05-27,23.13709259033203,23.31463047423941,22.953212685558096,23.067344873433488,2814700
2011-05-31,23.454116821289062,23.73944476166166,23.32096104117435,23.33998467763149,3776600
2011-06-01,22.59813690185547,23.504852480404086,22.585455277546167,23.3463358046966,3992400
2011-06-02,21.60265350341797,22.953216328441822,21.596313900317522,22.686907041542792,47686200
2011-06-03,21.558269500732422,21.58363275123873,21.082719438216266,21.14612514570934,6393500
2011-06-06,20.86713218688965,21.77384763914578,20.860792585004273,21.77384763914578,5971900
2011-06-07,21.628009796142578,21.799208050055935,21.196844360828617,21.228547203678083,6649400
2011-06-08,21.3680419921875,21.87529471931583,21.342678751138134,21.532898221464784,3894400
2011-06-09,20.714948654174805,21.494852474541766,20.46766313888493,21.494852474541766,5553100
2011-06-10,20.347192764282227,20.810060989059174,20.13795088120595,20.61984153513012,5781400
2011-06-13,20.816408157348633,20.879813851418614,20.309152929700048,20.38524266511065,4836700
2011-06-14,21.203182220458984,21.336338019525556,20.87980937991826,21.019304779525307,3434900
2011-06-15,20.87980842590332,21.16513881262091,20.708610193872765,20.981258961317177,4659600
2011-06-16,21.031991958618164,21.336346112987357,20.689597767804845,21.051015604999105,5409000
2011-06-17,21.3680419921875,21.418766055514435,20.96223981048484,21.24122820571247,4364100
2011-06-20,21.60265350341797,21.621674731491957,21.1968511793553,21.228554032402823,3448800
2011-06-21,21.723121643066406,22.12892631735373,21.57728660866394,21.93870439365533,3806000
2011-06-22,21.729461669921875,21.97674724551161,21.653374358687806,21.69775882513868,2853700
2011-06-23,21.450469970703125,21.640689429098007,21.17782119345419,21.266590112787025,26332600
2011-06-24,21.65971565246582,21.957727738010743,21.46949615013229,21.608991580603906,8013400
2011-06-27,21.792865753173828,21.957724403930214,21.564601417524575,21.710438846567467,3684800
2011-06-28,21.830904006958008,21.868948857640305,21.653366207982835,21.830904006958008,3878700
2011-06-29,22.445951461791992,22.464972679729467,21.77384020900209,21.93869640826003,4972900
2011-06-30,22.724946975708008,22.826397534666754,22.534727480006875,22.71860737398589,5079900
2011-07-01,22.953205108642578,23.14342455271885,22.598127039267794,22.667874733142437,4271800
2011-07-05,22.953205108642578,23.435094528220567,22.756643645793268,22.91516025231874,4512300
2011-07-06,22.826396942138672,22.98491358757019,22.623495829488093,22.915165876576793,5681200
2011-07-07,23.62531280517578,23.752126567885686,23.09269693681125,23.09269693681125,4440100
2011-07-08,23.320960998535156,23.39070868828407,22.78200553573752,23.238534109533095,3352500
2011-07-11,22.64886474609375,23.168799279834687,22.629841099112145,22.984919344572667,3260400
2011-07-12,22.617156982421875,23.061004135657793,22.300123647077992,22.34451053929674,4377000
2011-07-13,22.090871810913086,22.78834383093557,22.07185059435084,22.667872094756028,4250100
2011-07-14,21.938703536987305,22.2557368390754,21.729462815370677,21.81189215116978,4099900
2011-07-15,22.059173583984375,22.135260884894947,21.8499304830157,22.046491964037333,3330500
2011-07-18,21.8118839263916,22.090872256270835,21.577277629795304,22.027466587270947,2691500
2011-07-19,22.2493896484375,22.262071266448213,21.887972000831727,21.90065361884244,2963800
2011-07-20,22.268417358398438,22.36986791329063,22.128924357154187,22.31280182499052,2125600
2011-07-21,22.490345001220703,22.94053174525218,22.31280469325789,22.47766337788248,2495100
2011-07-22,22.731281280517578,22.743962899778825,22.350842377766348,22.48399575185212,1718300
2011-07-25,22.477663040161133,22.699585398314905,22.331828002121185,22.45229979386576,1873600
2011-07-26,22.712263107299805,22.7439659503193,22.236713205691732,22.407911460523263,1853700
2011-07-27,21.716785430908203,22.6805671475837,21.685082578267238,22.655203897961886,4096800
2011-07-28,22.376209259033203,22.769329845043913,21.875296101139526,21.875296101139526,3958200
2011-07-29,22.591785430908203,22.655191100373187,21.628004258658702,22.078190800665336,5242900
2011-08-01,21.799209594726562,22.9595501728863,21.42511021754207,22.788351906842003,4706700
2011-08-02,20.702266693115234,21.74213508987894,20.683243058403928,21.545573656336103,4910900
2011-08-03,20.44864273071289,21.20952294398209,19.941390061457263,20.765675951344097,5072500
2011-08-04,18.888843536376953,20.277448441831154,18.844457860979087,20.207701942120785,7133800
2011-08-05,18.235755920410156,19.243921931024094,17.918722614163915,19.243921931024094,8078500
2011-08-08,16.035547256469727,17.91872490047439,16.016524820288826,17.81727432628206,8548500
2011-08-09,17.493896484375,17.54462176079151,15.965796171768353,16.454027713143518,10669800
2011-08-10,16.739356994628906,17.83629185661701,16.568158732639272,17.10711555220701,7524700
2011-08-11,17.56998062133789,17.982124778352027,16.530112037896636,16.815442422077844,7061600
2011-08-12,17.6016845703125,17.95676143910899,17.36707945470586,17.70947591379894,3878800
2011-08-15,18.641557693481445,18.692282972821268,17.589007240140653,17.677776176638822,6062400
2011-08-16,18.451337814331055,18.578150405348605,17.85531488745188,18.299161979478377,5200700
2011-08-17,18.60985565185547,19.00297628138584,18.349888432828124,18.62253727458512,3519300
2011-08-18,17.557308197021484,17.97579214456598,17.297340932922218,17.49390128176613,7221700
2011-08-19,16.878854751586914,17.785569045012217,16.821788656348,17.271975397248145,4986100
2011-08-22,16.6061954498291,17.436821899886702,16.485722523529247,17.411458669345514,3763900
2011-08-23,16.511096954345703,16.739360137131374,16.282832562173816,16.62522794104543,5611100
2011-08-24,16.29551124572754,16.733016305933102,16.010180806996956,16.56181925208075,6190200
2011-08-25,15.85166072845459,16.63156214604198,15.566330351588112,16.473045538757432,5425900
2011-08-26,15.940434455871582,15.972138512535215,15.179555236735935,15.617060334219143,5970400
2011-08-29,16.758373260498047,16.783735284764738,16.041877631834428,16.219416639243452,5031700
2011-08-30,16.954940795898438,17.075413788931723,16.327215004913526,16.58084140388934,3038400
2011-08-31,17.265640258789062,17.398794927894045,16.821794183674417,17.119805171653674,3892800
2011-09-01,17.3861026763916,17.550960103913383,16.992980932395685,17.208563629202185,4786500
2011-09-02,16.58083724975586,17.202222073912466,16.536452792228353,16.93591411936167,3486500
2011-09-06,16.232099533081055,16.377934509897912,15.737527322423354,15.927747961623535,2895200
2011-09-07,17.195880889892578,17.214902107431957,16.41597831736537,16.59351734050872,4337000
2011-09-08,17.00566291809082,17.30367493976549,16.885189947426895,17.126135888754746,3405600
2011-09-09,16.26380729675293,16.85983021184543,16.092609032409445,16.688631947501943,4462000
2011-09-12,16.21308708190918,16.314537668148716,15.85166921725753,15.972142241936876,4560000
2011-09-13,16.422327041625977,16.492074764582675,16.105293696384603,16.29551442916117,4396600
2011-09-14,16.840810775756836,16.923240121871178,16.213084904194886,16.549140681841397,6167000
2011-09-15,17.5521183013916,17.616200760860522,16.82158144135115,17.007420451583897,4678300
2011-09-16,18.14808464050293,18.154493009222126,17.366281990831318,17.712325345768427,8731900
2011-09-19,17.885353088378906,18.026333576378118,17.622616002128908,17.802046714168405,6451600
2011-09-20,18.116043090820312,18.333922727022305,17.76999853134493,17.98787816754692,4002900
2011-09-21,17.10354232788086,18.14808182142667,17.05227660836213,18.096816101907937,7584300
2011-09-22,16.103858947753906,16.77031452310206,15.905204437601393,16.622925732417006,6225100
2011-09-23,16.347375869750977,16.405049970475737,15.841125701671736,16.08463884301438,4766600
2011-09-26,16.69341468811035,16.712639790519916,16.2192064957812,16.565251005526623,3445900
2011-09-27,16.840810775756836,17.250936663734695,16.699829085060777,17.122771712605836,3730500
2011-09-28,16.052595138549805,16.911296958518903,16.020554518421488,16.911296958518903,3227900
2011-09-29,16.29610824584961,16.456313790976292,16.020554512668305,16.43708868554342,4104400
2011-09-30,15.539938926696777,16.424273057715574,15.533530557786396,16.05900458572365,4272200
2011-10-03,14.50180435180664,15.725775751998656,14.495397206066558,15.366914476993013,4950600
2011-10-04,15.084955215454102,15.136220942701781,13.931474518974259,14.348008705645583,5900000
2011-10-05,14.873482704162598,15.168261552315535,14.245477240289462,15.116995825106939,4441400
2011-10-06,15.687331199645996,15.719373051254482,14.565892061053898,14.80940524419174,6165000
2011-10-07,15.072139739990234,15.962882283847922,15.065731370763814,15.834717343862426,4554500
2011-10-10,15.751407623291016,15.860347432323072,15.424588196194845,15.424588196194845,4894800
2011-10-11,15.674507141113281,15.809080410497957,15.39254631222641,15.61683427968681,3116700
2011-10-12,15.943655014038086,16.276882834993945,15.680918022742082,15.879573775006895,3399000
2011-10-13,15.841119766235352,16.046183837684122,15.392545089226708,15.796262420761586,2651100
2011-10-14,16.520397186279297,16.533212701686846,16.001330310725212,16.123086874132248,2899900
2011-10-17,16.244844436645508,16.5139898330993,16.174353597347398,16.283293429775636,4980000
2011-10-18,17.295793533325195,17.391916632776027,16.25766210362176,16.27047762054942,5425900
2011-10-19,16.80236053466797,17.385508739211343,16.69342069303506,17.21248764437094,3450600
2011-10-20,16.879257202148438,16.95615518330001,16.469131376616403,16.795949629917637,4260100
2011-10-21,17.686691284179688,17.699508020307192,17.01382730474044,17.065093026979227,4134600
2011-10-24,18.34033203125,18.474904107509598,17.705916973173355,17.71232534189115,3534800
2011-10-25,17.590564727783203,18.231386740128368,17.193254542329964,18.224978373332398,5205000
2011-10-26,17.75717544555664,18.064770906979003,17.54570425335612,17.949422761729476,5164800
2011-10-27,18.98756217956543,19.429729861490312,18.404414046742957,19.243892049955825,7402700
2011-10-28,19.1798095703125,19.2310752999041,18.724825150699566,18.878622339474365,5040500
2011-10-31,19.070863723754883,19.583520857886324,18.76326944327602,18.852984136181266,4381400
2011-11-01,17.78922462463379,18.583844015161223,17.76359114964676,18.321107007900995,5621700
2011-11-02,18.116043090820312,18.75686526264469,17.85330609815402,18.25061516021321,4571600
2011-11-03,18.74405288696289,18.814543733391194,17.853310252008484,18.398008246974758,3397800
2011-11-04,18.756868362426758,18.83376635128201,18.2890683930309,18.474906217990675,2884200
2011-11-07,18.84658432006836,19.070872376363802,18.4620906838864,18.795318583395538,2289100
2011-11-08,19.04523468017578,19.199031856142742,18.224983075018663,19.077276522421798,3604300
2011-11-09,17.718734741210938,18.468496813003362,17.65465227257703,18.468496813003362,4970100
2011-11-10,17.45599937438965,18.03914757191507,17.391916899681807,18.00710694569692,3905300
2011-11-11,18.2506103515625,18.26983545166949,17.58415610404285,17.744361604788175,2463000
2011-11-14,17.923791885375977,18.14807984216081,17.80203657871735,18.116039229307706,2626100
2011-11-15,18.026323318481445,18.192937194362393,17.60978923991459,17.757178014715457,2508600
2011-11-16,17.89175796508789,18.365966301867527,17.71873565751017,17.840492231983916,3631700
2011-11-17,17.590564727783203,18.148079194051743,17.475216569997713,17.769994108986417,4879800
2011-11-18,17.648244857788086,17.81485756252641,17.45599745480544,17.782816939831672,3041700
2011-11-21,16.795948028564453,17.39191282589004,16.706233318350712,17.39191282589004,4716700
2011-11-22,16.456314086914062,16.853623161501204,16.405048360442454,16.725459456457845,3386500
2011-11-23,15.96928882598877,16.289699917022034,15.962880457495546,16.225617454361117,3263000
2011-11-25,16.15512466430664,16.539618171378805,15.988511992770828,15.988511992770828,1206300
2011-11-28,16.763904571533203,16.89206946922843,16.49475926419006,16.73186395824492,3851700
2011-11-29,16.6998233795166,16.892070740528013,16.62292541292895,16.840805022045863,2513100
2011-11-30,17.827674865722656,17.85971671170466,17.001014795730157,17.327834291117895,4810600
2011-12-01,17.622610092163086,17.76999890140697,17.3021989995783,17.763590532882716,3575600
2011-12-02,17.814857482910156,18.16090207336957,17.6738770325034,17.834082589803927,3074700
2011-12-05,18.263427734375,18.449266708537674,17.955833455351623,18.077588760212326,3039200
2011-12-06,18.180131912231445,18.314704028700366,17.917393605382735,18.263438285911484,2377600
2011-12-07,18.48131561279297,18.538989718769944,17.8853506658786,18.084005240759534,2702500
2011-12-08,17.904569625854492,18.353144357722048,17.802038188726414,18.321103741971204,3548200
2011-12-09,18.391590118408203,18.519753772707716,17.943014272682795,18.03913731897514,2373500
2011-12-12,17.661062240600586,18.160904074472207,17.462407669894695,18.12245507871948,3134900
2011-12-13,17.366287231445312,18.05196700178886,17.19326489062823,17.763596433760394,2570800
2011-12-14,17.282970428466797,17.520075127235263,17.077907565894645,17.30860389742385,3148100
2011-12-15,17.63912582397461,17.749208524452953,17.444862816115922,17.587322272872687,2678800
2011-12-16,17.813968658447266,18.09888889320515,17.6779835237536,17.801017457982258,4116100
2011-12-19,17.386581420898438,17.956420409412946,17.34772907136411,17.956420409412946,2404900
2011-12-20,18.293142318725586,18.306093512364896,17.710352190988488,17.729777746353648,2656200
2011-12-21,18.29961585998535,18.403222927274246,17.975843465934148,18.29961585998535,2155100
2011-12-22,18.6428165435791,18.940686577248083,18.38379761940497,18.435601157221043,2959600
2011-12-23,18.72699737548828,18.85003124454954,18.54568437029768,18.81117766373411,1332800
2011-12-27,18.778806686401367,18.93421735214649,18.48093655249676,18.623396020656244,1609800
2011-12-28,18.442073822021484,18.811174124670316,18.422648270362224,18.811174124670316,1916200
2011-12-29,18.500356674194336,18.629866141783204,18.42265198171607,18.616914948005554,2568100
2011-12-30,18.5133113861084,18.688148830050075,18.474459032486042,18.532738180466602,2030100
2012-01-03,18.93421173095703,19.329214494391316,18.603963701132376,19.05724560130594,3104800
2012-01-04,18.455026626586914,18.86945489946275,18.280189235807292,18.86945489946275,3068000
2012-01-05,18.93421173095703,19.024867616954218,18.234863325179468,18.26724007443737,4350600
2012-01-06,18.6428165435791,18.778800367186133,18.519782678105766,18.7140456361426,3674100
2012-01-09,18.474456787109375,18.707572115604833,18.429127605782853,18.636343015136674,1987300
2012-01-10,18.979541778564453,19.1155268577332,18.70757285532091,18.73995084326297,2964000
2012-01-11,19.180278778076172,19.21913112279948,18.817652777012725,18.91478425636788,1690600
2012-01-12,19.245037078857422,19.478153675583386,18.89536341886256,19.316267424544595,2861100
2012-01-13,19.147903442382812,19.303314077857692,18.837082171433057,19.018395197034053,3701000
2012-01-17,19.776020050048828,20.028562142975648,19.329213763637416,19.3615905116713,3790900
2012-01-18,19.899051666259766,20.171020535199034,19.75659225304156,19.81487138460667,4062000
2012-01-19,20.268159866333008,20.319963421684182,19.76307551043261,19.944387336614625,3724800
2012-01-20,20.578975677490234,20.578975677490234,20.07389025231437,20.268153212331516,3710100
2012-01-23,20.598400115966797,20.630778097610566,20.332906841956465,20.572498965745496,7750300
2012-01-24,20.837987899780273,20.837987899780273,20.358804987096452,20.410608511843527,2846600
2012-01-25,20.961029052734375,21.10996409277179,20.676110167904707,20.740863673942567,3311900
2012-01-26,21.07758331298828,21.356027782093943,20.93512513288331,21.135862445363593,3918600
2012-01-27,21.05815887451172,21.109961178152158,20.76676319719806,20.850944719574798,3535100
2012-01-30,20.462419509887695,20.857421067186817,20.30053328154221,20.747339617602037,4291300
2012-01-31,20.533647537231445,20.689059395202587,20.38471251136076,20.62430466023025,3991500
2012-02-01,21.07111167907715,21.077586041206896,20.714961242340806,20.734388034011697,2690300
2012-02-02,21.24595832824707,21.265383893262698,20.993413632099728,21.084072032613275,2849400
2012-02-03,21.472591400146484,21.640952007766995,21.323656351431552,21.640952007766995,4793400
2012-02-06,21.356037139892578,21.530874613628878,21.336611577318052,21.36251397420977,2055300
2012-02-07,21.55677032470703,21.56972151913609,21.22652104223548,21.26537462552265,3184300
2012-02-08,22.133085250854492,22.48923445779065,21.45963795071366,21.537342648364433,4087200
2012-02-09,22.094236373901367,22.171943558294714,21.822268639089632,22.139564329703322,3945000
2012-02-10,21.414304733276367,21.990619166848756,21.310697671849727,21.83520980980239,3419100
2012-02-13,21.854644775390625,21.91292392693253,21.569725851290343,21.673332957343924,1879900
2012-02-14,21.621524810791016,21.925871718257124,21.433736188303936,21.815787795693435,3256200
2012-02-15,21.53734016418457,21.93881974114597,21.349554039037322,21.751031145811204,2731200
2012-02-16,21.92586898803711,21.938820181442964,21.459635906176583,21.58914537004757,2390400
2012-02-17,22.016530990600586,22.081284505438816,21.783414384881752,21.990628596589993,1843100
2012-02-21,21.796361923217773,22.016527294975038,21.660378082770364,22.00357610014369,2149200
2012-02-22,21.310705184936523,21.874068625670898,21.291279626004044,21.66038006684947,3011700
2012-02-23,21.796361923217773,21.796361923217773,21.271849648393395,21.3171775952092,2632600
2012-02-24,21.938825607299805,22.048907073193305,21.75103696175282,21.919397577292344,2689100
2012-02-27,21.945297241210938,21.98415082620552,21.660378361814242,21.867592541409632,2409500
2012-02-28,21.751039505004883,22.016532891060127,21.647432390207435,21.99063049481365,1891000
2012-02-29,21.796361923217773,21.925871401343432,21.485540657828903,21.744559614080217,3325600
2012-03-01,21.887020111083984,21.93234806265114,21.634477960870367,21.79636420794967,2465500
2012-03-02,21.848167419433594,22.158988695021254,21.718657937058424,21.906446562993025,1745300
2012-03-05,22.320873260498047,22.320873260498047,21.751033062792875,21.899968091815914,2372600
2012-03-06,21.81578826904297,22.210791080021615,21.776937153332234,22.055381676802824,3132600
2012-03-07,22.152507781982422,22.165458974853223,21.71217710512502,21.91291688934125,2902700
2012-03-08,21.93705940246582,22.309205763555003,21.93053161129441,22.30267797238359,4220000
2012-03-09,22.289621353149414,22.34185364821818,21.884831028658116,22.002351201989928,2605600
2012-03-12,22.191688537597656,22.341852643306783,22.10028202533868,22.25697641292413,2765300
2012-03-13,22.79887580871582,22.8249919585773,22.2569793972423,22.27003747217304,2774600
2012-03-14,22.740116119384766,22.90333830517223,22.629123737951378,22.746643910964185,2520900
2012-03-15,22.851102828979492,23.01432499204363,22.694408456585993,22.740112953570705,2869000
2012-03-16,23.02085304260254,23.06655754010322,22.753168791778297,22.844575296207076,3202000
2012-03-19,23.16448402404785,23.20365823123368,22.844570049032296,22.94250183113885,2582500
2012-03-20,23.03391456604004,23.073088788093624,22.85763430265835,22.98168476054155,3002200
2012-03-21,23.12531089782715,23.210187105411208,22.94903318368106,23.060023040037645,2356600
2012-03-22,22.870691299438477,22.929451384464702,22.6617671061392,22.90333772823192,2766300
2012-03-23,22.981685638427734,23.040445728466228,22.472430694569756,22.563837216186457,2490900
2012-03-26,23.314653396606445,23.321183677911897,23.092671153100124,23.197133238834123,2326500
2012-03-27,23.14490509033203,23.33424341251923,23.001268778248953,23.125316735592584,2842600
2012-03-28,22.883747100830078,23.105729345492673,22.563833051228823,23.07308541051312,4118700
2012-03-29,23.053503036499023,23.099205050501343,22.589950123575097,22.700942507989996,2753100
2012-03-30,23.517051696777344,23.523579488043005,23.15143312158067,23.249367424575087,3158200
2012-04-02,23.66721534729004,23.77167743954482,23.406058871366707,23.47134923563391,2921800
2012-04-03,23.60192108154297,23.614976660287862,23.425640881622183,23.582332732281508,2670900
2012-04-04,23.321186065673828,23.45829210025508,23.249367907396174,23.425648162103283,2213100
2012-04-05,23.16448402404785,23.36035007883297,22.955559900200793,23.190600162171737,1688800
2012-04-09,22.792339324951172,22.903331674250296,22.609531326778704,22.753165115097563,1931900
2012-04-10,21.630203247070312,22.805402404539162,21.62367296537412,22.805402404539162,5056900
2012-04-11,21.793426513671875,22.02193657303617,21.702022489926154,21.93053254929045,2930700
2012-04-12,22.119871139526367,22.132929213154362,21.61061623032614,21.773838414816737,2744900
2012-04-13,21.858705520629883,22.09374576664287,21.806475738500243,22.07415990966573,2249200
2012-04-16,22.204742431640625,22.3287928721294,21.917472315247743,22.041520265163907,2382600
2012-04-17,22.64217758178711,22.72052351896849,22.165569187194002,22.32879134248914,2072000
2012-04-18,22.315731048583984,22.616059186677425,22.28308711889073,22.478953187622444,2080000
2012-04-19,22.433259963989258,22.51813620685366,22.19821959333285,22.38102766358865,2665200
2012-04-20,22.70746421813965,22.805398502242877,22.452838068158016,22.537714281675996,2212700
2012-04-23,21.87177085876465,22.413669660591015,21.741192624179877,22.38102323401532,4123100
2012-04-24,22.12639617919922,22.165570395211112,21.88482807355731,21.943588152288864,3071800
2012-04-25,22.64217758178711,22.746639661553097,22.283089338252296,22.381021137085916,3352700
2012-04-26,22.864166259765625,22.9359844268381,22.452845615078903,22.609540024198225,2383100
2012-04-27,23.112255096435547,23.177542953597122,22.77275275993674,22.95556075244683,2670800
2012-04-30,23.347288131713867,23.3668764773391,22.97514194226518,23.060018131783604,3793400
2012-05-01,23.464813232421875,23.908777638894662,22.518126841821974,22.851098901390497,4806500
2012-05-02,23.43869972229004,23.497459790864053,23.066553451512,23.242831166661897,3234800
2012-05-03,23.40605926513672,23.601927870660766,23.236309296331697,23.295069379874356,2540000
2012-05-04,22.877222061157227,23.340772469099754,22.733585741287133,23.32771439542312,1897500
2012-05-07,23.131837844848633,23.216714040202756,22.70093157004029,22.792335554003913,2311000
2012-05-08,22.870691299438477,23.04697155451715,22.6617671061392,22.909865519646907,2334100
2012-05-09,22.583423614501953,22.851107921964903,22.23086306596838,22.583423614501953,3165800
2012-05-10,22.589946746826172,22.851103208292844,22.472426588223428,22.805401201122066,2356800
2012-05-11,22.609533309936523,22.792341324143692,22.2373870006877,22.43325308599144,2579700
2012-05-14,22.041519165039062,22.289617543061045,21.97623129793603,22.26350139999084,3318600
2012-05-15,21.858705520629883,22.087217977841103,21.643253622165876,22.087217977841103,2650000
2012-05-16,21.610614776611328,22.211273670229176,21.584501121684852,21.982761132970314,3081800
2012-05-17,20.918554306030273,21.65631673536383,20.91202402438437,21.649788944290638,4964000
2012-05-18,20.19384002685547,20.98383445632185,20.108963830704898,20.91854660732713,5849900
2012-05-21,21.023012161254883,21.0752419510347,20.167727249781993,20.272189319913842,4024700
2012-05-22,20.76185417175293,21.094828707405096,20.64433528569959,21.094828707405096,2501400
2012-05-23,20.866323471069336,20.90549769195994,20.252608953887137,20.572524286108436,3511100
2012-05-24,20.748798370361328,21.088299466721455,20.474585132152637,20.931607610929145,1905000
2012-05-25,20.56599235534668,20.87284957075832,20.42235730148541,20.722685481000685,1867300
2012-05-29,21.101362228393555,21.134006164727715,20.70309972962779,20.722686838600094,2451400
2012-05-30,20.75533103942871,20.912022922657293,20.7096277873197,20.807562082267,3368900
2012-05-31,20.87937355041504,21.101355735990275,20.422352355919998,20.787969560573224,3980800
2012-06-01,19.952268600463867,20.546396928318785,19.913095646233256,20.311357957649367,4035100
2012-06-04,19.860872268676758,19.97839242188034,19.606246100259828,19.93921945257456,4035900
2012-06-05,20.344009399414062,20.363596506413224,19.7172369188756,19.73029374492215,2963200
2012-06-06,20.892436981201172,21.13400508643599,20.265664469502553,20.33748137483076,5582200
2012-06-07,20.892433166503906,21.399596574429513,20.826568996183834,21.353488640137012,3217100
2012-06-08,20.99123764038086,21.0175830644144,20.740949202528487,20.80681464703063,3160000
2012-06-11,20.57628631591797,21.333735790547987,20.549940891760865,21.248110335409947,3729900
2012-06-12,21.09003257751465,21.09661799050157,20.543351591254666,20.543351591254666,3353800
2012-06-13,20.912200927734375,21.182248146298864,20.754124599034114,20.971479708031847,4733200
2012-06-14,20.91878318786621,21.063686144553124,20.68825478601256,20.964888616981195,5479100
2012-06-15,20.912200927734375,20.95830636657041,20.64215370916989,20.793643367139435,5132700
2012-06-18,20.978065490722656,21.142727226904217,20.582874057561686,20.787055816454597,2835600
2012-06-19,21.261280059814453,21.49180970558742,21.050511677286618,21.16906920652819,2617200
2012-06-20,21.379838943481445,21.616954016985968,21.17565847328614,21.327148100790147,4265600
2012-06-21,20.819990158081055,21.544506354313125,20.76729804824092,21.491815500751986,3557900
2012-06-22,20.773874282836914,21.0834388593179,20.582864695449526,21.01757469731515,3009400
2012-06-25,20.352338790893555,20.543348401098932,20.312820037715326,20.444550890014106,2860500
2012-06-26,20.530174255371094,20.615798426595276,20.279887153403248,20.43137674818059,3895800
2012-06-27,20.523590087890625,20.72777179513139,20.411619231091766,20.62238760711818,3694600
2012-06-28,20.787059783935547,20.81999314248077,20.358936173081087,20.411628290474265,2965200
2012-06-29,21.88700294494629,21.906761698478046,21.333735233038002,21.333735233038002,4722900
2012-07-02,21.966039657592773,22.03190635452047,21.5708495262569,21.972627583564332,2612400
2012-07-03,22.071426391601562,22.1504664369803,21.74868833359093,21.998976785507857,849200
2012-07-05,21.801382064819336,22.0648438924389,21.715759106517446,21.979218421578814,1507900
2012-07-06,21.788206100463867,21.834311532549055,21.45229222377736,21.5181564088826,1468900
2012-07-09,21.53791618347168,21.840895434073847,21.458878664305338,21.840895434073847,1578800
2012-07-10,21.30738067626953,21.801369432404588,21.16906442756533,21.70257318871162,1571200
2012-07-11,21.48521614074707,21.56425614786608,21.169063649940988,21.327141151622353,2217400
2012-07-12,21.393003463745117,21.55108095177181,21.14271515460137,21.254687232069532,2743600
2012-07-13,21.597192764282227,21.78820238610558,21.320557706373023,21.419356479745705,2045000
2012-07-16,21.53133201599121,21.636716230792718,21.39960363190773,21.53133201599121,1629500
2012-07-17,21.768444061279297,21.867242847983654,21.320560583319242,21.656474448068042,1857100
2012-07-18,21.768444061279297,21.81454949172599,21.570849000428097,21.656474448068042,1732700
2012-07-19,21.524744033813477,21.89358999789274,21.248108932614638,21.807964548407675,2039900
2012-07-20,21.149303436279297,21.47204131566288,21.037332613190237,21.30737841443063,3159700
2012-07-23,20.70142936706543,20.925371113016688,20.569698484878053,20.80681357030381,2496300
2012-07-24,20.648733139038086,20.793636075464,20.437964774680918,20.74753065279569,2848900
2012-07-25,20.866090774536133,21.043927075249258,20.76729324845508,20.80681200763176,3316100
2012-07-26,21.241518020629883,21.531323873600154,20.866086740339583,21.07026842226829,3420200
2012-07-27,21.419355392456055,21.663055838498853,21.254692453564996,21.307383287480466,3603800
2012-07-30,21.248109817504883,21.518157003997068,21.19541897047497,21.399601970040354,2095300
2012-07-31,21.29421615600586,21.379839090035833,21.17565861844091,21.241522800395888,2459200
2012-08-01,21.3337345123291,21.616955028652185,21.274455741178745,21.39301328347946,2812100
2012-08-02,21.30738067626953,21.32714193505352,21.043921513864877,21.155891092561586,2467800
2012-08-03,22.17021942138672,22.203151508777072,21.564260973221135,21.775029347588053,4964500
2012-08-06,22.348054885864258,22.427092395203648,22.176804017645605,22.21632402859386,2998200
2012-08-07,22.236082077026367,22.407332939848104,22.236082077026367,22.400745015285782,3188400
2012-08-08,22.025320053100586,22.163638870572132,21.80137829214399,22.08459882842903,1840300
2012-08-09,21.90017318725586,22.196567011098605,21.90017318725586,21.93969320128733,1763900
2012-08-10,21.86724281311035,21.893589491197165,21.689406504860628,21.893589491197165,2506500
2012-08-13,21.70916175842285,21.946276797874866,21.584018826515226,21.847478027250823,1668600
2012-08-14,21.860647201538086,21.952860542421547,21.72891888253212,21.72891888253212,1942500
2012-08-15,21.93968963623047,21.966033795413377,21.775026706691968,21.794785454218378,1216100
2012-08-16,22.222923278808594,22.30854624399674,21.860662608557202,21.94628808630375,2555100
2012-08-17,22.26243019104004,22.269018116028747,22.025315142590692,22.22949810376812,2168800
2012-08-20,22.222923278808594,22.262440797339,21.95946143000002,22.17022990402352,1978500
2012-08-21,22.176809310913086,22.348060220006726,22.11753304917804,22.222917257636542,1830800
2012-08-22,21.88700294494629,22.163638057179266,21.709166625487445,22.143876791089838,1863700
2012-08-23,21.67623519897461,21.94628239330018,21.66964978511397,21.8672448641838,1875900
2012-08-24,22.018726348876953,22.137283854895472,21.55766966020015,21.643295084003928,1793500
2012-08-27,22.222923278808594,22.282202069162604,21.926529327038548,22.06484566701177,1953200
2012-08-28,22.334882736206055,22.460025675359127,21.99897141923873,22.1241143583918,1785300
2012-08-29,22.558828353881836,22.611521713728813,22.348059939609307,22.427097466822083,1514600
2012-08-30,22.440277099609375,22.525902577093436,22.288787416404283,22.387586237544227,1358600
2012-08-31,22.50613784790039,22.598351239325616,22.262437309100175,22.598351239325616,2557200
2012-09-04,22.697147369384766,22.716908637969816,22.249263807346143,22.525898954514933,1448700
2012-09-05,22.77617835998535,22.83545460449097,22.46002331394677,22.670791669601165,3056600
2012-09-06,23.2899227142334,23.428238957531093,22.934250220705067,22.9408381442278,3744500
2012-09-07,23.533628463745117,23.65218598850411,23.283340076747546,23.39531218904536,3445600
2012-09-10,23.533628463745117,23.606080563604195,23.36238010162502,23.527043051283936,3024000
2012-09-11,23.83002471923828,23.862956810035566,23.395314588064675,23.494110860456534,3087200
2012-09-12,23.94286346435547,24.0557088848562,23.82338126954457,24.0557088848562,2871000
2012-09-13,24.50045394897461,24.67303798933953,23.90304278587624,24.002612157110736,2858300
2012-09-14,24.487173080444336,24.94518906006469,24.434071283072498,24.67303316947648,3300300
2012-09-17,24.341129302978516,24.706215097043465,24.341129302978516,24.52035254765963,2195200
2012-09-18,24.042430877685547,24.29466879571714,23.91630938651646,24.281395248160354,3119900
2012-09-19,23.73044776916504,24.161911468738378,23.73044776916504,24.161911468738378,2846700
2012-09-20,23.438396453857422,23.690634514763428,23.27244916171439,23.637532697998115,4172200
2012-09-21,23.225980758666992,23.637529274573797,23.225980758666992,23.59106424207566,4218200
2012-09-24,23.13304328918457,23.524678860720574,23.040113243761425,23.1197697388274,2673700
2012-09-25,22.748050689697266,23.279081414917165,22.73477460504749,23.259168554019617,3238500
2012-09-26,22.53563690185547,22.860892091618208,22.502447958513933,22.754685953632855,3041500
2012-09-27,23.073301315307617,23.199422828337,22.575459634580017,22.65511612664712,3333300
2012-09-28,23.252527236938477,23.312268346624595,22.840978776964118,22.900719886650236,3729700
2012-10-01,22.953826904296875,23.39192758249738,22.734775299119462,23.292358210661412,2427100
2012-10-02,23.126405715942383,23.13304249089194,22.83433950724078,23.079940694834256,2084600
2012-10-03,23.113128662109375,23.239247638078282,23.040111479965514,23.16623298808805,2895100
2012-10-04,23.2060604095459,23.683989249938932,23.192784327073447,23.518042017263998,3009600
2012-10-05,23.16623306274414,23.38528207772801,23.04675086106071,23.378645303036105,1806500
2012-10-08,23.126405715942383,23.21269898320907,22.93390632440659,23.02019959167328,1464100
2012-10-09,22.967098236083984,23.24589093097049,22.96046146027543,23.086580457870475,1511800
2012-10-10,23.11977195739746,23.19278661998368,22.794514235050933,22.98037434373234,1669800
2012-10-11,23.11977195739746,23.491492174760275,23.11977195739746,23.378649260819156,2245900
2012-10-12,23.126405715942383,23.38528298558871,23.02019959167328,23.113129633889525,1782900
2012-10-15,23.52467918395996,23.537955266653377,23.033476785072892,23.199424020509795,1920200
2012-10-16,23.876495361328125,23.936236483175705,23.57778975209023,23.710548081990908,1976800
2012-10-17,23.98933219909668,24.082262246763175,23.70390274860451,23.869849985767218,2427600
2012-10-18,24.14864158630371,24.20174338311272,23.949505417000815,23.949505417000815,2040300
2012-10-19,23.610977172851562,24.18847295855227,23.57114891681365,24.1685600966105,3100800
2012-10-22,23.338825225830078,23.710548042501987,23.259171240884147,23.57115040365344,3207500
2012-10-23,23.079938888549805,23.239246796408818,22.728131604220405,22.874163431065575,4573400
2012-10-24,22.933908462524414,23.43175019122822,22.894082744806656,23.21270114731861,2973500
2012-10-25,22.754682540893555,23.338817478281673,22.455979563465036,23.09985307061591,2815800
2012-10-26,22.50908088684082,22.814423164837258,22.376322604013,22.794510308666858,2349700
2012-10-31,22.761320114135742,22.81442190504245,22.39623675563409,22.57545751557853,3653300
2012-11-01,22.741411209106445,22.940549945191062,22.661757233965126,22.7546872936557,2316700
2012-11-02,22.814428329467773,23.04675601004819,22.801152244964246,22.967099503027026,2758000
2012-11-05,22.688310623168945,22.83434502890981,22.35641608805197,22.781240687857004,2000900
2012-11-06,22.834335327148438,22.94054143197527,22.57545557273934,22.734765996056225,1877100
2012-11-07,22.66840171813965,22.754692489181057,22.529004064621237,22.58874519265633,3899500
2012-11-08,22.296680450439453,22.754694109894203,22.283404361913306,22.621938288942662,2716000
2012-11-09,22.163911819458008,22.43606517765335,22.090894632501293,22.230292231306752,1846700
2012-11-12,22.130722045898438,22.382962537113613,22.031152697953218,22.223652086832,1353000
2012-11-13,22.150632858276367,22.31658006810016,21.95813601931741,21.991324954851475,1833500
2012-11-14,21.805463790893555,22.290031903716642,21.692620896231762,22.236927577649706,2705000
2012-11-15,21.63951873779297,21.94486357895695,21.45365864224837,21.83201814083781,1951600
2012-11-16,21.692626953125,21.792196326224893,21.4470257068741,21.666074782677782,2871000
2012-11-19,22.130722045898438,22.25684102542917,21.88512086169492,21.997963759356043,2613400
2012-11-20,22.17055892944336,22.183832484330814,21.938231204437866,22.05107667821875,2625400
2012-11-21,22.50244903564453,22.53563798057473,22.16391521375561,22.223656327491646,2105700
2012-11-23,22.628568649291992,22.661757595116942,22.42943244218803,22.555551449184545,901700
2012-11-26,22.767959594726562,22.847613556631337,22.4958062370776,22.4958062370776,2852900
2012-11-27,22.53563690185547,22.595378012731857,22.329861401691442,22.58873870477111,3836600
2012-11-28,22.475893020629883,22.509081959880593,22.19710036018566,22.442704081379173,2857400
2012-11-29,22.58210563659668,22.701587877966595,22.436071223332455,22.60865780849099,3046700
2012-11-30,22.52899932861328,22.761327014201242,22.48917360639851,22.641844783248406,3232700
2012-12-03,22.542266845703125,22.767955137041163,22.462612899393612,22.661749031244046,2404400
2012-12-04,22.741411209106445,22.894084915345775,22.270121602301842,22.50908605988001,2054800
2012-12-05,22.767959594726562,22.880805028565973,22.602012363668564,22.767959594726562,3087900
2012-12-06,23.17287826538086,23.17287826538086,22.76132971665473,22.774605803020677,3057500
2012-12-07,23.391931533813477,23.40520508895639,23.093225900003148,23.19279275650343,3455000
2012-12-10,23.352094650268555,23.471576859679555,23.298990320684197,23.391922897456823,2692200
2012-12-11,23.38528060913086,23.51139957758592,23.345452367019718,23.418469544813405,1727200
2012-12-12,23.41183853149414,23.518044671104537,23.206063028181575,23.438390699435264,2068000
2012-12-13,23.431909561157227,23.532273146446947,23.35830806716129,23.532273146446947,3625400
2012-12-14,23.485431671142578,23.712925993048838,23.358303467177706,23.425212510861027,2041600
2012-12-17,23.579116821289062,23.63933600434036,23.405149158066475,23.592496593151687,2442000
2012-12-18,23.973892211914062,23.987271986990116,23.579122484302843,23.579122484302843,2655500
2012-12-19,23.846752166748047,24.060864219121555,23.83336984442258,23.99395515991121,2988200
2012-12-20,24.4757080078125,24.62290844527405,23.853444071856796,23.88689860071547,3745300
2012-12-21,24.395414352416992,24.475708285489073,24.127775566094307,24.28166844252367,5272700
2012-12-24,24.435562133789062,24.522545954642585,24.20806775399934,24.274976814706942,918100
2012-12-26,24.134464263916016,24.50246917226991,23.993953716576375,24.50246917226991,2062800
2012-12-27,24.274967193603516,24.33518634534001,23.81997861435356,24.13445669035704,2299000
2012-12-28,23.933732986450195,24.361957037535223,23.92704054991761,24.121080370695726,1730700
2012-12-31,24.415491104125977,24.47571028263526,23.79991699576251,23.886900820813068,2711400
2013-01-02,24.99091339111328,25.09127953020086,24.783493780543797,24.91731444852159,3483200
2013-01-03,25.024370193481445,25.17157062944097,24.93738637740292,25.051132284845142,3071600
2013-01-04,25.231786727905273,25.258551368425312,24.950765659694685,25.037746912759903,2621400
2013-01-07,25.39906883239746,25.539579404839575,25.14481233533572,25.14481233533572,2527900
2013-01-08,25.318771362304688,25.425827375473173,25.18495070773991,25.392372849936148,2428900
2013-01-09,25.573036193847656,25.613180612697892,25.265247852297968,25.392378651769775,2599500
2013-01-10,25.452598571777344,25.713547511552687,25.285323348596503,25.713547511552687,2825800
2013-01-11,25.613176345825195,25.619868782796864,25.41913906473322,25.46597591386751,1801100
2013-01-14,25.626562118530273,25.639944441858987,25.46597934342011,25.626562118530273,1355300
2013-01-15,25.740312576293945,25.760384786626844,25.24517678460422,25.425834334852468,2014800
2013-01-16,25.7269287109375,25.75369335805647,25.492741877272362,25.60649035131937,2057400
2013-01-17,25.907573699951172,25.974482732918602,25.77375308160032,25.80051771575369,2696200
2013-01-18,26.429487228393555,26.462941765034596,25.900896871245475,26.01464535872606,3945000
2013-01-22,26.309043884277344,26.47631908829865,26.175223210576892,26.3491908521126,3090200
2013-01-23,26.523147583007812,26.54991221979699,26.15514276061349,26.248816436959363,2067800
2013-01-24,26.884477615356445,26.911242267171296,26.56330945083128,26.583381663483575,3664500
2013-01-25,27.19225311279297,27.19225311279297,26.77741137709732,26.95806887951721,3003400
2013-01-28,27.386301040649414,27.42644801498482,27.198953598585778,27.27255255624116,2755700
2013-01-29,27.259166717529297,27.446514117899987,27.239091958620367,27.386294946006995,3197800
2013-01-30,26.7974796295166,27.22570362286781,26.697116066809098,27.03835626388074,5438000
2013-01-31,26.697120666503906,26.8443210943196,26.409407142822317,26.677045908570623,5749100
2013-02-01,27.085195541381836,27.43981808921491,26.717190673500042,26.904538049348975,3918500
2013-02-04,26.937986373901367,27.185555409203634,26.76402135813651,26.83762282525794,3789200
2013-02-05,26.95138168334961,27.132039220896708,26.85101808632381,27.105274574056278,2427000
2013-02-06,26.703811645507812,26.830939873018213,26.389333466635335,26.697121760867002,3076300
2013-02-07,26.375946044921875,26.7238786845564,26.36256627822735,26.71049636544549,2338100
2013-02-08,26.409414291381836,26.456251151876113,26.175227436492975,26.369267317064967,2590800
2013-02-11,26.315732955932617,26.489698022800628,26.161837541789684,26.436168739200177,2433100
2013-02-12,26.496389389038086,26.583373203545634,26.362571277385697,26.362571277385697,1655000
2013-02-13,26.409414291381836,26.690435454347508,26.37595720324238,26.549924872864672,1554400
2013-02-14,26.235445022583008,26.349193500005214,26.135081421534682,26.3090465281355,2736500
2013-02-15,25.987873077392578,26.30904112919067,25.84067009649549,26.295658807980317,3790300
2013-02-19,26.536535263061523,26.56329990525845,26.088238992138464,26.108311197577777,2848500
2013-02-20,26.21536636352539,26.630208094453263,26.19529415873722,26.503079876767035,1845100
2013-02-21,25.947715759277344,26.409396723341093,25.8406597847322,26.409396723341093,2232600
2013-02-22,26.375946044921875,26.382638480685525,25.987869000371003,26.04808816016191,1844000
2013-02-25,25.639936447143555,26.536531411265038,25.639936447143555,26.49638445379701,2727000
2013-02-26,25.673385620117188,25.92764452627712,25.51280292853313,25.720222451197195,2345500
2013-02-27,25.860742568969727,26.121691428467198,25.59310127325016,25.59310127325016,2543300
2013-02-28,26.054786682128906,26.228754335834374,25.833984724631637,25.900893789953905,4405400
2013-03-01,26.288963317871094,26.349182474268485,25.807210066691948,25.934338262457004,2601700
2013-03-04,26.636903762817383,26.63690376281738,26.17522257734075,26.21536954420476,2263900
2013-03-05,26.784101486206055,26.817558564740715,26.549917250963837,26.69042779210917,2119500
2013-03-06,26.663665771484375,26.88447025991953,26.536537538771913,26.851015730512778,1284300
2013-03-07,26.396032333374023,26.75734744999379,26.33581314727073,26.643598964057567,2196100
2013-03-08,26.42298126220703,26.638623856894075,26.261250601523,26.5173245760498,2842800
2013-03-11,26.362327575683594,26.577970137273727,26.24776858950351,26.55775445045656,2393800
2013-03-12,26.15342903137207,26.382549607169903,26.03212975179307,26.362331346798417,2347400
2013-03-13,26.294950485229492,26.65210813503343,26.20060714910491,26.41624979472198,3898600
2013-03-14,26.22755241394043,26.44319756331036,26.220814708020576,26.288202049868342,3445300
2013-03-15,26.139957427978516,26.355600073047977,26.059089508080138,26.126479441328787,6413600
2013-03-18,25.97821617126465,26.045606083792766,25.816485522521784,25.870394881881968,4162500
2013-03-19,25.82322120666504,26.126469362643576,25.600840939388853,25.98495441340763,2886900
2013-03-20,26.099529266357422,26.133222955135654,25.890624282870487,26.025401608647098,2287100
2013-03-21,25.957998275756836,26.139947168119072,25.897348644969423,25.897348644969423,2293900
2013-03-22,26.207345962524414,26.294951594333718,25.87714427216069,25.991703307811676,2507700
2013-03-25,26.28146743774414,26.476894351035114,26.160168151609238,26.267989453655527,2670400
2013-03-26,27.049680709838867,27.06315868703828,26.382537547766617,26.422968908703538,3487000
2013-03-27,26.86100196838379,26.894695635833262,26.631881430800497,26.84752398727159,1862200
2013-03-28,26.941862106323242,26.982296041888667,26.692525930323658,26.820562870288512,1840400
2013-04-01,26.901445388793945,26.962095045629592,26.672327319262823,26.87449198516059,1518400
2013-04-02,27.049680709838867,27.191195614440705,26.92164378243644,27.009249348901946,1672100
2013-04-03,26.71275520324707,27.157518438099796,26.685799232489245,27.157518438099796,1959000
2013-04-04,26.726232528686523,26.97556882538253,26.625148926172113,26.739710513732632,4144300
2013-04-05,26.517324447631836,26.577974087760257,26.180382573732256,26.32190011447357,3516500
2013-04-08,26.989044189453125,27.002522173190354,26.422981725802355,26.497109351025827,2294800
2013-04-09,26.854267120361328,26.995784665312343,26.672320765226214,26.955350713803114,2267400
2013-04-10,27.130563735961914,27.352946649118287,26.86774943544109,26.894705407459377,1868200
2013-04-11,27.723575592041016,27.757269263619953,27.076647843340936,27.191206840841794,3226500
2013-04-12,27.703357696533203,27.797700997704315,27.62923008256671,27.689879714842736,2871300
2013-04-15,27.346200942993164,27.831395444093516,27.312504702494582,27.521409568539525,3524900
2013-04-16,27.905519485473633,27.932475446154584,27.238373597260516,27.66292098066886,2750800
2013-04-17,27.63595962524414,27.70334951379152,27.238368280129517,27.60900624048659,3988800
2013-04-18,27.373159408569336,27.689885619175662,27.130560827735785,27.629235973967273,2164700
2013-04-19,28.026824951171875,28.087474590818548,27.38663488171531,27.433806538033558,3270600
2013-04-22,27.97291374206543,28.100953301669115,27.74379316087532,27.999869709420157,2115300
2013-04-23,28.262685775756836,28.383985065964335,27.91226588967546,28.033565179882963,2582600
2013-04-24,28.7613525390625,29.11851002799489,28.21550589220757,28.21550589220757,3882300
2013-04-25,27.932483673095703,28.10095462097847,27.932483673095703,28.03356469942777,28065700
2013-04-26,28.0335636138916,28.087475549044548,27.96617626561298,28.040303891117,6023600
2013-04-29,28.114429473876953,28.12116717995024,28.033561577023253,28.100951491068002,3905500
2013-04-30,28.269420623779297,28.282898605731777,27.972910162149176,28.06725603581653,3493100
2013-05-01,28.242460250854492,28.370497203421476,28.06725165414905,28.28963189499295,3915700
2013-05-02,28.559194564819336,28.579410255075445,28.228990390215156,28.343551966545704,2790200
2013-05-03,28.80180549621582,28.896148852132786,28.57942252527128,28.808543205639754,5086700
2013-05-06,28.882658004760742,28.882658004760742,28.64005944287976,28.76135872382025,2613700
2013-05-07,28.963523864746094,29.15895077324153,28.79505292376642,29.03765149008316,2437800
2013-05-08,29.051122665405273,29.064600646004447,28.90286744947631,28.923083135044095,2099400
2013-05-09,28.916370391845703,29.078103727988537,28.862460993574203,29.030932040501913,2174500
2013-05-10,29.192644119262695,29.199384396397168,28.90961417551532,29.010695196569728,1955300
2013-05-13,29.138736724853516,29.327423366770905,29.07134680226681,29.199386369850206,2520400
2013-05-14,29.22633934020996,29.313944952958373,29.071346376524414,29.199385942232702,2308000
2013-05-15,29.543071746826172,29.56328744221851,29.057874492104464,29.206129780083476,3237300
2013-05-16,29.56327247619629,29.650878062985896,29.394801578111142,29.428495243595794,2656000
2013-05-17,29.56327247619629,29.684571728470548,29.374585892952734,29.59696614168094,3489200
2013-05-20,29.77217674255371,29.77217674255371,29.42849467750052,29.482406597768414,2046800
2013-05-21,30.169771194458008,30.183249175881834,29.765439463729557,29.866523039077197,2662400
2013-05-22,29.313940048217773,30.675185388821376,29.111775458569408,30.15629464730449,4073700
2013-05-23,28.559194564819336,29.003957745091522,28.303118015370945,29.003957745091522,3606200
2013-05-24,28.606355667114258,28.68048326491783,28.067249370354105,28.417666535252007,1895500
2013-05-28,28.599628448486328,29.084825622399688,28.269426815644117,28.90287668218218,2504000
2013-05-29,28.208772659301758,28.404199553181858,27.81791887154155,28.34354991613846,3656200
2013-05-30,27.69661521911621,28.491798081020008,27.676399533518268,28.24246186621823,2727600
2013-05-31,27.15750503540039,27.92573182822524,27.130549077945794,27.629224008209455,6555500
2013-06-03,27.238380432128906,27.50793496525337,26.82057321938228,27.13055913301163,3380600
2013-06-04,26.564489364624023,27.62922664992922,26.544273679930985,27.272069176822413,2481100
2013-06-05,26.187122344970703,26.6386232133573,26.03886710070648,26.47689255658036,3226400
2013-06-06,26.45667266845703,26.456672668457028,25.742357598766947,26.14668678649106,2825700
2013-06-07,26.490604400634766,26.687435037819718,26.198752790774968,26.54490357880744,3363400
2013-06-10,25.893329620361328,26.605989522298522,25.886540928357014,26.57205382965911,4682500
2013-06-11,25.425012588500977,25.805099142518102,25.40465168727557,25.723652948488656,5208800
2013-06-12,25.194250106811523,25.791528329934327,25.10601779511828,25.791528329934327,3808300
2013-06-13,25.974782943725586,26.04944304154065,25.112802650172927,25.34356904836126,3632400
2013-06-14,26.1173152923584,26.443102702283227,25.85261318361498,25.85939928857817,3172300
2013-06-17,26.103734970092773,26.633141664692207,25.940842594160358,26.415947514902932,3176700
2013-06-18,26.02229118347168,26.300568058069363,25.961205889578146,26.19875837187085,3873500
2013-06-19,25.08565902709961,26.144470269024833,24.807382062053257,26.02229964152851,4536000
2013-06-20,24.162588119506836,24.94312223179945,24.060781010813127,24.936336126871133,5613700
2013-06-21,24.67841339111328,24.685199494190066,23.81643330922428,24.318690378112287,11804700
2013-06-24,24.325485229492188,24.868464290370238,23.830016674620442,24.318699123974884,4925600
2013-06-25,25.058496475219727,25.17388093673552,24.305114780450182,24.549453320059904,5026400
2013-06-26,25.20103645324707,25.48609944439729,24.949906573468464,25.329993150796742,3895100
2013-06-27,25.80510902404785,25.825469933070043,25.302851692093647,25.343576099266848,3332800
2013-06-28,25.601476669311523,25.879753477059374,25.37071034660887,25.703283741925272,4192600
2013-07-01,25.499677658081055,25.988360095943406,25.458953258549748,25.988360095943406,2513200
2013-07-02,25.784732818603516,25.988349555419184,25.370710653239534,25.418221138858947,3385000
2013-07-03,25.425012588500977,25.60148236288057,25.21460970483092,25.60148236288057,2079000
2013-07-05,25.452167510986328,25.764380144396952,24.96348506625431,25.587912922203927,3089100
2013-07-08,25.51325035095215,25.81188815546752,25.370718848055816,25.520036455749445,3539900
2013-07-09,26.00871467590332,26.110524355407613,25.635416832933757,25.68971342997573,2190600
2013-07-10,25.96799087524414,26.144460645170316,25.635417414358887,25.91369427697069,2637300
2013-07-11,26.633146286010742,26.694231584866678,26.2802092914129,26.30735629936036,2790300
2013-07-12,26.443098068237305,27.162546757279284,26.198756906331436,26.633142632568383,2119100
2013-07-15,26.65350914001465,26.721380548542914,26.388807021974827,26.47703933523592,1367200
2013-07-16,26.673866271972656,26.762101161882004,26.54490957835739,26.673866271972656,2493100
2013-07-17,27.12860870361328,27.155755705478672,26.680650808740527,26.84354317644289,1731400
2013-07-18,27.447612762451172,27.461187560631465,27.128614067162264,27.1489749698687,2338000
2013-07-19,27.393312454223633,27.52905782854056,27.128610398325844,27.447609050473805,2097600
2013-07-22,27.447612762451172,27.54263634971324,27.237209863476618,27.386527465203844,1506000
2013-07-23,27.332233428955078,27.495125844163255,27.203276717821254,27.488339738999688,2074500
2013-07-24,27.053956985473633,27.48834021912019,26.938572482651598,27.34580870604147,4211500
2013-07-25,26.816394805908203,26.979289770151684,26.51097095528405,26.904629686087073,3162800
2013-07-26,26.911415100097656,26.918201202764227,26.4838181365392,26.680648772524698,1339800
2013-07-29,26.551698684692383,26.857125192659684,26.44310288065159,26.75531549362785,1433400
2013-07-30,26.402376174926758,26.83675931051559,26.33450219178618,26.714588729990265,1077600
2013-07-31,26.03586196899414,26.538116451056244,25.76437124038451,26.517755552605134,3422000
2013-08-01,26.03586196899414,26.28698921002519,25.893330501581445,26.191968231750064,2174100
2013-08-02,25.893329620361328,26.259838725645317,25.811880851073877,26.07658287843963,2569400
2013-08-05,25.92047691345215,26.049436171715275,25.84581942445405,25.87975511747635,1947300
2013-08-06,26.03586196899414,26.191968231750064,25.805095626414197,25.872967014002867,2621300
2013-08-07,25.859397888183594,26.029078983484347,25.682930688287147,25.95442147641957,1199000
2013-08-08,25.635421752929688,26.001933562533498,25.50646504471866,25.940848260932864,1743500
2013-08-09,26.001928329467773,26.232694690279285,25.574331304320154,25.58790610073585,1814900
2013-08-12,25.574338912963867,25.852615849456896,25.37750819006848,25.8254662485482,1727500
2013-08-13,25.20781898498535,25.62184120413376,25.153522389707057,25.62184120413376,1850100
2013-08-14,25.092435836791992,25.255328203542355,24.949901779476065,25.180668123311985,2221200
2013-08-15,24.542678833007812,24.9091906995798,24.42050821081715,24.9091906995798,2227600
2013-08-16,23.809654235839844,24.48158997130796,23.796079436550926,24.434079468360853,2462500
2013-08-19,23.606033325195312,23.93860941367333,23.59245852677498,23.81643881701839,2708000
2013-08-20,23.96576499938965,24.074360824761587,23.626402721461254,23.626402721461254,3166700
2013-08-21,24.047197341918945,24.461219496292795,23.48385504291788,23.884302403314052,2768600
2013-08-22,24.0404052734375,24.121854025862536,23.830002469156614,23.979322592808998,1626300
2013-08-23,24.488372802734375,24.515519805684704,23.992901809258683,24.14222197655972,1474600
2013-08-26,24.359416961669922,24.569822446181135,24.291545561054935,24.481587554079276,1390400
2013-08-27,24.311901092529297,24.35941158028956,23.863943215698658,24.10149565449998,2078800
2013-08-28,24.20330238342285,24.556239241881244,24.10828141943926,24.311898140707964,2012000
2013-08-29,24.121856689453125,24.21008896396612,23.897876479242143,24.05398272160413,1059400
2013-08-30,23.918251037597656,24.298335077011068,23.809655227889778,24.203314067157716,2031800
2013-09-03,23.958972930908203,24.23046375068117,23.62639939527108,24.182953245590156,2507700
2013-09-04,24.155797958374023,24.277968539594315,23.76892531421902,23.958967289838256,1629500
2013-09-05,24.216888427734375,24.488379241643585,24.081143020779773,24.16258922930122,2304600
2013-09-06,24.807371139526367,25.099222777919536,24.393348927427798,24.40013761992675,2687700
2013-09-09,25.51325035095215,25.51325035095215,24.590184750832474,24.834525949585107,2693000
2013-09-10,25.30962562561035,25.81866876728814,25.19424116715052,25.68970951435496,2766400
2013-09-11,25.40464210510254,25.445366481320672,25.106004446883425,25.302832459120623,1904400
2013-09-12,25.343103408813477,25.63031486679158,25.14478924479521,25.52774046407444,2356900
2013-09-13,25.281557083129883,25.438839916890927,25.206334291191624,25.322585799720425,1408100
2013-09-16,25.52089500427246,26.30731162905017,25.40464351831188,25.5550864643408,1979700
2013-09-17,25.678192138671875,25.89018348323527,25.507232134275068,25.582454953592485,1702400
2013-09-18,26.77918243408203,26.922788251650875,25.322602060994594,25.685039145019346,4316800
2013-09-19,26.59453773498535,27.175803312243776,26.567183508342985,26.840720557481376,2522600
2013-09-20,26.04746437072754,26.690272998704707,26.04746437072754,26.601375681478864,3326700
2013-09-23,26.088489532470703,26.35518663830467,25.910689722820177,26.06797256450067,2368200
2013-09-24,25.883344650268555,26.300487494947898,25.862830283691782,26.095336003251937,2785500
2013-09-25,25.97907257080078,26.225252683102795,25.753404207055322,25.917526890564886,2713000
2013-09-26,26.327838897705078,26.341516010169553,25.780767442338398,25.95172743518064,2732200
2013-09-27,26.191076278686523,26.44409639464124,25.917541793737474,26.232107625318257,2254600
2013-09-30,25.726058959960938,26.2184245734898,25.65767600636747,26.054301832766022,3333100
2013-10-01,26.170555114746094,26.532989452306264,25.51406939094724,25.835472392529088,2698100
2013-10-02,26.498790740966797,26.929610520852506,26.232093651537152,26.909093554144455,4345000
2013-10-03,26.13636016845703,26.560340149363498,25.76708601961493,26.368865824175167,3040600
2013-10-04,26.054298400878906,26.21842111998434,25.73289543095403,26.081652622170168,2234200
2013-10-07,25.808122634887695,26.06797995552812,25.671354113757566,25.780768408933156,1948700
2013-10-08,25.650835037231445,25.97224064424349,25.582452086593385,25.808120519255212,2024700
2013-10-09,25.58245086669922,26.061139324266517,25.527745030525878,25.71237951017285,2503700
2013-10-10,26.382543563842773,26.396218065703618,25.82179246779071,25.862823799299523,1965500
2013-10-11,26.738142013549805,26.744981874148422,26.122687600441022,26.38254752169628,1651200
2013-10-14,26.649242401123047,26.71078809800074,26.39621975360238,26.48511967323511,1951500
2013-10-15,26.676593780517578,26.79968517318993,26.307322211142772,26.51247366271594,2680500
2013-10-16,27.33991050720215,27.360424863147433,26.72445635107095,26.731293600172243,2288100
2013-10-17,27.380949020385742,27.517717516111716,27.223666163325596,27.251017775557127,3346400
2013-10-18,27.230514526367188,27.456183027701467,27.196323040643456,27.35360596188713,2267100
2013-10-21,27.285207748413086,27.312559356527064,27.107407948142946,27.237339173411517,1980200
2013-10-22,27.818601608276367,27.873307432509517,27.35359036340711,27.469841870303597,3391700
2013-10-23,27.442493438720703,27.86647340800558,27.367270639132332,27.58609917867562,2644900
2013-10-24,27.64080047607422,27.736540228984545,27.25785189899905,27.592931903939824,1879300
2013-10-25,27.98271942138672,28.030590600592653,27.54506242843059,27.61344796398089,2693700
2013-10-28,27.75707244873047,27.90067825754944,27.42882948201144,27.90067825754944,2661200
2013-10-29,27.654483795166016,27.74338370994427,27.483523825245904,27.74338370994427,2308500
2013-10-30,27.380949020385742,27.818606119795202,27.271534745533376,27.633969041861445,2682200
2013-10-31,27.31940460205078,27.497201828738422,27.045867597839734,27.387787548782445,2771800
2013-11-01,27.743379592895508,27.81860238588022,27.175793933482943,27.428813920997378,2057000
2013-11-04,27.955366134643555,27.962203383466687,27.613446303378584,27.804920574121752,1657400
2013-11-05,27.292049407958984,27.791252205520337,27.230503714635415,27.757060733372157,2025300
2013-11-06,27.278362274169922,27.497190745882158,27.121079473166823,27.42196796961086,1656600
2013-11-07,26.833881378173828,27.367275716183208,26.731304339952434,27.30573001497886,2240600
2013-11-08,26.635560989379883,26.991158001856668,26.06113544747767,26.75181250435634,2156000
2013-11-11,26.683441162109375,26.943301131961686,26.430421054134822,26.60138108007711,1480400
2013-11-12,26.375701904296875,26.779167506352252,26.170550478037278,26.68343034800723,2003200
2013-11-13,26.519304275512695,26.669749853038734,26.197901371672867,26.31415287529456,1809000
2013-11-14,26.662918090820312,26.956966839510176,26.56717831628259,26.69026970347468,1992100
2013-11-15,26.792842864990234,26.881742767061755,26.61504306084719,26.61504306084719,2222500
2013-11-18,26.615049362182617,26.86807201962666,26.526152047705658,26.758657732957634,2162500
2013-11-19,26.40989875793457,26.73130437673761,26.279970103498794,26.601375722301835,1932500
2013-11-20,26.04746437072754,26.683435746857505,25.938050080675204,26.396221605068597,1529000
2013-11-21,26.341514587402344,26.430414509298508,25.979080256918316,26.170554603794056,1865400
2013-11-22,26.286800384521484,26.3483460694896,26.102163329617127,26.293640243207804,1232600
2013-11-25,26.23209571838379,26.45092425047243,26.16371017170492,26.29364140607384,1642100
2013-11-26,26.026935577392578,26.320986808008744,26.026935577392575,26.191055617162856,2358200
2013-11-27,26.32099723815918,26.341511599099388,26.02010603161199,26.09532883324879,1787000
2013-11-29,25.938037872314453,26.505623419612405,25.924360766415063,26.403049038328813,1239800
2013-12-02,25.712383270263672,25.97908306477748,25.56877749458573,25.931211864242226,2114100
2013-12-03,25.609798431396484,25.74656689923784,25.52089853600337,25.664504253348095,1968800
2013-12-04,25.500385284423828,25.855982272771683,25.302071127888002,25.397808276935184,2118800
2013-12-05,25.452516555786133,25.623476494804276,25.172142360142047,25.411485231310788,2066300
2013-12-06,25.87649917602539,25.924367755257332,25.664507890396838,25.767084907974958,1560800
2013-12-09,25.938037872314453,26.040614862239263,25.630309511181242,25.917523517785977,2007300
2013-12-10,25.828636169433594,26.040627500800195,25.821796308843634,25.903858984068275,1888400
2013-12-11,24.95332145690918,25.849150141034624,24.9054502594345,25.773927327543262,2093400
2013-12-12,25.008028030395508,25.117442323595714,24.625076699873517,24.89177648515139,3216400
2013-12-13,24.816556930541992,25.39781995043005,24.700302761378662,25.090091395165782,2339100
2013-12-16,24.90614128112793,24.9543820757702,24.60980346893904,24.82344315158777,2800500
2013-12-17,25.03708267211914,25.154238135798593,24.809659531198612,24.926814994878068,3772000
2013-12-18,25.609086990356445,25.643544332030093,24.802774153701122,25.016411249433734,5075400
2013-12-19,25.312744140625,25.553950742746096,24.940598614330373,25.553950742746096,3082700
2013-12-20,25.381664276123047,25.457469369795145,25.20937495346327,25.20937495346327,2602400
2013-12-23,25.49193000793457,25.788265232091018,25.43679616134867,25.788265232091018,2199000
2013-12-24,25.478137969970703,25.581509954132972,25.250714872747597,25.436787598950424,929500
2013-12-26,25.588411331176758,25.808941457259753,25.49192972963126,25.581518285965526,2132100
2013-12-27,25.629751205444336,25.671101577216852,25.457461933114022,25.60218691985499,2480800
2013-12-30,25.629751205444336,25.836500435381247,25.60907733402091,25.657318119959346,1117800
2013-12-31,25.464365005493164,25.746919418243543,25.35409993293025,25.62287088299443,2593200
2014-01-02,25.436792373657227,25.505707042701292,25.18869535881683,25.491926212033366,1985500
2014-01-03,25.664220809936523,25.74691895564117,25.38166640226288,25.388556819018827,1840100
2014-01-06,25.774473190307617,26.008786678544062,25.60218393804333,25.926085944630948,3030600
2014-01-07,26.00190544128418,26.132844386039018,25.774484892086146,25.83650915621771,2850100
2014-01-08,25.967445373535156,26.077710428306858,25.691781422142768,25.967445373535156,2382900
2014-01-09,25.636638641357422,26.0087840191384,25.340300947449435,25.995000564895577,2916900
2014-01-10,25.91231346130371,26.001904646516785,25.698676380545614,25.767591059062458,1721500
2014-01-13,25.32652473449707,25.870959502589002,25.21625969795289,25.712453676864612,2397400
2014-01-14,25.650426864624023,25.753798847276876,25.374762986365262,25.4367872275272,1597000
2014-01-15,25.850282669067383,25.953657289655812,25.629752598809485,25.684886430836862,1909400
2014-01-16,25.69866371154785,25.898519861218123,25.595289115808008,25.829602587749836,2250400
2014-01-17,25.485036849975586,25.82961550283452,25.367881369888263,25.753807778577315,2432500
2014-01-21,25.733123779296875,25.864062669468783,25.40232871813196,25.63664221507279,1522300
2014-01-22,26.015695571899414,26.125960666517262,25.795165382663715,25.843406197251074,1995700
2014-01-23,25.788253784179688,25.926085710531638,25.64353144452654,25.836497192989405,2216800
2014-01-24,25.319629669189453,25.643531675773264,25.161121243653856,25.588400482090528,2849400
2014-01-27,25.16112518310547,25.42989866701349,25.037079320666233,25.25760938777607,3319400
2014-01-28,25.657318115234375,25.726235401509207,25.14734334142893,25.202474541523134,2752900
2014-01-29,25.505704879760742,25.64353683508652,25.174909764334405,25.395439841285295,3230200
2014-01-30,26.746196746826172,26.97361729718029,25.154242378641076,25.154242378641076,4294300
2014-01-31,26.71172523498535,26.98738909761551,26.22931741877072,26.318905939538908,4104500
2014-02-03,26.305131912231445,26.80132599124957,26.194866853441457,26.75308519233685,2916100
2014-02-04,26.70484161376953,26.828890120612098,26.229324090157096,26.298238758880256,3044000
2014-02-05,26.95983123779297,27.00118161974922,26.470530214812392,26.622145653059004,3138900
2014-02-06,27.276840209960938,27.345754870740485,26.870237401939704,26.99428326555773,3014100
2014-02-07,27.518041610717773,27.655873548475856,27.194136951325117,27.373319259088287,2452200
2014-02-10,27.80060577392578,27.86263003649953,27.394002859037105,27.5180513841846,1942400
2014-02-11,27.993566513061523,28.18653232903677,27.628314015025577,27.73857906890018,2496600
2014-02-12,28.055585861206055,28.145177023342598,27.89018962379714,27.993561614946266,1673000
2014-02-13,28.13828468322754,28.289897452322645,27.876404258171462,27.91775200023121,1759300
2014-02-14,28.028013229370117,28.241652840457142,27.993555906014212,28.06247318165128,2022800
2014-02-18,28.11760711669922,28.124500159398117,27.766138177895392,28.048692463263336,2594100
2014-02-19,28.062482833862305,28.496649989545823,27.95910819931318,28.034915914125715,2051700
2014-02-20,27.835060119628906,28.186531779387153,27.69722814774187,28.083157143240324,2063400
2014-02-21,27.986675262451172,28.062482977652138,27.711011321525145,27.81438595660395,2416500
2014-02-24,28.041797637939453,28.434616921188486,27.952209119953075,27.986666444480555,3029000
2014-02-25,28.193424224853516,28.317472745590553,28.014244488748012,28.04180878196905,1804800
2014-02-26,28.26922607421875,28.41394844204147,28.103827204617186,28.26233303065052,2009300
2014-02-27,28.1865234375,28.462184670765083,27.96599339931776,28.310571912593186,1900700
2014-02-28,28.386383056640625,28.524215017254924,28.131395638306056,28.186529474122175,3511300
2014-03-03,28.207197189331055,28.39326990119435,27.89707600289223,28.200304146896073,2779900
2014-03-04,28.923925399780273,29.01351393327269,28.420841013613952,28.420841013613952,3041200
2014-03-05,28.779205322265625,28.95149463308335,28.5724586750696,28.910146880999896,2682300
2014-03-06,28.47597885131836,28.868798294080978,28.358823374566118,28.79988361704159,2472700
2014-03-07,28.165849685668945,28.427730117395047,27.9659961264635,28.358815459589817,2214400
2014-03-10,28.013010025024414,28.207543970232873,27.853213905699434,28.14501482351212,2178900
2014-03-11,28.10332489013672,28.27701663525459,27.9852131252872,27.9852131252872,1385000
2014-03-12,28.22838020324707,28.270064521502725,27.97826369241144,28.006055004798824,1875300
2014-03-13,28.040794372558594,28.34649087476802,28.00605655531386,28.214486109107813,1669500
2014-03-14,27.92268943786621,28.207543849412588,27.90184727249064,28.040801225755605,1542300
2014-03-17,28.138057708740234,28.3673320437083,28.047737275238397,28.13805770874023,1131700
2014-03-18,28.374284744262695,28.45070953927975,28.068588214520297,28.082481222409026,1218000
2014-03-19,27.804582595825195,28.561878920798442,27.6725777870047,28.304815808747392,2035700
2014-03-20,27.964385986328125,27.97828165144133,27.512786146293838,27.700373649831445,3269100
2014-03-21,28.200603485107422,28.332608311773907,28.019965161757135,28.214499148492333,2887100
2014-03-24,27.867101669311523,28.29090991584199,27.78373038075117,28.18669381739744,1588900
2014-03-25,28.117218017578125,28.25616928090794,27.86710150306372,28.054688888949524,2084600
2014-03-26,27.728147506713867,28.193642718521964,27.721201003698276,28.179747062165333,1519300
2014-03-27,27.874040603637695,27.887936256345522,27.505815083016884,27.610031153163224,1650900
2014-03-28,28.165849685668945,28.297854437507,27.943524498191536,27.985208814390244,1250800
2014-03-31,28.36733627319336,28.617450152733532,28.01300363910827,28.325649301440517,1891000
2014-04-01,28.402069091796875,28.450702558451866,28.103319139301846,28.415964746601897,2301600
2014-04-02,28.35344123840332,28.561870801092063,28.270067293067278,28.422916875857673,2634700
2014-04-03,28.402069091796875,28.49238687254177,28.207532574851758,28.478493868061907,2430100
2014-04-04,28.51325035095215,28.791155678054977,28.353454191544472,28.506301193836613,1720300
2014-04-07,28.5479736328125,28.825881468574742,28.436811028572716,28.513235815923608,1568300
2014-04-08,28.596603393554688,28.638290358604074,28.36038255892523,28.54102342381404,1809100
2014-04-09,28.700834274291992,28.818943427321145,28.471559823833193,28.714729936470697,3628300
2014-04-10,28.10332489013672,28.82588318590523,27.915737487370333,28.707771421055714,3711700
2014-04-11,27.82541847229004,28.12416850132017,27.76288933481104,27.929634584863653,2552700
2014-04-14,27.860149383544922,28.08942371421504,27.59613989106592,28.012998937325,2318600
2014-04-15,28.283960342407227,28.29090949570725,27.818467783672126,27.915734727268987,3184400
2014-04-16,28.41596794128418,28.478497069774065,28.158902273978285,28.43681010067232,2850100
2014-04-17,28.686931610107422,28.721669431911973,28.193647649635366,28.207540658096455,3288700
2014-04-21,28.75641441345215,28.798101400192337,28.47850911949729,28.624409597598085,2791200
2014-04-22,28.645244598388672,28.791145039983263,27.65172752411444,27.65172752411444,3451500
2014-04-23,28.443758010864258,28.916199749421505,28.27006627316896,28.846724114473624,3600300
2014-04-24,28.645244598388672,28.77030287699144,28.388181536961174,28.547977637325616,2104900
2014-04-25,28.297849655151367,28.61049522543081,28.207529234776228,28.603546073688577,2092200
2014-04-28,28.443758010864258,28.499340639083034,27.999107586416397,28.48544498202834,3318500
2014-04-29,28.40900993347168,28.65217986861958,28.242267409685613,28.45069688958051,2194200
2014-04-30,28.22838020324707,28.374280617792714,28.04079282012035,28.33259364921163,2455400
2014-05-01,28.443758010864258,28.45765366791895,28.04079455758048,28.228381952330466,1833800
2014-05-02,28.339555740356445,28.679990196381823,28.22839309038313,28.36039790899937,2403700
2014-05-05,28.617454528808594,28.679983670836766,28.103328383533405,28.20754185336301,2025800
2014-05-06,28.22838020324707,28.485443217016833,28.096372794569696,28.270064521502725,2887600
2014-05-07,28.63829231262207,28.666080974225842,28.20058842587676,28.395122308730063,2659800
2014-05-08,28.749454498291016,28.902301411061664,28.610500590960605,28.645238405211874,3137200
2014-05-09,28.624404907226562,28.943997135553484,28.471555297884926,28.770305361420224,2758700
2014-05-12,28.77030372619629,28.811990703736313,28.547978479968158,28.707774585049254,2070700
2014-05-13,28.735567092895508,29.03431715181721,28.631350969894502,28.791147081590236,1825500
2014-05-14,28.673025131225586,28.84671682502972,28.50627993903065,28.71471209185555,1812800
2014-05-15,28.478500366210938,28.749459070922573,28.13806337162083,28.617451645316354,2402800
2014-05-16,28.7981014251709,28.805047931136997,28.346501677903507,28.4437686633884,2380300
2014-05-19,28.56882095336914,28.71472405117836,28.44376266971896,28.71472405117836,3133900
2014-05-20,28.360382080078125,28.631340722511172,28.33259077051444,28.561865098927115,2326600
2014-05-21,28.20754051208496,28.541031020594993,28.19364750369579,28.42986575087438,1549100
2014-05-22,28.138057708740234,28.318695925418673,28.082475088023646,28.242273797421213,2382800
2014-05-23,28.499338150024414,28.52018030862336,28.179746016655564,28.228379486936678,1477500
2014-05-27,28.80503273010254,28.94398662903482,28.541023237488897,28.603549709166984,1862400
2014-05-28,28.51325035095215,28.76336700057352,28.429876367527097,28.74252217955381,2385000
2014-05-29,28.721668243408203,28.7286147473513,28.45070953408868,28.624401286249995,2223500
2014-05-30,28.83978271484375,28.91620752402987,28.617457442843932,28.69388225203005,2843300
2014-06-02,28.83978271484375,29.006527994006763,28.763360555983933,28.888418852774617,1611200
2014-06-03,28.520193099975586,28.798101040788698,28.39513479164234,28.798101040788698,2103600
2014-06-04,28.749454498291016,28.846721438324703,28.409017557847772,28.513233650926917,1660700
2014-06-05,29.548450469970703,29.57624179621425,28.68694055903463,28.784207550560307,2991000
2014-06-06,29.312211990356445,29.638753252869186,29.24273636656977,29.62485759804682,2247400
2014-06-09,29.011127471923828,29.51530432540914,28.96911184372653,29.29122631746468,1801900
2014-06-10,28.80803680419922,29.081131528003088,28.67499141012571,28.9270796693966,1953800
2014-06-11,28.84305763244629,28.878071979417246,28.703010929441003,28.703010929441003,2183000
2014-06-12,28.68199920654297,28.822048568167883,28.50693817231668,28.78003295831459,2018700
2014-06-13,28.646989822387695,28.822050870598623,28.51394438738645,28.759028786393905,1695200
2014-06-16,28.646989822387695,28.836056075001853,28.464927507584957,28.61897941358124,1499400
2014-06-17,28.73101234436035,28.766026683625558,28.40189945926357,28.583961735835043,2026700
2014-06-18,28.976099014282227,29.039121084494223,28.54194578783558,28.674993864515912,1958700
2014-06-19,29.186168670654297,29.20017387049851,28.892064816363312,28.983097279741322,2154700
2014-06-20,28.906068801879883,29.22818304232746,28.81503901354472,29.144151846792287,3112300
2014-06-23,28.857053756713867,29.081131616476643,28.829043356438824,28.864057692392027,1852500
2014-06-24,28.96910285949707,29.08814576686018,28.780036598075466,28.780036598075466,1709400
2014-06-25,29.10214614868164,29.123152617173744,28.906075981617974,28.934086387086968,1733900
2014-06-26,28.780029296875,29.039121517845768,28.667990356072718,29.039121517845768,1930600
2014-06-27,28.836050033569336,28.87806563797634,28.646983820566387,28.69600069009837,1768700
2014-06-30,28.773029327392578,28.934085145097068,28.492930627164398,28.857057868973364,2297400
2014-07-01,28.801036834716797,28.892066632598457,28.569955029588957,28.892066632598457,2017300
2014-07-02,28.829051971435547,28.836055909206696,28.40890652663282,28.829051971435547,1956400
2014-07-03,28.63998031616211,28.84304904353764,28.4929270478448,28.815041314008532,1076000
2014-07-07,28.801036834716797,28.83604850091889,28.548948564111484,28.681993964166995,2250400
2014-07-08,28.794036865234375,28.885069346875014,28.61897583888968,28.780031662580488,2368800
2014-07-09,28.74502944946289,28.87107364360063,28.282868294697895,28.282868294697895,1445600
2014-07-10,28.87106704711914,28.955095600272013,28.57696577547431,28.632983920503047,1988100
2014-07-11,28.913082122802734,28.983105470594204,28.808044429896032,28.892072981489697,2822900
2014-07-14,29.12315559387207,29.144162064511256,28.82905164882564,28.976104956958636,1653300
2014-07-15,29.032119750976562,29.20718077601316,28.871063928489203,29.15816390270045,1422800
2014-07-16,29.207181930541992,29.22118713364484,28.962097554290533,29.08113777383571,1548900
2014-07-17,29.025127410888672,29.186183282902654,28.89908322040467,29.01812347185063,1482900
2014-07-18,29.207181930541992,29.34723129035112,29.00411049237972,29.025119632643673,1596600
2014-07-21,29.09514617919922,29.22119034977813,28.934090332619416,29.074139707842615,1805200
2014-07-22,29.396249771118164,29.66934456849077,29.277209545071443,29.277209545071443,2736000
2014-07-23,29.424257278442383,29.676345580774218,29.389245607833903,29.5573026952423,2463500
2014-07-24,29.31922721862793,29.606327266216525,29.298220745044844,29.543305174247322,1909800
2014-07-25,29.15115737915039,29.368231301462636,29.095136579057698,29.263196308117,1576800
2014-07-28,29.522287368774414,29.578308171786098,29.09513809507649,29.151158898088177,1916400
2014-07-29,29.24219512939453,29.599321149113965,29.24219512939453,29.53629906747051,1842000
2014-07-30,29.011127471923828,29.445278278413646,28.990120993435458,29.277221108065582,2526600
2014-07-31,28.57696533203125,29.01811723265292,28.5279484541844,28.885071802957107,2401500
2014-08-01,28.3948917388916,28.74501371513248,28.380886539295723,28.534941063631692,2610000
2014-08-04,28.4929256439209,28.576956842024302,28.177818000298622,28.422902316720105,1991600
2014-08-05,28.121807098388672,28.401905848203597,28.009768132706633,28.338883763056224,2420800
2014-08-06,27.974756240844727,28.184828965974525,27.890727685036733,28.037778325505627,2574400
2014-08-07,27.91872787475586,28.177820081213756,27.869711007851695,28.0937888769047,1665300
2014-08-08,28.156822204589844,28.163826143359294,27.722671493582833,28.030778018939426,1881300
2014-08-11,28.247854232788086,28.324881530630805,28.14281652278076,28.17082693494537,1641900
2014-08-12,28.205841064453125,28.408912563455115,28.14982290647819,28.226850211011367,1560500
2014-08-13,28.625974655151367,28.695997984675614,28.303860394170957,28.338874730151876,1456300
2014-08-14,28.590967178344727,28.724012592416578,28.457919093053686,28.639984050435366,1387000
2014-08-15,28.569955825805664,28.81504283848846,28.48592729033507,28.71000516573598,2255400
2014-08-18,28.906068801879883,28.920074001135745,28.710001354735066,28.72400655399093,1699900
2014-08-19,28.899070739746094,29.02511487579534,28.780027868491175,28.899070739746094,1854200
2014-08-20,28.96910285949707,28.997113269608356,28.667997628850042,28.864067828409333,1682900
2014-08-21,28.80803680419922,29.074130263565024,28.717004339191668,28.96909259846256,1622100
2014-08-22,28.646989822387695,28.864066483808305,28.408906689972046,28.780035257388942,1502600
2014-08-25,28.590967178344727,28.85005674099799,28.48592949745382,28.843052804288362,1335900
2014-08-26,28.569955825805664,28.80103763737353,28.541945423575807,28.63998183138031,813700
2014-08-27,28.534948348999023,28.646987303152454,28.429910660821708,28.569960021318337,1251700
2014-08-28,28.52794075012207,28.639979679404043,28.46491868544979,28.50693161441879,1343800
2014-08-29,28.667991638183594,28.68900077698671,28.485929352944705,28.632979968470636,1844300
2014-09-02,28.646989822387695,28.79404046179217,28.534950858381485,28.710011906592413,2108500
2014-09-03,28.513944625854492,28.82205111164343,28.48593421681378,28.710012146700212,1960400
2014-09-04,28.42291831970215,28.576972931743853,28.324884537937503,28.47193521058447,2693900
2014-09-05,28.892070770263672,28.906075972993992,28.40890329655448,28.422908499284798,3584400
2014-09-08,29.025127410888672,29.172178076046645,28.78704423677668,28.89908322040467,2294900
2014-09-09,28.955087661743164,29.095136992747413,28.857053931405833,29.032114927356442,2104900
2014-09-10,28.464927673339844,28.927088736459133,28.443918531002858,28.843057509550444,1855700
2014-09-11,28.296857833862305,28.520935683540895,28.226834507544748,28.429903222353133,2202300
2014-09-12,27.34453773498535,28.296870353063035,27.07144290181716,28.205837851600354,3802000
2014-09-15,27.190481185913086,27.477581175910263,27.064437027258773,27.330527876667297,2113400
2014-09-16,27.302518844604492,27.4355642629902,27.078438273357044,27.211486362962024,2377300
2014-09-17,27.387256622314453,27.655621426255127,27.253075567354127,27.302510834656353,2925700
2014-09-18,27.055339813232422,27.62737735982779,27.048276091361554,27.42257522392184,2543000
2014-09-19,27.295455932617188,27.38726276733764,27.11890059720316,27.182460625713034,4010600
2014-09-22,26.963533401489258,27.302519351890997,26.963533401489254,27.260145097832957,1865500
2014-09-23,26.80816078186035,27.15421041559421,26.70929022765655,26.92115608581049,2952700
2014-09-24,26.857593536376953,27.11889734111052,26.68810194338143,26.751661964259824,2999700
2014-09-25,26.447998046875,26.8434803975883,26.447998046875,26.8434803975883,2505600
2014-09-26,26.86465835571289,26.928218379189357,26.327928669907088,26.45504871686002,2884400
2014-09-29,26.963533401489258,26.984719181507845,26.525676885639612,26.673982733811464,2132300
2014-09-30,26.624540328979492,26.977650936276248,26.610415581405203,26.977650936276248,2913000
2014-10-01,26.525680541992188,26.80110649628256,26.412685209616107,26.61042636776894,2548600
2014-10-02,26.518619537353516,26.6316148813153,26.214944045327194,26.469184242746582,2105300
2014-10-03,26.575117111206055,26.794044062839795,26.412686481470217,26.62455240312473,2547600
2014-10-06,26.645736694335938,26.871727357309812,26.553927145621174,26.63161194114742,2302100
2014-10-07,26.342060089111328,26.695170821389016,26.327935336537692,26.603361276670913,2516000
2014-10-08,26.91411018371582,26.91411018371582,26.264384800340522,26.412693409016427,2258000
2014-10-09,26.575117111206055,27.09771953835243,26.546867603246426,26.8717288627181,2977800
2014-10-10,26.32793617248535,26.907037576286328,26.313811419463235,26.645736380430076,2359000
2014-10-13,26.250246047973633,26.596295691700004,26.221999241685857,26.32793082681143,2039100
2014-10-14,27.034164428710938,27.316654171845258,26.37737806584222,26.448001848636725,3465400
2014-10-15,26.97764778137207,27.133014598479562,26.589226697573615,26.829341990215905,4252300
2014-10-16,27.133024215698242,27.231897472200835,26.596297150502327,26.596297150502327,3295900
2014-10-17,27.606197357177734,27.641507891857035,27.1400912949561,27.231900840339165,3876500
2014-10-20,27.952247619628906,27.96636967856512,27.464953071673552,27.57088737184328,3368200
2014-10-21,28.397151947021484,28.411276693379516,27.902796600569893,28.0087308512452,3059900
2014-10-22,28.255916595458984,28.496031975538774,28.192356562672543,28.40422513464121,3431800
2014-10-23,28.5666446685791,28.637265702540482,28.22059513652092,28.227658856328915,3953800
2014-10-24,28.764389038085938,28.806763279764297,28.411278439493152,28.52427372328204,2371300
2014-10-27,28.785585403442383,28.919769204452813,28.545470000289097,28.623154791606492,3287000
2014-10-28,28.997446060180664,28.997446060180664,28.70083172850734,28.870326017180716,2626000
2014-10-29,28.948015213012695,29.103382082861504,28.693775088142793,28.955076241360974,2659800
2014-10-30,28.990388870239258,28.990388870239258,28.736148726960693,28.813833514520358,2027400
2014-10-31,29.414127349853516,29.456498916828377,28.990392821955815,29.265818783377608,3341600
2014-11-03,29.541242599487305,29.625988413575588,29.37880930595521,29.46355781406435,2284600
2014-11-04,29.329364776611328,29.576543806303953,29.195183722106194,29.52710853916943,2109600
2014-11-05,29.414127349853516,29.555369498464785,29.096327127435565,29.44237416316299,3203800
2014-11-06,29.36469268798828,29.48474905568357,29.29406891814868,29.414127979865324,2546200
2014-11-07,29.24462890625,29.4706195452196,29.152819367287066,29.38587372911123,2770500
2014-11-10,29.435312271118164,29.548307603110086,29.174011071015826,29.25875689650446,2406700
2014-11-11,29.414127349853516,29.48474842415915,29.25875775355556,29.463562640671718,1959300
2014-11-12,28.9550724029541,29.42823936616528,28.933886626697,29.378804092218452,2662500
2014-11-13,29.02569580078125,29.237564356569912,28.919764216907513,29.06100902275976,1910700
2014-11-14,28.792648315429688,29.096323748921034,28.736149307328514,28.96920367471438,1618700
2014-11-17,28.962135314941406,29.04688381352519,28.72201995699513,28.79264370581495,1834600
2014-11-18,29.22344207763672,29.294063139524066,28.948016164646912,29.01863722653426,1650400
2014-11-19,28.842084884643555,29.17400983696378,28.813835379335217,29.152821360971974,2254800
2014-11-20,28.919775009155273,28.976271336167045,28.69378431306498,28.77853015059344,3117600
2014-11-21,29.12455940246582,29.24461569655524,28.990375669048582,29.195180434986693,5249300
2014-11-24,29.301128387451172,29.414123708765608,29.15281983933394,29.244629379783472,2669800
2014-11-25,29.37881088256836,29.456495672160266,29.265815559713136,29.28700403488793,3455700
2014-11-26,29.66129493713379,29.696605463731043,29.336433782006292,29.428240612355047,1720500
2014-11-28,29.859025955200195,30.09914122658154,29.569475424477357,29.724844921847517,1668500
2014-12-01,29.880231857299805,30.03559875132239,29.69661276342608,29.79548333980986,2809400
2014-12-02,30.120346069335938,30.190967137077408,29.682486828471475,29.82373165797546,3014000
2014-12-03,30.16271209716797,30.254521623600613,29.98615676619318,30.077966292625828,3050200
2014-12-04,30.042659759521484,30.08503132041574,29.731920611518742,30.056784511159872,2595300
2014-12-05,30.070905685424805,30.134463019205114,29.795477102273832,29.943785629822997,2211700
2014-12-08,30.226274490356445,30.40989355759643,30.08502967571509,30.13446495673645,2936500
2014-12-09,30.332204818725586,30.388701120801066,29.915534151589828,30.007343673235447,2416000
2014-12-10,30.141529083251953,30.339270209988268,29.97909848714415,30.311020707877137,2834200
2014-12-11,30.289823532104492,30.50875305006483,30.240388269019864,30.466378812840954,2648100
2014-12-12,29.83079719543457,30.275714798503056,29.809608718606636,30.092098394795283,3057300
2014-12-15,29.389490127563477,30.044328502571286,29.368134813433162,29.973151362760465,3122200
2014-12-16,29.446426391601562,29.68131580127366,29.111890631932287,29.346777326370997,3549200
2014-12-17,30.165340423583984,30.236517581150675,29.553207093666195,29.553207093666195,2888700
2014-12-18,30.35039710998535,30.45716554203729,30.143979589476405,30.33616113802949,2942700
2014-12-19,30.250736236572266,30.41444577743635,30.151087186936124,30.17243977893445,5500800
2014-12-22,30.869997024536133,30.898468967670077,30.350396280894405,30.350396280894405,2258600
2014-12-23,30.948291778564453,31.190297851191595,30.898467238485377,31.06929617249492,2704600
2014-12-24,30.6849308013916,31.2045314769061,30.684930801391598,31.019469301267705,1088200
2014-12-26,30.934043884277344,31.033692926025807,30.82015887724585,30.82015887724585,1294400
2014-12-29,30.969642639160156,31.168943503525963,30.841524339884934,30.841524339884934,2246800
2014-12-30,31.062179565429688,31.240125142880807,30.820173471486807,30.962530476494507,1858000
2014-12-31,30.627988815307617,31.3540070234937,30.578164275893904,31.211650032925768,2428400
2015-01-02,30.912691116333008,30.962515636920926,30.649332548192177,30.827278040358387,1971000
2015-01-05,30.89134979248047,31.1547084566704,30.649343726263478,30.83440591090766,3034000
2015-01-06,30.998106002807617,31.27570055236308,30.9411648539097,31.033694560272927,3641400
2015-01-07,31.467880249023438,31.610237186101557,30.99098763232938,31.12622522917559,2574000
2015-01-08,31.475017547607422,31.645843797381417,31.32554118501232,31.610255221614693,2414000
2015-01-09,31.4251766204834,31.667182610897754,31.16181532355142,31.53194229214002,2246800
2015-01-12,31.74547576904297,31.802419631736132,31.44652863560232,31.510589123515718,2328800
2015-01-13,31.11199951171875,31.788193149142188,30.919817990646806,31.702780044854755,3051100
2015-01-14,31.119104385375977,31.133340348677102,30.66356442066949,30.88421506375599,3255900
2015-01-15,31.15470314025879,31.38247319721463,30.97675761355996,31.211644296881122,2422300
2015-01-16,31.4251766204834,31.475001143636394,30.855748844049938,31.154698698200793,3229500
2015-01-20,31.20453643798828,31.65296005152727,31.005238260963846,31.581780191708532,2173300
2015-01-21,31.339763641357422,31.48923993948259,30.98387260671931,31.07640503599049,2881000
2015-01-22,32.11561584472656,32.136971159572994,31.43230550478713,31.567543161056207,4264100
2015-01-23,32.2508544921875,32.4074447396982,32.04443698952137,32.122733470893614,4720800
2015-01-26,32.63521957397461,32.64233891798668,32.1796793056325,32.3860968382357,4010700
2015-01-27,33.546295166015625,33.85236172302791,32.75621650559941,32.784688444678125,7773400
2015-01-28,33.04092788696289,33.788301357077124,33.03381125978064,33.68865228512418,4958800
2015-01-29,32.91280746459961,33.15481350166407,32.60674092609946,33.03380912551515,3201700
2015-01-30,32.12984848022461,32.7846895244343,32.07290731542539,32.70639304700593,4935700
2015-02-02,32.136959075927734,32.32202120519773,31.46788224381667,32.300668613613894,4428200
2015-02-03,32.18678665161133,32.42167332700329,31.603125560960805,32.108490188069624,2705400
2015-02-04,32.15119552612305,32.33626038904134,31.84513172711173,32.10137099731424,2976200
2015-02-05,32.59251403808594,32.60675001073056,32.05867728246632,32.15832637574452,3874400
2015-02-06,31.773958206176758,32.499976404169374,31.61024861965397,32.49285977659609,4204100
2015-02-09,31.80242919921875,32.001727348136285,31.588895080345154,31.76684063194542,3971000
2015-02-10,31.944787979125977,32.01596511767342,31.4963644036225,31.845138899066047,3425600
2015-02-11,31.610240936279297,32.07290035786402,31.289938468661646,31.923424062820413,2112100
2015-02-12,31.866483688354492,31.873600314371714,31.403824255474504,31.724126730911948,1694900
2015-02-13,31.183177947998047,31.866488181794946,31.04082097048198,31.830899616224308,3539900
2015-02-17,31.11199951171875,31.389594137078124,30.93405396056698,31.21164858592636,2801000
2015-02-18,31.289945602416992,31.325534170214286,30.941173836676334,31.126236018362484,2427500
2015-02-19,30.499858856201172,31.16181636038209,30.378857214584404,31.16181636038209,3235400
2015-02-20,30.620864868164062,30.74186651632119,30.35750626346735,30.41444741694332,3098000
2015-02-23,30.934043884277344,31.012340335717635,30.635096759031953,30.720509835497385,2863400
2015-02-24,30.38597297668457,30.877104300481314,30.264971338506342,30.84151574308965,3980700
2015-02-25,30.535457611083984,30.884229370209223,30.385981284796685,30.385981284796685,2886100
2015-02-26,30.200927734375,30.59240751502447,30.19380838977653,30.5852908856604,4129200
2015-02-27,30.400211334228516,30.47850779578937,30.122616763409546,30.286326312476294,2736200
2015-03-02,30.393110275268555,30.82729799159495,30.37175495602932,30.400226904858638,3509200
2015-03-03,30.35750961303711,30.435803368301162,30.14397279705008,30.279213142539653,2381400
2015-03-04,30.165340423583984,30.407346560639056,30.02298339321609,30.329050058174985,2526700
2015-03-05,30.3646297454834,30.57104724331124,30.279216638367423,30.336157804700164,3883200
2015-03-06,29.46778678894043,29.83791117647861,29.403726276629236,29.63149638368374,3911800
2015-03-09,29.510488510131836,29.659962116169357,29.32542633816636,29.560313045477677,3178800
2015-03-10,29.289836883544922,29.6457279624933,29.289836883544922,29.432191142937512,2379800
2015-03-11,29.695554733276367,29.83079237598008,29.30407234475625,29.474901270222635,3335900
2015-03-12,30.29345703125,30.343281577277594,29.816561456827717,29.93044652135281,3261000
2015-03-13,30.215145111083984,30.78457014293567,30.087024139513264,30.31479415225394,4341300
2015-03-16,30.724836349487305,30.990447490475383,30.466402703787853,30.52383361992409,3194100
2015-03-17,30.710479736328125,30.81098110476148,30.509476999461413,30.60997836789477,4146900
2015-03-18,31.22735595703125,31.320679856544555,30.58127163495098,30.660237800811643,3735100
2015-03-19,31.356569290161133,31.457070675953737,30.990453969393933,31.0766003616082,3884900
2015-03-20,31.866256713867188,31.909329910325084,31.363747042354706,31.37810477450734,8011000
2015-03-23,32.11033248901367,32.22519160708147,31.794470598941572,31.866256520812428,3777400
2015-03-24,31.859081268310547,32.27544457371537,31.859081268310547,32.02419109101053,3197000
2015-03-25,31.31349754333496,31.9954747850796,31.3063200462136,31.916508624457087,2522200
2015-03-26,30.918663024902344,31.270420556490443,30.81098142135619,31.126845997914547,3573500
2015-03-27,30.897125244140625,31.04787728587132,30.796623882986832,30.91148297265641,2906100
2015-03-30,31.557579040527344,31.579117012572603,30.80381574193493,30.940210118750972,2765800
2015-03-31,31.27042007446289,31.65089032113574,31.191453931540547,31.528850989767516,2655900
2015-04-01,31.148372650146484,31.44987941401661,30.96172769228873,31.270411949806544,1918600
2015-04-02,31.291955947875977,31.356564362655146,31.105310937656686,31.19863207353786,2387500
2015-04-06,31.851890563964844,31.930856700706613,31.306310578636587,31.385276715378353,3176500
2015-04-07,31.119661331176758,31.866246738662888,31.11248383657594,31.751387655853986,3329300
2015-04-08,31.22735595703125,31.363750319044783,31.141212293573112,31.141212293573112,3044100
2015-04-09,30.416166305541992,31.19864510539937,30.358738100892932,31.19146760674002,3317300
2015-04-10,30.502309799194336,30.839706973035202,30.416163392783286,30.54538026394203,2030600
2015-04-13,30.459228515625,30.710481954858988,30.43769328896412,30.523836934064757,2047100
2015-04-14,30.753549575805664,30.933017068022444,30.56690458882112,30.602797539573157,2393300
2015-04-15,30.688947677612305,30.92584613203929,30.645874484500894,30.825342014779327,1681100
2015-04-16,30.846872329711914,31.07659049241547,30.487937358180545,30.588438712056288,2718100
2015-04-17,30.782270431518555,30.89712953714725,30.487943802191452,30.660231091405954,3453900
2015-04-20,30.90430450439453,31.234524063749312,30.63151312392643,30.7822679127248,8130300
2015-04-21,30.696121215820312,31.19145328813127,30.516653708683144,31.155560334395204,5015400
2015-04-22,30.40898323059082,30.78945357430309,30.30130160124023,30.760738108015254,2952600
2015-04-23,30.552549362182617,30.789445047306106,30.394617079795733,30.408974808963343,4120000
2015-04-24,30.552549362182617,30.789445047306106,30.516653670035176,30.645870494086836,4549800
2015-04-27,30.473588943481445,30.8109860576796,30.423338251186884,30.660233980795912,2510200
2015-04-28,30.315645217895508,30.437684523562382,30.22950159760239,30.373076123728463,2479400
2015-04-29,29.4901065826416,30.143368298664306,29.47574885126715,30.028509186125937,3649000
2015-04-30,28.858369827270508,29.490096090705674,28.70761780915893,29.447022911906817,4598900
2015-05-01,29.016305923461914,29.217311398344368,28.844018646084834,29.00195093239457,3155500
2015-05-04,28.980405807495117,29.303447795820947,28.865546738141067,29.145515548538047,3073700
2015-05-05,28.363048553466797,28.987597558560203,28.327155593491355,28.84402298020112,3139700
2015-05-06,28.43483543395996,28.607122726452584,28.241010176062908,28.34869178771365,4173900
2015-05-07,28.879915237426758,28.958881390525594,28.370228098188946,28.53533790082413,3379200
2015-05-08,29.25321388244629,29.74854338933493,29.210140679842052,29.210140679842052,2779100
2015-05-11,29.03066635131836,29.296280264519634,28.973238166340483,29.152705694389216,3966300
2015-05-12,28.966060638427734,29.045026796301347,28.52098189404432,28.786593093608584,3410000
2015-05-13,28.650188446044922,29.238841562362502,28.54968709522823,29.045016355020408,2418000
2015-05-14,28.908615112304688,29.159868428998156,28.772220845879055,28.858364448965993,2934400
2015-05-15,29.238842010498047,29.296272919534346,28.973230902346348,29.05219703304302,3541600
2015-05-18,29.13117218017578,29.21013559685608,29.001955333306466,29.109634213392685,2442000
2015-05-19,29.109634399414062,29.31063990608267,28.980417551719007,28.980417551719007,2402700
2015-05-20,29.25321388244629,29.432681452277247,28.930171709059003,29.1527124814942,3039600
2015-05-21,28.951704025268555,29.296281363432467,28.836842174089995,29.296281363432467,2607500
2015-05-22,28.915813446044922,29.1168189827309,28.800954312991966,28.92299368224321,1722700
2015-05-26,28.67891502380371,28.894275536007925,28.607126360763978,28.82966710850091,2870000
2015-05-27,28.980405807495117,29.102445109065417,28.664544051385537,28.693259503338105,2390700
2015-05-28,28.90144920349121,29.045023772088808,28.750697138769443,28.930164664902158,1537900
2015-05-29,28.42047882080078,28.980416651106857,28.35587039896106,28.87991527012446,4352700
2015-06-01,28.800949096679688,28.8727377533718,28.32715491634072,28.334335151238555,2589300
2015-06-02,28.83684730529785,28.844027541502786,28.492269905820084,28.76506137399497,2373600
2015-06-03,28.67891502380371,28.887098038932695,28.62866432890464,28.808131878817736,2610100
2015-06-04,28.75787353515625,28.822481945479296,28.506617389030293,28.62865671451016,3184200
2015-06-05,28.700439453125,28.85119148109218,28.269718590802633,28.477898789133118,3446500
2015-06-08,28.57122802734375,28.87991237424104,28.57122802734375,28.77223350761032,3936200
2015-06-09,28.303190231323242,28.643669731257226,28.223503304661854,28.643669731257226,2222300
2015-06-10,28.535003662109375,28.79579622098012,28.274211103238635,28.346655015954234,2338100
2015-06-11,28.72335433959961,28.897214198780194,28.665399210904326,28.745086131134023,2681800
2015-06-12,28.462568283081055,28.781313273290944,28.44083372313376,28.716115120355596,2321400
2015-06-15,28.27420997619629,28.397363241177423,28.14381370195866,28.245235175717724,2536800
2015-06-16,28.39736557006836,28.498784288692256,28.245237492132514,28.281458068290643,2458100
2015-06-17,28.542253494262695,28.621937664403134,28.085866451333512,28.477055345272813,2674700
2015-06-18,28.795808792114258,29.013135098231885,28.49879552894759,28.592971274864997,3606500
2015-06-19,28.469820022583008,28.824788467049487,28.390133059736197,28.74510150420268,5699000
2015-06-22,28.411855697631836,28.74508943557932,28.39736691379243,28.67989129002847,3513800
2015-06-23,28.107589721679688,28.4842897167649,28.049637364294718,28.46980093655559,3385300
2015-06-24,27.977205276489258,28.26697547612497,27.977205276489258,28.122090376307114,2956900
2015-06-25,27.60776138305664,28.035171069956228,27.600515605414312,27.962727110805336,2614900
2015-06-26,27.70192527770996,27.83231882139784,27.426643877805997,27.607749552896156,3370200
2015-06-29,26.919553756713867,27.759884175939227,26.883333165880366,27.629487838175468,3460300
2015-06-30,26.876087188720703,27.70193157620196,26.825377809242106,27.202078030693052,5014400
2015-07-01,27.383180618286133,27.383180618286133,26.839863531560404,27.013726215232225,3097200
2015-07-02,27.477354049682617,27.825076624414933,27.339714727430255,27.593261574593388,2513800
2015-07-06,27.44837760925293,27.54979635229955,27.209319538279257,27.245540123159696,2991900
2015-07-07,28.035167694091797,28.093120090979674,27.643978652145577,27.643978652145577,3257100
2015-07-08,27.680194854736328,27.96996508357204,27.60775367925425,27.912009932423413,2008500
2015-07-09,27.709165573120117,28.013421750994965,27.56428049455699,27.890271230460773,2189200
2015-07-10,27.940980911254883,28.17279593421146,27.78160704667734,27.883028537242268,2259200
2015-07-13,28.143829345703125,28.33942386578076,27.91926000904128,28.1583181357223,3272000
2015-07-14,28.17279624938965,28.274214977636124,27.926492439311172,28.209016828984378,1672800
2015-07-15,28.252483367919922,28.390122676664106,28.064134694719822,28.165553423631653,2307400
2015-07-16,28.61469841003418,28.643675983045323,28.252487037755266,28.317685195303607,2275800
2015-07-17,28.61469841003418,28.665407781076947,28.25973004928132,28.54225724095978,2333000
2015-07-20,28.72335433959961,28.79579548701608,28.28869916474288,28.47705056954992,3225500
2015-07-21,29.20147705078125,29.288406992139997,28.361146915105323,28.65091430745215,4231300
2015-07-22,29.078319549560547,29.694080350456126,28.904459692061344,29.455019592078962,3893900
2015-07-23,28.91895294189453,29.215968902676043,28.66540610153629,29.17974555680775,3005600
2015-07-24,28.8754940032959,29.02037911976559,28.723365874556904,28.839273415041912,2195000
2015-07-27,28.940689086914062,29.071085401511247,28.69438524416977,28.82478155876695,2170500
2015-07-28,29.237701416015625,29.295653796609297,28.868244281349178,29.03486393875773,3057600
2015-07-29,29.440534591674805,29.563687873053976,29.08556905833801,29.23769714405378,2050100
2015-07-30,29.121784210205078,29.433286097269615,28.984142170577407,29.30288982996574,1948100
2015-07-31,29.418798446655273,29.60714708252563,29.27391339258824,29.426041455804974,3344200
2015-08-03,29.440534591674805,29.60715146128536,29.295649516179946,29.45502337556959,1916100
2015-08-04,29.302886962890625,29.672341175134882,29.244931843780524,29.2883981831131,2236500
2015-08-05,29.32463836669922,29.556453471301264,29.17975323545943,29.4622777214773,2516100
2015-08-06,29.47675895690918,29.527468325329664,29.071084009545324,29.27392148322725,3190700
2015-08-07,29.5274658203125,29.556443389366787,29.252187204656032,29.476756456194042,1931400
2015-08-10,29.5057315826416,29.701326012386293,29.404312862800545,29.69408300244887,2323400
2015-08-11,29.80274200439453,29.882428923676752,29.389821389434477,29.469508308716698,2985900
2015-08-12,29.831724166870117,29.838967177261075,29.505733430216246,29.628886714486832,3371800
2015-08-13,29.88243865966797,29.969368616547296,29.52747029360934,29.607157238854352,2428900
2015-08-14,29.954872131347656,29.976606687571778,29.563686044199745,29.795501045269912,1985900
2015-08-17,30.382287979125977,30.389533753883036,29.802750353963162,29.802750353963162,2375000
2015-08-18,30.60686683654785,30.780729544556877,30.25189840761251,30.346074156261317,3117100
2015-08-19,30.505430221557617,30.693778845169454,30.0707750876457,30.440232089643448,2756800
2015-08-20,30.14322853088379,30.483708079012516,30.114250960095543,30.259136050583507,3210100
2015-08-21,29.455018997192383,30.179441503531056,29.43328720630704,29.991092867802124,3448500
2015-08-24,27.586017608642578,28.708872235505144,27.52081945542071,28.36114967280628,5956100
2015-08-25,26.40520668029785,28.317682072902084,26.383472121209287,28.317682072902084,5158100
2015-08-26,27.18758773803711,27.245542890495116,26.46316491303465,27.028216595685134,5367200
2015-08-27,28.049646377563477,28.143819334006434,27.238291005840807,27.528061176235067,4500100
2015-08-28,28.17279624938965,28.3756337058826,27.854051280121716,28.020668157019937,3089200
2015-08-31,27.528064727783203,28.10035936824754,27.484598367580283,28.04964999640422,3579100
2015-09-01,26.760175704956055,27.158610432905917,26.463162484500213,26.96301595649058,4152400
2015-09-02,27.122377395629883,27.19482130367595,26.622526865648375,27.18757553114508,2980300
2015-09-03,27.39041519165039,27.528054469153265,27.12962265452707,27.252773150695038,2527900
2015-09-04,26.57182502746582,27.093410259115494,26.267566054519072,26.95576817662277,3249700
2015-09-08,26.999235153198242,27.093410880729767,26.52111626770082,26.984746367158518,3169200
2015-09-09,26.44142723083496,27.499083656839602,26.383472091268768,27.470106087056504,3771600
2015-09-10,26.622529983520508,26.919543132662486,26.311028051072476,26.311028051072476,2743100
2015-09-11,26.970256805419922,26.970256805419922,26.43418555463506,26.600802444119722,2636400
2015-09-14,26.948514938354492,27.093399976989378,26.839850468515266,26.948514938354492,1884900
2015-09-15,27.33970832824707,27.339708328247067,26.7167044913781,26.9919830714506,3582700
2015-09-16,27.610620498657227,27.742413663242512,27.31042557778107,27.39096615536725,2333600
2015-09-17,27.96206283569336,28.467270804197703,27.544718822702112,27.654547370565492,3304000
2015-09-18,27.93278694152832,28.254946506478536,27.603303981319623,27.632591976239713,4761800
2015-09-21,28.306198120117188,28.364774107927435,27.947427177421503,27.954750572426196,2505100
2015-09-22,27.92544937133789,28.254932164301433,27.822944234206012,28.00598991995737,3380400
2015-09-23,28.14511489868164,28.37941324675996,27.888851953301177,27.932783940962096,2050500
2015-09-24,27.830265045166016,28.189035820922186,27.654542749614222,28.064566094327624,2524400
2015-09-25,28.306198120117188,28.474599895486403,27.85956598876296,27.998682563283882,3885100
2015-09-28,27.83758544921875,28.225641370550168,27.691148356604273,28.10117165731376,2770700
2015-09-29,28.364763259887695,28.437980423591938,27.815626152938616,27.844911342586858,3059700
2015-09-30,28.481924057006836,28.70157843109302,28.240302290372203,28.672290436399688,2860100
2015-10-01,28.760129928588867,28.774773914886993,28.328142108485917,28.635660234636983,2432700
2015-10-02,29.192136764526367,29.192136764526367,28.30619596429651,28.52585031574224,2534600
2015-10-05,29.682706832885742,29.697350831674978,29.20678664793572,29.323935845192423,2303400
2015-10-06,29.682706832885742,29.85842923224221,29.45572904123836,29.543590240916597,1920600
2015-10-07,29.836462020874023,29.909679215358917,29.521623057086504,29.62412824658813,3299400
2015-10-08,30.187908172607422,30.253804761790274,29.733955443268226,29.858425226693164,2417900
2015-10-09,30.3196964263916,30.42220159445878,30.048789511777443,30.231835252770644,3501900
2015-10-12,30.685792922973633,30.795621502740005,30.28309278559161,30.42220656597978,2457700
2015-10-13,30.23915672302246,30.780973360887604,30.1293309511022,30.532031034256015,2298000
2015-10-14,29.98289680480957,30.32702094303316,29.924320819461133,30.32702094303316,2479800
2015-10-15,30.385581970214844,30.42219054650765,29.997526034011496,30.121995752018105,2348700
2015-10-16,30.517385482788086,30.70775182024038,30.4222009175338,30.532029476908463,2083200
2015-10-19,30.971338272094727,31.022590855225857,30.24647871463654,30.45148904716107,3066300
2015-10-20,31.308134078979492,31.337422060171512,30.392905614645887,30.78828498157135,2980200
2015-10-21,31.33011245727539,31.527802210120946,31.198319288711687,31.403329642896736,2720300
2015-10-22,31.637632369995117,31.754781559047025,31.38868999412769,31.52780657635351,2873500
2015-10-23,31.505828857421875,31.710841965864212,31.286174549071436,31.48386426450365,2508800
2015-10-26,31.65226936340332,31.696201346972412,31.21296069993787,31.535120200275443,2114000
2015-10-27,31.571727752685547,31.784061476708178,31.30814144604453,31.374038022704784,3068300
2015-10-28,31.740129470825195,31.989071783238018,31.190992263419528,31.557083735023305,2670600
2015-10-29,31.60102081298828,31.73281398746266,31.32279046764718,31.564412218535782,1922200
2015-10-30,31.28618621826172,31.66692179816957,31.16903702390985,31.659601195485067,3256500
2015-11-02,31.98175048828125,31.98175048828125,31.147062398038514,31.286176148726902,2451700
2015-11-03,31.66691780090332,31.901216160031936,31.564412617916645,31.813354973622893,1934700
2015-11-04,31.608341217041016,31.842642364796955,31.454583445467772,31.74745778537017,1832300
2015-11-05,31.593692779541016,31.68155394417079,31.36671507843669,31.542440200752306,1693200
2015-11-06,30.656511306762695,31.234936733489278,30.37096029163518,31.08849952768975,4238000
2015-11-09,29.9169864654541,30.590593228974477,29.711976197087974,30.524696672277447,3120200
2015-11-10,30.122005462646484,30.290407202326435,29.88770714717384,29.94628312257012,2349300
2015-11-11,30.268455505371094,30.37096071293548,30.107374297451383,30.114697694024514,1643300
2015-11-12,30.063438415527344,30.195231594008536,29.82181665729288,30.070759017417718,1962400
2015-11-13,29.997539520263672,30.29773444971444,29.895034343337546,30.151297285652863,2233300
2015-11-16,30.605257034301758,30.605257034301754,29.726636640487058,29.99022303793719,3165600
2015-11-17,30.458805084228516,30.729714746539734,30.378267317843545,30.502737060211494,2543800
2015-11-18,30.94937515258789,30.97866314236068,30.385593918215672,30.634536245171503,2120200
2015-11-19,30.964014053344727,31.227600331822337,30.934726068390333,31.03723122267474,2012300
2015-11-20,31.557092666625977,31.615668659328353,31.051887298324765,31.05920790088403,3681400
2015-11-23,31.64495277404785,31.871927735285713,31.557088795771858,31.557088795771858,1721000
2015-11-24,31.732812881469727,31.82799745817411,31.447261944413206,31.66691629652925,2772800
2015-11-25,31.659589767456055,31.91585266476828,31.52779662225088,31.784059519563105,2245200
2015-11-27,31.923166275024414,31.93048966651903,31.549754307408147,31.549754307408147,914500
2015-11-30,31.300827026367188,31.967113525030744,31.25689503556657,31.945148926158847,5793800
2015-12-01,31.97443199157715,31.9890759875327,31.41797411054942,31.41797411054942,2466200
2015-12-02,31.00794792175293,31.842638860705,30.890798757294878,31.842638860705,5791100
2015-12-03,30.37094497680664,31.28617356021953,30.231831237628036,30.96401410435835,4270600
2015-12-04,31.26421546936035,31.27885946490688,30.48077986248868,30.57596164395628,3392700
2015-12-07,31.234926223754883,31.359398784372814,31.022592486443177,31.234926223754886,2173100
2015-12-08,31.073841094970703,31.374035970552725,30.83954279173869,31.161705053474776,2175300
2015-12-09,30.84686851501465,31.21295999060163,30.693107972545327,30.78097193768674,2825900
2015-12-10,30.74436378479004,31.132419860638063,30.66382321212958,30.927409525179687,2918800
2015-12-11,30.611297607421875,30.943949317846048,30.37474590665773,30.58172793984668,3545300
2015-12-14,30.522592544555664,30.62608356494745,29.916428436616215,30.249077339327297,3651300
2015-12-15,30.72218894958496,30.973525537302347,30.40432200570946,30.751755803495772,4848100
2015-12-16,31.284008026123047,31.394892926249838,30.77394368936414,30.943965134950442,2944200
2015-12-17,31.04745101928711,31.33574832756477,30.914390289325162,31.313572479211004,2394200
2015-12-18,30.818279266357422,31.113970298681124,30.766533758688578,30.84045792672884,5734700
2015-12-21,30.97352409362793,31.195290997178656,30.74436336200465,31.15093648850084,1772800
2015-12-22,31.099193572998047,31.38009984494926,31.062232889301168,31.10658740168907,2496600
2015-12-23,31.335723876953125,31.387469362682438,31.10656610298544,31.33572387695312,2381800
2015-12-24,31.387487411499023,31.557508793794184,31.121366006195608,31.343135723894523,707900
2015-12-28,31.72014045715332,31.72753146541472,31.22486112598216,31.350528005860497,1366800
2015-12-29,32.208030700683594,32.230206546709404,31.86798790199747,31.890163748023276,2115200
2015-12-30,31.964078903198242,32.16366710087565,31.882763730853366,32.13410025450181,1408000
2015-12-31,31.727548599243164,31.9936701590747,31.616666495927184,31.779296964695508,1951800
2016-01-04,30.97352409362793,31.357918555825627,30.64826333649564,31.31356686706699,2852100
2016-01-05,31.62403678894043,31.74231264693868,31.003087829469898,31.040051326278448,3262700
2016-01-06,31.454015731811523,31.527939906244182,31.128757824064593,31.1361488315484,3385000
2016-01-07,30.633487701416016,31.106594142991877,30.581742169042407,30.84047265083046,3902800
2016-01-08,30.359975814819336,30.951355353886946,30.308230281395925,30.729588379226602,4161500
2016-01-11,30.322998046875,30.626080066220602,30.101231197096013,30.470843553367157,3435100
2016-01-12,30.079059600830078,30.64826310152858,29.81294101056093,30.64826310152858,3781300
2016-01-13,29.938615798950195,30.64088019031696,29.872085428822402,30.212128289511185,3601400
2016-01-14,29.310264587402344,30.042095563729273,29.2289494078285,30.005134887537206,4010800
2016-01-15,28.68931770324707,29.095890810441876,28.489726653550925,28.704102538771124,5192500
2016-01-19,28.859350204467773,29.214177934040723,28.748465305261174,29.044156489865358,3768300
2016-01-20,27.65439796447754,28.630174415227327,27.114764231859752,28.54146823422789,3712300
2016-01-21,27.89095115661621,28.112718030970694,27.558299435125086,27.787460136578705,3422200
2016-01-22,28.52667999267578,28.704095153397628,28.157067659430396,28.19402832877127,2648800
2016-01-25,28.253175735473633,28.837161245871172,28.149684703755568,28.563648830627837,4385300
2016-01-26,29.458118438720703,29.465512268708142,28.401026344109173,28.46016570432907,5814900
2016-01-27,29.177202224731445,29.546814605303492,28.98500220767952,29.251123572878384,3901200
2016-01-28,28.741069793701172,29.480294819527398,28.674539428580026,29.43594030280674,2699800
2016-01-29,29.177202224731445,29.6576966275239,28.726274669246557,29.214162898804915,5184800
2016-02-01,29.177202224731445,29.40636009593816,28.896296025919458,28.962826367219176,4245200
2016-02-02,29.02936363220215,29.199385029426207,28.80759671494987,29.05153947795157,4369500
2016-02-03,29.21416664123535,29.35461834867433,28.87412388432896,29.27330316334475,4000500
2016-02-04,29.25851821899414,29.413754746401132,28.948042344261403,29.095887864614195,3370300
2016-02-05,29.007186889648438,29.132853771569106,28.91108686117311,29.007186889648438,2740300
2016-02-08,27.83182144165039,28.84455886800242,27.58048483730907,28.84455886800242,3564100
2016-02-09,27.647008895874023,27.824421270310314,27.314357168907424,27.55090888143504,4151000
2016-02-10,27.573095321655273,28.194044510697033,27.55091947130662,27.79486228490163,3919700
2016-02-11,26.29422950744629,27.233045470266184,26.05767776467961,27.107375770716832,5411900
2016-02-12,26.663837432861328,26.700798107661136,26.294225045025804,26.582522256350515,4164100
2016-02-16,27.46959114074707,27.49916080703619,26.745151236175168,26.92256359407271,4086100
2016-02-17,27.691370010375977,27.86878526515344,27.491778906221256,27.624839642324403,3954100
2016-02-18,27.84660530090332,27.950099172997277,27.388286575594496,27.669192874295888,4016900
2016-02-19,27.59527015686035,27.88356745100638,27.366109395398862,27.661797698660628,3160100
2016-02-22,27.876169204711914,28.208820960598985,27.787463009781728,27.972269227505755,4119200
2016-02-23,28.02401351928711,28.282741084836516,27.706146613086993,27.706146613086993,3211100
2016-02-24,28.216209411621094,28.297524591238027,27.713539139288738,27.839206002392118,2789500
2016-02-25,28.881507873535156,29.132844376239845,28.430580369866306,28.430580369866306,3458500
2016-02-26,28.541479110717773,29.029367522015527,28.526694271597272,28.881521950730207,3017700
2016-02-29,28.430593490600586,28.91848188925652,28.334496268686895,28.489732845550225,3606900
2016-03-01,29.77597999572754,29.783373824360577,28.585827378553752,28.741066760734228,4798800
2016-03-02,29.916431427001953,29.931216262809905,29.428543125016056,29.657701030241512,2046000
2016-03-03,30.322998046875,30.345173885877355,29.812934010391476,29.91642501896044,2386700
2016-03-04,30.670433044433594,30.699999888332204,30.2416813788427,30.263857216746246,2784900
2016-03-07,30.751760482788086,30.803506009904915,30.308226587523922,30.448678329709637,2025300
2016-03-08,30.55955696105957,30.892208724407652,30.50781144452977,30.685223838369314,3093700
2016-03-09,30.840465545654297,30.951347595229326,30.65565930977654,30.65565930977654,2764700
2016-03-10,30.60390853881836,31.195287828184355,30.219511295750742,30.870027104093893,2450000
2016-03-11,31.4096736907959,31.431849539974895,30.86264591171575,31.02527632548116,2400100
2016-03-14,31.335723876953125,31.387469362682438,31.01046613523779,31.261802560173383,1806400
2016-03-15,31.306167602539062,31.417052445018363,30.988300728678322,31.17310691953137,2845500
2016-03-16,31.604833602905273,31.731759272877095,31.141921181656716,31.18671998479348,1660200
2016-03-17,32.082664489746094,32.32905069734005,31.60482215536328,31.701881921421368,4828400
2016-03-18,31.918399810791016,32.1573209382467,31.910934771629993,32.14985589908568,4232300
2016-03-21,31.81388282775879,32.03040606207877,31.545095757315426,31.81388282775879,1918300
2016-03-22,31.77654457092285,31.93333604301585,31.530155530635454,31.679481962794654,1979100
2016-03-23,31.49283218383789,31.955741671147916,31.492832183837887,31.798950161470152,2261400
2016-03-24,31.597368240356445,31.657099982652436,31.112057802783326,31.28378513780119,2233600
2016-03-28,32.06773376464844,32.105064665556746,31.5002938174475,31.791481680128733,1939300
2016-03-29,32.73223876953125,32.75463674405958,32.00800721268174,32.07520398443237,4437600
2016-03-30,32.60531234741211,32.88156734231812,32.46345375274353,32.7994376329226,2751800
2016-03-31,32.98609924316406,33.04582813607023,32.53065468606907,32.60531651424332,3781500
2016-04-01,33.314605712890625,33.374337436819275,32.81436534173226,32.83676331412283,3710800
2016-04-04,33.14288330078125,33.43406835228428,33.02342269380141,33.36687158284777,1989500
2016-04-05,32.9412956237793,33.08315706401338,32.8069020741711,32.8740988489752,2067500
2016-04-06,32.889034271240234,33.15782139079956,32.76957364567676,32.933833073888785,2253400
2016-04-07,32.59038162231445,32.90396467221391,32.441055139815106,32.76957112278107,1984100
2016-04-08,32.9412956237793,33.277279497799796,32.74717318999288,32.754638232453,2268900
2016-04-11,32.829307556152344,33.247418349224425,32.82183966446682,33.001032038759256,1846100
2016-04-12,32.829307556152344,33.04582799620774,32.672513160584145,32.941300297939726,4262800
2016-04-13,33.24740982055664,33.269810641700765,32.65010680641305,33.08315327177055,5301900
2016-04-14,33.15034484863281,33.314601371701805,33.05328223397955,33.239939574685444,2199300
2016-04-15,33.47140121459961,33.71032242219571,33.13541737636589,33.202614144012635,3858600
2016-04-18,33.68791580200195,33.70284873092692,33.35193202160279,33.411663737302625,2210000
2016-04-19,34.18069839477539,34.1956313269031,33.30714322654667,33.74765475573435,4550200
2016-04-20,33.62071990966797,34.322553346346936,33.508727212101036,34.29268748772974,3315800
2016-04-21,33.0308952331543,33.65059632903766,32.82183700538905,33.46393892634801,3602300
2016-04-22,33.52367401123047,33.60580088415873,33.120493297584595,33.2623519124602,4853800
2016-04-25,34.18815612792969,34.18815612792969,33.277267475915714,33.3593971541353,3501000
2016-04-26,34.19563293457031,34.33002648187241,33.96417959612338,34.25536466588934,2918100
2016-04-27,34.3449592590332,34.41215603237968,33.98657741724057,34.143368938993774,3024500
2016-04-28,34.083641052246094,34.31509439640847,33.68046040038381,34.02390931945207,2338700
2016-04-29,33.90443801879883,33.99403274159293,33.44152862817027,33.84470915299106,3624800
2016-05-02,34.352420806884766,34.41215253185694,33.94924305598424,33.94924305598424,2468200
2016-05-03,34.083641052246094,34.34496026280548,33.986578410538705,34.20310166966835,2274200
2016-05-04,34.255367279052734,34.330029100731366,33.42660795685668,33.76259185074237,2479000
2016-05-05,34.427085876464844,34.591345273945166,34.09856708150421,34.21056264308905,2397100
2016-05-06,34.792930603027344,34.81533142287562,34.11349792971175,34.210560553946905,2081100
2016-05-09,35.308109283447266,35.36783816163131,34.94225957997015,34.96466040143395,2754000
2016-05-10,35.651554107666016,35.6888850083028,35.34543616538021,35.479829686204724,2416000
2016-05-11,35.06171798706055,35.599292097852626,35.00945415386302,35.599292097852626,3737000
2016-05-12,35.42757797241211,35.52464062579665,34.99453140205503,35.17372377382909,2726000
2016-05-13,35.42009353637695,35.58435289643171,35.091577664432236,35.315565888402034,2779500
2016-05-16,35.9054069519043,35.972603709944394,35.40516378690245,35.435029645623615,2138000
2016-05-17,35.46490478515625,35.987546056886444,35.34544416717499,35.92034928126162,3156800
2016-05-18,34.98704528808594,35.26329729870874,34.49427012268322,35.18863551686401,3470000
2016-05-19,34.73320770263672,34.90493216079228,34.42708969493929,34.59134911063841,2257700
2016-05-20,34.97212600708008,35.10651954536816,34.72573690416343,34.927327211595546,2495600
2016-05-23,34.74814224243164,35.13638997593079,34.6809454645536,34.90493377475845,2710700
2016-05-24,35.28572082519531,35.39771642725831,34.81534613213026,35.046799532416294,2718700
2016-05-25,35.158782958984375,35.44996800571095,35.046787395705465,35.337975290597534,3381800
2016-05-26,35.173709869384766,35.29317045395506,35.03184846709411,35.1513118998294,3134200
2016-05-27,35.524627685546875,35.54702565579762,35.17371096140473,35.24837276101727,1617600
2016-05-31,35.48728942871094,35.688879679849705,35.308099993141845,35.688879679849705,1973100
2016-06-01,35.68142318725586,35.71128904972637,35.352904396411034,35.3977031901168,2124400
2016-06-02,35.845672607421875,35.845672607421875,35.337967287195774,35.509691690009646,1770300
2016-06-03,36.18167495727539,36.398198256102376,35.95022157067841,36.032348446078636,2766600
2016-06-06,36.07714080810547,36.323529934783544,35.756089863251745,36.211534359354275,2615000
2016-06-07,36.59231185913086,36.659508630476566,36.0771385109242,36.099536485317564,2748000
2016-06-08,36.8536376953125,36.90590153971961,36.562452605568346,36.562452605568346,2946500
2016-06-09,37.553958892822266,37.591610172819465,36.7933926954882,36.8310439754854,3295200
2016-06-10,37.59160614013672,37.772336286387166,37.20755852919083,37.31298325091683,3075700
2016-06-13,37.63679885864258,37.960605083998374,37.471129755639446,37.651859947334586,2950900
2016-06-14,37.162384033203125,37.63679826539208,37.09461057146184,37.59161500002826,3807600
2016-06-15,37.561485290527344,37.74974453514541,37.16990571700879,37.16990571700879,3267800
2016-06-16,37.900360107421875,37.930479409419945,37.169913172556015,37.39582373688925,3038600
2016-06-17,37.54643630981445,37.98319640436731,37.373238093646165,37.98319640436731,3917700
2016-06-20,37.569007873535156,38.20909091766856,37.569007873535156,37.85516268000194,3258300
2016-06-21,37.6292610168457,37.99824755002676,37.41840869670539,37.41840869670539,3749900
2016-06-22,37.6744384765625,37.8024562544939,37.56148465526686,37.73468281267329,2960400
2016-06-23,37.7196159362793,38.0810732796131,37.561478887184684,37.92293623051849,3817400
2016-06-24,36.251197814941406,36.89881004265424,35.70901029916173,36.48464030037053,7883700
2016-06-27,35.332496643066406,36.10059477086459,35.21201083121228,36.06294349327424,8797300
2016-06-28,36.115657806396484,36.12318978588623,35.415333089491995,35.73913926494713,6806600
2016-06-29,36.98164749145508,37.13978457186593,36.318974127808616,36.318974127808616,4307100
2016-06-30,36.92893600463867,37.01929964235211,36.311445880481706,36.974116387191266,4841000
2016-07-01,36.703025817871094,37.17743707476695,36.49970547665503,36.79338945643102,2705100
2016-07-05,37.30545425415039,37.41840808235591,36.55994634851772,36.70302521922957,3550300
2016-07-06,37.17742919921875,37.36568841535987,36.82350382624665,37.2000222585289,3069600
2016-07-07,36.71055221557617,37.16990522599349,36.49217080527809,37.11719286800541,2209400
2016-07-08,37.312965393066406,37.35061665100476,36.8987958105308,37.18495054155463,2862300
2016-07-11,37.584075927734375,37.689500646357295,37.1096618213231,37.335575215638656,1919500
2016-07-12,37.7196159362793,37.7196159362793,37.32803642951578,37.52382761920134,4402200
2016-07-13,38.141326904296875,38.14885601068589,37.65185168336974,37.84011094178659,2489200
2016-07-14,38.374752044677734,38.42746438730612,37.99823367012806,38.29944951881069,3517000
2016-07-15,38.65339279174805,38.66092189822954,38.08861500956079,38.45760155192912,3933700
2016-07-18,38.87176513671875,38.90188730304588,38.502778653338986,38.65338661236676,3554300
2016-07-19,38.93954086303711,39.01484628328047,38.42747549581453,38.87176742112212,3397600
2016-07-20,38.85670852661133,39.135334288299944,38.450070724815795,39.10521211850525,3374300
2016-07-21,38.99225616455078,38.99225616455078,38.57808637607356,38.61573765273362,2895900
2016-07-22,39.58715057373047,39.662453116533506,38.947070342081055,38.947070342081055,3328400
2016-07-25,39.90343475341797,39.94861513818635,39.65493114675834,39.66999223255059,3171300
2016-07-26,40.061580657958984,40.174534517335594,39.86578937219843,40.01639739064293,2990200
2016-07-27,39.54951095581055,40.11428881107184,39.285946233123376,39.97121278854478,3840000
2016-07-28,40.3853759765625,40.581164336795,39.45160881267886,39.519382259030166,2370200
2016-07-29,41.032989501953125,41.09323097129168,40.31007176163214,40.31007176163214,3940800
2016-08-01,41.123355865478516,41.31914424455446,40.86732314046627,41.123355865478516,2321200
2016-08-02,40.814613342285156,41.13088756052635,40.63388316571255,40.85226462456025,3116500
2016-08-03,40.70917892456055,40.92755745888164,40.48326553940187,40.897438163787434,2119700
2016-08-04,40.66399002075195,40.85224923381099,40.52091405296583,40.79200490678044,2154500
2016-08-05,40.754371643066406,40.88991856615914,40.41550433533457,40.69413016203013,1985900
2016-08-08,40.475746154785156,40.72424978909927,40.35526032764735,40.54351961208821,2366700
2016-08-09,40.84473419189453,40.889914580115224,40.36278802754109,40.46821563614281,1953000
2016-08-10,40.9652099609375,41.12334702611634,40.82966308432481,40.95767798301018,1991300
2016-08-11,40.68659591674805,41.017934098135136,40.4606853483715,40.957689747843396,2330300
2016-08-12,40.92755126953125,41.16099372500868,40.618806278794054,40.671518627997415,1784200
2016-08-15,40.79199981689453,41.07062548573344,40.70916818647441,40.942607743070944,1800700
2016-08-16,40.57365036010742,40.746848593676205,40.40045212653864,40.64895294075148,1960900
2016-08-17,40.35525131225586,40.64893527075701,40.11427971181348,40.520920364788026,2538400
2016-08-18,40.22722625732422,40.332653826979936,38.60819878924183,39.6775097137105,3211700
2016-08-19,40.151939392089844,40.227241955765614,39.90343863387286,40.20465176118462,2120100
2016-08-22,40.36277770996094,40.55103693971376,40.10674504259279,40.21970172948763,1894800
2016-08-23,40.528446197509766,40.82213013229337,40.49832403173508,40.55103638553686,1179900
2016-08-24,40.05403137207031,40.67905337316596,40.03144118447671,40.5359773973935,1741500
2016-08-25,40.1444091796875,40.41550012502301,39.99380118387316,40.046513551516895,1939900
2016-08-26,39.579627990722656,40.415496694965434,39.22569966148809,40.264891584541516,2955500
2016-08-29,40.03144836425781,40.29501017547986,39.69258112653783,39.69258112653783,3800700
2016-08-30,40.016387939453125,40.091693367194026,39.61727922655555,40.016387939453125,2182900
2016-08-31,39.99380874633789,40.17453607740212,39.71518576859188,40.02393092571831,3439200
2016-09-01,39.92601013183594,40.11426932547571,39.594674985168574,40.01637374045298,1900000
2016-09-02,40.64894104003906,41.08570392321044,40.09169521215449,40.15946866393596,2390900
2016-09-06,40.76189422607422,41.048046222090825,40.51339063349281,40.85978696926548,2350800
2016-09-07,41.085693359375,41.085693359375,40.49079353254195,40.62634040125347,1555700
2016-09-08,40.694122314453125,40.99533540676545,40.54351433199279,40.89744265988332,4185000
2016-09-09,38.773868560791016,40.24982009319105,38.773868560791016,40.24982009319105,2854300
2016-09-12,39.519386291503906,39.75282882444685,38.68351465875009,38.70610772491137,3957100
2016-09-13,38.51785659790039,39.24077167056417,38.41996095078681,39.23323968938128,2307800
2016-09-14,38.78141403198242,38.89437075587638,38.502791085015154,38.660928200379644,2694500
2016-09-15,38.91807174682617,38.99399637379685,38.31828312301394,38.96362652300858,2613700
2016-09-16,39.0775032043457,39.12305507402891,38.55363353316696,38.67511001270174,4221300
2016-09-19,39.79878616333008,39.87471080750306,39.17621856225682,39.28251306409899,2352100
2016-09-20,39.68488693237305,40.20116271175984,39.68488693237305,40.06450130567347,2023100
2016-09-21,40.459312438964844,40.49727330815584,39.35083883970712,39.72285941249905,2109800
2016-09-22,41.29445266723633,41.30963759030515,40.70225514869201,40.70225514869201,2357800
2016-09-23,41.37796401977539,41.598141037177086,40.63392024366436,41.0439044354687,2466300
2016-09-26,41.25649642944336,41.499449433305465,41.043913275121085,41.370381917103586,2440100
2016-09-27,40.91483688354492,41.499443368727164,40.8313212576292,41.30204516802186,1884600
2016-09-28,41.38555908203125,41.46907471033692,40.99076266932284,41.15020001632753,1670800
2016-09-29,40.83891677856445,41.484260083188154,40.603554814080496,41.13501553942069,1789000
2016-09-30,40.64910888671875,41.385558821390525,40.61873904093924,41.112238898058635,4293900
2016-10-03,39.95820999145508,40.489670696605224,39.85950944284329,40.489670696605224,1960200
2016-10-04,38.849735260009766,39.94302655616526,38.69029791139641,39.91265670988806,3239400
2016-10-05,38.33346176147461,39.15342732467962,38.18920644200332,38.98639606896671,3038800
2016-10-06,38.120872497558594,38.42456513736934,37.733667133216166,38.29549475177009,2496300
2016-10-07,37.809593200683594,38.78140802229352,37.68811671001085,38.318277996532444,2523300
2016-10-10,38.037357330322266,38.23475841742118,37.870328983039755,37.92347476120615,1650900
2016-10-11,37.74885559082031,38.31068326200146,37.672930975641826,38.044954349446584,2114700
2016-10-12,38.09809494018555,38.15124071545414,37.71848060470839,37.79440231331281,1505900
2016-10-13,38.88011932373047,39.06992658802858,37.80960646893827,37.9310830022399,3417300
2016-10-14,38.62196731567383,38.99399069306195,38.515675749628066,38.99399069306195,1437600
2016-10-17,38.87252426147461,39.32806048988425,38.849745422694035,38.94844600079998,1816100
2016-10-18,39.533042907714844,39.806365735816314,39.23694414268092,39.464712200689476,2655600
2016-10-19,39.71525955200195,39.88988182837263,39.3736060129167,39.47989758147033,2217200
2016-10-20,40.018951416015625,40.39856583558602,39.43434486232985,39.92784476626262,2544800
2016-10-21,39.78360366821289,39.9126712174629,39.45713494263708,39.5102807448258,2199400
2016-10-24,40.09487533569336,40.512450610664324,39.92784406721372,40.04932056350033,2413400
2016-10-25,39.96579360961914,40.261892304438504,39.79117137668022,40.04171820843648,1611500
2016-10-26,39.54063034057617,39.783583282152236,39.10786733615207,39.70765867776752,1709200
2016-10-27,38.72066879272461,39.889881839599646,38.65233808488833,39.67729580620453,2282600
2016-10-28,38.773807525634766,39.10027608190028,38.54603950634492,38.887692983393435,2305200
2016-10-31,39.60136795043945,39.730438332460714,38.85732418937935,39.054722372424855,3139000
2016-11-01,38.55363464355469,39.48748564991691,38.401791211933755,39.44952479201168,2870500
2016-11-02,37.84754943847656,38.67510883518213,37.839958425836386,38.67510883518213,2366400
2016-11-03,37.41478729248047,37.976617773035294,37.293310823202056,37.862732315987266,3237200
2016-11-04,37.46034622192383,37.642562394226324,37.270539036546474,37.52108301520612,2852500
2016-11-07,38.58400344848633,38.61437329248314,37.94625120569202,38.05254276345312,3024300
2016-11-08,38.758628845214844,38.89529025803753,38.485306019569485,38.697892048531415,2772600
2016-11-09,36.88333511352539,37.82477716839644,36.54927260044451,37.72607661714728,6625800
2016-11-10,35.69134521484375,36.97444376204217,35.34969456607142,36.97444376204217,7230900
2016-11-11,35.21303176879883,35.75208350966955,35.197846845590476,35.516721544282014,5865700
2016-11-14,36.306312561035156,36.36705224113266,34.871370925346085,35.205430477200316,6921700
2016-11-15,36.473358154296875,37.06555578741586,36.10892861882146,36.45057931717257,4519000
2016-11-16,36.54927444458008,36.61001413956053,36.146884102132766,36.28354551961073,2959900
2016-11-17,36.45816421508789,37.004809831273306,36.44297929283521,36.54167983936375,2202700
2016-11-18,37.1794319152832,37.21739277261973,36.45816404097811,36.49612489831464,4118400
2016-11-21,37.13387680053711,37.74125920090941,36.982030476387095,37.354053825743236,3079200
2016-11-22,37.764041900634766,37.794408851593374,37.29331795792592,37.29331795792592,3214000
2016-11-23,37.74126052856445,37.77163037370835,35.17506943469002,37.46034670155303,2430700
2016-11-25,37.73366165161133,38.34863495836023,37.63496112357701,37.65014604298438,1191000
2016-11-28,38.42457580566406,38.72067461876394,38.014591496958786,38.014591496958786,3244300
2016-11-29,39.054725646972656,39.1458351817659,38.45493713883683,38.53085885493672,3825600
2016-11-30,38.64475631713867,39.054737766018,38.34865458151927,38.67512327526508,3820200
2016-12-01,37.92348098754883,38.53845449193528,37.79441057921966,38.48530870504332,2336000
2016-12-02,37.92348098754883,38.60678520311469,37.64256712880158,38.082918348224716,3304000
2016-12-05,38.4169807434082,38.43975957958376,37.91588979097169,38.13606686455565,2579300
2016-12-06,38.49290466308594,38.83455823715859,38.280318607980554,38.60678725695794,1931900
2016-12-07,39.87470245361328,39.88988737926658,38.61438258667359,38.61438258667359,3533100
2016-12-08,39.844329833984375,40.049321971718754,39.45712439352713,39.593785818683386,2255400
2016-12-09,39.77599334716797,40.45170646444345,39.73803248929713,39.97339444206082,1778300
2016-12-12,40.20116424560547,40.24671611855371,39.63174266392898,39.80636493476242,2229300
2016-12-13,40.3909797668457,40.626338882209744,39.867109950112,40.54282613251096,2382600
2016-12-14,39.29767608642578,40.52762866097631,39.2141633625784,40.41374319792353,2838200
2016-12-15,39.282371520996094,39.87941364914236,39.03743101099141,39.221137853455524,2908200
2016-12-16,40.170284271240234,40.422880831437,39.68805633263276,39.779911219934164,4241300
2016-12-19,40.177940368652344,40.744364241632695,40.12435689101446,40.40757174742604,2344600
2016-12-20,40.1473274230957,40.62955542672986,39.8641154488631,40.18559883800469,2639900
2016-12-21,39.72633743286133,40.598938571492276,39.71868139765403,40.200909418447615,2550800
2016-12-22,39.72633743286133,39.94831281520082,39.23645337686044,39.649791680397804,2081100
2016-12-23,39.61150360107422,39.97891429857776,39.420143680296086,39.81051663391839,1233100
2016-12-27,39.83348846435547,39.971267863926165,39.50434911203892,39.741633584694235,1757600
2016-12-28,39.45843505859375,39.97128142429619,39.29769334453624,39.833501977983424,1129200
2016-12-29,40.00954055786133,40.086083373454095,39.36657097914989,39.565584051643825,1286000
2016-12-30,40.40757369995117,40.591277643878286,39.42780862596092,40.03250685789088,1995300
2017-01-03,40.41522979736328,40.94338524496036,40.02485669776357,40.774987517329784,1738900
2017-01-04,41.13474655151367,41.22659853319141,40.4305402388594,40.61424712213673,1429600
2017-01-05,41.15005111694336,41.188325451022216,40.68313519235168,40.92807574686335,1817900
2017-01-06,41.417945861816406,41.5174538481487,40.9739893996577,41.15004019398654,1573100
2017-01-09,41.10411834716797,41.52510965833739,41.02757261427825,41.4944913651815,1912200
2017-01-10,40.16263198852539,41.11943185164123,40.14732284032496,40.94338102721849,2344200
2017-01-11,39.994239807128906,40.37695980528325,39.94065924098105,40.109056974543954,3205800
2017-01-12,40.331031799316406,40.39992151483304,39.741642659878984,40.00189237183938,3314000
2017-01-13,40.03250503540039,40.614240977836154,40.01719588744983,40.407571860385666,1816800
2017-01-17,40.20856475830078,40.43819910847415,40.02486078206855,40.063132200456764,2469300
2017-01-18,40.453495025634766,40.76732524827741,40.21621054017405,40.21621054017405,3233400
2017-01-19,40.384613037109375,40.575973036739185,40.185599922259996,40.29276105486519,2241500
2017-01-20,40.23918151855469,40.583630110689484,40.13967349862198,40.4381975584201,2725700
2017-01-23,40.43819046020508,40.45349668834927,40.06312363240094,40.18559389700447,3834700
2017-01-24,39.67274856567383,41.12708251913901,39.3436091987487,40.752018630266086,4960100
2017-01-25,39.64213180541992,39.84114488804602,39.312992425755645,39.71867462490964,2716400
2017-01-26,38.99151611328125,39.986590540184594,38.96090072962314,39.848811093995586,3180200
2017-01-27,37.69791793823242,39.14459899192331,37.651990489572405,38.94558588757332,4714200
2017-01-30,37.30753707885742,37.79741808290966,37.22333823380073,37.759146676953286,3636100
2017-01-31,37.39173126220703,37.743835772398775,37.21568046707164,37.34580674516709,4725200
2017-02-01,37.077911376953125,37.54483022938331,36.99371543234857,37.38408853524491,3907800
2017-02-02,37.5524787902832,37.75149185961835,37.08556003078317,37.09321314425248,3003600
2017-02-03,38.43272018432617,38.5092658934285,37.728517180106195,37.919877072981656,4524400
2017-02-06,37.8050651550293,38.51692428776572,37.72086632342726,38.31025522472088,2915500
2017-02-07,37.29989242553711,38.31792907011185,37.269274123462225,37.8739724497921,2627100
2017-02-08,37.789772033691406,37.858661750581746,37.26927259939149,37.384089767516016,2593000
2017-02-09,37.828033447265625,37.97346887775688,37.65198264396878,37.8509986267712,1825100
2017-02-10,38.35619354248047,38.36384665665242,37.78211362217574,37.78211362217574,1935300
2017-02-13,38.249027252197266,38.593472821864175,38.218408959806986,38.47100257222412,2183800
2017-02-14,38.210750579833984,38.25667801559853,37.606055401832386,38.111245515558814,2778100
2017-02-15,37.82038497924805,38.44804545763079,37.46828332940826,38.38681178457761,2537600
2017-02-16,38.36383819580078,38.608778674183995,37.85099498166119,37.93519381859058,2586200
2017-02-17,38.41743087768555,38.50162974121043,37.835697787756324,38.37915946333471,3262900
2017-02-21,38.84608840942383,38.98386787284416,38.40213171175333,38.41744086545808,2767000
2017-02-22,38.53223419189453,38.97618769466323,38.4556913907029,38.74655637116765,1922900
2017-02-23,38.700645446777344,38.81545968887773,38.23372660377264,38.769535160006264,2530500
2017-02-24,39.09867477416992,39.15990845294861,38.52459480100126,38.608790744331735,2586000
2017-02-27,39.50435256958008,39.52731483154454,38.96089095699755,39.1675571545205,2032700
2017-02-28,39.07570266723633,39.54262142988395,38.79249074822364,39.4507694680271,3511600
2017-03-01,39.02979278564453,39.25176820006416,38.784849262283615,39.113988745639666,2490800
2017-03-02,39.07570266723633,39.10632096116235,38.70063878636679,39.02977814626851,2197600
2017-03-03,39.144596099853516,39.15990524827579,38.662368144277146,39.04508809506949,2283000
2017-03-06,38.723602294921875,39.02212337051898,38.46335262800518,38.945580553158145,2275900
2017-03-07,38.69298553466797,38.815455799255574,38.39446444723078,38.73125694486633,1689600
2017-03-08,38.218414306640625,38.5858251069623,38.172486861629864,38.524591433536095,2964300
2017-03-09,37.73619079589844,38.48632163318094,37.651991930094574,38.29496163632555,1964600
2017-03-10,37.81272506713867,38.333224334162225,37.47592970616994,37.73617933968171,2367300
2017-03-13,38.067596435546875,38.29156960684289,37.85134515636061,38.206614062822844,2916600
2017-03-14,38.12166213989258,38.21433958482559,37.68916248660046,37.99036639225487,2463800
2017-03-15,39.156558990478516,39.31102332093872,38.18343577089266,38.26839129995387,3437700
2017-03-16,39.156558990478516,39.3264671024389,38.978926041606,39.11021880749184,3147300
2017-03-17,39.37281036376953,39.720354397937044,39.23379275010253,39.388257092639456,5150100
2017-03-20,39.78213882446289,39.99839008496483,39.372810816273656,39.42687289485856,2634900
2017-03-21,38.93259811401367,40.00612098208972,38.91715138148905,39.82848797730101,4896800
2017-03-22,38.8553581237793,39.09477505536086,38.569598059521795,39.09477505536086,2785700
2017-03-23,39.28013229370117,39.60450475617272,38.739508576753025,38.80129549122126,2754500
2017-03-24,39.41143035888672,39.58134145032357,39.33419965159504,39.36509311297677,2177000
2017-03-27,38.515541076660156,39.39598411375233,38.42286363753537,39.21062923550275,2368300
2017-03-28,38.84764099121094,38.90942791881714,38.18344625025865,38.53871519166855,2949300
2017-03-29,39.110233306884766,39.11795814666075,38.57733426270479,38.747242437655466,2524900
2017-03-30,39.527278900146484,39.589062876019156,38.893977680097954,39.1025041227231,1972600
2017-03-31,40.06789779663086,40.11423503634343,39.380534576713465,39.4809338935322,3736800
2017-04-03,40.34593963623047,40.46178570067272,39.897993271131455,39.99839555057825,3512500
2017-04-04,40.5467414855957,40.6162503031318,40.09107322533964,40.2609843229085,2711600
2017-04-05,40.67803192138672,40.98696063610042,40.585354485437634,40.623969838236206,2389000
2017-04-06,40.97924041748047,41.07191785721424,40.330492447018734,40.59308098139998,2470400
2017-04-07,41.38085174560547,41.72839292449345,40.917458596816395,40.917458596816395,3280900
2017-04-10,41.85968780517578,41.97553388032654,41.28044859093303,41.434912970630364,2683200
2017-04-11,42.15315628051758,42.269002318425954,41.7361034732585,41.821059002088546,3089500
2017-04-12,42.4234619140625,42.57020139083532,42.12998001435512,42.29216621702431,3473700
2017-04-13,42.14542770385742,42.57020236415324,42.13770581381355,42.44663150031879,3119800
2017-04-17,42.67832946777344,42.701501031838994,42.199492705407216,42.346235141895086,3327500
2017-04-18,42.137725830078125,43.19580203840315,42.07593889572997,42.8637046316898,4335600
2017-04-19,41.936920166015625,42.19950873794658,41.62026950099563,42.09910644528274,3160900
2017-04-20,42.11454772949219,42.14544119187824,41.519861836292954,42.04503891220493,2336600
2017-04-21,41.97553634643555,42.29218701764531,41.875136997972255,42.09910726822074,2842900
2017-04-24,41.96780776977539,42.60883090378295,41.419462075807886,42.48526000167531,3960700
2017-04-25,42.369415283203125,42.39258390740797,41.96780910206343,42.09138000809389,2240800
2017-04-26,42.052757263183594,42.469810102566186,41.93690827018989,42.29217419433257,2056500
2017-04-27,42.400299072265625,42.67833133777666,42.052755057674176,42.052755057674176,2375400
2017-04-28,42.02186584472656,42.3076229761722,41.94463514309123,42.3076229761722,3105900
2017-05-01,42.29217529296875,42.531595176499486,42.12998905549423,42.12998905549423,2423000
2017-05-02,42.168617248535156,42.50071466231631,42.02959958945638,42.33852837544549,1876600
2017-05-03,41.566192626953125,42.323064607218825,41.51985244385692,42.168600276393526,2072400
2017-05-04,41.79016876220703,41.82106221982438,41.04874345636437,41.41173127180022,2336400
2017-05-05,42.21494674682617,42.21494674682617,41.86740268724785,41.913742877245795,1918600
2017-05-08,42.32307434082031,42.38486126582522,42.04503907062371,42.27673709322937,2113200
2017-05-09,41.85968780517578,42.29990937230724,41.5893744041647,42.26901590713517,1826700
2017-05-10,42.191768646240234,42.31533951231121,41.78243775862363,41.88284000798187,1965000
2017-05-11,42.18404769897461,42.26128133874053,41.74382626387624,41.921459216094696,1263300
2017-05-12,41.97553634643555,42.29991185747367,41.80562817033288,42.15317230852974,1686200
2017-05-15,42.4775390625,42.601109967380765,41.92919335622679,42.068210992488,2010000
2017-05-16,42.34624481201172,42.469815712652476,42.00642262562764,42.36941343520603,1958800
2017-05-17,42.73240661621094,42.9718235922723,42.16861122045194,42.199504683867225,3152700
2017-05-18,42.299903869628906,42.70923191833994,41.82878889861144,42.6397231038265,3005300
2017-05-19,42.662899017333984,43.064502268572525,42.168612427034795,42.36169215966071,3047800
2017-05-22,42.794193267822266,42.93321091570481,42.60883542192454,42.68606908528318,1789100
2017-05-23,43.010433197021484,43.16489754727979,42.77873814471524,42.95637111635544,1695600
2017-05-24,43.14946365356445,43.234419218786876,43.01044599159381,43.11857313125355,2790900
2017-05-25,43.1726188659668,43.32708025747175,43.01815452829965,43.27301818121258,1589100
2017-05-26,43.08768081665039,43.24986711123832,42.80964548526343,43.24986711123832,1282800
2017-05-30,43.11857604980469,43.36571792199996,43.00272700826662,43.06451100323368,2290900
2017-05-31,42.894588470458984,43.25757631670456,42.6628934109876,43.180345612268276,3606700
2017-06-01,43.18033981323242,43.257570507296776,42.63971611629556,42.87141114465075,3213500
2017-06-02,43.92949295043945,44.060785728639786,43.25757349183976,43.35797575798034,7702500
2017-06-05,43.56651306152344,43.95267254724734,43.527897702183665,43.95267254724734,2048000
2017-06-06,43.620567321777344,43.82137186815072,43.34253207059116,43.527889886769465,2169200
2017-06-07,43.83681869506836,43.83681869506836,43.44293735932211,43.69007916727323,3281300
2017-06-08,43.60512924194336,43.867717815026644,43.018168108902366,43.836824348507875,2623700
2017-06-09,44.122581481933594,44.13030337495449,43.50472692456008,43.589679532441565,2165500
2017-06-12,44.62070846557617,44.62070846557617,44.145936818463184,44.200418518719104,2684600
2017-06-13,44.5117301940918,44.612911739953674,44.332718516969514,44.54286343420763,1778800
2017-06-14,45.00986862182617,45.07991398265352,44.6440603471222,44.854205336694896,2763900
2017-06-15,45.53910446166992,45.702552491697176,44.682961121083935,44.69074294678558,4389500
2017-06-16,45.24334716796875,45.70255207493941,45.056550693510665,45.59358870193438,4335100
2017-06-19,45.601375579833984,45.64807544587978,45.09547075594127,45.19665231452572,2912500
2017-06-20,44.88532638549805,45.68699109985956,44.65183299034628,45.6247246110033,2200600
2017-06-21,45.18108367919922,45.19665030052083,44.84640874335831,44.91645705479081,2639400
2017-06-22,44.861976623535156,45.05655494197105,44.753013240255775,45.017639872089774,1850800
2017-06-23,45.54689025878906,45.974961938502986,45.21999716056961,45.30561209031826,3165400
2017-06-26,45.96718215942383,46.00609722857982,45.56245890833674,45.71812215399015,2390300
2017-06-27,45.70254898071289,46.30185046069495,45.694764186580024,46.224017364511475,5484300
2017-06-28,46.068363189697266,46.09949643428569,45.56246132576859,45.8582182422698,3740200
2017-06-29,45.679203033447266,46.231807690874525,45.63250613917833,46.12284134317844,3400200
2017-06-30,45.64028549194336,45.93604533874657,45.60137042581828,45.741467039091944,2594000
2017-07-03,46.068363189697266,46.16176292346255,45.570243152400884,45.8582182422698,1009500
2017-07-05,45.55467987060547,46.16954813568158,45.33675308056526,46.122848265374465,2244200
2017-07-06,44.58177947998047,45.469056059584524,44.527297793094554,45.367877480527405,2529500
2017-07-07,44.94758605957031,45.04876760410617,44.581777915576254,44.76857438479405,2305100
2017-07-10,44.58177947998047,45.19664762515495,44.5117311726944,45.01763594409705,1955300
2017-07-11,44.31715774536133,44.682965942424445,44.04474928097151,44.57400255666852,2615100
2017-07-12,44.978721618652344,45.048769927092486,44.67517993842149,44.737443452018674,1829600
2017-07-13,44.791927337646484,45.05655396373509,44.651830713891954,45.05655396373509,1514600
2017-07-14,45.20443344116211,45.31339681739572,44.95537047816186,44.95537047816186,1754900
2017-07-17,45.54689025878906,45.78816842725987,45.033203649326495,45.196648713921554,2019400
2017-07-18,46.79218292236328,47.06459428983835,45.55466496979692,45.55466496979692,3501900
2017-07-19,46.79218292236328,46.924497693772054,46.51977452391707,46.807749540707185,3074900
2017-07-20,46.05278778076172,46.893367410093184,46.05278778076172,46.80775248832471,2345200
2017-07-21,45.91270446777344,46.17733111772426,45.74925641263491,45.95161954031891,2643000
2017-07-24,46.932281494140625,47.04124485810614,45.64806660150973,45.889341773425095,2848400
2017-07-25,46.9089469909668,47.09574053641234,46.49644185649717,47.09574053641234,2487700
2017-07-26,47.58607482910156,47.827353021672955,46.831109975756895,46.94785815871749,2026000
2017-07-27,47.60164260864258,47.897402502044365,47.010125790868706,47.414846105170476,1508800
2017-07-28,47.90517044067383,47.975218738039416,47.469317007313556,47.648328663019214,1591900
2017-07-31,47.32923126220703,48.10754453623032,47.243616327019744,48.09975974083356,3284900
2017-08-01,47.74173355102539,47.842915102050284,47.282528627486975,47.531588623064145,2091100
2017-08-02,47.632781982421875,47.92854191387569,47.39928854981311,47.76509383892248,1380800
2017-08-03,47.570499420166016,47.83512601283929,47.32922424118947,47.624981103743245,1751000
2017-08-04,47.75728988647461,47.94408335841344,47.570493445507076,47.656108357241,1631500
2017-08-07,47.20469284057617,47.71837939108058,47.04124482571146,47.71837939108058,1576900
2017-08-08,47.305870056152344,47.60941169516554,46.97119518005346,47.111291777910154,1929700
2017-08-09,47.27474594116211,47.40705776245403,47.05681622222646,47.305876213270665,1675800
2017-08-10,46.652095794677734,47.173567223433984,46.45751747943112,47.0256858036677,1769300
2017-08-11,46.47309494018555,46.72993980135098,46.20068642291629,46.72993980135098,1747000
2017-08-14,47.73395538330078,47.80400072895992,46.792194048257166,46.792194048257166,2134400
2017-08-15,48.169803619384766,48.200936860046426,47.44597210366208,47.66390181926444,1585800
2017-08-16,48.44999313354492,48.932546450695476,48.200933165400826,48.208714990455135,2393800
2017-08-17,47.71061325073242,48.613456721851556,47.71061325073242,48.38774511181423,1588100
2017-08-18,47.656124114990234,47.80400257659099,47.173570689055936,47.547160725491814,1993900
2017-08-21,48.32547378540039,48.38773730662545,47.56272709395797,47.74173879989581,1779100
2017-08-22,48.02193069458008,48.48891748201629,47.81178574952491,48.41108734045345,1317800
2017-08-23,48.88585662841797,49.018168456669066,47.90518026420035,48.00636181870553,1415800
2017-08-24,48.46556091308594,49.095995642623905,48.41107922931429,49.03372916458253,1889500
2017-08-25,48.706844329833984,48.955904330878326,48.457781359760226,48.72240798199852,1303300
2017-08-28,48.590091705322266,48.90919998799948,48.302116662181646,48.80023661865055,1348100
2017-08-29,48.395511627197266,48.83914988263272,48.27876346775466,48.504474992528216,1398500
2017-08-30,48.613441467285156,48.636792882084706,48.1308881175133,48.33324824192433,1821500
2017-08-31,49.31393814086914,49.48516804118731,48.76133633224419,48.83138465791707,2991100
2017-09-01,49.640811920166016,49.921005130132144,49.31392182122491,49.36840350438176,1757500
2017-09-05,49.43067932128906,50.04555054651462,49.36841579747533,50.00663250397252,2263500
2017-09-06,49.142696380615234,49.78869778025355,49.080432866726944,49.65638298856828,1799600
2017-09-07,49.58633804321289,49.85874650188146,49.16604816209893,49.31392958454432,2314900
2017-09-08,49.7887077331543,49.998849732435914,49.24388777483143,49.45403274314296,1410200
2017-09-11,50.691532135009766,50.691532135009766,49.9443522410697,49.97548547890778,1828500
2017-09-12,50.32574462890625,50.87056160482754,49.97550005461998,50.66041367264384,1596300
2017-09-13,49.81983184814453,50.23233691271392,49.61746874433472,50.23233691271392,1864200
2017-09-14,50.81606674194336,50.9717269981472,49.7497755789668,50.0144051401831,2548700
2017-09-15,51.0903205871582,51.270549817094945,50.22053086799884,50.89442210947991,4189000
2017-09-18,50.957130432128906,51.27840692728408,50.46346823288367,51.0119817876006,3528400
2017-09-19,50.73771286010742,51.13734748475766,50.58099644724549,51.01980718593724,2334400
2017-09-20,50.635841369628906,50.8944228202316,50.29889574418286,50.698524339817546,2540100
2017-09-21,50.43209457397461,50.94143171063524,50.39291249486767,50.596648545201106,1673500
2017-09-22,49.899269104003906,50.698532400700444,49.82874552027491,50.40076881533274,1807400
2017-09-25,50.16569900512695,50.291076949112934,49.5701687170671,49.66420217505658,2035800
2017-09-26,49.88359069824219,50.157850374030936,49.73470892396168,49.91493517361925,1633900
2017-09-27,49.2958984375,49.89142856246967,48.66902383511775,49.75821901722702,2549400
2017-09-28,49.79738998413086,50.00112606485492,49.29589038415379,49.39775842451582,1830100
2017-09-29,49.72686767578125,49.914931525123535,49.25671253618575,49.609330385469114,2515000
2017-10-02,49.828739166259766,50.142177940458524,49.48395890598008,49.8992627409958,1669200
2017-10-03,49.907100677490234,50.05598545024409,49.5779926329954,49.86008695066176,1394700
2017-10-04,50.212711334228516,50.2518874521971,49.74255308099151,49.92277936518804,1358000
2017-10-05,50.59666442871094,50.70636711063358,50.18136056452554,50.31457010995335,1665500
2017-10-06,50.55747985839844,50.57315508553182,49.81306798494469,50.416432705935385,1201200
2017-10-09,50.800384521484375,50.83172898905505,50.51829029169418,50.51829029169418,940600
2017-10-10,50.71420669555664,51.35675356251044,50.635848488044815,50.9179428177658,1526900
2017-10-11,50.54180908203125,50.78472129012957,50.25187717230139,50.57315355700318,2123700
2017-10-12,50.996299743652344,50.996299743652344,50.40860423456143,50.48696244010398,2671600
2017-10-13,51.09817123413086,51.42727932577473,50.88660345474513,51.2235491614325,1696500
2017-10-16,50.93361282348633,51.29406536606615,50.66719371832442,51.12951133434589,1949400
2017-10-17,50.3929328918457,50.910107849327964,49.94628749880716,50.910107849327964,2389300
2017-10-18,51.1765251159668,51.247051688689034,50.36158659255982,50.42427555090223,3551400
2017-10-19,50.58099365234375,51.28622344960222,50.32240620489693,51.16868913562421,2404100
2017-10-20,50.49480056762695,50.70636832257798,50.23621310619398,50.580996388104616,2558500
2017-10-23,50.510467529296875,50.68285916244239,50.23621083035976,50.68285916244239,1579500
2017-10-24,50.18135452270508,50.73770547928478,49.79739219303089,50.439941946823645,2649400
2017-10-25,50.17352294921875,50.76121845022322,49.9541175853794,50.157853699665,2062600
2017-10-26,50.36157989501953,50.49479540836797,49.844411003342756,50.39292437002226,2267100
2017-10-27,50.69070053100586,50.78472798997905,50.0559882803704,50.31457276006881,1304400
2017-10-30,50.212711334228516,50.66719734677353,50.14218774570168,50.643684501974136,1852700
2017-10-31,50.6045036315918,50.643679745881236,49.977626019481,50.30673407558258,1906400
2017-11-01,50.93361282348633,50.972794916997486,50.4007686348144,50.62017401044141,1727400
2017-11-02,51.67018508911133,51.913097291669175,50.894422802531516,51.105996509179526,2383400
2017-11-03,51.92877197265625,52.36758867981826,51.27839349340599,51.395927811232795,2414200
2017-11-06,52.14033889770508,52.30489289953793,51.92093356192793,52.01496100391984,1491500
2017-11-07,52.13249969482422,52.579147965705,51.89742511866672,52.25003997207639,2267700
2017-11-08,52.28139114379883,52.53997859121911,52.03064131009214,52.10116189847171,1714200
2017-11-09,52.09333038330078,52.39109394328088,51.646682054156834,51.91310113755782,1599600
2017-11-10,51.88959503173828,52.41460157081562,51.71720339721194,51.74071026040231,1587600
2017-11-13,52.555641174316406,52.67318145172154,51.756378048985844,51.93660129310644,1613700
2017-11-14,52.649681091308594,52.69669481673557,52.25788410382358,52.51646557201952,1869500
2017-11-15,51.39591979980469,52.563478987236586,51.33323683285048,52.445938709383775,2068200
2017-11-16,52.539981842041016,52.64968452742863,51.32540871023072,51.474293488263044,2509400
2017-11-17,51.95227813720703,52.375413583694055,51.86608232964748,52.124663773979094,1304300
2017-11-20,52.061988830566406,52.39109688560859,51.86609032470587,52.09333330890585,1402000
2017-11-21,52.81422805786133,52.916093108803146,52.24220190202672,52.265708761602006,1437200
2017-11-22,52.414608001708984,52.81424266002072,52.367594269559994,52.72804683218194,1269000
2017-11-24,52.54781723022461,52.76722261666714,52.51647274954019,52.5321479790566,451300
2017-11-27,52.39893341064453,52.69669698115813,52.28139311390175,52.688859367149185,1211500
2017-11-28,52.25789260864258,52.461622770881014,51.936616157011215,52.42244665276527,1812800
2017-11-29,51.81906509399414,52.297057875606576,51.403761262377806,52.2343749039578,1872600
2017-11-30,51.89742660522461,52.14817641398323,51.58398784968957,52.07764985427302,3133500
2017-12-01,51.86610794067383,52.53999950798454,51.0354939284362,52.030662024084585,1679600
2017-12-04,51.67018508911133,52.48512348475202,51.66234747596028,52.391090061981,2027800
2017-12-05,50.49480056762695,51.60750264135028,50.38509788308228,51.59966502721197,2242400
2017-12-06,50.71420669555664,50.722044309812226,50.189200129044586,50.43994998009124,1415100
2017-12-07,51.5761604309082,51.591829681525866,50.62801234231256,50.70637055209725,1808100
2017-12-08,51.84257507324219,52.03063593450564,51.64667659907488,51.717197180168554,1518800
2017-12-11,51.505645751953125,51.952294175214476,51.301909600431614,51.75639563907618,1282100
2017-12-12,51.850406646728516,52.022798260328216,51.25487959037116,51.63883892534969,1761300
2017-12-13,51.529151916503906,52.17169886713431,51.47430056626773,51.866097633197214,2233000
2017-12-14,51.64667892456055,51.92876723998378,51.32540254285356,51.63884131130379,2029900
2017-12-15,52.049007415771484,52.751092630609165,51.47313672457089,52.55387754737326,4537900
2017-12-18,51.9543342590332,52.59330910747203,51.80444889220402,52.041109364194746,2353000
2017-12-19,49.99795913696289,52.056881682522395,49.934848878008246,51.891221766660614,3145700
2017-12-20,49.737640380859375,50.61327878819166,49.69819796845133,50.17940322391369,2446100
2017-12-21,49.70608139038086,50.195176895932306,49.69030683405218,49.88752189005304,1823800
2017-12-22,50.352943420410156,50.43971550671946,49.71396563332299,49.87173826079344,1670900
2017-12-26,50.345062255859375,50.471279778852306,50.0768496433415,50.439724645788296,905300
2017-12-27,50.70792770385742,50.80259308521249,50.32138792907646,50.558042354676495,1227200
2017-12-28,51.086578369140625,51.118133493268424,50.52648845755247,50.68425805966691,1269700
2017-12-29,50.889373779296875,51.22858390998469,50.80259867480517,51.189138492115454,1541500
2018-01-02,50.49493408203125,51.14968335718517,50.408158994024475,50.95246834235606,1532200
2018-01-03,50.4002799987793,50.605385345335606,50.17940009565372,50.455499974560695,1650100
2018-01-04,49.390533447265625,50.455493423944034,49.390533447265625,50.329275922935764,2128500
2018-01-05,49.35109329223633,49.7139682480199,49.28798303422384,49.6350804255043,2825800
2018-01-08,49.926963806152344,49.950628649674506,49.16176843346454,49.25643081681612,2333300
2018-01-09,49.422088623046875,50.463383759696626,49.32742324025137,50.084731256302405,2306100
2018-01-10,48.46757125854492,49.22487936342663,48.451793692894995,49.22487936342663,2791700
2018-01-11,48.633235931396484,48.85411583986383,48.20725067141255,48.617458365182664,2161600
2018-01-12,48.79100799560547,48.95667094443783,48.41235541547746,48.680568035892705,2441900
2018-01-16,49.019771575927734,49.88751958784445,48.9093316311459,49.098659400245324,2432500
2018-01-17,49.58776092529297,49.690313610993535,48.95667326187283,49.24855074196777,2394200
2018-01-18,48.45969009399414,49.50887276334336,48.43602524716518,49.50887276334336,3680700
2018-01-19,48.73578643798828,48.73578643798828,48.191473935912555,48.530684092199245,3790300
2018-01-22,49.78495788574219,49.82440028611146,48.73577258219844,48.830437954199404,3172200
2018-01-23,51.25224304199219,51.26013332839193,49.80074029848159,50.005842605936735,3554300
2018-01-24,50.86571502685547,51.26802944837277,50.60538968220793,51.24436460222781,3171700
2018-01-25,50.660614013671875,51.08659933644606,50.297735955791914,51.08659933644606,1625200
2018-01-26,50.79471206665039,50.881487177427324,50.35295224344142,50.76315693377458,1611900
2018-01-29,50.00584411621094,50.6842643224763,49.96640171080862,50.6842643224763,1462600
2018-01-30,49.61930465698242,50.021622009555045,49.2406491366918,49.84018453609973,2621700
2018-01-31,51.3626823425293,51.41001202329247,49.65085433571505,49.74551971576643,3976900
2018-02-01,50.26616668701172,51.425792000483405,50.15572675415965,51.28379694131289,3474200
2018-02-02,50.352943420410156,50.64481781594725,49.619303260545756,49.90329037887748,2646800
2018-02-05,48.2861213684082,50.66059172689676,48.191459008079285,50.10049882256706,3496700
2018-02-06,47.915374755859375,48.286137041350656,46.67686134710184,47.44994707005006,4659500
2018-02-07,47.36317443847656,48.83834239750498,47.30795445669701,47.76549187847947,4137500
2018-02-08,46.014225006103516,48.159923081314915,45.9905571496407,47.386840310411706,4594200
2018-02-09,47.58405303955078,48.02581589073971,45.97477730585885,46.306100196566355,3365000
2018-02-12,47.449947357177734,47.95481745820972,46.1009939824829,47.82859993295172,3650500
2018-02-13,48.24668502807617,48.45967762251143,47.20538990590106,47.37104980959652,2438900
2018-02-14,47.75760269165039,47.95481776420336,47.24484229930739,47.95481776420336,2679500
2018-02-15,48.443912506103516,48.467577352922575,47.599832197905855,47.93115209042606,3054200
2018-02-16,48.893550872802734,49.287980940840114,48.451788113266325,48.48334324093234,2867800
2018-02-20,48.30190658569336,49.30375933652303,48.23879933855919,48.68844938296727,3633300
2018-02-21,47.2606201171875,48.522795384523654,47.22117770432009,48.23880820632043,2689900
2018-02-22,47.28427505493164,47.789148065336335,47.12650543652166,47.465712523513176,3353200
2018-02-23,48.32558059692383,48.50702111386146,47.45783547165263,47.5998305662262,3275300
2018-02-26,48.36503601074219,48.562251126251105,48.04160334167812,48.53858326609062,2467700
2018-02-27,47.61561584472656,48.52280353001875,47.19752078147293,48.51491624982651,2471300
2018-02-28,47.8680419921875,48.45968720170604,47.78915716795696,47.90748440430277,4644000
2018-03-01,47.89960479736328,48.41236225551326,47.5130618744919,47.7339418251249,2161200
2018-03-02,47.505165100097656,47.828597681424654,46.73996969653203,47.76548741713498,2436600
2018-03-05,48.19146728515625,48.48334470170446,47.126507273073784,47.150172114905004,1704700
2018-03-06,48.593788146972656,48.672675974203585,47.868038192025615,48.136250786084936,1920200
2018-03-07,48.84622573852539,48.862003304799416,48.19936056760564,48.5937906966671,2284800
2018-03-08,49.2091064453125,49.264326425671,48.69634604568276,48.99611380281691,1433900
2018-03-09,50.24250030517578,50.2503905916171,48.909327776536955,49.366868093731235,2445500
2018-03-12,50.13996124267578,50.38450600726646,49.816528643327466,50.124183675724254,3159400
2018-03-13,49.990055084228516,50.50281225535486,49.73762013644836,50.376597790726734,1917400
2018-03-14,50.25238800048828,50.39546685213717,49.95827978752612,50.11725662627278,1719800
2018-03-15,50.42726516723633,50.594192533433834,50.141110465679134,50.3557257337892,1842700
2018-03-16,50.73725891113281,50.856489249374754,50.10135164492019,50.46699923266162,2825400
2018-03-19,50.34776306152344,50.73725608880103,50.02980944610375,50.73725608880103,1436900
2018-03-20,50.538536071777344,50.82469068830667,50.180839010827675,50.46699665958741,1578000
2018-03-21,49.78339767456055,50.665716066093665,49.45749658718826,50.45109783310747,1652600
2018-03-22,49.05211639404297,50.17289872522022,48.956731502432206,49.57673784624868,1989200
2018-03-23,47.78030014038086,49.1077500311791,47.62132332480075,49.09185204639804,2407400
2018-03-26,48.67057418823242,48.813653042918986,47.963130424632745,48.40826497612775,1819900
2018-03-27,49.314414978027344,50.13314138807797,48.80569165402577,49.1554381812193,2950300
2018-03-28,49.70391845703125,50.03777012429969,49.52904666201541,49.58468810118832,2137900
2018-03-29,50.06956100463867,50.363666157806,49.791350804848435,49.966225614303404,2455500
2018-04-02,48.80571746826172,50.22060534052991,48.34468481689284,50.21265482875773,2424200
2018-04-03,49.06801223754883,49.28263050846955,48.45595339801142,48.81365051621262,2205600
2018-04-04,49.4018669128418,49.473406340856634,48.46390687097224,48.68647263269346,2592900
2018-04-05,49.091854095458984,49.568784562106075,48.70236406487274,49.50519262032753,1865700
2018-04-06,48.67852020263672,49.70391452355457,48.49569488013019,49.19519110152973,1921500
2018-04-09,48.74209976196289,49.48133929032447,48.72620177904617,48.86133311772322,2350300
2018-04-10,48.96467971801758,49.35417283233149,48.84544935976472,49.02827166820396,2048900
2018-04-11,48.98057174682617,49.441604232897255,48.74210802709972,48.78185147501568,1716000
2018-04-12,48.996463775634766,49.974167030209266,48.861335462702755,49.910578127720775,1842100
2018-04-13,49.48930740356445,49.52905389354633,48.85340298286335,49.163406198440676,1899900
2018-04-16,49.759559631347656,49.97417790939979,49.14750380370351,49.52109588870005,2392400
2018-04-17,51.90574264526367,52.263436744727954,50.35572073050707,50.41931267935558,3776200
2018-04-18,52.191898345947266,52.58138840487562,51.88188912333367,52.16010237274429,2820000
2018-04-19,51.85009765625,52.29522913878979,51.57188441520101,52.19189677733208,2104500
2018-04-20,51.65932846069336,52.024973091828805,51.48445362309328,51.84215380849228,2391300
2018-04-23,51.57188034057617,51.95342591293746,51.27777823333254,51.73086018925218,1533000
2018-04-24,51.84214782714844,52.36676621495787,51.460602219636556,51.80240134520243,2272700
2018-04-25,51.38111114501953,51.699064781365834,51.039312047227966,51.61957788839456,1943400
2018-04-26,52.358821868896484,52.73241090336979,51.57983569830203,51.842147924932355,1349500
2018-04-27,52.92319107055664,53.25703971479037,52.239592762194896,52.27138873752128,1687500
2018-04-30,51.595726013183594,52.29521907462386,50.79289454571139,50.95981881953939,9085700
2018-05-01,51.7229118347168,52.024964463088565,51.595734014940774,51.77855326795532,4037700
2018-05-02,51.46855545043945,51.92958798175984,51.198298765193584,51.57983832841858,3940200
2018-05-03,51.50830078125,51.714965513177276,51.18239659984933,51.309580494384775,2319100
2018-05-04,51.86599349975586,52.11240470832235,51.34136904536843,51.38111552747477,2514700
2018-05-07,52.05678176879883,52.183965705160574,51.834215944629655,52.08062724075069,3248200
2018-05-08,51.818302154541016,52.263433641122845,51.73880919096997,52.04086789783193,2979200
2018-05-09,51.84214782714844,51.99317718118922,51.58778611029441,51.81830236376551,2875800
2018-05-10,52.13624954223633,52.19984148705388,51.905739355080556,51.99317676308929,2893600
2018-05-11,51.9295768737793,52.247530484763026,51.858034430689116,52.22367896075915,2249800
2018-05-14,51.834197998046875,52.120355691320384,51.45265844999004,52.06471425454286,2897900
2018-05-15,51.04726028442383,51.492391716825004,50.792898599557304,51.48444120854329,3709300
2018-05-16,50.39546585083008,51.22214297010265,50.300077930138755,51.22214297010265,2876300
2018-05-17,50.300086975097656,50.641886171793224,50.149060621858574,50.498807297258736,2823900
2018-05-18,50.268287658691406,50.474955433370766,49.88674202012304,50.31597858933913,2386500
2018-05-21,50.72929382324219,50.87237261379687,49.87082411214381,50.46698472871174,2878400
2018-05-22,50.68955993652344,50.84058622956543,50.466994234728865,50.68160942875634,2633600
2018-05-23,51.48444366455078,51.54008509625524,50.61802621880117,50.697513112027366,2421100
2018-05-24,51.25394058227539,51.62752963855434,50.91214143611467,51.47650633987547,2143200
2018-05-25,51.198299407958984,51.492401561540944,51.079066018781006,51.301631777533444,1643800
2018-05-29,51.118804931640625,51.42086365058031,50.7690583164517,50.90418968901782,3202800
2018-05-30,51.50830078125,51.86599487182264,51.02342279614191,51.22214308300713,3035100
2018-05-31,51.150604248046875,51.50035391832226,50.9677849672846,51.37317001478128,4961500
2018-06-01,51.75469970703125,51.842137097646635,50.864433882295934,51.38110468612196,2951400
2018-06-04,52.660865783691406,52.70061225912375,51.44469883477421,51.96137269309124,2716500
2018-06-05,52.49394226074219,52.748303939583536,52.26342604172022,52.660866543938624,2608700
2018-06-06,52.41446304321289,52.859594530207964,52.12035484532734,52.42240748800804,2693900
2018-06-07,52.430355072021484,52.70061779151951,52.04881555144483,52.48599650479147,2477600
2018-06-08,52.42240905761719,52.60523438922805,52.03291899483456,52.46215554062968,1752800
2018-06-11,52.0488166809082,52.549589586704876,51.92163279498186,52.42240570077853,2187000
2018-06-12,52.07265853881836,52.47009905813426,51.778550371318616,51.94547466169597,2388300
2018-06-13,51.43206787109375,52.57713822618577,51.175825595513665,52.19277634012187,2409100
2018-06-14,51.584205627441406,51.88849390082856,51.448079878412884,51.6082270997141,1938300
2018-06-15,51.207855224609375,51.67228765772678,51.13578775425863,51.67228765772678,4504400
2018-06-18,51.38401794433594,51.50413141351739,50.79146590139221,51.167818587189174,2725000
2018-06-19,50.85551834106445,51.496116309075674,50.76743860233521,51.24788631469061,2617300
2018-06-20,51.33598709106445,51.60023556365479,50.88756682906863,50.935612838979544,2329900
2018-06-21,51.207855224609375,51.648266185813995,50.919585343206386,51.34398402621075,2698800
2018-06-22,51.496124267578125,51.85646468945181,51.0156764809716,51.34398623584151,7940400
2018-06-25,51.36000442504883,51.76838783981089,50.951624064899654,51.58421301065129,3159500
2018-06-26,51.26390075683594,51.62424113824377,51.191836346089,51.56818900458803,3397400
2018-06-27,51.576202392578125,51.89649683424744,51.19984664885688,51.368006118113165,3420900
2018-06-28,52.16875457763672,52.23281590982864,51.57620252792366,51.57620252792366,3045800
2018-06-29,52.60115051269531,53.03355526804577,51.704310341313935,52.14472428914047,4552600
2018-07-02,51.664283752441406,52.67322844062885,51.063725510861076,52.52108429064114,3457100
2018-07-03,52.08869171142578,52.689253078847784,51.79241257084284,51.864477002504934,1744400
2018-07-05,52.83338165283203,52.86540621243042,52.18477130029464,52.50507187930719,2207000
2018-07-06,53.0095329284668,53.12964639058092,52.449011584233475,52.94547771000046,2129600
2018-07-09,52.689247131347656,53.19371642371683,52.44101097322672,53.04157227285807,2263100
2018-07-10,52.71327590942383,52.897444645661594,52.40898756554634,52.61718388884783,2775100
2018-07-11,52.36894607543945,52.82537241465681,52.296875543339134,52.64920679088425,2372600
2018-07-12,52.58514404296875,52.65721457313616,52.256840387745704,52.384956950273526,2168100
2018-07-13,52.473026275634766,52.90543101784705,52.28084842661497,52.71325316882726,1942100
2018-07-16,52.08067321777344,52.50506886417309,51.640259183269045,52.368943111408115,3073500
2018-07-17,50.78345489501953,53.05758320688259,50.447142080695464,53.001531071161914,6336600
2018-07-18,50.423126220703125,50.99966297436093,49.886623220315315,50.3670740787449,4784200
2018-07-19,50.84751892089844,51.08774280881483,50.086807396986124,50.22293620139331,3099100
2018-07-20,49.998714447021484,50.671343029475224,49.93465618206067,50.55923877483491,3159600
2018-07-23,50.10281753540039,50.22293099421129,49.78251701497941,50.03875926408348,2402800
2018-07-24,49.93465805053711,50.030746978879755,49.55029928255456,50.030746978879755,3221800
2018-07-25,51.05569839477539,51.07972291532668,50.038750978249546,50.110818430680126,3879800
2018-07-26,52.16073226928711,52.216784393555905,50.495177761021196,51.127766456999275,4999200
2018-07-27,52.04864501953125,52.53710202306796,52.000602071388414,52.35292720647816,4940300
2018-07-30,52.04864501953125,52.280862784263896,51.89650087144513,52.160749304681445,3523200
2018-07-31,52.545101165771484,52.8894231497865,52.09667800172744,52.240812927808705,3501200
2018-08-01,52.93746566772461,52.96949632984617,52.0246131795446,52.24081251233497,2862000
2018-08-02,52.729270935058594,53.121635866190026,52.561114536002265,52.86539667107215,2718700
2018-08-03,53.49800491333008,53.49800491333008,52.63320118307831,52.785339242619415,2101800
2018-08-06,53.233734130859375,53.762224677773574,53.233734130859375,53.49797634970501,3236700
2018-08-07,52.57714080810547,53.15367450167592,52.441008942449386,53.15367450167592,3565500
2018-08-08,52.60915756225586,52.74528940771704,52.21679263048078,52.649197418431086,1721100
2018-08-09,52.34492111206055,52.78532903291084,52.31289044539825,52.537099002809306,1652500
2018-08-10,51.704315185546875,52.36893771118199,51.66427532863896,52.256833442909134,2430300
2018-08-13,51.59220886230469,51.896490991321954,51.40803408077833,51.688300849521596,2565600
2018-08-14,51.287933349609375,51.768381129224984,51.247893489131,51.616236990477134,2439200
2018-08-15,51.65626907348633,51.71232120418175,51.17581831159585,51.26389804939434,2898400
2018-08-16,52.56913375854492,52.61717670766287,51.52014919874111,51.680302544510056,3046800
2018-08-17,53.99447250366211,54.042515459514334,52.55312273583206,52.63320247455421,6319500
2018-08-20,54.25069046020508,54.61102470591908,53.77825195541454,54.15459847704351,5981600
2018-08-21,52.64920425415039,54.12257829248487,52.11270432340197,54.1145752075902,27503600
2018-08-22,52.1767692565918,52.408980919055395,51.80041652693098,52.08868644287435,5330800
2018-08-23,51.67228317260742,52.32889648787069,51.544166630451414,52.288862741232556,5477600
2018-08-24,52.921451568603516,52.937469955573825,51.65627391305727,51.65627391305727,4020600
2018-08-27,52.81734848022461,53.06557845759766,52.29686094866693,53.06557845759766,2938100
2018-08-28,53.922393798828125,53.9384121878385,52.70525893073183,52.913455223288906,3429900
2018-08-29,53.81828689575195,54.402835781832664,53.730204103202475,54.03449233536397,2320800
2018-08-30,53.554046630859375,53.96242999370601,53.43393926757359,53.89036557573454,2106700
2018-08-31,53.79426956176758,54.042499573002,53.538030357170086,53.54603955053316,3306800
2018-09-04,53.03356170654297,53.898365213010806,52.873408383697374,53.7382179993898,1926700
2018-09-05,53.84230422973633,54.002457526264884,52.60114825506384,52.60114825506384,4423600
2018-09-06,53.79426956176758,54.11457009482057,53.70618676244739,53.978444353771025,2521200
2018-09-07,52.849388122558594,53.49799229456536,52.76931451391482,53.49799229456536,2534700
2018-09-10,53.28178787231445,53.46595654375515,53.01753949062217,53.1776928019012,2592400
2018-09-11,53.16168212890625,53.33784774225937,52.88142143003766,52.96950423671423,2324600
2018-09-12,53.193721771240234,53.5460530573957,52.96951317431442,53.305826069703144,2452000
2018-09-13,54.1225700378418,54.17862827890531,53.43393217919752,53.6341192370843,2313600
2018-09-14,54.219356536865234,54.227416862649704,53.509654080923404,54.11451077246268,3185800
2018-09-17,54.453243255615234,54.55002256657281,53.969359006671496,54.25162430581184,2714400
2018-09-18,53.81611251831055,54.485482503310664,53.61449364444937,54.36451610132975,3184800
2018-09-19,53.18706512451172,53.90482794010604,52.953192607317796,53.81612128184809,1883900
2018-09-20,54.32419967651367,54.34839296127924,53.154812458091655,53.38868497943938,2368000
2018-09-21,54.42903518676758,54.72743336650326,53.977410830774446,54.39677542520801,4507800
2018-09-24,53.485450744628906,54.469351762399825,53.090279503250514,54.437092006564136,3019200
2018-09-25,53.53384780883789,53.95321856409107,53.30803562658795,53.670953336278636,2821100
2018-09-26,53.21932601928711,53.71934313356737,53.13867968547955,53.43707788878048,2317700
2018-09-27,53.59836196899414,53.76772108873196,53.235450448544505,53.356423006334346,2526100
2018-09-28,54.670982360839844,54.68710916576085,53.59836832243494,53.59836832243494,3617200
2018-10-01,54.22740936279297,54.83226597067827,54.14676304565885,54.59032701927591,2261100
2018-10-02,53.56611251831055,54.1548424646256,53.56611251831055,54.0822564548153,2625900
2018-10-03,53.25157928466797,54.08224811206217,53.090286636736714,53.727403056029374,2607600
2018-10-04,52.84833526611328,53.2354461894863,52.3805780283057,53.130600443093925,2384600
2018-10-05,52.61447525024414,53.22739853191453,52.5177020998741,52.799967376656,1929400
2018-10-08,53.38867950439453,53.638691111481855,52.63865698897299,52.703176510345216,2513800
2018-10-09,54.082237243652344,54.17095002806278,53.130596045092226,53.469320382349736,3117200
2018-10-10,52.87253952026367,54.23548528292533,52.848346236203284,53.94515356835929,3068500
2018-10-11,50.678932189941406,52.937063493606516,50.45311998251307,52.937063493606516,4632500
2018-10-12,50.436988830566406,51.324110831537006,49.97729794760485,51.09829862979042,3532100
2018-10-15,50.864410400390625,51.412813995795915,50.33213668443373,50.39665620222726,3366700
2018-10-16,51.50153350830078,51.7837987442939,49.93696883890938,50.64666824485537,2847200
2018-10-17,50.69506072998047,51.46927662905019,50.37246923380449,51.25152783060049,3681400
2018-10-18,50.864410400390625,51.39668411634753,50.517625683400226,50.65472812048152,2743300
2018-10-19,51.28378677368164,51.57411850029531,50.86441906595749,50.86441906595749,2393800
2018-10-22,51.01764678955078,51.5821803435124,50.88054740971773,51.32410838909458,2525100
2018-10-23,51.64670181274414,51.75960791249071,50.54989442698805,50.75151334123849,4310800
2018-10-24,52.638648986816406,53.07414646049404,51.50958522258431,51.58216813486392,4449400
2018-10-25,53.13867950439453,53.412884421910846,51.96929228586776,52.57414901674454,3851200
2018-10-26,51.96123123168945,53.082231997719674,51.549926888932866,52.95319908117969,3131100
2018-10-29,52.66284942626953,53.03382739548348,52.267672025066496,52.42090432973377,2370700
2018-10-30,52.920921325683594,53.29995961931599,52.50155064540184,52.84833533555355,2414400
2018-10-31,51.99347686767578,53.679007722183464,51.93702382836021,52.888665171765446,3803500
2018-11-01,52.227352142333984,52.43703133034618,51.74346810034668,52.1063795936073,2981000
2018-11-02,51.89670944213867,52.39672658519479,51.25152950516695,52.39672658519479,2396200
2018-11-05,52.47736358642578,52.84834159961939,51.88863372995149,51.9208934901753,2243100
2018-11-06,53.154808044433594,53.19512813138799,52.29187327330897,52.60640440790711,2056900
2018-11-07,54.09837341308594,54.114500214428894,53.0983394480837,53.48545036242638,1753500
2018-11-08,54.13064193725586,54.14676874121118,53.582238308971306,53.89676328592213,1542500
2018-11-09,54.49355697631836,54.53388321817511,53.6709545575581,54.13870573732498,2671400
2018-11-12,54.646785736083984,54.94517775578453,54.41290708504396,54.41290708504396,2462100
2018-11-13,54.47743225097656,54.75163101672384,53.81612246855687,54.70324444698512,2472500
2018-11-14,54.48548889160156,54.824213315621954,54.09838405403605,54.70324074653756,1554600
2018-11-15,53.80805206298828,54.17903009406409,53.39674779145885,54.17903009406409,2231300
2018-11-16,54.28386306762695,54.46935513694413,53.606426611866134,53.783852203494824,2358000
2018-11-19,54.5984001159668,54.872605041870166,53.77579764409876,54.35646110796845,2916000
2018-11-20,53.79191207885742,54.84033266449352,53.79191207885742,54.55000099933029,2359600
2018-11-21,53.969356536865234,54.47744020498841,53.59837842455475,53.751610788328,1882200
2018-11-23,54.0015983581543,54.348383066808374,53.36448197932844,53.84030572046763,660300
2018-11-26,53.51771545410156,54.50967688795857,53.501582498230796,54.299997684997486,1884900
2018-11-27,53.759666442871094,53.94515238521306,53.12254998059802,53.54191458526205,2098300
2018-11-28,54.316131591796875,54.36452431281846,53.51772245352844,53.679015115811936,1723800
2018-11-29,54.17903137207031,54.42903684060291,53.79192037451349,54.34839051071374,1589200
2018-11-30,54.308067321777344,54.751631390479844,53.80805635660825,54.332266759732775,3558700
2018-12-03,55.36455154418945,55.372618023061634,54.26774422855445,54.388716799954885,3210100
2018-12-04,53.920955657958984,55.60648660070399,53.82417637710027,55.38874090992205,2787700
2018-12-06,55.227447509765625,55.48551943562303,52.13057824655669,53.453197635690906,4211200
2018-12-07,53.90482711791992,55.20325334945382,53.79192102412747,54.88066802600145,2702100
2018-12-10,53.17900466918945,53.85644124063151,52.291876559557146,53.85644124063151,2850600
2018-12-11,53.60643005371094,54.27580622768078,53.38061788729221,53.56610381559899,3210700
2018-12-12,52.13058853149414,54.14677777282025,52.114461724848894,54.01774486089444,2522300
2018-12-13,52.517696380615234,53.14674640120225,52.15477864748519,52.18703841173592,2786100
2018-12-14,52.26768112182617,52.65479211307299,51.7918634761916,52.26768112182617,2179800
2018-12-17,49.98457336425781,52.46267657445608,49.805823899455525,52.42204944197189,3696400
2018-12-18,50.886436462402344,51.41455504242246,50.423315709415036,50.927060491724696,2957300
2018-12-19,49.76520538330078,50.992068674721835,49.57020566377038,50.89457036466433,2921900
2018-12-20,49.050209045410156,49.92770310736018,48.44896586910985,49.765203862619586,3198300
2018-12-21,47.83147430419922,49.58645951012911,47.76647645923214,48.75771606574338,7768300
2018-12-24,45.450862884521484,47.79897054632305,45.450862884521484,47.6689686749236,2049500
2018-12-26,47.10022735595703,47.10022735595703,44.85774459966971,45.7677391294692,2593300
2018-12-27,47.12459945678711,47.12459945678711,45.434612333376144,46.70210267593437,3251700
2018-12-28,47.52272033691406,47.945213999684405,47.00272217616778,47.55521770368598,3606700
2018-12-31,47.7095947265625,47.742092094259554,46.77522644328551,47.62021999171156,2311400
2019-01-02,46.33648681640625,47.246481444008744,46.019614960126084,47.15710669492139,2476100
2019-01-03,45.96273422241211,47.00272439415003,45.82461188372231,46.2552322330672,3606700
2019-01-04,47.12459945678711,47.3845969989403,46.060232387749515,46.27148232788348,4063500
2019-01-07,47.888343811035156,48.31084060919419,47.14897518911067,47.173352090534,2952800
2019-01-08,49.480831146240234,49.58645301790992,48.107715820382296,48.107715820382296,3482700
2019-01-09,49.81395721435547,49.85458125284668,49.01771428214906,49.42396086589205,2609000
2019-01-10,50.68333053588867,50.764578622297485,49.407716362892245,49.66771395869942,2524000
2019-01-11,50.667076110839844,50.74020062233,50.122704058765216,50.43957900816628,2154500
2019-01-14,50.65894317626953,50.83769264878051,50.14707475857657,50.277073529653144,2867400
2019-01-15,51.35769271850586,51.577066247133054,50.73207260340211,50.77269974158216,2148900
2019-01-16,51.62581253051758,51.788311771069985,50.91894129902687,51.26831358141923,2070900
2019-01-17,52.040184020996094,52.06455782147434,51.43081111430388,51.43081111430388,2432400
2019-01-18,52.56829833984375,52.76330113679817,51.991432112302995,52.2758003432422,2389900
2019-01-22,52.633304595947266,54.193289936392446,51.41456488644371,52.81205407848737,3443400
2019-01-23,52.86892318725586,52.96642458607344,52.3733019245525,52.71454752216888,2507600
2019-01-24,52.59267807006836,52.942050330957,52.267679608967065,52.77954800099132,1846200
2019-01-25,53.6326789855957,53.6732999271437,52.75518482358568,52.844559573355106,2598000
2019-01-28,54.20142364501953,54.33142553969447,53.12080614115232,53.43767801088308,2246400
2019-01-29,54.87577819824219,54.973279590237304,54.03891139648055,54.217660849056756,2977600
2019-01-30,55.566410064697266,55.696411953569466,54.58329402571844,54.85953874132499,3085000
2019-01-31,56.19202423095703,56.427641768526904,54.91640414805044,55.43640542071879,4867600
2019-02-01,56.39514923095703,56.435770166791684,55.38765332050272,56.419523032223914,3646100
2019-02-04,56.59016799926758,56.59016799926758,55.84267553984115,56.216421769554366,3715700
2019-02-05,56.82579040527344,56.86641135599215,55.98892319470897,56.47641799516244,2558800
2019-02-06,56.452030181884766,56.8176496418238,56.11077832726635,56.712027757555695,2297600
2019-02-07,57.2238883972168,57.386384535175125,56.200145371354445,56.28139344033361,3189100
2019-02-08,57.54888153076172,57.597629127858816,56.80138944740082,56.90701130738777,2506300
2019-02-11,57.719512939453125,57.9226362227991,57.386387779326995,57.56513726048436,2340400
2019-02-12,57.362003326416016,57.8819983393249,57.06950535680107,57.80075028083842,3207400
2019-02-13,57.54076385498047,57.69513953501349,57.11014348313122,57.215765359620235,2343700
2019-02-14,57.565128326416016,57.85762630494519,56.980132369357655,57.467633132792756,2432800
2019-02-15,57.84138488769531,57.84950535541317,57.37826407573393,57.752010152156245,2210100
2019-02-19,57.99576950073242,58.10139759694536,57.58952285088434,57.7601456999607,1687500
2019-02-20,57.134498596191406,57.98761859259364,56.98012296665628,57.9144910106138,2680200
2019-02-21,57.71139144897461,57.79263952983457,56.78514968974247,56.91515157818337,2049700
2019-02-22,58.19075393676758,58.39387719739725,57.59763128824374,57.82512834833618,1582500
2019-02-25,57.89827346801758,58.43451581497791,57.784524903546234,58.369514864185184,1976300
2019-02-26,57.719512939453125,58.05263190074858,57.52451632311357,57.98763716118918,1457200
2019-02-27,57.004520416259766,57.42701411222395,56.508899115922006,57.370139841635876,2303100
2019-02-28,56.92326736450195,57.613891492077926,56.51702079478937,56.882646426829126,4170500
2019-03-01,56.77702331542969,57.21577039293833,56.18390674313872,56.9232723412659,3763700
2019-03-04,57.1507568359375,57.272632030376585,56.54951372855587,57.09388257170991,2489200
2019-03-05,57.1507568359375,57.516382419254754,57.00451404120646,57.1507568359375,1981200
2019-03-06,57.01264190673828,57.34576706817855,56.858272425991224,57.18326472156231,2303900
2019-03-07,56.484527587890625,57.3376479735099,56.33015808675656,57.08577705152944,2895400
2019-03-08,56.82579040527344,56.882664695345795,56.02954414542768,56.1432927255724,2924900
2019-03-11,57.67888641357422,57.80076162463755,56.83389280205406,57.06139608882662,2102100
2019-03-12,58.19075393676758,58.28824913461864,57.670758885462014,57.79262788277584,2646700
2019-03-13,58.808250427246094,59.165749387521295,58.49950526990065,58.556379540959824,2712900
2019-03-14,58.75096893310547,58.95559058931972,58.300805036168555,58.88192979047013,2226500
2019-03-15,58.63636779785156,58.80824920013044,58.42355957593469,58.57907399709193,3686400
2019-03-18,57.98977279663086,58.824632603059904,57.678750145062274,58.74277894962241,1739100
2019-03-19,57.64599609375,58.13708667369564,57.41682090607907,58.006132099836044,1864000
2019-03-20,58.04706573486328,58.52997605574691,57.48231425088627,57.6951162618657,2510700
2019-03-21,58.980133056640625,59.029246491161075,57.82607038058744,57.875177570551685,2138500
2019-03-22,58.16984176635742,59.30753762816099,58.14528816775919,58.98832835726976,2176400
2019-03-25,58.07160949707031,58.44811874869457,57.78514049653522,58.26805073562797,1549600
2019-03-26,59.06197738647461,59.08653097758514,58.382632224492234,58.407185815602766,1936000
2019-03-27,58.59543991088867,59.233864565010286,58.18619670018693,59.05379655317259,2038300
2019-03-28,59.02924728393555,59.07016786126992,58.31716179710952,58.660924620588446,1900200
2019-03-29,58.89010238647461,59.30753225852226,58.68548075727274,59.24205183848409,2679700
2019-04-01,59.10289764404297,59.23385845534639,58.325338121733196,58.93920287446886,2226500
2019-04-02,59.86408996582031,59.96231057393463,58.89008923015758,59.29115202987468,2366100
2019-04-03,59.87228775024414,60.10146296738817,59.11109506784071,59.87228775024414,2467300
2019-04-04,59.626747131347656,59.87229560740082,59.18476362118625,59.87229560740082,1157400
2019-04-05,59.79861068725586,59.84772411451609,59.31570673850972,59.495774734501595,1182600
2019-04-08,59.65946578979492,59.9050141771327,59.30751643170673,59.831347163109406,1661100
2019-04-09,59.2420654296875,59.69223561503143,59.1274777906105,59.57764797595443,1654800
2019-04-10,60.20785903930664,60.224232264653104,59.27478502034441,59.544887037558695,2116400
2019-04-11,60.20785903930664,60.510701262658024,59.75769525517199,60.36337345731895,2075300
2019-04-12,60.91995620727539,60.928142821525576,59.74952015178016,60.166950054741164,2291200
2019-04-15,60.347007751464844,61.05090034233829,60.150566510492034,60.993606541526866,2403600
2019-04-16,59.56125259399414,60.51888642807509,59.094715595669854,60.34700503338252,3371200
2019-04-17,59.14384460449219,59.8968507923129,58.70186108262595,59.8968507923129,2842900
2019-04-18,60.2160530090332,60.31427363944489,59.12746443905752,59.19294485933197,2287300
2019-04-22,59.692222595214844,60.19149987567494,58.93102987619835,60.06872564785487,2587300
2019-04-23,60.7317008972168,60.919955555615104,59.93777417103832,59.94595454064398,2448800
2019-04-24,61.64022445678711,61.67296467045747,60.6662296394623,60.846291447813385,2197900
2019-04-25,61.76299285888672,61.926693911764986,60.985433152524095,61.222794995780085,1981300
2019-04-26,62.28681945800781,62.31137305311282,61.689327828598586,61.869389607554034,2286300
2019-04-29,61.697505950927734,62.49143880138329,61.607471942449926,62.123122399105725,2180100
2019-04-30,62.75334930419922,62.8761235102048,61.40284552724882,61.84482892213561,2396700
2019-05-01,63.5145378112793,64.30028393690411,62.720605073898106,62.75334527636853,3585900
2019-05-02,62.47507095336914,63.83375518549735,62.385036946140396,63.440885194459085,2561300
2019-05-03,62.8352165222168,62.99891759673512,62.40960621758414,62.72881550719801,1767000
2019-05-06,62.40139389038086,62.60601546579684,62.082184732296334,62.360473322030614,1292200
2019-05-07,60.82992172241211,62.22953300983132,60.26516399002021,61.91851036081271,3169200
2019-05-08,60.8871955871582,61.62383450884846,60.73168119131389,60.838088407230494,1801400
2019-05-09,61.09184646606445,61.157326900412826,60.183325734293916,60.79719075605466,1775300
2019-05-10,61.8448371887207,62.09038563355348,60.821729076178045,61.059090907634705,1960000
2019-05-13,61.43559646606445,61.574743920946055,60.993612993952745,61.14912743170222,1981600
2019-05-14,61.63203811645508,61.86121334538999,61.3455628357298,61.41922987049124,1692900
2019-05-15,62.21315383911133,62.67150423094369,61.39466742823597,61.787537408504924,1342200
2019-05-16,62.917057037353516,63.072565219960865,62.229525157128194,62.45052000041912,1705100
2019-05-17,62.70424270629883,62.91705091572924,62.19677889752034,62.31955310467464,2310800
2019-05-20,61.86939239501953,62.7042521335409,61.62385018835059,62.7042521335409,1370100
2019-05-21,62.88433074951172,63.129872997509,62.221352317436676,62.221352317436676,1891200
2019-05-22,62.655128479003906,63.031631425951815,62.40139348085595,62.90885723259698,1111700
2019-05-23,62.55693054199219,63.293569724476676,62.1149470325015,62.4014160910907,1635700
2019-05-24,61.72207260131836,63.129864196081186,61.681145776745964,62.786101350077125,3072900
2019-05-28,60.87083053588867,62.074000194094715,60.87083053588867,62.008526033636485,3494200
2019-05-29,59.87228775024414,60.94450304954929,59.57763211547144,60.731694814534265,2309700
2019-05-30,60.011417388916016,60.453400755896254,59.72494842269414,60.101451384665054,2030900
2019-05-31,60.29789733886719,60.879021988932244,59.34026965824827,59.585818099484214,2831300
2019-06-03,61.468326568603516,61.59928738823789,60.29789078248246,60.90357520645809,3404600
2019-06-04,61.38648223876953,61.795725453694665,60.666216428541425,61.795725453694665,2470900
2019-06-05,63.40813064575195,63.48179141070213,61.591090175660234,61.689310773481644,1939000
2019-06-06,63.95653533935547,64.12841675696765,63.285376651488455,63.5800322944112,1538600
2019-06-07,63.99745559692383,64.5703935968514,63.93197518420186,64.24299777779743,1556100
2019-06-10,64.17753601074219,64.34941744393333,63.67825869523391,64.12842256943253,1096100
2019-06-11,64.52130889892578,64.56222948772327,63.735562406052495,64.46401507896287,1666300
2019-06-12,64.9415512084961,65.20523953753937,64.57074165687531,64.62842328239023,1930700
2019-06-13,65.86445617675781,65.92213779585619,64.98274783521123,65.01570965852815,3254000
2019-06-14,65.88919830322266,66.42481711170697,65.79855483008714,65.94687994187007,1910100
2019-06-17,66.68024444580078,66.7461680959682,66.14462579013474,66.24351126538588,1596000
2019-06-18,66.31768035888672,67.6031601692271,66.02103020468114,67.10050331275797,2069100
2019-06-19,67.18290710449219,67.47955726915465,65.95510887603275,66.12815375761488,1584700
2019-06-20,67.96570587158203,68.24587185312896,67.55369263743206,67.74321520452015,2844400
2019-06-21,67.01809692382812,67.6773145501345,67.01809692382812,67.6773145501345,5017900
2019-06-24,66.41655731201172,67.36418936782324,66.14462696535855,67.30650774460823,2220500
2019-06-25,65.74085998535156,67.27355040361115,65.64198078857729,66.66377230514173,2059400
2019-06-26,64.38945007324219,66.07046540630753,64.06808014203523,65.83149689315938,2786800
2019-06-27,65.39476776123047,65.50188898264534,64.8344292822419,64.8344292822419,1621400
2019-06-28,66.0045394897461,66.25175002225554,65.44420106463969,65.47716288809595,3272200
2019-07-01,65.8562240600586,66.72969679234535,64.9662735570461,66.67201516456635,1812500
2019-07-02,67.23234558105469,67.3065112643956,65.93038797656897,66.1611144814949,2428500
2019-07-03,68.0645980834961,68.0645980834961,67.33945691551847,67.43010034736871,1193300
2019-07-05,67.92452239990234,68.38597534872883,66.4659978798901,67.73499348916295,1565600
2019-07-08,67.82562255859375,67.85858437464319,67.35592768183058,67.7349791361637,1847400
2019-07-09,68.08108520507812,68.24588802305666,67.47954297448985,67.81739692421773,1929000
2019-07-10,68.41068267822266,69.20998945237623,67.99866939561349,68.76501435273948,2343600
2019-07-11,66.76265716552734,68.49311869778572,66.37536980059734,68.39423320579695,2610200
2019-07-12,65.94686126708984,66.91921310524432,65.55956768006195,66.7132064131508,3177700
2019-07-15,65.8726806640625,66.76262450935002,65.83971884952248,66.30941370477709,2949100
2019-07-16,67.12523651123047,67.80093837807108,65.23821398737424,66.12816462765024,3720200
2019-07-17,67.24880981445312,67.66082310517427,66.49070686836393,67.39713485058569,2011400
2019-07-18,67.92452239990234,68.25413434341766,67.1252154800958,67.3641839819738,1885000
2019-07-19,66.53192901611328,68.29534604922797,66.46601164322043,68.11406541523986,2043900
2019-07-22,66.89449310302734,67.06753796943643,66.21879140650486,66.67200864245147,1644800
2019-07-23,68.05635833740234,68.10580421168385,66.82856038323122,67.14993027535101,2141300
2019-07-24,67.784423828125,68.09755164492896,67.40537238036542,67.95746864426589,2103800
2019-07-25,67.11698150634766,67.776205472482,66.77913378165242,67.71852384695718,1926000
2019-07-26,67.66084289550781,67.73500229185326,66.90273972767864,67.1581860308584,1653200
2019-07-29,68.08934020996094,68.64967875118091,67.6773267616176,67.88333348578928,1845100
2019-07-30,67.57845306396484,68.49312349676168,67.11699368917812,67.99870228900257,1395500
2019-07-31,66.42479705810547,67.98220711823167,65.94686003255742,67.40539090589796,3302100
2019-08-01,66.56488037109375,67.44658874890243,65.94686030384023,66.3506316541348,2340000
2019-08-02,66.34237670898438,66.70494410177972,66.0704464492703,66.62254270736365,1773800
2019-08-05,64.80146789550781,65.92214486109243,63.862077834183296,65.92214486109243,2706500
2019-08-06,65.88090515136719,66.25996281042995,64.76022879568983,64.96623538626548,2886700
2019-08-07,66.33415222167969,66.82032497805075,64.58721327879582,65.49364771749622,2040600
2019-08-08,67.71028900146484,67.84213632340884,65.92215213367717,66.45777087712857,2163700
2019-08-09,67.43009948730469,67.85034853489637,66.21053732958146,67.3641758491955,2788100
2019-08-12,67.31476593017578,67.70205961622042,66.92747224413114,67.2406002329115,1433300
2019-08-13,67.42185974121094,67.97395608369426,66.83680157855818,67.56194276181279,1820700
2019-08-14,66.13638305664062,67.28177963819377,66.05398164605597,66.91096386032588,2271000
2019-08-15,66.919189453125,67.01807489363665,65.41946151622544,66.04572339915299,2248300
2019-08-16,67.89156341552734,68.06460827857256,66.72968896741648,67.46307227181894,4364400
2019-08-19,69.10289764404297,69.28418457136426,68.08934177166775,68.28711275792358,1730700
2019-08-20,67.94100952148438,69.29241301780323,67.89156992353942,69.16881402294084,1675200
2019-08-21,68.64142608642578,69.16880266734397,67.94099836745889,68.40245759088086,1501500
2019-08-22,69.21001434326172,69.38305922977307,68.26238219508679,68.74031928363776,1359900
2019-08-23,67.47953033447266,69.39951360971867,67.13344070945124,69.39951360971867,2183100
2019-08-26,68.08934020996094,68.39423242499247,67.37244083341238,68.14702184125595,1642200
2019-08-27,67.57845306396484,68.74032781381443,67.45484776202507,68.53432107285707,2080400
2019-08-28,68.26236724853516,68.41069230261459,67.39714300542568,67.71027088100463,1550700
2019-08-29,68.98753356933594,69.3089035596978,68.54255828572113,68.78976887222704,1499400
2019-08-30,68.90511322021484,69.3995279706731,68.54253946936062,69.39128594356515,1861100
2019-09-03,69.6879653930664,69.95165379012414,68.3942432126851,68.51784852404938,2044300
2019-09-04,70.34716796875,70.6685379077056,70.02579802979439,70.28124431798337,2226600
2019-09-05,69.70442962646484,70.569660351106,69.40778573837544,70.28125220516763,2383000
2019-09-06,69.86923217773438,70.19884415062401,69.38305310318643,69.61378588498701,2075900
2019-09-09,69.73737335205078,70.14938667838487,69.33360205255423,69.9681060957304,1500700
2019-09-10,68.61669921875,69.49017177893609,67.66083153434359,69.34184672432522,3160500
2019-09-11,67.97396087646484,68.8144716329882,67.45482631754734,68.67438231568443,2148300
2019-09-12,69.25120544433594,69.31712908995631,68.31181549813265,68.53429994357032,1701500
2019-09-13,69.37480926513672,70.15763210841472,69.15231853750208,69.2676817715257,1737600
2019-09-16,70.22356414794922,70.46253267180265,69.2759320807582,69.45721898070393,2156900
2019-09-17,71.22887420654297,71.36071521725461,70.39660542961107,70.66029373785952,2230200
2019-09-18,70.52020263671875,71.64087939035316,70.06698546178407,71.13822262790724,1872000
2019-09-19,70.49532318115234,70.89332357060344,70.08074234155818,70.69432653887868,1823300
2019-09-20,69.9397964477539,71.12549807280972,69.93150305848708,70.98454208528621,4647000
2019-09-23,70.16365814208984,70.65286045848323,69.64957566340432,69.64957566340432,2272800
2019-09-24,69.83200073242188,70.69432967616656,69.46716755306785,70.36266372457217,2185800
2019-09-25,70.5699691772461,70.75238580575788,69.79055497396965,70.05588652653137,1697600
2019-09-26,71.53179168701172,71.58154570085591,70.56996720806539,71.00942198667042,1681300
2019-09-27,71.12548828125,71.89660890084254,70.44557595302874,71.73077909435018,2273400
2019-09-30,70.6611557006836,71.4737305621918,70.64456892538679,71.1171908053256,2017700
2019-10-01,69.85685729980469,71.03426512715183,69.42569609753683,70.6860188107816,1799400
2019-10-02,69.85685729980469,70.06414767754892,69.01111534204837,69.59152586933209,2240200
2019-10-03,70.90161895751953,71.01770108979834,69.64958301536755,69.82370621378575,2154500
2019-10-04,71.46543884277344,71.58152095828036,70.89331532634581,71.06743849960621,1503700
2019-10-07,71.1089096069336,71.67273981949144,70.71090920500968,71.00940792495217,1191700
2019-10-08,70.5948257446289,71.49032188761403,69.91491341221464,70.95136552418771,1735800
2019-10-09,70.8850326538086,71.3991151901885,70.54507964301035,71.1089098575554,1225600
2019-10-10,71.15036010742188,71.382524360346,70.47874118631975,70.65286437601284,1432200
2019-10-11,71.17523956298828,71.71419595038876,70.90162100101742,71.56494658658558,1461400
2019-10-14,71.52349853515625,71.69762175378246,70.95966825893697,71.28304085438602,1407400
2019-10-15,73.88660430908203,74.06072751807568,71.21670245250843,71.4654535087863,2744200
2019-10-16,73.82857513427734,73.88661621329317,72.81699662057044,73.88661621329317,1930500
2019-10-17,73.92805480957031,74.18509289347845,73.31447064165866,73.78709252310337,1966000
2019-10-18,74.30118560791016,74.54993666560205,73.85343749966604,74.33435283733589,1728800
2019-10-21,75.13862609863281,75.14691315987122,74.21825622109375,74.40895984559229,1773800
2019-10-22,75.29617309570312,75.88487715251966,74.81526411016408,75.88487715251966,2548500
2019-10-23,76.17509460449219,76.2331356757462,75.07230792466369,75.35421989189679,2179600
2019-10-24,76.35749816894531,76.68916411524211,75.90975641634668,76.44870646232698,1780800
2019-10-25,75.33763122558594,76.17508629894321,75.32104444932052,76.0590041690919,2179600
2019-10-28,71.21670532226562,73.3310704078218,71.15037086111822,72.73407290949994,15446600
2019-10-29,71.84687805175781,72.36924775795735,71.20013279855749,71.30792156542319,5335700
2019-10-30,72.70087432861328,72.7340415448845,71.7058831444752,72.29458699979018,3690900
2019-10-31,72.76724243164062,73.58811085468255,72.49361751529246,72.88332457930302,6367000
2019-11-01,72.50188446044922,73.49687574207283,71.97950866049658,73.11546220658377,4507400
2019-11-04,72.7755355834961,72.94966514556008,71.97125387197778,72.2863331097065,2574000
2019-11-05,71.22498321533203,72.68430941306437,70.54507095150235,72.38581072884637,4955700
2019-11-06,72.60967254638672,72.85842352762418,71.63955510636106,71.77221765728753,3107600
2019-11-07,72.35265350341797,72.7506475867041,72.0209875500116,72.50190286615074,2307500
2019-11-08,72.19510650634766,72.85843837414933,72.12877205436719,72.3277754103086,2145300
2019-11-11,72.40240478515625,72.61798861449837,71.9961172931671,72.11219943373543,1548300
2019-11-12,71.83027648925781,73.42227177643633,71.7805288110966,72.27802457071411,2431800
2019-11-13,72.90819549560547,73.13206639254079,71.78882835892418,71.88832372378327,2924800
2019-11-14,73.89490509033203,73.96952661907925,73.10719755065135,73.18182540540133,2837100
2019-11-15,73.87831115722656,74.38410033421225,73.72077472534731,74.14364266597298,2520200
2019-11-18,74.53334045410156,74.95621466825315,73.87830198935738,73.88659537716465,1921200
2019-11-19,75.47858428955078,75.64442041581559,74.47529944815386,74.61625541097791,3604100
2019-11-20,75.90975952148438,76.05071549847584,75.13863885335192,75.20496698452305,2861500
2019-11-21,75.32933044433594,75.86828675203695,74.98937747627903,75.40395827820272,3375900
2019-11-22,75.0888900756836,75.65272034890924,74.45873166666858,75.40397560619355,2014200
2019-11-25,75.33763122558594,75.90146142457871,75.09717357775061,75.41225274077536,2394500
2019-11-26,76.55650329589844,76.58137713539338,75.22984580615186,75.33763455263062,5782700
2019-11-27,76.61454772949219,76.8550053985112,75.95121579247406,76.33262944215872,1811400
2019-11-29,75.90975952148438,76.94621169230747,75.88487935554294,76.93791830366033,1652200
2019-12-02,74.63285064697266,76.09217076752299,74.6079768067136,75.84342603893019,2554700
2019-12-03,75.22985076904297,75.32934613358645,74.27631346081989,74.51677113513718,2562800
2019-12-04,75.53661346435547,75.93461377875268,75.03911781585924,75.35419691717343,2493600
2019-12-05,75.74391174316406,75.75220513053723,74.86500246164022,75.53662134084233,2293800
2019-12-06,75.81025695800781,76.23313121008825,75.66930098264832,75.92633909371587,2221100
2019-12-09,75.76878356933594,76.20824452444117,75.51174550159585,75.99266074046514,2174700
2019-12-10,75.56979370117188,76.4901636561224,75.37909006063343,76.34091430326552,2635200
2019-12-11,74.45872497558594,75.78538246219287,74.16022625034914,75.59467248317974,2297500
2019-12-12,73.72904968261719,74.86500337861429,73.3642228717431,74.30117322435311,2238800
2019-12-13,73.41398620605469,73.94464924962479,72.58482440972608,73.6461504968663,5503800
2019-12-16,73.26473236083984,74.10218749533124,72.42727722634845,73.85343644120442,3308400
2019-12-17,72.39410400390625,73.61297268141404,72.25314803703841,73.44714287639323,2631800
2019-12-18,73.03646087646484,73.24501729659794,72.32736395630283,72.61934803619864,3114200
2019-12-19,72.83625793457031,73.16160551140074,72.63604550989888,73.0031069256617,3127800
2019-12-20,73.43688201904297,73.9374161297625,72.89463408049826,73.17827410750913,5370200
2019-12-23,73.07817840576172,73.7705873434724,72.90299175248029,73.62877048576425,1637100
2019-12-24,73.29507446289062,73.48694282003854,72.95303885242394,73.16159528866831,980400
2019-12-26,73.75391387939453,73.87070499464843,73.35348265235373,73.37850841067407,826800
2019-12-27,73.97077941894531,74.21270559687184,73.70382749237741,74.03751899174628,1250400
2019-12-30,74.12928771972656,74.23773475703473,73.62040959184714,73.8289659929572,1374000
2019-12-31,74.36288452148438,74.4796756199451,73.72887115509937,74.12930232456293,2254400
2020-01-02,73.74554443359375,74.91346154843201,73.20329651977924,74.80500814688736,2246200
2020-01-03,74.57144165039062,74.96352878367831,73.03646927669315,73.03646927669315,2188000
2020-01-06,74.27946472167969,74.74662912498258,74.15432958089852,74.6131563088836,1794500
2020-01-07,73.80396270751953,74.19604987929121,73.31176614147482,73.92909785920129,2054500
2020-01-08,74.2043685913086,74.43795711824869,73.5369918939609,73.79559980727744,2013700
2020-01-09,74.21270751953125,74.9217979961633,74.02917687189176,74.47965945301519,1688300
2020-01-10,74.61314392089844,74.85507012233843,74.25442663802347,74.30447814017086,2204300
2020-01-13,76.5819091796875,76.59859089049688,74.66318784017498,74.69655762642971,2833800
2020-01-14,75.60588836669922,76.61530090644193,75.34728038347869,76.37338100483207,3124500
2020-01-15,76.92394256591797,77.15752471786473,75.92287438196433,75.98960759349463,3309500
2020-01-16,77.87496948242188,77.8916575609744,77.00737397216768,77.19924868769887,2627500
2020-01-17,78.64244842529297,79.06790528456446,77.8415925731938,77.87496236261083,4292500
2020-01-21,79.7269515991211,79.76032139159103,78.46726898308843,78.54235260730509,3335500
2020-01-22,78.36714935302734,80.40265534498005,78.18361871567778,79.39324320419327,3434700
2020-01-23,79.83540344238281,79.87711727663292,77.68310579831972,78.03347909332562,3200900
2020-01-24,80.21080017089844,80.73636005649577,79.72694775039733,80.00224375150694,3201800
2020-01-27,79.24310302734375,80.13572433446058,79.11796789062622,79.57679460371136,2770800
2020-01-28,79.7186050415039,80.10234809583001,79.2848104823726,79.50171094425671,2245200
2020-01-29,80.50277709960938,80.60288647120973,79.45999501282687,79.93550338981422,2730100
2020-01-30,80.2608642578125,80.88653361407668,79.76033004572872,80.15241719399631,3455200
2020-01-31,77.48287200927734,80.0606324419361,77.17421260836375,79.97721115424692,5227600
2020-02-03,76.64030456542969,78.00008993832623,76.36500860284062,78.00008993832623,23204900
2020-02-04,77.93335723876953,78.52565667544198,76.34832726046933,76.73207665317656,4978000
2020-02-05,77.36611938476562,78.42558999535058,77.10751135500935,78.30045481930613,5736500
2020-02-06,77.67474365234375,77.95003961909221,77.19923533006732,77.36607789890128,3935200
2020-02-07,77.69976043701172,78.05013360992223,77.24927791556878,77.82489553151841,3643800
2020-02-10,78.96781921386719,79.2514529377762,77.89166714179768,78.19198894631187,5153300
2020-02-11,80.2608642578125,80.7947682659869,79.28482158955345,79.52674783773215,3740400
2020-02-12,80.74472045898438,81.21188489641246,80.20247238574785,80.62792934962735,2523300
2020-02-13,80.4777603149414,80.99497621424774,80.16909449159208,80.61123312731038,3652700
2020-02-14,81.37871551513672,81.45379276936006,80.60288539831207,80.79475373552951,3296000
2020-02-18,82.04610443115234,82.07947422620691,81.11177562817502,81.44546084944542,3742800
2020-02-19,81.56226348876953,82.44654727122473,81.43713469540945,82.26301655477859,4724300
2020-02-20,82.54662322998047,82.62170684600703,80.84480855210657,81.48715948433347,3992900
2020-02-21,82.78022003173828,83.24738439281242,82.52160573359761,82.52994977279882,6382300
2020-02-24,80.0689926147461,82.2880298646892,79.93551343583708,81.57893922948834,3688200
2020-02-25,76.49849700927734,80.59454840471433,76.43176378790207,80.28588259288442,5305900
2020-02-26,76.13143920898438,77.84994211531374,75.89785703118858,76.74876444524998,4662200
2020-02-27,72.33570861816406,75.7560326648754,72.30233882689896,75.58084603421132,6227400
2020-02-28,70.30854797363281,71.0760341664878,67.52223691340976,70.42533907408303,7285600
2020-03-02,73.63711547851562,73.63711547851562,69.657860839389,70.65892934751291,5715300
2020-03-03,74.57144165039062,76.40673581279195,73.14491633636605,73.93742827816718,5843400
2020-03-04,78.72589874267578,78.80932005791321,75.23883430278902,75.27220410181167,4210300
2020-03-05,74.83839416503906,77.46620665216463,73.9124030375316,76.83219327552942,3135200
2020-03-06,71.64330291748047,72.0771038583488,68.64009158268202,72.03539002627552,5562100
2020-03-09,64.87772369384766,67.43045842005834,64.62745982652577,67.43045842005834,7291600
2020-03-10,67.45549774169922,67.58897055819702,63.56800251373743,67.0383848476074,6623400
2020-03-11,61.47410583496094,65.3031994882273,61.040304822329496,65.12801282088553,7836800
2020-03-12,58.545963287353516,61.22382717642099,51.730337266949135,56.860830075736516,7912600
2020-03-13,65.46044921875,65.91468595284893,60.06008985392384,62.38174213342613,6021800
2020-03-16,54.15502166748047,61.170447495744575,53.911079347909485,58.22632534721313,6663800
2020-03-17,59.46284866333008,61.4396148084656,54.30642568888913,55.913078041186836,7883800
2020-03-18,57.0318489074707,59.27779175850962,53.92790123440311,55.07190338532377,7302000
2020-03-19,53.7596549987793,57.158009729732846,53.204477965751046,56.31683221248777,5489800
2020-03-20,52.842777252197266,56.695372249790346,52.50630492435197,54.5840146497951,6826500
2020-03-23,53.305423736572266,54.70177842744201,50.31924389144674,52.99418892232844,5631200
2020-03-24,59.345069885253906,59.90024364841757,55.719590820436224,55.719590820436224,7893700
2020-03-25,60.72459411621094,63.365890445523505,57.39353262607803,57.85617631162012,6918200
2020-03-26,65.35108947753906,65.89784978072018,60.02643375537929,60.89284565230711,4965400
2020-03-27,66.59602355957031,68.97655751148939,62.44901807686766,62.78549037265388,4490800
2020-03-30,69.716796875,70.44021012127376,64.82114352095878,67.958738779116,6295900
2020-03-31,67.60543823242188,69.2877932385699,63.27337280805567,68.29520352823556,11324400
2020-04-01,61.624671936035156,64.33326479807835,58.04125361175172,64.30802407957347,7994100
2020-04-02,63.5173225402832,64.18185361615498,59.77407835981629,60.02643420755143,5395900
2020-04-03,61.90226745605469,63.30703917403842,60.30403486741561,62.314449173709704,3882600
2020-04-06,67.48770141601562,68.08493691662207,64.80434203331431,65.63710630399905,5914400
2020-04-07,68.09333038330078,72.72822118033103,67.9419181447399,72.61045681896995,5388700
2020-04-08,72.49268341064453,73.00580224297134,67.89985463771038,69.39714968902116,5110400
2020-04-09,77.16123962402344,77.84259156369718,73.19087952494874,73.93952722642848,8283900
2020-04-13,72.6861572265625,77.13598094404391,72.55997930696776,76.49669060873492,4250500
2020-04-14,74.9909896850586,75.65552080669072,73.86380828327871,74.368520013504,3663800
2020-04-15,72.7955093383789,73.94792494592859,71.40756503268494,72.75344789184928,3870200
2020-04-16,74.19188690185547,74.38536063921488,72.17306511167331,73.30865397307026,2887300
2020-04-17,75.89105224609375,76.50510836611716,74.22551759551334,75.92470012382711,3678400
2020-04-20,74.4442138671875,75.26015712510225,73.9226814709751,74.85638907357082,3187900
2020-04-21,74.86481475830078,75.4031679689913,70.41498398737723,70.49069331702123,4255100
2020-04-22,73.9142837524414,76.36210742101333,73.74604436879346,75.42839969921518,3317900
2020-04-23,72.97216033935547,74.8311621554012,72.87121671209613,74.06569383946524,2974600
2020-04-24,74.89846801757812,75.31064332026081,72.97217018999197,73.25816754598654,2916300
2020-04-27,77.25373077392578,77.96032314027264,75.47885233113912,76.40414620483259,2539400
2020-04-28,75.3611068725586,79.22211584301826,75.07510953576423,79.16323366087374,3141800
2020-04-29,75.84058380126953,77.38834767427022,75.69757871617642,77.00982027989058,3151300
2020-04-30,75.05828094482422,75.34427825166644,73.0815084276906,74.62086499383794,3377000
2020-05-01,73.05628204345703,74.55357732430923,72.41698519379011,73.46845731997018,2643300
2020-05-04,73.29180908203125,73.44322132141512,71.71039735110355,72.215102676491,2212200
2020-05-05,73.804931640625,74.80593518494389,73.44322496292229,74.22552050224783,1845400
2020-05-06,73.13199615478516,74.84799954701707,73.07311396857668,74.1077590144796,2277100
2020-05-07,74.08251953125,74.79751929029177,73.46845698855319,74.13298813942248,2704200
2020-05-08,75.68074798583984,75.95833812779894,74.5535666901615,75.94992455504016,2249000
2020-05-11,74.76387023925781,75.89946524673366,74.26757848621104,74.62087157322837,3627800
2020-05-12,70.84396362304688,74.940493567547,70.83555005186433,74.940493567547,4440100
2020-05-13,69.68315124511719,71.26456928449319,69.4476225373827,70.28880016082067,3935500
2020-05-14,70.7261962890625,70.7261962890625,67.39513460431506,68.6821349805045,4389700
2020-05-15,70.05328369140625,70.6421119812868,68.97657717213299,69.95234646627256,4971900
2020-05-18,73.0394515991211,73.8049198679827,71.56739081824999,72.63568353259058,3123300
2020-05-19,71.23091125488281,73.2581457011779,71.10473334581962,72.59362112095019,3093100
2020-05-20,73.28340148925781,73.43481372773944,72.1309857620545,72.40857593555022,2519300
2020-05-21,72.6777572631836,73.57781717890967,72.29922343351686,72.7450530219257,3091900
2020-05-22,73.64510345458984,73.73763350652621,72.28239339507994,72.28239339507994,1276000
2020-05-26,75.72283172607422,76.2948329547198,74.71342081325406,75.85742327054521,2743400
2020-05-27,77.18645477294922,77.38833559058422,75.26857096122804,77.38833559058422,3045000
2020-05-28,78.27157592773438,78.5155117769514,76.74904015283047,78.22951448191041,2616900
2020-05-29,76.96776580810547,77.94353509992818,76.56399765549816,77.50611906646384,3769900
2020-06-01,78.81834411621094,79.5417574166861,77.00140370915618,77.35469678585068,2310600
2020-06-02,80.298828125,80.37453746052182,78.59123830061215,79.59224188774033,3143300
2020-06-03,81.86341857910156,82.19989096348286,80.33247532695977,80.59323837645873,2970000
2020-06-04,78.52393341064453,81.4260001931723,77.79211295251613,81.09794141863,3326300
2020-06-05,80.50910949707031,81.94752246174073,80.23151934134201,80.90446400656047,3612200
2020-06-08,82.24193572998047,82.41017510999959,80.19787379090019,80.50069825725846,3536700
2020-06-09,81.87181091308594,82.61204483253998,80.525928142408,81.03063337920283,2888800
2020-06-10,81.09793090820312,82.05687280453496,80.38292485451542,81.0726901907835,2378700
2020-06-11,76.47146606445312,79.20529352785536,76.37893600612387,78.86882117190135,4992400
2020-06-12,79.45761108398438,80.01279121108765,76.82472830961956,78.72578448489566,4247000
2020-06-15,79.8892822265625,80.67641070766646,76.91004706316738,76.94390281537152,3647800
2020-06-16,82.01368713378906,83.20707177430505,80.78644028239351,82.94469775591088,3441600
2020-06-17,81.84441375732422,82.93623766642173,81.1334622578143,82.93623766642173,2713500
2020-06-18,80.48174285888672,81.15884499767648,80.02470634112687,80.82875948078073,2314000
2020-06-19,77.75641632080078,81.82747500684144,77.57021292473402,81.82747500684144,12157500
2020-06-22,78.34043884277344,78.4081503673884,76.10601018909085,77.71412338340103,3409900
2020-06-23,77.40094757080078,79.41532306888942,77.24014080235915,79.22911964059634,2397000
2020-06-24,76.00442504882812,77.5109704743344,74.4217025681643,76.19062199597299,4726100
2020-06-25,77.41787719726562,77.50251335651024,75.18344901511753,75.96211201188808,3009300
2020-06-26,76.02982330322266,77.63793615353863,75.46275393485953,76.99468972194724,4403200
2020-06-29,77.16397094726562,77.53637783864761,75.72513670618649,76.94391819992697,2249000
2020-06-30,78.99213409423828,79.76233153590937,77.0539357030852,77.0539357030852,5111900
2020-07-01,80.53253936767578,80.74413300423966,78.61973108508725,79.1529447245911,2624800
2020-07-02,80.87108612060547,82.25913978509521,80.4478988702775,81.78516567374689,2717900
2020-07-06,80.87954711914062,82.89392261078072,80.53253692351679,82.09832849510269,2510700
2020-07-07,80.26170349121094,81.05729121058452,79.48304042232377,79.55921103550102,2555100
2020-07-08,81.04882049560547,81.0996008971109,80.21937067950996,80.34632814059826,3082900
2020-07-09,81.73439025878906,81.97137410026527,79.88082792287459,81.25195702226239,2583200
2020-07-10,80.25321960449219,81.61588289242471,79.94005875476341,81.20116124832651,3033200
2020-07-13,79.19525909423828,81.62435615374498,79.17833444601958,80.8118374354271,4693900
2020-07-14,79.03443908691406,79.75386249222319,78.27270729335605,79.27988843760524,4206300
2020-07-15,79.33914947509766,80.1685993854214,78.43352895386252,80.07549766720163,3859600
2020-07-16,77.95110321044922,79.99086919649791,77.91724744990151,79.14449455478331,2902900
2020-07-17,80.6933364868164,81.22655651985433,78.28963616253124,78.56894127913924,3325100
2020-07-20,80.17705535888672,81.10806597251447,80.06702254650615,80.34632766779188,2385200
2020-07-21,82.88545227050781,84.22272548552971,82.15756970827182,83.47791181775814,3539900
2020-07-22,83.26629638671875,83.57945718384136,81.62433473277032,82.23372522591534,3412900
2020-07-23,83.70642852783203,85.15372796098335,82.86851968912845,82.89390988767641,3099300
2020-07-24,84.561279296875,84.75594181554824,82.91931070242696,83.46098986521548,3020600
2020-07-27,86.12709045410156,86.23711683940888,83.30019562540141,84.26506225756232,3130000
2020-07-28,86.78726196289062,87.320475695874,85.61926720892998,85.99166768358799,3263300
2020-07-29,89.85958862304688,89.91037548940149,86.83803159663694,86.83803159663694,3888400
2020-07-30,89.03013610839844,90.33355361894398,88.302253518648,88.85239823750473,2758300
2020-07-31,89.22480773925781,89.36023077319116,87.26121894850401,88.85240731059245,3832100
2020-08-03,88.85237884521484,89.64796631405335,88.02292917141565,89.2755660046928,2062800
2020-08-04,89.36870574951172,89.66494207454696,88.09068454063726,88.60697364892629,2988300
2020-08-05,88.7846908569336,90.13888883434126,88.55616611420915,89.81726883262111,1550500
2020-08-06,88.76775360107422,89.56334768277065,88.50537957724873,88.51384513014388,1743200
2020-08-07,88.9285659790039,88.99627748687534,88.10758170370595,88.33610642844084,2014700
2020-08-10,87.79442596435547,89.41099783227864,87.79442596435547,89.13169270948848,2653600
2020-08-11,85.0691146850586,88.62388549864033,84.70517334093218,88.59849529326596,3576100
2020-08-12,87.07501220703125,87.2442909930355,85.45844015897454,86.49947724926764,2751400
2020-08-13,86.87187957763672,87.7944311554643,86.60950554470942,86.75338766229373,2104400
2020-08-14,86.60102844238281,87.89598024259672,86.35557909124124,86.61795308917827,2689800
2020-08-17,88.2007064819336,88.20917203696293,86.33021917469439,86.58413416696233,2087200
2020-08-18,87.72673034667969,88.29379979033193,87.16811999992312,88.09067169029585,1490600
2020-08-19,86.11014556884766,88.06527518531189,85.88162727981958,87.81136023543588,2827300
2020-08-20,86.91419982910156,87.54898070671446,85.6954184777408,85.93240230554429,1794500
2020-08-21,87.21043395996094,87.70133274620336,86.20324618427824,87.63362123279227,1411000
2020-08-24,86.3302001953125,86.90573512157425,84.99292691703886,86.77877765335143,2015900
2020-08-25,86.31329345703125,86.83804163049845,85.44152210490803,86.76187100815376,3120900
2020-08-26,85.50920104980469,86.29632946742822,84.89135137954983,86.08473587621032,2780100
2020-08-27,86.24557495117188,86.90574612069425,85.82238764175231,86.05090594761548,2035200
2020-08-28,86.74490356445312,86.86339545446447,85.67001100297207,86.86339545446447,1941800
2020-08-31,86.21170043945312,86.90572721764896,85.38225065218273,86.70259916136163,2630400
2020-09-01,85.90702819824219,86.23711379985623,85.28071275637531,86.11015630908324,1735600
2020-09-02,88.51386260986328,88.58157413174632,85.40766918839776,85.9154926878683,3236600
2020-09-03,86.00012969970703,88.5815749950528,85.15375503989873,88.31919445953042,2367900
2020-09-04,85.28070068359375,86.66875441627221,83.10551836834424,85.92394068641771,2042800
2020-09-08,83.62181091308594,84.85751702243792,83.20708272047371,84.69670378622804,2764300
2020-09-09,85.46690368652344,85.97472711784685,84.40893551404744,84.60359804168088,2999700
2020-09-10,84.64591217041016,85.99164447211568,84.48509895549262,85.28069302004289,1792100
2020-09-11,84.81519317626953,85.43304944114641,83.93496286632218,85.00139661109066,1830200
2020-09-14,86.28787994384766,87.04961830519106,85.27223310027321,85.41611521926998,1842800
2020-09-15,86.94805908203125,87.6674761474696,86.44022919365098,86.49947515298531,1524500
2020-09-16,86.85443115234375,87.89287206844149,86.7948487962065,87.56091229939251,2363600
2020-09-17,86.05431365966797,86.97358979938409,85.09248240795846,85.87556660372138,2309000
2020-09-18,84.70944213867188,86.84590604440866,84.0114747045333,86.21603457798822,4555400
2020-09-21,82.18146514892578,83.75614749300657,81.61968300245886,83.51781803474448,4409500
2020-09-22,84.4285659790039,85.10950624150463,82.23251950801176,82.23251950801176,3161900
2020-09-23,81.11746978759766,84.58177269114668,80.73443482892192,84.23278571728584,2543300
2020-09-24,81.1685562133789,82.63258740964723,80.69189731003219,81.11748747201761,2235300
2020-09-25,83.1347885131836,83.15181575790129,80.65785691402982,80.87065201506326,1634700
2020-09-28,85.1435546875,85.28825376348725,83.73059892705524,84.3774912058181,2298700
2020-09-29,84.78606414794922,85.50105243177657,84.26684368250751,84.76052977981108,1826400
2020-09-30,85.645751953125,86.4373497793944,84.0625563005862,85.29676496260252,3645700
2020-10-01,86.9565658569336,87.13531290630958,84.74349230697013,85.90961143174385,3090400
2020-10-02,88.71000671386719,89.15261758661055,85.54361514412103,85.96920526921616,4631200
2020-10-05,89.53563690185547,89.9867613163452,88.03755810578548,89.3739106045898,2747000
2020-10-06,88.93131256103516,89.94421261054497,88.13971469384427,89.61225284307683,2637000
2020-10-07,90.02082824707031,90.54855586461012,88.45465315471787,89.45053252393672,2056800
2020-10-08,90.94007873535156,92.8722611983153,89.75693891628092,90.08039151032159,2382500
2020-10-09,90.99967193603516,91.88489356742592,90.46342429137853,91.3741867819346,1918900
2020-10-12,92.17428588867188,92.65094462564097,90.34424753211086,91.75720949382391,1302900
2020-10-13,90.76133728027344,91.82531247039476,90.31021283870027,91.15287937095938,2096800
2020-10-14,88.54826354980469,90.6251450434033,88.41207811254621,90.2676509648625,1668000
2020-10-15,89.35689544677734,90.13997963009713,87.73965185497224,87.87583730277215,1280500
2020-10-16,88.74404907226562,89.7909970769355,88.69297384458181,89.15261192979891,2167900
2020-10-19,87.68858337402344,89.5782045007502,87.58644590381532,89.47606703054208,1938900
2020-10-20,88.1226806640625,89.44201250574015,87.59495312258282,89.31433418332148,1780300
2020-10-21,87.37364196777344,88.98237189992858,87.05018936101926,87.59495062071223,1922200
2020-10-22,87.50132751464844,88.37804208518759,87.34811481826367,87.61197860326372,1639800
2020-10-23,87.8758316040039,88.62487424729004,87.56940624883936,88.28440090888623,1403200
2020-10-26,85.51807403564453,86.9310297627251,85.03290159103399,86.77781707000653,1927400
2020-10-27,84.38600158691406,86.26710898450862,84.36898084085875,85.44997680007768,1797900
2020-10-28,82.99857330322266,84.38599452728184,82.45381855917556,82.93899095602966,2666800
2020-10-29,85.27123260498047,86.0543168295893,82.19847156673254,82.81983596942645,2234200
2020-10-30,84.43708038330078,85.44998698503959,83.40715303347793,84.66690269337116,2273800
2020-11-02,86.709716796875,87.05869725163149,85.42443306206512,85.7308584093574,1830200
2020-11-03,88.85470581054688,89.51011823992145,87.05020134204912,87.38216761414155,1521500
2020-11-04,90.06336975097656,91.61251736692701,88.76957877806849,89.20368247364488,1958800
2020-11-05,90.12297058105469,90.97415090707369,89.62077730581893,90.82093818863065,1594000
2020-11-06,89.28028106689453,90.56556484913061,88.9483213440769,89.859083800472,1765200
2020-11-09,84.78606414794922,95.64712581867846,84.52220035186863,94.95766540899939,5949600
2020-11-10,85.06696319580078,85.59469083765558,83.53483602334065,85.11803193688596,5771000
2020-11-11,86.83740997314453,87.09276665669583,84.82011685025215,85.8159962269198,3898000
2020-11-12,87.34809875488281,88.25886114534975,86.3947747644735,87.34809875488281,2968300
2020-11-13,88.1226806640625,88.50571563131855,87.33108285785374,87.81625528785335,2470300
2020-11-16,87.89286804199219,89.10154235054316,85.84152067154528,88.91428167012185,2061500
2020-11-17,88.69297790527344,88.8376834806816,86.25009478653983,87.35662519584393,1982600
2020-11-18,86.30967712402344,89.07601288765245,86.28414275601293,88.67595713818157,2012500
2020-11-19,85.1095199584961,86.47992081865611,84.8711905035101,85.98623466533337,2276200
2020-11-20,85.34782409667969,85.81597574009862,83.94338215440023,85.16056993330079,2530300
2020-11-23,84.74348449707031,85.86704191387962,84.68390215276938,85.08395781907069,2537800
2020-11-24,84.10511016845703,85.73938102346531,83.86678076089042,85.44146277001775,2746400
2020-11-25,84.27536010742188,84.71797098918688,83.84125635265941,84.47112793232156,2028700
2020-11-27,85.62872314453125,85.83300456544288,84.09660274671019,84.64986465776293,1273100
2020-11-30,85.16058349609375,85.9777157269355,84.34344477126228,85.51807762946395,3730200
2020-12-01,85.28824615478516,86.74376988712594,85.23717742522548,85.83300091671836,3645700
2020-12-02,83.00708770751953,85.2456957211955,82.95601897515834,84.96480470523025,2791500
2020-12-03,82.64958953857422,83.381604971792,82.21548585283134,82.7857814768422,4348600
2020-12-04,83.97744750976562,84.05405061599664,82.7772802268929,83.083705639797,3284300
2020-12-07,83.01559448242188,84.08808323149893,82.82833382055253,83.45821177302014,2264300
2020-12-08,82.48786163330078,83.59439180017306,82.12185395261503,83.17731539464366,2365500
2020-12-09,82.07930755615234,82.81132305311523,80.99831155146879,82.75174069843172,2919200
2020-12-10,82.7176742553711,83.31349766926922,81.74732955617233,82.02822052014781,3828000
2020-12-11,82.87940979003906,82.9985744861234,81.44942694303805,82.36018940253346,3177200
2020-12-14,82.45382690429688,84.48814702805056,82.24103185792941,83.33054145629247,2769800
2020-12-15,84.7350082397461,84.74351536775347,82.42830372754318,83.0326475035904,3010100
2020-12-16,84.9903335571289,85.65425301070583,84.30939335853238,84.59027786228411,2896500
2020-12-17,86.11190795898438,86.20608535271656,85.20438094046816,85.72663502137134,3842600
2020-12-18,83.96295166015625,86.26600606676716,83.10679838268675,86.01772083246927,7273900
2020-12-21,83.26091003417969,83.56056238858478,82.18215502638986,82.4561238264076,3483400
2020-12-22,83.6033706665039,83.97151684508634,83.05543307958094,83.81740899051854,2425000
2020-12-23,82.35338592529297,84.69068071703992,82.32770237205439,83.90302126871141,2218400
2020-12-24,83.2523422241211,83.4835072651198,82.48180297401052,82.75577829132192,714000
2020-12-28,84.09138488769531,84.32254342310874,83.28659863119704,83.80885270846527,1327200
2020-12-29,83.66329193115234,85.08450284964088,83.62904501924616,84.79341389633416,1512500
2020-12-30,84.60506439208984,85.04170438105092,83.81740496520665,83.88589879326544,1568000
2020-12-31,85.3242416381836,85.44410257850687,83.9543911226067,84.4680883319137,1569300
2021-01-04,82.22496795654297,85.52115702515599,82.18215767656253,85.23006802347025,4454200
2021-01-05,82.35338592529297,83.25234294829906,82.11366405249134,82.31913901033114,3844400
2021-01-06,80.4013671875,82.49894035928503,79.956163771263,82.26777528841106,4786400
2021-01-07,81.60853576660156,81.64278268389029,80.23012837240536,80.40136295884898,3187800
2021-01-08,82.70440673828125,83.56056003066911,81.46298707709134,81.5657212917419,2199700
2021-01-11,81.0434799194336,82.60167876809794,80.59827651585422,82.16503872703056,2268300
2021-01-12,81.0862808227539,81.30888251673235,79.69075325112884,80.91505277011296,2475000
2021-01-13,81.68560791015625,82.56744496292012,81.31746164685424,81.31746164685424,2621000
2021-01-14,81.76263427734375,82.30200846610757,80.87223412546558,82.087970156481,3269700
2021-01-15,83.6290512084961,83.67186148452979,81.54859851272109,81.56571870397593,2735200
2021-01-19,83.91159057617188,84.40815454847558,83.00406359520663,84.24548985579489,2540600
2021-01-20,85.90640258789062,86.65125816819946,83.14103161465734,83.67184891082421,2980100
2021-01-21,85.98348236083984,86.06909639060758,84.7420625993781,85.70095018386769,2376200
2021-01-22,86.65984344482422,87.1307238698644,85.62389867141778,85.69238597539683,3065200
2021-01-25,87.92696380615234,88.94578858418512,86.59136640646317,86.80540478625606,2965700
2021-01-26,90.79505920410156,91.56559194114212,88.18378905145586,88.20947260509972,4360400
2021-01-27,88.42352294921875,91.51423727521565,87.16497639412063,90.51253935533711,2884400
2021-01-28,88.52626037597656,89.73343323941185,87.03655533082573,88.20091791269253,2371600
2021-01-29,88.35501861572266,89.63069174536496,86.3173760978011,87.49886530924499,3090900
2021-02-01,90.67520141601562,90.7779356341602,87.54167712397698,89.04850879876815,2982300
2021-02-02,91.50566101074219,91.98511129342522,90.23855780320346,91.27450249718147,2148700
2021-02-03,90.78651428222656,91.60842082542652,89.57077792865574,91.50568005805181,2440100
2021-02-04,91.10325622558594,91.92516243326502,90.7864772211131,91.30016778442129,2698000
2021-02-05,91.3515625,91.77963918750129,90.6238334376342,91.00054301285353,1704900
2021-02-08,91.67689514160156,91.71114205676461,90.675197367824,91.39436299045471,1754000
2021-02-09,91.96797943115234,91.97654279248907,90.79505367332354,91.53990281134776,1328500
2021-02-10,92.05359649658203,93.39775686599575,91.85668490283354,92.7898888295787,1633500
2021-02-11,92.25908660888672,92.92688517521378,91.5998448730488,92.13922566272194,1372400
2021-02-12,92.18203735351562,92.26765138930544,91.39437777315777,91.7882075633367,1393000
2021-02-16,91.24880981445312,92.71283100568255,89.98170020175432,92.49879270523502,3141000
2021-02-17,90.60670471191406,91.57415558306836,89.81048188686327,91.41148436691813,2005700
2021-02-18,90.56390380859375,90.76082196073372,89.8276113766595,90.59815072774558,1947100
2021-02-19,90.15296936035156,91.24884483411122,90.0502285852117,90.99199616222809,1999900
2021-02-22,89.65638732910156,89.98172327771975,88.61187910994283,89.46803253129494,2386200
2021-02-23,89.51082611083984,90.64094815484667,89.07418611849396,90.41834647789548,2213400
2021-02-24,88.38925170898438,89.48512672478742,88.14096650510238,89.45944317471864,3137100
2021-02-25,86.80538177490234,88.56905546664274,86.26600755230352,88.26083975889162,3636400
2021-02-26,84.81910705566406,87.43037722992513,84.76773994795116,87.25914265099661,5937400
2021-03-01,85.1273193359375,86.55709371974426,85.02457859271992,85.70950381697507,3055100
2021-03-02,84.83621978759766,85.54682853081887,83.53486976183038,85.22149265735973,4855300
2021-03-03,82.28488159179688,84.76772708818193,82.13077376010592,84.3310871430692,3362400
2021-03-04,81.88250732421875,83.86021950758952,81.3859368047449,82.55030590395788,3403500
2021-03-05,83.36365509033203,83.74035812736022,80.598276860973,82.18215927202372,3552800
2021-03-08,82.14789581298828,83.9030124619544,82.12221226244553,83.33794822229217,3633200
2021-03-09,84.17699432373047,85.36704691827482,83.23522697629751,83.23522697629751,3361900
2021-03-10,83.66329193115234,84.80197725729334,83.5605511954338,84.45095130920289,2705900
2021-03-11,85.23863220214844,85.88074726562046,83.66331304842451,83.83454111924418,2354000
2021-03-12,86.7197494506836,86.7197494506836,84.43382221056224,84.80196830979725,2660600
2021-03-15,87.99544525146484,88.19236340716714,85.97492270847913,86.67696823396182,2979200
2021-03-16,89.23685455322266,89.63068425746943,87.67009256559489,88.4834355260281,3374100
2021-03-17,87.41324615478516,88.54336819173267,86.22319365117873,88.54336819173267,4000200
2021-03-18,87.96458435058594,88.17995156198734,85.86259826411286,86.62069505463663,3069700
2021-03-19,86.47425079345703,88.65377275680103,86.41394822988539,88.11104311216981,4555300
2021-03-22,89.29124450683594,89.33431400434432,86.18134154086013,86.70683804685508,2652100
2021-03-23,90.62651062011719,90.95387295421351,88.8605036115105,89.17924284525479,3609500
2021-03-24,89.43770599365234,90.68683334030791,89.19649573960739,89.97181910795652,2772700
2021-03-25,89.96319580078125,90.15272000682059,88.23164150399622,89.2051055491099,1745600
2021-03-26,91.9876480102539,92.14271267501825,89.66168461127495,90.45423442118773,2381800
2021-03-29,91.97904205322266,92.3839335340067,90.4456282879028,91.94458907708035,2928400
2021-03-30,91.97042083740234,92.20301454656898,91.1175619013239,91.72921059901145,2316900
2021-03-31,91.31573486328125,92.4701004322302,90.62655687682718,91.70339337285644,4922800
2021-04-01,93.4693603515625,93.56412244085136,91.19508335359978,92.00486609025553,2922400
2021-04-05,93.35738372802734,94.10685743789439,92.84049714848139,93.90010674956754,3862900
2021-04-06,94.17578887939453,94.22747491513526,92.96973098971229,93.06449310356147,2952000
2021-04-07,94.44286346435547,94.57208515534283,93.63308690764524,94.16719359074361,3400500
2021-04-08,93.41768646240234,95.03724557357882,93.23677878821395,94.27053880428645,2039500
2021-04-09,94.33946228027344,94.70989417488862,93.31431217302732,93.52106287136323,2454000
2021-04-12,94.6237564086914,94.66683248978183,93.33155284582516,94.39977918998537,1725100
2021-04-13,95.43353271484375,95.51967829849266,94.45145860177517,94.93387912819854,2152400
2021-04-14,94.46868133544922,95.83841371145333,94.34806964454093,95.2956906785531,1904900
2021-04-15,96.79464721679688,96.91525233835237,94.77019659355963,95.31291964055939,2539600
2021-04-16,96.96695709228516,97.371848609607,96.58791516813302,97.0875622371273,2373300
2021-04-19,96.69989013671875,97.34599185255428,95.35600067097651,96.4845228981069,2554000
2021-04-20,98.85356903076172,99.67196196237019,96.06241127489538,96.81188510821407,3351500
2021-04-21,98.81910705566406,99.80979770867609,98.68127543495515,99.09477686956868,2318600
2021-04-22,98.79325866699219,99.13784755876222,97.93178972381035,98.57789143119673,2088300
2021-04-23,98.95694732666016,99.40490831897843,98.32807205885216,99.14646498755336,1749800
2021-04-26,99.2584457397461,99.921773887688,98.81909476916921,99.26706226887121,1584400
2021-04-27,98.93968963623047,99.48241918262069,98.87077055534198,99.34458102084372,2366600
2021-04-28,99.15508270263672,99.75811495900463,98.93109891755795,99.07755364577504,2249500
2021-04-29,100.16300201416016,100.35252625384902,99.2929230192062,99.40491162789182,1751600
2021-04-30,100.38697052001953,100.76601894168684,99.34459393292059,100.1371437486921,3323100
2021-05-03,99.93901062011719,100.7315604441293,99.62026475562948,100.65402482412473,2038000
2021-05-04,99.58580017089844,100.43004255635354,98.82770993053015,99.93038903378799,2704400
2021-05-05,97.35459899902344,99.49103811954313,96.88940501976046,99.42212560491913,2512000
2021-05-06,98.82772827148438,99.06893854852632,97.38046003674555,97.63028684439246,1866800
2021-05-07,99.94762420654297,99.99931681258523,98.97416666381864,98.97416666381864,2610100
2021-05-10,100.10269927978516,101.31737377443596,99.7667268817939,99.98209414063379,1900400
2021-05-11,98.94831848144531,99.57718709849911,97.62165558538415,99.48243156608899,1871900
2021-05-12,96.80326080322266,98.70710624702458,96.48451495023852,98.13853362913169,2086500
2021-05-13,97.77672576904297,98.67265426522862,96.51898189146115,97.12200752712144,2066000
2021-05-14,98.76741027832031,99.31013331691096,98.1557681506269,98.31944277163838,2148300
2021-05-17,98.37113189697266,99.13783866179872,98.03515956508194,98.85355235866479,1427300
2021-05-18,99.05170440673828,99.51689186367032,97.68196533581336,98.26776449443463,1667100
2021-05-19,99.37042999267578,99.422122592685,97.8456330283606,98.36251302105292,2112100
2021-05-20,101.10198974609375,101.47242163275534,99.28428985718288,99.6030357134918,2464200
2021-05-21,101.2484359741211,101.65332739755657,100.76601550661633,100.98138272567894,2372200
2021-05-24,101.78255462646484,102.54926144258427,101.30874408954327,101.74809508082633,2280200
2021-05-25,101.80838775634766,102.1960461052858,100.57648705246302,101.98929542401783,2072100
2021-05-26,101.23121643066406,102.25635999441339,101.11061130551708,101.94623065189647,2231800
2021-05-27,100.6712646484375,101.92039202952179,100.54204298806994,101.35182592538581,3470100
2021-05-28,101.51551055908203,102.18746194467626,101.0072469700607,101.40352194772665,2870700
2021-06-01,103.22982788085938,103.47103813999313,101.23122014055403,102.04961303011308,2547100
2021-06-02,104.87525177001953,104.97001390167642,103.35907080848526,103.53997854006077,3934300
2021-06-03,104.98722839355469,105.23705518986748,104.33251011951037,104.8838497484466,4006000
2021-06-04,105.43517303466797,105.72807586416349,104.6426232624802,105.40933002051837,2521400
2021-06-07,105.68501281738281,106.10713076965011,105.44380255894434,105.80561794660204,1688000
2021-06-08,106.52925109863281,107.21842229952941,105.74531121709754,106.06405708747226,2564200
2021-06-09,106.48619079589844,107.08921650756422,106.11575883802165,106.9169253249418,1538200
2021-06-10,108.78630065917969,108.82076020673485,106.32249887512273,106.43449404779865,2550900
2021-06-11,107.43379211425781,108.70015252410556,106.73600436698926,108.70015252410556,2385300
2021-06-14,108.68292999267578,108.69153995031078,107.1925857609787,107.62332025225122,1977900
2021-06-15,106.61367797851562,109.0205798471666,106.5357598314093,108.5097654904332,2666500
2021-06-16,105.12451934814453,107.548740888486,105.06391413990961,107.07255239130284,4271600
2021-06-17,106.15481567382812,106.3539442436115,104.8474671896858,104.89075945553734,3612600
2021-06-18,103.5228042602539,106.48381289049377,103.39293407005624,105.78252311108756,7018100
2021-06-21,106.13749694824219,106.38857756008863,103.46220135577812,103.86046510390518,2745100
2021-06-22,105.60936737060547,106.2500519426465,105.36693993276482,105.97299861915803,2078400
2021-06-23,104.86476135253906,105.82579129363997,104.78683661396481,105.5660509723535,2583600
2021-06-24,104.99464416503906,105.47949241333632,104.30201419035608,105.18511955485528,2340400
2021-06-25,105.62666320800781,105.69592817903107,104.40589286423992,104.80416314488804,2075800
2021-06-28,105.29768371582031,106.05091894534749,104.42323146215033,106.03360600216847,1447000
2021-06-29,105.15048217773438,106.23272265550222,105.00329905807115,105.14182900985183,1743800
2021-06-30,103.4881820678711,105.83447907717255,103.40160413428087,104.83881632720271,2910800
2021-07-01,103.8777847290039,104.88210057165627,103.15917538479108,103.49683392378797,3211500
2021-07-02,104.7868423461914,105.4448463521005,103.96434229290837,104.2500553408589,1789900
2021-07-06,106.09420776367188,106.24139089506389,104.11154225774914,104.98599448300132,2864500
2021-07-07,106.7435531616211,107.30631958158672,105.47083718883688,106.18078674165547,2980300
2021-07-08,106.58770751953125,107.254364790064,106.05957360416662,106.18078401699074,1927000
2021-07-09,108.56170654296875,108.61365197227774,106.44051784354369,106.89938675036424,2311200
2021-07-12,110.31061553955078,110.66558699734534,108.94266192894202,108.95131509721293,2730500
2021-07-13,108.75218200683594,110.2067134778354,108.2586806116114,109.84308226145345,1811300
2021-07-14,109.28898620605469,110.00758893475658,108.42319373754762,108.63098208045706,2133000
2021-07-15,109.89503479003906,110.3106180680878,109.09850732970709,109.37556064658222,1426900
2021-07-16,110.19807434082031,111.47944361149612,109.8517560008769,110.0595509681267,2633100
2021-07-19,109.7651596069336,111.31493540377016,108.9080269789679,110.01624019602896,2878200
2021-07-20,110.81277465820312,111.5746696419552,109.91234971078403,110.71753695955009,2453100
2021-07-21,109.86907196044922,110.99459827164283,109.47080819444477,110.6223072243276,1863500
2021-07-22,110.10281372070312,110.27597615737761,109.35823175668175,109.68723708362748,1448900
2021-07-23,110.72618865966797,110.89934449615329,109.66992088288093,110.4924276198656,1496400
2021-07-26,110.80411529541016,110.87337366789977,109.97294877081619,110.33658660237799,1874500
2021-07-27,111.85173034667969,111.99026031130954,110.12014542164016,110.47511689642768,1631900
2021-07-28,110.50108337402344,111.799778599945,110.10281965640883,111.799778599945,1914300
2021-07-29,110.72618865966797,111.19371073927269,110.26731974805728,110.77813408951921,1330200
2021-07-30,110.85604858398438,112.11145808178725,110.72618501363246,110.95995265120898,2156500
2021-08-02,111.21969604492188,112.20669883942203,110.86471799499323,111.44479731000317,2059100
2021-08-03,112.26734161376953,112.27599478512032,110.92536024127534,111.7478739028015,1888600
2021-08-04,111.60065460205078,112.70021484150172,111.25434286583511,112.33658355519148,1854300
2021-08-05,112.94261932373047,113.00323113480049,111.52272027360091,112.16341142474796,1662100
2021-08-06,112.30192565917969,112.94260350967598,111.51405149125041,112.47508147793701,3207800
2021-08-09,112.56169128417969,112.70022127094734,111.79113639783634,112.35390951497489,1055600
2021-08-10,111.99024200439453,112.7175043833997,111.47076132742376,112.56165489593151,2259300
2021-08-11,111.60065460205078,112.82142527027179,111.19373104597712,112.61364351292076,2527300
2021-08-12,112.6136245727539,112.70019588677468,111.30626958488635,112.01622569895267,1422000
2021-08-13,114.26727294921875,114.3538574703351,112.466423239732,112.8387208274006,1557600
2021-08-16,115.74779510498047,115.93827050143318,114.29325691488198,114.44044004651464,2972200
2021-08-17,116.0854263305664,116.18066400639351,115.17634182693337,115.44473531037121,2541600
2021-08-18,114.71748352050781,116.44041501007588,114.24996147595593,116.0421447261711,2719300
2021-08-19,115.2802505493164,115.45341959472704,114.1807037344304,114.3192204754382,1473800
2021-08-20,116.23263549804688,116.58761357038075,114.26728295294474,115.23697947275788,2488600
2021-08-23,115.4880599975586,116.6222460485053,115.26295870554348,116.1460575356416,1583500
2021-08-24,113.20235443115234,115.52267168359352,113.12443628706515,115.48804580098033,1986600
2021-08-25,113.01187133789062,113.69585467405462,112.28460895414922,113.01187133789062,2242200
2021-08-26,113.08980560302734,113.59196680939186,112.26730541763236,113.17639013241391,2526400
2021-08-27,113.68721771240234,113.91233223057732,113.03787329941312,113.80842814105583,1646100
2021-08-30,115.78241729736328,115.92094725599125,113.66122849828051,113.68720121415525,1491800
2021-08-31,116.58759307861328,116.90793199878716,114.95124617703392,115.74777349945406,2890900
2021-09-01,119.29753112792969,119.53996515835631,116.51834487209356,116.88197610131775,3575500
2021-09-02,119.88627624511719,120.04211253789236,118.50966948182801,119.26290465212892,2758800
2021-09-03,120.33649444580078,120.630860700993,118.2759042375672,119.51398106961071,2520000
2021-09-07,119.17630004882812,119.81699108116788,117.70445583982539,119.66115481464666,2737500
2021-09-08,119.94689178466797,120.86464296742123,118.50101983895938,118.80405251007879,2030700
2021-09-09,116.63957977294922,119.47937843540782,116.61360705190421,119.13306668084326,2566600
2021-09-10,115.69584655761719,117.17634421362679,115.60060886195416,116.99453520159813,1963500
2021-09-13,114.95989227294922,116.83865984357632,114.81270917784288,116.68282358203119,1713800
2021-09-14,114.76078796386719,115.73047124719335,114.04217866963658,115.36684001594604,1781400
2021-09-15,115.4014663696289,116.2759251727782,114.33654538728871,115.1590455478107,2223700
2021-09-16,115.33189392089844,116.32358412199198,114.49678009560094,115.40148784581355,2126400
2021-09-17,113.1832046508789,114.94910862597975,112.88744049046461,114.2792788608336,8745900
2021-09-20,112.26981353759766,113.32240326884599,111.08674350952123,112.18283109760635,2159500
2021-09-21,112.08714294433594,113.81824352091664,112.05233934882776,112.76566704623795,1793900
2021-09-22,113.09624481201172,113.5920965973227,112.13065058022978,112.7308866261598,2840600
2021-09-23,112.07842254638672,113.23539640113198,112.06972828534869,112.95703403742418,2275200
2021-09-24,111.26073455810547,112.38291163183412,110.87797463430427,112.00015170803292,2092800
2021-09-27,109.77317810058594,111.80005583278837,109.6861823988665,110.70397503215783,2126900
2021-09-28,109.24256896972656,109.74711498905853,107.78112967579958,108.95549899629539,3054100
2021-09-29,109.99066925048828,110.73878725793796,109.51221937240729,109.67750326426093,1608200
2021-09-30,109.11207580566406,111.06936010738956,109.05118278175073,110.65180320281104,3214000
2021-10-01,109.98197174072266,110.78228189159053,108.05078364509355,109.3556397489682,1708700
2021-10-04,110.32994079589844,110.66050197122709,108.9641915971381,109.46003667855193,2061900
2021-10-05,109.98197174072266,110.99975790890296,109.40783186933396,110.6517949538348,1924300
2021-10-06,111.16505432128906,111.1998512843976,108.30306881482171,109.74711291803688,2242600
2021-10-07,112.54818725585938,114.02702144695755,112.06973738629412,112.06973738629412,2559200
2021-10-08,111.80878448486328,112.42642230021794,111.60871023778411,112.18285018889951,1403400
2021-10-11,112.1654281616211,112.37419663442698,110.72138428086369,111.34771624664565,1468600
2021-10-12,115.07957458496094,115.66242184585022,112.07840895435733,112.50466661978518,2700100
2021-10-13,116.48014831542969,116.71502612824246,114.67075955161165,114.86212623300877,2165400
2021-10-14,118.07209014892578,118.3330640565888,116.40187572304049,116.65415536746568,1997400
2021-10-15,119.15945434570312,120.98625818000387,118.18516604670675,120.53390435246304,3509000
2021-10-18,121.60388946533203,122.49119537247674,118.53312902476365,119.05507679924486,2614700
2021-10-19,121.02104187011719,121.92574947562169,120.71658343020614,121.7778673864623,1843500
2021-10-20,124.76161193847656,124.78770799278593,121.04711868218143,121.73435017547374,2646500
2021-10-21,126.0838851928711,126.96248343559441,125.1182912425318,125.49234358318148,2939800
2021-10-22,125.26617431640625,126.90159806200407,124.99650620381969,126.05779013145043,2163100
2021-10-25,126.22309875488281,126.32748300636284,124.5789804256522,125.45757884753851,1793600
2021-10-26,127.2060317993164,127.77147724615635,126.01426781426802,126.21434197610793,1776800
2021-10-27,125.1443862915039,127.78019427211244,124.77032068018758,127.74540395355525,2049800
2021-10-28,127.58882904052734,127.64972869712271,125.45756671229701,125.72723485165868,1895700
2021-10-29,126.10131072998047,127.5366472601025,125.80553323260953,126.98860340104171,3743200
2021-11-01,125.90121459960938,126.69283050323553,123.52638016241391,126.39706629979815,1915800
2021-11-02,127.90198516845703,128.06726905368097,125.57934306113533,126.27526892191318,1720100
2021-11-03,128.4413299560547,128.85018592871666,126.92770537730695,128.24125573762947,1739300
2021-11-04,128.63272094726562,129.56352474852824,127.85850679353447,128.4326467116768,1598800
2021-11-05,127.60623931884766,129.69400392735184,127.38005574924253,129.5635236169517,2048400
2021-11-08,128.80670166015625,128.99806834323908,126.88420783035097,128.0846796912105,1166900
2021-11-09,129.1372528076172,129.6070084251142,128.58051474984163,129.259038842953,1761600
2021-11-10,129.4156494140625,130.16376754465892,128.62403341944724,128.62403341944724,1453400
2021-11-11,129.53741455078125,129.5722048721675,128.32824845895314,129.39822671787155,1291500
2021-11-12,129.45042419433594,130.41601825537612,128.3543498305942,129.72009233570773,1690000
2021-11-15,130.65957641601562,130.70307427017627,128.85017452712083,129.48521399576703,1502100
2021-11-16,130.02455139160156,131.2946037929647,129.47650762634288,130.75526756282542,1318200
2021-11-17,130.81614685058594,131.14670129162806,127.04946154002245,129.40689356981653,2039700
2021-11-18,130.99017333984375,131.9818635765387,130.05936949358286,130.92057941243021,1464400
2021-11-19,130.67701721191406,131.67740178775824,129.54613903464318,131.67740178775824,1979900
2021-11-22,131.26849365234375,132.756035166883,130.00713564773827,130.86834529022732,1588500
2021-11-23,132.72996520996094,133.3041050845116,130.18113937070686,131.24242340293105,1908200
2021-11-24,134.4088592529297,134.7220252168672,131.99052724895503,132.82564091068215,1256100
2021-11-26,130.38124084472656,133.3824075672259,130.28555085537457,133.25191397791818,1767300
2021-11-29,133.3388671875,133.99129510495203,130.87703758613944,131.56426909244968,3045500
2021-11-30,131.13804626464844,133.51288079877983,131.08585414116828,132.3037146013168,5225900
2021-12-01,131.96441650390625,136.3139359224508,130.5899667748046,132.41677024006526,3043300
2021-12-02,134.33058166503906,135.46145958357067,131.92965126812274,131.92965126812274,2729700
2021-12-03,134.53936767578125,137.01858632993944,132.44289566544242,134.6176558569932,2885200
2021-12-06,136.1834716796875,136.74020969984832,134.6263361112955,134.93950207724106,3254600
2021-12-07,138.5757598876953,138.73233629286025,136.1139290860063,137.12302127602393,2800200
2021-12-08,138.697509765625,140.1502479981836,137.81020388018624,138.5148240669206,2202800
2021-12-09,137.0620880126953,138.6975119699502,136.46185205929078,138.37565170019892,2165700
2021-12-10,138.38433837890625,138.96717250172102,136.67932059417691,137.44484040858794,2024800
2021-12-13,140.68125915527344,141.31008133785627,137.38867818903512,138.19217023867836,2550000
2021-12-14,138.62887573242188,140.48914279067668,137.2489608871506,140.2271312811894,3268800
2021-12-15,141.97389221191406,142.51537302676067,138.95206358694534,139.3363321264241,2979300
2021-12-16,142.5764617919922,143.22275499212677,141.36248816339125,141.77296970143578,3772300
2021-12-17,140.7686004638672,144.17472315608273,140.43673168365098,142.2358568012798,6983700
2021-12-20,140.9520263671875,141.81666036498075,139.04810179764132,139.81665202477615,2230800
2021-12-21,140.42799377441406,142.96075380057923,139.8166425013598,141.69438045072576,2185800
2021-12-22,141.7117919921875,141.93887476717575,140.18340764372212,140.87337146955784,2136800
2021-12-23,141.26641845703125,142.31445104458945,139.98257420617378,141.93891147568453,3047800
2021-12-27,144.88217163085938,144.9433134308485,142.01754237147344,142.01754237147344,1591000
2021-12-28,144.7947998046875,144.94328319469778,143.2489573819256,144.94328319469778,1749300
2021-12-29,146.4454803466797,147.21404394042986,144.59395531787413,144.94330846342416,1399600
2021-12-30,146.69874572753906,147.45856707392815,145.5808424466496,146.36686361005496,1504800
2021-12-31,147.03936767578125,148.41054039923029,146.3668745603153,146.79482714769532,2025800
2022-01-03,144.0175018310547,147.6244939947178,141.51968401186977,147.12668419262502,3437500
2022-01-04,140.6114044189453,144.39306677050558,139.82538326519906,143.37996277013093,4209300
2022-01-05,137.6856231689453,140.899604807731,137.4410826811141,140.61139351997483,3818200
2022-01-06,136.742431640625,137.51098190809932,135.6769278677471,137.49351091920266,3090400
2022-01-07,134.26205444335938,136.97821318186575,134.0000429479602,136.6812730394272,3449000
2022-01-10,133.64193725585938,133.9126775062732,130.8471798422178,133.08298577313104,4169500
2022-01-11,133.61573791503906,134.4279586691304,132.2270813678418,133.83407854697174,2656500
2022-01-12,133.83407592773438,135.3711891489342,133.62446412765763,133.62446412765763,2635800
2022-01-13,133.75552368164062,134.83849848226893,133.53718295520866,133.92146476596258,2108000
2022-01-14,133.39744567871094,133.7642564742595,131.53717855528802,133.40617450963134,2330300
2022-01-18,134.00006103515625,134.1572732841994,131.44111417906856,132.3756188626239,4121300
2022-01-19,134.13980102539062,139.04810945412223,134.06993039608392,136.02626803729189,4361800
2022-01-20,134.62014770507812,137.1179659620308,132.41926961555282,132.7424229285385,3494800
2022-01-21,135.74671936035156,137.90392568040795,135.17031027080415,137.24890384216704,4375000
2022-01-24,133.89524841308594,135.73804444970324,130.244598314584,135.73804444970324,5717800
2022-01-25,134.46295166015625,135.11797380452742,131.68565083826348,131.88652056446193,3755500
2022-01-26,132.50660705566406,136.8734211207032,131.63324424265625,134.63761445163658,3698400
2022-01-27,129.79042053222656,134.6288436221919,128.89958692127408,132.62012024124598,4062400
2022-01-28,135.43235778808594,135.4672864318006,127.85156276213152,130.4105223556975,3645200
2022-01-31,136.96075439453125,137.35376497116684,134.87340460511808,135.55463981813338,3260500
2022-02-01,134.0786590576172,137.554639225364,133.03935520679218,137.47603977272814,3349800
2022-02-02,137.40615844726562,137.95638122577446,135.12668121317435,135.12668121317435,2910600
2022-02-03,136.62887573242188,137.79917866181572,136.0524530980189,136.29699361083377,1968300
2022-02-04,134.0524444580078,136.0524391600225,133.26641003895006,135.3974171407029,1929800
2022-02-07,132.79481506347656,134.8384807964764,132.43673312074466,133.8515765779817,3816300
2022-02-08,132.04371643066406,133.47603080897176,131.37122338111448,133.26641895124698,2459600
2022-02-09,135.6943817138672,135.86906494500113,133.362504503992,133.362504503992,2278900
2022-02-10,129.63323974609375,134.55027679223514,128.63760664307597,133.25770352242205,3093900
2022-02-11,127.78170776367188,131.0655603853441,126.78607471542114,130.4367381099796,4395500
2022-02-14,126.93455505371094,129.31884525993658,126.09613416974165,127.5459063912843,3180100
2022-02-15,127.17909240722656,128.87341844787295,126.82975260205507,127.99132677761635,3064100
2022-02-16,126.09608459472656,128.3318905082444,124.66377059847576,127.62446900100136,2245600
2022-02-17,125.1353988647461,125.80789183363828,124.192165607801,125.10919905148009,2703900
2022-02-18,124.49786376953125,125.97384896220764,123.97384078435282,124.98694478158679,2485200
2022-02-22,124.3406753540039,126.14854300525468,123.70312415023355,124.94329790442083,3244000
2022-02-23,122.93453216552734,125.89523126521092,122.7773332719929,125.04806835727732,2362800
2022-02-24,125.17908477783203,125.48475374499728,120.43671810719542,120.93454127227476,3439800
2022-02-25,129.6506805419922,129.70308016787598,125.46727938264279,125.63322041557893,2934600
2022-02-28,127.3799819946289,128.73368380400782,125.66818487790779,127.93893370747375,4213200
2022-03-01,127.30133819580078,128.98693508149353,126.69872914671085,128.14850105324228,3458300
2022-03-02,128.94329833984375,129.72059078969568,127.2664431668978,127.73805327041435,2816600
2022-03-03,130.6376190185547,131.42364026690808,128.64635275136362,130.00879668928806,2248600
2022-03-04,131.73802185058594,131.84283443290184,128.5939242367002,129.2838748818676,2780800
2022-03-07,130.05245971679688,132.0873966708036,129.72930641390877,131.51970284632714,2590700
2022-03-08,128.3756103515625,131.26643925806536,128.157269638667,129.52844238589176,3021400
2022-03-09,131.42361450195312,132.7511295286476,129.53716121044292,130.28824033411405,1895100
2022-03-10,131.9476318359375,132.3493711953942,129.06553240217045,130.12230708091911,1988400
2022-03-11,129.10922241210938,133.23149583320847,128.97820999817336,132.9432845142995,1997400
2022-03-14,130.279541015625,131.26644534816708,128.90836820478472,129.60704785729789,2391400
2022-03-15,132.6114044189453,133.49350937631326,130.54153884639294,132.24459364193976,2171300
2022-03-16,134.99569702148438,135.60704832809753,131.98258464164275,133.97385079830218,3752700
2022-03-17,137.5238800048828,137.5765488217841,133.5033284440989,134.9517744885553,2218700
2022-03-18,140.5963897705078,140.8333995090943,137.17276842456815,137.17276842456815,6604900
2022-03-21,139.50782775878906,141.20208409915784,138.07692892253533,140.85093629536476,2702000
2022-03-22,139.28839111328125,141.1494279346635,138.31397754464928,140.5876047398167,3374100
2022-03-23,138.02426147460938,139.63951459829784,137.7257958846036,138.71777002217956,2477400
2022-03-24,136.8479461669922,138.61241868700233,135.28537526391793,138.26128427538174,2515600
2022-03-25,138.112060546875,138.18229011279308,135.4433906216682,137.0761911932334,1896400
2022-03-28,140.7631378173828,141.34250816373927,137.9013405834716,138.28759641098725,2675600
2022-03-29,144.58180236816406,144.98561901069428,140.64904056554653,141.93069326699526,3299900
2022-03-30,144.09022521972656,144.1867892064379,142.264296540498,143.7303036879005,2368900
2022-03-31,141.75514221191406,145.3016619107939,141.68491264021216,144.74861240546713,3933500
2022-04-01,145.5474395751953,145.91613473195702,140.9913988464151,142.29939933188737,2867300
2022-04-04,143.774169921875,146.10925247993683,142.360831888829,145.8371213162,2448100
2022-04-05,145.96881103515625,147.76840515519655,143.2738200863475,143.52839054278087,3289000
2022-04-06,149.33096313476562,149.813782987516,143.97607639502326,144.8451521299739,3123000
2022-04-07,148.20733642578125,149.13785477603406,146.35507339832535,147.86497564795388,3142100
2022-04-08,148.04930114746094,148.69891454842832,146.49551729927626,147.6542715825821,1839600
2022-04-11,145.4860076904297,148.65504522195477,144.33602687948863,147.7684219649893,2455300
2022-04-12,145.13485717773438,146.42529699419225,144.26578136412394,145.3104243960108,3062200
2022-04-13,144.84519958496094,145.76694444312264,143.5459857877471,145.07343568334667,2556500
2022-04-14,142.82611083984375,146.05660396223544,142.65931729180969,145.6879087799645,2434100
2022-04-18,143.0894775390625,144.04633033972667,142.36963447402775,142.7120086597793,2502200
2022-04-19,148.84815979003906,149.4099829369343,145.06463057009702,145.85468976591457,3839500
2022-04-20,151.5782470703125,152.8247915515442,148.9095909151959,148.9095909151959,4116400
2022-04-21,149.9191131591797,153.21982194227735,149.89277874988005,153.09692356723963,2620300
2022-04-22,148.11956787109375,150.9901399806057,148.03179094294234,150.21762800130642,3139800
2022-04-25,147.2416534423828,148.45308971424646,143.44935158359604,148.45308971424646,2558300
2022-04-26,145.39820861816406,148.72525213825855,145.1611855162035,146.96077956679983,2605300
2022-04-27,147.1890106201172,149.46263740276754,145.02950854842246,145.71423002431777,2790900
2022-04-28,151.87669372558594,152.71943489826862,146.416470325994,148.16339515342395,4046000
2022-04-29,140.71046447753906,149.4626234479527,140.14864143708252,149.4626234479527,9997100
2022-05-02,134.42507934570312,141.71121845666337,131.30871137931254,141.28985450640806,5868000
2022-05-03,133.74911499023438,135.99640697282453,132.31821639721403,135.31168561547025,4047600
2022-05-04,133.67892456054688,134.17051815123136,128.82441776015645,133.86327885451394,5070200
2022-05-05,127.27063751220703,134.4514545584716,126.59470293133161,133.57360491532918,5461500
2022-05-06,123.67144775390625,127.08628193622907,122.3985552021665,126.35766520903411,6534300
2022-05-09,116.20094299316406,122.41611954003591,115.99026766966016,122.33711629372193,5611100
2022-05-10,110.09109497070312,118.80813296452398,109.0640060966102,117.68448681940764,11362600
2022-05-11,108.62506866455078,113.66392168580899,108.43194075023263,110.17886564977694,8548500
2022-05-12,108.79188537597656,108.8708886137071,105.71063185274656,108.30029181464892,8153100
2022-05-13,112.67198181152344,112.93532592952677,109.31859049647251,110.00331199312028,6521900
2022-05-16,109.95064544677734,112.80365620687336,109.71362903820557,111.87313791753691,3719300
2022-05-17,110.52125549316406,111.00406870887788,108.17739889094132,110.96018025151861,3838000
2022-05-18,104.92935180664062,111.31132155257323,104.66600096973765,110.65293441412534,4898000
2022-05-19,105.09613037109375,106.43923887040098,103.77057591275931,104.06904818897168,5056100
2022-05-20,105.09613037109375,106.5709176188047,103.48088400576303,106.31634049121335,5146000
2022-05-23,105.76329803466797,107.25563932687642,103.77935652708854,106.84304903971803,5979100
2022-05-24,105.41217041015625,105.63163278691084,102.15534954281333,104.6747733415815,5617300
2022-05-25,105.3682632446289,106.37779140211343,104.40263023647567,105.18391567286452,4249500
2022-05-26,107.4136734008789,108.30030333757466,105.11370512752994,105.88621703176415,5025600
2022-05-27,111.71511840820312,112.5666267147348,107.86136001283933,107.90524846510576,4177000
2022-05-31,111.90824127197266,112.85631350690441,109.94185384980042,110.95138197054308,14792700
2022-06-01,110.48612213134766,113.33035890941835,108.70408898365805,112.67197188258963,4044300
2022-06-02,113.71661376953125,113.76050892175255,110.13499304343397,110.95139331354686,3674200
2022-06-03,111.99603271484375,113.35670202038784,111.51321284579012,112.39106228228059,3217200
2022-06-06,112.25060272216797,113.6639340634447,111.73266810487165,113.01433409446892,3212300
2022-06-07,113.8395004272461,113.99752027997432,110.42467359454754,111.59221486973198,3771100
2022-06-08,109.5292739868164,113.31280970710853,109.24836242800339,112.34717664227999,3238700
2022-06-09,107.24687194824219,110.67926671252397,107.21175716450092,109.07280051802697,2841000
2022-06-10,102.9190673828125,106.0178748618936,102.82250340775957,105.34193373398284,5701500
2022-06-13,95.18522644042969,96.80924675932718,93.45586176503737,95.55392164197086,15213000
2022-06-14,97.142822265625,97.85387816898753,94.28981158502457,95.87871692857185,6605100
2022-06-15,101.75814056396484,103.33195365027863,97.86783548406419,98.36296374973517,7486900
2022-06-16,98.84040069580078,100.75902925623689,97.38153308124743,97.6202604294991,5326600
2022-06-17,97.57605743408203,100.72367001401484,97.3726973340271,99.4681623833244,7180500
2022-06-21,99.34437561035156,99.98980965588957,98.47789446882649,98.66356755366411,3729800
2022-06-22,102.08528137207031,103.25237422955934,97.71752160064753,97.92972520791216,4252600
2022-06-23,104.54325866699219,104.9941829414504,102.09413416771372,102.85451363224435,3783700
2022-06-24,108.38933563232422,108.42470289546324,104.71122795887044,105.65728032458814,4716700
2022-06-27,106.28504180908203,108.59270361846289,105.90485213466559,108.10641214690132,3782100
2022-06-28,105.17984008789062,108.84026777045963,104.8526979391256,107.5759166895789,3369300
2022-06-29,104.60514831542969,105.01186180921025,103.11091991875307,104.64051558605632,2828300
2022-06-30,104.02159881591797,105.3566845310813,101.98802472648023,103.67677638053925,4525900
2022-07-01,106.12589263916016,106.43534778259261,103.6679250061592,104.23378776718319,2672700
2022-07-05,107.36371612548828,107.39023988746182,104.18073652196065,105.55118260698241,4218100
2022-07-06,107.39024353027344,109.24698113317942,106.78901350455361,107.55823635595897,2983600
2022-07-07,108.37165832519531,109.60064208388232,107.3283476438334,107.4963404619153,3617400
2022-07-08,107.49635314941406,108.53966395391507,106.59450467240272,107.46982938461079,2098200
2022-07-11,107.67317199707031,108.45123833025409,106.53260300506629,107.195724041421,2399400
2022-07-12,106.90396118164062,108.6811207898281,106.09052754361463,106.99237597505622,2661700
2022-07-13,106.77133178710938,107.74390797101174,104.764281645957,105.19752558569381,2728900
2022-07-14,104.44598388671875,105.40972332166766,103.57066598837548,104.4017798640321,3369900
2022-07-15,106.99237823486328,107.43445895689489,104.81734189194172,106.13474055482331,2726600
2022-07-18,105.39205932617188,109.88360184347621,105.22407321030059,109.0790183005076,4337300
2022-07-19,110.61744689941406,110.7323854671295,106.01096624829842,106.60335284021312,3884600
2022-07-20,110.13999938964844,112.66870185613486,109.63602759713147,110.61744741607774,3235600
2022-07-21,111.12140655517578,111.13908681534863,108.81374472968334,110.19303437411882,3093800
2022-07-22,112.20010375976562,113.01353077925552,111.41320050788255,112.03211090409933,2940600
2022-07-25,112.73942565917969,113.47327451831188,111.36012924342685,111.91715526068687,2436200
2022-07-26,112.81014251708984,113.84460966946689,112.06745022685476,113.07539361823993,3338300
2022-07-27,112.6333236694336,113.28760798239418,110.76774251842417,112.42997031872622,2087000
2022-07-28,117.06297302246094,117.29286363863976,113.5970616851982,114.08335319107648,2962300
2022-07-29,117.20442199707031,117.7260739360898,116.27604991617889,116.47056648517446,3273700
2022-08-01,115.80746459960938,117.23096509411607,115.61294799852895,116.89499291234985,2615200
2022-08-02,114.38397216796875,116.34681183269737,114.33092463506811,115.17087538554127,2829200
2022-08-03,115.57758331298828,117.52273576249354,115.25044790078815,115.71905237981154,3589600
2022-08-04,115.6041030883789,115.9577622520034,113.93303858147344,115.33001521288509,2062600
2022-08-05,116.16999053955078,116.32914664087676,113.63245109848967,114.36630683567928,1687300
2022-08-08,116.01966094970703,118.47762858279783,115.13549954237271,117.27516852917387,2318800
2022-08-09,117.50505828857422,117.6111668429158,115.68368775197797,116.63858379364893,2458000
2022-08-10,118.84014892578125,119.79504495245874,117.52274345086595,119.52979380762049,2340300
2022-08-11,118.68098449707031,120.06912441241462,118.0885979602856,119.69777823224656,1800700
2022-08-12,121.34232330322266,121.50146588980574,119.36179678126732,119.88344880337837,2609000
2022-08-15,122.35026550292969,122.42983679536123,120.73224843398971,121.35115874940125,1973200
2022-08-16,121.22737884521484,122.77466140691521,121.17433131598243,121.99659500155124,1821700
2022-08-17,121.47492218017578,121.97890060407278,119.77733407918709,120.35203353579817,1453500
2022-08-18,120.80299377441406,122.2176441231453,120.61731391756533,122.15575983168522,1750600
2022-08-19,118.54834747314453,120.99747802586904,118.03553230560323,120.95326726308899,2493000
2022-08-22,115.77208709716797,117.61114428868504,115.56873376813053,117.23979814778707,2022100
2022-08-23,113.57938385009766,115.64831836962553,113.17266365394883,115.01172105727343,2103700
2022-08-24,115.9312515258789,116.38218252512493,114.1187312444433,114.26903708044736,2644000
2022-08-25,117.39896392822266,117.41665093592444,115.97546336099302,116.54132618634452,2572600
2022-08-26,113.48212432861328,117.43432697882407,113.41138979564457,117.41663997277372,1626000
2022-08-29,112.54491424560547,113.37602143979412,112.04094247788913,112.71290708338314,2136000
2022-08-30,111.09488677978516,113.08425002864301,110.7677446171066,112.87205317087079,2250000
2022-08-31,110.0869369506836,113.22570584901938,110.03388268007527,112.34154445586292,3730100
2022-09-01,109.90128326416016,110.0162218371343,107.43447173241016,109.11438002501902,3166500
2022-09-02,107.77043914794922,111.4220235265646,107.36372568835851,111.0418338313099,2297400
2022-09-06,109.45918273925781,109.81284189863253,107.71738372231148,108.49544331679834,2649300
2022-09-07,111.96136474609375,112.23545938937228,109.39730187435607,109.77749157705638,2452900
2022-09-08,113.09310150146484,113.25224409679635,110.56439905395992,110.84733046613306,3057300
2022-09-09,114.61385345458984,114.9233018683595,112.91625833838336,113.48212787419656,3516100
2022-09-12,115.1178207397461,115.5068539452921,114.32208081293534,114.58733195228338,2534100
2022-09-13,110.59091186523438,113.03119252389872,110.32566074138914,112.14703110523637,3304000
2022-09-14,107.73471069335938,110.11932461118121,106.8983141824206,109.39859721385427,4065800
2022-09-15,103.41036987304688,107.64573019256132,103.34808546195805,107.36989341046085,4861200
2022-09-16,101.14142608642578,103.06335671242037,99.57541608208768,103.06335671242037,9335500
2022-09-19,100.36732482910156,100.37621775363144,98.08948027843157,99.85125008970437,4493100
2022-09-20,98.70343780517578,99.73558056145754,97.7958638851954,99.6555035046177,5188300
2022-09-21,96.58573913574219,99.77115024903482,96.55014707785462,99.16609884192783,4640100
2022-09-22,96.57685089111328,97.68907737531835,95.66037735428698,96.09636823531768,4918400
2022-09-23,96.6302490234375,97.32427735990561,95.42014589731623,95.68708300603136,5598800
2022-09-26,92.67962646484375,95.50912457343067,91.46952331461513,95.3222713090047,7135400
2022-09-27,91.00682067871094,94.97524404351427,90.57082978847589,94.07656991301842,6329300
2022-09-28,92.4749755859375,92.82198976789044,89.72554769604925,91.64747866239749,7846600
2022-09-29,90.03695678710938,91.86990378473452,89.6276582725179,91.3716285127956,7320700
2022-09-30,90.40178680419922,92.32371784249582,90.09926439363022,90.96235341794899,18072100
2022-10-03,92.8575668334961,94.9307586645037,91.10469677845929,92.09235445628721,4863700
2022-10-04,94.30791473388672,94.87737420256491,93.10671137928406,94.19224561285571,5980500
2022-10-05,93.81855010986328,94.4858861393887,91.74535788223265,93.24909057441438,5311400
2022-10-06,90.68650817871094,94.29012514766167,90.35729344339188,94.21894101464956,5068300
2022-10-07,89.2984390258789,90.18822019848551,88.69338755696674,89.80561402272501,5762300
2022-10-10,87.99937438964844,90.00138237065842,87.93708996844562,89.60987641538767,4587900
2022-10-11,89.53868865966797,89.98357930412551,87.24305809352134,88.35528470466521,6385500
2022-10-12,89.3607406616211,90.7221050319675,88.5510363799943,89.30735595329156,5937100
2022-10-13,91.22038269042969,91.78094929586064,87.22526625633283,87.62567194428253,6307600
2022-10-14,88.5599365234375,92.54615995135694,88.4442673919986,92.54615995135694,4480000
2022-10-17,93.6317138671875,94.01432019858196,90.73102416378991,91.39836031469923,5103500
2022-10-18,94.18336486816406,96.88830128341272,93.22239927554406,96.30994198478992,5311100
2022-10-19,90.7665786743164,94.29011127821731,89.7344292629407,93.16008539547005,5924500
2022-10-20,91.16697692871094,93.77403600161657,90.65090222616504,91.13138486765693,4282500
2022-10-21,91.71864318847656,92.06565729623256,89.54757499554867,91.1936687764281,3971600
2022-10-24,91.97669219970703,92.88426610694634,90.95344238288864,92.39488369370943,3377500
2022-10-25,96.3900146484375,96.65694497860731,92.50166773034483,92.51056744456504,7074100
2022-10-26,97.76026916503906,99.46864754949591,96.74591907498703,96.74591907498703,5076500
2022-10-27,98.77461242675781,99.166111536657,97.09292651011188,98.48098300296458,4371100
2022-10-28,100.5274887084961,100.95457990735069,97.5289234492587,98.2407511653393,4179900
2022-10-31,98.54328155517578,99.78897676549055,98.29414387081137,98.97037957729529,5411300
2022-11-01,96.58573913574219,99.87792642269754,96.33659473052914,99.83343465321535,4599500
2022-11-02,94.97525024414062,99.10383476713227,94.92186554060379,95.82943944319142,5729100
2022-11-03,96.10526275634766,96.61243773420783,92.28810085414055,94.56593839842603,5625500
2022-11-04,95.75827026367188,97.7335791363238,94.15666113612396,96.80821251651044,3541000
2022-11-07,96.92388153076172,97.32428041792262,95.313379479457,96.78151325804227,2963200
2022-11-08,97.65349578857422,99.17502096756297,96.38110828261392,96.90608276948885,2438400
2022-11-09,96.79930114746094,99.51312983486912,96.67473231792704,97.6001056148161,4043600
2022-11-10,105.29669952392578,105.4479674808218,101.81765870816488,101.98671930137668,3705400
2022-11-11,103.33030700683594,106.25768849908175,103.17904580470754,105.73272075457977,3258300
2022-11-14,100.10037994384766,102.86759987915245,100.00250347371214,102.86759987915245,2967000
2022-11-15,100.32283782958984,102.01342359417275,98.97037329101892,101.56853296078211,3110000
2022-11-16,101.1236572265625,101.79989298972811,99.32629500129217,99.61992449183039,3512600
2022-11-17,99.93134307861328,100.99018507684691,98.24965683935581,99.48645239545537,3384300
2022-11-18,101.93333435058594,102.4316164497635,100.62535487154429,101.64860463183817,3336800
2022-11-21,102.28034973144531,102.86760860205648,100.8478014072488,102.01341943538827,2992000
2022-11-22,103.01886749267578,103.25021250824447,101.44395773661225,102.76972983982884,2306100
2022-11-23,102.79642486572266,103.214623131812,101.6130141954043,103.0455625250545,1585300
2022-11-25,103.5616455078125,104.0510279407797,102.55619507738935,103.31250782866289,1341300
2022-11-28,99.17500305175781,103.9709227566578,98.69452043121886,102.8231042945633,3910600
2022-11-29,101.2660140991211,101.54185093605152,98.9970757111663,99.29959811416306,2635100
2022-11-30,104.80734252929688,104.83403488274615,100.09149881646543,100.77663423462975,8839700
2022-12-01,104.19339752197266,106.31997446243219,102.98329431043588,105.92847527410662,2784300
2022-12-02,104.051025390625,105.01198401686563,102.16468662709258,102.82312287563525,3014000
2022-12-05,101.66641235351562,103.4281755106192,101.20372227998867,103.21462990125657,3170000
2022-12-06,101.96893310546875,103.32140444964243,101.44396540990262,102.2091778520948,3256000
2022-12-07,103.21463775634766,104.23788767801005,100.79443137107441,101.23042233668093,3381700
2022-12-08,104.63826751708984,105.57254049029717,103.09894984625254,103.35698720826686,4759700
2022-12-09,103.4993667602539,105.04758441445628,103.38369762816457,104.15780306101927,2515900
2022-12-12,105.02086639404297,105.31449579815563,102.64515239020338,103.5705255862458,2467900
2022-12-13,107.74362182617188,109.32743835227906,105.5191684219963,109.2295618594159,3754500
2022-12-14,108.17961120605469,110.09264234324122,107.51227523646584,108.10842707339367,4141400
2022-12-15,105.5191650390625,107.56566482069069,104.91412024947775,106.56910728371206,4284500
2022-12-16,100.5387954711914,103.74557628667003,99.4101574417132,103.23499998742481,13002600
2022-12-19,100.38652038574219,101.470375102356,99.54451472406792,100.3059063121016,3339900
2022-12-20,100.48506164550781,101.44351221604259,98.63982202078179,99.79533834425202,2738400
2022-12-21,102.06159210205078,103.60228070342858,100.66421971516304,100.82545472772628,3482500
2022-12-22,101.46141815185547,101.52412026642729,99.40120093448311,101.33601392271184,2467600
2022-12-23,101.7749252319336,102.23175194859625,100.44921472890812,100.84334617137841,1521900
2022-12-27,101.47933959960938,101.9361732085847,100.53880102242809,101.5689130750509,1683300
2022-12-28,98.93540954589844,102.07052899341559,98.72043184016518,101.66744494091346,2623600
2022-12-29,102.08843994140625,102.23175612287265,99.56242988265099,100.39547611660312,3043100
2022-12-30,100.97771453857422,102.04365042832342,99.74157744136097,101.30913705442148,2138400
2023-01-03,100.94188690185547,103.93368320399209,99.58930493757528,102.09740312953642,2170100
2023-01-04,104.76673889160156,105.69831810857289,102.1959383553244,102.67964334302211,3059500
2023-01-05,101.08521270751953,104.04118536975133,100.7000405949744,103.61122310043785,3079500
2023-01-06,104.48904418945312,105.06232257463482,101.00458372820103,101.57786211338274,3995900
2023-01-09,103.9605484008789,106.2267905694303,103.9605484008789,105.25042817561886,2504400
2023-01-10,103.95159912109375,104.05013198666586,102.38403950301446,103.54850826174852,3097800
2023-01-11,108.34076690673828,108.3945164581981,105.07129069402492,105.11607401388711,3084500
2023-01-12,109.3887939453125,109.89041084810613,107.70478262761775,108.63636175710431,2608500
2023-01-13,109.19172668457031,109.73813373206151,107.63312644835847,107.84810414169377,2283300
2023-01-17,108.76176452636719,110.20391993660462,108.29597838487015,109.63960092851862,3057000
2023-01-18,109.86353302001953,112.27309135818861,108.73488822118647,109.7202100082235,4245300
2023-01-19,108.64531707763672,111.66399144643243,108.60052692698893,110.16808652341666,3875800
2023-01-20,110.01581573486328,110.15017935863828,107.1225454611102,108.51991758074539,3281100
2023-01-23,112.927001953125,113.23155996669385,109.32609634622388,110.33828959087093,3011200
2023-01-24,113.22259521484375,113.75108347225532,109.16485619648577,113.22259521484375,2142800
2023-01-25,112.58662414550781,113.0882410874057,111.41318903639913,111.95959613411718,2436800
2023-01-26,114.70954132080078,114.77225027131873,112.84638978737058,113.48237035015939,2071900
2023-01-27,116.30397033691406,117.27138026040112,114.31541460621473,114.62892518308053,2824100
2023-01-30,114.46768951416016,116.68914856589927,114.44081815544854,115.01408975400491,2538100
2023-01-31,115.8023681640625,116.20545226651525,113.72423186040119,113.89442626695714,4350100
2023-02-01,117.25347137451172,118.19401001861429,114.2975054705096,115.62321623703284,2845600
2023-02-02,120.46920776367188,122.42193272355988,118.03277101156705,118.74937246831011,3111700
2023-02-03,117.89840698242188,118.973316060199,116.40250870642731,118.19400561200692,3303400
2023-02-06,117.7371597290039,118.00588695487066,115.78442131120435,116.0352297438708,2539700
2023-02-07,116.68913269042969,117.85360819230544,115.2290586149062,116.50998576737976,3638600
2023-02-08,116.26813507080078,117.47738710615262,115.74859940324392,115.97253648401663,1980000
2023-02-09,114.69161987304688,117.43262147614467,114.27958326044903,116.5995683513113,2467300
2023-02-10,114.73639678955078,114.99617145138106,112.64034904198056,113.92126938794587,2303600
2023-02-13,115.81129455566406,116.25916871673452,114.84389839562242,114.9424312577793,1755600
2023-02-14,114.41395568847656,116.66228627365747,113.64361145345869,115.22908324682147,1859100
2023-02-15,114.23478698730469,114.26165834459833,113.18676304874646,113.41965953532083,1733800
2023-02-16,112.67619323730469,113.87649282555921,111.23403775146464,112.00438193026186,1782200
2023-02-17,112.25518035888672,112.71201392037239,110.60700671323889,112.53286015409496,2623200
2023-02-21,110.60702514648438,111.65504922630076,109.86355226906856,111.11760150593481,2448600
2023-02-22,110.08747100830078,111.70877329701416,109.4335717211192,111.28777048891308,2526300
2023-02-23,111.08175659179688,111.75356786515148,109.55898027178252,110.83990070633934,1844100
2023-02-24,108.72593688964844,110.2845440054685,108.26911013220057,110.26662521065613,2517900
2023-02-27,110.09644317626953,110.7413763074303,108.74386112896468,110.53535799489813,2439300
2023-02-28,110.53534698486328,112.36267442618397,109.55002517354794,110.05164205915919,5780900
2023-03-01,108.50199127197266,109.8187423925463,108.25118283643812,109.05735768924008,3757800
2023-03-02,111.628173828125,111.74461866588695,107.53460370226246,107.7406220178427,2591400
2023-03-03,113.71524810791016,113.99293473819183,112.34475425225865,112.77471645894218,2529400
2023-03-06,113.90337371826172,114.51247609042744,113.3211358715536,114.2168843021759,1961600
2023-03-07,110.91156005859375,113.88544429744503,110.71449432879955,113.58984570275373,2242200
2023-03-08,112.02227783203125,112.74783858675376,110.42784698533586,110.42784698533586,2018700
2023-03-09,108.65428161621094,112.47016480816569,108.30494029348294,112.15665424084798,2491300
2023-03-10,104.78463745117188,109.11109647654874,104.29197316050988,108.3855425521348,3717100
2023-03-13,106.02973175048828,108.23327181115297,104.30093720889943,104.55174564659856,3314600
2023-03-14,107.33753204345703,108.77968750922463,106.10139488193171,108.5199196540348,4342500
2023-03-15,107.4987564086914,108.64531315004419,105.6803884360131,105.9222374723227,4416000
2023-03-16,108.35592651367188,109.69131780249053,105.4866529421958,106.08216034331977,4409600
2023-03-17,104.69263458251953,108.19352174659973,104.62947460192642,107.17393035198307,6508900
2023-03-20,107.10174560546875,107.18295522851416,104.21442237126216,105.59492400773973,3851100
2023-03-21,106.79499053955078,108.74393236693933,105.97390375360303,108.38302205796126,4078800
2023-03-22,102.96927642822266,106.90325905413839,102.88806679657199,106.26262747486624,3472200
2023-03-23,102.996337890625,106.00096328863651,102.65346350790875,103.57380256434277,4007100
2023-03-24,105.59492492675781,105.65808490793323,102.16622941678692,102.18427217544205,3721400
2023-03-27,105.62200927734375,106.94837597654939,105.26109897556276,105.87464924215953,3087500
2023-03-28,105.25205993652344,105.71222945823901,104.3317208930923,104.78286559330549,1853300
2023-03-29,108.16646575927734,108.26571815772327,106.56039150649468,106.9032659316434,2591100
2023-03-30,110.00713348388672,110.32293343008129,108.83416127174651,109.17702880134026,3384600
2023-03-31,112.57864379882812,112.68692100349126,110.70188710545253,110.95452703241145,5305300
2023-04-03,111.67635345458984,114.02231134806587,110.85527369901057,111.84779063952337,2966400
2023-04-04,111.95606994628906,112.40721464444408,110.9364785227488,111.67635555236615,2822100
2023-04-05,110.32291412353516,112.20870241609354,110.22366862974702,111.6673301910828,2546700
2023-04-06,110.75603485107422,110.78310243433528,109.31237304446387,110.32293286712986,2104800
2023-04-10,111.64929962158203,111.72148443295994,108.92438838932947,110.02518266911393,2936700
2023-04-11,110.683837890625,112.26284432414452,110.56654274806108,111.82072445025715,2553600
2023-04-12,110.81016540527344,112.47940639873184,110.69287025471695,112.22675956965892,2576300
2023-04-13,110.00713348388672,111.19815534090807,108.68076682594696,110.90942297811267,2608800
2023-04-14,108.05818176269531,111.10791749292503,107.30927989960537,110.29585564643726,2957500
2023-04-17,111.10791015625,111.24325493571453,108.01305740627168,108.27472214419072,4269800
2023-04-18,111.62223052978516,112.87641235385627,110.45827627675583,111.89292012683288,3968800
2023-04-19,112.93054962158203,113.15612198159582,110.75602876676656,111.79366299961438,2855800
2023-04-20,111.20718383789062,112.74107327518898,110.97258663414193,112.42527331855965,2285900
2023-04-21,111.50493621826172,112.7320504686836,111.19815421369502,112.01021612705104,2703900
2023-04-24,111.15303039550781,112.23577489278082,109.88982389274156,111.91095016681459,2281900
2023-04-25,108.85218811035156,111.12596115820143,108.6175909486702,110.63872407651931,3146700
2023-04-26,107.43558502197266,109.41160076141215,106.81300321170083,108.82511134865531,2321200
2023-04-27,110.2417221069336,110.88234677194512,107.71530896599849,108.45518601837031,3347100
2023-04-28,113.01175689697266,113.4358340522252,110.404140861401,110.7109159790342,3621000
2023-05-01,110.4402084350586,113.19218658842942,110.17854371971603,112.79518398922076,1787500
2023-05-02,110.51240539550781,111.38762030451909,109.41161125940343,110.53947297526094,2426200
2023-05-03,112.02825927734375,113.8959981278264,110.35000038167273,111.37860978431986,3323200
2023-05-04,112.67790222167969,112.8312966574882,110.46729585837845,112.00118514508681,2740400
2023-05-05,114.81632995605469,114.99678508846787,113.54409855559892,113.74260333160666,1994000
2023-05-08,114.92461395263672,115.34868422724306,114.02232446944268,114.37421681717456,2002100
2023-05-09,113.61629486083984,114.6629540097468,112.7861901534519,114.5276092047781,2745000
2023-05-10,115.56523895263672,116.43142914870597,113.96818270833754,114.9246142440154,2377100
2023-05-11,113.4538803100586,114.69001940880082,112.62377561848638,114.61783459633646,2373600
2023-05-12,112.93958282470703,113.88698961838723,112.09143531748488,113.55314000223106,1427500
2023-05-15,113.038818359375,113.67042508888659,112.31699094783292,113.19220590988645,1510500
2023-05-16,109.40259552001953,112.84934093444801,109.20409074012267,112.84934093444801,3417400
2023-05-17,110.71092224121094,110.8372422243135,109.17703279843836,110.13345749447848,2684100
2023-05-18,110.1334457397461,111.45078748287254,109.24920595240467,109.95299060712352,2129100
2023-05-19,111.03573608398438,112.2267578672869,110.29585901987102,111.22521603997318,2135500
2023-05-22,112.09141540527344,113.40875710572192,110.5214268898475,111.38762388943327,2130800
2023-05-23,111.46883392333984,112.79520045015981,110.71090724347621,111.57711113015517,4400700
2023-05-24,109.195068359375,111.42372444616947,108.57249330768786,111.42372444616947,2359800
2023-05-25,110.06126403808594,111.30642093184196,109.09581465546772,110.07930679715987,2709800
2023-05-26,112.74107360839844,113.08394803425745,110.14248224969613,110.52144219877137,2378200
2023-05-30,112.16360473632812,114.07646094079773,111.96509994632663,113.40876864309294,2723100
2023-05-31,112.38015747070312,113.85088684467033,111.36959077504271,112.16360303911148,14817700
2023-06-01,110.65677642822266,112.03727817071042,109.763511809658,111.42372107583562,3082900
2023-06-02,112.71399688720703,113.06588922338362,110.91844280211076,111.8838922420685,3084500
2023-06-05,112.45233917236328,113.29146869216402,111.4507972653778,112.89446598876337,1977500
2023-06-06,113.53507995605469,114.71707689949328,112.38015059392814,113.18318763115433,2255700
2023-06-07,115.54719543457031,115.96225467775128,113.28245366235241,114.07646597346499,2952000
2023-06-08,112.70497131347656,115.204309901599,112.43428174217703,115.204309901599,2749500
2023-06-09,109.45673370361328,113.02979918856077,109.24921097993956,112.87641163038066,3312600
2023-06-12,107.93187713623047,109.41163142951555,106.85815038193691,109.17703422187098,4551200
2023-06-13,109.4928207397461,109.57403036792685,107.37244196017411,107.88674665891219,2751600
2023-06-14,110.32291412353516,111.53198541384978,109.321379293422,109.79056671938564,2895300
2023-06-15,110.61373901367188,110.93180210505663,108.7507871547312,109.48688394708498,2686600
2023-06-16,111.44070434570312,113.06737781282872,111.24078392397868,111.68607225708956,5837200
2023-06-20,109.81402587890625,110.85001366511297,108.55085612077663,110.7136989353551,3971900
2023-06-21,109.67771911621094,110.09574587368822,108.75078449172437,109.45053020889142,2697000
2023-06-22,107.83293914794922,110.12300013124909,106.9241835789286,109.84128812349422,2707700
2023-06-23,106.23353576660156,109.3233063311126,106.11539309604704,107.63302028503466,4297200
2023-06-26,108.15100860595703,108.26914434094395,106.03360634094543,106.04269583848448,2828900
2023-06-27,109.84127807617188,110.50466569825335,108.18734336917205,108.80529737691123,3670000
2023-06-28,109.59593200683594,110.0139587814871,108.12375226420696,109.67772362212395,3295000
2023-06-29,110.41381072998047,110.71370175643824,108.84166041545622,109.2687766773951,2925100
2023-06-30,111.44070434570312,111.66789326122476,108.96889476876228,111.36800916201037,6598700
2023-07-03,112.54937744140625,113.33090779656828,110.45924376280824,110.53193894009284,1481700
2023-07-05,112.6766128540039,114.44869055900814,110.95906520346114,112.00413560386022,4228600
2023-07-06,111.76785278320312,111.90416751409904,108.89618860307047,110.59555719070657,2740800
2023-07-07,110.85910034179688,111.34982922717614,109.98669574554107,110.72278560698227,2517800
2023-07-10,110.69552612304688,111.24078507253296,109.8413005064794,110.46833720517952,1989700
2023-07-11,111.97686767578125,112.17679501984173,109.30512395652775,111.06811206332823,2356900
2023-07-12,113.81253814697266,115.34833717772838,113.45812405268354,113.90341231133448,3743600
2023-07-13,115.36651611328125,115.5937050043537,112.67660047497418,113.90341910011438,2831500
2023-07-14,116.0935287475586,116.20258191632655,114.33054065204603,114.92123318300946,2655400
2023-07-17,116.30255126953125,116.99320750562605,115.51193135716268,116.15714703740377,2811600
2023-07-18,112.68571472167969,117.91106036401564,109.92309636748001,117.91106036401564,6395000
2023-07-19,111.57701873779297,114.86671672037963,111.4134424417913,113.97613312364712,3594100
2023-07-20,112.46759796142578,113.07646256549137,111.14081558244867,112.7674820480555,2709300
2023-07-21,113.99430847167969,115.5664518293131,112.54938341435945,112.75840025993914,3304800
2023-07-24,115.42105102539062,115.80272671449431,113.87616234104634,113.93069239181474,1952700
2023-07-25,115.50283813476562,116.91140518848835,115.08481138076213,115.08481138076213,2817700
2023-07-26,117.48393249511719,117.63841929580754,115.6300700870664,115.84817644089983,2778900
2023-07-27,113.5399398803711,118.37451301523409,113.4763272584191,118.13824152413,2980000
2023-07-28,112.36763000488281,115.27564511737414,112.11317954919669,114.60316792259582,2318500
2023-07-31,113.36726379394531,114.18514524003162,112.14044509144342,112.74930969393067,2673600
2023-08-01,112.8492660522461,113.32181589421312,111.81328526543922,113.14915705191513,2279200
2023-08-02,112.3948974609375,112.93105995880232,110.83183665598433,112.19497011147763,2096800
2023-08-03,112.51303100585938,112.6947862896708,109.57775423817019,111.1771591361798,2718200
2023-08-04,111.08628845214844,113.80347283117055,110.54103645008816,112.18588195405903,2045100
2023-08-07,113.07647705078125,113.24005336137695,110.97725350918313,111.22261450844864,1518100
2023-08-08,112.15862274169922,112.55847745376587,110.95906553875479,112.14954017697444,1369500
2023-08-09,111.41344451904297,112.71296541338089,111.18625559998569,111.89508391812353,2190800
2023-08-10,111.01358795166016,113.36726163888584,110.37745486868333,111.8859924998165,1590600
2023-08-11,112.24041748046875,112.58574214751896,110.25932979422133,110.64100552094878,1715900
2023-08-14,112.2131576538086,112.78567125275066,111.64972661998446,112.17680659356938,1499400
2023-08-15,111.4952392578125,111.94052761032428,110.70461930137844,111.10447402875968,1458900
2023-08-16,110.73186492919922,111.7133226097673,110.42289136305082,111.53157426888646,1348700
2023-08-17,109.23243713378906,111.85874066674499,109.1597419438909,110.8954618013477,1736700
2023-08-18,110.38654327392578,110.71369584290458,107.97833955965312,108.35093268170037,1886800
2023-08-21,109.17790985107422,110.38655660278349,108.34185626640175,109.87765562659256,1743000
2023-08-22,109.97760772705078,110.38655193699547,108.83258057901888,109.84129992365807,1468700
2023-08-23,111.8405532836914,112.12226530575762,110.4955919225829,110.85909555530858,2167700
2023-08-24,110.63192749023438,113.83983430676645,110.5592322966004,112.00415066895076,1887000
2023-08-25,111.46797180175781,112.14044904412971,110.34110979931737,110.94089185867328,2559800
2023-08-28,112.68571472167969,113.52176836047194,112.24042633868802,112.34947259307016,2106400
2023-08-29,113.68533325195312,113.91252217009583,111.55884830610017,112.65844183792015,1833500
2023-08-30,114.23058319091797,114.46686160279987,113.32182753487803,114.03974533514022,1849300
2023-08-31,112.86744689941406,114.42142513385377,112.58573487169068,113.92160676216203,3277600
2023-09-01,113.22186279296875,114.11244637814251,112.73114084458821,113.9579595820503,1591000
2023-09-05,110.91363525390625,113.1400839314641,110.74096945336099,112.91289500790695,2854100
2023-09-06,110.30476379394531,111.25896004726418,108.69626926397844,110.83184376117394,2786400
2023-09-07,112.05865478515625,112.24949263592288,109.70498102577925,109.98669305311256,2531900
2023-09-08,111.30438232421875,112.47667087728951,110.75004088650084,112.31309460168005,1758000
2023-09-11,111.01358795166016,111.58610148640977,109.97760018414104,111.58610148640977,1992800
2023-09-12,110.85000610351562,111.38616855519922,110.15934993757575,110.66825083181845,2275300
2023-09-13,110.17752075195312,111.0862763003964,109.91398081091401,110.75912374829646,1864700
2023-09-14,112.98558044433594,113.01284200181652,111.02266510667718,111.47704288669952,3375500
2023-09-15,112.72933959960938,112.83916124548384,111.5304829727908,112.2900599982239,4818500
2023-09-18,112.3175277709961,113.35165548565774,111.64945826824498,112.646978765293,1654500
2023-09-19,111.25594329833984,112.88492613750817,110.98139264769016,112.34498536857369,1834000
2023-09-20,110.65193939208984,112.6469804154104,110.61533217393998,112.06127888923845,2497800
2023-09-21,104.83150482177734,110.51464346537024,104.73083673616186,109.58117703186514,3722800
2023-09-22,104.3922348022461,106.13103909737029,104.00786952139792,104.83151439615277,3612300
2023-09-25,103.64180755615234,104.23666259417749,102.85476987177063,103.82483665303124,3221000
2023-09-26,102.040283203125,103.46792977420203,101.5827034578195,102.58937750106904,3179200
2023-09-27,101.81149291992188,103.08356404817255,101.43627417887028,102.61683075485145,3226600
2023-09-28,102.6168212890625,103.55944133861443,101.8480907423741,102.50700662931395,2177000
2023-09-29,102.6900405883789,104.44714504883059,101.99451745449126,104.36478405011215,3414600
2023-10-02,100.2099609375,103.13846841862757,99.55104500871815,102.20500884092834,3570000
2023-10-03,98.379638671875,99.86219946123487,97.85799807634118,99.68831693535282,2466300
2023-10-04,99.2215805053711,99.33140214696807,97.34550792401294,99.12091241276856,2700300
2023-10-05,99.77983093261719,100.15504964806301,98.50775989117554,99.06600769867005,3377100
2023-10-06,99.6700210571289,100.43875165918836,97.87630235476492,98.84637613912761,2217300
2023-10-09,100.17335510253906,100.72244939005802,98.58097957410028,98.76400867590237,1818300
2023-10-10,100.96955108642578,101.93046438905732,99.47783660663924,100.04523802017859,2430400
2023-10-11,102.86393737792969,103.05612005036181,101.69253424189766,101.893863482936,3561700
2023-10-12,100.34724426269531,102.85477942994338,100.22826905476657,102.51616788892692,2314500
2023-10-13,100.34724426269531,101.15258213875903,99.61511384291875,100.79567047919906,2578700
2023-10-16,101.50950622558594,101.55526700071664,99.77070150232886,101.15259452233117,3131800
2023-10-17,98.9561767578125,103.55943409541187,98.37047533974517,100.88716352060409,5379100
2023-10-18,95.52433776855469,99.01109990741287,95.36876234282497,98.48945931717441,3734600
2023-10-19,93.87706756591797,95.66162588133854,93.41033424414906,94.6915590003523,6388500
2023-10-20,93.73978424072266,96.0551365690834,93.34626539164982,94.03263499011784,5620500
2023-10-23,92.25723266601562,93.89536911017339,92.03759632742468,92.73311954542822,3978700
2023-10-24,93.07170104980469,93.60249513680682,92.30297056416983,92.61412138489491,3050700
2023-10-25,90.36285400390625,92.33044847620124,89.91442776951317,92.14741935501198,4069000
2023-10-26,91.17732238769531,91.96435997743035,90.32622392354516,90.4360455577332,3501400
2023-10-27,89.06332397460938,90.84788224110545,88.44101522334944,90.79297490432496,4082900
2023-10-30,90.49097442626953,90.67401052682358,88.73386975363051,89.85951908016966,3588700
2023-10-31,92.20231628417969,92.28467728478127,90.43605823389304,91.32376403386634,4561600
2023-11-01,92.98019409179688,93.29135191999515,91.84539838531789,92.48600717556116,2585500
2023-11-02,95.83550262451172,96.53102578983183,94.95695035458183,95.14913300905593,4532300
2023-11-03,97.51025390625,99.20329769574755,97.29976413533005,98.01358747495829,4562500
2023-11-06,96.0276870727539,98.43455405568447,95.03015958229265,97.3363654432865,3147300
2023-11-07,95.38706970214844,96.36629000517345,94.70070013510906,96.09173938551278,3092600
2023-11-08,96.21072387695312,96.53103531479533,95.5060540743499,95.74399751951131,2588600
2023-11-09,94.5176773071289,96.70490807538012,94.39870907906348,96.70490807538012,3350800
2023-11-10,95.679931640625,95.86296075375351,93.85875914906471,95.55180986501242,2385600
2023-11-13,93.7855453491211,95.11252378482442,93.4560873820849,95.11252378482442,2473500
2023-11-14,100.05439758300781,100.62179204853119,96.6957636328137,97.00691453556995,5787500
2023-11-15,101.13426208496094,101.6559026370409,99.7981302670388,99.97200579632428,4620300
2023-11-16,100.91463470458984,101.78404041637395,100.69499838020887,101.32646066768112,3609900
2023-11-17,100.73160552978516,102.02198377163985,100.25572566359632,101.92131566842653,3125100
2023-11-20,101.58269500732422,101.65590943618959,99.46867899415041,100.53026028424932,3356200
2023-11-21,101.22579956054688,101.6101649003069,100.75906622963063,101.31731412018783,2717300
2023-11-22,102.07688903808594,102.65343699580156,101.37221232987636,102.65343699580156,2325300
2023-11-24,102.49787139892578,102.52532506876949,101.39052916184457,102.38804973743754,1284500
2023-11-27,102.37889099121094,102.95543893569028,101.8206431637462,102.30567655892744,2770900
2023-11-28,102.5985336303711,102.62598729864158,100.9237900447416,101.52779867514423,3226900
2023-11-29,103.44963073730469,104.26412213388879,103.40386996945092,103.6509669444806,3241100
2023-11-30,105.17928314208984,105.45383378892305,102.772416135689,103.47708588879517,8202800
2023-12-01,108.22676086425781,108.41894351508134,105.0328492872184,105.2890998037624,4159700
2023-12-04,110.12113189697266,110.1668856775472,107.43056103599919,107.54038267717986,5388600
2023-12-05,108.58367919921875,109.20598795642913,107.74173411067328,108.90398363702268,3727700
2023-12-06,108.94973754882812,109.80998270162675,108.46469716541023,109.44391751769987,2989100
2023-12-07,108.85821533203125,109.56289202853095,108.40978915014855,109.07785863027439,3072200
2023-12-08,109.68187713623047,109.74593802922197,108.02544048736874,108.51047396032071,4257600
2023-12-11,111.64945983886719,112.13449326037338,109.27004651741228,109.30665373554088,5433200
2023-12-12,111.7135238647461,112.61038327882024,111.02715421529886,111.3108514361275,4197900
2023-12-13,118.27521514892578,118.44908371859847,111.7684237644958,111.97891351511512,5883200
2023-12-14,125.48665618896484,125.85272833837921,120.43498620506853,121.22202387102858,9543800
2023-12-15,123.65386199951172,125.95636957918423,122.8525938588708,125.47745812105386,8413600
2023-12-18,122.19867706298828,124.34461584069817,121.93159236387187,123.94859127763053,3805000
2023-12-19,123.18416595458984,123.97622919127467,122.66840646156571,123.32231079972411,2613300
2023-12-20,120.16326141357422,123.85647834990903,120.08957948785455,123.37756691281673,3448200
2023-12-21,120.61457061767578,121.91317429149778,119.01202018494007,121.80265841799596,3256400
2023-12-22,121.94078063964844,122.6960097775262,120.47638937382895,120.71585912651665,2361300
2023-12-26,122.9170913696289,123.30391102128688,121.99608818375947,121.99608818375947,1215900
2023-12-27,123.58019256591797,123.58941159133904,122.29079381228489,123.2854788736843,2714600
2023-12-28,124.51042175292969,124.5380507239695,122.93550013669386,123.50653166276764,1953100
2023-12-29,122.76970672607422,124.37224300431804,122.5578799640954,123.48808796529889,2938000
2024-01-02,123.98544311523438,124.06834408169279,121.66452522904929,122.34605858544306,2899100
2024-01-03,120.20932006835938,122.51182765595915,119.84091042230878,122.49340366030887,3195000
2024-01-04,119.99748992919922,120.74351425881103,118.82782608906373,119.74882920605422,3613800
2024-01-05,120.24616241455078,121.57240912628939,118.15548144386862,119.00281666233985,2393600
2024-01-08,122.64997863769531,123.11048017829793,120.01590926331265,120.49483480048906,3208700
2024-01-09,122.55786895751953,123.71832761203625,120.3290294578036,121.30530438690589,3109500
2024-01-10,122.99995422363281,124.32620080040185,122.58550568174013,123.75516938055426,2354000
2024-01-11,120.94612121582031,122.48419454590157,120.27377890454297,122.19867180984912,2787500
2024-01-12,121.157958984375,122.46578168235908,120.28300886183396,122.1710539486992,2380600
2024-01-16,119.7027587890625,121.13952119357134,118.96595359220431,119.97906249455811,4001200
2024-01-17,116.83845520019531,119.30673679155271,115.46616253255506,117.83314024628316,3912900
2024-01-18,116.28585052490234,117.19764160409196,114.82145197789275,116.77398103167359,4062900
2024-01-19,118.29363250732422,118.68965706823087,116.10164077872318,116.8937039539276,3559000
2024-01-22,118.56993103027344,120.08958035572661,118.51465904554146,118.58834097179363,2280900
2024-01-23,117.89759826660156,119.72119446882705,117.81471136287993,119.53698261159016,3426400
2024-01-24,115.5306167602539,119.57381930483396,115.41088187504305,119.57381930483396,3491500
2024-01-25,116.23057556152344,117.3542003435925,115.58587627346508,116.85685788136381,2590400
2024-01-26,116.84765625,117.28052176909851,115.82534233065121,116.86607321874433,2333000
2024-01-29,117.7870864868164,118.2107540984309,116.29505892773282,116.89371235107046,2553900
2024-01-30,116.5345230102539,117.62130696696184,115.65036086310619,116.99502456772852,2764300
2024-01-31,116.68187713623047,118.89227880613973,115.98191285985492,117.27131851843234,4811300
2024-02-01,120.1356430053711,120.15406700176767,116.23058491940256,116.60819955187846,3984000
2024-02-02,119.03963470458984,119.97906167550568,116.50687651938581,118.08179779258616,4195000
2024-02-05,116.88450622558594,117.96207816094034,116.12007196989515,117.40026571053588,3591800
2024-02-06,120.1908950805664,120.42114583742573,116.90291455368309,117.45551496480638,3764300
2024-02-07,118.89228057861328,120.68823371886293,118.57914291382951,120.01590542602922,3907500
2024-02-08,121.25924682617188,121.91315102411447,118.61595891113156,118.83700466934,3261000
2024-02-09,122.01448059082031,122.28157934623027,120.14484551651589,121.00138566402097,2870400
2024-02-12,121.61845397949219,123.62623385671955,121.38820321999046,122.49340405492055,2523800
2024-02-13,120.54088592529297,120.6421968248148,117.18842829631755,118.57914489518444,4759100
2024-02-14,120.1908950805664,121.40662582241127,119.02121730077158,120.59613866118136,4294100
2024-02-15,122.58550262451172,122.66838952014497,121.29609001663673,121.29609001663673,3409200
2024-02-16,122.85259246826172,123.5801786717104,120.94612352163614,121.51714089784628,3421200
2024-02-20,122.81573486328125,123.35912316840388,121.17635092530537,121.8947320193223,2995200
2024-02-21,122.88023376464844,123.86571384210575,122.52104311237915,122.71445994978211,2436400
2024-02-22,122.89865112304688,124.18804979144078,122.47498353006517,122.96311402977082,2946900
2024-02-23,122.68681335449219,123.59859731204747,122.53944950463207,122.93547404106715,2131800
2024-02-26,122.0881576538086,122.6960230176872,121.13952567081203,122.32762743233755,2000500
2024-02-27,122.02371215820312,123.8380894843388,121.34216476934745,122.72366949157912,2976900
2024-02-28,123.40521240234375,124.43673139375959,121.50793418114354,121.59083514204765,2478800
2024-02-29,122.7420883178711,124.98011912796055,122.4934135433971,124.40910169724977,5131300
2024-03-01,123.9670181274414,124.08673896954375,119.9422251784785,122.53024154168993,2786500
2024-03-04,123.05522155761719,123.9670196621606,120.61456902735327,123.65386793571463,3316200
2024-03-05,121.97764587402344,123.15652865069305,121.36978048978688,122.53945829520124,2328800
2024-03-06,122.56710052490234,123.28548185550036,121.95923507489086,122.60393446730028,2245500
2024-03-07,122.25394439697266,123.93016256453504,121.54476814553941,123.45123706520694,2080400
2024-03-08,124.39987182617188,124.73141938792021,122.88941353790844,123.17493624950733,2942200
2024-03-11,123.52493286132812,125.03537740259087,122.63155871858328,124.04991138069853,2068900
2024-03-12,123.93936920166016,124.33539371007282,122.29997108140185,123.04599524850924,1729200
2024-03-13,122.79733276367188,124.58408084803447,122.21709637144941,124.06832141201035,3061400
2024-03-14,120.421142578125,122.65917312859577,119.26988882498806,122.41051243635938,3076000
2024-03-15,119.70673370361328,120.88504893870729,118.18511010262463,118.58407096388339,6698800
2024-03-18,118.89025115966797,120.43970100115232,118.64901720129645,119.50261265122596,2274300
2024-03-19,118.62118530273438,119.54900768620173,117.79543024775737,118.83458593745236,2641200
2024-03-20,119.40982055664062,119.95722815964878,117.5356368550623,118.01809767332934,2565700
2024-03-21,120.51393127441406,121.0149453176772,119.04798137083475,119.66034287941945,3020100
2024-03-22,119.33560943603516,120.80155943274579,118.76964148893383,120.80155943274579,2738500
2024-03-25,117.95317077636719,119.63252148554179,117.93461758274236,119.59540094095247,2472700
2024-03-26,116.1068115234375,117.89749541960313,116.04186473253695,117.38719414919221,3567300
2024-03-27,119.55829620361328,119.77168978725783,117.68410508149988,117.75833201436316,3202100
2024-03-28,120.82011413574219,121.11700768132143,119.78096549020714,120.06858597907213,3676100
2024-04-01,118.68612670898438,121.33040587068743,118.25005240291632,120.82010464472084,1762900
2024-04-02,116.51505279541016,117.9717226048064,115.82846434304734,117.721208497448,3187400
2024-04-03,116.98824310302734,117.51710468882287,115.62436037946013,116.04187448768091,3585000
2024-04-04,115.68929290771484,119.4191144063193,115.34599869576627,118.98304007939434,4335800
2024-04-05,115.73568725585938,115.9026943055832,114.35324433677692,115.0769391926903,5099600
2024-04-08,117.06246185302734,117.17380224414954,115.73568560983279,116.18104009565216,2821600
2024-04-09,117.14596557617188,117.64698670393341,116.52432392513288,117.24802582879012,2965800
2024-04-10,111.91309356689453,113.26770317083768,110.52137049834984,112.99863586147869,4753000
2024-04-11,111.56979370117188,113.48109102040034,110.30796428303972,112.46977570602621,4098100
2024-04-12,110.41002655029297,111.77391624614839,109.9461188757119,111.32856176393607,3735300
2024-04-15,107.4317398071289,111.3192883736479,106.87505201503296,111.26361463936978,3993800
2024-04-16,106.45753479003906,107.55235722231465,105.74312006157811,107.28328991249519,5666400
2024-04-17,98.80306243896484,103.45141969143258,97.9401938122034,100.85353367488827,11034000
2024-04-18,97.13298797607422,98.61749107020226,96.12166559782287,98.31131031616266,6310200
2024-04-19,96.01960754394531,97.29999724335194,95.11962553165783,97.08659660056107,6932200
2024-04-22,96.56702423095703,97.0216517746859,95.147467864754,96.30723706311196,3673000
2024-04-23,97.26287841796875,97.98657321060246,96.55773681649563,96.99381113479258,4232300
2024-04-24,95.73198699951172,97.0402029471177,95.00829216738893,96.28867478740085,4819700
2024-04-25,95.88970947265625,96.55773761868926,94.30314616516236,94.64644037317069,3798800
2024-04-26,96.54845428466797,97.07730870297624,95.34229868644545,95.96393321559104,4037600
2024-04-29,97.42988586425781,97.94946016297338,96.64124428123056,97.84739991448726,2840500
2024-04-30,94.68355560302734,96.50207276860182,94.63716200587056,95.11034979792726,5607900
2024-05-01,94.52582550048828,96.61341004220226,94.29387166252006,94.50727230806534,5526200
2024-05-02,96.98453521728516,97.0216486798891,93.81140849067488,96.31650704775264,5836200
2024-05-03,98.2463607788086,100.27827853501837,97.7917332674078,99.04428249683303,3517600
2024-05-06,97.11443328857422,98.92367751117995,96.67835893114614,98.7009967252574,4259700
2024-05-07,99.98138427734375,100.19477784417163,97.86596640813684,98.79378175980088,4088000
2024-05-08,98.23709106445312,99.58242762879247,97.69896351738706,99.22985324981474,2947700
2024-05-09,100.34322357177734,100.53806393040708,98.38553277201872,98.81232694977939,4208800
2024-05-10,99.73087310791016,100.67724875855677,99.25769236125643,100.63085515813837,2872800
2024-05-13,99.90715789794922,101.14115402130692,99.47108354768977,100.50095915997544,3043100
2024-05-14,100.4638442993164,101.9297942414775,100.24117059882019,101.0019788976291,3727300
2024-05-15,102.05039978027344,103.4328496321275,101.47515884200952,102.61636766245933,4347500
2024-05-16,102.79266357421875,103.82253917999695,102.2452488362873,102.56998987203328,4232400
2024-05-17,103.45140838623047,103.48852184854475,102.26380590685004,103.10811416882522,3260600
2024-05-20,103.96170806884766,104.87096310642292,102.64420495200359,103.15450620275331,3941400
2024-05-21,102.61637115478516,103.65552684306061,101.82772956251767,103.47923967021566,2524900
2024-05-22,101.33599090576172,103.35862859694292,100.73290952891671,102.17102611380335,3158100
2024-05-23,98.014404296875,101.50299168486129,97.79173061469209,101.30815132811765,4364600
2024-05-24,97.18865203857422,98.46903459586899,96.9752514063573,98.30202755981585,3107600
2024-05-28,97.42060089111328,98.56181675902336,96.83607983408729,98.10718219155679,4857000
2024-05-29,97.42060089111328,97.4948278097203,95.6484703723807,96.19588504877174,2945800
2024-05-30,99.80509948730469,99.8978796089608,97.79174182482181,98.27420270463534,4325700
2024-05-31,102.5143051147461,102.67203908722544,99.79580614580384,99.9720933086915,14977800
2024-06-03,99.64736938476562,102.98750320821718,99.23912836813544,102.7741025644325,3262400
2024-06-04,100.91846466064453,101.93906712925012,98.81232709446597,98.81232709446597,5538500
2024-06-05,100.89064025878906,101.54011525795478,99.7587043870646,101.13187423440316,2824700
2024-06-06,102.0689697265625,102.28236329528866,99.83293131139975,100.19477873547406,3144300
2024-06-07,102.24524688720703,102.31947381274367,100.01849575046165,100.25044958376174,4786900
2024-06-10,103.14523315429688,103.29368701150331,101.19682228981424,101.87413062564696,5780800
2024-06-11,103.52564239501953,104.25861739887779,102.13391931701085,102.9132808429343,7061100
2024-06-12,104.66683959960938,107.61729247676385,104.32355247593766,105.82660870102751,4650500
2024-06-13,104.26789093017578,105.25138005660234,103.40502233474032,105.065812731489,3122200
2024-06-14,104.18438720703125,104.32356092620834,102.44936994245151,103.85965324806429,3672400
2024-06-17,104.13758850097656,104.8207372251193,102.97717882542088,103.39829310954018,2696200
2024-06-18,102.9865493774414,104.81138764574708,102.92104254575118,104.13759901138523,4337100
2024-06-20,102.1536636352539,103.10819267967773,101.81676935140821,102.37825744458155,4760600
2024-06-21,102.37826538085938,102.90232002315096,101.4985961115479,102.35954506380095,6708800
2024-06-24,104.46513366699219,105.88757793290539,102.29404091244342,102.42505457644738,2924200
2024-06-25,102.7806625366211,104.37154671888068,102.61221538817053,104.36218656071432,2929900
2024-06-26,103.32344055175781,104.16566917938225,101.62960885864592,101.96650316557928,3385000
2024-06-27,104.20308685302734,104.80200838782126,102.83679665554698,103.4263580333169,3174300
2024-06-28,105.10147857666016,105.50387968826922,103.2766404773333,104.73651095679479,5436400
2024-07-01,104.76457977294922,106.28996415196495,104.04400472215464,104.8113734205381,2405800
2024-07-02,105.94371795654297,106.27125209599507,103.92235931041805,105.4196633334196,2945400
2024-07-03,106.02794647216797,107.02926921984903,105.65361867664885,106.39291410937918,1339500
2024-07-05,107.11349487304688,107.56268967929536,105.83142442620218,106.38355956013866,2252300
2024-07-08,107.06668853759766,107.80597673273637,106.50519334880727,107.27256201515183,2185700
2024-07-09,107.10411834716797,107.69368688650624,105.57874112225998,107.40357912566856,2196100
2024-07-10,109.05998229980469,109.16292261663723,106.99183008475644,107.62818516167194,2998300
2024-07-11,112.68158721923828,113.10270148574087,110.49177447018361,110.87546238652841,4242900
2024-07-12,112.43827056884766,114.74037659586654,112.1481628138572,114.16952838277602,4003400
2024-07-15,113.36474609375,113.5612665907874,111.50247431159731,112.6254506202993,3264700
2024-07-16,113.69226837158203,114.3286234505861,113.1401404337667,114.3286234505861,4508600
2024-07-17,115.3018798828125,120.86998895034444,114.06660314075503,116.45293661822714,8941300
2024-07-18,114.74974822998047,119.14808010416158,114.244406787208,114.63744775168368,4631900
2024-07-19,115.80722045898438,115.83529379431799,113.82328813213931,115.06792502312761,3485200
2024-07-22,118.53043365478516,119.08256155438218,115.62004592106133,116.64944188180202,6266100
2024-07-23,117.61334991455078,118.4649387238813,116.60266696614407,117.87537724049864,3708200
2024-07-24,115.18022155761719,118.80182448573873,114.96498076125312,117.36067429679498,4082500
2024-07-25,112.70030975341797,116.25641304920642,112.54122276305759,115.79785811504942,3402100
2024-07-26,114.8058853149414,115.35801322279607,112.66286622605043,113.40216158210778,3373900
2024-07-29,115.99437713623047,116.44357190655435,113.58933057567333,115.00241457388891,2376300
2024-07-30,117.99701690673828,118.56786514548268,115.62940395245818,116.11603219190013,2663900
2024-07-31,117.95960235595703,120.28977491292625,117.21094674640378,118.00638886923596,3960100
2024-08-01,119.52240753173828,121.3378926569979,117.73499574104106,119.63470086998778,3871100
2024-08-02,116.0224609375,120.20555210378583,114.56258324686478,118.98899569125015,5728500
2024-08-05,111.3059310913086,115.22699435216119,110.92224319467842,112.29789353280857,5157400
2024-08-06,113.280517578125,114.46900062993896,110.50114321210322,111.32465863400613,4016200
2024-08-07,112.43827056884766,116.10666681646923,112.29789676994362,115.14277767821382,2967000
2024-08-08,114.1601791381836,114.65616042064183,112.0452403541054,112.85939561409961,2806500
2024-08-09,114.07595825195312,114.75909985241628,112.68159457701266,114.49707254595323,1901800
2024-08-12,112.28854370117188,113.13077940805566,111.12813402708115,112.93425893306753,2836800
2024-08-13,114.8058853149414,115.07727276005421,112.66286622605043,113.49574173635506,2719500
2024-08-14,115.49839782714844,116.3593467502852,114.40349492665655,114.89011605808335,2182300
2024-08-15,116.7617416381836,117.32323686560146,115.2737978487681,116.15346704132824,2792300
2024-08-16,114.96497344970703,116.6681579771209,114.24439840106231,116.40613068670464,2899000
2024-08-19,116.69624328613281,116.89277091382263,114.99305858392269,115.23637272415526,1664900
2024-08-20,116.1815414428711,116.89276350168618,114.90883129118451,116.6962358864581,2108400
2024-08-21,116.48099517822266,117.13606339026832,115.42351874201002,116.28447471460895,2086400
2024-08-22,117.89408111572266,117.95022778067833,116.48099721677012,117.0518454428467,2770000
2024-08-23,120.58924102783203,121.06650201042098,118.09061421412898,118.57723535511445,2938700
2024-08-26,120.62665557861328,121.62798537750204,120.29912860358175,121.56247141484587,2278600
2024-08-27,120.66409301757812,120.96354665195696,119.9622311589644,119.9622311589644,2042700
2024-08-28,118.75504302978516,120.90741538649753,117.44489929890736,120.40208106688037,2501000
2024-08-29,117.28580474853516,118.83925538072126,116.64008951326471,118.75503537944692,2419900
2024-08-30,119.61598205566406,119.75635586156841,117.07992195057025,117.92215764628791,3618000
2024-09-03,120.13068389892578,120.74832582710857,118.25905921705103,118.41814620835552,3526200
2024-09-04,120.03711700439453,122.10526227636659,119.05450739200923,120.35529100324895,3091500
2024-09-05,119.2322998046875,120.97291784123098,118.68952490303238,120.78575752879527,2402700
2024-09-06,119.0638656616211,119.99032144679045,117.95960256243707,119.31653282495489,2484100
2024-09-09,121.89002227783203,122.69482453161092,118.89541422170738,119.36332217670866,3599400
2024-09-10,123.90200805664062,124.06110931090014,122.07717007530033,122.7603116212552,3029800
2024-09-11,122.3017807006836,122.92877563218148,120.14940130216684,122.32050101668244,3890300
2024-09-12,121.92745208740234,123.20952963045112,120.12133418402226,122.68547499070182,5557000
2024-09-13,121.6373519897461,123.89267183418632,121.34725133279831,122.76969556108409,3689400
2024-09-16,121.88247680664062,122.71212699021025,120.90199290524038,122.40100817137164,3864300
2024-09-17,121.49593353271484,122.60842031023246,120.63800832362936,121.83533457162414,3171100
2024-09-18,119.75178527832031,121.92018704580875,119.4312438712464,121.44879754634736,3498600
2024-09-19,121.14710235595703,122.09930397384502,120.01577042509686,121.44879854320828,2604400
2024-09-20,118.29048156738281,120.60971703025437,118.0736392338442,120.38345208561232,8581000
2024-09-23,119.38409423828125,119.89319572755207,118.75243407658378,119.35581202101606,3386200
2024-09-24,119.43124389648438,120.22317480318702,118.57331155472357,119.17669673156793,3979500
2024-09-25,118.21505737304688,119.94034465675325,117.63996161181142,119.47838496411315,3421700
2024-09-26,118.06421661376953,119.18611872579112,117.71538579648015,118.68644700969612,3235800
2024-09-27,118.40361022949219,120.03462105155619,118.11135104348921,118.78072326510328,3775200
2024-09-30,119.05413055419922,119.19554884227291,117.43254952899775,117.63996205912812,3608400
2024-10-01,117.47969818115234,119.46896255521541,116.41436044239266,119.39353850481649,3401500
2024-10-02,117.07428741455078,117.14028165171169,114.97188724299775,115.54698296375669,3848800
2024-10-03,115.0567398071289,116.66889089084432,114.54763832919262,116.65003847736476,3400500
2024-10-04,115.41500091552734,115.75440192348991,113.47287851994481,114.63249263645626,2774000
2024-10-07,113.13347625732422,114.7644870382137,112.48295646713814,114.41565623033385,3186500
2024-10-08,112.51124572753906,113.77457336509178,111.45533781979331,113.40689011966843,3035400
2024-10-09,112.03984832763672,112.63380367677095,111.15364099498824,111.42704775695226,3661700
2024-10-10,111.51190185546875,112.3226923918815,110.74825314740936,111.3044893192469,2767100
2024-10-11,113.35974884033203,113.52944935387518,111.38934411520118,111.98329231618563,2712000
2024-10-14,113.56714630126953,114.04796555794768,112.66207941347271,113.17118088651448,1979000
2024-10-15,114.44393157958984,116.00894802644316,113.83112384807701,113.83112384807701,5453600
2024-10-16,119.70465087890625,120.3457408871447,114.80219575919075,115.99952911815797,5565200
2024-10-17,115.67897033691406,119.65749852088278,115.67897033691406,118.82785566263851,5446800
2024-10-18,115.49041748046875,116.291778122379,114.65134481869029,115.97123674274783,3690900
2024-10-21,111.03108215332031,114.50993904298679,110.84252922622808,113.81228458134582,3866200
2024-10-22,112.1341323852539,112.75636276180572,110.63511009081209,110.63511009081209,3374600
2024-10-23,113.91598510742188,114.17996206917907,112.09642140064372,112.12470361899875,4133100
2024-10-24,113.50115203857422,114.2082362188259,112.94491593600236,113.18061066275293,4332900
2024-10-25,110.81424713134766,113.44460146639761,110.71997066769528,112.94492973549023,3247300
2024-10-28,111.06878662109375,112.00214296735172,110.39941442477192,111.66274196740929,3648500
2024-10-29,108.71184539794922,111.37991172391716,108.71184539794922,111.04051070471395,3595700
2024-10-30,109.23980712890625,110.55026938518658,108.72127579318395,109.26808934852146,3780200
2024-10-31,106.47746276855469,109.06067521957974,106.40203872212825,108.57985591465244,5021300
2024-11-01,106.91114044189453,108.76841622975448,106.89228083383694,108.24045509663631,3941700
2024-11-04,107.34481811523438,108.50443226372747,106.64716366532933,107.51451862389592,2439800
2024-11-05,107.8822021484375,107.8822021484375,105.97779171756032,106.51517546428389,2370200
2024-11-06,107.23168182373047,109.08895761112599,105.0255824085193,109.08895761112599,5768000
2024-11-07,107.67478942871094,108.12732651650718,106.89228112733045,107.62765479410346,3035800
2024-11-08,109.20208740234375,109.36235809741359,107.4202357639418,107.94818967374015,3250900
2024-11-11,107.57108306884766,109.81490170493076,107.28825368295038,109.09838764689164,3547000
2024-11-12,106.29833221435547,108.53272103302608,106.03435524529726,107.29767565231381,2708100
2024-11-13,109.89974975585938,110.43713350799194,107.34481948218814,107.40138392151796,4772300
2024-11-14,108.18387603759766,110.0222919689469,107.73133901220214,109.73946262180272,4757000
2024-11-15,106.92999267578125,108.40073280996194,106.22290842431285,107.8162072393282,3889000
2024-11-18,108.08961486816406,108.12732689168068,105.97779190106442,106.39260977408122,2411400
2024-11-19,108.54214477539062,108.83441115946496,106.43032180808294,107.30710657463995,2950800
2024-11-20,107.98590087890625,108.15560137617811,107.09968637172734,107.8727648164475,2821800
2024-11-21,107.44852447509766,108.41015589646443,107.09969365342393,107.957626001527,2626500
2024-11-22,109.1738052368164,109.30579371432897,107.43908822934299,107.77848922661316,2432900
2024-11-25,111.31391906738281,112.6243813352151,109.66405577551004,109.85260870316225,9970700
2024-11-26,109.52264404296875,111.31392573428207,108.90983620214662,110.87081841564401,3367200
2024-11-27,111.05936431884766,111.92671923540634,110.22971423098053,110.42769694935811,2655000
2024-11-29,110.09772491455078,111.83244192730483,109.98459604367139,111.1724923449005,3124300
2024-12-02,109.2115249633789,109.96575110305334,108.24989346848587,109.45664953769813,3386500
2024-12-03,109.73947143554688,110.3994138247187,108.9758155934108,109.31521659150849,4520300
2024-12-04,108.46672058105469,109.72061111229611,107.82563061025867,109.72061111229611,3761300
2024-12-05,107.27881622314453,107.84448214740432,106.4303137403386,107.51451095765547,2510200
2024-12-06,105.59124755859375,107.89163061068393,105.32727059055053,106.55287896972732,3650800
2024-12-09,108.81553649902344,108.8438187145432,106.06262389834171,106.5340133378899,4717100
2024-12-10,106.67544555664062,108.66470982706626,106.11920220496967,108.51386173412736,2908100
2024-12-11,105.55354309082031,107.55223729494556,104.9218828445284,106.57174620572374,2804200
2024-12-12,105.26127624511719,106.8451452446532,104.93130503538737,105.23299402611647,2868200
2024-12-13,104.7710189819336,105.32726228602445,104.29962952107086,104.75216656834532,4741200
2024-12-16,103.53473663330078,105.86466941909387,103.20188287346494,104.89465856998468,5586800
2024-12-17,103.53473663330078,104.42866620841836,102.64079980267356,103.15433751885242,4687400
2024-12-18,98.81781005859375,103.7724889325259,98.75123349980684,103.17335794752285,5422600
2024-12-19,96.43081665039062,99.77831315719195,96.40228798429023,99.50252395903769,7786700
2024-12-20,98.25672149658203,99.67370083807769,95.87923597134969,95.87923597134969,11067200
2024-12-23,99.03653717041016,99.3028143902683,97.53396456634196,97.91436370421506,4626200
2024-12-24,99.569091796875,99.6641970231542,98.37084430526595,98.6561382175733,1883700
2024-12-26,101.65177154541016,102.20334993406155,98.49447102678197,98.89388685766329,4799000
2024-12-27,100.0826416015625,101.97512554873336,99.67371374803689,100.95756190235723,3655100
2024-12-30,99.9494857788086,100.30135623356152,98.5515231885458,99.72124920963601,4038500
2024-12-31,100.52007293701172,101.19528512929443,99.65467208344614,100.89096005361256,4602700
2025-01-02,99.1506576538086,101.34745194136282,98.6941772438637,101.17627269457223,4180100
2025-01-03,100.4535140991211,100.73881525952189,98.56103768462488,99.38840524537926,3558800
2025-01-06,101.43304443359375,103.50620481569847,100.5676362325413,101.2808818795806,4450200
2025-01-07,101.35696411132812,102.98316333123468,100.87195503523004,102.26040570388399,4958800
2025-01-08,100.32989501953125,101.4045159276619,99.76881188547937,101.19530328386132,3571500
2025-01-10,98.51348114013672,99.85438638277864,98.42789514873895,98.90339222675219,4230700
2025-01-13,100.20626068115234,100.29184667583725,98.17113368953258,98.51348492378207,5774700
2025-01-14,102.82149505615234,103.25895151553479,100.20626101784802,100.4059689282937,4444400
2025-01-15,102.5647201538086,106.51134742466371,102.46011021429003,106.02633836466939,4571000
2025-01-16,105.49378967285156,105.61741631012188,102.48864443911039,102.91659619368018,5499800
2025-01-17,104.11486053466797,106.14047580849864,104.05779594216528,105.75056465769197,5270800
2025-01-21,111.52307891845703,112.11269789360873,104.77102201714776,104.85661526208548,8040000
2025-01-22,109.48796081542969,111.72280301395237,108.90785376672933,110.56258891655166,5429500
2025-01-23,112.7308578491211,112.76889848930432,108.88884025673742,109.64012657545824,4788700
2025-01-24,113.10173797607422,114.18587075947666,111.46602682763974,112.72133885344833,4165800
2025-01-27,115.30804443359375,116.10687606290136,112.20780137233129,112.20780137233129,5253400
2025-01-28,114.31900787353516,115.60284854708729,113.93860875586905,115.16539210119966,3494600
2025-01-29,113.3299789428711,115.07981207261236,112.65477392038993,114.59480299106586,2758100
2025-01-30,114.7374496459961,116.25903888790558,113.52968297033276,114.86107627781973,2844000
2025-01-31,113.40606689453125,114.77550096747386,112.64526857500525,113.9005807233658,3753700
2025-02-03,112.06515502929688,112.70232666876458,108.85079718837518,110.34385781858714,3704000
2025-02-04,112.51212310791016,112.987620214789,110.48650804458987,110.5625893230129,2273400
2025-02-05,112.95909881591797,113.58675852002023,111.73231533059032,113.58675852002023,2797800
2025-02-06,112.7308578491211,113.38704619513895,111.11416329112977,113.38704619513895,3476400
2025-02-07,111.59916687011719,113.38704059284157,111.26632035434719,112.95908885355739,2873000
2025-02-10,113.61527252197266,113.72938717670827,111.86543950909422,112.26486256719761,2768800
2025-02-11,115.80255889892578,116.18295802463184,113.1683081947168,113.1683081947168,3673500
2025-02-12,113.90056610107422,114.73744559621827,112.80692863348118,112.80692863348118,3374700
2025-02-13,114.97520446777344,115.50775891763412,112.98762274366872,114.03372220662395,2443800
2025-02-14,114.92765045166016,116.60140231645795,114.73745450917615,115.7359940904824,2101300
2025-02-18,115.36510467529297,115.85011375133745,114.35705313985659,114.84206221590107,2151200
2025-02-19,115.66941833496094,116.17345133990631,114.16685305990084,114.8135293859999,5276400
2025-02-20,114.97520446777344,115.66942619626894,114.290487457661,115.66942619626894,2484700
2025-02-21,115.04177856445312,115.49825175319592,113.76744246356596,115.35560841640786,3152000
2025-02-24,114.81353759765625,116.09737836842999,114.10029191883638,115.18442477020177,2708500
2025-02-25,116.60140228271484,117.03885875470958,115.0227483896159,115.3460901983573,3732700
2025-02-26,116.17345428466797,117.38121371927839,115.80255987373778,116.92473331348656,2324900
2025-02-27,116.75355529785156,117.92328136184913,115.54579585052153,116.25904150391982,2293300
2025-02-28,117.84719848632812,118.16102831089069,115.93570538510498,116.82012301803785,5562200
2025-03-03,117.48583221435547,118.86477099458901,116.72503390115116,118.07545126986432,3184000
2025-03-04,115.81206512451172,118.05641187372836,115.62186919885315,117.05786512524716,3242400
2025-03-05,117.9613265991211,118.56045035934741,114.61382280559212,114.93716462060254,4300600
2025-03-06,114.40459442138672,117.42875598368524,113.86252806849873,116.82962505040797,4080200
2025-03-07,114.0337142944336,115.48873421221134,112.26486455954425,114.83254591379796,4004300
2025-03-10,112.09368896484375,114.25244260639742,111.53259861398428,113.59625428664091,4238600
2025-03-11,111.4375,113.26340711208927,109.86835812799738,113.00664187200262,5521700
2025-03-12,110.05856323242188,112.22682887263933,109.99199392787169,111.87495840258264,3608400
2025-03-13,104.95172119140625,110.73376770723635,104.72348461342901,110.04905071779463,4802800
2025-03-14,106.40674591064453,106.78714506124105,105.08486448534214,106.28311927029254,4732700
2025-03-17,108.83177947998047,109.35482194104898,106.02634221321115,106.03585418683349,3436100
2025-03-18,107.82434844970703,109.37867969108487,107.11434854344971,109.2443555823366,3464200
2025-03-19,108.39042663574219,109.12920917755172,107.1719057591041,107.70920947326177,4121100
2025-03-20,107.52690887451172,109.30191215716088,107.17190528993615,108.05461591643292,3344200
2025-03-21,104.02487182617188,107.13353408253246,103.55473747979146,106.75933715528262,7526600
2025-03-24,105.79029083251953,105.95339762904852,103.73704256999358,104.85001477467259,5379400
2025-03-25,104.80204010009766,105.96298827069877,104.02487088299678,105.60798468658531,3467100
2025-03-26,106.62501525878906,107.05677757448159,105.04190872826007,105.15703948968644,3246100
2025-03-27,106.26042175292969,107.77637354469738,106.10690431168584,106.72096675654672,2825100
2025-03-28,105.97258758544922,107.09516382235174,105.47367050691533,106.50029467630574,3660200
2025-03-31,107.25826263427734,107.66123493539301,105.63676943964097,105.8382555901988,5071200
2025-04-01,106.93203735351562,108.16974421634578,105.62716844325038,107.97785474370671,3359900
2025-04-02,107.78596496582031,107.98745844135323,105.69434468954077,106.93204431280805,3230800
2025-04-03,97.47174835205078,104.94595876913812,97.07837270910655,103.7274451589083,7613200
2025-04-04,94.24796295166016,96.25323517695848,91.47511081735782,95.3225557919675,12661100
2025-04-07,90.68834686279297,95.14984671751559,87.95388157122565,92.73200564921245,12717900
2025-04-08,86.1213150024414,93.63389723350042,84.73968731851585,93.12538352208739,8177500
2025-04-09,94.23837280273438,94.80445195312502,81.89009239415131,84.38469250050031,17532000
2025-04-10,91.04335021972656,93.51876398074585,89.07645015656716,92.6072706724051,17204000
2025-04-11,92.32904052734375,92.50174399706998,88.76942971686901,90.21821952845487,6480100
2025-04-14,94.31512451171875,95.35133798515963,92.94309345732054,93.68187603117434,6844900
2025-04-15,94.48783111572266,95.46647923984335,94.12323083174216,94.85242407958822,6702200
2025-04-16,96.22444915771484,97.77878030240333,94.00809418112479,95.65836274596279,7334600
2025-04-17,97.96107482910156,99.47702664022032,96.90566802747867,96.98242674908042,6213100
2025-04-21,94.6317367553711,96.905664386615,93.16376103043571,96.43553004466838,4801500
2025-04-22,95.8982162475586,97.00159892270631,94.76605088594752,96.15727506595587,4794400
2025-04-23,97.3662109375,100.72432807396308,96.87688324798334,98.08580746674208,6911200
2025-04-24,99.16999816894531,99.51540509288652,96.87688445285002,97.8267498336311,4602300
2025-04-25,98.09539031982422,99.30431445851632,97.85552482596306,99.17958703694954,2828200
2025-04-28,99.1316146850586,99.87999388243045,97.74998704676332,98.16255600430348,3149600
2025-04-29,98.9205322265625,99.4674252819988,97.9131015034505,98.41201853011822,2520500
2025-04-30,98.05702209472656,98.89175674337113,96.15729126693518,98.28729826545838,7712300
2025-05-01,98.9013442993164,100.23499588807728,97.82674422861173,99.09323377046069,3956100
2025-05-02,101.13689422607422,101.62621458184502,100.17743221381333,100.90661807264937,4193700
2025-05-05,101.06014251708984,101.72216637378551,100.14864915015868,100.35973197871357,3246600
2025-05-06,100.26378631591797,101.23284505625895,99.40026898888712,100.47486914253824,6505100
2025-05-07,100.78189086914062,101.7221595439714,99.97593897060001,100.26378050296043,4741200
2025-05-08,101.21365356445312,102.11555026917293,99.2563500274676,100.90662598924646,3514500
2025-05-09,102.57609558105469,102.93109186956944,100.9737883270691,101.40555065974533,5506200
2025-05-12,105.85745239257812,108.37123834185378,105.54082815129671,106.45231419364839,10025000
2025-05-13,105.25297546386719,106.03014463933361,104.101624024818,105.73270645015667,4533900
2025-05-14,103.23810577392578,104.74446076331063,102.35540252462938,104.43743322789823,7699900
2025-05-15,104.80204010009766,105.07068829559354,102.29784363190282,103.12298155813407,3163500
2025-05-16,106.06853485107422,106.14528625344823,104.35109686599179,104.90757930374812,2768400
2025-05-19,106.16447448730469,106.32758127466123,103.9577089026521,104.39906055555976,2880300
2025-05-20,104.32231140136719,106.2220421517069,104.07284921996897,105.47366292762675,2689400
2025-05-21,100.42688751220703,103.81378725930051,100.12945662952274,103.46838034774456,2861600
2025-05-22,100.8298568725586,101.58783272199814,99.59215734891292,100.52282932899824,3492800
2025-05-23,99.82243347167969,100.60919206705732,98.84377807248154,100.1006783471335,3075500
2025-05-27,102.29784393310547,102.54729878959223,100.21580577165344,101.11770241928598,4067300
2025-05-28,103.54513549804688,103.62189421355095,102.16351521954373,102.55689082630255,4580500
2025-05-29,104.80204010009766,106.86487759556147,103.9864915236239,104.46622253561348,4585600
2025-05-30,104.19757843017578,104.66771279074771,102.44176110054548,104.30311984256544,7261600
2025-06-02,104.34149932861328,104.34149932861328,101.84689942937742,103.48757867833771,3958700
2025-06-03,104.60054779052734,105.08987547780204,103.37243755746603,103.92892729435769,3423200
2025-06-04,104.03446960449219,104.70609010647667,103.89054883403423,104.46622459575157,2436300
2025-06-05,103.44920349121094,104.58136906378866,103.027037824113,104.10163801303733,2632800
2025-06-06,104.37987518310547,105.560009381431,103.76582006915581,104.48541659207629,3644400
2025-06-09,104.51420593261719,105.59839546090276,104.09204026986906,104.84041953011176,3032300
2025-06-10,105.0514907836914,105.54081844611898,103.79459792463321,104.58135646024517,3771600
2025-06-11,104.10163116455078,105.67514832188968,103.83298296502187,105.55042089214109,3454900
2025-06-12,104.0440673828125,104.9459567350678,103.29568815259692,103.52595699571374,3526800
2025-06-13,102.93109130859375,103.56433979835506,101.93324986177016,103.00785003222205,3359400
2025-06-16,102.48973846435547,104.14001440305478,102.08676615005393,102.66244193050109,4537500
2025-06-17,101.79232025146484,102.8578086658674,101.02711659383046,102.13134332331344,3068100
2025-06-18,101.78263854980469,103.33242979013542,101.22083691581368,101.70514714029126,2599300
2025-06-20,102.37350463867188,102.93529892121981,101.82139124048666,102.21852180901172,6746300
2025-06-23,103.76830291748047,103.89422830165208,101.58890697283172,102.26694570071484,3118900
2025-06-24,104.73692321777344,105.19217599697839,103.03215660158496,103.64238480499462,2990100
2025-06-25,101.49205017089844,104.13638726668557,101.42424703459557,104.13638726668557,4926000
2025-06-26,101.11429595947266,101.81170391949776,100.25222428388275,101.4726882139267,4506500
2025-06-27,102.30569458007812,104.23324720620606,101.73420467183664,101.81169608142659,5732900
2025-06-30,101.8213882446289,102.52847706168178,100.20378641509441,102.13134650484137,7418000
2025-07-01,103.2355728149414,105.06626493595988,100.97868531675874,101.57923267640031,6626300
2025-07-02,104.9112777709961,105.05657231538054,102.78031575331607,103.39054397174569,3458900
2025-07-03,104.63037872314453,105.36653234113575,104.24293645155849,104.89191038545151,1549600
2025-07-07,102.99341583251953,105.579630700861,102.19914734669972,104.36885511942911,3837900
2025-07-08,103.49710083007812,104.95971988088634,102.43161973868985,102.51879203808168,2939000
2025-07-09,103.05152893066406,104.11700994607804,101.976359641568,103.76830599339891,4461200
2025-07-10,105.00814819335938,106.54825118603618,103.18713698895137,103.56489837923012,4765000
2025-07-11,105.74430084228516,105.74430084228516,103.11934010877557,103.35180696536264,3209800
2025-07-14,105.91864776611328,106.09299974771133,104.69818389492696,104.97908472027868,3582000
2025-07-15,105.21156311035156,106.65480561002283,104.795055992864,106.23829849253525,5309300
2025-07-16,106.7129135131836,110.90704184747554,105.59899851444725,109.21195605504688,12177900
2025-07-17,103.09027862548828,106.9938180018561,102.4316163993774,105.93802521925998,6612800
2025-07-18,103.4292984008789,103.80705981415146,102.40256300993177,103.80705981415146,4481500
2025-07-21,104.47541046142578,105.28904815557202,103.33243794584789,103.88455134972943,3838200
2025-07-22,105.763671875,105.93802385584392,104.32042204857457,104.82410883322933,5214700
2025-07-23,106.54824829101562,106.95506710180251,105.13406333686065,105.7152341222687,4215000
2025-07-24,106.27703857421875,107.07130705971014,105.79272834184626,106.3448417111514,6208800
2025-07-25,106.82915496826172,106.89695810711412,104.93065969040646,106.4998201581301,2150700
2025-07-28,103.75863647460938,106.81947358451255,103.71020249088149,106.5482610116084,2850600
2025-07-29,106.27703857421875,106.38358741653971,103.44866859076042,104.20419137086348,3812700
2025-07-30,105.08563995361328,106.92602045127484,104.21387999261692,106.45139845750559,3796500
2025-07-31,103.4292984008789,105.36653944945124,103.24525813646832,104.09764892743256,4136100
2025-08-01,101.61798095703125,103.9039185552227,100.83339332101139,103.81674625676938,6122800
2025-08-04,101.90855407714844,102.56721626206914,101.13366217076297,102.02479118860057,4631700
2025-08-05,103.68113708496094,104.20419303105514,101.99573951864927,102.38318179872991,3556700
2025-08-06,102.4122543334961,104.05890631781317,102.31538636619293,103.5745960412507,3706100
2025-08-07,102.95467376708984,104.10733452616152,102.00542242609177,103.60364772808485,2214900
2025-08-08,102.36380767822266,103.41960040323781,102.30569281702547,102.88686359895961,1841700
2025-08-11,100.81402587890625,102.53816922867043,100.67841959678915,102.10229294900667,3181500
2025-08-12,101.52110290527344,101.6470282882868,100.16504024195463,101.02711181648755,2847100
2025-08-13,102.8578109741211,103.19682666359,101.25958570663879,101.8213873577517,2679200
2025-08-14,102.52847290039062,102.98372569316031,100.80432968606185,101.99573608820353,2267900
2025-08-15,103.24524688720703,103.44866367833306,102.65439523055879,102.98372262573936,1924200
2025-08-18,102.13134765625,103.26463186511687,102.11197110790012,103.22588615840502,2035600
2025-08-19,107.28440856933594,107.39095741545566,103.67145085543066,104.09764623990957,3985500
2025-08-20,106.72260284423828,108.6017289061151,106.29640747598062,107.93337842225425,3227300
2025-08-21,104.98876953125,106.17048765754862,104.45602533005389,105.62806257268534,3045700
2025-08-22,108.75670623779297,109.59940871521357,105.71523852386731,105.80241820980147,3554100
2025-08-25,108.11742401123047,109.21196252738417,107.80746574355936,108.50486630332833,2022800
2025-08-26,107.85588836669922,109.27007337279029,107.5653066583173,108.07867432744767,4839100
2025-08-27,109.14415740966797,110.61645730693188,108.60173229856883,109.2410179809374,3451400
2025-08-28,109.10540771484375,109.39599680801754,107.90432041703484,109.25070226143065,2559100
2025-08-29,110.20964050292969,110.38399249042021,108.66953743842002,108.88263513312934,2827600
2025-09-02,107.80745697021484,109.04728994000196,107.52655615831192,108.72764342404476,3396000
2025-09-03,107.46844482421875,108.72765446894117,107.39096079822654,107.51687880670352,3333700
2025-09-04,109.07635498046875,109.27007612426803,107.04225341062453,107.7590305106674,2499500
2025-09-05,110.0837173461914,111.34291951693837,109.43474340811497,110.02559509308873,2595800
2025-09-08,109.99654388427734,110.19027242226646,108.1561708083034,108.65016195270242,2791100
2025-09-09,108.4564437866211,110.40337315450932,108.04962493064096,109.72533433788746,5307200
2025-09-10,107.49750518798828,108.76639566457507,107.12942467234605,108.39832253892071,3118900
2025-09-11,111.21699523925781,112.0403211101946,107.5168655667058,107.81713552916825,5039900
2025-09-12,111.73037719726562,112.27280972187805,110.58740467074446,111.25575520446945,3552200
2025-09-15,110.68426513671875,112.35998191165112,110.12247084355153,111.6722622195077,2717900
2025-09-16,111.43675231933594,112.26742030536106,110.31290388841327,111.28039488304209,2989900
2025-09-17,111.29993438720703,113.76262919521031,110.80153062389167,112.36514968873297,2869800
2025-09-18,112.54106140136719,113.16650607240588,111.29016460340121,111.70061872667983,3936000
2025-09-19,110.92858123779297,112.68764153802663,110.67449201615568,112.5606006551522,8647800
2025-09-22,111.33902740478516,111.85697305961332,109.45291877410301,110.58654186880409,2798700
2025-09-23,111.83743286132812,112.04265619241531,110.527902972058,111.3878949757245,2319000
2025-09-24,110.29336547851562,111.73970349731177,110.0197343644671,111.2119906092974,3274300
2025-09-25,110.63539123535156,111.17288618547924,110.03926318371461,110.3519854849104,2596400
2025-09-26,111.59310913085938,111.99378109025831,110.2835793492678,110.87970740974123,3021600
2025-09-29,111.64197540283203,112.25765284458488,111.03608008667959,111.99378895357982,2470900
2025-09-30,111.91560363769531,111.93515297661799,110.53767347917578,111.62243065684923,3617400
2025-10-01,113.83103942871094,113.87012319587669,111.21198713118831,111.71038344938013,2980900
2025-10-02,113.4792251586914,113.83103870806332,111.9351554093245,113.57694948776397,2935700
2025-10-03,114.39784240722656,115.51191615779246,113.3717257716466,113.75285587284606,3136900
2025-10-06,114.46624755859375,115.111241534075,113.72353671250333,114.33920667973601,2540200
2025-10-07,113.33262634277344,114.9451037458008,111.55401684733219,114.80828820429669,2969000
2025-10-08,113.3521728515625,114.09489114710668,112.13060014120803,113.38148940366891,2324500
2025-10-09,111.8471908569336,113.40103517265383,111.45629356663548,113.22512840966452,2276200
2025-10-10,108.700439453125,112.61923970433898,108.50498332774862,112.15015991521331,2924100
2025-10-13,110.15654754638672,110.46926987796932,108.84701765696117,109.4724623201264,2624300
2025-10-14,112.82445526123047,113.07854447874782,109.26723603954083,109.99041246971419,3150800
2025-10-15,119.96821594238281,120.47638691402777,113.86035233377994,114.01670976509833,7999900
2025-10-16,118.41437530517578,122.20614192498437,117.51529954299188,121.04320227127336,6320200
2025-10-17,121.2582015991211,121.53183270749032,118.41437660309401,118.52187560365171,5377000
2025-10-20,124.2876968383789,124.57110260803944,121.25819794211795,122.35272234258532,4181000
2025-10-21,123.124755859375,124.60041779701183,122.7827169879726,124.053155602768,2975600
2025-10-22,123.08566284179688,124.13132877962202,121.72727458955357,123.35930139081482,2727300
2025-10-23,122.90975952148438,123.83815927737382,122.11818277188576,123.05634974145516,2647900
2025-10-24,123.55474853515625,124.45382424616207,122.92930391394455,123.68178941087838,2965900
2025-10-27,124.18997192382812,124.22906314592987,122.97816640633872,123.92610803861339,2940900
2025-10-28,122.86090087890625,124.05315706402843,122.3038640086642,123.55475329932084,2922800
2025-10-29,120.66207122802734,122.74362851130634,120.17344212769898,121.94227708500337,3329800
2025-10-30,121.40479278564453,121.82501412136838,119.76299866652442,120.02685510714704,2367100
2025-10-31,121.2679672241211,122.07909332465081,120.19298468851787,120.88683712018802,3892700
2025-11-03,121.39501190185547,121.63932644602895,118.98118301247949,120.33957128161292,3336100
2025-11-04,121.18000793457031,122.79248533778046,120.3981984494115,121.18000793457031,3086900
2025-11-05,121.00411224365234,122.20614313227527,120.75002301934639,121.78592180033749,4179300
2025-11-06,121.18000793457031,122.52862146778703,120.3981984494115,121.36568936487028,3575300
2025-11-07,122.7436294555664,122.7729460088695,120.66207215627409,121.28751681303484,2322100
2025-11-10,122.05955505371094,123.10522106701991,120.8477569298502,122.57750072536557,2101300
2025-11-11,123.38861846923828,123.53520868572272,121.84454877326002,122.37226907907113,2068000
2025-11-12,122.00090789794922,123.52543573232177,121.95204946236778,122.86089987013071,2687000
2025-11-13,121.18000793457031,121.9911339706422,120.49593022697222,121.26795758730957,3761000
2025-11-14,120.03662109375,122.17681138543708,119.88025620996002,121.18001134688409,3651800
2025-11-17,120.71092987060547,121.854327633801,119.61640545576992,120.72070454027747,3111000
2025-11-18,120.98455810546875,121.42432127663062,119.52843814002894,120.49592904600546,6382500
2025-11-19,119.61640930175781,121.44387742709519,118.63915106801124,120.98457232018075,5119100
2025-11-20,120.32003021240234,122.6947678960645,120.10503221913353,120.8379758566109,3087200
2025-11-21,122.92930603027344,123.6231584358789,119.8216247531755,120.94547313922476,3709000
2025-11-24,123.57429504394531,124.65905223044558,122.50908719652678,123.58406971348619,10057900
2025-11-25,124.492919921875,125.51904400121016,123.39838806764338,123.57429483964688,3158000
2025-11-26,125.24541473388672,126.33993914824228,123.11499155551674,124.6101954114763,2183000
2025-11-28,125.60699462890625,126.38880416737672,124.99132465008537,125.0890489784221,1343800
2025-12-01,125.99788665771484,126.81879484015589,124.268150461337,124.6981389791619,2706200
2025-12-02,125.99788665771484,126.9165117085059,125.31380893216067,126.9165117085059,3458200
2025-12-03,126.25198364257812,126.58424783701044,125.11836060204612,125.8904028963886,3294300
2025-12-04,125.26494598388672,127.48332622121636,125.11836322203126,126.21288760862235,3902300
2025-12-05,125.06950378417969,125.9001717368843,124.86427300745075,125.26494497979095,3242200
2025-12-08,123.78929138183594,125.05972999316906,123.73065827715195,124.60041745744265,2927900
2025-12-09,124.55155181884766,125.31381200483798,123.9651984031542,124.50269338347465,4358400
2025-12-10,126.76016235351562,127.59082284152424,124.42450849430155,124.84472980086876,3479900
2025-12-11,127.59083557128906,128.35309581834835,127.0142567788325,127.1608395525833,3702700
2025-12-12,127.2194595336914,128.70489610544624,126.857878787901,128.61694645027174,2721600
2025-12-15,127.68856048583984,128.13809090898758,126.08585762809767,128.13809090898758,2863300
2025-12-16,125.6794204711914,128.0923520215286,125.47259841093147,127.29460871567295,3248500
2025-12-17,126.1324691772461,127.07793716891663,125.16728452465632,125.59077946599326,4780100
2025-12-18,125.72866821289062,127.82643377025781,125.66957082799942,126.94005565057509,3559200
2025-12-19,125.30516815185547,126.51656305401171,124.99985296531223,126.33927842055365,8629400
2025-12-22,125.65972137451172,126.42791976068722,125.28547299800792,125.34456286956866,2859800
2025-12-23,125.83699798583984,126.03397674685164,125.29532329949318,125.39380892301335,2114000
2025-12-24,127.19611358642578,127.51127959404047,126.06351768093806,126.22110068474541,1050000
2025-12-26,126.76278686523438,127.5408285506617,126.11276822498803,127.24536416619128,1090300
2025-12-29,126.5362548828125,127.68855245006993,126.09306582278161,127.22566175707642,2637800
2025-12-30,127.05823516845703,127.18627324051944,126.29003679196798,126.53625460566172,1757500
2025-12-31,125.72866821289062,127.50143948019883,125.69911576345933,127.1468852267372,2761200
2026-01-02,127.0976333618164,127.35369446777908,125.31501135231784,125.80744696005216,3280500
2026-01-05,127.72795867919922,128.83100970361156,125.82715680866407,126.75293070215704,3265300
2026-01-06,125.53169250488281,127.97417658655414,124.43848478246208,127.28476969582555,3927000
2026-01-07,124.98016357421875,127.40294595619628,124.81273726447382,125.99457976310678,3698700
2026-01-08,126.44761657714844,127.36355463527832,124.09377493933742,124.44832918313894,3295800
2026-01-09,127.44232940673828,127.78704034369775,126.29003188676089,126.37868171748387,2405600
2026-01-12,127.10748291015625,128.08251087144365,126.83172015850903,127.19611771719796,2055500
2026-01-13,128.2499237060547,128.2499237060547,125.43319158626922,127.12717118434671,3105800
2026-01-14,130.2098388671875,130.21968216995265,127.84613877250207,128.58479223435194,2745900
2026-01-15,130.7416534423828,132.02198902405482,130.20982959999645,130.64316030996878,2795000
2026-01-16,131.1947021484375,132.89852515536876,130.06209122591008,130.56438516721803,4652300
2026-01-20,128.8310089111328,130.37726402428933,128.41736477952264,129.88482838742823,5632500
2026-01-21,129.156005859375,132.48487525453305,126.77261940869114,132.48487525453305,6036200
2026-01-22,124.7536392211914,129.057521767403,124.52712304190202,128.72266914968083,6072600
2026-01-23,125.22637939453125,125.46274638770161,123.76876665637627,125.0097065199704,4134700
2026-01-26,124.51727294921875,126.64459095068658,124.42863062908977,126.4279180725617,3350900
2026-01-27,126.7529296875,126.8908110644478,123.57179968709812,124.41878958204688,3019700
2026-01-28,125.20668029785156,127.2847667668782,124.75364042094459,126.81201774302006,3859700
2026-01-29,128.4370574951172,128.535535598886,125.34455499749575,126.506703320356,4510700
2026-01-30,128.5847930908203,128.73253280094022,126.86126833502405,127.37340561314191,4835900
2026-02-02,127.71810150146484,129.6681574731529,127.6393250229612,128.56509141083978,2383600
2026-02-03,129.88482666015625,130.40680722605202,127.55067155347406,127.55067155347406,3058300
2026-02-04,132.80003356933594,133.07579631258625,130.77120123201908,130.8992393013647,3888800
2026-02-05,134.0803680419922,134.89781296253184,131.48030860772124,132.30759683045693,3746800
2026-02-06,134.87811279296875,135.40995167616833,133.60763551055632,134.9372026626704,3120600
2026-02-09,135.203125,135.40995457632795,133.0955011104943,134.30688854915013,2047300
2026-02-10,138.35470581054688,138.82745481979418,135.41979376086258,135.83343787299722,2831200
2026-02-11,137.7637939453125,139.7039914915474,137.71454737769355,138.07894492777723,3623400
2026-02-12,134.31674194335938,139.8024668303891,133.5682301974359,138.54183286960895,5147200
2026-02-13,136.86756896972656,138.34487595433646,134.75994493946754,135.44935186003008,3096500
2026-02-17,139.6251983642578,139.80246797209227,137.0251389204225,137.74409070987733,3079400
2026-02-18,137.517578125,139.43807406638786,136.6114983738822,139.01457161226796,2751500
2026-02-19,136.93649291992188,137.67514636245036,136.09936136848856,137.00544112130373,1772600
2026-02-20,139.36912536621094,139.38882699906156,136.56225131667472,136.85771569766345,2408800
2026-02-23,138.61077880859375,140.24565358773847,137.85242377288262,139.19184921286632,3942300
2026-02-24,138.1774444580078,139.07368093514685,137.25166304451855,138.28578090060643,2359700
2026-02-25,137.91151428222656,138.81759399173293,137.48802687549792,138.27591182084814,2865400
2026-02-26,140.50173950195312,140.68886744841262,138.2266892643518,138.31532407227166,3221700
2026-02-27,140.41310119628906,141.7722133010334,139.80247080285176,139.9698971118441,5263800
2026-03-02,140.56082153320312,140.85628590439757,137.54711800849253,138.8668418348266,3204600
2026-03-03,138.86685180664062,139.25095100839232,135.7349683197334,137.38954487252744,2590700
2026-03-04,137.3107452392578,139.06381482841425,135.96147646156635,138.91609015492335,3018600
2026-03-05,135.76451110839844,135.97132566025428,134.19855436177485,135.83344428303604,4350800
2026-03-06,132.50457763671875,133.86370483501426,130.88938931135823,133.72582345460336,5286600
2026-03-09,133.1053466796875,134.00158314579957,127.91508588544572,131.0174243875961,4635400
2026-03-10,134.10008239746094,135.78420393724863,131.8348753582446,132.75079847147234,4050400
2026-03-11,132.36668395996094,133.56822803247002,131.5787990182006,133.41066006088312,2971300
2026-03-12,129.90451049804688,130.88938173769225,128.03326115389768,130.88938173769225,4745800
2026-03-13,129.7567901611328,131.76592094488126,129.4022359018898,131.20455213404657,2342900
2026-03-16,132.0417022705078,133.15459661937768,130.57423862493636,131.4507734799297,2170200
2026-03-17,132.25018310546875,134.68252698867897,132.23032297062517,133.56066417710335,2518800
2026-03-18,130.25465393066406,132.27002584093398,129.95681250845524,131.4460044706553,2754200
2026-03-19,130.14544677734375,130.58227884630145,128.82502807757402,129.7185523501268,2767300
2026-03-20,127.08763885498047,130.17523085066657,126.37283306295896,129.92703218589708,5564200
2026-03-23,129.37106323242188,131.66441635818796,128.47755414277188,130.00645117700142,4179100
2026-03-24,129.41078186035156,130.69148022580066,127.47482027590222,127.85208707063074,3196400
2026-03-25,129.42071533203125,130.84040445563255,128.56691129968573,130.13552871487144,3957400
2026-03-26,128.80517578125,129.9667436356824,128.04071970396188,128.556977133324,3058400
2026-03-27,127.97122192382812,129.41078625838716,127.60389275785192,128.28892347731102,3005200
2026-03-30,127.85208892822266,129.97666879206142,127.18691835600866,129.75825276550236,3327100
2026-03-31,131.2275848388672,132.27995985499078,128.7654584372269,129.56961965094675,4336100
2026-04-01,132.3693084716797,133.16354719726374,130.45320697812653,130.83047378126878,3707900
2026-04-02,132.80613708496094,133.81877666370355,130.79076527098914,131.75377723910492,3427100
2026-04-06,131.39637756347656,133.1238305536478,131.1779615292731,132.53808534775857,2602900
2026-04-07,132.26010131835938,132.33952670631908,129.91710539450122,131.19780379684752,2301000
2026-04-08,136.41990661621094,137.22406780067925,134.1066934313129,135.1193481426789,3961700
2026-04-09,137.0255126953125,139.09052724744092,135.56610344524503,135.70509408102083,3568200
2026-04-10,136.2014923095703,137.8098146987283,135.23848034477138,137.40276528085593,4027300
2026-04-13,136.16177368164062,136.21141644153735,134.05705397184218,135.9632177908972,4253100
2026-04-14,137.36306762695312,137.83960481466445,135.92351842211332,136.16177944154694,3982700
2026-04-15,138.76290893554688,138.8919619355437,136.49933840314569,136.7872421788165,4747200
2026-04-16,141.14561462402344,143.96514781530337,140.4407389006256,141.61222932490676,4835600
2026-04-17,144.05450439453125,144.3920509272023,141.2250336881659,141.49309247533105,4432800
2026-04-20,143.98500061035156,144.15377387564408,142.30717530106728,143.65737657225077,2858600
2026-04-21,140.8974151611328,144.22328330409516,140.32159244524576,144.20342316938343,4323300
2026-04-22,140.40101623535156,142.1880496179402,139.62663762770381,141.91999082334092,3612600
2026-04-23,141.3143768310547,143.02198471995283,140.01381835553363,140.738554156999,3799800
2026-04-24,141.0761260986328,143.2404111683926,140.2322445849556,141.2945421339647,3265700
2026-04-27,139.0111083984375,142.24761344014755,138.8919627415687,139.82519211801446,2823500
2026-04-28,140.51022338867188,141.12575121434332,138.79269291291016,140.40101537293884,4046700
2026-04-29,137.81976318359375,140.1925418358883,137.15457742456613,138.71327232590681,3526200
2026-04-30,140.9967041015625,141.45338116908653,137.59141048610243,138.26651874305887,3859500
2026-05-01,140.39109802246094,141.75122187371926,139.8053528024579,141.6817341241679,2842100
2026-05-04,137.7601776123047,139.86491253228243,137.0354417729915,139.32879494792397,2480000
2026-05-05,139.25930786132812,139.447941266021,137.0056597954798,137.99845443167894,2091200
2026-05-06,141.87034606933594,142.77379281518634,140.43079689065917,140.57972517394256,3322000
2026-05-07,141.26473999023438,143.3595372469969,141.18532975151794,142.34689764050327,3902300
2026-05-08,143.05177307128906,143.468744993569,141.33424262143132,141.9497704378193,3267100
2026-05-11,143.0319366455078,144.29277498040994,142.64473217788677,143.27019767315818,2685800
2026-05-12,142.72415161132812,143.89565716079568,141.77107724282823,143.29005182606065,2564000
2026-05-13,140.97683715820312,142.93264378702372,140.83784651625442,142.16818768188398,3062800
2026-05-14,141.632080078125,142.2476078773078,140.82791888271697,141.50301193358283,2484000
2026-05-15,139.51742553710938,140.95697469396328,139.16001887102865,140.1230308560561,2970100
2026-05-18,141.28460693359375,141.8008644031941,139.98404834090823,140.10317885356812,2980200
2026-05-19,141.41366577148438,141.60229916999785,139.77554558611223,140.90733082834961,3523000
2026-05-20,143.6375274658203,143.65738760115693,140.24217146780217,140.74850645139563,2834800
2026-05-21,143.587890625,144.24312356056208,141.77107465397145,143.2801267168577,2789600
2026-05-22,144.84872436523438,145.21606866409797,143.35953248286867,144.38210969685232,2327700
2026-05-26,145.88124084472656,146.86409780277225,145.4543312896297,145.93088360446015,2480300
2026-05-27,145.4642791748047,146.4074310807884,144.97780433330618,145.97059900251946,3119800
2026-05-28,144.59060668945312,146.04009348850167,143.4786815716144,144.3721906629,2891900
2026-05-29,142.43624877929688,144.4913258148728,141.1952554743604,144.2431271538855,7950600
2026-06-01,138.018310546875,141.12574736647335,137.91902502660878,140.56978481020693,2981600
2026-06-02,139.39830017089844,139.41814515669202,136.23128281974763,138.00837857429727,3130900
2026-06-03,140.7981414794922,141.63208533167517,137.9885308630921,138.28635713255474,4049000
2026-06-04,142.75393676757812,143.34961962007668,140.47052118030354,142.57524100113508,3652900
2026-06-05,143.49853515625,144.6700407460447,141.52288345518235,141.54274359028923,5442300
2026-06-08,141.751220703125,144.1140768475599,141.00662470623274,143.45882873457208,3967200
2026-06-09,146.45706176757812,147.22150269267067,141.9696259910791,143.1609764661307,5184800
2026-06-10,144.7196807861328,147.03289414511084,144.68989815845515,146.60598456699074,3054400
2026-06-11,146.1294403076172,147.39029369741775,144.66010853415625,145.95072940135057,3493700
2026-06-12,147.66827392578125,148.62134825628746,146.78468733972036,147.34064989065618,2452700
2026-06-15,147.4300079345703,149.0978957023848,147.17188677493553,148.16468144116158,4177600
2026-06-16,146.1199951171875,148.4600067138672,145.32000732421875,148.02999877929688,3215000
2026-06-17,140.94000244140625,146.1199951171875,140.58999633789062,145.02999877929688,4444700
2026-06-18,140.5399932861328,141.49000549316406,139.42999267578125,139.9499969482422,6701200
2026-06-22,143.8300018310547,144.80999755859375,140.30999755859375,140.66000366210938,4225000
2026-06-23,145.25,146.16000366210938,143.38999938964844,143.61000061035156,3117300
2026-06-24,140.8699951171875,145.5500030517578,137.6699981689453,145.1699981689453,5992800
2026-06-25,140.52999877929688,142.3699951171875,138.36000061035156,141.85000610351562,3912100
2026-06-26,139.97000122070312,141.8699951171875,138.97999572753906,141.4600067138672,6244600
2026-06-29,138.88999938964844,139.5,136.80999755859375,139.05999755859375,3343900
2026-06-30,135.47000122070312,138.3699951171875,135.22000122070312,137.5399932861328,5578200
2026-07-01,136.8000030517578,138.8000030517578,135.10000610351562,135.67999267578125,3140200
2026-07-02,139.42999267578125,139.5,136.86000061035156,138.36000061035156,2906800
2026-07-06,140.1999969482422,140.27999877929688,138.10000610351562,139.2100067138672,3153600
2026-07-07,143.61000061035156,143.86000061035156,140.41000366210938,140.80999755859375,3481900
2026-07-08,141.0,143.0800018310547,140.25999450683594,142.44000244140625,3986400
2026-07-09,141.36000061035156,142.6999969482422,140.72999572753906,141.02000427246094,3679000
2026-07-10,140.8699951171875,142.75,138.77999877929688,142.61000061035156,2403200
2026-07-13,142.16000366210938,142.89999389648438,140.64999389648438,141.3800048828125,2831800
2026-07-14,142.49000549316406,143.41000366210938,141.5800018310547,142.0,3588400
2026-07-15,143.4199981689453,144.33999633789062,141.6199951171875,143.00999450683594,4867200
2026-07-16,150.05999755859375,150.05999755859375,144.19000244140625,145.0,6237700
2026-07-17,149.7899932861328,153.35000610351562,148.0,150.0500030517578,4817900
2026-07-20,147.47999572753906,149.61000061035156,146.47000122070312,149.0,3110700
2026-07-21,149.94000244140625,150.02000427246094,146.72000122070312,148.11000061035156,3263900
2026-07-22,144.6999969482422,149.07000732421875,144.10000610351562,148.64999389648438,6649300
2026-07-23,145.1199951171875,145.7899932861328,142.32000732421875,143.47000122070312,7444400
2026-07-24,147.6300048828125,148.35000610351562,144.0,145.10000610351562,6395400
2026-07-27,147.25999450683594,147.8300018310547,145.35000610351562,147.2899932861328,4110500
2026-07-28,147.1199951171875,149.16000366210938,146.0399932861328,147.00999450683594,5669200
